# BLOCK:     DISTANCE:    ACTUAL_GOFR:    GOFR_AVE:    ERROR:
           1   0.0128248           0           0           0
           1   0.0384745           0           0           0
           1   0.0641241           0           0           0
           1   0.0897737           0           0           0
           1    0.115423           0           0           0
           1    0.141073           0           0           0
           1    0.166723           0           0           0
           1    0.192372           0           0           0
           1    0.218022           0           0           0
           1    0.243672           0           0           0
           1    0.269321           0           0           0
           1    0.294971           0           0           0
           1     0.32062           0           0           0
           1     0.34627           0           0           0
           1     0.37192           0           0           0
           1    0.397569           0           0           0
           1    0.423219           0           0           0
           1    0.448869           0           0           0
           1    0.474518           0           0           0
           1    0.500168           0           0           0
           1    0.525818           0           0           0
           1    0.551467           0           0           0
           1    0.577117           0           0           0
           1    0.602767           0           0           0
           1    0.628416           0           0           0
           1    0.654066           0           0           0
           1    0.679715           0           0           0
           1    0.705365           0           0           0
           1    0.731015           0           0           0
           1    0.756664           0           0           0
           1    0.782314           0           0           0
           1    0.807964           0           0           0
           1    0.833613           0           0           0
           1    0.859263           0           0           0
           1    0.884913  0.00172406  0.00172406           0
           1    0.910562   0.0205963   0.0205963           0
           1    0.936212    0.168418    0.168418           0
           1    0.961861    0.581064    0.581064           0
           1    0.987511      1.2129      1.2129           0
           1     1.01316     1.87253     1.87253           0
           1     1.03881     2.31485     2.31485           0
           1     1.06446     2.51559     2.51559           0
           1     1.09011     2.54103     2.54103           0
           1     1.11576     2.36038     2.36038           0
           1     1.14141     2.13833     2.13833           0
           1     1.16706     1.95618     1.95618           0
           1     1.19271     1.72546     1.72546           0
           1     1.21836     1.55872     1.55872           0
           1     1.24401     1.41445     1.41445           0
           1     1.26966     1.27982     1.27982           0
           1     1.29531     1.16153     1.16153           0
           1     1.32096     1.06308     1.06308           0
           1     1.34661    0.974826    0.974826           0
           1     1.37226    0.867967    0.867967           0
           1     1.39791    0.801091    0.801091           0
           1     1.42355    0.773554    0.773554           0
           1      1.4492    0.734973    0.734973           0
           1     1.47485    0.709375    0.709375           0
           1      1.5005    0.698427    0.698427           0
           1     1.52615    0.684077    0.684077           0
           1      1.5518    0.665593    0.665593           0
           1     1.57745    0.672373    0.672373           0
           1      1.6031    0.670434    0.670434           0
           1     1.62875    0.680059    0.680059           0
           1      1.6544    0.698992    0.698992           0
           1     1.68005     0.73022     0.73022           0
           1      1.7057    0.765152    0.765152           0
           1     1.73135    0.790239    0.790239           0
           1       1.757    0.818696    0.818696           0
           1     1.78265    0.833033    0.833033           0
           1      1.8083    0.866091    0.866091           0
           1     1.83395    0.932773    0.932773           0
           1      1.8596    0.959615    0.959615           0
           1     1.88525     1.01767     1.01767           0
           1      1.9109     1.04989     1.04989           0
           1     1.93655     1.08207     1.08207           0
           1      1.9622     1.13069     1.13069           0
           1     1.98785     1.14876     1.14876           0
           1      2.0135     1.20171     1.20171           0
           1     2.03915     1.23839     1.23839           0
           1      2.0648     1.25138     1.25138           0
           1     2.09045     1.22006     1.22006           0
           1      2.1161     1.20765     1.20765           0
           1     2.14174     1.18864     1.18864           0
           1     2.16739     1.17229     1.17229           0
           1     2.19304     1.14898     1.14898           0
           1     2.21869     1.12676     1.12676           0
           1     2.24434      1.0892      1.0892           0
           1     2.26999     1.06328     1.06328           0
           1     2.29564     1.04415     1.04415           0
           1     2.32129     1.00448     1.00448           0
           1     2.34694     0.98134     0.98134           0
           1     2.37259    0.964677    0.964677           0
           1     2.39824    0.937367    0.937367           0
           1     2.42389    0.928105    0.928105           0
           1     2.44954    0.905325    0.905325           0
           1     2.47519    0.913186    0.913186           0
           1     2.50084     0.90616     0.90616           0
           1     2.52649    0.883034    0.883034           0
           1     2.55214    0.879977    0.879977           0

           2   0.0128248           0           0           0
           2   0.0384745           0           0           0
           2   0.0641241           0           0           0
           2   0.0897737           0           0           0
           2    0.115423           0           0           0
           2    0.141073           0           0           0
           2    0.166723           0           0           0
           2    0.192372           0           0           0
           2    0.218022           0           0           0
           2    0.243672           0           0           0
           2    0.269321           0           0           0
           2    0.294971           0           0           0
           2     0.32062           0           0           0
           2     0.34627           0           0           0
           2     0.37192           0           0           0
           2    0.397569           0           0           0
           2    0.423219           0           0           0
           2    0.448869           0           0           0
           2    0.474518           0           0           0
           2    0.500168           0           0           0
           2    0.525818           0           0           0
           2    0.551467           0           0           0
           2    0.577117           0           0           0
           2    0.602767           0           0           0
           2    0.628416           0           0           0
           2    0.654066           0           0           0
           2    0.679715           0           0           0
           2    0.705365           0           0           0
           2    0.731015           0           0           0
           2    0.756664           0           0           0
           2    0.782314           0           0           0
           2    0.807964           0           0           0
           2    0.833613           0           0           0
           2    0.859263           0           0           0
           2    0.884913 0.000972075  0.00134807 0.000265866
           2    0.910562   0.0254292   0.0230128   0.0017087
           2    0.936212    0.184903     0.17666  0.00582818
           2    0.961861    0.596806    0.588935  0.00556541
           2    0.987511     1.24173     1.22731   0.0101904
           2     1.01316     1.91697     1.89475   0.0157112
           2     1.03881     2.35546     2.33515   0.0143568
           2     1.06446     2.54188     2.52873  0.00929478
           2     1.09011     2.52799     2.53451  0.00461075
           2     1.11576     2.39566     2.37802   0.0124735
           2     1.14141     2.19223     2.16528   0.0190559
           2     1.16706     1.91178     1.93398    0.015696
           2     1.19271     1.73579     1.73062  0.00365175
           2     1.21836     1.55186     1.55529  0.00242544
           2     1.24401      1.3704     1.39243   0.0155732
           2     1.26966     1.22601     1.25292   0.0190234
           2     1.29531     1.11266     1.13709   0.0172787
           2     1.32096     1.00136     1.03222   0.0218205
           2     1.34661    0.923049    0.948938    0.018306
           2     1.37226    0.850897    0.859432  0.00603514
           2     1.39791    0.800253    0.800672 0.000296242
           2     1.42355    0.762491    0.768022  0.00391159
           2      1.4492    0.725433    0.730203  0.00337298
           2     1.47485    0.708859    0.709117 0.000182094
           2      1.5005    0.692768    0.695598  0.00200055
           2     1.52615    0.688511    0.686294  0.00156759
           2      1.5518    0.698422    0.682007   0.0116066
           2     1.57745    0.698128    0.685251  0.00910578
           2      1.6031    0.703738    0.687086   0.0117748
           2     1.62875    0.700904    0.690481  0.00736974
           2      1.6544    0.717999    0.708495  0.00671998
           2     1.68005    0.746167    0.738193   0.0056384
           2      1.7057    0.765384    0.765268  8.2034e-05
           2     1.73135    0.794015    0.792127  0.00133493
           2       1.757    0.836562    0.827629   0.0063167
           2     1.78265     0.86477    0.848902    0.011221
           2      1.8083    0.874076    0.870083  0.00282329
           2     1.83395    0.923429    0.928101  0.00330351
           2      1.8596     1.00095     0.98028   0.0146127
           2     1.88525     1.01207     1.01487  0.00198029
           2      1.9109     1.05608     1.05299  0.00218755
           2     1.93655     1.09978     1.09092  0.00626266
           2      1.9622     1.12792      1.1293 0.000979958
           2     1.98785     1.15435     1.15155  0.00197649
           2      2.0135     1.18196     1.19183  0.00698308
           2     2.03915     1.19972     1.21906   0.0136708
           2      2.0648     1.21541      1.2334   0.0127174
           2     2.09045     1.18875      1.2044   0.0110697
           2      2.1161      1.1989     1.20327  0.00309597
           2     2.14174     1.18244     1.18554  0.00219197
           2     2.16739     1.16276     1.16752  0.00336842
           2     2.19304     1.14701     1.14799 0.000696874
           2     2.21869     1.12403     1.12539 0.000966607
           2     2.24434     1.06731     1.07825   0.0077396
           2     2.26999      1.0707     1.06699  0.00262439
           2     2.29564     1.04391     1.04403 8.57604e-05
           2     2.32129     1.01005     1.00727  0.00196966
           2     2.34694     0.99023    0.985785  0.00314288
           2     2.37259     0.95667    0.960673  0.00283082
           2     2.39824    0.928687    0.933027  0.00306902
           2     2.42389    0.925907    0.927006 0.000777033
           2     2.44954    0.908066    0.906696 0.000969042
           2     2.47519    0.890263    0.901724  0.00810474
           2     2.50084    0.907345    0.906752 0.000418971
           2     2.52649    0.896582    0.889808  0.00479005
           2     2.55214    0.903056    0.891516  0.00815978

           3   0.0128248           0           0           0
           3   0.0384745           0           0           0
           3   0.0641241           0           0           0
           3   0.0897737           0           0           0
           3    0.115423           0           0           0
           3    0.141073           0           0           0
           3    0.166723           0           0           0
           3    0.192372           0           0           0
           3    0.218022           0           0           0
           3    0.243672           0           0           0
           3    0.269321           0           0           0
           3    0.294971           0           0           0
           3     0.32062           0           0           0
           3     0.34627           0           0           0
           3     0.37192           0           0           0
           3    0.397569           0           0           0
           3    0.423219           0           0           0
           3    0.448869           0           0           0
           3    0.474518           0           0           0
           3    0.500168           0           0           0
           3    0.525818           0           0           0
           3    0.551467           0           0           0
           3    0.577117           0           0           0
           3    0.602767           0           0           0
           3    0.628416           0           0           0
           3    0.654066           0           0           0
           3    0.679715           0           0           0
           3    0.705365           0           0           0
           3    0.731015           0           0           0
           3    0.756664           0           0           0
           3    0.782314           0           0           0
           3    0.807964           0           0           0
           3    0.833613           0           0           0
           3    0.859263           0           0           0
           3    0.884913 0.000568572  0.00108824 0.000276448
           3    0.910562   0.0296905   0.0252387  0.00214494
           3    0.936212    0.189982    0.181101  0.00531443
           3    0.961861    0.598311     0.59206  0.00450318
           3    0.987511     1.21567     1.22343  0.00749626
           3     1.01316     1.84632     1.87861    0.016835
           3     1.03881      2.3399     2.33673  0.00965793
           3     1.06446     2.56183     2.53977   0.0109333
           3     1.09011     2.53441     2.53448  0.00307396
           3     1.11576      2.4413     2.39911   0.0191253
           3     1.14141     2.21518     2.18192    0.018597
           3     1.16706     1.94946     1.93914   0.0112804
           3     1.19271     1.72479     1.72868  0.00290604
           3     1.21836     1.54885     1.55315  0.00238453
           3     1.24401     1.40367     1.39617   0.0108241
           3     1.26966     1.22262     1.24282   0.0151273
           3     1.29531     1.11769     1.13063   0.0126718
           3     1.32096    0.994439     1.01963   0.0178143
           3     1.34661    0.925655    0.941177   0.0137511
           3     1.37226    0.861537    0.860134  0.00406402
           3     1.39791    0.817166     0.80617  0.00449328
           3     1.42355    0.777906    0.771317  0.00374648
           3      1.4492    0.738468    0.732958  0.00318059
           3     1.47485    0.718883    0.712372  0.00266072
           3      1.5005    0.693757    0.694984  0.00142466
           3     1.52615    0.680698    0.684429  0.00184715
           3      1.5518    0.686594    0.683536  0.00783779
           3     1.57745    0.680852    0.683784  0.00618743
           3      1.6031      0.6843    0.686157  0.00788637
           3     1.62875    0.680617    0.687193  0.00559888
           3      1.6544    0.713722    0.710237  0.00470041
           3     1.68005    0.726637    0.734341  0.00490122
           3      1.7057    0.748826    0.759787  0.00447524
           3     1.73135    0.790205    0.791486  0.00103222
           3       1.757    0.816616    0.823958  0.00516891
           3     1.78265    0.839193    0.845665  0.00793361
           3      1.8083    0.883876    0.874681  0.00419924
           3     1.83395    0.916199    0.924133  0.00391701
           3      1.8596    0.971298    0.977286   0.0100438
           3     1.88525     1.01963     1.01646  0.00184977
           3      1.9109     1.06888     1.05829   0.0045658
           3     1.93655     1.09582     1.09256  0.00438296
           3      1.9622     1.13432     1.13098  0.00151427
           3     1.98785     1.17784     1.16031  0.00727475
           3      2.0135     1.19586     1.19317  0.00478241
           3     2.03915     1.21355     1.21722  0.00923623
           3      2.0648     1.23435     1.23372  0.00848225
           3     2.09045     1.24502     1.21794   0.0132911
           3      2.1161     1.22276     1.20977  0.00569011
           3     2.14174     1.20239     1.19116  0.00481377
           3     2.16739     1.17288     1.16931  0.00267693
           3     2.19304      1.1474     1.14779 0.000491668
           3     2.21869     1.12076     1.12385  0.00141582
           3     2.24434     1.09084     1.08245  0.00619399
           3     2.26999     1.05906     1.06435  0.00277809
           3     2.29564     1.01319     1.03375  0.00839381
           3     2.32129    0.981337    0.998622  0.00717785
           3     2.34694    0.978034    0.983201   0.0029733
           3     2.37259    0.967254    0.962867  0.00260176
           3     2.39824    0.933254    0.933103  0.00204695
           3     2.42389     0.91561    0.923207  0.00314455
           3     2.44954    0.913014    0.908802  0.00183698
           3     2.47519    0.892931    0.898793  0.00590952
           3     2.50084    0.886356    0.899954  0.00555807
           3     2.52649     0.87701    0.885542  0.00472545
           3     2.55214    0.888425    0.890486  0.00550455

           4   0.0128248           0           0           0
           4   0.0384745           0           0           0
           4   0.0641241           0           0           0
           4   0.0897737           0           0           0
           4    0.115423           0           0           0
           4    0.141073           0           0           0
           4    0.166723           0           0           0
           4    0.192372           0           0           0
           4    0.218022           0           0           0
           4    0.243672           0           0           0
           4    0.269321           0           0           0
           4    0.294971           0           0           0
           4     0.32062           0           0           0
           4     0.34627           0           0           0
           4     0.37192           0           0           0
           4    0.397569           0           0           0
           4    0.423219           0           0           0
           4    0.448869           0           0           0
           4    0.474518           0           0           0
           4    0.500168           0           0           0
           4    0.525818           0           0           0
           4    0.551467           0           0           0
           4    0.577117           0           0           0
           4    0.602767           0           0           0
           4    0.628416           0           0           0
           4    0.654066           0           0           0
           4    0.679715           0           0           0
           4    0.705365           0           0           0
           4    0.731015           0           0           0
           4    0.756664           0           0           0
           4    0.782314           0           0           0
           4    0.807964           0           0           0
           4    0.833613           0           0           0
           4    0.859263           0           0           0
           4    0.884913  0.00106378  0.00108212 0.000207404
           4    0.910562   0.0268843   0.0256501  0.00164769
           4    0.936212    0.180986    0.181072   0.0039859
           4    0.961861    0.569545    0.586432  0.00593034
           4    0.987511     1.21583     1.22153  0.00585802
           4     1.01316      1.8785     1.87858   0.0126262
           4     1.03881     2.34959     2.33995  0.00775955
           4     1.06446     2.56319     2.54562  0.00964112
           4     1.09011      2.5272     2.53266  0.00279177
           4     1.11576     2.35959     2.38923   0.0167019
           4     1.14141     2.16801     2.17844    0.014269
           4     1.16706     1.98776     1.95129    0.013505
           4     1.19271     1.75408     1.73503  0.00591598
           4     1.21836     1.56134      1.5552  0.00251977
           4     1.24401     1.37181     1.39008  0.00968116
           4     1.26966     1.24487     1.24333   0.0113542
           4     1.29531     1.11287     1.12619   0.0102518
           4     1.32096     1.02997     1.02221   0.0135473
           4     1.34661    0.946161    0.942423   0.0103696
           4     1.37226    0.884198     0.86615  0.00603615
           4     1.39791    0.823994    0.810626   0.0051233
           4     1.42355    0.787042    0.775248  0.00441431
           4      1.4492    0.760517    0.739848  0.00642575
           4     1.47485    0.699589    0.709176   0.0034121
           4      1.5005    0.681598    0.691638  0.00308881
           4     1.52615    0.682998    0.684071  0.00141957
           4      1.5518    0.670788    0.680349  0.00649405
           4     1.57745     0.67725    0.682151   0.0048514
           4      1.6031    0.672038    0.682628  0.00665803
           4     1.62875    0.694277    0.688964  0.00447046
           4      1.6544    0.683553    0.703566  0.00676795
           4     1.68005     0.72218    0.731301  0.00452169
           4      1.7057    0.753699    0.758265  0.00360602
           4     1.73135    0.791063     0.79138 0.000779573
           4       1.757    0.816849    0.822181  0.00417107
           4     1.78265      0.8571    0.848524  0.00644471
           4      1.8083    0.900945    0.881247  0.00650023
           4     1.83395    0.942249    0.928662  0.00490031
           4      1.8596    0.968304    0.975041  0.00777988
           4     1.88525     1.00978     1.01479  0.00200452
           4      1.9109     1.05564     1.05762  0.00347193
           4     1.93655     1.10032      1.0945  0.00369239
           4      1.9622     1.11812     1.12776  0.00300603
           4     1.98785     1.16198     1.16073  0.00546803
           4      2.0135     1.20146     1.19525  0.00401083
           4     2.03915     1.21703     1.21717   0.0069273
           4      2.0648     1.22232     1.23087  0.00682339
           4     2.09045     1.21589     1.21743  0.00997817
           4      2.1161     1.19698     1.20657  0.00508661
           4     2.14174     1.19128     1.19119  0.00361043
           4     2.16739      1.1618     1.16743  0.00258372
           4     2.19304      1.1352     1.14465  0.00275147
           4     2.21869       1.099     1.11764  0.00548375
           4     2.24434       1.094     1.08534  0.00527553
           4     2.26999     1.07084     1.06597  0.00251287
           4     2.29564     1.04233      1.0359  0.00656392
           4     2.32129     1.01171     1.00189  0.00608343
           4     2.34694    0.982967    0.983143  0.00223055
           4     2.37259    0.959234    0.961959  0.00210385
           4     2.39824     0.94138    0.935172  0.00235981
           4     2.42389    0.932016    0.925409  0.00303308
           4     2.44954    0.926929    0.913333  0.00415946
           4     2.47519    0.907902     0.90107   0.0048511
           4     2.50084    0.900735    0.900149  0.00417198
           4     2.52649    0.899692     0.88908  0.00468463
           4     2.55214     0.89865    0.892527  0.00449091

           5   0.0128248           0           0           0
           5   0.0384745           0           0           0
           5   0.0641241           0           0           0
           5   0.0897737           0           0           0
           5    0.115423           0           0           0
           5    0.141073           0           0           0
           5    0.166723           0           0           0
           5    0.192372           0           0           0
           5    0.218022           0           0           0
           5    0.243672           0           0           0
           5    0.269321           0           0           0
           5    0.294971           0           0           0
           5     0.32062           0           0           0
           5     0.34627           0           0           0
           5     0.37192           0           0           0
           5    0.397569           0           0           0
           5    0.423219           0           0           0
           5    0.448869           0           0           0
           5    0.474518           0           0           0
           5    0.500168           0           0           0
           5    0.525818           0           0           0
           5    0.551467           0           0           0
           5    0.577117           0           0           0
           5    0.602767           0           0           0
           5    0.628416           0           0           0
           5    0.654066           0           0           0
           5    0.679715           0           0           0
           5    0.705365           0           0           0
           5    0.731015           0           0           0
           5    0.756664           0           0           0
           5    0.782314           0           0           0
           5    0.807964           0           0           0
           5    0.833613           0           0           0
           5    0.859263 5.83569e-05 1.16714e-05 1.04392e-05
           5    0.884913  0.00148562  0.00116282 0.000180943
           5    0.910562   0.0290323   0.0263265  0.00145037
           5    0.936212    0.173711      0.1796  0.00344994
           5    0.961861    0.583036    0.585753    0.004783
           5    0.987511     1.20744     1.21871  0.00532163
           5     1.01316     1.89829     1.88252   0.0106985
           5     1.03881      2.4261     2.35718   0.0166152
           5     1.06446      2.6118     2.55886   0.0141291
           5     1.09011     2.53606     2.53334    0.002315
           5     1.11576     2.33931     2.37925    0.016071
           5     1.14141     2.15372      2.1735   0.0122416
           5     1.16706      1.9671     1.95446   0.0111679
           5     1.19271     1.76225     1.74047  0.00679037
           5     1.21836     1.55282     1.55472  0.00206011
           5     1.24401     1.37404     1.38688  0.00825963
           5     1.26966     1.22233     1.23913  0.00982921
           5     1.29531     1.12767     1.12648  0.00820569
           5     1.32096     1.00762     1.01929   0.0111479
           5     1.34661    0.947809      0.9435  0.00835147
           5     1.37226    0.872551     0.86743  0.00496283
           5     1.39791    0.816394     0.81178  0.00422651
           5     1.42355    0.757076    0.771614  0.00479987
           5      1.4492    0.724866    0.736851   0.0057973
           5     1.47485    0.688238    0.704989   0.0046347
           5      1.5005    0.686587    0.690628  0.00263105
           5     1.52615    0.677183    0.682694  0.00167571
           5      1.5518    0.675691    0.679418  0.00526165
           5     1.57745    0.694798     0.68468  0.00449234
           5      1.6031    0.672904    0.680683  0.00560322
           5     1.62875    0.685598    0.688291  0.00362671
           5      1.6544     0.70404    0.703661  0.00541502
           5     1.68005    0.730876    0.731216  0.00361815
           5      1.7057    0.757885    0.758189  0.00288561
           5     1.73135    0.771039    0.787312  0.00369183
           5       1.757    0.806492    0.819043  0.00436017
           5     1.78265    0.849308    0.848681  0.00515767
           5      1.8083    0.895832    0.884164    0.005818
           5     1.83395    0.941937    0.931317  0.00458337
           5      1.8596    0.988527    0.977738  0.00667511
           5     1.88525     1.04907     1.02165   0.0063392
           5      1.9109      1.0785      1.0618  0.00465477
           5     1.93655        1.11      1.0976  0.00405134
           5      1.9622     1.12422     1.12706   0.0024869
           5     1.98785     1.17379     1.16334  0.00495903
           5      2.0135     1.18681     1.19356  0.00354604
           5     2.03915     1.19389     1.21252  0.00693213
           5      2.0648     1.22108     1.22891  0.00573259
           5     2.09045     1.22766     1.21947  0.00818982
           5      2.1161     1.21028     1.20731  0.00412297
           5     2.14174     1.20102     1.19315  0.00338135
           5     2.16739     1.18736     1.17142  0.00412161
           5     2.19304     1.15541      1.1468  0.00292486
           5     2.21869     1.12577     1.11926  0.00462201
           5     2.24434     1.06815      1.0819  0.00522106
           5     2.26999     1.04317     1.06141  0.00454783
           5     2.29564      1.0156     1.03184  0.00638356
           5     2.32129     1.00168     1.00185   0.0048669
           5     2.34694     0.96534    0.979582  0.00365054
           5     2.37259    0.950878    0.959742  0.00260035
           5     2.39824    0.927785    0.933695  0.00230436
           5     2.42389    0.917729    0.923873   0.0027884
           5     2.44954    0.911654    0.912998   0.0033411
           5     2.47519    0.894743    0.899805  0.00404258
           5     2.50084    0.904809    0.901081  0.00344013
           5     2.52649    0.901056    0.891475  0.00431681
           5     2.55214    0.898119    0.893645  0.00372938

           6   0.0128248           0           0           0
           6   0.0384745           0           0           0
           6   0.0641241           0           0           0
           6   0.0897737           0           0           0
           6    0.115423           0           0           0
           6    0.141073           0           0           0
           6    0.166723           0           0           0
           6    0.192372           0           0           0
           6    0.218022           0           0           0
           6    0.243672           0           0           0
           6    0.269321           0           0           0
           6    0.294971           0           0           0
           6     0.32062           0           0           0
           6     0.34627           0           0           0
           6     0.37192           0           0           0
           6    0.397569           0           0           0
           6    0.423219           0           0           0
           6    0.448869           0           0           0
           6    0.474518           0           0           0
           6    0.500168           0           0           0
           6    0.525818           0           0           0
           6    0.551467           0           0           0
           6    0.577117           0           0           0
           6    0.602767           0           0           0
           6    0.628416           0           0           0
           6    0.654066           0           0           0
           6    0.679715           0           0           0
           6    0.705365           0           0           0
           6    0.731015           0           0           0
           6    0.756664           0           0           0
           6    0.782314           0           0           0
           6    0.807964           0           0           0
           6    0.833613           0           0           0
           6    0.859263 0.000194523 4.21466e-05 2.91484e-05
           6    0.884913  0.00177908  0.00126553  0.00017756
           6    0.910562   0.0228655   0.0257497  0.00131837
           6    0.936212    0.163633    0.176939  0.00376386
           6    0.961861    0.585101    0.585644  0.00398707
           6    0.987511     1.24274     1.22272   0.0057472
           6     1.01316     1.89212     1.88412  0.00903418
           6     1.03881      2.3285      2.3524    0.014517
           6     1.06446     2.52909     2.55389   0.0126152
           6     1.09011     2.48556     2.52538  0.00752179
           6     1.11576     2.41113     2.38456   0.0142439
           6     1.14141     2.16615     2.17227   0.0102624
           6     1.16706     1.93497     1.95121  0.00976736
           6     1.19271     1.73592     1.73971  0.00570093
           6     1.21836     1.56048     1.55568  0.00192771
           6     1.24401     1.42319     1.39293  0.00882643
           6     1.26966     1.27535     1.24517  0.00987191
           6     1.29531     1.13463     1.12784  0.00694958
           6     1.32096     1.02814     1.02077  0.00938684
           6     1.34661     0.94552    0.943837  0.00696634
           6     1.37226    0.869431    0.867764  0.00414689
           6     1.39791    0.792867    0.808628  0.00454811
           6     1.42355    0.748833    0.767817  0.00529265
           6      1.4492     0.72334      0.7346  0.00525023
           6     1.47485    0.716625    0.706928  0.00424866
           6      1.5005    0.709986    0.693854  0.00367179
           6     1.52615    0.687907    0.683563  0.00160597
           6      1.5518    0.660589     0.67628  0.00523756
           6     1.57745    0.664205    0.681268  0.00487019
           6      1.6031    0.675492    0.679818  0.00473567
           6     1.62875    0.691272    0.688788   0.0030561
           6      1.6544     0.71103    0.704889   0.0046497
           6     1.68005    0.741974    0.733009  0.00343078
           6      1.7057     0.75277    0.757286  0.00254207
           6     1.73135      0.7825     0.78651  0.00316243
           6       1.757     0.83231    0.821254  0.00415648
           6     1.78265    0.860978    0.850731  0.00468763
           6      1.8083    0.885136    0.884326  0.00485059
           6     1.83395    0.933242    0.931638  0.00383069
           6      1.8596    0.982542    0.978539  0.00561041
           6     1.88525     1.02368     1.02198  0.00529171
           6      1.9109     1.04985     1.05981  0.00428423
           6     1.93655     1.09957     1.09793  0.00338941
           6      1.9622     1.11747     1.12546  0.00253448
           6     1.98785     1.16437     1.16351  0.00413547
           6      2.0135     1.18597     1.19229   0.0031727
           6     2.03915     1.19098     1.20893  0.00664157
           6      2.0648     1.21428     1.22647  0.00527036
           6     2.09045     1.21472     1.21868  0.00686314
           6      2.1161     1.22928     1.21097  0.00479293
           6     2.14174     1.21308     1.19647  0.00413906
           6     2.16739     1.18661     1.17395  0.00414023
           6     2.19304     1.15731     1.14855  0.00291534
           6     2.21869      1.1164     1.11879  0.00387626
           6     2.24434     1.07903     1.08142  0.00437266
           6     2.26999      1.0496     1.05944  0.00419426
           6     2.29564     1.02415     1.03056  0.00544664
           6     2.32129    0.997829     1.00118  0.00410166
           6     2.34694    0.990104    0.981336  0.00343765
           6     2.37259    0.963169    0.960313  0.00222878
           6     2.39824    0.943803    0.935379  0.00246021
           6     2.42389    0.926924    0.924382  0.00236956
           6     2.44954    0.905792    0.911797  0.00299231
           6     2.47519    0.897575    0.899433  0.00338586
           6     2.50084     0.88747    0.898813  0.00353648
           6     2.52649     0.88589    0.890544  0.00369635
           6     2.55214    0.871493    0.889953  0.00458447

           7   0.0128248           0           0           0
           7   0.0384745           0           0           0
           7   0.0641241           0           0           0
           7   0.0897737           0           0           0
           7    0.115423           0           0           0
           7    0.141073           0           0           0
           7    0.166723           0           0           0
           7    0.192372           0           0           0
           7    0.218022           0           0           0
           7    0.243672           0           0           0
           7    0.269321           0           0           0
           7    0.294971           0           0           0
           7     0.32062           0           0           0
           7     0.34627           0           0           0
           7     0.37192           0           0           0
           7    0.397569           0           0           0
           7    0.423219           0           0           0
           7    0.448869           0           0           0
           7    0.474518           0           0           0
           7    0.500168           0           0           0
           7    0.525818           0           0           0
           7    0.551467           0           0           0
           7    0.577117           0           0           0
           7    0.602767           0           0           0
           7    0.628416           0           0           0
           7    0.654066           0           0           0
           7    0.679715           0           0           0
           7    0.705365           0           0           0
           7    0.731015           0           0           0
           7    0.756664           0           0           0
           7    0.782314           0           0           0
           7    0.807964           0           0           0
           7    0.833613           0           0           0
           7    0.859263           0 3.61257e-05 2.55986e-05
           7    0.884913  0.00150397  0.00129959 0.000155427
           7    0.910562   0.0270402   0.0259341  0.00114285
           7    0.936212    0.171089    0.176103  0.00331765
           7    0.961861    0.571036    0.583557  0.00392583
           7    0.987511     1.22684     1.22331  0.00495617
           7     1.01316     1.89303     1.88539  0.00783266
           7     1.03881     2.39095     2.35791   0.0134474
           7     1.06446     2.52018     2.54908   0.0116966
           7     1.09011     2.55464     2.52956  0.00751987
           7     1.11576      2.4103     2.38824   0.0126747
           7     1.14141     2.21814     2.17882   0.0106853
           7     1.16706      1.9757     1.95471  0.00897664
           7     1.19271     1.74494     1.74046  0.00493523
           7     1.21836     1.54863     1.55467  0.00189729
           7     1.24401     1.38616     1.39196  0.00761827
           7     1.26966     1.25732      1.2469  0.00861302
           7     1.29531      1.1007     1.12397  0.00695487
           7     1.32096    0.995435     1.01715  0.00871562
           7     1.34661    0.922391    0.940773  0.00661056
           7     1.37226    0.844299    0.864412   0.0047186
           7     1.39791    0.815358    0.809589  0.00399871
           7     1.42355     0.77342    0.768617  0.00459668
           7      1.4492    0.712344     0.73142   0.0053774
           7     1.47485    0.698618    0.705741  0.00380395
           7      1.5005    0.681777    0.692129  0.00352938
           7     1.52615    0.680402    0.683111  0.00143861
           7      1.5518    0.679544    0.676746  0.00451006
           7     1.57745    0.654537    0.677449  0.00547037
           7      1.6031    0.664471    0.677625  0.00453837
           7     1.62875    0.675132    0.686837  0.00318179
           7      1.6544    0.699018     0.70405   0.0040604
           7     1.68005    0.736672    0.733532   0.0029803
           7      1.7057    0.747429    0.755878  0.00253915
           7     1.73135    0.796463    0.787932  0.00301338
           7       1.757    0.822497    0.821432  0.00356649
           7     1.78265    0.868517    0.853272  0.00465599
           7      1.8083    0.902324    0.886897  0.00479088
           7     1.83395    0.951879     0.93453  0.00423644
           7      1.8596    0.994653    0.980841  0.00526007
           7     1.88525     1.03112     1.02329  0.00469387
           7      1.9109     1.09429     1.06473  0.00585565
           7     1.93655     1.10969     1.09961  0.00329543
           7      1.9622     1.13044     1.12617  0.00227005
           7     1.98785     1.18224     1.16619  0.00432399
           7      2.0135     1.19153     1.19218  0.00272135
           7     2.03915     1.19217     1.20653  0.00610884
           7      2.0648     1.20139     1.22289  0.00560443
           7     2.09045     1.21654     1.21837  0.00588953
           7      2.1161     1.22202     1.21255  0.00436006
           7     2.14174     1.18563     1.19493  0.00382693
           7     2.16739     1.16616     1.17284  0.00369518
           7     2.19304     1.13453     1.14655  0.00311169
           7     2.21869     1.13382     1.12094  0.00387211
           7     2.24434     1.08222     1.08154  0.00374948
           7     2.26999     1.06073     1.05963  0.00359911
           7     2.29564     1.02122     1.02922  0.00482913
           7     2.32129    0.985045    0.998876  0.00411276
           7     2.34694    0.975319    0.980476  0.00305212
           7     2.37259    0.965692    0.961082  0.00203854
           7     2.39824    0.931823    0.934871  0.00216056
           7     2.42389    0.920017    0.923758  0.00211148
           7     2.44954    0.903053    0.910548  0.00281347
           7     2.47519    0.899178    0.899397  0.00290236
           7     2.50084    0.894828    0.898243  0.00307673
           7     2.52649    0.879292    0.888937  0.00350041
           7     2.55214    0.890094    0.889973  0.00392959

           8   0.0128248           0           0           0
           8   0.0384745           0           0           0
           8   0.0641241           0           0           0
           8   0.0897737           0           0           0
           8    0.115423           0           0           0
           8    0.141073           0           0           0
           8    0.166723           0           0           0
           8    0.192372           0           0           0
           8    0.218022           0           0           0
           8    0.243672           0           0           0
           8    0.269321           0           0           0
           8    0.294971           0           0           0
           8     0.32062           0           0           0
           8     0.34627           0           0           0
           8     0.37192           0           0           0
           8    0.397569           0           0           0
           8    0.423219           0           0           0
           8    0.448869           0           0           0
           8    0.474518           0           0           0
           8    0.500168           0           0           0
           8    0.525818           0           0           0
           8    0.551467           0           0           0
           8    0.577117           0           0           0
           8    0.602767           0           0           0
           8    0.628416           0           0           0
           8    0.654066           0           0           0
           8    0.679715           0           0           0
           8    0.705365           0           0           0
           8    0.731015           0           0           0
           8    0.756664           0           0           0
           8    0.782314           0           0           0
           8    0.807964           0           0           0
           8    0.833613           0           0           0
           8    0.859263           0   3.161e-05 2.27936e-05
           8    0.884913  0.00201751  0.00138933  0.00015982
           8    0.910562   0.0273693   0.0261135  0.00101398
           8    0.936212    0.181429    0.176769  0.00296898
           8    0.961861    0.606275    0.586397  0.00434238
           8    0.987511     1.21022     1.22167  0.00459862
           8     1.01316     1.88055     1.88479  0.00687697
           8     1.03881     2.35206     2.35718   0.0117863
           8     1.06446     2.52032     2.54548   0.0107729
           8     1.09011     2.52841     2.52941  0.00658125
           8     1.11576     2.35244     2.38376   0.0118539
           8     1.14141     2.18457     2.17954  0.00937376
           8     1.16706     1.95663     1.95495  0.00785778
           8     1.19271     1.75473     1.74224  0.00462931
           8     1.21836     1.54468     1.55342  0.00202997
           8     1.24401     1.40676     1.39381  0.00688704
           8     1.26966      1.2509      1.2474  0.00755086
           8     1.29531      1.1428     1.12632  0.00647177
           8     1.32096     1.03141     1.01893  0.00780643
           8     1.34661    0.940221    0.940704   0.0057846
           8     1.37226    0.878897    0.866222  0.00446268
           8     1.39791    0.815064    0.810273  0.00355695
           8     1.42355    0.796121    0.772055  0.00514969
           8      1.4492    0.737046    0.732123  0.00475098
           8     1.47485    0.709632    0.706227   0.0033594
           8      1.5005    0.696609    0.692689  0.00313232
           8     1.52615    0.675333    0.682139  0.00155294
           8      1.5518    0.644801    0.672753   0.0054337
           8     1.57745    0.655975    0.674765   0.0054052
           8      1.6031    0.678762    0.677767  0.00397329
           8     1.62875    0.698305     0.68827  0.00309017
           8      1.6544    0.693996    0.702794  0.00374231
           8     1.68005     0.72366    0.732298  0.00285181
           8      1.7057    0.762486    0.756704  0.00235228
           8     1.73135    0.790771    0.788287  0.00265752
           8       1.757    0.828253    0.822284  0.00322098
           8     1.78265    0.855324    0.853528  0.00408106
           8      1.8083    0.898955    0.888404  0.00442276
           8     1.83395    0.940318    0.935253  0.00376818
           8      1.8596    0.982247    0.981016  0.00460549
           8     1.88525      1.0156     1.02233  0.00420429
           8      1.9109     1.06204      1.0644   0.0051334
           8     1.93655     1.11558      1.1016  0.00343566
           8      1.9622     1.14059     1.12797  0.00260562
           8     1.98785     1.16491     1.16603  0.00378646
           8      2.0135     1.17521     1.19006  0.00310025
           8     2.03915     1.19612     1.20523  0.00548223
           8      2.0648     1.19058     1.21885  0.00619041
           8     2.09045     1.20436     1.21662  0.00540776
           8      2.1161     1.21039     1.21228  0.00382343
           8     2.14174     1.19366     1.19477  0.00335183
           8     2.16739     1.16786     1.17222  0.00328518
           8     2.19304     1.13442     1.14503  0.00307019
           8     2.21869     1.11187      1.1198  0.00355008
           8     2.24434     1.09216     1.08286  0.00350811
           8     2.26999     1.05728     1.05933  0.00316116
           8     2.29564     1.02744       1.029  0.00423062
           8     2.32129     1.01227     1.00055  0.00392449
           8     2.34694    0.975966    0.979912  0.00272218
           8     2.37259    0.976957    0.963066  0.00257437
           8     2.39824    0.964373    0.938559  0.00393357
           8     2.42389    0.937724    0.925504   0.0024658
           8     2.44954    0.932858    0.913336  0.00358688
           8     2.47519    0.921783    0.902195  0.00364707
           8     2.50084     0.89357    0.897659  0.00274704
           8     2.52649    0.881601     0.88802   0.0031807
           8     2.55214    0.876744     0.88832  0.00377033

           9   0.0128248           0           0           0
           9   0.0384745           0           0           0
           9   0.0641241           0           0           0
           9   0.0897737           0           0           0
           9    0.115423           0           0           0
           9    0.141073           0           0           0
           9    0.166723           0           0           0
           9    0.192372           0           0           0
           9    0.218022           0           0           0
           9    0.243672           0           0           0
           9    0.269321           0           0           0
           9    0.294971           0           0           0
           9     0.32062           0           0           0
           9     0.34627           0           0           0
           9     0.37192           0           0           0
           9    0.397569           0           0           0
           9    0.423219           0           0           0
           9    0.448869           0           0           0
           9    0.474518           0           0           0
           9    0.500168           0           0           0
           9    0.525818           0           0           0
           9    0.551467           0           0           0
           9    0.577117           0           0           0
           9    0.602767           0           0           0
           9    0.628416           0           0           0
           9    0.654066           0           0           0
           9    0.679715           0           0           0
           9    0.705365           0           0           0
           9    0.731015           0           0           0
           9    0.756664           0           0           0
           9    0.782314           0           0           0
           9    0.807964           0           0           0
           9    0.833613           0           0           0
           9    0.859263           0 2.80978e-05 2.05298e-05
           9    0.884913  0.00187079  0.00144283 0.000150749
           9    0.910562   0.0299157   0.0265359 0.000985403
           9    0.936212    0.179216    0.177041  0.00265152
           9    0.961861    0.569561    0.584526  0.00424373
           9    0.987511     1.20869     1.22023  0.00430792
           9     1.01316     1.86546     1.88264  0.00643934
           9     1.03881     2.34378     2.35569   0.0105702
           9     1.06446     2.57034     2.54824  0.00992347
           9     1.09011     2.53215     2.52972  0.00585701
           9     1.11576     2.43402     2.38935   0.0117788
           9     1.14141      2.2234     2.18442  0.00951482
           9     1.16706     1.97399     1.95706  0.00726392
           9     1.19271      1.7301      1.7409  0.00430705
           9     1.21836     1.57095     1.55537  0.00257437
           9     1.24401     1.39811     1.39429  0.00613839
           9     1.26966     1.23499     1.24602  0.00683658
           9     1.29531     1.10876     1.12437  0.00603949
           9     1.32096    0.989739     1.01569  0.00758306
           9     1.34661    0.902622    0.936473    0.006508
           9     1.37226    0.843224    0.863667  0.00464113
           9     1.39791    0.790037    0.808025  0.00380664
           9     1.42355    0.752058    0.769833  0.00503409
           9      1.4492    0.726972    0.731551  0.00425743
           9     1.47485    0.713851    0.707074   0.0030911
           9      1.5005    0.696341    0.693095  0.00281045
           9     1.52615    0.682024    0.682126  0.00138044
           9      1.5518     0.68286    0.673876  0.00494465
           9     1.57745    0.685851    0.675997  0.00494298
           9      1.6031    0.684149    0.678477  0.00359453
           9     1.62875    0.685051    0.687913  0.00276744
           9      1.6544    0.703368    0.702857  0.00332704
           9     1.68005    0.728622     0.73189  0.00256404
           9      1.7057     0.77423    0.758651  0.00278262
           9     1.73135    0.813171    0.791052   0.0035179
           9       1.757    0.833947     0.82358  0.00311289
           9     1.78265    0.856676    0.853878  0.00364256
           9      1.8083    0.905891    0.890347  0.00433716
           9     1.83395    0.942804    0.936092  0.00344162
           9      1.8596    0.993877    0.982445  0.00430974
           9     1.88525     1.01699     1.02174  0.00377876
           9      1.9109     1.06363     1.06431  0.00456373
           9     1.93655     1.08717         1.1  0.00340784
           9      1.9622     1.12301     1.12742  0.00237372
           9     1.98785     1.15114     1.16437  0.00370934
           9      2.0135     1.18241     1.18921  0.00286995
           9     2.03915     1.20789     1.20553  0.00488105
           9      2.0648      1.2273     1.21979  0.00557338
           9     2.09045     1.22028     1.21703  0.00482212
           9      2.1161     1.20854     1.21187  0.00342108
           9     2.14174     1.20785     1.19622  0.00327931
           9     2.16739     1.19641      1.1749  0.00386678
           9     2.19304     1.15642      1.1463  0.00297826
           9     2.21869      1.1056     1.11822  0.00348882
           9     2.24434     1.08272     1.08285  0.00311835
           9     2.26999     1.04384     1.05761  0.00324502
           9     2.29564     1.01845     1.02783  0.00391967
           9     2.32129    0.990384     0.99942  0.00364736
           9     2.34694    0.962902    0.978022  0.00300509
           9     2.37259    0.946354    0.961209  0.00288123
           9     2.39824     0.92103    0.936611  0.00394936
           9     2.42389    0.922445    0.925164  0.00221513
           9     2.44954    0.919776    0.914052  0.00325893
           9     2.47519    0.892424    0.901109  0.00339959
           9     2.50084    0.886802    0.896453  0.00269371
           9     2.52649    0.881758    0.887324  0.00290238
           9     2.55214    0.889721    0.888475  0.00335462

          10   0.0128248           0           0           0
          10   0.0384745           0           0           0
          10   0.0641241           0           0           0
          10   0.0897737           0           0           0
          10    0.115423           0           0           0
          10    0.141073           0           0           0
          10    0.166723           0           0           0
          10    0.192372           0           0           0
          10    0.218022           0           0           0
          10    0.243672           0           0           0
          10    0.269321           0           0           0
          10    0.294971           0           0           0
          10     0.32062           0           0           0
          10     0.34627           0           0           0
          10     0.37192           0           0           0
          10    0.397569           0           0           0
          10    0.423219           0           0           0
          10    0.448869           0           0           0
          10    0.474518           0           0           0
          10    0.500168           0           0           0
          10    0.525818           0           0           0
          10    0.551467           0           0           0
          10    0.577117           0           0           0
          10    0.602767           0           0           0
          10    0.628416           0           0           0
          10    0.654066           0           0           0
          10    0.679715           0           0           0
          10    0.705365           0           0           0
          10    0.731015           0           0           0
          10    0.756664           0           0           0
          10    0.782314           0           0           0
          10    0.807964           0           0           0
          10    0.833613           0           0           0
          10    0.859263           0  2.5288e-05 1.86681e-05
          10    0.884913  0.00181576  0.00148012 0.000140211
          10    0.910562   0.0215837   0.0260407  0.00100362
          10    0.936212    0.169942    0.176331  0.00247957
          10    0.961861    0.576966     0.58377  0.00388612
          10    0.987511     1.24595      1.2228   0.0045812
          10     1.01316     1.92048     1.88642  0.00681708
          10     1.03881     2.37711     2.35783  0.00972785
          10     1.06446     2.54765     2.54818   0.0089313
          10     1.09011     2.56645     2.53339  0.00631899
          10     1.11576     2.44624     2.39504   0.0118957
          10     1.14141     2.16325      2.1823  0.00879563
          10     1.16706     1.95168     1.95652   0.0065574
          10     1.19271     1.75353     1.74216  0.00405732
          10     1.21836     1.56349     1.55618  0.00244164
          10     1.24401      1.3682     1.39168  0.00605358
          10     1.26966     1.18822     1.24024  0.00824208
          10     1.29531     1.06648     1.11858  0.00772721
          10     1.32096    0.969194     1.01104  0.00812607
          10     1.34661    0.922597    0.935085  0.00600329
          10     1.37226    0.862552    0.863555  0.00417836
          10     1.39791    0.814373     0.80866   0.0034785
          10     1.42355    0.769401     0.76979  0.00453086
          10      1.4492    0.742544     0.73265  0.00397108
          10     1.47485    0.718909    0.708258  0.00300001
          10      1.5005    0.708245     0.69461  0.00290923
          10     1.52615     0.68771    0.682684  0.00135061
          10      1.5518    0.698326    0.676321  0.00501842
          10     1.57745    0.697643    0.678161  0.00489979
          10      1.6031    0.692896    0.679918   0.0035124
          10     1.62875    0.693492     0.68847  0.00254631
          10      1.6544    0.709508    0.703522  0.00306009
          10     1.68005    0.720454    0.730746  0.00254992
          10      1.7057    0.754103    0.758196  0.00254125
          10     1.73135    0.790632     0.79101  0.00316636
          10       1.757    0.813848    0.822607  0.00294982
          10     1.78265    0.854041    0.853894  0.00327834
          10      1.8083    0.903303    0.891643  0.00409239
          10     1.83395    0.955829    0.938066   0.0036194
          10      1.8596    0.988519    0.983053  0.00392133
          10     1.88525     1.03056     1.02262  0.00350251
          10      1.9109     1.04138     1.06202  0.00464772
          10     1.93655     1.09597      1.0996   0.0030908
          10      1.9622     1.13685     1.12836  0.00231607
          10     1.98785     1.16793     1.16473  0.00335537
          10      2.0135     1.18367     1.18866  0.00263594
          10     2.03915     1.21403     1.20638  0.00446635
          10      2.0648     1.21057     1.21887  0.00509179
          10     2.09045     1.22039     1.21736  0.00435158
          10      2.1161     1.21133     1.21181  0.00307939
          10     2.14174     1.18046     1.19464  0.00330837
          10     2.16739     1.14785      1.1722  0.00432425
          10     2.19304     1.13477     1.14514  0.00289479
          10     2.21869     1.11319     1.11772  0.00317603
          10     2.24434     1.09757     1.08432  0.00313494
          10     2.26999     1.06676     1.05853  0.00304667
          10     2.29564     1.02912     1.02796  0.00352984
          10     2.32129     1.00198    0.999676  0.00329161
          10     2.34694     0.97316    0.977536  0.00274364
          10     2.37259    0.973742    0.962463   0.0028527
          10     2.39824    0.953679    0.938318  0.00390587
          10     2.42389    0.908214    0.923469  0.00256127
          10     2.44954    0.914093    0.914056  0.00293304
          10     2.47519    0.908622    0.901861  0.00314153
          10     2.50084    0.882411    0.895049  0.00276623
          10     2.52649    0.884056    0.886997  0.00263048
          10     2.55214    0.894912    0.889119   0.0030803

          11   0.0128248           0           0           0
          11   0.0384745           0           0           0
          11   0.0641241           0           0           0
          11   0.0897737           0           0           0
          11    0.115423           0           0           0
          11    0.141073           0           0           0
          11    0.166723           0           0           0
          11    0.192372           0           0           0
          11    0.218022           0           0           0
          11    0.243672           0           0           0
          11    0.269321           0           0           0
          11    0.294971           0           0           0
          11     0.32062           0           0           0
          11     0.34627           0           0           0
          11     0.37192           0           0           0
          11    0.397569           0           0           0
          11    0.423219           0           0           0
          11    0.448869           0           0           0
          11    0.474518           0           0           0
          11    0.500168           0           0           0
          11    0.525818           0           0           0
          11    0.551467           0           0           0
          11    0.577117           0           0           0
          11    0.602767           0           0           0
          11    0.628416           0           0           0
          11    0.654066           0           0           0
          11    0.679715           0           0           0
          11    0.705365           0           0           0
          11    0.731015           0           0           0
          11    0.756664           0           0           0
          11    0.782314           0           0           0
          11    0.807964           0           0           0
          11    0.833613           0           0           0
          11    0.859263           0 2.29891e-05  1.7112e-05
          11    0.884913  0.00110046  0.00144561 0.000131644
          11    0.910562   0.0230214   0.0257662 0.000949173
          11    0.936212    0.175415    0.176248  0.00225556
          11    0.961861    0.597302       0.585  0.00372247
          11    0.987511     1.24339     1.22467  0.00453096
          11     1.01316     1.91308     1.88885  0.00661395
          11     1.03881     2.39444     2.36116  0.00939557
          11     1.06446     2.53933     2.54738  0.00815556
          11     1.09011     2.54323     2.53429  0.00580752
          11     1.11576     2.34318     2.39032   0.0117113
          11     1.14141     2.16961     2.18115  0.00807132
          11     1.16706     1.98326     1.95895  0.00639575
          11     1.19271      1.7888      1.7464  0.00547279
          11     1.21836      1.5437     1.55505  0.00246956
          11     1.24401      1.3937     1.39186  0.00550602
          11     1.26966     1.25269     1.24138  0.00757007
          11     1.29531     1.08855     1.11585  0.00749138
          11     1.32096    0.996826     1.00975  0.00748935
          11     1.34661    0.916007    0.933351  0.00570255
          11     1.37226    0.828023    0.860325  0.00489025
          11     1.39791    0.767686    0.804935  0.00475538
          11     1.42355    0.735147    0.766641  0.00509733
          11      1.4492     0.72016    0.731515   0.0037689
          11     1.47485    0.699212    0.707436  0.00283774
          11      1.5005    0.709705    0.695982  0.00295074
          11     1.52615    0.700135    0.684271  0.00194822
          11      1.5518    0.688968    0.677471  0.00469205
          11     1.57745     0.67254     0.67765  0.00448092
          11      1.6031    0.658686    0.677988  0.00368548
          11     1.62875    0.694807    0.689047   0.0023791
          11      1.6544    0.714105    0.704484  0.00292922
          11     1.68005    0.755149    0.732965  0.00313808
          11      1.7057    0.770034    0.759273  0.00252785
          11     1.73135    0.790914    0.791001  0.00287852
          11       1.757    0.833161    0.823566   0.0028334
          11     1.78265    0.870208    0.855377  0.00329875
          11      1.8083    0.901191    0.892511  0.00381129
          11     1.83395    0.949222     0.93908  0.00342952
          11      1.8596    0.998067    0.984418  0.00379498
          11     1.88525     1.04534     1.02468  0.00374375
          11      1.9109      1.0866     1.06425  0.00473184
          11     1.93655     1.11346     1.10086  0.00305587
          11      1.9622     1.13544     1.12901  0.00219313
          11     1.98785     1.16422     1.16468  0.00305066
          11      2.0135     1.18707     1.18851  0.00240026
          11     2.03915     1.19221     1.20509  0.00424193
          11      2.0648     1.21776     1.21877  0.00462989
          11     2.09045     1.19104     1.21497  0.00456667
          11      2.1161     1.18544     1.20942  0.00361403
          11     2.14174     1.16402     1.19186  0.00401161
          11     2.16739     1.16616     1.17165  0.00396586
          11     2.19304     1.14286     1.14494   0.0026391
          11     2.21869     1.11392     1.11738  0.00290601
          11     2.24434     1.09507      1.0853  0.00299851
          11     2.26999     1.06199     1.05884  0.00278593
          11     2.29564     1.03989     1.02904  0.00337141
          11     2.32129     1.00261    0.999943  0.00300314
          11     2.34694    0.974453    0.977256  0.00250849
          11     2.37259    0.941807    0.960585  0.00315135
          11     2.39824     0.92813    0.937392  0.00365896
          11     2.42389     0.91736    0.922914  0.00238788
          11     2.44954    0.900042    0.912782  0.00293006
          11     2.47519    0.888462    0.900643  0.00308305
          11     2.50084     0.88626     0.89425  0.00262761
          11     2.52649    0.887949    0.887084  0.00239276
          11     2.55214    0.897318    0.889865  0.00288904

          12   0.0128248           0           0           0
          12   0.0384745           0           0           0
          12   0.0641241           0           0           0
          12   0.0897737           0           0           0
          12    0.115423           0           0           0
          12    0.141073           0           0           0
          12    0.166723           0           0           0
          12    0.192372           0           0           0
          12    0.218022           0           0           0
          12    0.243672           0           0           0
          12    0.269321           0           0           0
          12    0.294971           0           0           0
          12     0.32062           0           0           0
          12     0.34627           0           0           0
          12     0.37192           0           0           0
          12    0.397569           0           0           0
          12    0.423219           0           0           0
          12    0.448869           0           0           0
          12    0.474518           0           0           0
          12    0.500168           0           0           0
          12    0.525818           0           0           0
          12    0.551467           0           0           0
          12    0.577117           0           0           0
          12    0.602767           0           0           0
          12    0.628416           0           0           0
          12    0.654066           0           0           0
          12    0.679715           0           0           0
          12    0.705365           0           0           0
          12    0.731015           0           0           0
          12    0.756664           0           0           0
          12    0.782314           0           0           0
          12    0.807964           0           0           0
          12    0.833613           0           0           0
          12    0.859263           0 2.10733e-05 1.57929e-05
          12    0.884913  0.00150397  0.00145047 0.000120764
          12    0.910562   0.0261048   0.0257944 0.000870494
          12    0.936212     0.18913    0.177321  0.00230898
          12    0.961861    0.566115    0.583426  0.00373014
          12    0.987511     1.24697     1.22653  0.00451829
          12     1.01316     1.90951     1.89057  0.00628292
          12     1.03881      2.4092     2.36516  0.00942702
          12     1.06446     2.56153     2.54856  0.00756065
          12     1.09011     2.53417     2.53428  0.00532357
          12     1.11576     2.37574     2.38911   0.0107982
          12     1.14141     2.13692     2.17746  0.00819696
          12     1.16706     1.91301     1.95513  0.00691423
          12     1.19271     1.76383     1.74785  0.00520603
          12     1.21836     1.58997     1.55796  0.00358965
          12     1.24401     1.39394     1.39204   0.0050499
          12     1.26966     1.22515     1.24002  0.00705895
          12     1.29531     1.13382     1.11735  0.00701518
          12     1.32096       1.008      1.0096  0.00686666
          12     1.34661    0.945623    0.934373  0.00531825
          12     1.37226    0.877486    0.861755  0.00468716
          12     1.39791    0.804406    0.804891   0.0043593
          12     1.42355    0.769642    0.766891  0.00467868
          12      1.4492    0.737976    0.732053  0.00349307
          12     1.47485    0.705809      0.7073   0.0026045
          12      1.5005    0.681618    0.694785  0.00293763
          12     1.52615    0.672638    0.683302  0.00201264
          12      1.5518    0.681119    0.677775  0.00431089
          12     1.57745    0.676333     0.67754  0.00410886
          12      1.6031     0.66959    0.677288  0.00344416
          12     1.62875    0.666377    0.687157  0.00283327
          12      1.6544    0.695969    0.703775  0.00276974
          12     1.68005    0.715407    0.731501  0.00319956
          12      1.7057    0.752938    0.758745  0.00237166
          12     1.73135    0.782826     0.79032  0.00271806
          12       1.757    0.816137    0.822947  0.00266407
          12     1.78265    0.866624    0.856314  0.00315418
          12      1.8083    0.909905     0.89396  0.00375925
          12     1.83395     0.92916    0.938253  0.00324183
          12      1.8596    0.975925     0.98371   0.0035441
          12     1.88525     1.02273     1.02452  0.00343532
          12      1.9109     1.06406     1.06424  0.00433755
          12     1.93655     1.11735     1.10223  0.00309483
          12      1.9622     1.14278     1.13015  0.00229115
          12     1.98785     1.18678     1.16652  0.00330567
          12      2.0135     1.20035      1.1895  0.00239431
          12     2.03915     1.21307     1.20575  0.00394019
          12      2.0648     1.21222     1.21822  0.00427611
          12     2.09045     1.21859     1.21527  0.00419604
          12      2.1161     1.21542     1.20992   0.0033473
          12     2.14174     1.20007     1.19254   0.0037352
          12     2.16739     1.17904     1.17227  0.00368287
          12     2.19304     1.13861     1.14441  0.00247135
          12     2.21869     1.09939     1.11588  0.00302577
          12     2.24434     1.08395     1.08519  0.00275076
          12     2.26999     1.07178     1.05992  0.00275453
          12     2.29564     1.03626     1.02964  0.00314365
          12     2.32129     1.00763     1.00058  0.00282043
          12     2.34694    0.992071     0.97849  0.00258545
          12     2.37259    0.963636    0.960839  0.00289898
          12     2.39824     0.92981     0.93676  0.00340815
          12     2.42389    0.921115    0.922764  0.00219359
          12     2.44954    0.909275     0.91249  0.00270042
          12     2.47519    0.897099    0.900347  0.00284023
          12     2.50084    0.884868    0.893468  0.00252226
          12     2.52649    0.876963     0.88624  0.00233728
          12     2.55214    0.885355    0.889489  0.00267262

          13   0.0128248           0           0           0
          13   0.0384745           0           0           0
          13   0.0641241           0           0           0
          13   0.0897737           0           0           0
          13    0.115423           0           0           0
          13    0.141073           0           0           0
          13    0.166723           0           0           0
          13    0.192372           0           0           0
          13    0.218022           0           0           0
          13    0.243672           0           0           0
          13    0.269321           0           0           0
          13    0.294971           0           0           0
          13     0.32062           0           0           0
          13     0.34627           0           0           0
          13     0.37192           0           0           0
          13    0.397569           0           0           0
          13    0.423219           0           0           0
          13    0.448869           0           0           0
          13    0.474518           0           0           0
          13    0.500168           0           0           0
          13    0.525818           0           0           0
          13    0.551467           0           0           0
          13    0.577117           0           0           0
          13    0.602767           0           0           0
          13    0.628416           0           0           0
          13    0.654066           0           0           0
          13    0.679715           0           0           0
          13    0.705365           0           0           0
          13    0.731015           0           0           0
          13    0.756664           0           0           0
          13    0.782314           0           0           0
          13    0.807964           0           0           0
          13    0.833613           0           0           0
          13    0.859263           0 1.94523e-05  1.4661e-05
          13    0.884913 0.000953734  0.00141226 0.000117364
          13    0.910562   0.0230561   0.0255838 0.000828627
          13    0.936212     0.16986    0.176747  0.00220155
          13    0.961861    0.572076    0.582553  0.00354393
          13    0.987511     1.23252     1.22699  0.00419416
          13     1.01316      1.9433     1.89463  0.00698733
          13     1.03881     2.36222     2.36493  0.00870459
          13     1.06446     2.53185     2.54727  0.00708744
          13     1.09011     2.56319      2.5365  0.00535847
          13     1.11576     2.42541      2.3919   0.0103224
          13     1.14141     2.19852     2.17908  0.00772478
          13     1.16706     1.92029     1.95245  0.00688205
          13     1.19271     1.73699     1.74702  0.00487218
          13     1.21836     1.56288     1.55834  0.00333345
          13     1.24401     1.35743     1.38937  0.00531713
          13     1.26966      1.2184     1.23836  0.00670913
          13     1.29531     1.11912     1.11748  0.00647688
          13     1.32096     1.01902     1.01033  0.00637655
          13     1.34661    0.922439    0.933455  0.00498776
          13     1.37226    0.880255    0.863178  0.00453749
          13     1.39791     0.80742    0.805085  0.00402831
          13     1.42355    0.753582    0.765867  0.00442938
          13      1.4492    0.717185     0.73091  0.00340646
          13     1.47485    0.703795     0.70703  0.00241807
          13      1.5005     0.67645    0.693375  0.00303136
          13     1.52615    0.674223    0.682603  0.00197526
          13      1.5518     0.66344    0.676672  0.00411789
          13     1.57745    0.680217    0.677746  0.00379795
          13      1.6031    0.707181    0.679588  0.00387145
          13     1.62875    0.693416    0.687639  0.00265591
          13      1.6544    0.698682    0.703383  0.00258424
          13     1.68005    0.722866    0.730837   0.0030216
          13      1.7057    0.750855    0.758138  0.00226555
          13     1.73135    0.758888    0.787902  0.00341926
          13       1.757    0.818724    0.822622  0.00247887
          13     1.78265    0.862316    0.856776  0.00294514
          13      1.8083    0.908781      0.8951  0.00363883
          13     1.83395    0.959702    0.939903  0.00338638
          13      1.8596    0.985599    0.983855  0.00327446
          13     1.88525     1.03211      1.0251  0.00322026
          13      1.9109      1.0721     1.06484  0.00404585
          13     1.93655      1.1236     1.10387  0.00326418
          13      1.9622     1.15137     1.13179  0.00263266
          13     1.98785     1.17775     1.16739  0.00316212
          13      2.0135     1.20245      1.1905  0.00240845
          13     2.03915     1.20959     1.20605  0.00364813
          13      2.0648     1.23039     1.21916  0.00404828
          13     2.09045     1.23081     1.21647  0.00403999
          13      2.1161      1.2229     1.21091  0.00323529
          13     2.14174     1.19097     1.19242  0.00344986
          13     2.16739     1.14796      1.1704    0.003845
          13     2.19304      1.1355     1.14372  0.00237444
          13     2.21869     1.08576     1.11356   0.0035714
          13     2.24434      1.0553     1.08289  0.00336554
          13     2.26999     1.06074     1.05998  0.00254337
          13     2.29564      1.0147     1.02849  0.00310473
          13     2.32129     1.00562     1.00097   0.0026299
          13     2.34694    0.976691    0.978352  0.00239028
          13     2.37259    0.942305    0.959413   0.0030062
          13     2.39824    0.920101    0.935479  0.00337832
          13     2.42389    0.908048    0.921632  0.00229844
          13     2.44954    0.898883    0.911443  0.00268789
          13     2.47519    0.894956    0.899933  0.00265186
          13     2.50084    0.890878    0.893269  0.00233609
          13     2.52649    0.894089    0.886844  0.00223411
          13     2.55214    0.885662    0.889194  0.00248319

          14   0.0128248           0           0           0
          14   0.0384745           0           0           0
          14   0.0641241           0           0           0
          14   0.0897737           0           0           0
          14    0.115423           0           0           0
          14    0.141073           0           0           0
          14    0.166723           0           0           0
          14    0.192372           0           0           0
          14    0.218022           0           0           0
          14    0.243672           0           0           0
          14    0.269321           0           0           0
          14    0.294971           0           0           0
          14     0.32062           0           0           0
          14     0.34627           0           0           0
          14     0.37192           0           0           0
          14    0.397569           0           0           0
          14    0.423219           0           0           0
          14    0.448869           0           0           0
          14    0.474518           0           0           0
          14    0.500168           0           0           0
          14    0.525818           0           0           0
          14    0.551467           0           0           0
          14    0.577117           0           0           0
          14    0.602767           0           0           0
          14    0.628416           0           0           0
          14    0.654066           0           0           0
          14    0.679715           0           0           0
          14    0.705365           0           0           0
          14    0.731015           0           0           0
          14    0.756664           0           0           0
          14    0.782314           0           0           0
          14    0.807964           0           0           0
          14    0.833613           0           0           0
          14    0.859263           0 1.80628e-05 1.36794e-05
          14    0.884913  0.00154065  0.00142143 0.000109338
          14    0.910562   0.0242686   0.0254899 0.000774746
          14    0.936212    0.168959    0.176191  0.00211341
          14    0.961861    0.552485    0.580406  0.00388751
          14    0.987511     1.23178     1.22733  0.00390852
          14     1.01316      1.8992     1.89495  0.00649586
          14     1.03881      2.3687      2.3652  0.00808698
          14     1.06446     2.50394     2.54418  0.00722554
          14     1.09011     2.51827      2.5352  0.00513144
          14     1.11576     2.38169     2.39117   0.0096108
          14     1.14141     2.17414     2.17873  0.00718106
          14     1.16706     1.95725     1.95279  0.00639903
          14     1.19271     1.74731     1.74704  0.00452421
          14     1.21836     1.58536     1.56027  0.00361118
          14     1.24401     1.41939     1.39152  0.00535205
          14     1.26966     1.24783     1.23904  0.00626394
          14     1.29531     1.10905     1.11688  0.00604222
          14     1.32096    0.988488     1.00877  0.00610888
          14     1.34661    0.931936    0.933347  0.00463267
          14     1.37226    0.852003     0.86238  0.00428302
          14     1.39791    0.800158    0.804733  0.00375591
          14     1.42355    0.761194    0.765533  0.00412556
          14      1.4492    0.750922    0.732339  0.00345004
          14     1.47485    0.721821    0.708087  0.00246537
          14      1.5005    0.694032    0.693421   0.0028152
          14     1.52615    0.693303    0.683367   0.0019765
          14      1.5518    0.698016    0.678197  0.00409627
          14     1.57745    0.680985    0.677978   0.0035337
          14      1.6031    0.677638    0.679449  0.00359742
          14     1.62875    0.692506    0.687987  0.00248886
          14      1.6544    0.702817    0.703343  0.00239997
          14     1.68005    0.730611    0.730821  0.00280581
          14      1.7057     0.75628    0.758005  0.00210761
          14     1.73135    0.781585    0.787451  0.00320466
          14       1.757    0.835027    0.823508  0.00245505
          14     1.78265    0.863943    0.857288  0.00277892
          14      1.8083    0.907384    0.895978  0.00348309
          14     1.83395    0.953715     0.94089  0.00328506
          14      1.8596    0.970725    0.982917  0.00317203
          14     1.88525     1.02353     1.02499  0.00299221
          14      1.9109     1.04811     1.06365   0.0039294
          14     1.93655     1.08563     1.10257  0.00328081
          14      1.9622     1.10451     1.12984  0.00308251
          14     1.98785      1.1505     1.16618  0.00315783
          14      2.0135     1.18046     1.18978  0.00234075
          14     2.03915     1.21657      1.2068  0.00346414
          14      2.0648     1.21157     1.21861  0.00379524
          14     2.09045     1.21573     1.21642  0.00375176
          14      2.1161     1.18433     1.20902  0.00351769
          14     2.14174     1.17105      1.1909  0.00352515
          14     2.16739     1.16754     1.17019  0.00357577
          14     2.19304     1.15239     1.14434  0.00228407
          14     2.21869     1.13099      1.1148  0.00352655
          14     2.24434     1.09996     1.08411  0.00333871
          14     2.26999     1.05795     1.05984  0.00236583
          14     2.29564       1.048     1.02989  0.00318041
          14     2.32129    0.992756     1.00038  0.00250664
          14     2.34694    0.962422    0.977214  0.00247561
          14     2.37259    0.958211    0.959327  0.00279269
          14     2.39824    0.940566    0.935842   0.0031565
          14     2.42389    0.937001     0.92273  0.00238204
          14     2.44954    0.921179    0.912139  0.00258429
          14     2.47519    0.920363    0.901392  0.00283566
          14     2.50084    0.920176    0.895191  0.00285228
          14     2.52649    0.915218    0.888871   0.0028492
          14     2.55214    0.888447    0.889141   0.0023064

          15   0.0128248           0           0           0
          15   0.0384745           0           0           0
          15   0.0641241           0           0           0
          15   0.0897737           0           0           0
          15    0.115423           0           0           0
          15    0.141073           0           0           0
          15    0.166723           0           0           0
          15    0.192372           0           0           0
          15    0.218022           0           0           0
          15    0.243672           0           0           0
          15    0.269321           0           0           0
          15    0.294971           0           0           0
          15     0.32062           0           0           0
          15     0.34627           0           0           0
          15     0.37192           0           0           0
          15    0.397569           0           0           0
          15    0.423219           0           0           0
          15    0.448869           0           0           0
          15    0.474518           0           0           0
          15    0.500168           0           0           0
          15    0.525818           0           0           0
          15    0.551467           0           0           0
          15    0.577117           0           0           0
          15    0.602767           0           0           0
          15    0.628416           0           0           0
          15    0.654066           0           0           0
          15    0.679715           0           0           0
          15    0.705365           0           0           0
          15    0.731015           0           0           0
          15    0.756664           0           0           0
          15    0.782314           0           0           0
          15    0.807964           0           0           0
          15    0.833613           0           0           0
          15    0.859263           0 1.68587e-05 1.28204e-05
          15    0.884913 0.000990416   0.0013927 0.000105757
          15    0.910562   0.0228828   0.0253161 0.000742335
          15    0.936212    0.170433    0.175807  0.00200707
          15    0.961861    0.584604    0.580685   0.0036384
          15    0.987511     1.25084      1.2289  0.00394968
          15     1.01316     1.89077     1.89467  0.00606877
          15     1.03881      2.3196     2.36216   0.0080992
          15     1.06446     2.52458     2.54287  0.00686099
          15     1.09011     2.51055     2.53355  0.00504557
          15     1.11576     2.34911     2.38837  0.00937028
          15     1.14141     2.20588     2.18054  0.00692673
          15     1.16706     2.02437     1.95756  0.00754486
          15     1.19271     1.78159     1.74934  0.00477327
          15     1.21836     1.57301     1.56112  0.00346896
          15     1.24401      1.3801     1.39076  0.00504909
          15     1.26966      1.2423     1.23925  0.00585013
          15     1.29531     1.13296     1.11795  0.00573375
          15     1.32096     1.02249     1.00968  0.00576974
          15     1.34661    0.921037    0.932526  0.00439591
          15     1.37226    0.844551    0.861191  0.00415914
          15     1.39791    0.820775    0.805803   0.0036546
          15     1.42355    0.779947    0.766494  0.00396085
          15      1.4492    0.729509     0.73215  0.00322519
          15     1.47485    0.708562    0.708119  0.00230122
          15      1.5005    0.714018    0.694795  0.00294339
          15     1.52615    0.673785    0.682729  0.00194523
          15      1.5518    0.665277    0.677335  0.00391269
          15     1.57745    0.654335    0.676402  0.00363267
          15      1.6031     0.66769    0.678665  0.00344194
          15     1.62875    0.684358    0.687745  0.00233466
          15      1.6544    0.703709    0.703367  0.00224009
          15     1.68005    0.722683    0.730279   0.0026707
          15      1.7057     0.77154    0.758907   0.0021516
          15     1.73135    0.770292    0.786307  0.00318866
          15       1.757    0.809553    0.822578  0.00246135
          15     1.78265    0.854859    0.857126  0.00259837
          15      1.8083    0.898893    0.896172  0.00325631
          15     1.83395    0.937863    0.940688  0.00307225
          15      1.8596    0.980195    0.982736  0.00296575
          15     1.88525     1.01952     1.02463  0.00281485
          15      1.9109     1.04786     1.06259  0.00380573
          15     1.93655     1.09994      1.1024  0.00306676
          15      1.9622     1.13593     1.13024  0.00290366
          15     1.98785      1.1777     1.16695  0.00303925
          15      2.0135     1.19174     1.18991  0.00218837
          15     2.03915     1.21242     1.20718   0.0032534
          15      2.0648     1.21136     1.21813  0.00357289
          15     2.09045     1.20772     1.21584  0.00354617
          15      2.1161     1.22467     1.21006  0.00343443
          15     2.14174     1.21199      1.1923  0.00355956
          15     2.16739     1.19278      1.1717  0.00364076
          15     2.19304     1.16441     1.14568  0.00249315
          15     2.21869     1.11505     1.11482  0.00329148
          15     2.24434     1.08287     1.08402  0.00311714
          15     2.26999     1.05605     1.05958  0.00222158
          15     2.29564      1.0157     1.02894  0.00310585
          15     2.32129    0.994222    0.999973  0.00237295
          15     2.34694    0.966649     0.97651  0.00240869
          15     2.37259    0.960696    0.959419    0.002608
          15     2.39824    0.955402    0.937146  0.00320413
          15     2.42389    0.940206    0.923895  0.00249192
          15     2.44954     0.91051     0.91203  0.00241428
          15     2.47519     0.89856    0.901203   0.0026529
          15     2.50084    0.882969    0.894376  0.00277607
          15     2.52649    0.888108     0.88882  0.00265971
          15     2.55214    0.892822    0.889386  0.00216565

          16   0.0128248           0           0           0
          16   0.0384745           0           0           0
          16   0.0641241           0           0           0
          16   0.0897737           0           0           0
          16    0.115423           0           0           0
          16    0.141073           0           0           0
          16    0.166723           0           0           0
          16    0.192372           0           0           0
          16    0.218022           0           0           0
          16    0.243672           0           0           0
          16    0.269321           0           0           0
          16    0.294971           0           0           0
          16     0.32062           0           0           0
          16     0.34627           0           0           0
          16     0.37192           0           0           0
          16    0.397569           0           0           0
          16    0.423219           0           0           0
          16    0.448869           0           0           0
          16    0.474518           0           0           0
          16    0.500168           0           0           0
          16    0.525818           0           0           0
          16    0.551467           0           0           0
          16    0.577117           0           0           0
          16    0.602767           0           0           0
          16    0.628416           0           0           0
          16    0.654066           0           0           0
          16    0.679715           0           0           0
          16    0.705365           0           0           0
          16    0.731015           0           0           0
          16    0.756664           0           0           0
          16    0.782314           0           0           0
          16    0.807964           0           0           0
          16    0.833613           0           0           0
          16    0.859263 0.000155618 2.55311e-05 1.46619e-05
          16    0.884913  0.00192581  0.00142602 0.000104264
          16    0.910562   0.0233505   0.0251932 0.000706031
          16    0.936212    0.171286    0.175524  0.00190142
          16    0.961861    0.577354    0.580477  0.00341695
          16    0.987511     1.23234     1.22912  0.00370868
          16     1.01316     1.88479     1.89406  0.00572085
          16     1.03881     2.35185     2.36152  0.00761861
          16     1.06446     2.54111     2.54276  0.00643307
          16     1.09011     2.52919     2.53328   0.0047376
          16     1.11576     2.43064     2.39101  0.00914953
          16     1.14141     2.21192      2.1825  0.00676584
          16     1.16706     1.97114     1.95841  0.00712087
          16     1.19271     1.74188     1.74887  0.00449763
          16     1.21836     1.55024     1.56044  0.00331814
          16     1.24401     1.36294     1.38902  0.00502395
          16     1.26966     1.22331     1.23826  0.00556877
          16     1.29531      1.1032     1.11703  0.00544903
          16     1.32096     1.01598     1.01007  0.00542255
          16     1.34661    0.935864    0.932735  0.00412612
          16     1.37226    0.855412     0.86083  0.00391485
          16     1.39791    0.806699    0.805859  0.00342662
          16     1.42355    0.779876    0.767331  0.00380058
          16      1.4492    0.736512    0.732423  0.00303512
          16     1.47485    0.701669    0.707716  0.00219241
          16      1.5005    0.689541    0.694466  0.00277768
          16     1.52615    0.700536    0.683842  0.00211825
          16      1.5518    0.686397    0.677902  0.00370891
          16     1.57745    0.684263    0.676893   0.0034387
          16      1.6031    0.671468    0.678215  0.00325608
          16     1.62875    0.678619    0.687174  0.00225734
          16      1.6544    0.712457    0.703935  0.00217094
          16     1.68005    0.735405    0.730599  0.00252292
          16      1.7057    0.771175    0.759674  0.00214939
          16     1.73135    0.787263    0.786367  0.00298993
          16       1.757    0.811284    0.821872  0.00240661
          16     1.78265    0.844291    0.856324   0.0025568
          16      1.8083    0.905614    0.896762   0.0031058
          16     1.83395      0.9442    0.940908  0.00288807
          16      1.8596    0.998109    0.983697   0.0029319
          16     1.88525     1.03231     1.02511  0.00267961
          16      1.9109     1.07794     1.06355  0.00368671
          16     1.93655     1.08018     1.10101  0.00317395
          16      1.9622     1.11086     1.12903  0.00296427
          16     1.98785     1.15332      1.1661  0.00296631
          16      2.0135     1.19542     1.19025  0.00207856
          16     2.03915     1.19286     1.20628  0.00317076
          16      2.0648     1.19921     1.21695  0.00353983
          16     2.09045     1.20486     1.21515  0.00339017
          16      2.1161     1.20335     1.20964  0.00324528
          16     2.14174     1.19503     1.19247  0.00334115
          16     2.16739      1.1817     1.17232  0.00346649
          16     2.19304      1.1603     1.14659  0.00249914
          16     2.21869     1.10171       1.114  0.00318615
          16     2.24434     1.08049      1.0838  0.00293015
          16     2.26999     1.06324     1.05981  0.00209444
          16     2.29564     1.02487     1.02869  0.00292212
          16     2.32129     1.01286     1.00078  0.00235737
          16     2.34694    0.971246    0.976181   0.0022805
          16     2.37259    0.959004    0.959393  0.00244513
          16     2.39824    0.936096    0.937081  0.00300454
          16     2.42389    0.926193    0.924038  0.00234031
          16     2.44954    0.905627     0.91163  0.00229632
          16     2.47519    0.905759    0.901488  0.00250233
          16     2.50084    0.909193    0.895302  0.00275271
          16     2.52649    0.905615     0.88987  0.00269265
          16     2.55214    0.900326     0.89007   0.0021355

          17   0.0128248           0           0           0
          17   0.0384745           0           0           0
          17   0.0641241           0           0           0
          17   0.0897737           0           0           0
          17    0.115423           0           0           0
          17    0.141073           0           0           0
          17    0.166723           0           0           0
          17    0.192372           0           0           0
          17    0.218022           0           0           0
          17    0.243672           0           0           0
          17    0.269321           0           0           0
          17    0.294971           0           0           0
          17     0.32062           0           0           0
          17     0.34627           0           0           0
          17     0.37192           0           0           0
          17    0.397569           0           0           0
          17    0.423219           0           0           0
          17    0.448869           0           0           0
          17    0.474518           0           0           0
          17    0.500168           0           0           0
          17    0.525818           0           0           0
          17    0.551467           0           0           0
          17    0.577117           0           0           0
          17    0.602767           0           0           0
          17    0.628416           0           0           0
          17    0.654066           0           0           0
          17    0.679715           0           0           0
          17    0.705365           0           0           0
          17    0.731015           0           0           0
          17    0.756664           0           0           0
          17    0.782314           0           0           0
          17    0.807964           0           0           0
          17    0.833613           0           0           0
          17    0.859263 3.89046e-05 2.63178e-05 1.38205e-05
          17    0.884913  0.00172406  0.00144355 9.95942e-05
          17    0.910562    0.029985   0.0254751 0.000718566
          17    0.936212    0.177496     0.17564   0.0017931
          17    0.961861    0.567729    0.579727  0.00329722
          17    0.987511     1.25105     1.23041  0.00370813
          17     1.01316     1.88023     1.89324  0.00544187
          17     1.03881     2.29732     2.35774   0.0080522
          17     1.06446     2.53222     2.54214  0.00608447
          17     1.09011     2.54526     2.53399  0.00451103
          17     1.11576     2.41746     2.39256  0.00874266
          17     1.14141     2.19436      2.1832  0.00640372
          17     1.16706     1.96932     1.95905  0.00673082
          17     1.19271     1.76092     1.74958  0.00428848
          17     1.21836      1.5525     1.55997  0.00315563
          17     1.24401      1.4117     1.39035  0.00490241
          17     1.26966     1.23179     1.23788  0.00525418
          17     1.29531     1.09865     1.11595  0.00523463
          17     1.32096     1.01678     1.01047   0.0051179
          17     1.34661    0.934067    0.932813  0.00388415
          17     1.37226    0.864336    0.861036  0.00368999
          17     1.39791    0.812748    0.806264  0.00324893
          17     1.42355    0.772038    0.767607  0.00358709
          17      1.4492    0.741641    0.732965  0.00290462
          17     1.47485    0.711395    0.707932  0.00207411
          17      1.5005     0.69185    0.694312  0.00261855
          17     1.52615     0.68166    0.683713  0.00199753
          17      1.5518     0.67191    0.677549  0.00350745
          17     1.57745    0.672794    0.676652  0.00324486
          17      1.6031    0.669613    0.677709  0.00310361
          17     1.62875    0.687087    0.687169  0.00212456
          17      1.6544    0.710736    0.704335  0.00207976
          17     1.68005    0.722118      0.7301  0.00242333
          17      1.7057    0.771609    0.760376  0.00213453
          17     1.73135    0.768916     0.78534  0.00298506
          17       1.757    0.820845    0.821812   0.0022658
          17     1.78265    0.867708    0.856994  0.00249255
          17      1.8083    0.902091    0.897076  0.00293888
          17     1.83395    0.952207    0.941572  0.00279362
          17      1.8596    0.992086     0.98419  0.00280067
          17     1.88525     1.02359     1.02502  0.00252347
          17      1.9109       1.062     1.06346  0.00347099
          17     1.93655     1.10475     1.10123  0.00299486
          17      1.9622     1.14987     1.13026  0.00303273
          17     1.98785     1.15118     1.16522  0.00291865
          17      2.0135     1.16476     1.18875  0.00243806
          17     2.03915     1.18791      1.2052  0.00316302
          17      2.0648     1.21294     1.21671  0.00333945
          17     2.09045     1.21663     1.21524  0.00319187
          17      2.1161      1.2173     1.21009   0.0030855
          17     2.14174      1.1854     1.19206   0.0031704
          17     2.16739     1.15529     1.17132  0.00340429
          17     2.19304     1.13273     1.14578  0.00248161
          17     2.21869     1.10867     1.11369  0.00301414
          17     2.24434      1.0906      1.0842  0.00278496
          17     2.26999     1.05864     1.05974  0.00197238
          17     2.29564     1.03665     1.02916   0.0027875
          17     2.32129     1.01392     1.00155  0.00234204
          17     2.34694    0.985035    0.976702  0.00220503
          17     2.37259    0.954792    0.959122  0.00231623
          17     2.39824    0.939632    0.937231  0.00283155
          17     2.42389    0.922179    0.923929   0.0022052
          17     2.44954    0.918098     0.91201  0.00219254
          17     2.47519    0.911951    0.902103  0.00242964
          17     2.50084    0.921294    0.896831  0.00298535
          17     2.52649     0.89593    0.890226  0.00255775
          17     2.55214    0.892489    0.890212  0.00201462

          18   0.0128248           0           0           0
          18   0.0384745           0           0           0
          18   0.0641241           0           0           0
          18   0.0897737           0           0           0
          18    0.115423           0           0           0
          18    0.141073           0           0           0
          18    0.166723           0           0           0
          18    0.192372           0           0           0
          18    0.218022           0           0           0
          18    0.243672           0           0           0
          18    0.269321           0           0           0
          18    0.294971           0           0           0
          18     0.32062           0           0           0
          18     0.34627           0           0           0
          18     0.37192           0           0           0
          18    0.397569           0           0           0
          18    0.423219           0           0           0
          18    0.448869           0           0           0
          18    0.474518           0           0           0
          18    0.500168           0           0           0
          18    0.525818           0           0           0
          18    0.551467           0           0           0
          18    0.577117           0           0           0
          18    0.602767           0           0           0
          18    0.628416           0           0           0
          18    0.654066           0           0           0
          18    0.679715           0           0           0
          18    0.705365           0           0           0
          18    0.731015           0           0           0
          18    0.756664           0           0           0
          18    0.782314           0           0           0
          18    0.807964           0           0           0
          18    0.833613           0           0           0
          18    0.859263           0 2.48557e-05 1.31298e-05
          18    0.884913 0.000953734  0.00141634  9.7708e-05
          18    0.910562   0.0251001   0.0254543 0.000678947
          18    0.936212    0.183116    0.176056  0.00174092
          18    0.961861    0.569002    0.579132  0.00316742
          18    0.987511     1.19819     1.22862   0.0039103
          18     1.01316     1.85242     1.89097  0.00559212
          18     1.03881     2.35982     2.35786  0.00760568
          18     1.06446     2.59072     2.54484  0.00631666
          18     1.09011     2.55974     2.53542   0.0044816
          18     1.11576     2.39478     2.39269  0.00825782
          18     1.14141     2.14595     2.18113  0.00637349
          18     1.16706     1.94781     1.95843  0.00638578
          18     1.19271     1.71857     1.74786  0.00438265
          18     1.21836     1.54681     1.55924  0.00306383
          18     1.24401     1.38871     1.39026   0.0046309
          18     1.26966     1.22334     1.23707  0.00502395
          18     1.29531     1.12266     1.11632  0.00495706
          18     1.32096      1.0126     1.01059  0.00483494
          18     1.34661    0.943278    0.933395  0.00371162
          18     1.37226    0.865435    0.861281  0.00349307
          18     1.39791      0.8062     0.80626  0.00306843
          18     1.42355    0.802216     0.76953  0.00386893
          18      1.4492    0.744568     0.73361  0.00281387
          18     1.47485    0.718718    0.708531   0.0020436
          18      1.5005    0.721928    0.695846  0.00288776
          18     1.52615    0.691761     0.68416  0.00193595
          18      1.5518    0.674701    0.677391  0.00331616
          18     1.57745    0.678936    0.676779  0.00306707
          18      1.6031    0.680243     0.67785  0.00293438
          18     1.62875    0.697222    0.687728  0.00207864
          18      1.6544     0.72046    0.705231   0.0021485
          18     1.68005    0.725365    0.729837  0.00230294
          18      1.7057     0.74697    0.759631  0.00214195
          18     1.73135     0.79815    0.786052  0.00290281
          18       1.757    0.816877    0.821538  0.00215645
          18     1.78265    0.845381    0.856348  0.00243614
          18      1.8083    0.891637    0.896774   0.0027911
          18     1.83395    0.917856    0.940255  0.00293272
          18      1.8596    0.967876    0.983284  0.00278787
          18     1.88525     1.01234     1.02431  0.00247965
          18      1.9109     1.03249     1.06174  0.00368009
          18     1.93655     1.07341     1.09968  0.00320248
          18      1.9622     1.12124     1.12976  0.00290536
          18     1.98785     1.15113     1.16444   0.0028595
          18      2.0135     1.16862     1.18764  0.00254626
          18     2.03915     1.20533     1.20521  0.00298731
          18      2.0648     1.22441     1.21714  0.00318121
          18     2.09045     1.23419     1.21629  0.00318347
          18      2.1161     1.22212     1.21076  0.00298554
          18     2.14174     1.20264     1.19264  0.00304825
          18     2.16739     1.19671     1.17273  0.00349507
          18     2.19304      1.1639     1.14679  0.00253977
          18     2.21869     1.12483     1.11431  0.00290952
          18     2.24434     1.10266     1.08523  0.00281274
          18     2.26999     1.05425     1.05944  0.00188627
          18     2.29564     1.03467     1.02946  0.00264943
          18     2.32129     1.00497     1.00174  0.00221961
          18     2.34694    0.972638    0.976476  0.00209405
          18     2.37259    0.962554    0.959313  0.00219538
          18     2.39824    0.936835    0.937209  0.00267433
          18     2.42389    0.924078    0.923937  0.00208271
          18     2.44954    0.910139    0.911906   0.0020732
          18     2.47519    0.923757    0.903306  0.00257532
          18     2.50084    0.910771    0.897605  0.00291823
          18     2.52649    0.892577    0.890357  0.00241898
          18     2.55214    0.888462    0.890115  0.00190504

          19   0.0128248           0           0           0
          19   0.0384745           0           0           0
          19   0.0641241           0           0           0
          19   0.0897737           0           0           0
          19    0.115423           0           0           0
          19    0.141073           0           0           0
          19    0.166723           0           0           0
          19    0.192372           0           0           0
          19    0.218022           0           0           0
          19    0.243672           0           0           0
          19    0.269321           0           0           0
          19    0.294971           0           0           0
          19     0.32062           0           0           0
          19     0.34627           0           0           0
          19     0.37192           0           0           0
          19    0.397569           0           0           0
          19    0.423219           0           0           0
          19    0.448869           0           0           0
          19    0.474518           0           0           0
          19    0.500168           0           0           0
          19    0.525818           0           0           0
          19    0.551467           0           0           0
          19    0.577117           0           0           0
          19    0.602767           0           0           0
          19    0.628416           0           0           0
          19    0.654066           0           0           0
          19    0.679715           0           0           0
          19    0.705365           0           0           0
          19    0.731015           0           0           0
          19    0.756664           0           0           0
          19    0.782314           0           0           0
          19    0.807964           0           0           0
          19    0.833613           0           0           0
          19    0.859263           0 2.35475e-05 1.25037e-05
          19    0.884913  0.00146728  0.00141902 9.26022e-05
          19    0.910562   0.0333802   0.0258714 0.000760646
          19    0.936212    0.180183    0.176273   0.0016628
          19    0.961861    0.591496    0.579782  0.00306684
          19    0.987511     1.21925     1.22812  0.00373544
          19     1.01316     1.94185     1.89365  0.00590406
          19     1.03881     2.37042     2.35852  0.00723404
          19     1.06446     2.57448      2.5464  0.00617384
          19     1.09011     2.53768     2.53554  0.00424731
          19     1.11576     2.43851      2.3951  0.00816774
          19     1.14141      2.1884     2.18151  0.00604951
          19     1.16706     1.93975     1.95744  0.00612491
          19     1.19271     1.74375     1.74764  0.00415731
          19     1.21836     1.52245      1.5573  0.00346082
          19     1.24401     1.33314     1.38726  0.00527357
          19     1.26966     1.18575     1.23437  0.00543732
          19     1.29531     1.10652     1.11581  0.00472293
          19     1.32096     1.00311     1.01019  0.00459647
          19     1.34661     0.89798    0.931531  0.00395671
          19     1.37226    0.829701    0.859619   0.0036835
          19     1.39791    0.783532    0.805064  0.00313144
          19     1.42355    0.772527    0.769688  0.00366852
          19      1.4492    0.751872    0.734571  0.00282517
          19     1.47485    0.710774    0.708649  0.00193945
          19      1.5005    0.695046    0.695804  0.00273608
          19     1.52615    0.697687    0.684872   0.0019606
          19      1.5518    0.693734    0.678251  0.00325126
          19     1.57745    0.682203    0.677064  0.00291891
          19      1.6031    0.677007    0.677805  0.00278027
          19     1.62875    0.708283    0.688809  0.00223311
          19      1.6544    0.731501    0.706614  0.00244007
          19     1.68005    0.739939    0.730369  0.00224226
          19      1.7057    0.778205    0.760609  0.00224121
          19     1.73135    0.817685    0.787717  0.00319197
          19       1.757    0.821492    0.821535  0.00204295
          19     1.78265    0.870619    0.857099  0.00242094
          19      1.8083    0.921453    0.898073   0.0029309
          19     1.83395    0.955931     0.94108   0.0028921
          19      1.8596    0.989432    0.983607  0.00265986
          19     1.88525     1.02801     1.02451  0.00235676
          19      1.9109     1.05815     1.06155  0.00349125
          19     1.93655     1.09429      1.0994  0.00304647
          19      1.9622     1.11695     1.12908  0.00282954
          19     1.98785     1.15586     1.16399  0.00274438
          19      2.0135     1.17896     1.18718  0.00245281
          19     2.03915      1.1998     1.20492  0.00284361
          19      2.0648     1.21383     1.21697  0.00301855
          19     2.09045     1.22202     1.21659  0.00303018
          19      2.1161     1.20579      1.2105  0.00283983
          19     2.14174     1.17567     1.19175  0.00301586
          19     2.16739     1.14513     1.17128  0.00360032
          19     2.19304     1.13022     1.14591  0.00255142
          19     2.21869     1.10208     1.11366  0.00282666
          19     2.24434     1.07061     1.08446  0.00276794
          19     2.26999     1.05406     1.05916  0.00180808
          19     2.29564     1.03621     1.02982  0.00253369
          19     2.32129     1.01056     1.00221   0.0021508
          19     2.34694    0.982365    0.976786  0.00200664
          19     2.37259    0.956356    0.959157  0.00208535
          19     2.39824    0.937839    0.937242  0.00253378
          19     2.42389    0.921457    0.923807  0.00197718
          19     2.44954    0.910316    0.911823  0.00196577
          19     2.47519    0.894675    0.902852  0.00247952
          19     2.50084    0.897938    0.897623  0.00276469
          19     2.52649    0.895367     0.89062    0.002306
          19     2.55214    0.894593    0.890351  0.00181929

          20   0.0128248           0           0           0
          20   0.0384745           0           0           0
          20   0.0641241           0           0           0
          20   0.0897737           0           0           0
          20    0.115423           0           0           0
          20    0.141073           0           0           0
          20    0.166723           0           0           0
          20    0.192372           0           0           0
          20    0.218022           0           0           0
          20    0.243672           0           0           0
          20    0.269321           0           0           0
          20    0.294971           0           0           0
          20     0.32062           0           0           0
          20     0.34627           0           0           0
          20     0.37192           0           0           0
          20    0.397569           0           0           0
          20    0.423219           0           0           0
          20    0.448869           0           0           0
          20    0.474518           0           0           0
          20    0.500168           0           0           0
          20    0.525818           0           0           0
          20    0.551467           0           0           0
          20    0.577117           0           0           0
          20    0.602767           0           0           0
          20    0.628416           0           0           0
          20    0.654066           0           0           0
          20    0.679715           0           0           0
          20    0.705365           0           0           0
          20    0.731015           0           0           0
          20    0.756664           0           0           0
          20    0.782314           0           0           0
          20    0.807964           0           0           0
          20    0.833613           0           0           0
          20    0.859263           0 2.23701e-05 1.19339e-05
          20    0.884913 0.000678619    0.001382 9.50844e-05
          20    0.910562   0.0254639    0.025851 0.000722887
          20    0.936212    0.176447    0.176282  0.00157968
          20    0.961861    0.587305    0.580158  0.00293647
          20    0.987511     1.24925     1.22918  0.00369502
          20     1.01316     1.86728     1.89233  0.00575419
          20     1.03881     2.29249     2.35522  0.00758842
          20     1.06446     2.52881     2.54552  0.00592746
          20     1.09011     2.58115     2.53782  0.00460668
          20     1.11576     2.38084     2.39439  0.00779039
          20     1.14141     2.16803     2.18084  0.00578444
          20     1.16706     1.98502     1.95882   0.0059718
          20     1.19271     1.78224     1.74937  0.00429427
          20     1.21836     1.55373     1.55712  0.00329239
          20     1.24401     1.42145     1.38896  0.00527973
          20     1.26966     1.25273     1.23529  0.00524235
          20     1.29531     1.12496     1.11626  0.00450891
          20     1.32096    0.996933     1.00953   0.0044142
          20     1.34661     0.91455    0.930682  0.00384889
          20     1.37226    0.852369    0.859256  0.00351712
          20     1.39791    0.796924    0.804657   0.0030012
          20     1.42355    0.791096    0.770758   0.0036379
          20      1.4492    0.744938    0.735089  0.00273105
          20     1.47485    0.707803    0.708607  0.00184294
          20      1.5005    0.692175    0.695623  0.00260528
          20     1.52615    0.691669    0.685212  0.00189179
          20      1.5518    0.665265    0.677602  0.00315286
          20     1.57745    0.678076    0.677115   0.0027734
          20      1.6031    0.680623    0.677946  0.00264483
          20     1.62875    0.677108    0.688224  0.00219676
          20      1.6544    0.684492    0.705508  0.00255649
          20     1.68005     0.70788    0.729244  0.00239554
          20      1.7057    0.743371    0.759747  0.00228889
          20     1.73135    0.794302    0.788046  0.00304931
          20       1.757    0.815769    0.821247  0.00196104
          20     1.78265    0.864996    0.857494  0.00233187
          20      1.8083    0.907507    0.898544  0.00282206
          20     1.83395    0.952972    0.941674  0.00280795
          20      1.8596    0.992535    0.984054  0.00256405
          20     1.88525     1.03751     1.02516  0.00232687
          20      1.9109     1.05479     1.06121  0.00333304
          20     1.93655     1.10084     1.09947  0.00289499
          20      1.9622     1.13671     1.12946  0.00271365
          20     1.98785     1.16023      1.1638  0.00261358
          20      2.0135     1.18337     1.18699  0.00233756
          20     2.03915     1.19785     1.20457   0.0027233
          20      2.0648     1.20209     1.21622  0.00295785
          20     2.09045     1.20129     1.21583  0.00297371
          20      2.1161     1.21394     1.21067  0.00270307
          20     2.14174     1.20177     1.19225  0.00290639
          20     2.16739     1.17423     1.17143  0.00342333
          20     2.19304     1.15248     1.14624  0.00244487
          20     2.21869     1.11905     1.11393  0.00269812
          20     2.24434     1.09988     1.08523  0.00273483
          20     2.26999     1.05899     1.05915   0.0017177
          20     2.29564     1.02464     1.02956  0.00242021
          20     2.32129    0.998839     1.00204  0.00204983
          20     2.34694     0.97703    0.976798  0.00190635
          20     2.37259    0.958004    0.959099  0.00198187
          20     2.39824    0.951359    0.937948  0.00250348
          20     2.42389    0.923134    0.923773   0.0018786
          20     2.44954    0.910251    0.911744  0.00186905
          20     2.47519    0.905412     0.90298  0.00235885
          20     2.50084    0.912317    0.898358  0.00272232
          20     2.52649    0.897341    0.890956  0.00221505
          20     2.55214    0.900397    0.890853  0.00179633

          21   0.0128248           0           0           0
          21   0.0384745           0           0           0
          21   0.0641241           0           0           0
          21   0.0897737           0           0           0
          21    0.115423           0           0           0
          21    0.141073           0           0           0
          21    0.166723           0           0           0
          21    0.192372           0           0           0
          21    0.218022           0           0           0
          21    0.243672           0           0           0
          21    0.269321           0           0           0
          21    0.294971           0           0           0
          21     0.32062           0           0           0
          21     0.34627           0           0           0
          21     0.37192           0           0           0
          21    0.397569           0           0           0
          21    0.423219           0           0           0
          21    0.448869           0           0           0
          21    0.474518           0           0           0
          21    0.500168           0           0           0
          21    0.525818           0           0           0
          21    0.551467           0           0           0
          21    0.577117           0           0           0
          21    0.602767           0           0           0
          21    0.628416           0           0           0
          21    0.654066           0           0           0
          21    0.679715           0           0           0
          21    0.705365           0           0           0
          21    0.731015           0           0           0
          21    0.756664           0           0           0
          21    0.782314           0           0           0
          21    0.807964           0           0           0
          21    0.833613           0           0           0
          21    0.859263           0 2.13049e-05  1.1413e-05
          21    0.884913  0.00034848  0.00133278 0.000102505
          21    0.910562   0.0250308    0.025812 0.000689518
          21    0.936212    0.179364    0.176428  0.00151126
          21    0.961861    0.608029    0.581486  0.00308201
          21    0.987511     1.22947     1.22919   0.0035191
          21     1.01316     1.83068      1.8894  0.00618396
          21     1.03881     2.33138     2.35408  0.00731148
          21     1.06446     2.57759     2.54705  0.00583857
          21     1.09011     2.51619     2.53679  0.00450091
          21     1.11576      2.4073       2.395  0.00744364
          21     1.14141     2.16701     2.18018  0.00554634
          21     1.16706     1.90808     1.95641  0.00615691
          21     1.19271      1.7036     1.74719  0.00460993
          21     1.21836     1.53506     1.55607  0.00329893
          21     1.24401     1.39582     1.38929   0.0050384
          21     1.26966     1.27698     1.23727  0.00535547
          21     1.29531     1.14047     1.11742   0.0044391
          21     1.32096     1.02376     1.01021  0.00425568
          21     1.34661    0.967793    0.932449  0.00405104
          21     1.37226    0.892779    0.860853  0.00369417
          21     1.39791    0.849748    0.806804  0.00354411
          21     1.42355    0.791847    0.771762  0.00360061
          21      1.4492    0.744302    0.735528  0.00263599
          21     1.47485    0.718507    0.709078  0.00181447
          21      1.5005    0.681133    0.694933  0.00257097
          21     1.52615    0.692631    0.685565  0.00183439
          21      1.5518    0.673836    0.677423  0.00300782
          21     1.57745    0.683126    0.677401  0.00265607
          21      1.6031    0.665756    0.677366   0.0025818
          21     1.62875    0.695544    0.688573  0.00211962
          21      1.6544    0.725524    0.706461  0.00260639
          21     1.68005    0.725151    0.729049  0.00228939
          21      1.7057    0.729607    0.758312  0.00259109
          21     1.73135    0.769582    0.787167   0.0030282
          21       1.757    0.806292    0.820535  0.00199277
          21     1.78265    0.853232    0.857291  0.00222965
          21      1.8083    0.899636    0.898596  0.00268816
          21     1.83395    0.912501    0.940285  0.00299826
          21      1.8596    0.958011    0.982814  0.00272539
          21     1.88525     1.00875     1.02438  0.00234353
          21      1.9109     1.03563        1.06  0.00338974
          21     1.93655     1.06813     1.09798  0.00311819
          21      1.9622      1.1243     1.12922  0.00259555
          21     1.98785     1.15926     1.16358  0.00249804
          21      2.0135     1.18728       1.187  0.00222629
          21     2.03915       1.218     1.20521  0.00266762
          21      2.0648     1.22518     1.21665  0.00284759
          21     2.09045     1.22215     1.21613  0.00284732
          21      2.1161     1.21178     1.21072  0.00257487
          21     2.14174     1.18306     1.19181  0.00280072
          21     2.16739     1.17557     1.17162    0.003266
          21     2.19304      1.1339     1.14565  0.00239802
          21     2.21869     1.12714     1.11456  0.00264197
          21     2.24434     1.10248     1.08605  0.00272514
          21     2.26999      1.0787     1.06008  0.00187121
          21     2.29564     1.05057     1.03056  0.00250335
          21     2.32129     1.01195     1.00251  0.00200587
          21     2.34694    0.991372    0.977492  0.00193778
          21     2.37259    0.977197    0.959961  0.00206639
          21     2.39824    0.954099    0.938717  0.00249962
          21     2.42389    0.932908    0.924208  0.00183882
          21     2.44954    0.919092    0.912094   0.0018125
          21     2.47519    0.902789    0.902971  0.00224654
          21     2.50084    0.904508     0.89865   0.0026084
          21     2.52649    0.893396    0.891073  0.00211261
          21     2.55214    0.887097    0.890674  0.00171967

          22   0.0128248           0           0           0
          22   0.0384745           0           0           0
          22   0.0641241           0           0           0
          22   0.0897737           0           0           0
          22    0.115423           0           0           0
          22    0.141073           0           0           0
          22    0.166723           0           0           0
          22    0.192372           0           0           0
          22    0.218022           0           0           0
          22    0.243672           0           0           0
          22    0.269321           0           0           0
          22    0.294971           0           0           0
          22     0.32062           0           0           0
          22     0.34627           0           0           0
          22     0.37192           0           0           0
          22    0.397569           0           0           0
          22    0.423219           0           0           0
          22    0.448869           0           0           0
          22    0.474518           0           0           0
          22    0.500168           0           0           0
          22    0.525818           0           0           0
          22    0.551467           0           0           0
          22    0.577117           0           0           0
          22    0.602767           0           0           0
          22    0.628416           0           0           0
          22    0.654066           0           0           0
          22    0.679715           0           0           0
          22    0.705365           0           0           0
          22    0.731015           0           0           0
          22    0.756664           0           0           0
          22    0.782314           0           0           0
          22    0.807964           0           0           0
          22    0.833613           0           0           0
          22    0.859263 7.78092e-05 2.38733e-05 1.11795e-05
          22    0.884913  0.00179742   0.0013539 9.99978e-05
          22    0.910562      0.0273   0.0258796 0.000661486
          22    0.936212    0.172367    0.176244   0.0014538
          22    0.961861    0.591481     0.58194  0.00297521
          22    0.987511        1.21     1.22832  0.00346559
          22     1.01316     1.83117     1.88675  0.00644443
          22     1.03881     2.27684     2.35057  0.00777665
          22     1.06446     2.54434     2.54692  0.00557448
          22     1.09011     2.56441     2.53804  0.00446798
          22     1.11576     2.42675     2.39644  0.00724384
          22     1.14141      2.1978     2.18098  0.00535176
          22     1.16706     1.95605     1.95639  0.00587707
          22     1.19271     1.76949     1.74821  0.00451039
          22     1.21836     1.55897     1.55621  0.00315161
          22     1.24401     1.38936     1.38929  0.00480938
          22     1.26966     1.27434     1.23896  0.00537057
          22     1.29531     1.10319     1.11677  0.00428416
          22     1.32096     1.01119     1.01025  0.00406248
          22     1.34661    0.932395    0.932446   0.0038669
          22     1.37226    0.889385    0.862149    0.003747
          22     1.39791    0.818797     0.80735  0.00342469
          22     1.42355     0.77534    0.771925  0.00344062
          22      1.4492    0.739145    0.735692   0.0025213
          22     1.47485    0.700124    0.708671  0.00177706
          22      1.5005    0.679149    0.694215  0.00255226
          22     1.52615    0.692939    0.685901  0.00178136
          22      1.5518    0.685371    0.677784  0.00289272
          22     1.57745    0.686676    0.677823  0.00256858
          22      1.6031    0.683059    0.677624  0.00247738
          22     1.62875    0.679377    0.688155  0.00206408
          22      1.6544    0.697911    0.706072  0.00251673
          22     1.68005    0.729996    0.729092  0.00218573
          22      1.7057    0.774729    0.759058  0.00257853
          22     1.73135    0.791101    0.787346  0.00289583
          22       1.757    0.821669    0.820586  0.00190286
          22     1.78265    0.854741    0.857175  0.00213131
          22      1.8083    0.871485    0.897364   0.0028344
          22     1.83395    0.906573    0.938753  0.00322991
          22      1.8596    0.952213    0.981423  0.00293507
          22     1.88525     1.00371     1.02344  0.00241803
          22      1.9109     1.03648     1.05893  0.00340007
          22     1.93655     1.08186     1.09725  0.00306136
          22      1.9622     1.13352     1.12941  0.00248493
          22     1.98785     1.16396      1.1636  0.00238455
          22      2.0135     1.19959     1.18758  0.00219739
          22     2.03915     1.22811     1.20625  0.00274197
          22      2.0648     1.23484     1.21748  0.00283571
          22     2.09045     1.22181     1.21639   0.0027296
          22      2.1161      1.1996     1.21022  0.00250692
          22     2.14174     1.19555     1.19198  0.00267854
          22     2.16739     1.16196     1.17118  0.00314695
          22     2.19304     1.15006     1.14585  0.00229735
          22     2.21869     1.10971     1.11434  0.00253108
          22     2.24434     1.09555     1.08648  0.00263528
          22     2.26999     1.07843     1.06091  0.00196331
          22     2.29564     1.03461     1.03074  0.00239634
          22     2.32129     1.00352     1.00256  0.00191522
          22     2.34694    0.975009    0.977379  0.00185298
          22     2.37259    0.978192     0.96079  0.00213216
          22     2.39824    0.964353    0.939882   0.0026437
          22     2.42389    0.930835    0.924509  0.00177974
          22     2.44954    0.922515    0.912568  0.00179094
          22     2.47519    0.914312    0.903486  0.00220277
          22     2.50084    0.905608    0.898967  0.00250894
          22     2.52649    0.895118    0.891257  0.00202457
          22     2.55214    0.886804    0.890498  0.00165048

          23   0.0128248           0           0           0
          23   0.0384745           0           0           0
          23   0.0641241           0           0           0
          23   0.0897737           0           0           0
          23    0.115423           0           0           0
          23    0.141073           0           0           0
          23    0.166723           0           0           0
          23    0.192372           0           0           0
          23    0.218022           0           0           0
          23    0.243672           0           0           0
          23    0.269321           0           0           0
          23    0.294971           0           0           0
          23     0.32062           0           0           0
          23     0.34627           0           0           0
          23     0.37192           0           0           0
          23    0.397569           0           0           0
          23    0.423219           0           0           0
          23    0.448869           0           0           0
          23    0.474518           0           0           0
          23    0.500168           0           0           0
          23    0.525818           0           0           0
          23    0.551467           0           0           0
          23    0.577117           0           0           0
          23    0.602767           0           0           0
          23    0.628416           0           0           0
          23    0.654066           0           0           0
          23    0.679715           0           0           0
          23    0.705365           0           0           0
          23    0.731015           0           0           0
          23    0.756664           0           0           0
          23    0.782314           0           0           0
          23    0.807964           0           0           0
          23    0.833613           0           0           0
          23    0.859263           0 2.28353e-05 1.07415e-05
          23    0.884913  0.00121051  0.00134767 9.58442e-05
          23    0.910562   0.0214971   0.0256891 0.000659599
          23    0.936212    0.162847    0.175661  0.00150276
          23    0.961861    0.586855    0.582154  0.00285352
          23    0.987511     1.23782     1.22874  0.00333944
          23     1.01316     1.91877     1.88814  0.00631283
          23     1.03881     2.41609     2.35342  0.00794321
          23     1.06446     2.56802     2.54784  0.00540701
          23     1.09011     2.55437     2.53875  0.00432978
          23     1.11576      2.4022     2.39669  0.00693321
          23     1.14141     2.18175     2.18101  0.00511918
          23     1.16706     1.92389     1.95498  0.00578896
          23     1.19271     1.73099     1.74746  0.00437597
          23     1.21836     1.54612     1.55577  0.00304492
          23     1.24401     1.40563        1.39  0.00465244
          23     1.26966     1.24757     1.23933   0.0051501
          23     1.29531     1.10049     1.11606  0.00415599
          23     1.32096     1.00396     1.00998  0.00389504
          23     1.34661    0.941821    0.932854  0.00372019
          23     1.37226    0.845192    0.861412   0.0036559
          23     1.39791    0.791742    0.806671  0.00334234
          23     1.42355    0.766127    0.771673  0.00330025
          23      1.4492    0.726151    0.735278  0.00244557
          23     1.47485    0.718104    0.709081  0.00174648
          23      1.5005    0.681197    0.693649  0.00250327
          23     1.52615    0.686223    0.685915  0.00170397
          23      1.5518    0.681292    0.677936  0.00277097
          23     1.57745    0.688333     0.67828  0.00249722
          23      1.6031    0.686446    0.678008  0.00239918
          23     1.62875    0.668332    0.687293  0.00214675
          23      1.6544    0.684624     0.70514  0.00257428
          23     1.68005    0.708761    0.728208   0.0022624
          23      1.7057     0.75206    0.758754  0.00248431
          23     1.73135    0.787886    0.787369  0.00277002
          23       1.757    0.808721    0.820071  0.00188877
          23     1.78265    0.847618     0.85676  0.00207876
          23      1.8083    0.894694    0.897248  0.00271354
          23     1.83395    0.943893    0.938976   0.0030972
          23      1.8596     1.01339    0.982813  0.00311929
          23     1.88525     1.03882     1.02411  0.00240362
          23      1.9109     1.07751     1.05973   0.0033469
          23     1.93655     1.10661     1.09765  0.00295523
          23      1.9622      1.1426     1.12999  0.00244214
          23     1.98785     1.16728     1.16376  0.00228623
          23      2.0135     1.19834     1.18804  0.00215115
          23     2.03915     1.21931     1.20682   0.0026809
          23      2.0648     1.22298     1.21772  0.00272251
          23     2.09045     1.21519     1.21633  0.00261141
          23      2.1161      1.1962     1.20961  0.00247087
          23     2.14174     1.18477     1.19167  0.00258041
          23     2.16739     1.17372     1.17129  0.00301205
          23     2.19304     1.13739     1.14549  0.00222672
          23     2.21869     1.13214     1.11511  0.00253652
          23     2.24434     1.10476     1.08728  0.00263774
          23     2.26999     1.04625     1.06028  0.00197878
          23     2.29564     1.01892     1.03023   0.0023466
          23     2.32129    0.994558     1.00221  0.00186325
          23     2.34694     0.97202    0.977146    0.001787
          23     2.37259    0.939735    0.959875  0.00222732
          23     2.39824    0.936963    0.939755   0.0025318
          23     2.42389    0.928178    0.924669  0.00170949
          23     2.44954    0.908334    0.912384  0.00172251
          23     2.47519    0.899291    0.903304  0.00211454
          23     2.50084    0.886664    0.898432  0.00245621
          23     2.52649    0.888617    0.891142  0.00193979
          23     2.55214    0.893832    0.890643  0.00158507

          24   0.0128248           0           0           0
          24   0.0384745           0           0           0
          24   0.0641241           0           0           0
          24   0.0897737           0           0           0
          24    0.115423           0           0           0
          24    0.141073           0           0           0
          24    0.166723           0           0           0
          24    0.192372           0           0           0
          24    0.218022           0           0           0
          24    0.243672           0           0           0
          24    0.269321           0           0           0
          24    0.294971           0           0           0
          24     0.32062           0           0           0
          24     0.34627           0           0           0
          24     0.37192           0           0           0
          24    0.397569           0           0           0
          24    0.423219           0           0           0
          24    0.448869           0           0           0
          24    0.474518           0           0           0
          24    0.500168           0           0           0
          24    0.525818           0           0           0
          24    0.551467           0           0           0
          24    0.577117           0           0           0
          24    0.602767           0           0           0
          24    0.628416           0           0           0
          24    0.654066           0           0           0
          24    0.679715           0           0           0
          24    0.705365           0           0           0
          24    0.731015           0           0           0
          24    0.756664           0           0           0
          24    0.782314           0           0           0
          24    0.807964           0           0           0
          24    0.833613           0           0           0
          24    0.859263           0 2.18838e-05  1.0336e-05
          24    0.884913  0.00124719  0.00134348 9.19421e-05
          24    0.910562   0.0286512   0.0258125 0.000643559
          24    0.936212    0.176972    0.175716  0.00144113
          24    0.961861    0.585768    0.582304  0.00273859
          24    0.987511     1.21753     1.22827  0.00323278
          24     1.01316     1.87061     1.88741  0.00609191
          24     1.03881     2.33368      2.3526   0.0076547
          24     1.06446     2.53654     2.54737  0.00520218
          24     1.09011     2.55027     2.53923  0.00417586
          24     1.11576     2.35246     2.39485  0.00688492
          24     1.14141     2.15324     2.17985  0.00503498
          24     1.16706     1.91759     1.95342  0.00575353
          24     1.19271     1.75356     1.74771    0.004201
          24     1.21836     1.55014     1.55553  0.00292706
          24     1.24401     1.39882     1.39037  0.00447306
          24     1.26966     1.29918     1.24182  0.00550628
          24     1.29531     1.16418     1.11807  0.00444008
          24     1.32096     1.03765     1.01113   0.0038997
          24     1.34661    0.959587    0.933968  0.00372821
          24     1.37226    0.913594    0.863586  0.00409943
          24     1.39791    0.839466    0.808037  0.00347118
          24     1.42355     0.76675    0.771468  0.00316911
          24      1.4492    0.724585    0.734832   0.0023839
          24     1.47485    0.707242    0.709005  0.00167539
          24      1.5005    0.690657    0.693525  0.00240207
          24     1.52615    0.676172    0.685509  0.00168063
          24      1.5518    0.662891    0.677309   0.0027255
          24     1.57745    0.677077     0.67823  0.00239367
          24      1.6031    0.670518    0.677696  0.00231942
          24     1.62875    0.688554    0.687346  0.00205794
          24      1.6544    0.704775    0.705124  0.00246707
          24     1.68005    0.733944    0.728447  0.00218072
          24      1.7057    0.732406    0.757656  0.00261212
          24     1.73135    0.766693    0.786508  0.00278535
          24       1.757    0.793437    0.818961  0.00211106
          24     1.78265     0.82412      0.8554  0.00239608
          24      1.8083    0.878209    0.896455  0.00271395
          24     1.83395    0.926055    0.938438  0.00301458
          24      1.8596    0.958705    0.981808  0.00314691
          24     1.88525     1.01931     1.02391  0.00231176
          24      1.9109     1.06185     1.05982  0.00320861
          24     1.93655     1.13782     1.09933  0.00327184
          24      1.9622     1.14943      1.1308  0.00247109
          24     1.98785     1.17589     1.16427  0.00224618
          24      2.0135     1.20325     1.18868  0.00215277
          24     2.03915     1.20844     1.20688  0.00257004
          24      2.0648     1.20881     1.21734  0.00263425
          24     2.09045     1.21693     1.21636  0.00250272
          24      2.1161     1.20598     1.20946  0.00237255
          24     2.14174     1.19941     1.19199  0.00249295
          24     2.16739     1.16238     1.17092  0.00290937
          24     2.19304     1.13864      1.1452  0.00215213
          24     2.21869     1.13728     1.11604  0.00259353
          24     2.24434     1.10027     1.08782  0.00258279
          24     2.26999     1.06321      1.0604  0.00190012
          24     2.29564     1.03817     1.03056  0.00227202
          24     2.32129     1.00853     1.00247  0.00180416
          24     2.34694    0.991413    0.977741  0.00180872
          24     2.37259    0.971966    0.960378  0.00219076
          24     2.39824    0.943463     0.93991  0.00243102
          24     2.42389    0.923826    0.924634  0.00163863
          24     2.44954    0.911242    0.912336  0.00165139
          24     2.47519    0.897146    0.903047  0.00204194
          24     2.50084    0.881345     0.89772  0.00245488
          24     2.52649    0.876545    0.890534  0.00195199
          24     2.55214    0.895417    0.890842  0.00153146

          25   0.0128248           0           0           0
          25   0.0384745           0           0           0
          25   0.0641241           0           0           0
          25   0.0897737           0           0           0
          25    0.115423           0           0           0
          25    0.141073           0           0           0
          25    0.166723           0           0           0
          25    0.192372           0           0           0
          25    0.218022           0           0           0
          25    0.243672           0           0           0
          25    0.269321           0           0           0
          25    0.294971           0           0           0
          25     0.32062           0           0           0
          25     0.34627           0           0           0
          25     0.37192           0           0           0
          25    0.397569           0           0           0
          25    0.423219           0           0           0
          25    0.448869           0           0           0
          25    0.474518           0           0           0
          25    0.500168           0           0           0
          25    0.525818           0           0           0
          25    0.551467           0           0           0
          25    0.577117           0           0           0
          25    0.602767           0           0           0
          25    0.628416           0           0           0
          25    0.654066           0           0           0
          25    0.679715           0           0           0
          25    0.705365           0           0           0
          25    0.731015           0           0           0
          25    0.756664           0           0           0
          25    0.782314           0           0           0
          25    0.807964           0           0           0
          25    0.833613           0           0           0
          25    0.859263           0 2.10085e-05 9.95957e-06
          25    0.884913  0.00117383   0.0013367 8.85145e-05
          25    0.910562   0.0240781   0.0257431 0.000621545
          25    0.936212     0.18759    0.176191  0.00145966
          25    0.961861    0.609722    0.583401  0.00284016
          25    0.987511     1.24075     1.22877  0.00314181
          25     1.01316     1.84303     1.88564  0.00610138
          25     1.03881     2.34369     2.35224   0.0073568
          25     1.06446      2.5131       2.546   0.0051715
          25     1.09011     2.50555     2.53788  0.00422063
          25     1.11576     2.41604      2.3957   0.0066615
          25     1.14141     2.19782     2.18057   0.0048846
          25     1.16706     1.96352     1.95382  0.00553754
          25     1.19271     1.75017     1.74781  0.00403412
          25     1.21836     1.58506     1.55671  0.00303893
          25     1.24401     1.42492     1.39175  0.00450252
          25     1.26966      1.2543     1.24232   0.0053086
          25     1.29531      1.1211     1.11819  0.00426413
          25     1.32096      1.0154      1.0113  0.00374745
          25     1.34661    0.921489    0.933469  0.00361235
          25     1.37226    0.857464    0.863341  0.00394276
          25     1.39791    0.812506    0.808216  0.00333693
          25     1.42355    0.764277     0.77118  0.00305537
          25      1.4492    0.729441    0.734616  0.00229828
          25     1.47485    0.700209    0.708653   0.0016449
          25      1.5005    0.679104    0.692948  0.00237424
          25     1.52615    0.674495    0.685068  0.00167015
          25      1.5518    0.641753    0.675887  0.00296443
          25     1.57745     0.65153    0.677162  0.00252496
          25      1.6031    0.668897    0.677344  0.00225319
          25     1.62875    0.691537    0.687513  0.00198244
          25      1.6544     0.71855    0.705661  0.00242613
          25     1.68005    0.720643    0.728135  0.00211572
          25      1.7057    0.742354    0.757044  0.00257835
          25     1.73135    0.786688    0.786515  0.00267395
          25       1.757    0.828713    0.819351  0.00206235
          25     1.78265    0.856296    0.855436   0.0023005
          25      1.8083    0.903989    0.896756  0.00262207
          25     1.83395    0.941668    0.938567  0.00289676
          25      1.8596     1.01143    0.982993   0.0032364
          25     1.88525     1.04132      1.0246  0.00232188
          25      1.9109     1.06845     1.06017  0.00309877
          25     1.93655     1.10133     1.09941  0.00314196
          25      1.9622     1.14678     1.13144  0.00245358
          25     1.98785     1.18505      1.1651  0.00230511
          25      2.0135     1.19465     1.18892  0.00207989
          25     2.03915      1.2015     1.20667  0.00247625
          25      2.0648     1.21601     1.21729  0.00252942
          25     2.09045     1.20033     1.21572  0.00248343
          25      2.1161     1.20239     1.20917  0.00229444
          25     2.14174      1.1975     1.19221  0.00240295
          25     2.16739     1.16097     1.17052  0.00282012
          25     2.19304      1.1431     1.14512  0.00206768
          25     2.21869     1.11685     1.11607  0.00248999
          25     2.24434     1.09114     1.08795  0.00248289
          25     2.26999     1.05788      1.0603  0.00182677
          25     2.29564     1.02488     1.03033  0.00219249
          25     2.32129     1.00253     1.00247  0.00173199
          25     2.34694    0.982255    0.977921  0.00174537
          25     2.37259    0.947209    0.959852  0.00216554
          25     2.39824    0.940494    0.939933  0.00233389
          25     2.42389      0.9242    0.924616  0.00157317
          25     2.44954    0.905816    0.912075   0.0016058
          25     2.47519    0.900508    0.902946  0.00196279
          25     2.50084    0.890437    0.897429   0.0023739
          25     2.52649    0.883853    0.890266  0.00189211
          25     2.55214     0.87788    0.890324   0.0015555

          26   0.0128248           0           0           0
          26   0.0384745           0           0           0
          26   0.0641241           0           0           0
          26   0.0897737           0           0           0
          26    0.115423           0           0           0
          26    0.141073           0           0           0
          26    0.166723           0           0           0
          26    0.192372           0           0           0
          26    0.218022           0           0           0
          26    0.243672           0           0           0
          26    0.269321           0           0           0
          26    0.294971           0           0           0
          26     0.32062           0           0           0
          26     0.34627           0           0           0
          26     0.37192           0           0           0
          26    0.397569           0           0           0
          26    0.423219           0           0           0
          26    0.448869           0           0           0
          26    0.474518           0           0           0
          26    0.500168           0           0           0
          26    0.525818           0           0           0
          26    0.551467           0           0           0
          26    0.577117           0           0           0
          26    0.602767           0           0           0
          26    0.628416           0           0           0
          26    0.654066           0           0           0
          26    0.679715           0           0           0
          26    0.705365           0           0           0
          26    0.731015           0           0           0
          26    0.756664           0           0           0
          26    0.782314           0           0           0
          26    0.807964           0           0           0
          26    0.833613           0           0           0
          26    0.859263           0 2.02005e-05 9.60923e-06
          26    0.884913  0.00108212   0.0013269   8.565e-05
          26    0.910562   0.0291189    0.025873  0.00061105
          26    0.936212    0.191523    0.176781  0.00151796
          26    0.961861    0.594725    0.583836  0.00276412
          26    0.987511     1.24036     1.22921  0.00305242
          26     1.01316     1.88314     1.88554  0.00586747
          26     1.03881     2.30388     2.35038  0.00730519
          26     1.06446     2.56862     2.54687  0.00504528
          26     1.09011     2.55672     2.53861     0.00412
          26     1.11576     2.38155     2.39515  0.00642749
          26     1.14141     2.14437     2.17918  0.00489112
          26     1.16706     1.95393     1.95383  0.00532456
          26     1.19271     1.72164     1.74681  0.00400256
          26     1.21836     1.52666     1.55556  0.00313424
          26     1.24401     1.38538     1.39151  0.00433602
          26     1.26966      1.2459     1.24246  0.00510621
          26     1.29531     1.16523        1.12  0.00446749
          26     1.32096     1.03752     1.01231  0.00373653
          26     1.34661    0.959436    0.934467  0.00360884
          26     1.37226    0.888431    0.864306  0.00390742
          26     1.39791    0.808728    0.808236  0.00320864
          26     1.42355    0.764702    0.770931    0.002948
          26      1.4492    0.727505    0.734343   0.0022261
          26     1.47485    0.703702    0.708463  0.00159262
          26      1.5005    0.687289     0.69273  0.00229287
          26     1.52615     0.68549    0.685084  0.00160599
          26      1.5518    0.669697    0.675649  0.00285996
          26     1.57745      0.6454     0.67594  0.00270727
          26      1.6031    0.661363    0.676729   0.0022488
          26     1.62875    0.670053    0.686842  0.00201673
          26      1.6544    0.701148    0.705488  0.00233901
          26     1.68005    0.726454    0.728071  0.00203534
          26      1.7057    0.775869    0.757768  0.00257885
          26     1.73135    0.784935    0.786454   0.0025718
          26       1.757    0.824935    0.819566  0.00199418
          26     1.78265    0.861295    0.855661  0.00222303
          26      1.8083    0.897005    0.896765  0.00252124
          26     1.83395    0.963452    0.939524  0.00293921
          26      1.8596    0.981977    0.982954  0.00311216
          26     1.88525     1.03707     1.02508  0.00228152
          26      1.9109     1.08793     1.06124  0.00315814
          26     1.93655     1.10124     1.09948   0.0030219
          26      1.9622     1.14629     1.13201  0.00242479
          26     1.98785      1.1613     1.16495  0.00222107
          26      2.0135     1.16566     1.18802  0.00218375
          26     2.03915     1.17443     1.20543  0.00267342
          26      2.0648     1.18397     1.21601  0.00273758
          26     2.09045      1.1905     1.21475  0.00257028
          26      2.1161     1.19084     1.20847  0.00231198
          26     2.14174     1.18904     1.19209  0.00231362
          26     2.16739     1.17058     1.17053  0.00271166
          26     2.19304      1.1574     1.14559   0.0020414
          26     2.21869     1.13098     1.11664  0.00245939
          26     2.24434     1.11433     1.08897  0.00258644
          26     2.26999     1.07549     1.06088  0.00184758
          26     2.29564     1.03826     1.03064  0.00212928
          26     2.32129     1.01226     1.00285  0.00170577
          26     2.34694    0.982214    0.978086  0.00168603
          26     2.37259    0.959653    0.959844  0.00208226
          26     2.39824    0.935509    0.939763  0.00225032
          26     2.42389    0.924066    0.924595  0.00151281
          26     2.44954    0.899283    0.911583  0.00161765
          26     2.47519    0.897434    0.902734  0.00189871
          26     2.50084    0.898955    0.897487  0.00228333
          26     2.52649    0.897089    0.890529  0.00183745
          26     2.55214    0.885589    0.890142  0.00150629

          27   0.0128248           0           0           0
          27   0.0384745           0           0           0
          27   0.0641241           0           0           0
          27   0.0897737           0           0           0
          27    0.115423           0           0           0
          27    0.141073           0           0           0
          27    0.166723           0           0           0
          27    0.192372           0           0           0
          27    0.218022           0           0           0
          27    0.243672           0           0           0
          27    0.269321           0           0           0
          27    0.294971           0           0           0
          27     0.32062           0           0           0
          27     0.34627           0           0           0
          27     0.37192           0           0           0
          27    0.397569           0           0           0
          27    0.423219           0           0           0
          27    0.448869           0           0           0
          27    0.474518           0           0           0
          27    0.500168           0           0           0
          27    0.525818           0           0           0
          27    0.551467           0           0           0
          27    0.577117           0           0           0
          27    0.602767           0           0           0
          27    0.628416           0           0           0
          27    0.654066           0           0           0
          27    0.679715           0           0           0
          27    0.705365           0           0           0
          27    0.731015           0           0           0
          27    0.756664           0           0           0
          27    0.782314           0           0           0
          27    0.807964           0           0           0
          27    0.833613           0           0           0
          27    0.859263           0 1.94523e-05 9.28242e-06
          27    0.884913  0.00209088   0.0013552 8.70262e-05
          27    0.910562   0.0300023   0.0260259 0.000607257
          27    0.936212    0.177824    0.176819  0.00146223
          27    0.961861    0.588252       0.584  0.00266658
          27    0.987511     1.23103     1.22928  0.00294011
          27     1.01316     1.88728     1.88561  0.00565051
          27     1.03881     2.39073     2.35188  0.00718582
          27     1.06446     2.56236     2.54744  0.00489094
          27     1.09011     2.54048     2.53868  0.00396798
          27     1.11576     2.43276     2.39655  0.00633855
          27     1.14141     2.20372     2.18009  0.00479366
          27     1.16706     1.95095     1.95372  0.00512842
          27     1.19271     1.75548     1.74713   0.0038672
          27     1.21836     1.55147     1.55541   0.0030218
          27     1.24401     1.37822     1.39102  0.00420328
          27     1.26966     1.21518     1.24145  0.00501606
          27     1.29531     1.12945     1.12035  0.00431573
          27     1.32096     0.99648     1.01172  0.00364385
          27     1.34661    0.920665    0.933956   0.0035112
          27     1.37226    0.823393    0.862791  0.00404587
          27     1.39791    0.794609    0.807731  0.00312925
          27     1.42355    0.738024    0.769712  0.00308046
          27      1.4492    0.710039    0.733443  0.00231851
          27     1.47485    0.690292     0.70779  0.00166978
          27      1.5005    0.699735     0.69299  0.00222258
          27     1.52615    0.672595    0.684622  0.00161175
          27      1.5518    0.665158    0.675261   0.0027803
          27     1.57745      0.6642    0.675505  0.00264169
          27      1.6031    0.677051    0.676741  0.00216554
          27     1.62875    0.695435     0.68716  0.00196699
          27      1.6544    0.708616    0.705604  0.00225525
          27     1.68005    0.734947    0.728325  0.00197582
          27      1.7057    0.752761    0.757582  0.00248999
          27     1.73135    0.806267    0.787188  0.00257911
          27       1.757    0.843164     0.82044  0.00210316
          27     1.78265    0.891094    0.856973  0.00249819
          27      1.8083      0.9158     0.89747   0.0025245
          27     1.83395    0.972731    0.940754  0.00307693
          27      1.8596       1.016    0.984178  0.00322863
          27     1.88525      1.0463     1.02587  0.00232838
          27      1.9109     1.07988     1.06193  0.00311576
          27     1.93655     1.11011     1.09987  0.00293553
          27      1.9622     1.12593     1.13178  0.00234541
          27     1.98785      1.1606     1.16479  0.00214465
          27      2.0135     1.17664      1.1876  0.00214317
          27     2.03915     1.20758     1.20551  0.00257559
          27      2.0648     1.20665     1.21566  0.00265804
          27     2.09045     1.19932     1.21418  0.00253783
          27      2.1161     1.18524     1.20761  0.00238102
          27     2.14174     1.18857     1.19196   0.0022316
          27     2.16739     1.16005     1.17014  0.00263882
          27     2.19304     1.12472     1.14482  0.00210703
          27     2.21869     1.09227     1.11574   0.0025286
          27     2.24434     1.06848     1.08821   0.0025996
          27     2.26999      1.0499     1.06047  0.00182335
          27     2.29564     1.02813     1.03054  0.00205243
          27     2.32129     1.00322     1.00286  0.00164265
          27     2.34694    0.971859    0.977856  0.00163928
          27     2.37259    0.951829    0.959547  0.00202619
          27     2.39824    0.940316    0.939783  0.00216706
          27     2.42389    0.925535     0.92463  0.00145718
          27     2.44954    0.915068    0.911712  0.00156288
          27     2.47519    0.907897    0.902925  0.00183799
          27     2.50084    0.895637    0.897419  0.00219979
          27     2.52649     0.89471    0.890684  0.00177591
          27     2.55214    0.890764    0.890165  0.00145068

          28   0.0128248           0           0           0
          28   0.0384745           0           0           0
          28   0.0641241           0           0           0
          28   0.0897737           0           0           0
          28    0.115423           0           0           0
          28    0.141073           0           0           0
          28    0.166723           0           0           0
          28    0.192372           0           0           0
          28    0.218022           0           0           0
          28    0.243672           0           0           0
          28    0.269321           0           0           0
          28    0.294971           0           0           0
          28     0.32062           0           0           0
          28     0.34627           0           0           0
          28     0.37192           0           0           0
          28    0.397569           0           0           0
          28    0.423219           0           0           0
          28    0.448869           0           0           0
          28    0.474518           0           0           0
          28    0.500168           0           0           0
          28    0.525818           0           0           0
          28    0.551467           0           0           0
          28    0.577117           0           0           0
          28    0.602767           0           0           0
          28    0.628416           0           0           0
          28    0.654066           0           0           0
          28    0.679715           0           0           0
          28    0.705365           0           0           0
          28    0.731015           0           0           0
          28    0.756664           0           0           0
          28    0.782314           0           0           0
          28    0.807964           0           0           0
          28    0.833613           0           0           0
          28    0.859263           0 1.87576e-05 8.97686e-06
          28    0.884913  0.00104544  0.00134414 8.46183e-05
          28    0.910562   0.0270402   0.0260621 0.000586649
          28    0.936212    0.184493    0.177093  0.00143546
          28    0.961861    0.577261    0.583759  0.00258219
          28    0.987511     1.24958     1.23001  0.00292309
          28     1.01316     1.93891     1.88751  0.00576045
          28     1.03881     2.37129     2.35257  0.00696257
          28     1.06446     2.54192     2.54725  0.00472024
          28     1.09011     2.57231     2.53988  0.00400395
          28     1.11576     2.43021     2.39775  0.00622515
          28     1.14141     2.22171     2.18158  0.00484745
          28     1.16706     1.98662      1.9549  0.00507808
          28     1.19271     1.72061     1.74618  0.00384328
          28     1.21836     1.55559     1.55541  0.00291389
          28     1.24401     1.35111     1.38959  0.00428803
          28     1.26966     1.18934     1.23959  0.00517065
          28     1.29531     1.08231     1.11899  0.00437016
          28     1.32096    0.965646     1.01008  0.00386752
          28     1.34661    0.906518    0.932976  0.00351988
          28     1.37226    0.846084    0.862194  0.00394513
          28     1.39791    0.800783    0.807483  0.00302731
          28     1.42355     0.75648     0.76924  0.00300647
          28      1.4492    0.748125    0.733967  0.00229423
          28     1.47485    0.714584    0.708032  0.00162769
          28      1.5005    0.694969     0.69306  0.00214433
          28     1.52615    0.684195    0.684606  0.00155426
          28      1.5518    0.667138     0.67497   0.0026961
          28     1.57745    0.657123    0.674849  0.00262765
          28      1.6031    0.668724    0.676455  0.00210704
          28     1.62875    0.692837    0.687363  0.00190716
          28      1.6544    0.729281    0.706449  0.00232785
          28     1.68005    0.741873    0.728809   0.0019636
          28      1.7057    0.759583    0.757654  0.00240209
          28     1.73135    0.800579    0.787666  0.00253095
          28       1.757    0.833985    0.820923  0.00208293
          28     1.78265    0.872739    0.857536  0.00247161
          28      1.8083    0.921875    0.898342  0.00258042
          28     1.83395    0.960513     0.94146  0.00304689
          28      1.8596    0.996709    0.984626  0.00314419
          28     1.88525     1.04559     1.02657  0.00234938
          28      1.9109      1.0725      1.0623  0.00302729
          28     1.93655     1.11053     1.10025  0.00285528
          28      1.9622     1.12328     1.13148  0.00228121
          28     1.98785     1.13905     1.16387  0.00225652
          28      2.0135     1.14884     1.18622  0.00247354
          28     2.03915     1.16995     1.20424  0.00277905
          28      2.0648      1.1993     1.21508  0.00262656
          28     2.09045     1.19866     1.21362  0.00250699
          28      2.1161     1.21114     1.20773  0.00229932
          28     2.14174     1.21343     1.19273  0.00227981
          28     2.16739     1.17552     1.17033  0.00255157
          28     2.19304     1.14723      1.1449  0.00203354
          28     2.21869      1.1193     1.11587  0.00244148
          28     2.24434     1.10245     1.08872  0.00255601
          28     2.26999     1.04914     1.06007  0.00180258
          28     2.29564     1.02076      1.0302  0.00200869
          28     2.32129    0.999292     1.00274  0.00158893
          28     2.34694    0.967384    0.977482  0.00162284
          28     2.37259    0.949194    0.959177  0.00198728
          28     2.39824    0.931933    0.939503  0.00210773
          28     2.42389    0.925926    0.924676  0.00140587
          28     2.44954    0.906589    0.911529  0.00151774
          28     2.47519    0.908866    0.903137  0.00178455
          28     2.50084    0.906759    0.897752  0.00214637
          28     2.52649    0.888655    0.890611  0.00171396
          28     2.55214    0.891677    0.890219  0.00139988

          29   0.0128248           0           0           0
          29   0.0384745           0           0           0
          29   0.0641241           0           0           0
          29   0.0897737           0           0           0
          29    0.115423           0           0           0
          29    0.141073           0           0           0
          29    0.166723           0           0           0
          29    0.192372           0           0           0
          29    0.218022           0           0           0
          29    0.243672           0           0           0
          29    0.269321           0           0           0
          29    0.294971           0           0           0
          29     0.32062           0           0           0
          29     0.34627           0           0           0
          29     0.37192           0           0           0
          29    0.397569           0           0           0
          29    0.423219           0           0           0
          29    0.448869           0           0           0
          29    0.474518           0           0           0
          29    0.500168           0           0           0
          29    0.525818           0           0           0
          29    0.551467           0           0           0
          29    0.577117           0           0           0
          29    0.602767           0           0           0
          29    0.628416           0           0           0
          29    0.654066           0           0           0
          29    0.679715           0           0           0
          29    0.705365           0           0           0
          29    0.731015           0           0           0
          29    0.756664           0           0           0
          29    0.782314           0           0           0
          29    0.807964           0           0           0
          29    0.833613           0           0           0
          29    0.859263           0 1.81108e-05 8.69059e-06
          29    0.884913  0.00139392  0.00134585 8.17179e-05
          29    0.910562   0.0252907   0.0260355 0.000567022
          29    0.936212    0.158455    0.176451  0.00152306
          29    0.961861    0.584122    0.583772  0.00249318
          29    0.987511     1.24774     1.23062  0.00288552
          29     1.01316     1.91283     1.88838  0.00562757
          29     1.03881     2.30491     2.35093  0.00691374
          29     1.06446     2.57206      2.5481  0.00463438
          29     1.09011     2.52904     2.53951  0.00388328
          29     1.11576     2.35958     2.39643  0.00614805
          29     1.14141     2.18175     2.18158   0.0046803
          29     1.16706     1.91666     1.95358  0.00507122
          29     1.19271     1.72627     1.74549   0.0037716
          29     1.21836      1.5426     1.55497   0.0028467
          29     1.24401     1.40265     1.39004  0.00416376
          29     1.26966     1.28922      1.2413  0.00526796
          29     1.29531     1.13906     1.11968  0.00427391
          29     1.32096     1.05379     1.01159  0.00401709
          29     1.34661    0.980973    0.934631  0.00376757
          29     1.37226    0.872986    0.862567   0.0038266
          29     1.39791    0.799335    0.807202  0.00293593
          29     1.42355     0.76208    0.768993  0.00291292
          29      1.4492    0.738215    0.734114  0.00221979
          29     1.47485    0.722449    0.708529  0.00164572
          29      1.5005    0.680686    0.692634  0.00211241
          29     1.52615    0.672577    0.684192  0.00155504
          29      1.5518    0.662265    0.674532  0.00263849
          29     1.57745    0.648638    0.673945  0.00268799
          29      1.6031    0.653545    0.675665  0.00217746
          29     1.62875    0.692615    0.687544  0.00184997
          29      1.6544     0.70341    0.706344  0.00224994
          29     1.68005    0.716078     0.72837  0.00194435
          29      1.7057    0.751714    0.757449  0.00232798
          29     1.73135    0.777474    0.787315  0.00246796
          29       1.757     0.82413    0.821034  0.00201404
          29     1.78265    0.851067    0.857313  0.00239643
          29      1.8083    0.918313    0.899031  0.00258169
          29     1.83395    0.942847    0.941508   0.0029422
          29      1.8596    0.989723    0.984801  0.00304068
          29     1.88525     1.01175     1.02606  0.00232332
          29      1.9109     1.04389     1.06167  0.00298872
          29     1.93655     1.09154     1.09995  0.00277258
          29      1.9622     1.10976     1.13073  0.00232229
          29     1.98785     1.13989     1.16304  0.00232527
          29      2.0135     1.17134      1.1857  0.00244088
          29     2.03915     1.19649     1.20397  0.00269603
          29      2.0648     1.23169     1.21565  0.00259772
          29     2.09045     1.23667     1.21442  0.00254338
          29      2.1161      1.2273     1.20841  0.00231693
          29     2.14174     1.20778     1.19325   0.0022595
          29     2.16739     1.17703     1.17056    0.002474
          29     2.19304     1.15776     1.14535  0.00201115
          29     2.21869      1.1173     1.11592  0.00235779
          29     2.24434     1.08363     1.08854  0.00247387
          29     2.26999     1.06572     1.06026  0.00175092
          29     2.29564     1.03816     1.03047   0.0019581
          29     2.32129     1.01158     1.00304   0.0015631
          29     2.34694    0.979377    0.977547  0.00156819
          29     2.37259    0.962462    0.959291  0.00192197
          29     2.39824    0.958389    0.940154  0.00213329
          29     2.42389    0.935016    0.925033  0.00140187
          29     2.44954    0.918819    0.911781  0.00148607
          29     2.47519    0.908577    0.903325  0.00173285
          29     2.50084    0.901812    0.897892  0.00207692
          29     2.52649    0.907791    0.891204  0.00175425
          29     2.55214    0.894818    0.890377  0.00136056

          30   0.0128248           0           0           0
          30   0.0384745           0           0           0
          30   0.0641241           0           0           0
          30   0.0897737           0           0           0
          30    0.115423           0           0           0
          30    0.141073           0           0           0
          30    0.166723           0           0           0
          30    0.192372           0           0           0
          30    0.218022           0           0           0
          30    0.243672           0           0           0
          30    0.269321           0           0           0
          30    0.294971           0           0           0
          30     0.32062           0           0           0
          30     0.34627           0           0           0
          30     0.37192           0           0           0
          30    0.397569           0           0           0
          30    0.423219           0           0           0
          30    0.448869           0           0           0
          30    0.474518           0           0           0
          30    0.500168           0           0           0
          30    0.525818           0           0           0
          30    0.551467           0           0           0
          30    0.577117           0           0           0
          30    0.602767           0           0           0
          30    0.628416           0           0           0
          30    0.654066           0           0           0
          30    0.679715           0           0           0
          30    0.705365           0           0           0
          30    0.731015           0           0           0
          30    0.756664           0           0           0
          30    0.782314           0           0           0
          30    0.807964           0           0           0
          30    0.833613           0           0           0
          30    0.859263           0 1.75071e-05 8.42184e-06
          30    0.884913   0.0017424  0.00135907 8.00558e-05
          30    0.910562   0.0229002    0.025931  0.00055767
          30    0.936212    0.170991    0.176269  0.00148313
          30    0.961861    0.578068    0.583582  0.00241731
          30    0.987511     1.25469     1.23142  0.00289874
          30     1.01316     1.89496      1.8886  0.00544425
          30     1.03881     2.34143     2.35061  0.00669053
          30     1.06446     2.51028     2.54684  0.00464824
          30     1.09011      2.5333      2.5393  0.00375935
          30     1.11576     2.42887     2.39752  0.00603746
          30     1.14141     2.19843     2.18214  0.00455785
          30     1.16706     1.94427     1.95327  0.00491166
          30     1.19271     1.68923     1.74362  0.00408561
          30     1.21836     1.54061     1.55449  0.00279177
          30     1.24401     1.38721     1.38995  0.00402604
          30     1.26966     1.24995     1.24159  0.00510024
          30     1.29531     1.12603     1.11989  0.00413668
          30     1.32096     1.02527     1.01204  0.00390901
          30     1.34661    0.963278    0.935586  0.00376105
          30     1.37226    0.898118    0.863752   0.0038782
          30     1.39791    0.829065    0.807931  0.00292712
          30     1.42355    0.778863    0.769322  0.00283434
          30      1.4492    0.751859    0.734705  0.00222321
          30     1.47485    0.734281    0.709388  0.00180087
          30      1.5005    0.707511     0.69313   0.0020994
          30     1.52615    0.661606    0.683439  0.00167556
          30      1.5518    0.650056    0.673716  0.00267371
          30     1.57745    0.660488    0.673496  0.00263555
          30      1.6031    0.675962    0.675675   0.0021049
          30     1.62875     0.68118    0.687332  0.00180043
          30      1.6544     0.71454    0.706618  0.00219146
          30     1.68005    0.750203    0.729098  0.00201112
          30      1.7057    0.743879    0.756997   0.0022939
          30     1.73135    0.789304    0.787381  0.00238658
          30       1.757    0.830998    0.821366   0.0019741
          30     1.78265    0.876156    0.857941  0.00239744
          30      1.8083    0.891716    0.898787  0.00250712
          30     1.83395    0.918219    0.940731  0.00294476
          30      1.8596    0.962161    0.984047  0.00303153
          30     1.88525      1.0035     1.02531  0.00236442
          30      1.9109     1.04903     1.06125  0.00291865
          30     1.93655     1.09119     1.09966  0.00269548
          30      1.9622     1.11991     1.13037  0.00227272
          30     1.98785     1.15082     1.16264   0.0022832
          30      2.0135     1.18932     1.18582  0.00236249
          30     2.03915      1.2052     1.20401  0.00260647
          30      2.0648     1.20649     1.21535  0.00252903
          30     2.09045     1.20428     1.21408  0.00248094
          30      2.1161     1.18531     1.20764  0.00236419
          30     2.14174     1.16788      1.1924  0.00233707
          30     2.16739     1.16608     1.17041  0.00239604
          30     2.19304     1.15082     1.14553  0.00195236
          30     2.21869      1.1275      1.1163  0.00231059
          30     2.24434     1.09878     1.08888  0.00241486
          30     2.26999     1.07513     1.06076  0.00176131
          30     2.29564     1.05521     1.03129  0.00205922
          30     2.32129     1.03079     1.00397   0.0017635
          30     2.34694       1.004    0.978429  0.00174623
          30     2.37259       0.975    0.959814  0.00192792
          30     2.39824    0.953702    0.940606  0.00210943
          30     2.42389    0.932908    0.925295   0.0013795
          30     2.44954    0.917825    0.911982  0.00145013
          30     2.47519    0.909412    0.903528  0.00168692
          30     2.50084    0.915566    0.898481  0.00208957
          30     2.52649    0.897762    0.891422  0.00170934
          30     2.55214    0.893093    0.890468  0.00131821

          31   0.0128248           0           0           0
          31   0.0384745           0           0           0
          31   0.0641241           0           0           0
          31   0.0897737           0           0           0
          31    0.115423           0           0           0
          31    0.141073           0           0           0
          31    0.166723           0           0           0
          31    0.192372           0           0           0
          31    0.218022           0           0           0
          31    0.243672           0           0           0
          31    0.269321           0           0           0
          31    0.294971           0           0           0
          31     0.32062           0           0           0
          31     0.34627           0           0           0
          31     0.37192           0           0           0
          31    0.397569           0           0           0
          31    0.423219           0           0           0
          31    0.448869           0           0           0
          31    0.474518           0           0           0
          31    0.500168           0           0           0
          31    0.525818           0           0           0
          31    0.551467           0           0           0
          31    0.577117           0           0           0
          31    0.602767           0           0           0
          31    0.628416           0           0           0
          31    0.654066           0           0           0
          31    0.679715           0           0           0
          31    0.705365           0           0           0
          31    0.731015           0           0           0
          31    0.756664           0           0           0
          31    0.782314           0           0           0
          31    0.807964           0           0           0
          31    0.833613           0           0           0
          31    0.859263           0 1.69423e-05 8.16908e-06
          31    0.884913 0.000678619  0.00133712 8.04263e-05
          31    0.910562   0.0256544   0.0259221 0.000539752
          31    0.936212    0.177512    0.176309  0.00143582
          31    0.961861    0.573302     0.58325  0.00236196
          31    0.987511     1.22457      1.2312  0.00281364
          31     1.01316     1.86377      1.8878  0.00532723
          31     1.03881     2.34583     2.35045  0.00647648
          31     1.06446     2.52843     2.54625  0.00453608
          31     1.09011     2.56577     2.54015  0.00373382
          31     1.11576     2.37977     2.39694  0.00586977
          31     1.14141     2.20869       2.183  0.00449055
          31     1.16706     1.96274     1.95357   0.0047627
          31     1.19271     1.76065     1.74417  0.00399061
          31     1.21836     1.55821     1.55461  0.00270429
          31     1.24401     1.39197     1.39001  0.00389669
          31     1.26966     1.23929     1.24151  0.00493625
          31     1.29531     1.09668     1.11914  0.00407047
          31     1.32096    0.981113     1.01104  0.00390817
          31     1.34661    0.935381     0.93558  0.00363973
          31     1.37226    0.842537    0.863067    0.003813
          31     1.39791    0.793624    0.807469  0.00286885
          31     1.42355    0.766034    0.769216   0.0027449
          31      1.4492    0.740862    0.734904  0.00216035
          31     1.47485    0.730267    0.710061  0.00186447
          31      1.5005    0.709335    0.693652  0.00209576
          31     1.52615    0.701289    0.684015   0.0017176
          31      1.5518    0.686839     0.67414  0.00262075
          31     1.57745    0.694873    0.674186   0.0026392
          31      1.6031    0.683847    0.675938  0.00205344
          31     1.62875    0.714434    0.688206  0.00194306
          31      1.6544    0.715574    0.706907  0.00213973
          31     1.68005    0.718394    0.728753  0.00197567
          31      1.7057    0.738819     0.75641  0.00229362
          31     1.73135    0.785385    0.787317  0.00231046
          31       1.757    0.819864    0.821318  0.00191102
          31     1.78265    0.846972    0.857588  0.00234608
          31      1.8083    0.887781    0.898432  0.00245126
          31     1.83395    0.912868    0.939832  0.00298378
          31      1.8596    0.986616     0.98413  0.00293487
          31     1.88525     1.01162     1.02487  0.00232905
          31      1.9109     1.03503      1.0604  0.00294447
          31     1.93655     1.07241     1.09878  0.00274811
          31      1.9622     1.13105     1.13039  0.00219951
          31     1.98785     1.17363     1.16299   0.0022369
          31      2.0135     1.19837     1.18623  0.00232068
          31     2.03915     1.21446     1.20435  0.00254407
          31      2.0648     1.22636      1.2157  0.00247228
          31     2.09045     1.21737     1.21419  0.00240319
          31      2.1161     1.21047     1.20773  0.00228969
          31     2.14174     1.20134     1.19269  0.00227938
          31     2.16739     1.17452     1.17055   0.0023224
          31     2.19304     1.14577     1.14554   0.0018894
          31     2.21869     1.12972     1.11674  0.00227622
          31     2.24434     1.09129     1.08896  0.00233821
          31     2.26999     1.06116     1.06077  0.00170454
          31     2.29564     1.02821      1.0312   0.0019952
          31     2.32129     1.00863     1.00412  0.00171302
          31     2.34694    0.987155     0.97871  0.00171244
          31     2.37259    0.952161    0.959567  0.00188147
          31     2.39824    0.924494    0.940086  0.00210444
          31     2.42389    0.904699    0.924631  0.00148641
          31     2.44954    0.899137    0.911568  0.00146135
          31     2.47519    0.900482    0.903429  0.00163537
          31     2.50084    0.905142    0.898696  0.00203318
          31     2.52649    0.902473    0.891779  0.00169096
          31     2.55214    0.896701    0.890669  0.00129093

          32   0.0128248           0           0           0
          32   0.0384745           0           0           0
          32   0.0641241           0           0           0
          32   0.0897737           0           0           0
          32    0.115423           0           0           0
          32    0.141073           0           0           0
          32    0.166723           0           0           0
          32    0.192372           0           0           0
          32    0.218022           0           0           0
          32    0.243672           0           0           0
          32    0.269321           0           0           0
          32    0.294971           0           0           0
          32     0.32062           0           0           0
          32     0.34627           0           0           0
          32     0.37192           0           0           0
          32    0.397569           0           0           0
          32    0.423219           0           0           0
          32    0.448869           0           0           0
          32    0.474518           0           0           0
          32    0.500168           0           0           0
          32    0.525818           0           0           0
          32    0.551467           0           0           0
          32    0.577117           0           0           0
          32    0.602767           0           0           0
          32    0.628416           0           0           0
          32    0.654066           0           0           0
          32    0.679715           0           0           0
          32    0.705365           0           0           0
          32    0.731015           0           0           0
          32    0.756664           0           0           0
          32    0.782314           0           0           0
          32    0.807964           0           0           0
          32    0.833613           0           0           0
          32    0.859263           0 1.64129e-05 7.93094e-06
          32    0.884913  0.00165069  0.00134692 7.85077e-05
          32    0.910562   0.0272654   0.0259641 0.000524515
          32    0.936212    0.191424    0.176781   0.0014666
          32    0.961861    0.605437    0.583943  0.00238775
          32    0.987511     1.23298     1.23125  0.00272626
          32     1.01316     1.86446     1.88707  0.00521046
          32     1.03881     2.30861     2.34915  0.00640476
          32     1.06446     2.52581     2.54561  0.00443908
          32     1.09011     2.52308     2.53962  0.00365504
          32     1.11576     2.38624     2.39661  0.00569585
          32     1.14141     2.21264     2.18393  0.00444471
          32     1.16706       1.998     1.95496  0.00481196
          32     1.19271     1.77303     1.74507  0.00396654
          32     1.21836     1.54744     1.55439  0.00262905
          32     1.24401      1.3982     1.39027  0.00378331
          32     1.26966     1.23348     1.24126  0.00478838
          32     1.29531     1.08628     1.11812   0.0040708
          32     1.32096     1.00766     1.01094  0.00378748
          32     1.34661    0.917394    0.935011  0.00357008
          32     1.37226    0.851873    0.862717  0.00370985
          32     1.39791    0.801047    0.807269  0.00278621
          32     1.42355    0.771782    0.769296  0.00266029
          32      1.4492    0.733551    0.734861  0.00209325
          32     1.47485    0.727797    0.710615  0.00188679
          32      1.5005    0.701884     0.69391  0.00204599
          32     1.52615    0.700888    0.684542  0.00174298
          32      1.5518    0.671713    0.674064  0.00253995
          32     1.57745    0.684933    0.674522  0.00257801
          32      1.6031    0.698434    0.676641  0.00210617
          32     1.62875    0.693421    0.688369  0.00188916
          32      1.6544    0.718035    0.707254  0.00210094
          32     1.68005     0.72968    0.728782  0.00191414
          32      1.7057    0.752598    0.756291  0.00222504
          32     1.73135    0.764748    0.786611  0.00234343
          32       1.757    0.817435    0.821196  0.00185514
          32     1.78265    0.862524    0.857742  0.00227783
          32      1.8083    0.911974    0.898855  0.00241091
          32     1.83395    0.936539     0.93973  0.00289231
          32      1.8596    0.972465    0.983765   0.0028657
          32     1.88525    0.997807     1.02402   0.0024049
          32      1.9109     1.05775     1.06032  0.00285362
          32     1.93655     1.08584     1.09838  0.00269181
          32      1.9622     1.13303     1.13047  0.00213232
          32     1.98785     1.16085     1.16292    0.002168
          32      2.0135     1.19937     1.18664  0.00228422
          32     2.03915     1.21298     1.20462  0.00247881
          32      2.0648     1.19953      1.2152  0.00244615
          32     2.09045     1.21344     1.21416   0.0023282
          32      2.1161     1.20574     1.20767  0.00221898
          32     2.14174     1.20082     1.19294  0.00222227
          32     2.16739     1.17807     1.17078  0.00226169
          32     2.19304     1.14457     1.14551   0.0018306
          32     2.21869     1.12017     1.11684  0.00220762
          32     2.24434     1.09389     1.08911  0.00227022
          32     2.26999     1.06429     1.06088   0.0016548
          32     2.29564     1.03703     1.03138  0.00194116
          32     2.32129    0.997448     1.00391  0.00167211
          32     2.34694    0.973408    0.978544  0.00166693
          32     2.37259     0.95435    0.959404  0.00182973
          32     2.39824    0.945296    0.940249  0.00204497
          32     2.42389    0.916905     0.92439  0.00145944
          32     2.44954    0.905143    0.911367  0.00142941
          32     2.47519     0.88634    0.902895  0.00166918
          32     2.50084    0.903551    0.898848   0.0019753
          32     2.52649    0.901564    0.892084  0.00166554
          32     2.55214    0.893358    0.890753  0.00125332

          33   0.0128248           0           0           0
          33   0.0384745           0           0           0
          33   0.0641241           0           0           0
          33   0.0897737           0           0           0
          33    0.115423           0           0           0
          33    0.141073           0           0           0
          33    0.166723           0           0           0
          33    0.192372           0           0           0
          33    0.218022           0           0           0
          33    0.243672           0           0           0
          33    0.269321           0           0           0
          33    0.294971           0           0           0
          33     0.32062           0           0           0
          33     0.34627           0           0           0
          33     0.37192           0           0           0
          33    0.397569           0           0           0
          33    0.423219           0           0           0
          33    0.448869           0           0           0
          33    0.474518           0           0           0
          33    0.500168           0           0           0
          33    0.525818           0           0           0
          33    0.551467           0           0           0
          33    0.577117           0           0           0
          33    0.602767           0           0           0
          33    0.628416           0           0           0
          33    0.654066           0           0           0
          33    0.679715           0           0           0
          33    0.705365           0           0           0
          33    0.731015           0           0           0
          33    0.756664           0           0           0
          33    0.782314           0           0           0
          33    0.807964           0           0           0
          33    0.833613           0           0           0
          33    0.859263           0 1.59155e-05 7.70618e-06
          33    0.884913  0.00229263  0.00137558 8.11909e-05
          33    0.910562   0.0323235   0.0261568 0.000542869
          33    0.936212    0.178004    0.176818  0.00142262
          33    0.961861    0.593157    0.584223  0.00233166
          33    0.987511     1.18769     1.22993    0.002946
          33     1.01316     1.89325     1.88726  0.00505594
          33     1.03881     2.35335     2.34927  0.00621195
          33     1.06446     2.57757     2.54658  0.00440898
          33     1.09011     2.57625     2.54073  0.00370902
          33     1.11576     2.42736     2.39754  0.00559897
          33     1.14141     2.24443     2.18576  0.00467292
          33     1.16706     1.93402     1.95433  0.00470779
          33     1.19271     1.76454     1.74566  0.00388999
          33     1.21836     1.48202      1.5522  0.00334104
          33     1.24401     1.32613     1.38832  0.00413787
          33     1.26966      1.2474     1.24145  0.00464688
          33     1.29531     1.09752     1.11749  0.00399499
          33     1.32096     1.02787     1.01145  0.00370731
          33     1.34661    0.941544    0.935209  0.00346738
          33     1.37226    0.879141    0.863215  0.00363066
          33     1.39791    0.800922    0.807076  0.00270841
          33     1.42355    0.759322    0.768994  0.00259678
          33      1.4492     0.73896    0.734986   0.0020335
          33     1.47485    0.694636    0.710131  0.00189073
          33      1.5005    0.681075    0.693521  0.00202062
          33     1.52615    0.657579    0.683725  0.00187189
          33      1.5518    0.657989    0.673577  0.00250926
          33     1.57745    0.659426    0.674064  0.00254014
          33      1.6031    0.673659    0.676551  0.00204429
          33     1.62875    0.685522    0.688283  0.00183388
          33      1.6544    0.717899    0.707577  0.00206188
          33     1.68005    0.747043    0.729335  0.00193447
          33      1.7057    0.764347    0.756535  0.00217096
          33     1.73135    0.801485    0.787062  0.00231536
          33       1.757    0.850451    0.822083  0.00199955
          33     1.78265    0.884834    0.858563   0.0023521
          33      1.8083    0.908056    0.899134  0.00235392
          33     1.83395    0.953262     0.94014  0.00283359
          33      1.8596    0.979123    0.983624  0.00278231
          33     1.88525     1.03055     1.02422  0.00234015
          33      1.9109     1.07558     1.06078  0.00280435
          33     1.93655     1.10747     1.09865  0.00262431
          33      1.9622     1.12733     1.13038  0.00206982
          33     1.98785      1.1404     1.16224  0.00220713
          33      2.0135     1.17659     1.18633  0.00223522
          33     2.03915     1.20708     1.20469  0.00240482
          33      2.0648       1.206     1.21492  0.00238785
          33     2.09045      1.1944     1.21356  0.00233337
          33      2.1161     1.20478     1.20758  0.00215346
          33     2.14174     1.17898     1.19252  0.00219482
          33     2.16739     1.16625     1.17064  0.00219733
          33     2.19304     1.14128     1.14538  0.00177961
          33     2.21869     1.11254     1.11671  0.00214457
          33     2.24434     1.08865      1.0891  0.00220146
          33     2.26999     1.04302     1.06034  0.00169086
          33     2.29564     1.02264     1.03111  0.00190031
          33     2.32129     1.01725     1.00431  0.00166961
          33     2.34694    0.994196    0.979019  0.00168253
          33     2.37259    0.966751    0.959627  0.00178777
          33     2.39824    0.927063    0.939849  0.00202166
          33     2.42389    0.916478     0.92415  0.00143477
          33     2.44954    0.917074     0.91154  0.00139651
          33     2.47519      0.9077    0.903041  0.00162494
          33     2.50084      0.8947    0.898722  0.00191944
          33     2.52649    0.894447    0.892156  0.00161661
          33     2.55214    0.887406    0.890651  0.00121944

          34   0.0128248           0           0           0
          34   0.0384745           0           0           0
          34   0.0641241           0           0           0
          34   0.0897737           0           0           0
          34    0.115423           0           0           0
          34    0.141073           0           0           0
          34    0.166723           0           0           0
          34    0.192372           0           0           0
          34    0.218022           0           0           0
          34    0.243672           0           0           0
          34    0.269321           0           0           0
          34    0.294971           0           0           0
          34     0.32062           0           0           0
          34     0.34627           0           0           0
          34     0.37192           0           0           0
          34    0.397569           0           0           0
          34    0.423219           0           0           0
          34    0.448869           0           0           0
          34    0.474518           0           0           0
          34    0.500168           0           0           0
          34    0.525818           0           0           0
          34    0.551467           0           0           0
          34    0.577117           0           0           0
          34    0.602767           0           0           0
          34    0.628416           0           0           0
          34    0.654066           0           0           0
          34    0.679715           0           0           0
          34    0.705365           0           0           0
          34    0.731015           0           0           0
          34    0.756664           0           0           0
          34    0.782314           0           0           0
          34    0.807964           0           0           0
          34    0.833613           0           0           0
          34    0.859263           0 1.54474e-05 7.49374e-06
          34    0.884913  0.00113714  0.00136857 7.91052e-05
          34    0.910562   0.0276811   0.0262016  0.00052875
          34    0.936212    0.171646    0.176666  0.00138889
          34    0.961861    0.611196    0.585016  0.00239425
          34    0.987511     1.23622     1.23012  0.00286514
          34     1.01316     1.90731     1.88785  0.00494152
          34     1.03881     2.34671      2.3492   0.0060297
          34     1.06446     2.54544     2.54654  0.00427943
          34     1.09011     2.59583     2.54235  0.00393811
          34     1.11576     2.43846     2.39874  0.00556214
          34     1.14141     2.16427     2.18513  0.00457801
          34     1.16706     1.91504     1.95317    0.004709
          34     1.19271     1.71352     1.74471   0.0038887
          34     1.21836     1.50987     1.55095  0.00346696
          34     1.24401     1.30336     1.38583  0.00471063
          34     1.26966     1.22406     1.24094  0.00453826
          34     1.29531     1.09702     1.11689  0.00392261
          34     1.32096     1.03094     1.01203  0.00364233
          34     1.34661    0.951429    0.935686  0.00339805
          34     1.37226    0.883176    0.863802  0.00357103
          34     1.39791    0.816298    0.807347   0.0026423
          34     1.42355    0.767622    0.768953  0.00252072
          34      1.4492    0.728989    0.734809  0.00198132
          34     1.47485    0.703306    0.709931  0.00184574
          34      1.5005      0.6829    0.693208  0.00198519
          34     1.52615    0.689751    0.683902  0.00182521
          34      1.5518    0.685676    0.673933  0.00246056
          34     1.57745    0.678549    0.674196  0.00246886
          34      1.6031    0.676923    0.676562  0.00198419
          34     1.62875    0.712376    0.688991  0.00191196
          34      1.6544    0.722816    0.708025  0.00204938
          34     1.68005     0.73571    0.729522  0.00188664
          34      1.7057    0.767294    0.756852  0.00213005
          34     1.73135    0.793257    0.787244  0.00225442
          34       1.757    0.839289    0.822589  0.00200375
          34     1.78265    0.890773     0.85951  0.00246633
          34      1.8083    0.916336     0.89964  0.00233843
          34     1.83395    0.938969    0.940105  0.00275046
          34      1.8596    0.970277    0.983232  0.00272804
          34     1.88525     1.00879     1.02377  0.00231491
          34      1.9109     1.04254     1.06025  0.00277269
          34     1.93655     1.09344      1.0985   0.0025516
          34      1.9622     1.12978     1.13036  0.00200902
          34     1.98785     1.16557     1.16234  0.00214438
          34      2.0135     1.19606     1.18662   0.0021877
          34     2.03915     1.20807     1.20479  0.00233614
          34      2.0648     1.21724     1.21499  0.00231859
          34     2.09045     1.20285     1.21325  0.00228591
          34      2.1161     1.20533     1.20751  0.00209114
          34     2.14174     1.18112     1.19219  0.00215572
          34     2.16739     1.15629     1.17022  0.00217285
          34     2.19304     1.12104     1.14466  0.00186566
          34     2.21869     1.12132     1.11685  0.00208577
          34     2.24434     1.08132     1.08887  0.00214858
          34     2.26999     1.06416     1.06045  0.00164484
          34     2.29564     1.03888     1.03134  0.00185808
          34     2.32129    0.995798     1.00406  0.00163917
          34     2.34694    0.960062    0.978461  0.00172295
          34     2.37259    0.952176    0.959408  0.00174857
          34     2.39824    0.935162    0.939711  0.00196689
          34     2.42389    0.924276    0.924154  0.00139258
          34     2.44954    0.909727    0.911487  0.00135646
          34     2.47519    0.904034     0.90307  0.00157741
          34     2.50084    0.880296     0.89818  0.00193798
          34     2.52649    0.896749    0.892291   0.0015747
          34     2.55214    0.891538    0.890678  0.00118385

          35   0.0128248           0           0           0
          35   0.0384745           0           0           0
          35   0.0641241           0           0           0
          35   0.0897737           0           0           0
          35    0.115423           0           0           0
          35    0.141073           0           0           0
          35    0.166723           0           0           0
          35    0.192372           0           0           0
          35    0.218022           0           0           0
          35    0.243672           0           0           0
          35    0.269321           0           0           0
          35    0.294971           0           0           0
          35     0.32062           0           0           0
          35     0.34627           0           0           0
          35     0.37192           0           0           0
          35    0.397569           0           0           0
          35    0.423219           0           0           0
          35    0.448869           0           0           0
          35    0.474518           0           0           0
          35    0.500168           0           0           0
          35    0.525818           0           0           0
          35    0.551467           0           0           0
          35    0.577117           0           0           0
          35    0.602767           0           0           0
          35    0.628416           0           0           0
          35    0.654066           0           0           0
          35    0.679715           0           0           0
          35    0.705365           0           0           0
          35    0.731015           0           0           0
          35    0.756664           0           0           0
          35    0.782314           0           0           0
          35    0.807964           0           0           0
          35    0.833613           0           0           0
          35    0.859263           0 1.50061e-05 7.29261e-06
          35    0.884913  0.00119217  0.00136353 7.70054e-05
          35    0.910562   0.0280796   0.0262553 0.000516358
          35    0.936212    0.159684    0.176181  0.00143145
          35    0.961861    0.579776    0.584866  0.00233052
          35    0.987511     1.23227     1.23018  0.00278394
          35     1.01316     1.83758     1.88641  0.00500472
          35     1.03881     2.32745     2.34858  0.00588935
          35     1.06446     2.54638     2.54654  0.00415716
          35     1.09011     2.54726     2.54249  0.00382809
          35     1.11576     2.41901     2.39932  0.00543328
          35     1.14141     2.18759      2.1852  0.00444775
          35     1.16706     1.97745     1.95386  0.00462525
          35     1.19271     1.74357     1.74468  0.00377773
          35     1.21836     1.56786     1.55143  0.00340138
          35     1.24401     1.40559     1.38639  0.00460975
          35     1.26966     1.25853     1.24144  0.00443635
          35     1.29531     1.12136     1.11702  0.00381261
          35     1.32096     1.01716     1.01217  0.00354121
          35     1.34661    0.934431     0.93565  0.00330116
          35     1.37226    0.882062    0.864324   0.0035069
          35     1.39791    0.819525    0.807695  0.00258961
          35     1.42355     0.76619    0.768874  0.00244994
          35      1.4492    0.714573    0.734231   0.0020073
          35     1.47485    0.694062    0.709477  0.00184785
          35      1.5005    0.688839    0.693083  0.00193239
          35     1.52615    0.691305    0.684114  0.00178527
          35      1.5518    0.676353    0.674002  0.00239123
          35     1.57745    0.681389    0.674402  0.00240686
          35      1.6031    0.659055    0.676062  0.00198955
          35     1.62875    0.671862    0.688502  0.00191895
          35      1.6544    0.677817    0.707162  0.00216495
          35     1.68005    0.700375     0.72869  0.00200815
          35      1.7057    0.754488    0.756784  0.00207026
          35     1.73135    0.795562    0.787482   0.0022025
          35       1.757    0.826289    0.822695  0.00194929
          35     1.78265    0.858705    0.859487  0.00239597
          35      1.8083    0.905649    0.899811  0.00227791
          35     1.83395    0.954219    0.940508  0.00270127
          35      1.8596    0.989221    0.983403  0.00265545
          35     1.88525    0.996505     1.02299   0.0023762
          35      1.9109     1.04968     1.05994  0.00270987
          35     1.93655     1.10819     1.09878  0.00249367
          35      1.9622     1.13413     1.13047   0.0019545
          35     1.98785     1.17738     1.16277  0.00212576
          35      2.0135     1.20348      1.1871   0.0021776
          35     2.03915     1.19098      1.2044  0.00230247
          35      2.0648     1.21275     1.21492  0.00225323
          35     2.09045     1.22275     1.21352  0.00223666
          35      2.1161     1.20722     1.20751  0.00203141
          35     2.14174     1.19317     1.19221  0.00209431
          35     2.16739     1.17522     1.17036  0.00211545
          35     2.19304     1.15999      1.1451  0.00186302
          35     2.21869     1.14708     1.11771   0.0021978
          35     2.24434     1.10499     1.08933  0.00213596
          35     2.26999     1.06317     1.06053  0.00159968
          35     2.29564     1.02198     1.03107  0.00182415
          35     2.32129    0.998165     1.00389  0.00160098
          35     2.34694    0.977716     0.97844  0.00167386
          35     2.37259    0.959719    0.959417  0.00169863
          35     2.39824    0.928901    0.939403  0.00193479
          35     2.42389    0.918761    0.923999  0.00136129
          35     2.44954    0.905744    0.911323  0.00132759
          35     2.47519    0.902918    0.903066  0.00153234
          35     2.50084     0.88536    0.897814  0.00191692
          35     2.52649    0.888741     0.89219  0.00153297
          35     2.55214    0.880557    0.890388  0.00118482

          36   0.0128248           0           0           0
          36   0.0384745           0           0           0
          36   0.0641241           0           0           0
          36   0.0897737           0           0           0
          36    0.115423           0           0           0
          36    0.141073           0           0           0
          36    0.166723           0           0           0
          36    0.192372           0           0           0
          36    0.218022           0           0           0
          36    0.243672           0           0           0
          36    0.269321           0           0           0
          36    0.294971           0           0           0
          36     0.32062           0           0           0
          36     0.34627           0           0           0
          36     0.37192           0           0           0
          36    0.397569           0           0           0
          36    0.423219           0           0           0
          36    0.448869           0           0           0
          36    0.474518           0           0           0
          36    0.500168           0           0           0
          36    0.525818           0           0           0
          36    0.551467           0           0           0
          36    0.577117           0           0           0
          36    0.602767           0           0           0
          36    0.628416           0           0           0
          36    0.654066           0           0           0
          36    0.679715           0           0           0
          36    0.705365           0           0           0
          36    0.731015           0           0           0
          36    0.756664           0           0           0
          36    0.782314           0           0           0
          36    0.807964           0           0           0
          36    0.833613           0           0           0
          36    0.859263           0 1.45892e-05 7.10194e-06
          36    0.884913 0.000660278  0.00134399 7.73045e-05
          36    0.910562   0.0218435   0.0261327 0.000516353
          36    0.936212    0.173203    0.176098  0.00139408
          36    0.961861    0.593763    0.585113  0.00227885
          36    0.987511      1.2348     1.23031  0.00270957
          36     1.01316     1.89135     1.88655  0.00486758
          36     1.03881     2.32367     2.34789  0.00576625
          36     1.06446     2.55872     2.54688  0.00405544
          36     1.09011     2.51827     2.54182  0.00378039
          36     1.11576      2.3641     2.39834  0.00536971
          36     1.14141     2.17439      2.1849  0.00433432
          36     1.16706     1.94862     1.95372  0.00449907
          36     1.19271     1.73158     1.74432   0.0036903
          36     1.21836     1.55667     1.55158  0.00331001
          36     1.24401     1.36867      1.3859  0.00450792
          36     1.26966     1.23444     1.24125  0.00431738
          36     1.29531     1.11946     1.11709  0.00370731
          36     1.32096     1.01129     1.01215  0.00344293
          36     1.34661    0.932395     0.93556  0.00321069
          36     1.37226    0.870652      0.8645  0.00341389
          36     1.39791    0.814549    0.807886  0.00252467
          36     1.42355    0.758529    0.768587  0.00239868
          36      1.4492     0.76358    0.735046  0.00211062
          36     1.47485    0.733113    0.710134   0.0019096
          36      1.5005    0.702395    0.693342  0.00189594
          36     1.52615    0.707813    0.684772  0.00185309
          36      1.5518    0.677755    0.674106  0.00232708
          36     1.57745    0.676263    0.674453  0.00234055
          36      1.6031    0.696422    0.676627  0.00201307
          36     1.62875    0.709696    0.689091  0.00195387
          36      1.6544    0.716671    0.707426  0.00212086
          36     1.68005    0.726836    0.728638  0.00195302
          36      1.7057    0.758058     0.75682  0.00201306
          36     1.73135    0.788873    0.787521  0.00214166
          36       1.757    0.813634    0.822443  0.00191132
          36     1.78265     0.84247    0.859014  0.00237559
          36      1.8083    0.900242    0.899823  0.00221466
          36     1.83395    0.943974    0.940605  0.00262795
          36      1.8596    0.982671    0.983383  0.00258177
          36     1.88525      1.0156     1.02278  0.00231903
          36      1.9109     1.05359     1.05977  0.00264034
          36     1.93655     1.08449     1.09838  0.00245577
          36      1.9622     1.10441     1.12974  0.00202987
          36     1.98785     1.14606      1.1623  0.00211678
          36      2.0135     1.16567     1.18651  0.00219697
          36     2.03915     1.20378     1.20438  0.00223857
          36      2.0648     1.21973     1.21506  0.00219459
          36     2.09045     1.21424     1.21354  0.00217462
          36      2.1161     1.20543     1.20745   0.0019758
          36     2.14174     1.18115     1.19191  0.00205854
          36     2.16739     1.14892     1.16977  0.00213894
          36     2.19304     1.13475     1.14481  0.00183333
          36     2.21869      1.1151     1.11764  0.00213795
          36     2.24434      1.0789     1.08904   0.0020962
          36     2.26999     1.06023     1.06052  0.00155526
          36     2.29564     1.04168     1.03137  0.00179711
          36     2.32129     1.01272     1.00414  0.00157519
          36     2.34694     0.99829    0.978991  0.00171578
          36     2.37259    0.967088     0.95963  0.00166476
          36     2.39824    0.954096    0.939811  0.00192362
          36     2.42389    0.929725    0.924159  0.00133273
          36     2.44954    0.930132    0.911845  0.00138972
          36     2.47519    0.918128    0.903484  0.00154585
          36     2.50084    0.903418     0.89797  0.00186998
          36     2.52649    0.888813    0.892096  0.00149325
          36     2.55214    0.893009    0.890461  0.00115414

          37   0.0128248           0           0           0
          37   0.0384745           0           0           0
          37   0.0641241           0           0           0
          37   0.0897737           0           0           0
          37    0.115423           0           0           0
          37    0.141073           0           0           0
          37    0.166723           0           0           0
          37    0.192372           0           0           0
          37    0.218022           0           0           0
          37    0.243672           0           0           0
          37    0.269321           0           0           0
          37    0.294971           0           0           0
          37     0.32062           0           0           0
          37     0.34627           0           0           0
          37     0.37192           0           0           0
          37    0.397569           0           0           0
          37    0.423219           0           0           0
          37    0.448869           0           0           0
          37    0.474518           0           0           0
          37    0.500168           0           0           0
          37    0.525818           0           0           0
          37    0.551467           0           0           0
          37    0.577117           0           0           0
          37    0.602767           0           0           0
          37    0.628416           0           0           0
          37    0.654066           0           0           0
          37    0.679715           0           0           0
          37    0.705365           0           0           0
          37    0.731015           0           0           0
          37    0.756664           0           0           0
          37    0.782314           0           0           0
          37    0.807964           0           0           0
          37    0.833613           0           0           0
          37    0.859263           0 1.41949e-05 6.92094e-06
          37    0.884913  0.00203586  0.00136269 7.74437e-05
          37    0.910562   0.0282701   0.0261905 0.000505618
          37    0.936212    0.182592    0.176274   0.0013674
          37    0.961861    0.603388    0.585607  0.00227015
          37    0.987511      1.2436     1.23067  0.00266003
          37     1.01316     1.89956      1.8869  0.00474871
          37     1.03881     2.31848     2.34709   0.0056649
          37     1.06446     2.49528     2.54548  0.00417871
          37     1.09011     2.51634     2.54113  0.00374041
          37     1.11576      2.3622     2.39737  0.00531269
          37     1.14141     2.19574     2.18519  0.00422706
          37     1.16706     2.01479     1.95537  0.00467041
          37     1.19271     1.79078     1.74557  0.00379823
          37     1.21836     1.58126     1.55238  0.00331631
          37     1.24401     1.41103     1.38658  0.00443698
          37     1.26966     1.23351     1.24104  0.00420576
          37     1.29531     1.11624     1.11706  0.00360718
          37     1.32096     0.99169     1.01159  0.00339398
          37     1.34661    0.905021    0.934735  0.00322826
          37     1.37226    0.854962    0.864242  0.00333134
          37     1.39791    0.832292    0.808545  0.00254114
          37     1.42355    0.780869    0.768919  0.00235671
          37      1.4492    0.743173    0.735266  0.00206497
          37     1.47485    0.712485    0.710197  0.00185905
          37      1.5005    0.685541    0.693131  0.00185639
          37     1.52615    0.680482    0.684656  0.00180663
          37      1.5518    0.672375    0.674059  0.00226466
          37     1.57745    0.686087    0.674768  0.00229832
          37      1.6031    0.679181    0.676696  0.00195984
          37     1.62875    0.680433    0.688857  0.00191503
          37      1.6544    0.681953    0.706738  0.00217242
          37     1.68005    0.708053    0.728082  0.00197789
          37      1.7057     0.73177    0.756143  0.00206937
          37     1.73135     0.78343     0.78741  0.00208662
          37       1.757    0.828146    0.822597  0.00186587
          37     1.78265    0.847437    0.858702   0.0023319
          37      1.8083    0.899315     0.89981  0.00215485
          37     1.83395    0.944973    0.940723  0.00255958
          37      1.8596    0.990894    0.983586  0.00251996
          37     1.88525     1.03263     1.02305  0.00227158
          37      1.9109     1.07224      1.0601  0.00259041
          37     1.93655     1.11441     1.09881   0.0024273
          37      1.9622     1.14497     1.13016  0.00201631
          37     1.98785     1.16426     1.16236  0.00206023
          37      2.0135     1.20159     1.18691   0.0021751
          37     2.03915      1.2262     1.20497  0.00225443
          37      2.0648     1.20913      1.2149  0.00214111
          37     2.09045     1.18873     1.21287  0.00221684
          37      2.1161     1.20523     1.20739   0.0019233
          37     2.14174     1.20951     1.19238  0.00205714
          37     2.16739     1.17057     1.16979  0.00208124
          37     2.19304     1.14628     1.14485  0.00178421
          37     2.21869     1.11248      1.1175  0.00208471
          37     2.24434     1.06578     1.08841  0.00213176
          37     2.26999     1.05261     1.06031  0.00152788
          37     2.29564     1.02492     1.03119  0.00175697
          37     2.32129     1.00588     1.00419  0.00153331
          37     2.34694    0.975267    0.978891  0.00167235
          37     2.37259    0.964304    0.959756  0.00162455
          37     2.39824    0.955874    0.940245     0.00192
          37     2.42389    0.923924    0.924152  0.00129673
          37     2.44954    0.914285    0.911911  0.00135373
          37     2.47519    0.905061    0.903527  0.00150465
          37     2.50084    0.893724    0.897855  0.00182296
          37     2.52649    0.886763    0.891952  0.00145984
          37     2.55214    0.890884    0.890473  0.00112301

          38   0.0128248           0           0           0
          38   0.0384745           0           0           0
          38   0.0641241           0           0           0
          38   0.0897737           0           0           0
          38    0.115423           0           0           0
          38    0.141073           0           0           0
          38    0.166723           0           0           0
          38    0.192372           0           0           0
          38    0.218022           0           0           0
          38    0.243672           0           0           0
          38    0.269321           0           0           0
          38    0.294971           0           0           0
          38     0.32062           0           0           0
          38     0.34627           0           0           0
          38     0.37192           0           0           0
          38    0.397569           0           0           0
          38    0.423219           0           0           0
          38    0.448869           0           0           0
          38    0.474518           0           0           0
          38    0.500168           0           0           0
          38    0.525818           0           0           0
          38    0.551467           0           0           0
          38    0.577117           0           0           0
          38    0.602767           0           0           0
          38    0.628416           0           0           0
          38    0.654066           0           0           0
          38    0.679715           0           0           0
          38    0.705365           0           0           0
          38    0.731015           0           0           0
          38    0.756664           0           0           0
          38    0.782314           0           0           0
          38    0.807964           0           0           0
          38    0.833613           0           0           0
          38    0.859263           0 1.38214e-05 6.74888e-06
          38    0.884913  0.00227429  0.00138668  7.9034e-05
          38    0.910562   0.0281835   0.0262429 0.000495025
          38    0.936212      0.1597    0.175837  0.00139924
          38    0.961861    0.591124    0.585753  0.00221504
          38    0.987511     1.23161     1.23069  0.00259015
          38     1.01316     1.93436     1.88815  0.00478516
          38     1.03881     2.35338     2.34726  0.00551824
          38     1.06446     2.56982     2.54612  0.00411751
          38     1.09011     2.52486      2.5407   0.0036664
          38     1.11576     2.39332     2.39726  0.00517395
          38     1.14141     2.16746     2.18472   0.0041415
          38     1.16706     1.93687     1.95488  0.00457281
          38     1.19271      1.7257     1.74505   0.0037341
          38     1.21836     1.56542     1.55272  0.00324674
          38     1.24401     1.34979     1.38561  0.00442457
          38     1.26966     1.23634     1.24091   0.0040969
          38     1.29531     1.11099      1.1169   0.0035158
          38     1.32096    0.986842     1.01094   0.0033666
          38     1.34661     0.91977    0.934341  0.00316724
          38     1.37226    0.856351    0.864034  0.00325014
          38     1.39791    0.814042     0.80869  0.00247838
          38     1.42355    0.764177    0.768794  0.00229799
          38      1.4492    0.735938    0.735284  0.00201071
          38     1.47485    0.710781    0.710213  0.00181019
          38      1.5005    0.704768    0.693437  0.00183262
          38     1.52615    0.672811    0.684344  0.00178577
          38      1.5518    0.684023    0.674321  0.00222019
          38     1.57745    0.695011    0.675301  0.00229875
          38      1.6031    0.692823    0.677121  0.00195367
          38     1.62875    0.708836    0.689382  0.00193546
          38      1.6544    0.724962    0.707217  0.00216754
          38     1.68005    0.749877    0.728655  0.00200728
          38      1.7057     0.78132    0.756805  0.00211832
          38     1.73135     0.79769     0.78768  0.00204917
          38       1.757    0.825731    0.822679  0.00181859
          38     1.78265    0.842723    0.858281  0.00230813
          38      1.8083    0.888699    0.899517  0.00211789
          38     1.83395    0.945977    0.940861  0.00249595
          38      1.8596    0.994794    0.983881  0.00247085
          38     1.88525     1.01905     1.02294  0.00221424
          38      1.9109     1.05812     1.06005  0.00252276
          38     1.93655     1.09505     1.09871  0.00236544
          38      1.9622     1.12659     1.13006  0.00196544
          38     1.98785     1.16436     1.16241  0.00200669
          38      2.0135     1.19023       1.187  0.00211961
          38     2.03915     1.19256     1.20464  0.00221862
          38      2.0648     1.20145     1.21454  0.00211378
          38     2.09045     1.19383     1.21237  0.00221437
          38      2.1161      1.2213     1.20775  0.00190722
          38     2.14174     1.18928      1.1923  0.00200463
          38     2.16739      1.1471     1.16919  0.00211036
          38     2.19304     1.12675     1.14438  0.00179971
          38     2.21869     1.09987     1.11704  0.00208085
          38     2.24434     1.05665     1.08758  0.00223352
          38     2.26999     1.03491     1.05964  0.00162731
          38     2.29564     1.02055     1.03091  0.00173294
          38     2.32129    0.996422     1.00398  0.00150652
          38     2.34694    0.989038    0.979158  0.00164952
          38     2.37259    0.954743    0.959624  0.00158715
          38     2.39824    0.948041     0.94045   0.0018804
          38     2.42389    0.938783    0.924537  0.00131852
          38     2.44954    0.931704    0.912432  0.00141477
          38     2.47519    0.923994    0.904065  0.00155848
          38     2.50084    0.904598    0.898032   0.0017836
          38     2.52649    0.905855    0.892318  0.00146656
          38     2.55214    0.914115    0.891095  0.00125401

          39   0.0128248           0           0           0
          39   0.0384745           0           0           0
          39   0.0641241           0           0           0
          39   0.0897737           0           0           0
          39    0.115423           0           0           0
          39    0.141073           0           0           0
          39    0.166723           0           0           0
          39    0.192372           0           0           0
          39    0.218022           0           0           0
          39    0.243672           0           0           0
          39    0.269321           0           0           0
          39    0.294971           0           0           0
          39     0.32062           0           0           0
          39     0.34627           0           0           0
          39     0.37192           0           0           0
          39    0.397569           0           0           0
          39    0.423219           0           0           0
          39    0.448869           0           0           0
          39    0.474518           0           0           0
          39    0.500168           0           0           0
          39    0.525818           0           0           0
          39    0.551467           0           0           0
          39    0.577117           0           0           0
          39    0.602767           0           0           0
          39    0.628416           0           0           0
          39    0.654066           0           0           0
          39    0.679715           0           0           0
          39    0.705365           0           0           0
          39    0.731015           0           0           0
          39    0.756664           0           0           0
          39    0.782314           0           0           0
          39    0.807964           0           0           0
          39    0.833613           0           0           0
          39    0.859263           0  1.3467e-05 6.58513e-06
          39    0.884913 0.000550231  0.00136523 7.98645e-05
          39    0.910562   0.0243899   0.0261954 0.000484607
          39    0.936212    0.169024    0.175663  0.00137423
          39    0.961861    0.583455    0.585694  0.00215903
          39    0.987511     1.21226     1.23022  0.00256651
          39     1.01316     1.87771     1.88788  0.00466995
          39     1.03881     2.30508     2.34617   0.0054817
          39     1.06446      2.5485     2.54618  0.00401238
          39     1.09011     2.54194     2.54073  0.00357253
          39     1.11576      2.4112     2.39762  0.00505362
          39     1.14141     2.19637     2.18502  0.00404605
          39     1.16706     1.99119     1.95581  0.00454932
          39     1.19271     1.78351     1.74604  0.00376634
          39     1.21836     1.55872     1.55288  0.00316713
          39     1.24401     1.38703     1.38565  0.00431127
          39     1.26966     1.22594     1.24053  0.00400979
          39     1.29531     1.11861     1.11695  0.00342592
          39     1.32096    0.992431     1.01047  0.00331357
          39     1.34661    0.939294    0.934468  0.00308857
          39     1.37226    0.860286    0.863938  0.00316822
          39     1.39791    0.817416    0.808914  0.00242491
          39     1.42355    0.792535    0.769403  0.00231829
          39      1.4492    0.757166    0.735845  0.00203593
          39     1.47485    0.715885    0.710358  0.00176961
          39      1.5005    0.711472      0.6939  0.00184305
          39     1.52615    0.691755    0.684534  0.00175006
          39      1.5518    0.674325    0.674322  0.00216326
          39     1.57745    0.660044    0.674909  0.00227285
          39      1.6031    0.656132    0.676583  0.00197631
          39     1.62875      0.6702    0.688891  0.00194733
          39      1.6544    0.687363    0.706708  0.00217092
          39     1.68005    0.698232    0.727875  0.00210193
          39      1.7057    0.747735    0.756573  0.00207674
          39     1.73135     0.77411    0.787333  0.00202596
          39       1.757    0.801765    0.822143  0.00184934
          39     1.78265    0.847017    0.857992  0.00226695
          39      1.8083    0.894602    0.899391  0.00206733
          39     1.83395    0.925321    0.940463  0.00246355
          39      1.8596    0.998213    0.984248  0.00243467
          39     1.88525     1.02371     1.02296  0.00215755
          39      1.9109     1.06098     1.06008  0.00245819
          39     1.93655     1.07678     1.09815  0.00237067
          39      1.9622     1.11869     1.12977  0.00193654
          39     1.98785     1.16628     1.16251  0.00195768
          39      2.0135      1.2012     1.18737  0.00209627
          39     2.03915     1.20444     1.20464  0.00216174
          39      2.0648     1.23057     1.21495  0.00209915
          39     2.09045     1.21241     1.21237  0.00215759
          39      2.1161      1.2071     1.20774  0.00185839
          39     2.14174     1.20934     1.19274  0.00200027
          39     2.16739     1.18752     1.16966  0.00210791
          39     2.19304     1.17702     1.14521  0.00193847
          39     2.21869     1.13906      1.1176   0.0021027
          39     2.24434     1.11389     1.08825   0.0022759
          39     2.26999     1.06251     1.05971  0.00158724
          39     2.29564     1.04032     1.03115   0.0017052
          39     2.32129     1.01832     1.00435  0.00151211
          39     2.34694    0.993891    0.979535  0.00164992
          39     2.37259    0.970379      0.9599  0.00157023
          39     2.39824    0.949302    0.940677  0.00184583
          39     2.42389    0.918125    0.924373  0.00129492
          39     2.44954    0.892334    0.911917  0.00146935
          39     2.47519    0.899706    0.903954  0.00152252
          39     2.50084    0.887518    0.897763  0.00175812
          39     2.52649    0.873817    0.891843  0.00150371
          39     2.55214    0.872243    0.890611  0.00131172

          40   0.0128248           0           0           0
          40   0.0384745           0           0           0
          40   0.0641241           0           0           0
          40   0.0897737           0           0           0
          40    0.115423           0           0           0
          40    0.141073           0           0           0
          40    0.166723           0           0           0
          40    0.192372           0           0           0
          40    0.218022           0           0           0
          40    0.243672           0           0           0
          40    0.269321           0           0           0
          40    0.294971           0           0           0
          40     0.32062           0           0           0
          40     0.34627           0           0           0
          40     0.37192           0           0           0
          40    0.397569           0           0           0
          40    0.423219           0           0           0
          40    0.448869           0           0           0
          40    0.474518           0           0           0
          40    0.500168           0           0           0
          40    0.525818           0           0           0
          40    0.551467           0           0           0
          40    0.577117           0           0           0
          40    0.602767           0           0           0
          40    0.628416           0           0           0
          40    0.654066           0           0           0
          40    0.679715           0           0           0
          40    0.705365           0           0           0
          40    0.731015           0           0           0
          40    0.756664           0           0           0
          40    0.782314           0           0           0
          40    0.807964           0           0           0
          40    0.833613           0           0           0
          40    0.859263           0 1.31303e-05  6.4291e-06
          40    0.884913 0.000403503  0.00134119 8.14066e-05
          40    0.910562   0.0234025   0.0261256 0.000477496
          40    0.936212    0.169598    0.175511  0.00134821
          40    0.961861    0.572759     0.58537  0.00212913
          40    0.987511     1.22822     1.23017  0.00250284
          40     1.01316     1.90338     1.88827  0.00456925
          40     1.03881     2.38961     2.34726  0.00545113
          40     1.06446     2.60457     2.54764  0.00416915
          40     1.09011     2.55178     2.54101  0.00349387
          40     1.11576     2.38905      2.3974  0.00493182
          40     1.14141     2.18903     2.18512  0.00394614
          40     1.16706     1.95288     1.95574  0.00443618
          40     1.19271     1.70565     1.74503  0.00380512
          40     1.21836     1.47268     1.55087  0.00366802
          40     1.24401     1.36975     1.38525  0.00422176
          40     1.26966     1.21023     1.23977  0.00398047
          40     1.29531     1.07994     1.11602  0.00346294
          40     1.32096    0.982948     1.00978  0.00330139
          40     1.34661    0.911611    0.933896  0.00306376
          40     1.37226    0.846801     0.86351  0.00311785
          40     1.39791    0.820944    0.809215  0.00238287
          40     1.42355    0.773816    0.769513  0.00226296
          40      1.4492    0.722157    0.735503  0.00201358
          40     1.47485    0.728154    0.710803  0.00178041
          40      1.5005     0.71509     0.69443  0.00187156
          40     1.52615    0.721934    0.685469  0.00194007
          40      1.5518    0.693889    0.674811  0.00216378
          40     1.57745    0.695629    0.675427  0.00227429
          40      1.6031    0.703576    0.677257  0.00203887
          40     1.62875    0.733216    0.689999  0.00219137
          40      1.6544    0.740238    0.707546  0.00227273
          40     1.68005    0.744152    0.728282   0.0020884
          40      1.7057     0.76799    0.756858  0.00204434
          40     1.73135    0.805878    0.787796  0.00202767
          40       1.757    0.818031     0.82204  0.00180596
          40     1.78265    0.859252    0.858024  0.00221049
          40      1.8083    0.901424    0.899442  0.00201627
          40     1.83395    0.929886    0.940198  0.00241611
          40      1.8596    0.967589    0.983832  0.00240916
          40     1.88525    0.998118     1.02234   0.0021912
          40      1.9109     1.05215     1.05988  0.00240471
          40     1.93655     1.09463     1.09806  0.00231303
          40      1.9622     1.12055     1.12954  0.00190178
          40     1.98785     1.13531     1.16183  0.00202338
          40      2.0135     1.17603     1.18708  0.00206293
          40     2.03915     1.20165     1.20456  0.00210899
          40      2.0648     1.19928     1.21456   0.0020829
          40     2.09045     1.20328     1.21214  0.00211559
          40      2.1161     1.20629      1.2077  0.00181228
          40     2.14174     1.16804     1.19212  0.00204332
          40     2.16739     1.15402     1.16927  0.00209115
          40     2.19304     1.13469     1.14495  0.00190777
          40     2.21869     1.11608     1.11756  0.00205048
          40     2.24434      1.0983      1.0885  0.00223282
          40     2.26999     1.06479     1.05984  0.00155262
          40     2.29564     1.03842     1.03134  0.00167221
          40     2.32129    0.994172     1.00409  0.00149556
          40     2.34694    0.965934    0.979195  0.00164334
          40     2.37259    0.961168    0.959932  0.00153129
          40     2.39824    0.956411     0.94107  0.00184112
          40     2.42389    0.948229    0.924969  0.00139314
          40     2.44954    0.924025    0.912219  0.00146347
          40     2.47519    0.910326    0.904113  0.00149277
          40     2.50084    0.907097    0.897996  0.00172959
          40     2.52649    0.907514    0.892235  0.00151629
          40     2.55214    0.912424    0.891157  0.00138765

          41   0.0128248           0           0           0
          41   0.0384745           0           0           0
          41   0.0641241           0           0           0
          41   0.0897737           0           0           0
          41    0.115423           0           0           0
          41    0.141073           0           0           0
          41    0.166723           0           0           0
          41    0.192372           0           0           0
          41    0.218022           0           0           0
          41    0.243672           0           0           0
          41    0.269321           0           0           0
          41    0.294971           0           0           0
          41     0.32062           0           0           0
          41     0.34627           0           0           0
          41     0.37192           0           0           0
          41    0.397569           0           0           0
          41    0.423219           0           0           0
          41    0.448869           0           0           0
          41    0.474518           0           0           0
          41    0.500168           0           0           0
          41    0.525818           0           0           0
          41    0.551467           0           0           0
          41    0.577117           0           0           0
          41    0.602767           0           0           0
          41    0.628416           0           0           0
          41    0.654066           0           0           0
          41    0.679715           0           0           0
          41    0.705365           0           0           0
          41    0.731015           0           0           0
          41    0.756664           0           0           0
          41    0.782314           0           0           0
          41    0.807964           0           0           0
          41    0.833613           0           0           0
          41    0.859263           0   1.281e-05 6.28027e-06
          41    0.884913 0.000421844  0.00131877 8.24514e-05
          41    0.910562   0.0256717   0.0261145 0.000465978
          41    0.936212    0.175743    0.175517  0.00131534
          41    0.961861     0.58434    0.585345  0.00207735
          41    0.987511     1.22719      1.2301  0.00244285
          41     1.01316     1.85115     1.88736  0.00454661
          41     1.03881     2.27465     2.34549  0.00559845
          41     1.06446     2.54282     2.54753  0.00406913
          41     1.09011     2.52601     2.54064  0.00342775
          41     1.11576     2.35207      2.3963  0.00493392
          41     1.14141     2.19594     2.18539   0.0038587
          41     1.16706      1.9838     1.95642  0.00438047
          41     1.19271     1.76289     1.74546  0.00373716
          41     1.21836     1.57636     1.55149  0.00363085
          41     1.24401     1.39612     1.38551  0.00412711
          41     1.26966     1.24822     1.23998  0.00388871
          41     1.29531      1.1421     1.11666  0.00343638
          41     1.32096     1.04495     1.01064  0.00333046
          41     1.34661    0.945773    0.934186   0.0030027
          41     1.37226    0.872955     0.86374  0.00305031
          41     1.39791    0.810183    0.809238  0.00232487
          41     1.42355    0.771967    0.769573  0.00220855
          41      1.4492    0.749342     0.73584  0.00199256
          41     1.47485     0.70668    0.710702  0.00173982
          41      1.5005    0.699741    0.694559  0.00183039
          41     1.52615    0.691101    0.685607  0.00189761
          41      1.5518    0.685628    0.675075  0.00212703
          41     1.57745    0.665273     0.67518  0.00223226
          41      1.6031    0.685994    0.677471  0.00200024
          41     1.62875    0.689306    0.689982  0.00213799
          41      1.6544    0.694694    0.707233  0.00223881
          41     1.68005    0.714445    0.727945  0.00206456
          41      1.7057    0.736706    0.756367  0.00205271
          41     1.73135    0.780938    0.787629   0.0019851
          41       1.757    0.815453     0.82188  0.00176904
          41     1.78265    0.856951    0.857998  0.00215673
          41      1.8083    0.905293    0.899585  0.00197214
          41     1.83395     0.93118    0.939978  0.00236718
          41      1.8596    0.965517    0.983385  0.00239145
          41     1.88525    0.997948     1.02175  0.00221706
          41      1.9109     1.06478        1.06  0.00234904
          41     1.93655     1.11629     1.09851  0.00229893
          41      1.9622     1.13677     1.12972  0.00186356
          41     1.98785     1.14859     1.16151  0.00199962
          41      2.0135     1.15472     1.18629  0.00215836
          41     2.03915     1.19556     1.20435  0.00206896
          41      2.0648     1.22714     1.21487  0.00205456
          41     2.09045     1.23278     1.21265  0.00212303
          41      2.1161     1.20367      1.2076  0.00177075
          41     2.14174     1.18513     1.19195  0.00200058
          41     2.16739     1.16693     1.16921  0.00204092
          41     2.19304     1.15035     1.14508  0.00186578
          41     2.21869     1.12785     1.11781  0.00201575
          41     2.24434     1.10829     1.08899  0.00222993
          41     2.26999     1.07412     1.06019  0.00155331
          41     2.29564     1.04126     1.03158  0.00164885
          41     2.32129     1.01678      1.0044  0.00149073
          41     2.34694    0.996785    0.979624  0.00165831
          41     2.37259      0.9713    0.960209  0.00151884
          41     2.39824    0.941218    0.941074  0.00179622
          41     2.42389    0.930136    0.925095  0.00136485
          41     2.44954    0.916121    0.912314  0.00143086
          41     2.47519    0.890244    0.903775   0.0014942
          41     2.50084    0.893568    0.897888  0.00169077
          41     2.52649    0.884146    0.892038  0.00149209
          41     2.55214    0.894848    0.891247  0.00135672

          42   0.0128248           0           0           0
          42   0.0384745           0           0           0
          42   0.0641241           0           0           0
          42   0.0897737           0           0           0
          42    0.115423           0           0           0
          42    0.141073           0           0           0
          42    0.166723           0           0           0
          42    0.192372           0           0           0
          42    0.218022           0           0           0
          42    0.243672           0           0           0
          42    0.269321           0           0           0
          42    0.294971           0           0           0
          42     0.32062           0           0           0
          42     0.34627           0           0           0
          42     0.37192           0           0           0
          42    0.397569           0           0           0
          42    0.423219           0           0           0
          42    0.448869           0           0           0
          42    0.474518           0           0           0
          42    0.500168           0           0           0
          42    0.525818           0           0           0
          42    0.551467           0           0           0
          42    0.577117           0           0           0
          42    0.602767           0           0           0
          42    0.628416           0           0           0
          42    0.654066           0           0           0
          42    0.679715           0           0           0
          42    0.705365           0           0           0
          42    0.731015           0           0           0
          42    0.756664           0           0           0
          42    0.782314           0           0           0
          42    0.807964           0           0           0
          42    0.833613           0           0           0
          42    0.859263           0  1.2505e-05 6.13814e-06
          42    0.884913  0.00137558  0.00132012 8.04994e-05
          42    0.910562   0.0232466   0.0260462 0.000459859
          42    0.936212    0.166157    0.175294  0.00130277
          42    0.961861    0.573566    0.585065  0.00204673
          42    0.987511     1.23578     1.23023  0.00238842
          42     1.01316     1.89152     1.88746  0.00443943
          42     1.03881      2.3578     2.34578  0.00547282
          42     1.06446     2.54931     2.54757  0.00397247
          42     1.09011     2.49532     2.53956  0.00351189
          42     1.11576     2.41656     2.39678  0.00483998
          42     1.14141     2.19884     2.18571  0.00378008
          42     1.16706     1.91974     1.95555  0.00436237
          42     1.19271     1.72396     1.74495  0.00368307
          42     1.21836     1.54644     1.55137  0.00354639
          42     1.24401     1.37616     1.38529  0.00403486
          42     1.26966      1.2058     1.23916  0.00388035
          42     1.29531     1.10544     1.11639  0.00336492
          42     1.32096       1.008     1.01058  0.00325176
          42     1.34661    0.923033    0.933921  0.00294292
          42     1.37226    0.901565    0.864641  0.00310779
          42     1.39791     0.81818    0.809451  0.00227924
          42     1.42355    0.766835    0.769508  0.00215693
          42      1.4492    0.755668    0.736312  0.00200026
          42     1.47485    0.732049    0.711211  0.00177108
          42      1.5005    0.680118    0.694215  0.00181881
          42     1.52615    0.673755    0.685324  0.00187329
          42      1.5518    0.669918    0.674952  0.00207993
          42     1.57745    0.689014    0.675509  0.00220328
          42      1.6031    0.694461    0.677875   0.0019931
          42     1.62875     0.69589    0.690122  0.00209171
          42      1.6544    0.703951    0.707155  0.00218687
          42     1.68005    0.718144    0.727711  0.00202855
          42      1.7057    0.748396    0.756177  0.00201259
          42     1.73135    0.784906    0.787564  0.00193889
          42       1.757    0.835148    0.822196   0.0017549
          42     1.78265    0.883781    0.858611  0.00219101
          42      1.8083    0.919411    0.900057  0.00198087
          42     1.83395    0.934886    0.939857  0.00231392
          42      1.8596    0.970534    0.983079  0.00235401
          42     1.88525     1.00791     1.02142   0.0021886
          42      1.9109     1.05796     1.05995  0.00229361
          42     1.93655     1.09608     1.09845  0.00224491
          42      1.9622     1.15013      1.1302   0.0018815
          42     1.98785     1.16901     1.16169  0.00195996
          42      2.0135     1.18912     1.18636  0.00210802
          42     2.03915     1.20223     1.20429  0.00202031
          42      2.0648     1.20888     1.21472  0.00201059
          42     2.09045     1.21173     1.21262   0.0020726
          42      2.1161     1.20429     1.20752  0.00173035
          42     2.14174     1.18064     1.19168  0.00197099
          42     2.16739     1.16609     1.16914  0.00199368
          42     2.19304     1.13495     1.14484  0.00183689
          42     2.21869     1.12385     1.11796  0.00197287
          42     2.24434     1.09935     1.08923  0.00219045
          42     2.26999     1.05275     1.06001  0.00152638
          42     2.29564     1.01282     1.03113    0.001669
          42     2.32129    0.985994     1.00397  0.00151831
          42     2.34694     0.96796    0.979347  0.00164192
          42     2.37259     0.94469    0.959839  0.00152696
          42     2.39824    0.946475    0.941203  0.00175805
          42     2.42389    0.930752     0.92523  0.00133899
          42     2.44954    0.928973    0.912711  0.00145073
          42     2.47519    0.918042    0.904114  0.00149673
          42     2.50084    0.896803    0.897862  0.00165071
          42     2.52649    0.890984    0.892013  0.00145678
          42     2.55214    0.885906     0.89112  0.00133036

          43   0.0128248           0           0           0
          43   0.0384745           0           0           0
          43   0.0641241           0           0           0
          43   0.0897737           0           0           0
          43    0.115423           0           0           0
          43    0.141073           0           0           0
          43    0.166723           0           0           0
          43    0.192372           0           0           0
          43    0.218022           0           0           0
          43    0.243672           0           0           0
          43    0.269321           0           0           0
          43    0.294971           0           0           0
          43     0.32062           0           0           0
          43     0.34627           0           0           0
          43     0.37192           0           0           0
          43    0.397569           0           0           0
          43    0.423219           0           0           0
          43    0.448869           0           0           0
          43    0.474518           0           0           0
          43    0.500168           0           0           0
          43    0.525818           0           0           0
          43    0.551467           0           0           0
          43    0.577117           0           0           0
          43    0.602767           0           0           0
          43    0.628416           0           0           0
          43    0.654066           0           0           0
          43    0.679715           0           0           0
          43    0.705365           0           0           0
          43    0.731015           0           0           0
          43    0.756664           0           0           0
          43    0.782314           0           0           0
          43    0.807964           0           0           0
          43    0.833613           0           0           0
          43    0.859263           0 1.22142e-05 6.00228e-06
          43    0.884913  0.00176074  0.00133037 7.92768e-05
          43    0.910562   0.0261221    0.026048 0.000449168
          43    0.936212    0.166222    0.175083  0.00128944
          43    0.961861    0.580816    0.584966  0.00200152
          43    0.987511     1.20625     1.22967  0.00239713
          43     1.01316     1.87708     1.88722  0.00434276
          43     1.03881     2.34173     2.34569  0.00534635
          43     1.06446     2.53268     2.54722  0.00389515
          43     1.09011     2.56571     2.54017  0.00348246
          43     1.11576     2.37776     2.39634  0.00474758
          43     1.14141     2.15723     2.18504  0.00374974
          43     1.16706     1.92438     1.95483  0.00432072
          43     1.19271     1.71631     1.74428  0.00365714
          43     1.21836     1.54952     1.55133  0.00346418
          43     1.24401     1.35733     1.38464  0.00399306
          43     1.26966     1.24379     1.23927   0.0037916
          43     1.29531     1.12689     1.11664  0.00329551
          43     1.32096     1.02062     1.01081  0.00318452
          43     1.34661    0.941456    0.934096   0.0028797
          43     1.37226    0.873848    0.864855  0.00304288
          43     1.39791    0.867624    0.810804  0.00259687
          43     1.42355    0.780599    0.769766  0.00212213
          43      1.4492    0.765133    0.736982  0.00206298
          43     1.47485    0.747976    0.712066  0.00192525
          43      1.5005    0.695843    0.694253  0.00177691
          43     1.52615    0.694333    0.685534   0.0018414
          43      1.5518    0.708979    0.675743  0.00217689
          43     1.57745    0.692887    0.675913  0.00218879
          43      1.6031     0.68729    0.678094  0.00195874
          43     1.62875    0.687818    0.690069  0.00204375
          43      1.6544    0.694783    0.706867  0.00215486
          43     1.68005    0.714114    0.727395  0.00200587
          43      1.7057    0.764466     0.75637    0.001975
          43     1.73135    0.777771    0.787336  0.00190713
          43       1.757    0.804584    0.821786  0.00176124
          43     1.78265    0.848328    0.858372  0.00215307
          43      1.8083    0.905043    0.900173   0.0019382
          43     1.83395    0.959467    0.940313  0.00230461
          43      1.8596     0.97433    0.982875  0.00230804
          43     1.88525    0.998712     1.02089  0.00220048
          43      1.9109     1.03977     1.05948  0.00228778
          43     1.93655     1.07765     1.09797  0.00224419
          43      1.9622     1.12807     1.13015  0.00183839
          43     1.98785     1.14254     1.16124  0.00196432
          43      2.0135     1.16137     1.18578   0.0021376
          43     2.03915     1.17838     1.20369  0.00206128
          43      2.0648     1.20095      1.2144  0.00198919
          43     2.09045     1.20508     1.21245  0.00203182
          43      2.1161     1.21212     1.20763   0.0016934
          43     2.14174     1.19231     1.19169   0.0019252
          43     2.16739     1.15562     1.16883  0.00197194
          43     2.19304     1.14612     1.14487  0.00179441
          43     2.21869     1.13138     1.11827  0.00195152
          43     2.24434     1.10397     1.08958  0.00216615
          43     2.26999     1.07867     1.06045   0.0015513
          43     2.29564     1.07123     1.03206  0.00187261
          43     2.32129     1.03198     1.00462  0.00161675
          43     2.34694     0.99599    0.979734  0.00164872
          43     2.37259    0.980517     0.96032  0.00156534
          43     2.39824    0.954371    0.941509  0.00174363
          43     2.42389    0.940047    0.925575  0.00135146
          43     2.44954    0.921169    0.912908  0.00143026
          43     2.47519    0.910933    0.904273   0.0014703
          43     2.50084    0.893917    0.897771  0.00161487
          43     2.52649     0.89782    0.892148  0.00142915
          43     2.55214    0.898842    0.891299  0.00131149

          44   0.0128248           0           0           0
          44   0.0384745           0           0           0
          44   0.0641241           0           0           0
          44   0.0897737           0           0           0
          44    0.115423           0           0           0
          44    0.141073           0           0           0
          44    0.166723           0           0           0
          44    0.192372           0           0           0
          44    0.218022           0           0           0
          44    0.243672           0           0           0
          44    0.269321           0           0           0
          44    0.294971           0           0           0
          44     0.32062           0           0           0
          44     0.34627           0           0           0
          44     0.37192           0           0           0
          44    0.397569           0           0           0
          44    0.423219           0           0           0
          44    0.448869           0           0           0
          44    0.474518           0           0           0
          44    0.500168           0           0           0
          44    0.525818           0           0           0
          44    0.551467           0           0           0
          44    0.577117           0           0           0
          44    0.602767           0           0           0
          44    0.628416           0           0           0
          44    0.654066           0           0           0
          44    0.679715           0           0           0
          44    0.705365           0           0           0
          44    0.731015           0           0           0
          44    0.756664           0           0           0
          44    0.782314           0           0           0
          44    0.807964           0           0           0
          44    0.833613           0           0           0
          44    0.859263           0 1.19366e-05 5.87228e-06
          44    0.884913   0.0013389  0.00133056 7.74753e-05
          44    0.910562   0.0240434   0.0260024 0.000441264
          44    0.936212    0.170581    0.174981  0.00126419
          44    0.961861    0.588562    0.585048   0.0019577
          44    0.987511     1.20549     1.22912  0.00240482
          44     1.01316     1.84275     1.88621  0.00436006
          44     1.03881      2.3432     2.34563  0.00522514
          44     1.06446     2.53593     2.54697  0.00381507
          44     1.09011       2.528      2.5399  0.00341428
          44     1.11576      2.4204     2.39689  0.00467108
          44     1.14141     2.22783     2.18602   0.0037885
          44     1.16706     1.97669     1.95532  0.00425099
          44     1.19271      1.7801      1.7451  0.00366349
          44     1.21836     1.53374     1.55093  0.00340844
          44     1.24401     1.35975     1.38407  0.00394219
          44     1.26966     1.23556     1.23919  0.00370637
          44     1.29531     1.10665     1.11641  0.00322842
          44     1.32096     1.01796     1.01097  0.00311628
          44     1.34661    0.915144    0.933665  0.00284628
          44     1.37226    0.876288    0.865115   0.0029848
          44     1.39791    0.813888    0.810874   0.0025388
          44     1.42355    0.777729    0.769947  0.00208161
          44      1.4492    0.768128     0.73769  0.00213409
          44     1.47485    0.731052    0.712497  0.00192925
          44      1.5005    0.711141    0.694637  0.00177749
          44     1.52615    0.693796    0.685722   0.0018091
          44      1.5518    0.675649    0.675741  0.00212742
          44     1.57745     0.68024    0.676012  0.00214125
          44      1.6031    0.675922    0.678045  0.00191485
          44     1.62875    0.686291    0.689983   0.0019991
          44      1.6544    0.704255    0.706808   0.0021067
          44     1.68005    0.734718    0.727562  0.00196717
          44      1.7057    0.749428    0.756212   0.0019364
          44     1.73135    0.762663    0.786776  0.00194448
          44       1.757    0.809712    0.821512  0.00174246
          44     1.78265     0.85066    0.858197  0.00211126
          44      1.8083    0.889371    0.899927  0.00190963
          44     1.83395    0.917805    0.939801  0.00230831
          44      1.8596    0.972532     0.98264  0.00226752
          44     1.88525     1.00927     1.02063  0.00216626
          44      1.9109     1.04775     1.05921  0.00225127
          44     1.93655     1.06962     1.09732  0.00228376
          44      1.9622     1.13692     1.13031  0.00180303
          44     1.98785     1.17619     1.16158  0.00194883
          44      2.0135     1.17332      1.1855  0.00210769
          44     2.03915     1.17484     1.20304  0.00211617
          44      2.0648     1.22053     1.21454  0.00194885
          44     2.09045     1.21631     1.21254  0.00198754
          44      2.1161     1.22635     1.20806  0.00170754
          44     2.14174     1.20941      1.1921  0.00192308
          44     2.16739     1.20117     1.16956  0.00205961
          44     2.19304     1.15977     1.14521  0.00178529
          44     2.21869      1.1261     1.11845  0.00191526
          44     2.24434     1.08887     1.08956  0.00211698
          44     2.26999     1.06434     1.06053  0.00151857
          44     2.29564     1.04678      1.0324  0.00185966
          44     2.32129     1.01312     1.00481   0.0015915
          44     2.34694     0.99013     0.97997  0.00162809
          44     2.37259     0.96858    0.960508  0.00154098
          44     2.39824    0.944479    0.941576  0.00170531
          44     2.42389    0.935671    0.925804  0.00134008
          44     2.44954    0.920724    0.913085  0.00140875
          44     2.47519    0.908767    0.904375  0.00144043
          44     2.50084    0.893092    0.897664  0.00158167
          44     2.52649    0.873619    0.891727  0.00145738
          44     2.55214    0.891314    0.891299  0.00128168

          45   0.0128248           0           0           0
          45   0.0384745           0           0           0
          45   0.0641241           0           0           0
          45   0.0897737           0           0           0
          45    0.115423           0           0           0
          45    0.141073           0           0           0
          45    0.166723           0           0           0
          45    0.192372           0           0           0
          45    0.218022           0           0           0
          45    0.243672           0           0           0
          45    0.269321           0           0           0
          45    0.294971           0           0           0
          45     0.32062           0           0           0
          45     0.34627           0           0           0
          45     0.37192           0           0           0
          45    0.397569           0           0           0
          45    0.423219           0           0           0
          45    0.448869           0           0           0
          45    0.474518           0           0           0
          45    0.500168           0           0           0
          45    0.525818           0           0           0
          45    0.551467           0           0           0
          45    0.577117           0           0           0
          45    0.602767           0           0           0
          45    0.628416           0           0           0
          45    0.654066           0           0           0
          45    0.679715           0           0           0
          45    0.705365           0           0           0
          45    0.731015           0           0           0
          45    0.756664           0           0           0
          45    0.782314           0           0           0
          45    0.807964           0           0           0
          45    0.833613           0           0           0
          45    0.859263           0 1.16714e-05 5.74777e-06
          45    0.884913 0.000513549   0.0013124 7.78519e-05
          45    0.910562   0.0218089   0.0259093 0.000441189
          45    0.936212    0.180511    0.175104  0.00124205
          45    0.961861    0.597877    0.585333  0.00193484
          45    0.987511     1.19059     1.22827  0.00249919
          45     1.01316     1.82822     1.88492  0.00444956
          45     1.03881     2.33538      2.3454  0.00511399
          45     1.06446     2.55302      2.5471  0.00373266
          45     1.09011     2.55172     2.54016   0.0033485
          45     1.11576     2.37226     2.39634  0.00459922
          45     1.14141      2.2174     2.18671  0.00376796
          45     1.16706     1.99878     1.95629   0.0042648
          45     1.19271     1.76319      1.7455  0.00360407
          45     1.21836      1.5681     1.55131  0.00335398
          45     1.24401     1.38858     1.38417  0.00385586
          45     1.26966     1.24831     1.23939  0.00362955
          45     1.29531     1.08863     1.11579  0.00321515
          45     1.32096     1.01138     1.01098  0.00304704
          45     1.34661    0.930756      0.9336  0.00278376
          45     1.37226    0.864313    0.865097  0.00291852
          45     1.39791    0.816798    0.811006  0.00248579
          45     1.42355    0.781755    0.770209  0.00205182
          45      1.4492    0.756933    0.738118  0.00212907
          45     1.47485    0.715535    0.712565  0.00188756
          45      1.5005    0.695735    0.694661  0.00173816
          45     1.52615    0.673175    0.685443  0.00179026
          45      1.5518    0.673395    0.675689  0.00208078
          45     1.57745    0.667138    0.675814  0.00210273
          45      1.6031    0.689621    0.678302   0.0018895
          45     1.62875    0.688841    0.689958  0.00195484
          45      1.6544    0.715149    0.706993  0.00206802
          45     1.68005    0.739003    0.727816  0.00193981
          45      1.7057    0.764609    0.756398  0.00190234
          45     1.73135    0.790474    0.786858    0.001903
          45       1.757    0.829588    0.821691  0.00171295
          45     1.78265     0.86007    0.858239  0.00206475
          45      1.8083    0.891163    0.899733   0.0018771
          45     1.83395    0.915678    0.939265  0.00231842
          45      1.8596    0.973795    0.982444  0.00222564
          45     1.88525    0.987021     1.01988  0.00224315
          45      1.9109     1.04535      1.0589  0.00222221
          45     1.93655     1.08763     1.09711  0.00224314
          45      1.9622     1.13619     1.13044   0.0017677
          45     1.98785     1.16452     1.16165  0.00190662
          45      2.0135     1.18273     1.18543  0.00206175
          45     2.03915     1.20447     1.20307  0.00206939
          45      2.0648     1.19576     1.21413  0.00194972
          45     2.09045     1.19254     1.21209  0.00199241
          45      2.1161      1.2049     1.20799  0.00167104
          45     2.14174      1.1828     1.19189  0.00189142
          45     2.16739      1.1711     1.16959  0.00201412
          45     2.19304     1.15154     1.14535  0.00175115
          45     2.21869     1.14588     1.11906  0.00196735
          45     2.24434     1.11741     1.09018  0.00215852
          45     2.26999     1.08462     1.06107   0.0015763
          45     2.29564     1.04003     1.03257  0.00182605
          45     2.32129     1.02698      1.0053   0.0016306
          45     2.34694    0.998326    0.980378  0.00164222
          45     2.37259    0.954942    0.960384  0.00151169
          45     2.39824    0.943126    0.941611  0.00166776
          45     2.42389     0.93803    0.926076  0.00133756
          45     2.44954    0.915563     0.91314  0.00137852
          45     2.47519    0.908099    0.904458   0.0014108
          45     2.50084    0.894252    0.897588  0.00154833
          45     2.52649    0.897408    0.891853  0.00143046
          45     2.55214    0.898355    0.891456  0.00126275

          46   0.0128248           0           0           0
          46   0.0384745           0           0           0
          46   0.0641241           0           0           0
          46   0.0897737           0           0           0
          46    0.115423           0           0           0
          46    0.141073           0           0           0
          46    0.166723           0           0           0
          46    0.192372           0           0           0
          46    0.218022           0           0           0
          46    0.243672           0           0           0
          46    0.269321           0           0           0
          46    0.294971           0           0           0
          46     0.32062           0           0           0
          46     0.34627           0           0           0
          46     0.37192           0           0           0
          46    0.397569           0           0           0
          46    0.423219           0           0           0
          46    0.448869           0           0           0
          46    0.474518           0           0           0
          46    0.500168           0           0           0
          46    0.525818           0           0           0
          46    0.551467           0           0           0
          46    0.577117           0           0           0
          46    0.602767           0           0           0
          46    0.628416           0           0           0
          46    0.654066           0           0           0
          46    0.679715           0           0           0
          46    0.705365           0           0           0
          46    0.731015           0           0           0
          46    0.756664           0           0           0
          46    0.782314           0           0           0
          46    0.807964           0           0           0
          46    0.833613           0           0           0
          46    0.859263           0 1.14176e-05 5.62842e-06
          46    0.884913 0.000751983  0.00130022 7.71069e-05
          46    0.910562   0.0277851     0.02595 0.000433478
          46    0.936212    0.168074    0.174951  0.00122442
          46    0.961861    0.574932    0.585107  0.00190594
          46    0.987511     1.21891     1.22807  0.00245313
          46     1.01316     1.89942     1.88524  0.00436398
          46     1.03881     2.33706     2.34522  0.00500603
          46     1.06446     2.55108     2.54719  0.00365252
          46     1.09011     2.56443     2.54069  0.00331702
          46     1.11576     2.42932     2.39706  0.00455479
          46     1.14141     2.18002     2.18657  0.00368886
          46     1.16706     1.93621     1.95585  0.00419435
          46     1.19271     1.72375     1.74503   0.0035566
          46     1.21836     1.53782     1.55102  0.00329387
          46     1.24401       1.349     1.38341  0.00384711
          46     1.26966     1.22801     1.23914  0.00355907
          46     1.29531     1.11451     1.11576  0.00314537
          46     1.32096     1.02325     1.01125  0.00299245
          46     1.34661    0.949876    0.933954  0.00274564
          46     1.37226    0.874023    0.865291  0.00286152
          46     1.39791    0.823222    0.811271   0.0024459
          46     1.42355    0.776616    0.770349  0.00201194
          46      1.4492    0.740527     0.73817  0.00208343
          46     1.47485    0.724872    0.712832  0.00186539
          46      1.5005    0.698038    0.694735  0.00170192
          46     1.52615    0.684589    0.685424  0.00175143
          46      1.5518    0.688783    0.675974  0.00205493
          46     1.57745    0.686607    0.676049  0.00207007
          46      1.6031    0.680656    0.678353  0.00184911
          46     1.62875    0.686421    0.689881  0.00191386
          46      1.6544    0.690485    0.706634  0.00205397
          46     1.68005    0.711366    0.727458  0.00193032
          46      1.7057    0.745365    0.756159  0.00187604
          46     1.73135     0.76872    0.786463  0.00190204
          46       1.757    0.807562    0.821384  0.00170303
          46     1.78265    0.862506    0.858331  0.00202195
          46      1.8083    0.915146    0.900068  0.00186596
          46     1.83395    0.940844      0.9393  0.00226828
          46      1.8596    0.973599    0.982252  0.00218554
          46     1.88525     1.02513     1.01999  0.00219729
          46      1.9109     1.06571     1.05905  0.00217882
          46     1.93655     1.10898     1.09736  0.00220918
          46      1.9622      1.1575     1.13103  0.00182455
          46     1.98785      1.1797     1.16204  0.00190513
          46      2.0135     1.19403     1.18562  0.00202537
          46     2.03915     1.18246     1.20262  0.00207231
          46      2.0648     1.19798     1.21378  0.00193866
          46     2.09045     1.21131     1.21207  0.00194917
          46      2.1161     1.21315      1.2081  0.00163848
          46     2.14174     1.18279     1.19169  0.00186061
          46     2.16739     1.15585      1.1693  0.00199236
          46     2.19304     1.14128     1.14526  0.00171532
          46     2.21869      1.1136     1.11894  0.00192815
          46     2.24434     1.09119      1.0902   0.0021117
          46     2.26999      1.0667     1.06119  0.00154677
          46     2.29564     1.03905     1.03271  0.00179177
          46     2.32129       1.011     1.00543  0.00159985
          46     2.34694    0.968552    0.980121  0.00162652
          46     2.37259    0.961747    0.960414  0.00147911
          46     2.39824    0.946033    0.941707  0.00163428
          46     2.42389    0.928141    0.926121  0.00130924
          46     2.44954    0.918819    0.913264  0.00135407
          46     2.47519    0.909098    0.904559  0.00138373
          46     2.50084    0.894087    0.897512  0.00151655
          46     2.52649    0.888664    0.891784  0.00140104
          46     2.55214    0.893331    0.891497  0.00123596

          47   0.0128248           0           0           0
          47   0.0384745           0           0           0
          47   0.0641241           0           0           0
          47   0.0897737           0           0           0
          47    0.115423           0           0           0
          47    0.141073           0           0           0
          47    0.166723           0           0           0
          47    0.192372           0           0           0
          47    0.218022           0           0           0
          47    0.243672           0           0           0
          47    0.269321           0           0           0
          47    0.294971           0           0           0
          47     0.32062           0           0           0
          47     0.34627           0           0           0
          47     0.37192           0           0           0
          47    0.397569           0           0           0
          47    0.423219           0           0           0
          47    0.448869           0           0           0
          47    0.474518           0           0           0
          47    0.500168           0           0           0
          47    0.525818           0           0           0
          47    0.551467           0           0           0
          47    0.577117           0           0           0
          47    0.602767           0           0           0
          47    0.628416           0           0           0
          47    0.654066           0           0           0
          47    0.679715           0           0           0
          47    0.705365           0           0           0
          47    0.731015           0           0           0
          47    0.756664           0           0           0
          47    0.782314           0           0           0
          47    0.807964           0           0           0
          47    0.833613           0           0           0
          47    0.859263           0 1.11747e-05  5.5139e-06
          47    0.884913 0.000403503  0.00128114 7.77909e-05
          47    0.910562   0.0223632   0.0258737 0.000430921
          47    0.936212     0.16886    0.174821   0.0012052
          47    0.961861    0.594306    0.585302  0.00187542
          47    0.987511     1.22803     1.22806  0.00240093
          47     1.01316     1.88095     1.88515  0.00427208
          47     1.03881     2.33867     2.34508  0.00490146
          47     1.06446     2.57808     2.54784  0.00363347
          47     1.09011     2.54151      2.5407  0.00324649
          47     1.11576       2.417     2.39748  0.00447761
          47     1.14141     2.17627     2.18635  0.00361687
          47     1.16706     1.97781     1.95632  0.00413106
          47     1.19271     1.72809     1.74467  0.00349913
          47     1.21836     1.55938      1.5512  0.00322858
          47     1.24401     1.37911     1.38332  0.00376635
          47     1.26966     1.24288     1.23922  0.00348423
          47     1.29531     1.10771     1.11559  0.00308311
          47     1.32096     1.00716     1.01116  0.00293005
          47     1.34661    0.930098    0.933872  0.00268845
          47     1.37226    0.861919    0.865219  0.00280154
          47     1.39791     0.79236    0.810869  0.00242673
          47     1.42355    0.770237    0.770346  0.00196913
          47      1.4492    0.716597    0.737711  0.00208905
          47     1.47485    0.701411    0.712589  0.00184146
          47      1.5005     0.69858    0.694817  0.00166768
          47     1.52615    0.684225    0.685399  0.00171436
          47      1.5518    0.684835    0.676162  0.00201984
          47     1.57745    0.661302    0.675735  0.00204966
          47      1.6031    0.658491     0.67793  0.00185743
          47     1.62875     0.67739    0.689615   0.0018915
          47      1.6544    0.698593    0.706463  0.00201738
          47     1.68005     0.73598     0.72764  0.00189775
          47      1.7057     0.75868    0.756212  0.00183689
          47     1.73135    0.800287    0.786758  0.00188418
          47       1.757    0.838079    0.821739  0.00170344
          47     1.78265    0.875523    0.858697  0.00201174
          47      1.8083    0.922257     0.90054  0.00188504
          47     1.83395    0.943504    0.939389  0.00222178
          47      1.8596    0.983372    0.982275  0.00213917
          47     1.88525     1.02374     1.02007  0.00215198
          47      1.9109     1.06195     1.05911  0.00213333
          47     1.93655     1.10809     1.09759  0.00217392
          47      1.9622     1.14145     1.13125  0.00179917
          47     1.98785     1.15891     1.16197  0.00186576
          47      2.0135      1.1939      1.1858  0.00198993
          47     2.03915     1.22194     1.20303  0.00206861
          47      2.0648     1.21815     1.21387  0.00189965
          47     2.09045     1.21323      1.2121  0.00190785
          47      2.1161     1.18618     1.20763  0.00166864
          47     2.14174     1.19098     1.19168  0.00182109
          47     2.16739     1.16665     1.16924  0.00195077
          47     2.19304     1.15285     1.14542  0.00168641
          47     2.21869     1.12475     1.11906  0.00189109
          47     2.24434      1.0857      1.0901  0.00206895
          47     2.26999     1.06233     1.06122  0.00151405
          47     2.29564     1.02253     1.03249   0.0017667
          47     2.32129    0.990184      1.0051  0.00159834
          47     2.34694    0.969966    0.979905   0.0016062
          47     2.37259    0.951656    0.960228  0.00145933
          47     2.39824    0.932053    0.941502  0.00161236
          47     2.42389    0.912549    0.925832  0.00131284
          47     2.44954    0.898228    0.912944  0.00136252
          47     2.47519    0.897113      0.9044  0.00136333
          47     2.50084    0.883261    0.897209  0.00151429
          47     2.52649    0.888777     0.89172  0.00137269
          47     2.55214    0.899376    0.891665  0.00122098

          48   0.0128248           0           0           0
          48   0.0384745           0           0           0
          48   0.0641241           0           0           0
          48   0.0897737           0           0           0
          48    0.115423           0           0           0
          48    0.141073           0           0           0
          48    0.166723           0           0           0
          48    0.192372           0           0           0
          48    0.218022           0           0           0
          48    0.243672           0           0           0
          48    0.269321           0           0           0
          48    0.294971           0           0           0
          48     0.32062           0           0           0
          48     0.34627           0           0           0
          48     0.37192           0           0           0
          48    0.397569           0           0           0
          48    0.423219           0           0           0
          48    0.448869           0           0           0
          48    0.474518           0           0           0
          48    0.500168           0           0           0
          48    0.525818           0           0           0
          48    0.551467           0           0           0
          48    0.577117           0           0           0
          48    0.602767           0           0           0
          48    0.628416           0           0           0
          48    0.654066           0           0           0
          48    0.679715           0           0           0
          48    0.705365           0           0           0
          48    0.731015           0           0           0
          48    0.756664           0           0           0
          48    0.782314           0           0           0
          48    0.807964           0           0           0
          48    0.833613           0           0           0
          48    0.859263           0 1.09419e-05 5.40394e-06
          48    0.884913  0.00192581  0.00129457  7.7321e-05
          48    0.910562   0.0199554   0.0257504 0.000439229
          48    0.936212    0.174874    0.174822  0.00118009
          48    0.961861    0.599941    0.585607  0.00186098
          48    0.987511     1.23941      1.2283  0.00236253
          48     1.01316     1.90012     1.88546  0.00419446
          48     1.03881      2.3173      2.3445  0.00483341
          48     1.06446     2.52887     2.54745   0.0035792
          48     1.09011     2.52022     2.54028  0.00320678
          48     1.11576     2.41332     2.39781  0.00439647
          48     1.14141     2.17832     2.18618  0.00354539
          48     1.16706     1.99889     1.95721  0.00413912
          48     1.19271     1.74766     1.74473  0.00342679
          48     1.21836     1.56589      1.5515   0.0031758
          48     1.24401     1.36711     1.38298  0.00370299
          48     1.26966     1.21851     1.23879  0.00343826
          48     1.29531     1.14695     1.11625  0.00308733
          48     1.32096     1.01831     1.01131  0.00287279
          48     1.34661    0.951413    0.934238  0.00265716
          48     1.37226     0.89181    0.865773  0.00279741
          48     1.39791    0.803973    0.810725  0.00238042
          48     1.42355    0.768012    0.770298  0.00192871
          48      1.4492    0.729482     0.73754  0.00205255
          48     1.47485     0.70363    0.712403  0.00181253
          48      1.5005    0.673248    0.694367  0.00169239
          48     1.52615    0.655224     0.68477  0.00179019
          48      1.5518    0.666208    0.675955  0.00198837
          48     1.57745    0.680667    0.675838  0.00200954
          48      1.6031    0.671507    0.677797  0.00182355
          48     1.62875    0.683329    0.689484  0.00185662
          48      1.6544    0.680415     0.70592  0.00204704
          48     1.68005    0.719131    0.727462  0.00186647
          48      1.7057    0.754019    0.756167  0.00179919
          48     1.73135    0.812385    0.787291  0.00191908
          48       1.757    0.857918    0.822493  0.00182711
          48     1.78265    0.865855    0.858846  0.00197535
          48      1.8083    0.907195    0.900678  0.00185086
          48     1.83395    0.952096    0.939654  0.00219121
          48      1.8596    0.998346     0.98261  0.00212064
          48     1.88525     1.03209     1.02032  0.00212167
          48      1.9109     1.07063     1.05935  0.00210233
          48     1.93655     1.10084     1.09766  0.00212969
          48      1.9622     1.13613     1.13135  0.00176456
          48     1.98785     1.16515     1.16204  0.00182806
          48      2.0135     1.18297     1.18574  0.00194934
          48     2.03915     1.20452     1.20306  0.00202574
          48      2.0648     1.22321     1.21406  0.00187001
          48     2.09045     1.20914     1.21204   0.0018691
          48      2.1161     1.20756     1.20763  0.00163388
          48     2.14174     1.18402     1.19152  0.00179012
          48     2.16739     1.16493     1.16915  0.00191219
          48     2.19304     1.13095     1.14512  0.00167802
          48     2.21869     1.10546     1.11878   0.0018728
          48     2.24434     1.07828     1.08986  0.00204046
          48     2.26999     1.03725     1.06072  0.00156269
          48     2.29564     1.01623     1.03215  0.00176208
          48     2.32129      1.0044     1.00509  0.00156511
          48     2.34694    0.966649    0.979629   0.0015963
          48     2.37259    0.967744    0.960384  0.00143731
          48     2.39824    0.960659    0.941901  0.00162742
          48     2.42389    0.942369    0.926176  0.00132993
          48     2.44954     0.91131     0.91291  0.00133456
          48     2.47519    0.898625     0.90428  0.00134022
          48     2.50084     0.88933    0.897045  0.00149161
          48     2.52649    0.876097    0.891394  0.00138214
          48     2.55214    0.872188    0.891259  0.00126116

          49   0.0128248           0           0           0
          49   0.0384745           0           0           0
          49   0.0641241           0           0           0
          49   0.0897737           0           0           0
          49    0.115423           0           0           0
          49    0.141073           0           0           0
          49    0.166723           0           0           0
          49    0.192372           0           0           0
          49    0.218022           0           0           0
          49    0.243672           0           0           0
          49    0.269321           0           0           0
          49    0.294971           0           0           0
          49     0.32062           0           0           0
          49     0.34627           0           0           0
          49     0.37192           0           0           0
          49    0.397569           0           0           0
          49    0.423219           0           0           0
          49    0.448869           0           0           0
          49    0.474518           0           0           0
          49    0.500168           0           0           0
          49    0.525818           0           0           0
          49    0.551467           0           0           0
          49    0.577117           0           0           0
          49    0.602767           0           0           0
          49    0.628416           0           0           0
          49    0.654066           0           0           0
          49    0.679715           0           0           0
          49    0.705365           0           0           0
          49    0.731015           0           0           0
          49    0.756664           0           0           0
          49    0.782314           0           0           0
          49    0.807964           0           0           0
          49    0.833613           0           0           0
          49    0.859263           0 1.07186e-05 5.29827e-06
          49    0.884913 0.000935393  0.00128724 7.60897e-05
          49    0.910562    0.024286   0.0257205 0.000431281
          49    0.936212    0.177283    0.174872  0.00115708
          49    0.961861    0.587351    0.585643  0.00182334
          49    0.987511     1.22679     1.22827  0.00231451
          49     1.01316     1.93194     1.88641  0.00421475
          49     1.03881     2.39369     2.34551  0.00483789
          49     1.06446     2.52194     2.54693  0.00354382
          49     1.09011     2.48311     2.53911  0.00334681
          49     1.11576     2.39126     2.39768  0.00430878
          49     1.14141     2.18143     2.18609  0.00347436
          49     1.16706     1.93428     1.95674    0.004081
          49     1.19271     1.70609     1.74394  0.00344638
          49     1.21836     1.54603     1.55139  0.00311295
          49     1.24401     1.37209     1.38276  0.00363409
          49     1.26966     1.26261     1.23928  0.00340227
          49     1.29531     1.13817     1.11669  0.00305657
          49     1.32096     1.02774     1.01164  0.00283367
          49     1.34661    0.932356    0.934199  0.00260321
          49     1.37226    0.871071    0.865881  0.00274241
          49     1.39791    0.803649    0.810581  0.00233622
          49     1.42355    0.771719    0.770327  0.00188956
          49      1.4492    0.731362    0.737414  0.00201453
          49     1.47485     0.71092    0.712372  0.00177579
          49      1.5005    0.688788    0.694253  0.00166168
          49     1.52615    0.701147    0.685104  0.00178458
          49      1.5518    0.693358     0.67631  0.00197926
          49     1.57745    0.686018    0.676046  0.00197924
          49      1.6031    0.682188    0.677886  0.00178854
          49     1.62875    0.684872     0.68939  0.00182111
          49      1.6544    0.714399    0.706093  0.00201256
          49     1.68005    0.739547    0.727709   0.0018446
          49      1.7057    0.760832    0.756262  0.00176499
          49     1.73135    0.775136    0.787043  0.00189588
          49       1.757    0.808874    0.822215  0.00181084
          49     1.78265    0.850013    0.858666  0.00194324
          49      1.8083    0.899684    0.900658   0.0018132
          49     1.83395     0.92436    0.939342  0.00216861
          49      1.8596    0.948932    0.981923  0.00218591
          49     1.88525      1.0155     1.02022  0.00208065
          49      1.9109     1.06785     1.05953  0.00206657
          49     1.93655     1.08346     1.09737  0.00210586
          49      1.9622     1.13248     1.13137  0.00172869
          49     1.98785      1.1719     1.16224  0.00180179
          49      2.0135     1.17643     1.18555  0.00191879
          49     2.03915     1.20718     1.20315  0.00198614
          49      2.0648     1.24056      1.2146  0.00190844
          49     2.09045     1.23501     1.21251  0.00188884
          49      2.1161     1.20844     1.20765  0.00160061
          49     2.14174     1.20978     1.19189  0.00179198
          49     2.16739     1.18423     1.16946  0.00189776
          49     2.19304     1.15212     1.14526  0.00164985
          49     2.21869       1.121     1.11882  0.00183513
          49     2.24434     1.07898     1.08964  0.00201085
          49     2.26999     1.04108     1.06032  0.00158135
          49     2.29564     1.02097     1.03193  0.00174085
          49     2.32129    0.999559     1.00497  0.00153723
          49     2.34694    0.965345    0.979337  0.00159012
          49     2.37259    0.959903    0.960374  0.00140801
          49     2.39824    0.935519     0.94177  0.00159941
          49     2.42389     0.93219    0.926299  0.00130843
          49     2.44954    0.912183    0.912895  0.00130741
          49     2.47519     0.91347    0.904468  0.00132593
          49     2.50084    0.901098    0.897128  0.00146346
          49     2.52649    0.893711    0.891441  0.00135474
          49     2.55214    0.892405    0.891282  0.00123564

          50   0.0128248           0           0           0
          50   0.0384745           0           0           0
          50   0.0641241           0           0           0
          50   0.0897737           0           0           0
          50    0.115423           0           0           0
          50    0.141073           0           0           0
          50    0.166723           0           0           0
          50    0.192372           0           0           0
          50    0.218022           0           0           0
          50    0.243672           0           0           0
          50    0.269321           0           0           0
          50    0.294971           0           0           0
          50     0.32062           0           0           0
          50     0.34627           0           0           0
          50     0.37192           0           0           0
          50    0.397569           0           0           0
          50    0.423219           0           0           0
          50    0.448869           0           0           0
          50    0.474518           0           0           0
          50    0.500168           0           0           0
          50    0.525818           0           0           0
          50    0.551467           0           0           0
          50    0.577117           0           0           0
          50    0.602767           0           0           0
          50    0.628416           0           0           0
          50    0.654066           0           0           0
          50    0.679715           0           0           0
          50    0.705365           0           0           0
          50    0.731015           0           0           0
          50    0.756664           0           0           0
          50    0.782314           0           0           0
          50    0.807964           0           0           0
          50    0.833613           0           0           0
          50    0.859263           0 1.05042e-05 5.19664e-06
          50    0.884913 0.000751983  0.00127654 7.53172e-05
          50    0.910562   0.0249789   0.0257057  0.00042291
          50    0.936212    0.181166    0.174998  0.00114076
          50    0.961861    0.602565    0.585981  0.00181801
          50    0.987511     1.21097     1.22792  0.00229393
          50     1.01316     1.89799     1.88664  0.00413683
          50     1.03881     2.34996      2.3456  0.00474195
          50     1.06446     2.55147     2.54702  0.00347411
          50     1.09011     2.52403     2.53881  0.00329345
          50     1.11576     2.40339     2.39779  0.00422412
          50     1.14141     2.20722     2.18651   0.0034305
          50     1.16706      1.9448      1.9565  0.00400636
          50     1.19271     1.74256     1.74391  0.00337756
          50     1.21836     1.54783     1.55132  0.00305151
          50     1.24401     1.39705     1.38304  0.00357262
          50     1.26966     1.22257     1.23894   0.0033506
          50     1.29531     1.09814     1.11632  0.00301788
          50     1.32096     1.00563     1.01152  0.00277955
          50     1.34661    0.921647    0.933948  0.00256322
          50     1.37226    0.871293     0.86599  0.00268969
          50     1.39791    0.817416    0.810717  0.00229349
          50     1.42355    0.773646    0.770393  0.00185294
          50      1.4492    0.748042    0.737626  0.00198543
          50     1.47485    0.716321    0.712451  0.00174203
          50      1.5005    0.677229    0.693913  0.00166296
          50     1.52615    0.678281    0.684968   0.0017541
          50      1.5518    0.674319     0.67627  0.00194008
          50     1.57745    0.673487    0.675995  0.00194031
          50      1.6031    0.690996    0.678148  0.00177188
          50     1.62875    0.698879     0.68958  0.00179455
          50      1.6544    0.704376    0.706059   0.0019726
          50     1.68005     0.74459    0.728047  0.00183835
          50      1.7057    0.766169     0.75646  0.00174078
          50     1.73135    0.791705    0.787137  0.00186025
          50       1.757    0.823493    0.822241   0.0017748
          50     1.78265    0.851419    0.858521  0.00190978
          50      1.8083    0.890456    0.900454  0.00178838
          50     1.83395    0.921503    0.938985  0.00215438
          50      1.8596    0.963822    0.981561  0.00217196
          50     1.88525     1.01705     1.02016  0.00204001
          50      1.9109     1.06412     1.05962  0.00202727
          50     1.93655     1.09916     1.09741  0.00206405
          50      1.9622     1.11682     1.13108  0.00171844
          50     1.98785     1.15129     1.16202    0.001779
          50      2.0135     1.18374     1.18551  0.00188076
          50     2.03915     1.20648     1.20321  0.00194754
          50      2.0648     1.22509     1.21481  0.00188176
          50     2.09045     1.22138     1.21268  0.00185939
          50      2.1161     1.21319     1.20776  0.00157243
          50     2.14174     1.18778     1.19181  0.00175802
          50     2.16739     1.16456     1.16936  0.00186234
          50     2.19304     1.14706      1.1453  0.00161724
          50     2.21869     1.11903     1.11883  0.00179843
          50     2.24434     1.08814     1.08961  0.00197086
          50     2.26999     1.04978     1.06011  0.00156371
          50     2.29564     1.03083      1.0319  0.00170617
          50     2.32129    0.994526     1.00477  0.00152062
          50     2.34694    0.964065    0.979032  0.00158738
          50     2.37259    0.954389    0.960255  0.00138493
          50     2.39824     0.95967    0.942128  0.00160699
          50     2.42389    0.946203    0.926697  0.00134145
          50     2.44954    0.925603    0.913149  0.00130573
          50     2.47519    0.920435    0.904787  0.00133731
          50     2.50084    0.912328    0.897432  0.00146543
          50     2.52649    0.900527    0.891623  0.00133978
          50     2.55214    0.895305    0.891363  0.00121355

          51   0.0128248           0           0           0
          51   0.0384745           0           0           0
          51   0.0641241           0           0           0
          51   0.0897737           0           0           0
          51    0.115423           0           0           0
          51    0.141073           0           0           0
          51    0.166723           0           0           0
          51    0.192372           0           0           0
          51    0.218022           0           0           0
          51    0.243672           0           0           0
          51    0.269321           0           0           0
          51    0.294971           0           0           0
          51     0.32062           0           0           0
          51     0.34627           0           0           0
          51     0.37192           0           0           0
          51    0.397569           0           0           0
          51    0.423219           0           0           0
          51    0.448869           0           0           0
          51    0.474518           0           0           0
          51    0.500168           0           0           0
          51    0.525818           0           0           0
          51    0.551467           0           0           0
          51    0.577117           0           0           0
          51    0.602767           0           0           0
          51    0.628416           0           0           0
          51    0.654066           0           0           0
          51    0.679715           0           0           0
          51    0.705365           0           0           0
          51    0.731015           0           0           0
          51    0.756664           0           0           0
          51    0.782314           0           0           0
          51    0.807964           0           0           0
          51    0.833613           0           0           0
          51    0.859263           0 1.02983e-05 5.09882e-06
          51    0.884913  0.00130221  0.00127704  7.3842e-05
          51    0.910562   0.0224151   0.0256412 0.000419511
          51    0.936212    0.163731    0.174777  0.00113959
          51    0.961861    0.613354    0.586518   0.0018599
          51    0.987511     1.26366     1.22862  0.00235351
          51     1.01316     1.89613     1.88682   0.0040599
          51     1.03881     2.37611      2.3462  0.00468657
          51     1.06446     2.57613     2.54759  0.00345255
          51     1.09011      2.5375     2.53878  0.00322897
          51     1.11576     2.40358      2.3979  0.00414282
          51     1.14141     2.13765     2.18555  0.00349445
          51     1.16706     1.94712     1.95632  0.00393203
          51     1.19271     1.72117     1.74347  0.00334065
          51     1.21836     1.54794     1.55125   0.0029924
          51     1.24401     1.35355     1.38247  0.00354908
          51     1.26966     1.18977     1.23798  0.00342082
          51     1.29531     1.12927     1.11658  0.00296936
          51     1.32096      1.0194     1.01168  0.00272934
          51     1.34661    0.907889    0.933437  0.00256338
          51     1.37226    0.860401     0.86588  0.00263918
          51     1.39791    0.813035    0.810763  0.00224897
          51     1.42355    0.785511    0.770689  0.00184017
          51      1.4492    0.734755     0.73757  0.00194729
          51     1.47485    0.705776     0.71232  0.00171278
          51      1.5005    0.698223    0.693997   0.0016325
          51     1.52615    0.680698    0.684884  0.00172171
          51      1.5518    0.679914    0.676341  0.00190335
          51     1.57745    0.695536    0.676378  0.00193973
          51      1.6031    0.693175    0.678443  0.00176146
          51     1.62875    0.705203    0.689886  0.00178532
          51      1.6544    0.733631      0.7066  0.00200664
          51     1.68005    0.754635    0.728568  0.00187477
          51      1.7057    0.746827    0.756271  0.00171686
          51     1.73135    0.792587    0.787243  0.00182685
          51       1.757    0.829113    0.822375  0.00174511
          51     1.78265    0.853489    0.858422  0.00187488
          51      1.8083    0.884183    0.900135  0.00178154
          51     1.83395    0.919556    0.938604  0.00214556
          51      1.8596    0.987995    0.981687  0.00213304
          51     1.88525     1.00895     1.01994  0.00201182
          51      1.9109     1.06494     1.05972  0.00199021
          51     1.93655     1.09393     1.09734   0.0020247
          51      1.9622      1.1294     1.13105  0.00168506
          51     1.98785     1.16515     1.16208  0.00174518
          51      2.0135     1.19909     1.18578  0.00186262
          51     2.03915     1.23014     1.20374  0.00197962
          51      2.0648     1.21654     1.21485  0.00184516
          51     2.09045     1.20975     1.21263  0.00182382
          51      2.1161     1.20021     1.20761  0.00154855
          51     2.14174     1.18949     1.19176  0.00172414
          51     2.16739     1.16586     1.16929  0.00182708
          51     2.19304     1.14228     1.14524  0.00158661
          51     2.21869     1.10108     1.11848  0.00179651
          51     2.24434     1.08576     1.08953  0.00193366
          51     2.26999     1.06147     1.06013  0.00153328
          51     2.29564     1.03212     1.03191  0.00167272
          51     2.32129     1.01159      1.0049  0.00149668
          51     2.34694    0.979773    0.979046  0.00155632
          51     2.37259    0.957695    0.960205  0.00135868
          51     2.39824    0.937707    0.942042  0.00157781
          51     2.42389    0.894536    0.926067  0.00145584
          51     2.44954    0.898807    0.912868  0.00131006
          51     2.47519    0.889702    0.904491   0.0013434
          51     2.50084    0.896397    0.897411  0.00143684
          51     2.52649     0.88055    0.891406  0.00133098
          51     2.55214    0.894046    0.891415  0.00119089

          52   0.0128248           0           0           0
          52   0.0384745           0           0           0
          52   0.0641241           0           0           0
          52   0.0897737           0           0           0
          52    0.115423           0           0           0
          52    0.141073           0           0           0
          52    0.166723           0           0           0
          52    0.192372           0           0           0
          52    0.218022           0           0           0
          52    0.243672           0           0           0
          52    0.269321           0           0           0
          52    0.294971           0           0           0
          52     0.32062           0           0           0
          52     0.34627           0           0           0
          52     0.37192           0           0           0
          52    0.397569           0           0           0
          52    0.423219           0           0           0
          52    0.448869           0           0           0
          52    0.474518           0           0           0
          52    0.500168           0           0           0
          52    0.525818           0           0           0
          52    0.551467           0           0           0
          52    0.577117           0           0           0
          52    0.602767           0           0           0
          52    0.628416           0           0           0
          52    0.654066           0           0           0
          52    0.679715           0           0           0
          52    0.705365           0           0           0
          52    0.731015           0           0           0
          52    0.756664           0           0           0
          52    0.782314           0           0           0
          52    0.807964           0           0           0
          52    0.833613           0           0           0
          52    0.859263           0 1.01002e-05 5.00461e-06
          52    0.884913 0.000825347  0.00126835 7.29311e-05
          52    0.910562   0.0234718   0.0255995 0.000413512
          52    0.936212    0.189589    0.175062  0.00115272
          52    0.961861    0.601866    0.586813  0.00184741
          52    0.987511     1.22389     1.22853  0.00231001
          52     1.01316     1.87291     1.88656  0.00399064
          52     1.03881     2.33473     2.34598  0.00460162
          52     1.06446     2.53349     2.54732  0.00339679
          52     1.09011     2.59046     2.53978  0.00331631
          52     1.11576     2.38575     2.39767  0.00406974
          52     1.14141     2.16868     2.18523  0.00344227
          52     1.16706     1.97709     1.95672  0.00387665
          52     1.19271     1.75552      1.7437  0.00328443
          52     1.21836     1.58173     1.55184   0.0029917
          52     1.24401     1.41118     1.38302  0.00352353
          52     1.26966     1.24898     1.23819  0.00336157
          52     1.29531     1.12419     1.11672  0.00291586
          52     1.32096     1.00814     1.01161   0.0026777
          52     1.34661    0.916198    0.933106  0.00253544
          52     1.37226    0.820372    0.865005  0.00272967
          52     1.39791    0.778644    0.810145  0.00228897
          52     1.42355    0.754177    0.770372  0.00183197
          52      1.4492    0.716078    0.737157  0.00195322
          52     1.47485    0.708747    0.712252  0.00168122
          52      1.5005    0.690848    0.693937  0.00160223
          52     1.52615    0.660058    0.684407  0.00175354
          52      1.5518    0.670287    0.676225  0.00187031
          52     1.57745    0.667594    0.676209  0.00190977
          52      1.6031    0.688257    0.678632  0.00173767
          52     1.62875    0.692458    0.689935  0.00175167
          52      1.6544    0.706622      0.7066  0.00196805
          52     1.68005    0.737466    0.728739  0.00184651
          52      1.7057    0.752474    0.756198   0.0016854
          52     1.73135    0.807201    0.787627  0.00183159
          52       1.757    0.825307    0.822432  0.00171246
          52     1.78265    0.856626    0.858388  0.00183914
          52      1.8083    0.909545    0.900316  0.00175645
          52     1.83395    0.959331    0.939003    0.002141
          52      1.8596     1.00194    0.982076  0.00212727
          52     1.88525     1.04291     1.02038  0.00202104
          52      1.9109     1.07042     1.05993  0.00196253
          52     1.93655     1.10164     1.09742  0.00198745
          52      1.9622     1.11828      1.1308  0.00167046
          52     1.98785     1.14898     1.16183  0.00172971
          52      2.0135     1.18286     1.18572  0.00182765
          52     2.03915     1.19456     1.20356  0.00194941
          52      2.0648     1.20586     1.21467  0.00181776
          52     2.09045     1.23066     1.21297  0.00182142
          52      2.1161     1.22298     1.20791  0.00154672
          52     2.14174     1.21651     1.19224  0.00175542
          52     2.16739      1.1757     1.16941   0.0017961
          52     2.19304     1.15127     1.14536  0.00156034
          52     2.21869     1.10567     1.11823  0.00177878
          52     2.24434     1.09729     1.08968  0.00190222
          52     2.26999     1.04837     1.05991  0.00152038
          52     2.29564     1.01375     1.03156  0.00167659
          52     2.32129    0.991978     1.00465  0.00148838
          52     2.34694    0.956766    0.978618  0.00158428
          52     2.37259       0.926    0.959547  0.00148326
          52     2.39824    0.934356    0.941894  0.00155438
          52     2.42389    0.901147    0.925587  0.00150466
          52     2.44954    0.896384    0.912551  0.00132267
          52     2.47519    0.890429    0.904221  0.00134451
          52     2.50084     0.89966    0.897455  0.00140986
          52     2.52649    0.907694    0.891719  0.00134174
          52     2.55214    0.891342    0.891414  0.00116799

          53   0.0128248           0           0           0
          53   0.0384745           0           0           0
          53   0.0641241           0           0           0
          53   0.0897737           0           0           0
          53    0.115423           0           0           0
          53    0.141073           0           0           0
          53    0.166723           0           0           0
          53    0.192372           0           0           0
          53    0.218022           0           0           0
          53    0.243672           0           0           0
          53    0.269321           0           0           0
          53    0.294971           0           0           0
          53     0.32062           0           0           0
          53     0.34627           0           0           0
          53     0.37192           0           0           0
          53    0.397569           0           0           0
          53    0.423219           0           0           0
          53    0.448869           0           0           0
          53    0.474518           0           0           0
          53    0.500168           0           0           0
          53    0.525818           0           0           0
          53    0.551467           0           0           0
          53    0.577117           0           0           0
          53    0.602767           0           0           0
          53    0.628416           0           0           0
          53    0.654066           0           0           0
          53    0.679715           0           0           0
          53    0.705365           0           0           0
          53    0.731015           0           0           0
          53    0.756664           0           0           0
          53    0.782314           0           0           0
          53    0.807964           0           0           0
          53    0.833613           0           0           0
          53    0.859263           0 9.90966e-06 4.91381e-06
          53    0.884913 0.000953734  0.00126242 7.17963e-05
          53    0.910562   0.0213238   0.0255188 0.000413505
          53    0.936212    0.172301     0.17501  0.00113215
          53    0.961861    0.592273    0.586916  0.00181542
          53    0.987511     1.21794     1.22833  0.00227506
          53     1.01316     1.89539     1.88672  0.00391882
          53     1.03881     2.34225     2.34591  0.00451533
          53     1.06446     2.52863     2.54697  0.00335095
          53     1.09011     2.51818     2.53937  0.00327868
          53     1.11576     2.40504     2.39781  0.00399532
          53     1.14141     2.22086      2.1859  0.00344236
          53     1.16706     1.98974     1.95734  0.00385326
          53     1.19271     1.70702     1.74301  0.00329456
          53     1.21836     1.58337     1.55244   0.0029938
          53     1.24401     1.38583     1.38307  0.00345745
          53     1.26966     1.24967     1.23841  0.00330512
          53     1.29531     1.11355     1.11666  0.00286146
          53     1.32096     1.00125     1.01142  0.00263431
          53     1.34661    0.926803    0.932987  0.00249039
          53     1.37226    0.866846     0.86504  0.00267839
          53     1.39791    0.795763    0.809874  0.00226181
          53     1.42355    0.770173    0.770368  0.00179741
          53      1.4492    0.737388    0.737161  0.00191637
          53     1.47485    0.709401    0.712198  0.00165036
          53      1.5005    0.686472    0.693796  0.00157818
          53     1.52615    0.669056    0.684117  0.00174421
          53      1.5518    0.680045    0.676297   0.0018364
          53     1.57745    0.700327    0.676664  0.00192719
          53      1.6031    0.684719    0.678747  0.00170868
          53     1.62875    0.691748     0.68997  0.00171895
          53      1.6544    0.694636    0.706374  0.00194382
          53     1.68005    0.721981    0.728611  0.00181607
          53      1.7057    0.763088    0.756328  0.00165861
          53     1.73135    0.802692    0.787912  0.00181895
          53       1.757    0.822544    0.822434  0.00168015
          53     1.78265    0.837137    0.857987  0.00184763
          53      1.8083    0.875464    0.899847   0.0017848
          53     1.83395    0.934942    0.938926  0.00210198
          53      1.8596    0.980328    0.982043  0.00208739
          53     1.88525     1.03067     1.02058  0.00199221
          53      1.9109     1.06502     1.06002  0.00192785
          53     1.93655     1.10449     1.09755  0.00195443
          53      1.9622     1.13981     1.13097  0.00164756
          53     1.98785     1.18384     1.16224  0.00174621
          53      2.0135     1.19556     1.18591  0.00180256
          53     2.03915     1.19512     1.20341  0.00191914
          53      2.0648      1.2136     1.21465  0.00178358
          53     2.09045     1.21986      1.2131  0.00179168
          53      2.1161     1.19594     1.20768  0.00153394
          53     2.14174     1.20714     1.19252  0.00174468
          53     2.16739      1.1698     1.16942  0.00176222
          53     2.19304     1.14079     1.14527  0.00153328
          53     2.21869     1.10442     1.11797  0.00176421
          53     2.24434     1.07598     1.08942   0.0018838
          53     2.26999     1.06583     1.06002   0.0014958
          53     2.29564     1.02944     1.03152  0.00164543
          53     2.32129     1.00534     1.00466  0.00146035
          53     2.34694     0.96861    0.978429   0.0015656
          53     2.37259    0.953368     0.95943  0.00145984
          53     2.39824    0.931157    0.941691   0.0015382
          53     2.42389    0.928449    0.925641  0.00147723
          53     2.44954     0.91811    0.912656  0.00130186
          53     2.47519    0.905309    0.904241   0.0013193
          53     2.50084    0.899523    0.897494  0.00138379
          53     2.52649    0.892885    0.891741   0.0013166
          53     2.55214    0.886961     0.89133  0.00114897

          54   0.0128248           0           0           0
          54   0.0384745           0           0           0
          54   0.0641241           0           0           0
          54   0.0897737           0           0           0
          54    0.115423           0           0           0
          54    0.141073           0           0           0
          54    0.166723           0           0           0
          54    0.192372           0           0           0
          54    0.218022           0           0           0
          54    0.243672           0           0           0
          54    0.269321           0           0           0
          54    0.294971           0           0           0
          54     0.32062           0           0           0
          54     0.34627           0           0           0
          54     0.37192           0           0           0
          54    0.397569           0           0           0
          54    0.423219           0           0           0
          54    0.448869           0           0           0
          54    0.474518           0           0           0
          54    0.500168           0           0           0
          54    0.525818           0           0           0
          54    0.551467           0           0           0
          54    0.577117           0           0           0
          54    0.602767           0           0           0
          54    0.628416           0           0           0
          54    0.654066           0           0           0
          54    0.679715           0           0           0
          54    0.705365           0           0           0
          54    0.731015           0           0           0
          54    0.756664           0           0           0
          54    0.782314           0           0           0
          54    0.807964           0           0           0
          54    0.833613           0           0           0
          54    0.859263           0 9.72615e-06 4.82624e-06
          54    0.884913  0.00234765  0.00128251 7.32254e-05
          54    0.910562   0.0218262   0.0254504 0.000411462
          54    0.936212     0.17512    0.175012  0.00111118
          54    0.961861    0.566922    0.586546  0.00181917
          54    0.987511     1.23134     1.22839  0.00223361
          54     1.01316       1.886     1.88671  0.00384627
          54     1.03881     2.36465     2.34625  0.00444504
          54     1.06446     2.56126     2.54723  0.00329934
          54     1.09011      2.5784     2.54009  0.00329668
          54     1.11576     2.37618     2.39741  0.00394136
          54     1.14141     2.16661     2.18554  0.00339709
          54     1.16706     1.94713     1.95715  0.00378654
          54     1.19271     1.74602     1.74306  0.00323402
          54     1.21836     1.57011     1.55276   0.0029562
          54     1.24401     1.40107      1.3834  0.00340944
          54     1.26966     1.21914     1.23805   0.0032631
          54     1.29531     1.11991     1.11672   0.0028091
          54     1.32096    0.991838     1.01105  0.00261036
          54     1.34661    0.933766    0.933001  0.00244431
          54     1.37226     0.86966    0.865125  0.00263016
          54     1.39791    0.803377    0.809754  0.00222312
          54     1.42355    0.757005    0.770121  0.00178108
          54      1.4492    0.707461    0.736611  0.00195822
          54     1.47485    0.680083    0.711603  0.00172363
          54      1.5005    0.695633     0.69383  0.00154932
          54     1.52615    0.687703    0.684184  0.00171318
          54      1.5518    0.687006    0.676495  0.00181307
          54     1.57745    0.682249    0.676767  0.00189428
          54      1.6031    0.685133    0.678865  0.00168112
          54     1.62875    0.709144    0.690325  0.00172341
          54      1.6544     0.71072    0.706455  0.00190949
          54     1.68005    0.735507    0.728739  0.00178692
          54      1.7057    0.774655    0.756667  0.00166225
          54     1.73135    0.787225    0.787899  0.00178531
          54       1.757    0.817961    0.822351  0.00165108
          54     1.78265      0.8603     0.85803  0.00181391
          54      1.8083    0.901314    0.899874  0.00175195
          54     1.83395    0.948496    0.939103  0.00207051
          54      1.8596    0.976307    0.981937  0.00205144
          54     1.88525     1.03208     1.02079  0.00196667
          54      1.9109      1.0697      1.0602  0.00190045
          54     1.93655     1.09504     1.09751  0.00191879
          54      1.9622     1.13416     1.13103  0.00161811
          54     1.98785     1.14782     1.16198  0.00173419
          54      2.0135      1.1753     1.18571  0.00177985
          54     2.03915     1.19484     1.20325  0.00189014
          54      2.0648     1.20452     1.21447   0.0017604
          54     2.09045       1.196     1.21279  0.00178627
          54      2.1161     1.19229     1.20739  0.00153179
          54     2.14174     1.20773      1.1928  0.00173496
          54     2.16739     1.17916      1.1696   0.0017388
          54     2.19304     1.14301     1.14523  0.00150545
          54     2.21869     1.10941     1.11781  0.00173865
          54     2.24434     1.09184     1.08947  0.00184945
          54     2.26999     1.06367     1.06009  0.00146962
          54     2.29564     1.03744     1.03163  0.00161861
          54     2.32129      1.0143     1.00484  0.00144418
          54     2.34694    0.992256    0.978685   0.0015574
          54     2.37259    0.966799    0.959567  0.00143917
          54     2.39824    0.947249    0.941794  0.00151315
          54     2.42389    0.921631    0.925567  0.00145174
          54     2.44954    0.920353    0.912798  0.00128553
          54     2.47519    0.902566     0.90421  0.00129523
          54     2.50084    0.891092    0.897375  0.00136324
          54     2.52649    0.894087    0.891785  0.00129294
          54     2.55214    0.882069    0.891158  0.00114042

          55   0.0128248           0           0           0
          55   0.0384745           0           0           0
          55   0.0641241           0           0           0
          55   0.0897737           0           0           0
          55    0.115423           0           0           0
          55    0.141073           0           0           0
          55    0.166723           0           0           0
          55    0.192372           0           0           0
          55    0.218022           0           0           0
          55    0.243672           0           0           0
          55    0.269321           0           0           0
          55    0.294971           0           0           0
          55     0.32062           0           0           0
          55     0.34627           0           0           0
          55     0.37192           0           0           0
          55    0.397569           0           0           0
          55    0.423219           0           0           0
          55    0.448869           0           0           0
          55    0.474518           0           0           0
          55    0.500168           0           0           0
          55    0.525818           0           0           0
          55    0.551467           0           0           0
          55    0.577117           0           0           0
          55    0.602767           0           0           0
          55    0.628416           0           0           0
          55    0.654066           0           0           0
          55    0.679715           0           0           0
          55    0.705365           0           0           0
          55    0.731015           0           0           0
          55    0.756664           0           0           0
          55    0.782314           0           0           0
          55    0.807964           0           0           0
          55    0.833613           0           0           0
          55    0.859263           0 9.54931e-06 4.74173e-06
          55    0.884913 0.000990416   0.0012772 7.20864e-05
          55    0.910562   0.0292921   0.0255203 0.000409867
          55    0.936212    0.165501    0.174839  0.00110435
          55    0.961861    0.584402    0.586507  0.00178651
          55    0.987511     1.22716     1.22837  0.00219311
          55     1.01316     1.88985     1.88677  0.00377676
          55     1.03881     2.36657     2.34662  0.00437955
          55     1.06446     2.58974       2.548  0.00332865
          55     1.09011     2.55418     2.54035  0.00324668
          55     1.11576     2.36716     2.39686  0.00390788
          55     1.14141     2.18793     2.18558   0.0033356
          55     1.16706     1.91207     1.95633  0.00380538
          55     1.19271     1.71729     1.74259  0.00320899
          55     1.21836     1.53809      1.5525  0.00291446
          55     1.24401     1.35367     1.38286  0.00339005
          55     1.26966     1.21273     1.23759  0.00323609
          55     1.29531     1.11732     1.11673  0.00275805
          55     1.32096     1.01023     1.01104  0.00256294
          55     1.34661    0.953892    0.933381   0.0024292
          55     1.37226    0.895586    0.865679     0.00264
          55     1.39791    0.841531    0.810331  0.00225653
          55     1.42355    0.787573    0.770438  0.00177674
          55      1.4492    0.744363    0.736752  0.00192768
          55     1.47485    0.691606     0.71124  0.00173021
          55      1.5005    0.671653    0.693427  0.00157274
          55     1.52615    0.666108    0.683855  0.00171326
          55      1.5518    0.659796    0.676192  0.00180535
          55     1.57745    0.667357    0.676596  0.00186755
          55      1.6031    0.665225    0.678617  0.00166875
          55     1.62875    0.696545    0.690438  0.00169578
          55      1.6544    0.729297     0.70687  0.00191941
          55     1.68005    0.760833    0.729323  0.00184725
          55      1.7057    0.779542    0.757083  0.00168326
          55     1.73135    0.821844    0.788516  0.00185647
          55       1.757    0.844728    0.822758  0.00167043
          55     1.78265    0.867338    0.858199  0.00178881
          55      1.8083     0.90427    0.899954  0.00172192
          55     1.83395    0.938709    0.939096  0.00203288
          55      1.8596    0.990728    0.982097  0.00202035
          55     1.88525     1.01835     1.02075  0.00193141
          55      1.9109     1.05898     1.06018  0.00186603
          55     1.93655     1.08174     1.09722   0.0019052
          55      1.9622     1.13229     1.13106  0.00158885
          55     1.98785       1.163       1.162  0.00170276
          55      2.0135     1.16053     1.18525  0.00180539
          55     2.03915       1.189     1.20299  0.00187343
          55      2.0648     1.18925     1.21401  0.00178708
          55     2.09045     1.18907     1.21235  0.00180511
          55      2.1161     1.18166     1.20693  0.00157377
          55     2.14174     1.17737     1.19252  0.00172596
          55     2.16739     1.17074     1.16962  0.00170731
          55     2.19304     1.14293     1.14519  0.00147866
          55     2.21869     1.12021     1.11786  0.00170758
          55     2.24434     1.08878     1.08945  0.00181586
          55     2.26999     1.06132     1.06011  0.00144307
          55     2.29564     1.03802     1.03174  0.00159336
          55     2.32129     1.01524     1.00503  0.00143024
          55     2.34694    0.989411     0.97888  0.00154125
          55     2.37259    0.964687     0.95966  0.00141602
          55     2.39824    0.947391    0.941896  0.00148906
          55     2.42389     0.94246    0.925874  0.00145748
          55     2.44954    0.907683    0.912705  0.00126552
          55     2.47519    0.914255    0.904393   0.0012845
          55     2.50084     0.90136    0.897448  0.00134037
          55     2.52649    0.915952    0.892224  0.00134202
          55     2.55214    0.901695     0.89135  0.00113566

          56   0.0128248           0           0           0
          56   0.0384745           0           0           0
          56   0.0641241           0           0           0
          56   0.0897737           0           0           0
          56    0.115423           0           0           0
          56    0.141073           0           0           0
          56    0.166723           0           0           0
          56    0.192372           0           0           0
          56    0.218022           0           0           0
          56    0.243672           0           0           0
          56    0.269321           0           0           0
          56    0.294971           0           0           0
          56     0.32062           0           0           0
          56     0.34627           0           0           0
          56     0.37192           0           0           0
          56    0.397569           0           0           0
          56    0.423219           0           0           0
          56    0.448869           0           0           0
          56    0.474518           0           0           0
          56    0.500168           0           0           0
          56    0.525818           0           0           0
          56    0.551467           0           0           0
          56    0.577117           0           0           0
          56    0.602767           0           0           0
          56    0.628416           0           0           0
          56    0.654066           0           0           0
          56    0.679715           0           0           0
          56    0.705365           0           0           0
          56    0.731015           0           0           0
          56    0.756664           0           0           0
          56    0.782314           0           0           0
          56    0.807964           0           0           0
          56    0.833613           0           0           0
          56    0.859263           0 9.37878e-06 4.66012e-06
          56    0.884913 0.000990416  0.00127208 7.09808e-05
          56    0.910562   0.0235931   0.0254858  0.00040399
          56    0.936212    0.179937     0.17493  0.00108838
          56    0.961861    0.564609    0.586116   0.0017969
          56    0.987511     1.21287     1.22809  0.00217133
          56     1.01316     1.90882     1.88716   0.0037298
          56     1.03881     2.37257     2.34709  0.00432578
          56     1.06446     2.59504     2.54884  0.00337353
          56     1.09011     2.55748     2.54065  0.00320309
          56     1.11576     2.40138     2.39694  0.00383893
          56     1.14141     2.21787     2.18616   0.0033255
          56     1.16706     1.99157     1.95696  0.00378909
          56     1.19271     1.74787     1.74269  0.00315307
          56     1.21836     1.49891     1.55154  0.00301543
          56     1.24401     1.34239     1.38214  0.00340568
          56     1.26966     1.20863     1.23707  0.00321935
          56     1.29531     1.07932     1.11607  0.00278852
          56     1.32096    0.976479     1.01042  0.00259041
          56     1.34661    0.929995    0.933321  0.00238657
          56     1.37226    0.854703    0.865483  0.00260012
          56     1.39791    0.800981    0.810164  0.00222241
          56     1.42355    0.802103    0.771003  0.00183278
          56      1.4492    0.757152    0.737116  0.00192737
          56     1.47485    0.726377     0.71151   0.0017203
          56      1.5005    0.694988    0.693455  0.00154491
          56     1.52615    0.674168    0.683682  0.00169138
          56      1.5518    0.681107     0.67628  0.00177525
          56     1.57745    0.682503    0.676702  0.00183717
          56      1.6031    0.689045    0.678803  0.00164931
          56     1.62875    0.682939    0.690304  0.00167078
          56      1.6544    0.694652    0.706652  0.00189749
          56     1.68005    0.726754    0.729277  0.00181483
          56      1.7057    0.765399    0.757232  0.00165974
          56     1.73135    0.805845    0.788825  0.00184893
          56       1.757    0.837902    0.823028  0.00166235
          56     1.78265    0.849986    0.858052  0.00176287
          56      1.8083    0.911118    0.900153  0.00170267
          56     1.83395    0.957772     0.93943  0.00202374
          56      1.8596    0.988996     0.98222  0.00198803
          56     1.88525     1.02907     1.02089  0.00190263
          56      1.9109     1.05687     1.06012  0.00183364
          56     1.93655     1.09236     1.09713  0.00187315
          56      1.9622      1.1326     1.13108  0.00156072
          56     1.98785     1.17037     1.16215  0.00167891
          56      2.0135      1.1723     1.18502   0.0017879
          56     2.03915     1.20276     1.20298  0.00183998
          56      2.0648     1.20954     1.21393  0.00175694
          56     2.09045     1.19395     1.21203  0.00180254
          56      2.1161       1.186     1.20655  0.00158941
          56     2.14174      1.1745      1.1922  0.00172488
          56     2.16739     1.15819     1.16942  0.00168899
          56     2.19304     1.14887     1.14525  0.00145371
          56     2.21869     1.11309     1.11777  0.00167921
          56     2.24434     1.08722     1.08941  0.00178387
          56     2.26999     1.06759     1.06024  0.00142347
          56     2.29564     1.01934     1.03152  0.00158024
          56     2.32129    0.996579     1.00488  0.00141265
          56     2.34694     0.98066    0.978912  0.00151405
          56     2.37259    0.952659    0.959535  0.00139624
          56     2.39824    0.943363    0.941922   0.0014627
          56     2.42389    0.926178     0.92588  0.00143146
          56     2.44954    0.914828    0.912743  0.00124349
          56     2.47519    0.930591    0.904861  0.00134405
          56     2.50084    0.910344    0.897678  0.00133608
          56     2.52649    0.900635    0.892374  0.00132643
          56     2.55214    0.902582    0.891551  0.00113296

          57   0.0128248           0           0           0
          57   0.0384745           0           0           0
          57   0.0641241           0           0           0
          57   0.0897737           0           0           0
          57    0.115423           0           0           0
          57    0.141073           0           0           0
          57    0.166723           0           0           0
          57    0.192372           0           0           0
          57    0.218022           0           0           0
          57    0.243672           0           0           0
          57    0.269321           0           0           0
          57    0.294971           0           0           0
          57     0.32062           0           0           0
          57     0.34627           0           0           0
          57     0.37192           0           0           0
          57    0.397569           0           0           0
          57    0.423219           0           0           0
          57    0.448869           0           0           0
          57    0.474518           0           0           0
          57    0.500168           0           0           0
          57    0.525818           0           0           0
          57    0.551467           0           0           0
          57    0.577117           0           0           0
          57    0.602767           0           0           0
          57    0.628416           0           0           0
          57    0.654066           0           0           0
          57    0.679715           0           0           0
          57    0.705365           0           0           0
          57    0.731015           0           0           0
          57    0.756664           0           0           0
          57    0.782314           0           0           0
          57    0.807964           0           0           0
          57    0.833613           0           0           0
          57    0.859263           0 9.21424e-06 4.58127e-06
          57    0.884913   0.0017424  0.00128033 7.02135e-05
          57    0.910562   0.0314574   0.0255906 0.000410262
          57    0.936212    0.184853    0.175104  0.00108312
          57    0.961861    0.564981    0.585745  0.00180322
          57    0.987511     1.23223     1.22816  0.00213445
          57     1.01316     1.86383     1.88675  0.00368677
          57     1.03881     2.35967     2.34731  0.00425553
          57     1.06446     2.54869     2.54884  0.00331434
          57     1.09011     2.50858     2.54009  0.00319594
          57     1.11576     2.38166     2.39667  0.00378092
          57     1.14141     2.18359     2.18612  0.00326747
          57     1.16706     1.95252     1.95688  0.00372342
          57     1.19271      1.7421     1.74268  0.00309777
          57     1.21836     1.58483     1.55212  0.00301855
          57     1.24401     1.39016     1.38228  0.00334884
          57     1.26966      1.2271      1.2369  0.00316762
          57     1.29531     1.10595     1.11589  0.00274525
          57     1.32096     1.01014     1.01042  0.00254497
          57     1.34661    0.903532    0.932798  0.00240124
          57     1.37226    0.854703    0.865294  0.00256138
          57     1.39791    0.791279    0.809833  0.00220797
          57     1.42355    0.770932    0.771002  0.00180063
          57      1.4492    0.759484    0.737509  0.00193309
          57     1.47485    0.736632    0.711951  0.00174567
          57      1.5005    0.707715    0.693705  0.00153793
          57     1.52615    0.697552    0.683925  0.00167912
          57      1.5518    0.708919    0.676852  0.00183413
          57     1.57745    0.705736    0.677211  0.00187423
          57      1.6031    0.693896    0.679068  0.00164149
          57     1.62875    0.705663    0.690573  0.00166305
          57      1.6544    0.712158    0.706749  0.00186666
          57     1.68005    0.736758    0.729408  0.00178773
          57      1.7057    0.763582    0.757343  0.00163435
          57     1.73135    0.784834    0.788755  0.00181781
          57       1.757    0.806711    0.822742  0.00165765
          57     1.78265    0.836432    0.857673  0.00177228
          57      1.8083    0.880568     0.89981  0.00170712
          57     1.83395    0.925133    0.939179  0.00200372
          57      1.8596    0.962215    0.981869  0.00198389
          57     1.88525    0.990714     1.02037  0.00194152
          57      1.9109     1.04746      1.0599  0.00181488
          57     1.93655     1.08316     1.09689  0.00185626
          57      1.9622     1.10814     1.13068  0.00158439
          57     1.98785     1.14852     1.16191  0.00166637
          57      2.0135     1.18569     1.18503  0.00175658
          57     2.03915     1.21063     1.20312  0.00181258
          57      2.0648     1.22772     1.21417  0.00174271
          57     2.09045     1.22441     1.21224  0.00178396
          57      2.1161     1.20581     1.20654  0.00156158
          57     2.14174     1.19661     1.19228  0.00169635
          57     2.16739     1.18491     1.16969  0.00168109
          57     2.19304     1.16122     1.14553  0.00145496
          57     2.21869     1.13205     1.11802  0.00166834
          57     2.24434     1.11243     1.08982  0.00179768
          57     2.26999     1.05268     1.06011  0.00140466
          57     2.29564     1.01802     1.03129  0.00157017
          57     2.32129    0.991424     1.00464  0.00140745
          57     2.34694    0.968458    0.978728  0.00149856
          57     2.37259    0.945428    0.959287   0.0013935
          57     2.39824     0.93898    0.941871  0.00143795
          57     2.42389    0.939905    0.926126  0.00142734
          57     2.44954    0.923151    0.912926  0.00123501
          57     2.47519    0.911355    0.904975   0.0013253
          57     2.50084    0.900992    0.897736   0.0013139
          57     2.52649    0.903864    0.892576  0.00131839
          57     2.55214    0.908375    0.891846  0.00115089

          58   0.0128248           0           0           0
          58   0.0384745           0           0           0
          58   0.0641241           0           0           0
          58   0.0897737           0           0           0
          58    0.115423           0           0           0
          58    0.141073           0           0           0
          58    0.166723           0           0           0
          58    0.192372           0           0           0
          58    0.218022           0           0           0
          58    0.243672           0           0           0
          58    0.269321           0           0           0
          58    0.294971           0           0           0
          58     0.32062           0           0           0
          58     0.34627           0           0           0
          58     0.37192           0           0           0
          58    0.397569           0           0           0
          58    0.423219           0           0           0
          58    0.448869           0           0           0
          58    0.474518           0           0           0
          58    0.500168           0           0           0
          58    0.525818           0           0           0
          58    0.551467           0           0           0
          58    0.577117           0           0           0
          58    0.602767           0           0           0
          58    0.628416           0           0           0
          58    0.654066           0           0           0
          58    0.679715           0           0           0
          58    0.705365           0           0           0
          58    0.731015           0           0           0
          58    0.756664           0           0           0
          58    0.782314           0           0           0
          58    0.807964           0           0           0
          58    0.833613           0           0           0
          58    0.859263           0 9.05538e-06 4.50504e-06
          58    0.884913  0.00139392  0.00128229 6.90302e-05
          58    0.910562   0.0288764   0.0256473 0.000407081
          58    0.936212    0.191801    0.175392  0.00110204
          58    0.961861    0.575708    0.585572  0.00178041
          58    0.987511     1.20987     1.22785  0.00212082
          58     1.01316     1.84708     1.88607  0.00368611
          58     1.03881      2.3218     2.34687  0.00420483
          58     1.06446     2.52541     2.54844  0.00328172
          58     1.09011     2.53538     2.54001  0.00314187
          58     1.11576     2.45153     2.39762  0.00383222
          58     1.14141     2.19941     2.18635  0.00321916
          58     1.16706      1.9676     1.95707   0.0036638
          58     1.19271     1.75903     1.74296  0.00305716
          58     1.21836     1.54359     1.55198  0.00297009
          58     1.24401     1.37212     1.38211  0.00329568
          58     1.26966      1.2483     1.23709   0.0031191
          58     1.29531     1.13683     1.11625  0.00272156
          58     1.32096     1.04258     1.01097  0.00256081
          58     1.34661    0.948355    0.933066  0.00237477
          58     1.37226    0.871628    0.865403  0.00251954
          58     1.39791    0.824222    0.810081   0.0021838
          58     1.42355    0.753284    0.770697  0.00179531
          58      1.4492    0.743652    0.737615  0.00190266
          58     1.47485    0.721782     0.71212  0.00172378
          58      1.5005    0.709801    0.693982  0.00153624
          58     1.52615     0.68179    0.683888  0.00165057
          58      1.5518    0.668063    0.676701  0.00180876
          58     1.57745     0.66925    0.677074  0.00184693
          58      1.6031    0.668696    0.678889   0.0016229
          58     1.62875    0.676226    0.690326  0.00165267
          58      1.6544    0.696651    0.706575  0.00184258
          58     1.68005    0.721208    0.729267  0.00176249
          58      1.7057    0.743761    0.757109  0.00162286
          58     1.73135    0.773976    0.788501  0.00180424
          58       1.757     0.80545    0.822444  0.00165567
          58     1.78265    0.850059    0.857542  0.00174658
          58      1.8083    0.876079    0.899401  0.00172602
          58     1.83395    0.933832    0.939087   0.0019713
          58      1.8596     0.97146     0.98169  0.00195779
          58     1.88525     1.01937     1.02035  0.00190812
          58      1.9109     1.05213     1.05977  0.00178852
          58     1.93655      1.1047     1.09702  0.00182913
          58      1.9622     1.15606     1.13112  0.00161638
          58     1.98785     1.17394     1.16211  0.00165051
          58      2.0135     1.19555     1.18522  0.00173562
          58     2.03915     1.22566     1.20351  0.00182254
          58      2.0648      1.2126     1.21414  0.00171287
          58     2.09045     1.21273     1.21225  0.00175322
          58      2.1161     1.20844     1.20657    0.001535
          58     2.14174     1.18889     1.19222  0.00166811
          58     2.16739     1.17302     1.16975  0.00165309
          58     2.19304     1.15052     1.14562  0.00143241
          58     2.21869     1.10764     1.11784  0.00164915
          58     2.24434      1.0852     1.08974  0.00176845
          58     2.26999     1.04903     1.05992  0.00139337
          58     2.29564     1.02887     1.03124  0.00154365
          58     2.32129     1.00896     1.00472  0.00138515
          58     2.34694    0.990263    0.978927  0.00148586
          58     2.37259    0.978187    0.959613  0.00140706
          58     2.39824    0.962257    0.942222  0.00145548
          58     2.42389    0.933348     0.92625  0.00140815
          58     2.44954    0.922364    0.913089  0.00122439
          58     2.47519    0.913437    0.905121  0.00131045
          58     2.50084    0.904612    0.897855  0.00129659
          58     2.52649    0.894285    0.892605  0.00129599
          58     2.55214    0.883404      0.8917  0.00114021

          59   0.0128248           0           0           0
          59   0.0384745           0           0           0
          59   0.0641241           0           0           0
          59   0.0897737           0           0           0
          59    0.115423           0           0           0
          59    0.141073           0           0           0
          59    0.166723           0           0           0
          59    0.192372           0           0           0
          59    0.218022           0           0           0
          59    0.243672           0           0           0
          59    0.269321           0           0           0
          59    0.294971           0           0           0
          59     0.32062           0           0           0
          59     0.34627           0           0           0
          59     0.37192           0           0           0
          59    0.397569           0           0           0
          59    0.423219           0           0           0
          59    0.448869           0           0           0
          59    0.474518           0           0           0
          59    0.500168           0           0           0
          59    0.525818           0           0           0
          59    0.551467           0           0           0
          59    0.577117           0           0           0
          59    0.602767           0           0           0
          59    0.628416           0           0           0
          59    0.654066           0           0           0
          59    0.679715           0           0           0
          59    0.705365           0           0           0
          59    0.731015           0           0           0
          59    0.756664           0           0           0
          59    0.782314           0           0           0
          59    0.807964           0           0           0
          59    0.833613           0           0           0
          59    0.859263           0  8.9019e-06 4.43129e-06
          59    0.884913  0.00135724  0.00128356 6.78719e-05
          59    0.910562   0.0290669   0.0257052 0.000404286
          59    0.936212    0.179266    0.175458  0.00108531
          59    0.961861    0.620697    0.586167  0.00184709
          59    0.987511     1.24794     1.22819  0.00211205
          59     1.01316     1.86106     1.88564  0.00364793
          59     1.03881     2.35391     2.34699  0.00413525
          59     1.06446     2.60511      2.5494  0.00336372
          59     1.09011     2.56407     2.54042  0.00311497
          59     1.11576     2.40733     2.39778   0.0037708
          59     1.14141     2.19064     2.18642  0.00316542
          59     1.16706     1.89315     1.95598  0.00375846
          59     1.19271     1.70875     1.74238  0.00305984
          59     1.21836     1.50809     1.55123  0.00301146
          59     1.24401     1.38238     1.38211  0.00323982
          59     1.26966     1.23246     1.23702  0.00306723
          59     1.29531      1.1259     1.11641  0.00268035
          59     1.32096     1.02983     1.01129  0.00253727
          59     1.34661     0.91211    0.932711  0.00236093
          59     1.37226    0.843392     0.86503  0.00250431
          59     1.39791    0.815857    0.810179  0.00214898
          59     1.42355     0.77909    0.770839  0.00177051
          59      1.4492     0.75932    0.737982  0.00190565
          59     1.47485    0.723848    0.712319  0.00170598
          59      1.5005    0.695193    0.694003  0.00151034
          59     1.52615     0.67891    0.683804  0.00162475
          59      1.5518    0.684686    0.676836  0.00178316
          59     1.57745    0.671952    0.676987  0.00181767
          59      1.6031    0.687558    0.679036  0.00160203
          59     1.62875    0.692452    0.690362  0.00162505
          59      1.6544    0.697785    0.706426  0.00181736
          59     1.68005    0.724632    0.729188  0.00173437
          59      1.7057    0.751482    0.757014  0.00159816
          59     1.73135     0.78032    0.788362  0.00177898
          59       1.757     0.82045     0.82241  0.00162795
          59     1.78265    0.858854    0.857564  0.00171712
          59      1.8083    0.885321    0.899162  0.00171319
          59     1.83395    0.961026    0.939458  0.00197264
          59      1.8596    0.994063      0.9819   0.0019358
          59     1.88525     1.04175     1.02071  0.00190997
          59      1.9109     1.07943      1.0601  0.00178899
          59     1.93655     1.11412     1.09731  0.00182093
          59      1.9622       1.149     1.13142  0.00161715
          59     1.98785     1.16655     1.16219  0.00162425
          59      2.0135     1.20821     1.18561  0.00174943
          59     2.03915     1.20642     1.20356  0.00179232
          59      2.0648     1.20038     1.21391  0.00169966
          59     2.09045     1.20956     1.21221   0.0017241
          59      2.1161     1.20443     1.20654  0.00150941
          59     2.14174     1.16463     1.19175  0.00170412
          59     2.16739     1.15513      1.1695  0.00164353
          59     2.19304     1.13185     1.14538  0.00142702
          59     2.21869     1.08856     1.11735  0.00169426
          59     2.24434     1.06228     1.08927  0.00179866
          59     2.26999     1.02894     1.05939  0.00146534
          59     2.29564     1.03183     1.03125  0.00151752
          59     2.32129     1.00868     1.00479   0.0013633
          59     2.34694     0.97353    0.978836  0.00146349
          59     2.37259    0.969177    0.959775  0.00139252
          59     2.39824    0.946847      0.9423  0.00143292
          59     2.42389    0.923443    0.926203  0.00138509
          59     2.44954    0.904739    0.912947  0.00121179
          59     2.47519    0.887133    0.904816  0.00132323
          59     2.50084    0.887665    0.897682  0.00128606
          59     2.52649     0.88377    0.892456  0.00128265
          59     2.55214    0.892906    0.891721  0.00112107

          60   0.0128248           0           0           0
          60   0.0384745           0           0           0
          60   0.0641241           0           0           0
          60   0.0897737           0           0           0
          60    0.115423           0           0           0
          60    0.141073           0           0           0
          60    0.166723           0           0           0
          60    0.192372           0           0           0
          60    0.218022           0           0           0
          60    0.243672           0           0           0
          60    0.269321           0           0           0
          60    0.294971           0           0           0
          60     0.32062           0           0           0
          60     0.34627           0           0           0
          60     0.37192           0           0           0
          60    0.397569           0           0           0
          60    0.423219           0           0           0
          60    0.448869           0           0           0
          60    0.474518           0           0           0
          60    0.500168           0           0           0
          60    0.525818           0           0           0
          60    0.551467           0           0           0
          60    0.577117           0           0           0
          60    0.602767           0           0           0
          60    0.628416           0           0           0
          60    0.654066           0           0           0
          60    0.679715           0           0           0
          60    0.705365           0           0           0
          60    0.731015           0           0           0
          60    0.756664           0           0           0
          60    0.782314           0           0           0
          60    0.807964           0           0           0
          60    0.833613           0           0           0
          60    0.859263           0 8.75353e-06 4.35992e-06
          60    0.884913 0.000770324  0.00127501 6.72776e-05
          60    0.910562   0.0249096    0.025692 0.000397766
          60    0.936212    0.172728    0.175412  0.00106818
          60    0.961861    0.594291    0.586303  0.00182126
          60    0.987511     1.20189     1.22775  0.00212185
          60     1.01316     1.89963     1.88588  0.00359457
          60     1.03881     2.35534     2.34712  0.00406867
          60     1.06446     2.55194     2.54944  0.00330792
          60     1.09011     2.49695     2.53969  0.00314616
          60     1.11576     2.37783     2.39745  0.00372259
          60     1.14141     2.18493     2.18639  0.00311276
          60     1.16706     1.94511      1.9558  0.00370018
          60     1.19271     1.75474     1.74259  0.00301577
          60     1.21836     1.54669     1.55116  0.00296222
          60     1.24401     1.39637     1.38235  0.00319453
          60     1.26966     1.23222     1.23694  0.00301715
          60     1.29531     1.14359     1.11687  0.00267367
          60     1.32096     1.03638     1.01171  0.00252919
          60     1.34661    0.932554    0.932708  0.00232159
          60     1.37226    0.883969    0.865346  0.00248238
          60     1.39791    0.843427    0.810733  0.00218344
          60     1.42355    0.785419    0.771082  0.00175759
          60      1.4492    0.727656     0.73781  0.00188164
          60     1.47485    0.703016    0.712164  0.00168458
          60      1.5005    0.689611     0.69393  0.00148694
          60     1.52615    0.674174    0.683644  0.00160558
          60      1.5518    0.681554    0.676915  0.00175517
          60     1.57745    0.685949    0.677136   0.0017935
          60      1.6031    0.677627    0.679013   0.0015755
          60     1.62875    0.685365    0.690279   0.0016001
          60      1.6544     0.70256    0.706361  0.00178821
          60     1.68005    0.704629    0.728779   0.0017531
          60      1.7057    0.728649    0.756541  0.00163995
          60     1.73135     0.78298    0.788272  0.00175159
          60       1.757    0.821688    0.822398  0.00160086
          60     1.78265    0.856639    0.857549  0.00168857
          60      1.8083    0.895617    0.899103  0.00168565
          60     1.83395     0.94394    0.939533  0.00194118
          60      1.8596    0.992805    0.982081  0.00191205
          60     1.88525      1.0228     1.02075  0.00187845
          60      1.9109     1.03044     1.05961  0.00182621
          60     1.93655      1.0813     1.09705  0.00181003
          60      1.9622     1.15607     1.13183  0.00164153
          60     1.98785     1.18495     1.16257  0.00164089
          60      2.0135     1.19856     1.18582  0.00173354
          60     2.03915     1.20399     1.20356  0.00176246
          60      2.0648     1.20288     1.21373  0.00168124
          60     2.09045      1.2064     1.21211  0.00169808
          60      2.1161     1.20551     1.20652  0.00148435
          60     2.14174     1.18314     1.19161  0.00168175
          60     2.16739     1.16273     1.16939     0.00162
          60     2.19304     1.15028     1.14547  0.00140557
          60     2.21869     1.11851     1.11737  0.00166613
          60     2.24434     1.09726     1.08941   0.0017736
          60     2.26999     1.07117     1.05959    0.001454
          60     2.29564     1.04238     1.03144  0.00150352
          60     2.32129     1.02193     1.00507  0.00137018
          60     2.34694    0.987231    0.978976  0.00144577
          60     2.37259    0.957063     0.95973  0.00137005
          60     2.39824    0.940759    0.942275  0.00140927
          60     2.42389    0.926359    0.926205  0.00136201
          60     2.44954    0.913732     0.91296  0.00119166
          60     2.47519    0.890513    0.904577  0.00132247
          60     2.50084    0.896709    0.897666  0.00126473
          60     2.52649    0.902001    0.892615   0.0012711
          60     2.55214    0.896152    0.891794  0.00110481

          61   0.0128248           0           0           0
          61   0.0384745           0           0           0
          61   0.0641241           0           0           0
          61   0.0897737           0           0           0
          61    0.115423           0           0           0
          61    0.141073           0           0           0
          61    0.166723           0           0           0
          61    0.192372           0           0           0
          61    0.218022           0           0           0
          61    0.243672           0           0           0
          61    0.269321           0           0           0
          61    0.294971           0           0           0
          61     0.32062           0           0           0
          61     0.34627           0           0           0
          61     0.37192           0           0           0
          61    0.397569           0           0           0
          61    0.423219           0           0           0
          61    0.448869           0           0           0
          61    0.474518           0           0           0
          61    0.500168           0           0           0
          61    0.525818           0           0           0
          61    0.551467           0           0           0
          61    0.577117           0           0           0
          61    0.602767           0           0           0
          61    0.628416           0           0           0
          61    0.654066           0           0           0
          61    0.679715           0           0           0
          61    0.705365           0           0           0
          61    0.731015           0           0           0
          61    0.756664           0           0           0
          61    0.782314           0           0           0
          61    0.807964           0           0           0
          61    0.833613           0           0           0
          61    0.859263           0 8.61003e-06 4.29081e-06
          61    0.884913  0.00139392  0.00127696 6.62029e-05
          61    0.910562   0.0289803   0.0257459 0.000394881
          61    0.936212     0.17648     0.17543  0.00105081
          61    0.961861    0.571455    0.586059   0.0018076
          61    0.987511     1.19968     1.22729  0.00213639
          61     1.01316      1.8671     1.88557   0.0035488
          61     1.03881     2.35869     2.34731  0.00400639
          61     1.06446     2.58005     2.54994  0.00329153
          61     1.09011     2.55133     2.53988  0.00310036
          61     1.11576     2.42414     2.39789  0.00368719
          61     1.14141     2.16591     2.18606   0.0030798
          61     1.16706     1.96725     1.95599  0.00364428
          61     1.19271     1.76441     1.74294  0.00298748
          61     1.21836      1.5808     1.55164  0.00295326
          61     1.24401     1.42334     1.38302  0.00321206
          61     1.26966     1.21722     1.23661  0.00298495
          61     1.29531     1.07341     1.11615  0.00272309
          61     1.32096    0.984092     1.01126  0.00252792
          61     1.34661    0.918447    0.932475  0.00229527
          61     1.37226    0.854749    0.865172  0.00244776
          61     1.39791    0.809581    0.810714  0.00214773
          61     1.42355    0.748613    0.770714  0.00176696
          61      1.4492    0.741115    0.737865  0.00185158
          61     1.47485    0.711349    0.712151  0.00165702
          61      1.5005    0.688112    0.693834  0.00146562
          61     1.52615    0.673015    0.683469  0.00158868
          61      1.5518    0.667675    0.676763  0.00173292
          61     1.57745    0.662711      0.6769  0.00177962
          61      1.6031    0.664208     0.67877  0.00156825
          61     1.62875     0.69497    0.690356  0.00157572
          61      1.6544    0.712531    0.706462  0.00176176
          61     1.68005    0.739969    0.728962  0.00173393
          61      1.7057    0.768706     0.75674  0.00162515
          61     1.73135    0.801303    0.788486  0.00173586
          61       1.757    0.841489    0.822711  0.00160492
          61     1.78265    0.872599    0.857795  0.00167881
          61      1.8083    0.913986    0.899347  0.00167558
          61     1.83395    0.949987    0.939704  0.00191691
          61      1.8596    0.979933    0.982046  0.00188103
          61     1.88525     1.02774     1.02086  0.00185116
          61      1.9109     1.06498     1.05969   0.0017984
          61     1.93655     1.10097     1.09711   0.0017815
          61      1.9622     1.13755     1.13193  0.00161729
          61     1.98785     1.17932     1.16284   0.0016368
          61      2.0135     1.20179     1.18608  0.00172478
          61     2.03915     1.21027     1.20367  0.00173699
          61      2.0648     1.19208     1.21337   0.0016907
          61     2.09045     1.20752     1.21203  0.00167191
          61      2.1161     1.21613     1.20668  0.00146835
          61     2.14174     1.17948     1.19141  0.00166589
          61     2.16739     1.15817      1.1692  0.00160384
          61     2.19304     1.12139     1.14507  0.00143687
          61     2.21869     1.10465     1.11716   0.0016518
          61     2.24434     1.07893     1.08923  0.00175282
          61     2.26999     1.04346     1.05932  0.00145401
          61     2.29564      1.0221     1.03129  0.00148664
          61     2.32129    0.987415     1.00478  0.00137795
          61     2.34694    0.980993    0.979009  0.00142245
          61     2.37259     0.97066    0.959909  0.00135925
          61     2.39824    0.935594    0.942165  0.00139042
          61     2.42389    0.918311    0.926076  0.00134581
          61     2.44954    0.910874    0.912926  0.00117262
          61     2.47519    0.916668    0.904776  0.00131556
          61     2.50084    0.906796    0.897815  0.00125282
          61     2.52649    0.905219    0.892821  0.00126694
          61     2.55214    0.899215    0.891916  0.00109338

          62   0.0128248           0           0           0
          62   0.0384745           0           0           0
          62   0.0641241           0           0           0
          62   0.0897737           0           0           0
          62    0.115423           0           0           0
          62    0.141073           0           0           0
          62    0.166723           0           0           0
          62    0.192372           0           0           0
          62    0.218022           0           0           0
          62    0.243672           0           0           0
          62    0.269321           0           0           0
          62    0.294971           0           0           0
          62     0.32062           0           0           0
          62     0.34627           0           0           0
          62     0.37192           0           0           0
          62    0.397569           0           0           0
          62    0.423219           0           0           0
          62    0.448869           0           0           0
          62    0.474518           0           0           0
          62    0.500168           0           0           0
          62    0.525818           0           0           0
          62    0.551467           0           0           0
          62    0.577117           0           0           0
          62    0.602767           0           0           0
          62    0.628416           0           0           0
          62    0.654066           0           0           0
          62    0.679715           0           0           0
          62    0.705365           0           0           0
          62    0.731015           0           0           0
          62    0.756664           0           0           0
          62    0.782314           0           0           0
          62    0.807964           0           0           0
          62    0.833613           0           0           0
          62    0.859263           0 8.47116e-06 4.22385e-06
          62    0.884913  0.00124719  0.00127648 6.51368e-05
          62    0.910562   0.0209947   0.0256692 0.000395878
          62    0.936212    0.169663    0.175337  0.00103797
          62    0.961861    0.592211    0.586159  0.00178117
          62    0.987511     1.23871     1.22747  0.00210985
          62     1.01316     1.92168     1.88615  0.00353904
          62     1.03881      2.3836      2.3479   0.0039843
          62     1.06446     2.57707     2.55038  0.00326738
          62     1.09011     2.59807     2.54082  0.00318922
          62     1.11576     2.39297     2.39781  0.00362857
          62     1.14141     2.17769     2.18592  0.00303308
          62     1.16706     1.91982     1.95541   0.0036319
          62     1.19271     1.70747     1.74237  0.00299359
          62     1.21836     1.52179     1.55116  0.00294462
          62     1.24401     1.35728     1.38261  0.00318698
          62     1.26966     1.22347      1.2364  0.00294431
          62     1.29531     1.11292      1.1161  0.00267967
          62     1.32096     1.00625     1.01117  0.00248844
          62     1.34661    0.928839    0.932416    0.002259
          62     1.37226    0.863932    0.865152  0.00240836
          62     1.39791    0.824325    0.810934  0.00212427
          62     1.42355    0.776297    0.770804  0.00174075
          62      1.4492    0.747372    0.738018  0.00182805
          62     1.47485    0.746497    0.712704  0.00172041
          62      1.5005    0.714094    0.694161  0.00147796
          62     1.52615    0.690102    0.683576  0.00156666
          62      1.5518    0.691628    0.677003  0.00172148
          62     1.57745    0.673937    0.676852  0.00175156
          62      1.6031    0.669188    0.678615  0.00155056
          62     1.62875    0.672918    0.690074   0.0015752
          62      1.6544    0.693266    0.706249  0.00174615
          62     1.68005    0.721615    0.728844  0.00171001
          62      1.7057    0.763384    0.756847  0.00160246
          62     1.73135    0.791758    0.788539  0.00170866
          62       1.757    0.832152    0.822863  0.00158624
          62     1.78265    0.859175    0.857818  0.00165188
          62      1.8083    0.916797    0.899628  0.00167203
          62     1.83395    0.915418    0.939313   0.0019256
          62      1.8596    0.973653    0.981911  0.00185556
          62     1.88525     1.01195     1.02072  0.00182687
          62      1.9109     1.05728     1.05965  0.00176981
          62     1.93655      1.1031     1.09721  0.00175538
          62      1.9622     1.13183     1.13192  0.00159121
          62     1.98785     1.16148     1.16282  0.00161055
          62      2.0135     1.19155     1.18617  0.00169921
          62     2.03915     1.20538      1.2037  0.00170919
          62      2.0648     1.21561     1.21341  0.00166382
          62     2.09045     1.21521     1.21209  0.00164573
          62      2.1161     1.19821     1.20654  0.00145101
          62     2.14174     1.19346     1.19144  0.00163935
          62     2.16739     1.16396     1.16912   0.0015802
          62     2.19304     1.13682     1.14494  0.00141985
          62     2.21869     1.11433     1.11711  0.00162579
          62     2.24434     1.08651     1.08919   0.0017251
          62     2.26999     1.05798      1.0593  0.00143072
          62     2.29564     1.03971     1.03142  0.00146886
          62     2.32129     1.00935     1.00486  0.00135769
          62     2.34694    0.970818    0.978877  0.00140562
          62     2.37259    0.965697    0.960003  0.00134053
          62     2.39824    0.951387    0.942314  0.00137592
          62     2.42389    0.940531    0.926309  0.00134415
          62     2.44954    0.930958    0.913217  0.00118922
          62     2.47519    0.906392    0.904802   0.0012946
          62     2.50084    0.898836    0.897832  0.00123272
          62     2.52649    0.889528    0.892768  0.00124762
          62     2.55214    0.902084     0.89208  0.00108797

          63   0.0128248           0           0           0
          63   0.0384745           0           0           0
          63   0.0641241           0           0           0
          63   0.0897737           0           0           0
          63    0.115423           0           0           0
          63    0.141073           0           0           0
          63    0.166723           0           0           0
          63    0.192372           0           0           0
          63    0.218022           0           0           0
          63    0.243672           0           0           0
          63    0.269321           0           0           0
          63    0.294971           0           0           0
          63     0.32062           0           0           0
          63     0.34627           0           0           0
          63     0.37192           0           0           0
          63    0.397569           0           0           0
          63    0.423219           0           0           0
          63    0.448869           0           0           0
          63    0.474518           0           0           0
          63    0.500168           0           0           0
          63    0.525818           0           0           0
          63    0.551467           0           0           0
          63    0.577117           0           0           0
          63    0.602767           0           0           0
          63    0.628416           0           0           0
          63    0.654066           0           0           0
          63    0.679715           0           0           0
          63    0.705365           0           0           0
          63    0.731015           0           0           0
          63    0.756664           0           0           0
          63    0.782314           0           0           0
          63    0.807964           0           0           0
          63    0.833613           0           0           0
          63    0.859263           0  8.3367e-06 4.15894e-06
          63    0.884913 0.000862029   0.0012699 6.44343e-05
          63    0.910562   0.0281662   0.0257089 0.000391573
          63    0.936212    0.183215    0.175462    0.001029
          63    0.961861    0.584681    0.586135  0.00175305
          63    0.987511     1.23603     1.22761  0.00208073
          63     1.01316     1.87119     1.88591  0.00349083
          63     1.03881     2.32688     2.34757    0.003935
          63     1.06446     2.55556     2.55046  0.00321655
          63     1.09011     2.52525     2.54058  0.00314817
          63     1.11576     2.38141     2.39755   0.0035803
          63     1.14141     2.15752     2.18547  0.00301827
          63     1.16706     1.95212     1.95535  0.00357462
          63     1.19271      1.7952     1.74321  0.00306129
          63     1.21836     1.57529     1.55154  0.00292268
          63     1.24401     1.40341     1.38294  0.00315346
          63     1.26966     1.26333     1.23683  0.00292844
          63     1.29531     1.10051     1.11585  0.00264854
          63     1.32096    0.992241     1.01087  0.00246702
          63     1.34661    0.921085    0.932236  0.00223029
          63     1.37226    0.842179    0.864787  0.00239758
          63     1.39791    0.800569    0.810769  0.00209692
          63     1.42355     0.75597    0.770568  0.00172897
          63      1.4492    0.729564    0.737884  0.00180395
          63     1.47485    0.693871    0.712406  0.00171888
          63      1.5005    0.682383    0.693974  0.00146628
          63     1.52615    0.686618    0.683625  0.00154253
          63      1.5518    0.677922    0.677018  0.00169421
          63     1.57745    0.700425    0.677226  0.00176327
          63      1.6031    0.710037    0.679114  0.00160416
          63     1.62875    0.706973    0.690343  0.00157287
          63      1.6544     0.71263    0.706351  0.00172137
          63     1.68005     0.73945    0.729012  0.00169113
          63      1.7057    0.757628     0.75686  0.00157708
          63     1.73135     0.79768    0.788684  0.00168769
          63       1.757     0.82909    0.822962  0.00156414
          63     1.78265    0.867641    0.857973  0.00163301
          63      1.8083    0.906778    0.899742  0.00164933
          63     1.83395    0.924548    0.939078  0.00190924
          63      1.8596    0.970949    0.981737  0.00183424
          63     1.88525     1.03485     1.02094   0.0018116
          63      1.9109     1.05188     1.05953  0.00174602
          63     1.93655     1.09363     1.09715  0.00172844
          63      1.9622     1.14089     1.13207  0.00157231
          63     1.98785     1.16724     1.16289  0.00158651
          63      2.0135      1.1799     1.18607  0.00167515
          63     2.03915     1.19662     1.20359  0.00168576
          63      2.0648     1.20056      1.2132  0.00164986
          63     2.09045     1.21532     1.21214  0.00162041
          63      2.1161     1.18302     1.20617  0.00147524
          63     2.14174     1.18044     1.19127   0.0016226
          63     2.16739     1.16336     1.16903  0.00155776
          63     2.19304     1.13402     1.14477  0.00140785
          63     2.21869     1.10024     1.11685   0.0016219
          63     2.24434      1.0942     1.08927  0.00169955
          63     2.26999     1.07637     1.05957  0.00143344
          63     2.29564     1.04564     1.03165  0.00146278
          63     2.32129     1.00142      1.0048  0.00133724
          63     2.34694    0.973841    0.978797  0.00138558
          63     2.37259    0.962296    0.960039  0.00131975
          63     2.39824    0.937272    0.942234  0.00135641
          63     2.42389    0.913493    0.926106  0.00133812
          63     2.44954    0.898103    0.912977   0.0011943
          63     2.47519    0.888333     0.90454  0.00130018
          63     2.50084    0.903259    0.897918  0.00121616
          63     2.52649    0.894056    0.892789  0.00122798
          63     2.55214    0.908571    0.892342  0.00110174

          64   0.0128248           0           0           0
          64   0.0384745           0           0           0
          64   0.0641241           0           0           0
          64   0.0897737           0           0           0
          64    0.115423           0           0           0
          64    0.141073           0           0           0
          64    0.166723           0           0           0
          64    0.192372           0           0           0
          64    0.218022           0           0           0
          64    0.243672           0           0           0
          64    0.269321           0           0           0
          64    0.294971           0           0           0
          64     0.32062           0           0           0
          64     0.34627           0           0           0
          64     0.37192           0           0           0
          64    0.397569           0           0           0
          64    0.423219           0           0           0
          64    0.448869           0           0           0
          64    0.474518           0           0           0
          64    0.500168           0           0           0
          64    0.525818           0           0           0
          64    0.551467           0           0           0
          64    0.577117           0           0           0
          64    0.602767           0           0           0
          64    0.628416           0           0           0
          64    0.654066           0           0           0
          64    0.679715           0           0           0
          64    0.705365           0           0           0
          64    0.731015           0           0           0
          64    0.756664           0           0           0
          64    0.782314           0           0           0
          64    0.807964           0           0           0
          64    0.833613           0           0           0
          64    0.859263 0.000155618  1.0638e-05  4.6876e-06
          64    0.884913  0.00201751  0.00128158 6.44777e-05
          64    0.910562   0.0260528   0.0257142 0.000385492
          64    0.936212    0.174235    0.175443   0.0010131
          64    0.961861    0.581732    0.586066  0.00172701
          64    0.987511     1.21255     1.22737  0.00206148
          64     1.01316     1.86826     1.88564  0.00344716
          64     1.03881     2.33348     2.34735  0.00387966
          64     1.06446     2.59097     2.55109  0.00322797
          64     1.09011     2.53337     2.54046  0.00310099
          64     1.11576     2.35243     2.39684  0.00359309
          64     1.14141     2.20138     2.18572  0.00298133
          64     1.16706     2.01798     1.95633  0.00365026
          64     1.19271     1.77603     1.74372  0.00305611
          64     1.21836     1.56022     1.55168  0.00288015
          64     1.24401     1.38737     1.38301  0.00310494
          64     1.26966     1.21745     1.23653  0.00289829
          64     1.29531     1.09555     1.11554  0.00262609
          64     1.32096     1.00793     1.01083   0.0024289
          64     1.34661    0.960125    0.932672  0.00223761
          64     1.37226    0.875068    0.864948  0.00236549
          64     1.39791    0.802995    0.810648  0.00206767
          64     1.42355    0.771265    0.770579  0.00170199
          64      1.4492    0.755114    0.738153  0.00179574
          64     1.47485    0.698413    0.712187  0.00170587
          64      1.5005    0.675372    0.693684   0.0014719
          64     1.52615    0.650617    0.683109  0.00160233
          64      1.5518     0.67278    0.676951  0.00166903
          64     1.57745    0.651432    0.676823  0.00178118
          64      1.6031    0.656238    0.678757  0.00161842
          64     1.62875    0.670129    0.690027  0.00157969
          64      1.6544    0.709629    0.706402  0.00169523
          64     1.68005    0.733797    0.729087  0.00166636
          64      1.7057    0.768459    0.757041  0.00156281
          64     1.73135    0.781379     0.78857  0.00166517
          64       1.757    0.807292    0.822717  0.00155874
          64     1.78265    0.869462    0.858153  0.00161733
          64      1.8083    0.908091    0.899872  0.00162872
          64     1.83395    0.945558     0.93918  0.00188209
          64      1.8596    0.990953    0.981881  0.00181123
          64     1.88525     1.03969     1.02123  0.00180681
          64      1.9109     1.08313      1.0599  0.00175723
          64     1.93655      1.1248     1.09758  0.00175458
          64      1.9622     1.13733     1.13215  0.00154989
          64     1.98785     1.15351     1.16274  0.00156848
          64      2.0135     1.18097     1.18599  0.00165087
          64     2.03915     1.19247     1.20341  0.00166835
          64      2.0648     1.22306     1.21336  0.00163124
          64     2.09045     1.21292     1.21215  0.00159513
          64      2.1161     1.20917     1.20621  0.00145294
          64     2.14174     1.19011     1.19125  0.00159735
          64     2.16739     1.15912     1.16887   0.0015411
          64     2.19304     1.13779     1.14466  0.00139006
          64     2.21869     1.11629     1.11684  0.00159659
          64     2.24434     1.08469      1.0892  0.00167449
          64     2.26999     1.07093     1.05975  0.00142198
          64     2.29564     1.04888     1.03192  0.00146448
          64     2.32129     1.01476     1.00496  0.00132537
          64     2.34694     0.99187    0.979001  0.00137891
          64     2.37259    0.951505    0.959906  0.00130584
          64     2.39824    0.940214    0.942202  0.00133558
          64     2.42389    0.933725    0.926225   0.0013225
          64     2.44954    0.910472    0.912938  0.00117628
          64     2.47519    0.902601     0.90451  0.00128021
          64     2.50084    0.881348    0.897659  0.00122441
          64     2.52649    0.880392    0.892595  0.00122398
          64     2.55214    0.873811    0.892052  0.00112193

          65   0.0128248           0           0           0
          65   0.0384745           0           0           0
          65   0.0641241           0           0           0
          65   0.0897737           0           0           0
          65    0.115423           0           0           0
          65    0.141073           0           0           0
          65    0.166723           0           0           0
          65    0.192372           0           0           0
          65    0.218022           0           0           0
          65    0.243672           0           0           0
          65    0.269321           0           0           0
          65    0.294971           0           0           0
          65     0.32062           0           0           0
          65     0.34627           0           0           0
          65     0.37192           0           0           0
          65    0.397569           0           0           0
          65    0.423219           0           0           0
          65    0.448869           0           0           0
          65    0.474518           0           0           0
          65    0.500168           0           0           0
          65    0.525818           0           0           0
          65    0.551467           0           0           0
          65    0.577117           0           0           0
          65    0.602767           0           0           0
          65    0.628416           0           0           0
          65    0.654066           0           0           0
          65    0.679715           0           0           0
          65    0.705365           0           0           0
          65    0.731015           0           0           0
          65    0.756664           0           0           0
          65    0.782314           0           0           0
          65    0.807964           0           0           0
          65    0.833613           0           0           0
          65    0.859263           0 1.04743e-05 4.61834e-06
          65    0.884913  0.00128387  0.00128162 6.34857e-05
          65    0.910562   0.0286339   0.0257592 0.000382169
          65    0.936212    0.179102    0.175499 0.000999074
          65    0.961861    0.587709    0.586092  0.00170062
          65    0.987511     1.20656     1.22705  0.00205449
          65     1.01316     1.89542     1.88579  0.00339741
          65     1.03881      2.3689     2.34768  0.00383412
          65     1.06446     2.62529     2.55224  0.00337408
          65     1.09011     2.55609      2.5407  0.00306259
          65     1.11576     2.38219     2.39662  0.00354488
          65     1.14141     2.14238     2.18505   0.0030091
          65     1.16706     1.94364     1.95614  0.00359932
          65     1.19271     1.73891     1.74365  0.00300999
          65     1.21836     1.53143     1.55137  0.00285265
          65     1.24401     1.37128     1.38282  0.00306241
          65     1.26966     1.22487     1.23635  0.00285924
          65     1.29531     1.13012     1.11576  0.00259526
          65     1.32096    0.985261     1.01043  0.00242317
          65     1.34661    0.911944    0.932353  0.00222579
          65     1.37226    0.859074    0.864858  0.00233083
          65     1.39791    0.810551    0.810646  0.00203586
          65     1.42355    0.787254    0.770836  0.00169503
          65      1.4492    0.741819    0.738209    0.001769
          65     1.47485    0.726344    0.712405  0.00169347
          65      1.5005    0.707524    0.693896  0.00146457
          65     1.52615     0.69963    0.683363  0.00159771
          65      1.5518    0.695129    0.677231  0.00166662
          65     1.57745    0.678203    0.676844  0.00175391
          65      1.6031    0.682115    0.678808  0.00159435
          65     1.62875    0.677525    0.689834  0.00156705
          65      1.6544    0.696824    0.706255  0.00167554
          65     1.68005    0.724327    0.729014  0.00164233
          65      1.7057    0.753797    0.756991  0.00153957
          65     1.73135     0.79055      0.7886  0.00163983
          65       1.757     0.81676    0.822626  0.00153746
          65     1.78265    0.846429    0.857973  0.00160247
          65      1.8083    0.900383     0.89988  0.00160368
          65     1.83395    0.928656    0.939018  0.00186009
          65      1.8596    0.978392    0.981827  0.00178416
          65     1.88525     1.02603     1.02131  0.00178052
          65      1.9109     1.06846     1.06003  0.00173513
          65     1.93655       1.109     1.09776  0.00173636
          65      1.9622     1.14416     1.13233  0.00153702
          65     1.98785     1.16839     1.16283  0.00154675
          65      2.0135     1.18528     1.18598  0.00162551
          65     2.03915     1.20331     1.20341  0.00164269
          65      2.0648     1.21785     1.21343  0.00160761
          65     2.09045     1.21071     1.21213  0.00157075
          65      2.1161     1.20983     1.20627  0.00143165
          65     2.14174     1.18985     1.19123  0.00157292
          65     2.16739     1.16484     1.16881  0.00151864
          65     2.19304     1.13373     1.14449  0.00137881
          65     2.21869     1.11992     1.11688  0.00157273
          65     2.24434     1.08953      1.0892  0.00164874
          65     2.26999     1.06637     1.05985  0.00140375
          65     2.29564     1.03406     1.03195  0.00144232
          65     2.32129    0.991975     1.00476  0.00131994
          65     2.34694    0.967723    0.978827  0.00136857
          65     2.37259    0.943652    0.959656  0.00130948
          65     2.39824    0.938391    0.942144  0.00131632
          65     2.42389    0.925851    0.926219  0.00130216
          65     2.44954    0.903963      0.9128  0.00116626
          65     2.47519    0.904796    0.904514  0.00126053
          65     2.50084    0.903496    0.897749  0.00120886
          65     2.52649    0.902716    0.892751  0.00121501
          65     2.55214    0.892641    0.892061  0.00110471

          66   0.0128248           0           0           0
          66   0.0384745           0           0           0
          66   0.0641241           0           0           0
          66   0.0897737           0           0           0
          66    0.115423           0           0           0
          66    0.141073           0           0           0
          66    0.166723           0           0           0
          66    0.192372           0           0           0
          66    0.218022           0           0           0
          66    0.243672           0           0           0
          66    0.269321           0           0           0
          66    0.294971           0           0           0
          66     0.32062           0           0           0
          66     0.34627           0           0           0
          66     0.37192           0           0           0
          66    0.397569           0           0           0
          66    0.423219           0           0           0
          66    0.448869           0           0           0
          66    0.474518           0           0           0
          66    0.500168           0           0           0
          66    0.525818           0           0           0
          66    0.551467           0           0           0
          66    0.577117           0           0           0
          66    0.602767           0           0           0
          66    0.628416           0           0           0
          66    0.654066           0           0           0
          66    0.679715           0           0           0
          66    0.705365           0           0           0
          66    0.731015           0           0           0
          66    0.756664           0           0           0
          66    0.782314           0           0           0
          66    0.807964           0           0           0
          66    0.833613           0           0           0
          66    0.859263           0 1.03156e-05 4.55109e-06
          66    0.884913 0.000715301  0.00127304  6.3101e-05
          66    0.910562   0.0256544   0.0257576 0.000376382
          66    0.936212    0.171482    0.175438 0.000985788
          66    0.961861    0.568552    0.585826  0.00169549
          66    0.987511      1.2252     1.22703  0.00202356
          66     1.01316     1.84532     1.88518  0.00340083
          66     1.03881     2.30113     2.34697  0.00384035
          66     1.06446     2.52701     2.55185  0.00334454
          66     1.09011     2.55977     2.54099  0.00302977
          66     1.11576     2.46535     2.39766  0.00364094
          66     1.14141     2.20722     2.18539   0.0029822
          66     1.16706     1.95251     1.95608   0.0035452
          66     1.19271     1.71025     1.74314  0.00300661
          66     1.21836     1.53818     1.55117  0.00281641
          66     1.24401     1.36932     1.38262  0.00302284
          66     1.26966     1.23505     1.23633  0.00281598
          66     1.29531     1.12493      1.1159  0.00255965
          66     1.32096      1.0302     1.01073   0.0024049
          66     1.34661    0.922344    0.932201  0.00219723
          66     1.37226     0.89811    0.865361  0.00234933
          66     1.39791    0.811087    0.810653  0.00200502
          66     1.42355    0.779855    0.770972  0.00167485
          66      1.4492    0.756071     0.73848  0.00176278
          66     1.47485    0.729303    0.712661  0.00168705
          66      1.5005    0.700022    0.693989  0.00144532
          66     1.52615    0.695369    0.683545  0.00158383
          66      1.5518    0.680021    0.677273  0.00164191
          66     1.57745    0.667322      0.6767  0.00173326
          66      1.6031    0.679265    0.678815  0.00157021
          66     1.62875    0.672712    0.689575  0.00156464
          66      1.6544    0.697087    0.706116   0.0016559
          66     1.68005    0.722826     0.72892  0.00162012
          66      1.7057     0.75202    0.756916  0.00151808
          66     1.73135    0.789808    0.788618  0.00161509
          66       1.757    0.843797    0.822946  0.00154726
          66     1.78265    0.866172    0.858097    0.001583
          66      1.8083    0.895142    0.899808  0.00158098
          66     1.83395    0.919064    0.938715  0.00185631
          66      1.8596    0.972598    0.981687   0.0017626
          66     1.88525     1.01531     1.02122  0.00175586
          66      1.9109     1.05071     1.05989  0.00171458
          66     1.93655     1.09525     1.09772  0.00171046
          66      1.9622     1.10381      1.1319  0.00157332
          66     1.98785     1.16173     1.16281  0.00152341
          66      2.0135     1.19103     1.18606  0.00160268
          66     2.03915     1.21035     1.20352  0.00162115
          66      2.0648     1.23159      1.2137  0.00160663
          66     2.09045     1.21355     1.21215   0.0015471
          66      2.1161     1.20723     1.20628  0.00141003
          66     2.14174     1.17985     1.19106   0.0015585
          66     2.16739     1.17946     1.16897  0.00150417
          66     2.19304     1.15225     1.14461  0.00136292
          66     2.21869     1.10804     1.11675   0.0015546
          66     2.24434      1.0727     1.08895  0.00164261
          66     2.26999     1.06655     1.05995  0.00138615
          66     2.29564     1.04435     1.03214  0.00143265
          66     2.32129      1.0246     1.00506  0.00133376
          66     2.34694    0.989966    0.978996   0.0013582
          66     2.37259    0.963411    0.959712  0.00129087
          66     2.39824     0.95046     0.94227  0.00130239
          66     2.42389    0.928523    0.926254   0.0012829
          66     2.44954    0.913572    0.912811  0.00114865
          66     2.47519    0.912298    0.904632  0.00124693
          66     2.50084    0.899357    0.897773  0.00119079
          66     2.52649    0.891333    0.892729  0.00119679
          66     2.55214    0.874874    0.891801  0.00111824

          67   0.0128248           0           0           0
          67   0.0384745           0           0           0
          67   0.0641241           0           0           0
          67   0.0897737           0           0           0
          67    0.115423           0           0           0
          67    0.141073           0           0           0
          67    0.166723           0           0           0
          67    0.192372           0           0           0
          67    0.218022           0           0           0
          67    0.243672           0           0           0
          67    0.269321           0           0           0
          67    0.294971           0           0           0
          67     0.32062           0           0           0
          67     0.34627           0           0           0
          67     0.37192           0           0           0
          67    0.397569           0           0           0
          67    0.423219           0           0           0
          67    0.448869           0           0           0
          67    0.474518           0           0           0
          67    0.500168           0           0           0
          67    0.525818           0           0           0
          67    0.551467           0           0           0
          67    0.577117           0           0           0
          67    0.602767           0           0           0
          67    0.628416           0           0           0
          67    0.654066           0           0           0
          67    0.679715           0           0           0
          67    0.705365           0           0           0
          67    0.731015           0           0           0
          67    0.756664           0           0           0
          67    0.782314           0           0           0
          67    0.807964           0           0           0
          67    0.833613           0           0           0
          67    0.859263           0 1.01616e-05 4.48577e-06
          67    0.884913 0.000403503  0.00126006 6.34798e-05
          67    0.910562   0.0237663   0.0257278 0.000371936
          67    0.936212    0.176546    0.175455 0.000971214
          67    0.961861    0.588904    0.585872  0.00167081
          67    0.987511      1.2127     1.22681  0.00200462
          67     1.01316     1.86816     1.88492  0.00335954
          67     1.03881     2.40708     2.34787  0.00388642
          67     1.06446     2.55216     2.55186  0.00329462
          67     1.09011     2.57793     2.54154   0.0030343
          67     1.11576     2.36152     2.39712  0.00362633
          67     1.14141     2.22023     2.18591  0.00298269
          67     1.16706     1.92949     1.95568  0.00351444
          67     1.19271     1.70606     1.74259  0.00301224
          67     1.21836     1.50837     1.55053   0.0028459
          67     1.24401     1.35449      1.3822  0.00300673
          67     1.26966     1.27814     1.23695  0.00284228
          67     1.29531     1.13819     1.11623  0.00254297
          67     1.32096     1.04258     1.01121  0.00241551
          67     1.34661    0.950922    0.932481  0.00218213
          67     1.37226     0.84356    0.865036  0.00233669
          67     1.39791    0.808169    0.810616  0.00197544
          67     1.42355     0.76877    0.770939  0.00165017
          67      1.4492    0.739979    0.738502  0.00173661
          67     1.47485    0.713376    0.712671  0.00166191
          67      1.5005    0.683742    0.693836  0.00143182
          67     1.52615    0.694474    0.683708  0.00156856
          67      1.5518    0.694276    0.677527   0.0016369
          67     1.57745    0.694226    0.676962  0.00172701
          67      1.6031    0.678259    0.678807  0.00154679
          67     1.62875     0.68086    0.689445  0.00154668
          67      1.6544    0.680258     0.70573  0.00167556
          67     1.68005    0.711794    0.728664  0.00161598
          67      1.7057    0.761666    0.756987  0.00149708
          67     1.73135    0.786544    0.788587  0.00159128
          67       1.757    0.818668    0.822883  0.00152549
          67     1.78265    0.861742    0.858151  0.00156031
          67      1.8083    0.907116    0.899918  0.00156115
          67     1.83395    0.937833    0.938702  0.00182865
          67      1.8596    0.961542    0.981387  0.00176175
          67     1.88525      1.0187     1.02118  0.00173006
          67      1.9109     1.04668     1.05969  0.00170029
          67     1.93655     1.08377     1.09751  0.00169756
          67      1.9622     1.12172     1.13175  0.00155716
          67     1.98785     1.16086     1.16279  0.00150095
          67      2.0135     1.18648     1.18606  0.00157877
          67     2.03915     1.19668     1.20342  0.00160017
          67      2.0648     1.23098     1.21396  0.00160321
          67     2.09045      1.2239     1.21232  0.00153391
          67      2.1161     1.20703      1.2063  0.00138903
          67     2.14174     1.19819     1.19116  0.00153887
          67     2.16739     1.17485     1.16906  0.00148428
          67     2.19304     1.14475     1.14461  0.00134258
          67     2.21869     1.12051     1.11681   0.0015324
          67     2.24434     1.11328     1.08932  0.00165775
          67     2.26999     1.06541     1.06004  0.00136785
          67     2.29564     1.02588     1.03204  0.00141431
          67     2.32129     1.01398     1.00519  0.00132048
          67     2.34694    0.987445    0.979122  0.00134377
          67     2.37259    0.963689    0.959772  0.00127297
          67     2.39824    0.944652    0.942305  0.00128344
          67     2.42389    0.919042    0.926146  0.00126826
          67     2.44954    0.911355     0.91279  0.00113171
          67     2.47519    0.883675    0.904319  0.00126695
          67     2.50084    0.887303    0.897617  0.00118323
          67     2.52649    0.897318    0.892798  0.00118089
          67     2.55214    0.890061    0.891775  0.00110185

          68   0.0128248           0           0           0
          68   0.0384745           0           0           0
          68   0.0641241           0           0           0
          68   0.0897737           0           0           0
          68    0.115423           0           0           0
          68    0.141073           0           0           0
          68    0.166723           0           0           0
          68    0.192372           0           0           0
          68    0.218022           0           0           0
          68    0.243672           0           0           0
          68    0.269321           0           0           0
          68    0.294971           0           0           0
          68     0.32062           0           0           0
          68     0.34627           0           0           0
          68     0.37192           0           0           0
          68    0.397569           0           0           0
          68    0.423219           0           0           0
          68    0.448869           0           0           0
          68    0.474518           0           0           0
          68    0.500168           0           0           0
          68    0.525818           0           0           0
          68    0.551467           0           0           0
          68    0.577117           0           0           0
          68    0.602767           0           0           0
          68    0.628416           0           0           0
          68    0.654066           0           0           0
          68    0.679715           0           0           0
          68    0.705365           0           0           0
          68    0.731015           0           0           0
          68    0.756664           0           0           0
          68    0.782314           0           0           0
          68    0.807964           0           0           0
          68    0.833613           0           0           0
          68    0.859263           0 1.00122e-05 4.42229e-06
          68    0.884913 0.000935393  0.00125528 6.27256e-05
          68    0.910562   0.0239568   0.0257018 0.000367377
          68    0.936212    0.181691    0.175546 0.000961251
          68    0.961861    0.600438    0.586086  0.00165991
          68    0.987511     1.26195     1.22733  0.00204065
          68     1.01316     1.86345     1.88461  0.00332494
          68     1.03881     2.34895     2.34789   0.0038293
          68     1.06446     2.58048     2.55228  0.00327294
          68     1.09011     2.51613     2.54117   0.0030126
          68     1.11576     2.37354     2.39677  0.00358954
          68     1.14141     2.18162     2.18585   0.0029395
          68     1.16706     1.95373     1.95566  0.00346288
          68     1.19271     1.75125     1.74272  0.00297064
          68     1.21836     1.56409     1.55073  0.00281103
          68     1.24401     1.36227     1.38191  0.00297677
          68     1.26966     1.23457     1.23692   0.0028007
          68     1.29531     1.13404     1.11649  0.00251903
          68     1.32096     1.03052     1.01149  0.00239661
          68     1.34661    0.931453    0.932466  0.00215009
          68     1.37226    0.866442    0.865057  0.00230242
          68     1.39791    0.816144    0.810697  0.00194806
          68     1.42355    0.782612    0.771111  0.00163481
          68      1.4492    0.739679     0.73852  0.00171116
          68     1.47485    0.716598    0.712729  0.00163847
          68      1.5005    0.701693    0.693952  0.00141541
          68     1.52615     0.67217    0.683538  0.00155465
          68      1.5518    0.664144     0.67733  0.00162461
          68     1.57745    0.666416    0.676807  0.00170857
          68      1.6031    0.666936    0.678632  0.00153386
          68     1.62875    0.674055    0.689219  0.00154041
          68      1.6544    0.698162    0.705618  0.00165461
          68     1.68005    0.728037    0.728655  0.00159224
          68      1.7057    0.764317    0.757095  0.00147894
          68     1.73135    0.785414    0.788541  0.00156856
          68       1.757    0.843067    0.823179  0.00153166
          68     1.78265     0.85428    0.858094   0.0015384
          68      1.8083    0.921185     0.90023   0.0015692
          68     1.83395    0.941788    0.938748  0.00180232
          68      1.8596    0.978787    0.981348  0.00173625
          68     1.88525     1.01309     1.02106   0.0017087
          68      1.9109     1.06097     1.05971  0.00167539
          68     1.93655     1.10166     1.09757   0.0016737
          68      1.9622     1.11892     1.13156  0.00154564
          68     1.98785     1.15049      1.1626  0.00148972
          68      2.0135     1.18771     1.18609  0.00155574
          68     2.03915     1.20677     1.20346  0.00157739
          68      2.0648     1.21483     1.21397  0.00157968
          68     2.09045      1.2144     1.21235  0.00151166
          68      2.1161     1.20427     1.20627  0.00136892
          68     2.14174     1.19945     1.19128  0.00152106
          68     2.16739     1.17875      1.1692  0.00146928
          68     2.19304     1.14648     1.14464  0.00132312
          68     2.21869     1.11994     1.11685  0.00151056
          68     2.24434     1.07618     1.08912  0.00164458
          68     2.26999     1.06309     1.06008  0.00134848
          68     2.29564     1.03283     1.03206  0.00139356
          68     2.32129     1.00262     1.00515  0.00130161
          68     2.34694    0.979455    0.979127  0.00132401
          68     2.37259    0.956029    0.959717  0.00125544
          68     2.39824    0.943478    0.942323  0.00126468
          68     2.42389    0.930532    0.926211  0.00125125
          68     2.44954    0.920403    0.912902  0.00112059
          68     2.47519    0.906617    0.904353  0.00124877
          68     2.50084    0.895802     0.89759  0.00116613
          68     2.52649    0.900169    0.892906  0.00116849
          68     2.55214    0.894926    0.891821  0.00108662

          69   0.0128248           0           0           0
          69   0.0384745           0           0           0
          69   0.0641241           0           0           0
          69   0.0897737           0           0           0
          69    0.115423           0           0           0
          69    0.141073           0           0           0
          69    0.166723           0           0           0
          69    0.192372           0           0           0
          69    0.218022           0           0           0
          69    0.243672           0           0           0
          69    0.269321           0           0           0
          69    0.294971           0           0           0
          69     0.32062           0           0           0
          69     0.34627           0           0           0
          69     0.37192           0           0           0
          69    0.397569           0           0           0
          69    0.423219           0           0           0
          69    0.448869           0           0           0
          69    0.474518           0           0           0
          69    0.500168           0           0           0
          69    0.525818           0           0           0
          69    0.551467           0           0           0
          69    0.577117           0           0           0
          69    0.602767           0           0           0
          69    0.628416           0           0           0
          69    0.654066           0           0           0
          69    0.679715           0           0           0
          69    0.705365           0           0           0
          69    0.731015           0           0           0
          69    0.756664           0           0           0
          69    0.782314           0           0           0
          69    0.807964           0           0           0
          69    0.833613           0           0           0
          69    0.859263           0  9.8671e-06 4.36058e-06
          69    0.884913  0.00106378  0.00125251 6.18779e-05
          69    0.910562    0.024771   0.0256883   0.0003623
          69    0.936212    0.171318    0.175485 0.000949271
          69    0.961861    0.584247    0.586059  0.00163607
          69    0.987511      1.2353     1.22744  0.00201435
          69     1.01316     1.91052     1.88498  0.00329789
          69     1.03881     2.39655     2.34859  0.00383822
          69     1.06446     2.56632     2.55248  0.00323183
          69     1.09011     2.56665     2.54154  0.00299149
          69     1.11576     2.37185     2.39641  0.00355565
          69     1.14141      2.1751     2.18569  0.00290102
          69     1.16706     1.91663     1.95509  0.00345857
          69     1.19271     1.69238     1.74199  0.00301583
          69     1.21836      1.5007        1.55  0.00286228
          69     1.24401     1.37689     1.38183  0.00293451
          69     1.26966     1.24543     1.23704  0.00276283
          69     1.29531     1.12838     1.11667   0.0024884
          69     1.32096    0.993171     1.01123  0.00237654
          69     1.34661    0.928387    0.932406  0.00211974
          69     1.37226    0.860691    0.864993  0.00226992
          69     1.39791    0.838591    0.811102  0.00196133
          69     1.42355     0.78072     0.77125  0.00161703
          69      1.4492     0.76542     0.73891   0.0017302
          69     1.47485    0.757755    0.713382  0.00173982
          69      1.5005    0.705348    0.694117  0.00140451
          69     1.52615    0.695492    0.683712  0.00154174
          69      1.5518    0.669882    0.677222  0.00160465
          69     1.57745     0.66334    0.676611  0.00169491
          69      1.6031    0.666053     0.67845  0.00152243
          69     1.62875    0.685592    0.689166  0.00151898
          69      1.6544    0.700965    0.705551  0.00163201
          69     1.68005    0.728413    0.728652  0.00156917
          69      1.7057    0.757806    0.757105  0.00145754
          69     1.73135    0.779304    0.788407  0.00155153
          69       1.757    0.810963    0.823002  0.00151966
          69     1.78265    0.862307    0.858155  0.00151731
          69      1.8083    0.909642    0.900367  0.00155238
          69     1.83395    0.947621    0.938876  0.00178078
          69      1.8596    0.991613    0.981497  0.00171745
          69     1.88525     1.01007      1.0209  0.00169134
          69      1.9109     1.05865      1.0597  0.00165118
          69     1.93655     1.10059     1.09762  0.00165001
          69      1.9622     1.13679     1.13164   0.0015251
          69     1.98785     1.16644     1.16266  0.00146917
          69      2.0135     1.18566     1.18608  0.00153321
          69     2.03915     1.19817     1.20339   0.0015564
          69      2.0648     1.19219     1.21366  0.00158802
          69     2.09045     1.19666     1.21213  0.00150676
          69      2.1161     1.19685     1.20613  0.00135587
          69     2.14174     1.20136     1.19143  0.00150601
          69     2.16739     1.16828     1.16919  0.00144805
          69     2.19304     1.13683     1.14452  0.00130876
          69     2.21869     1.10064     1.11662  0.00150683
          69     2.24434     1.08129     1.08901  0.00162466
          69     2.26999      1.0592     1.06007  0.00132899
          69     2.29564      1.0479     1.03229  0.00139214
          69     2.32129     1.02597     1.00546  0.00131724
          69     2.34694    0.994269    0.979347  0.00132289
          69     2.37259    0.965781    0.959805  0.00124032
          69     2.39824    0.943498     0.94234  0.00124647
          69     2.42389    0.921289    0.926139  0.00123515
          69     2.44954    0.916138    0.912949  0.00110533
          69     2.47519    0.912368    0.904469  0.00123606
          69     2.50084    0.892378    0.897515  0.00115167
          69     2.52649    0.898169    0.892982  0.00115404
          69     2.55214    0.894738    0.891864   0.0010717

          70   0.0128248           0           0           0
          70   0.0384745           0           0           0
          70   0.0641241           0           0           0
          70   0.0897737           0           0           0
          70    0.115423           0           0           0
          70    0.141073           0           0           0
          70    0.166723           0           0           0
          70    0.192372           0           0           0
          70    0.218022           0           0           0
          70    0.243672           0           0           0
          70    0.269321           0           0           0
          70    0.294971           0           0           0
          70     0.32062           0           0           0
          70     0.34627           0           0           0
          70     0.37192           0           0           0
          70    0.397569           0           0           0
          70    0.423219           0           0           0
          70    0.448869           0           0           0
          70    0.474518           0           0           0
          70    0.500168           0           0           0
          70    0.525818           0           0           0
          70    0.551467           0           0           0
          70    0.577117           0           0           0
          70    0.602767           0           0           0
          70    0.628416           0           0           0
          70    0.654066           0           0           0
          70    0.679715           0           0           0
          70    0.705365           0           0           0
          70    0.731015           0           0           0
          70    0.756664           0           0           0
          70    0.782314           0           0           0
          70    0.807964           0           0           0
          70    0.833613           0           0           0
          70    0.859263  0.00025288 1.33387e-05 5.50955e-06
          70    0.884913  0.00207254  0.00126422 6.20929e-05
          70    0.910562   0.0255158   0.0256859 0.000357133
          70    0.936212    0.182232    0.175582  0.00094059
          70    0.961861    0.578332    0.585949  0.00161642
          70    0.987511     1.23464     1.22755  0.00198819
          70     1.01316     1.89307      1.8851   0.0032528
          70     1.03881     2.36842     2.34887  0.00379382
          70     1.06446     2.54907     2.55243  0.00318603
          70     1.09011     2.55535     2.54174  0.00295526
          70     1.11576     2.39119     2.39634  0.00350564
          70     1.14141     2.23271     2.18636  0.00293632
          70     1.16706     1.95966     1.95516  0.00340977
          70     1.19271     1.72232     1.74171  0.00298581
          70     1.21836     1.52502     1.54965  0.00284355
          70     1.24401     1.34133     1.38126  0.00294908
          70     1.26966     1.20262     1.23655  0.00276678
          70     1.29531     1.08006     1.11614  0.00250719
          70     1.32096     1.00735     1.01117  0.00234324
          70     1.34661    0.941346    0.932534   0.0020933
          70     1.37226    0.876586    0.865159  0.00224353
          70     1.39791    0.789449    0.810792  0.00195755
          70     1.42355    0.747373    0.770909  0.00162951
          70      1.4492    0.732293    0.738815  0.00170806
          70     1.47485    0.719358    0.713467  0.00171706
          70      1.5005    0.704564    0.694266  0.00139235
          70     1.52615    0.696337    0.683892  0.00153023
          70      1.5518    0.679264    0.677251  0.00158199
          70     1.57745    0.679063    0.676646  0.00167106
          70      1.6031    0.702218     0.67879  0.00153808
          70     1.62875    0.691927    0.689206  0.00149779
          70      1.6544    0.725713    0.705839  0.00163391
          70     1.68005    0.764975     0.72917   0.0016303
          70      1.7057      0.7782    0.757406  0.00146754
          70     1.73135    0.796688    0.788525  0.00153387
          70       1.757    0.839466    0.823237  0.00151604
          70     1.78265    0.860477    0.858189    0.001496
          70      1.8083     0.91363    0.900556  0.00154172
          70     1.83395    0.955987    0.939121  0.00177204
          70      1.8596     1.00428    0.981823  0.00172348
          70     1.88525     1.01122     1.02076  0.00167283
          70      1.9109     1.03231     1.05931   0.0016733
          70     1.93655     1.06058     1.09709  0.00170917
          70      1.9622     1.11428     1.13139  0.00152333
          70     1.98785      1.1466     1.16243  0.00146597
          70      2.0135     1.17319      1.1859  0.00152232
          70     2.03915     1.18343      1.2031  0.00156007
          70      2.0648     1.19958     1.21346  0.00157802
          70     2.09045     1.21152     1.21212  0.00148526
          70      2.1161     1.20535     1.20612  0.00133655
          70     2.14174      1.1792     1.19125   0.0014946
          70     2.16739     1.16153     1.16908  0.00143149
          70     2.19304     1.13291     1.14436  0.00130053
          70     2.21869     1.11586     1.11661  0.00148534
          70     2.24434     1.08763     1.08899  0.00160157
          70     2.26999     1.05051     1.05993    0.001317
          70     2.29564     1.03594     1.03234  0.00137323
          70     2.32129     1.00668     1.00547  0.00129854
          70     2.34694    0.994279     0.97956  0.00132107
          70     2.37259     0.96484    0.959877  0.00122468
          70     2.39824    0.953727    0.942502  0.00123923
          70     2.42389    0.945865    0.926421  0.00124923
          70     2.44954    0.930879    0.913205  0.00111882
          70     2.47519    0.903281    0.904452  0.00121852
          70     2.50084    0.899986     0.89755  0.00113576
          70     2.52649    0.890608    0.892948  0.00113805
          70     2.55214    0.891935    0.891865  0.00105639

          71   0.0128248           0           0           0
          71   0.0384745           0           0           0
          71   0.0641241           0           0           0
          71   0.0897737           0           0           0
          71    0.115423           0           0           0
          71    0.141073           0           0           0
          71    0.166723           0           0           0
          71    0.192372           0           0           0
          71    0.218022           0           0           0
          71    0.243672           0           0           0
          71    0.269321           0           0           0
          71    0.294971           0           0           0
          71     0.32062           0           0           0
          71     0.34627           0           0           0
          71     0.37192           0           0           0
          71    0.397569           0           0           0
          71    0.423219           0           0           0
          71    0.448869           0           0           0
          71    0.474518           0           0           0
          71    0.500168           0           0           0
          71    0.525818           0           0           0
          71    0.551467           0           0           0
          71    0.577117           0           0           0
          71    0.602767           0           0           0
          71    0.628416           0           0           0
          71    0.654066           0           0           0
          71    0.679715           0           0           0
          71    0.705365           0           0           0
          71    0.731015           0           0           0
          71    0.756664           0           0           0
          71    0.782314           0           0           0
          71    0.807964           0           0           0
          71    0.833613           0           0           0
          71    0.859263           0 1.31508e-05 5.43516e-06
          71    0.884913 0.000990416  0.00126037  6.1338e-05
          71    0.910562    0.018483   0.0255844 0.000366228
          71    0.936212    0.148001    0.175193  0.00100436
          71    0.961861    0.590984     0.58602  0.00159521
          71    0.987511     1.25326     1.22791  0.00199289
          71     1.01316     1.94359     1.88592  0.00330969
          71     1.03881     2.38829     2.34943  0.00378079
          71     1.06446     2.59142     2.55298  0.00318811
          71     1.09011     2.52006     2.54143  0.00292936
          71     1.11576     2.36542      2.3959   0.0034832
          71     1.14141     2.16801      2.1861  0.00290632
          71     1.16706     1.97137     1.95538  0.00336939
          71     1.19271      1.7036     1.74117  0.00299161
          71     1.21836     1.50672     1.54904  0.00286705
          71     1.24401     1.34403     1.38073  0.00295377
          71     1.26966     1.20219     1.23606   0.0027698
          71     1.29531     1.10217     1.11595  0.00247959
          71     1.32096    0.996604     1.01097   0.0023192
          71     1.34661    0.916459    0.932308  0.00207603
          71     1.37226    0.858517    0.865065  0.00221388
          71     1.39791    0.819062    0.810909  0.00193344
          71     1.42355    0.781514    0.771059  0.00161339
          71      1.4492    0.736505    0.738782  0.00168432
          71     1.47485     0.71951    0.713552  0.00169499
          71      1.5005    0.710503    0.694495  0.00139139
          71     1.52615    0.693223    0.684023  0.00151431
          71      1.5518    0.684978     0.67736  0.00156345
          71     1.57745    0.674462    0.676616  0.00164781
          71      1.6031    0.687301    0.678909  0.00152108
          71     1.62875    0.695062    0.689288  0.00147896
          71      1.6544    0.710846     0.70591  0.00161242
          71     1.68005    0.735685    0.729262  0.00160992
          71      1.7057    0.756468    0.757393  0.00144693
          71     1.73135    0.788562    0.788526  0.00151227
          71       1.757    0.830728    0.823343  0.00149835
          71     1.78265    0.852495    0.858108  0.00147708
          71      1.8083    0.926166    0.900917  0.00156163
          71     1.83395    0.959262    0.939404  0.00176964
          71      1.8596     1.00165    0.982102  0.00172169
          71     1.88525     1.01459     1.02068  0.00165153
          71      1.9109      1.0489     1.05916  0.00165614
          71     1.93655     1.07666      1.0968  0.00170914
          71      1.9622     1.12709     1.13133  0.00150307
          71     1.98785     1.17124     1.16256  0.00145057
          71      2.0135     1.20268     1.18613  0.00151912
          71     2.03915     1.21707      1.2033  0.00155045
          71      2.0648     1.21689      1.2135  0.00155654
          71     2.09045     1.21276     1.21213  0.00146437
          71      2.1161     1.18921     1.20588  0.00133877
          71     2.14174     1.17635     1.19104  0.00148821
          71     2.16739     1.13078     1.16854  0.00150955
          71     2.19304     1.13687     1.14425  0.00128648
          71     2.21869      1.1038     1.11643  0.00147534
          71     2.24434     1.08993       1.089  0.00157907
          71     2.26999     1.05902     1.05992  0.00129851
          71     2.29564     1.02453     1.03223  0.00135829
          71     2.32129     1.00829     1.00551  0.00128085
          71     2.34694    0.981116    0.979582  0.00130265
          71     2.37259    0.956917    0.959835  0.00120814
          71     2.39824    0.936828    0.942422  0.00122435
          71     2.42389    0.934155     0.92653  0.00123638
          71     2.44954    0.930223    0.913444  0.00112845
          71     2.47519     0.91211     0.90456  0.00120612
          71     2.50084    0.900825    0.897596   0.0011207
          71     2.52649    0.896425    0.892997  0.00112307
          71     2.55214    0.888928    0.891823  0.00104232

          72   0.0128248           0           0           0
          72   0.0384745           0           0           0
          72   0.0641241           0           0           0
          72   0.0897737           0           0           0
          72    0.115423           0           0           0
          72    0.141073           0           0           0
          72    0.166723           0           0           0
          72    0.192372           0           0           0
          72    0.218022           0           0           0
          72    0.243672           0           0           0
          72    0.269321           0           0           0
          72    0.294971           0           0           0
          72     0.32062           0           0           0
          72     0.34627           0           0           0
          72     0.37192           0           0           0
          72    0.397569           0           0           0
          72    0.423219           0           0           0
          72    0.448869           0           0           0
          72    0.474518           0           0           0
          72    0.500168           0           0           0
          72    0.525818           0           0           0
          72    0.551467           0           0           0
          72    0.577117           0           0           0
          72    0.602767           0           0           0
          72    0.628416           0           0           0
          72    0.654066           0           0           0
          72    0.679715           0           0           0
          72    0.705365           0           0           0
          72    0.731015           0           0           0
          72    0.756664           0           0           0
          72    0.782314           0           0           0
          72    0.807964           0           0           0
          72    0.833613           0           0           0
          72    0.859263           0 1.29682e-05 5.36274e-06
          72    0.884913  0.00150397  0.00126375 6.05793e-05
          72    0.910562   0.0236104    0.025557 0.000362167
          72    0.936212    0.182674    0.175297 0.000995771
          72    0.961861    0.585504    0.586013  0.00157307
          72    0.987511     1.25968     1.22835  0.00201347
          72     1.01316     1.91663     1.88635  0.00329109
          72     1.03881     2.37478     2.34978  0.00374464
          72     1.06446     2.56926     2.55321  0.00315183
          72     1.09011      2.5881     2.54208  0.00295951
          72     1.11576     2.44725     2.39661  0.00350708
          72     1.14141     2.18014     2.18602  0.00286713
          72     1.16706     1.96611     1.95553  0.00332588
          72     1.19271     1.71669     1.74083  0.00296931
          72     1.21836     1.52486     1.54871  0.00284684
          72     1.24401     1.38652     1.38081  0.00291384
          72     1.26966     1.20291      1.2356  0.00276934
          72     1.29531     1.09048     1.11559  0.00247025
          72     1.32096     1.00154     1.01084  0.00229068
          72     1.34661    0.918502    0.932116  0.00205603
          72     1.37226    0.843575    0.864767  0.00220316
          72     1.39791    0.802716    0.810795  0.00190993
          72     1.42355      0.7338    0.770541  0.00167191
          72      1.4492    0.719948    0.738521  0.00168111
          72     1.47485    0.723069    0.713684  0.00167659
          72      1.5005    0.707728    0.694679  0.00138415
          72     1.52615    0.680932     0.68398  0.00149388
          72      1.5518    0.660458    0.677125  0.00155926
          72     1.57745    0.681903    0.676689  0.00162656
          72      1.6031    0.655529    0.678585  0.00153423
          72     1.62875    0.688792    0.689281  0.00145844
          72      1.6544    0.707802    0.705936  0.00159024
          72     1.68005    0.727141    0.729233  0.00158783
          72      1.7057    0.757569    0.757395  0.00142684
          72     1.73135    0.788183    0.788521  0.00149127
          72       1.757    0.835948    0.823518  0.00148774
          72     1.78265    0.880228    0.858416  0.00148817
          72      1.8083     0.92896    0.901306  0.00158777
          72     1.83395    0.961423     0.93971  0.00177129
          72      1.8596    0.994828    0.982279  0.00170682
          72     1.88525      1.0353     1.02088  0.00164103
          72      1.9109     1.07932     1.05944  0.00165664
          72     1.93655     1.11718     1.09708  0.00170867
          72      1.9622     1.14642     1.13154  0.00149675
          72     1.98785     1.16739     1.16262  0.00143197
          72      2.0135     1.17414     1.18597  0.00150712
          72     2.03915     1.18613     1.20306  0.00154714
          72      2.0648     1.22324     1.21364  0.00154078
          72     2.09045     1.22879     1.21236  0.00146219
          72      2.1161     1.21538     1.20601  0.00132665
          72     2.14174     1.17323      1.1908  0.00148797
          72     2.16739     1.15305     1.16832  0.00150384
          72     2.19304     1.14178     1.14422  0.00126907
          72     2.21869     1.10237     1.11623   0.0014677
          72     2.24434     1.08481     1.08894  0.00155821
          72     2.26999     1.04303     1.05968  0.00130148
          72     2.29564     1.02218     1.03209  0.00134657
          72     2.32129     1.01298     1.00562  0.00126726
          72     2.34694    0.985272    0.979661  0.00128695
          72     2.37259    0.965422    0.959912  0.00119385
          72     2.39824    0.922716    0.942149  0.00123756
          72     2.42389    0.918634     0.92642  0.00122406
          72     2.44954    0.902402    0.913291  0.00112315
          72     2.47519    0.888593    0.904338  0.00120958
          72     2.50084    0.878424     0.89733  0.00113633
          72     2.52649    0.879126    0.892805  0.00112388
          72     2.55214    0.891671    0.891821  0.00102784

          73   0.0128248           0           0           0
          73   0.0384745           0           0           0
          73   0.0641241           0           0           0
          73   0.0897737           0           0           0
          73    0.115423           0           0           0
          73    0.141073           0           0           0
          73    0.166723           0           0           0
          73    0.192372           0           0           0
          73    0.218022           0           0           0
          73    0.243672           0           0           0
          73    0.269321           0           0           0
          73    0.294971           0           0           0
          73     0.32062           0           0           0
          73     0.34627           0           0           0
          73     0.37192           0           0           0
          73    0.397569           0           0           0
          73    0.423219           0           0           0
          73    0.448869           0           0           0
          73    0.474518           0           0           0
          73    0.500168           0           0           0
          73    0.525818           0           0           0
          73    0.551467           0           0           0
          73    0.577117           0           0           0
          73    0.602767           0           0           0
          73    0.628416           0           0           0
          73    0.654066           0           0           0
          73    0.679715           0           0           0
          73    0.705365           0           0           0
          73    0.731015           0           0           0
          73    0.756664           0           0           0
          73    0.782314           0           0           0
          73    0.807964           0           0           0
          73    0.833613           0           0           0
          73    0.859263           0 1.27905e-05 5.29221e-06
          73    0.884913  0.00152231  0.00126729 5.98529e-05
          73    0.910562   0.0254466   0.0255555 0.000357209
          73    0.936212    0.170892    0.175237 0.000983957
          73    0.961861    0.584076    0.585986  0.00155174
          73    0.987511     1.21152     1.22812  0.00199905
          73     1.01316     1.87838     1.88624  0.00324782
          73     1.03881     2.32438     2.34943  0.00370948
          73     1.06446     2.54266     2.55306  0.00311197
          73     1.09011      2.5676     2.54243  0.00293954
          73     1.11576     2.42014     2.39694  0.00347381
          73     1.14141     2.17851     2.18592   0.0028297
          73     1.16706     1.93942     1.95531  0.00328764
          73     1.19271     1.74734     1.74092  0.00292997
          73     1.21836     1.53246     1.54848  0.00281652
          73     1.24401     1.37304     1.38071  0.00287587
          73     1.26966     1.25458     1.23586  0.00274358
          73     1.29531     1.10047     1.11539  0.00244508
          73     1.32096    0.996678     1.01064   0.0022675
          73     1.34661    0.923366    0.931996  0.00203135
          73     1.37226    0.863421    0.864748  0.00217306
          73     1.39791    0.826089    0.811004  0.00189522
          73     1.42355    0.775461    0.770608  0.00165037
          73      1.4492     0.74266    0.738578  0.00165904
          73     1.47485     0.71292    0.713674  0.00165366
          73      1.5005      0.7116    0.694911  0.00138446
          73     1.52615    0.697157    0.684161  0.00148428
          73      1.5518    0.675798    0.677107    0.001538
          73     1.57745     0.68981    0.676869  0.00161418
          73      1.6031    0.675151    0.678538  0.00151393
          73     1.62875    0.681126    0.689169  0.00144273
          73      1.6544     0.71516    0.706062  0.00157347
          73     1.68005    0.724495    0.729168   0.0015674
          73      1.7057    0.755263    0.757366  0.00140759
          73     1.73135    0.792941    0.788581  0.00147207
          73       1.757    0.827471    0.823572  0.00146834
          73     1.78265    0.841937     0.85819   0.0014848
          73      1.8083    0.904973    0.901357  0.00156682
          73     1.83395    0.936804     0.93967  0.00174748
          73      1.8596    0.987339    0.982348  0.00168485
          73     1.88525     1.03205     1.02103  0.00162566
          73      1.9109     1.05542     1.05938  0.00163487
          73     1.93655     1.09449     1.09705  0.00168563
          73      1.9622     1.12792     1.13149  0.00147706
          73     1.98785     1.16995     1.16272  0.00141587
          73      2.0135     1.17437     1.18581  0.00149483
          73     2.03915     1.17852     1.20273  0.00156205
          73      2.0648     1.20454     1.21351  0.00152471
          73     2.09045     1.20655     1.21228  0.00144432
          73      2.1161     1.19489     1.20586  0.00131719
          73     2.14174     1.18524     1.19072  0.00146953
          73     2.16739     1.17513     1.16842  0.00148613
          73     2.19304     1.15459     1.14436  0.00125962
          73     2.21869     1.12527     1.11636  0.00145281
          73     2.24434     1.10135     1.08911   0.0015461
          73     2.26999     1.06628     1.05977  0.00128679
          73     2.29564     1.04477     1.03226  0.00133929
          73     2.32129     1.00319     1.00558  0.00125033
          73     2.34694    0.982454    0.979699  0.00126989
          73     2.37259    0.947443    0.959742  0.00118965
          73     2.39824    0.929366    0.941974  0.00123293
          73     2.42389    0.929339     0.92646  0.00120795
          73     2.44954    0.923113    0.913426  0.00111579
          73     2.47519    0.911489    0.904436  0.00119697
          73     2.50084    0.902726    0.897404  0.00112316
          73     2.52649    0.899388    0.892895   0.0011121
          73     2.55214    0.893437    0.891843    0.001014

          74   0.0128248           0           0           0
          74   0.0384745           0           0           0
          74   0.0641241           0           0           0
          74   0.0897737           0           0           0
          74    0.115423           0           0           0
          74    0.141073           0           0           0
          74    0.166723           0           0           0
          74    0.192372           0           0           0
          74    0.218022           0           0           0
          74    0.243672           0           0           0
          74    0.269321           0           0           0
          74    0.294971           0           0           0
          74     0.32062           0           0           0
          74     0.34627           0           0           0
          74     0.37192           0           0           0
          74    0.397569           0           0           0
          74    0.423219           0           0           0
          74    0.448869           0           0           0
          74    0.474518           0           0           0
          74    0.500168           0           0           0
          74    0.525818           0           0           0
          74    0.551467           0           0           0
          74    0.577117           0           0           0
          74    0.602767           0           0           0
          74    0.628416           0           0           0
          74    0.654066           0           0           0
          74    0.679715           0           0           0
          74    0.705365           0           0           0
          74    0.731015           0           0           0
          74    0.756664           0           0           0
          74    0.782314           0           0           0
          74    0.807964           0           0           0
          74    0.833613           0           0           0
          74    0.859263           0 1.26177e-05 5.22352e-06
          74    0.884913   0.0018341  0.00127495 5.95322e-05
          74    0.910562   0.0253426   0.0255526 0.000352393
          74    0.936212    0.170302     0.17517 0.000972917
          74    0.961861    0.577897    0.585877  0.00153462
          74    0.987511     1.24865      1.2284  0.00199119
          74     1.01316     1.93199     1.88686  0.00326226
          74     1.03881     2.39007     2.34998  0.00369978
          74     1.06446     2.55447     2.55308  0.00306997
          74     1.09011     2.55167     2.54255  0.00290247
          74     1.11576     2.40618     2.39706  0.00342911
          74     1.14141     2.17103     2.18572   0.0027986
          74     1.16706     1.93496     1.95504   0.0032547
          74     1.19271     1.71089     1.74051  0.00291834
          74     1.21836     1.53604     1.54832  0.00278348
          74     1.24401     1.36739     1.38053  0.00284264
          74     1.26966      1.2303     1.23579  0.00270753
          74     1.29531      1.1197     1.11544  0.00241274
          74     1.32096     1.01416     1.01069  0.00223736
          74     1.34661    0.930914    0.931982  0.00200396
          74     1.37226     0.86098    0.864698  0.00214429
          74     1.39791    0.810801    0.811002  0.00186961
          74     1.42355    0.761739    0.770489  0.00163241
          74      1.4492    0.735042     0.73853  0.00163731
          74     1.47485    0.718104    0.713734  0.00163239
          74      1.5005    0.678122    0.694684  0.00138422
          74     1.52615    0.685699    0.684182  0.00146437
          74      1.5518    0.655418    0.676814   0.0015449
          74     1.57745    0.670878    0.676788  0.00159439
          74      1.6031    0.669266    0.678412  0.00149865
          74     1.62875      0.6838    0.689097  0.00142506
          74      1.6544    0.703856    0.706032  0.00155248
          74     1.68005    0.740641    0.729323  0.00155387
          74      1.7057    0.747646    0.757235  0.00139468
          74     1.73135    0.784048     0.78852  0.00145345
          74       1.757    0.828615     0.82364  0.00145008
          74     1.78265     0.87084    0.858361  0.00147455
          74      1.8083    0.913968    0.901527  0.00155488
          74     1.83395    0.959984    0.939945  0.00174529
          74      1.8596    0.996522     0.98254  0.00167293
          74     1.88525     1.03171     1.02118  0.00161008
          74      1.9109     1.07724     1.05963  0.00163049
          74     1.93655     1.11897     1.09734  0.00168869
          74      1.9622     1.13322     1.13151  0.00145729
          74     1.98785      1.1738     1.16287  0.00140463
          74      2.0135     1.20292     1.18604  0.00149242
          74     2.03915     1.20955     1.20282  0.00154366
          74      2.0648     1.19055      1.2132  0.00153536
          74     2.09045     1.21574     1.21233  0.00142557
          74      2.1161     1.18982     1.20564  0.00131712
          74     2.14174     1.17656     1.19053  0.00146208
          74     2.16739     1.16587     1.16838  0.00146644
          74     2.19304      1.1389     1.14428  0.00124476
          74     2.21869     1.10129     1.11615  0.00144738
          74     2.24434     1.07232     1.08889  0.00154178
          74     2.26999     1.05461     1.05971  0.00127129
          74     2.29564     1.03055     1.03224  0.00132139
          74     2.32129     0.98891     1.00536  0.00125357
          74     2.34694    0.966563    0.979522  0.00126508
          74     2.37259    0.953549    0.959658  0.00117652
          74     2.39824     0.93235    0.941844  0.00122311
          74     2.42389    0.901074    0.926117  0.00123938
          74     2.44954     0.90071    0.913254  0.00111387
          74     2.47519    0.898229    0.904353  0.00118373
          74     2.50084    0.889781    0.897301   0.0011127
          74     2.52649    0.902822    0.893029  0.00110513
          74     2.55214    0.899265    0.891944  0.00100525

          75   0.0128248           0           0           0
          75   0.0384745           0           0           0
          75   0.0641241           0           0           0
          75   0.0897737           0           0           0
          75    0.115423           0           0           0
          75    0.141073           0           0           0
          75    0.166723           0           0           0
          75    0.192372           0           0           0
          75    0.218022           0           0           0
          75    0.243672           0           0           0
          75    0.269321           0           0           0
          75    0.294971           0           0           0
          75     0.32062           0           0           0
          75     0.34627           0           0           0
          75     0.37192           0           0           0
          75    0.397569           0           0           0
          75    0.423219           0           0           0
          75    0.448869           0           0           0
          75    0.474518           0           0           0
          75    0.500168           0           0           0
          75    0.525818           0           0           0
          75    0.551467           0           0           0
          75    0.577117           0           0           0
          75    0.602767           0           0           0
          75    0.628416           0           0           0
          75    0.654066           0           0           0
          75    0.679715           0           0           0
          75    0.705365           0           0           0
          75    0.731015           0           0           0
          75    0.756664           0           0           0
          75    0.782314           0           0           0
          75    0.807964           0           0           0
          75    0.833613           0           0           0
          75    0.859263           0 1.24495e-05 5.15658e-06
          75    0.884913 0.000751983  0.00126798 5.91454e-05
          75    0.910562   0.0237143   0.0255281 0.000348546
          75    0.936212    0.169008    0.175088 0.000963408
          75    0.961861    0.587429    0.585898  0.00151429
          75    0.987511      1.2236     1.22833  0.00196567
          75     1.01316     1.85107     1.88638  0.00325348
          75     1.03881     2.35258     2.35002  0.00365061
          75     1.06446     2.60058     2.55372  0.00309367
          75     1.09011     2.51404     2.54217  0.00288855
          75     1.11576     2.37097     2.39671    0.003401
          75     1.14141     2.22156     2.18619  0.00280179
          75     1.16706     1.97521     1.95531   0.0032224
          75     1.19271     1.77613     1.74099  0.00291782
          75     1.21836     1.54736      1.5483  0.00274639
          75     1.24401      1.3882     1.38063  0.00280658
          75     1.26966     1.26306     1.23615  0.00269574
          75     1.29531     1.13071     1.11565  0.00238914
          75     1.32096     1.01645     1.01077  0.00220884
          75     1.34661    0.924728    0.931885  0.00197957
          75     1.37226    0.853559    0.864549  0.00212083
          75     1.39791    0.797652    0.810824  0.00185314
          75     1.42355    0.752908    0.770254  0.00162739
          75      1.4492     0.71761    0.738251  0.00163907
          75     1.47485    0.699259    0.713541    0.001622
          75      1.5005    0.665478    0.694294  0.00141948
          75     1.52615    0.670992    0.684006  0.00145537
          75      1.5518    0.657875    0.676562   0.0015448
          75     1.57745    0.662751    0.676601  0.00158408
          75      1.6031    0.669322    0.678291  0.00148356
          75     1.62875    0.681721    0.688998  0.00140945
          75      1.6544    0.700519    0.705959  0.00153352
          75     1.68005    0.715188    0.729134  0.00154454
          75      1.7057    0.781932    0.757564  0.00141443
          75     1.73135    0.794705    0.788603  0.00143641
          75       1.757    0.826294    0.823676  0.00143118
          75     1.78265     0.85706    0.858343  0.00145499
          75      1.8083    0.933524    0.901954   0.0015916
          75     1.83395    0.971608    0.940367  0.00177234
          75      1.8596      1.0173    0.983003  0.00171363
          75     1.88525     1.03738     1.02139  0.00160305
          75      1.9109     1.05931     1.05962  0.00160875
          75     1.93655     1.09436      1.0973  0.00166664
          75      1.9622     1.13151     1.13151  0.00143786
          75     1.98785      1.1714     1.16299   0.0013905
          75      2.0135     1.17486     1.18589  0.00147995
          75     2.03915     1.18208     1.20254  0.00154764
          75      2.0648     1.20829     1.21314  0.00151629
          75     2.09045       1.213     1.21233  0.00140659
          75      2.1161     1.19644     1.20552  0.00130526
          75     2.14174       1.179     1.19038  0.00145064
          75     2.16739     1.17674      1.1685  0.00145112
          75     2.19304     1.14334     1.14427  0.00122822
          75     2.21869     1.11147     1.11609  0.00142943
          75     2.24434     1.09255     1.08894  0.00152199
          75     2.26999     1.07064     1.05985  0.00126267
          75     2.29564     1.03025     1.03221  0.00130404
          75     2.32129     1.00595     1.00537  0.00123689
          75     2.34694     0.98545    0.979601  0.00125068
          75     2.37259    0.958509    0.959643  0.00116093
          75     2.39824    0.936693    0.941775  0.00120873
          75     2.42389    0.934013    0.926223  0.00122732
          75     2.44954    0.916849    0.913302  0.00110005
          75     2.47519    0.898649    0.904277  0.00117039
          75     2.50084    0.893228    0.897246  0.00109919
          75     2.52649    0.888151    0.892964  0.00109231
          75     2.55214    0.878292    0.891762  0.00100819

          76   0.0128248           0           0           0
          76   0.0384745           0           0           0
          76   0.0641241           0           0           0
          76   0.0897737           0           0           0
          76    0.115423           0           0           0
          76    0.141073           0           0           0
          76    0.166723           0           0           0
          76    0.192372           0           0           0
          76    0.218022           0           0           0
          76    0.243672           0           0           0
          76    0.269321           0           0           0
          76    0.294971           0           0           0
          76     0.32062           0           0           0
          76     0.34627           0           0           0
          76     0.37192           0           0           0
          76    0.397569           0           0           0
          76    0.423219           0           0           0
          76    0.448869           0           0           0
          76    0.474518           0           0           0
          76    0.500168           0           0           0
          76    0.525818           0           0           0
          76    0.551467           0           0           0
          76    0.577117           0           0           0
          76    0.602767           0           0           0
          76    0.628416           0           0           0
          76    0.654066           0           0           0
          76    0.679715           0           0           0
          76    0.705365           0           0           0
          76    0.731015           0           0           0
          76    0.756664           0           0           0
          76    0.782314           0           0           0
          76    0.807964           0           0           0
          76    0.833613           0           0           0
          76    0.859263           0 1.22857e-05 5.09133e-06
          76    0.884913  0.00165069  0.00127301 5.85811e-05
          76    0.910562    0.025793   0.0255316 0.000343977
          76    0.936212    0.174759    0.175083 0.000950741
          76    0.961861    0.598932    0.586069  0.00150405
          76    0.987511     1.25626      1.2287  0.00197386
          76     1.01316     1.85889     1.88602  0.00323072
          76     1.03881     2.30783     2.34946  0.00364453
          76     1.06446     2.51155     2.55316  0.00310232
          76     1.09011     2.50375     2.54167  0.00289446
          76     1.11576     2.38706     2.39659  0.00335862
          76     1.14141     2.12927     2.18545  0.00286329
          76     1.16706      1.9623      1.9554  0.00318131
          76     1.19271     1.77763     1.74147  0.00291898
          76     1.21836     1.54901     1.54831  0.00271027
          76     1.24401     1.41579     1.38109  0.00280751
          76     1.26966     1.24096     1.23621  0.00266101
          76     1.29531     1.13964     1.11596  0.00237848
          76     1.32096      1.0625     1.01145  0.00228227
          76     1.34661    0.975135    0.932454  0.00203368
          76     1.37226    0.882573    0.864786  0.00210615
          76     1.39791    0.801738    0.810704  0.00183261
          76     1.42355    0.761101    0.770134  0.00161043
          76      1.4492    0.709061    0.737867  0.00166189
          76     1.47485     0.69941    0.713355  0.00161128
          76      1.5005    0.690185     0.69424  0.00140183
          76     1.52615     0.67307    0.683862  0.00144331
          76      1.5518    0.672709    0.676511   0.0015253
          76     1.57745    0.672488    0.676547  0.00156416
          76      1.6031    0.695081    0.678512   0.0014804
          76     1.62875    0.698023    0.689117   0.0013959
          76      1.6544    0.709424    0.706004  0.00151402
          76     1.68005    0.715508    0.728955  0.00153459
          76      1.7057    0.747212    0.757428  0.00140236
          76     1.73135    0.776885    0.788449  0.00142576
          76       1.757    0.808837     0.82348   0.0014256
          76     1.78265    0.842533    0.858135  0.00145064
          76      1.8083    0.890671    0.901805  0.00157757
          76     1.83395     0.96068    0.940634  0.00176906
          76      1.8596    0.987239    0.983059  0.00169199
          76     1.88525     1.02523     1.02144  0.00158276
          76      1.9109     1.06128     1.05964  0.00158773
          76     1.93655     1.09472     1.09727  0.00164506
          76      1.9622      1.1228      1.1314  0.00142349
          76     1.98785     1.16779     1.16305  0.00137363
          76      2.0135     1.20168      1.1861  0.00147499
          76     2.03915     1.20569     1.20258  0.00152783
          76      2.0648     1.21798      1.2132  0.00149768
          76     2.09045     1.20041     1.21218  0.00139681
          76      2.1161     1.20375      1.2055  0.00128829
          76     2.14174     1.16557     1.19005  0.00146783
          76     2.16739     1.15404      1.1683  0.00144443
          76     2.19304     1.12879     1.14407  0.00122883
          76     2.21869     1.11808     1.11612  0.00141086
          76     2.24434     1.08151     1.08884   0.0015051
          76     2.26999     1.08288     1.06015  0.00128191
          76     2.29564      1.0364     1.03227  0.00128804
          76     2.32129     1.00079     1.00531  0.00122208
          76     2.34694    0.978068    0.979581  0.00123438
          76     2.37259    0.950304     0.95952  0.00115214
          76     2.39824    0.936388    0.941704   0.0011949
          76     2.42389    0.934109    0.926326  0.00121555
          76     2.44954    0.926005    0.913469   0.0010982
          76     2.47519    0.919962    0.904483  0.00117304
          76     2.50084    0.904782    0.897346  0.00108919
          76     2.52649    0.901049     0.89307   0.0010831
          76     2.55214    0.911275    0.892018   0.0010271

          77   0.0128248           0           0           0
          77   0.0384745           0           0           0
          77   0.0641241           0           0           0
          77   0.0897737           0           0           0
          77    0.115423           0           0           0
          77    0.141073           0           0           0
          77    0.166723           0           0           0
          77    0.192372           0           0           0
          77    0.218022           0           0           0
          77    0.243672           0           0           0
          77    0.269321           0           0           0
          77    0.294971           0           0           0
          77     0.32062           0           0           0
          77     0.34627           0           0           0
          77     0.37192           0           0           0
          77    0.397569           0           0           0
          77    0.423219           0           0           0
          77    0.448869           0           0           0
          77    0.474518           0           0           0
          77    0.500168           0           0           0
          77    0.525818           0           0           0
          77    0.551467           0           0           0
          77    0.577117           0           0           0
          77    0.602767           0           0           0
          77    0.628416           0           0           0
          77    0.654066           0           0           0
          77    0.679715           0           0           0
          77    0.705365           0           0           0
          77    0.731015           0           0           0
          77    0.756664           0           0           0
          77    0.782314           0           0           0
          77    0.807964           0           0           0
          77    0.833613           0           0           0
          77    0.859263           0 1.21261e-05 5.02771e-06
          77    0.884913  0.00135724  0.00127411 5.78306e-05
          77    0.910562   0.0265032   0.0255442 0.000339741
          77    0.936212    0.166599    0.174973 0.000944757
          77    0.961861    0.558415     0.58571   0.0015268
          77    0.987511     1.23846     1.22883  0.00195229
          77     1.01316     1.88411     1.88599  0.00318885
          77     1.03881     2.35202      2.3495  0.00359735
          77     1.06446     2.55931     2.55324  0.00306306
          77     1.09011     2.54948     2.54177  0.00285865
          77     1.11576     2.38574     2.39645  0.00331795
          77     1.14141     2.20359     2.18568  0.00283578
          77     1.16706     1.94254     1.95523  0.00314437
          77     1.19271     1.74354      1.7415   0.0028812
          77     1.21836     1.52765     1.54804  0.00268832
          77     1.24401     1.36976     1.38094  0.00277491
          77     1.26966     1.22582     1.23608  0.00262988
          77     1.29531     1.09132     1.11564  0.00236902
          77     1.32096     1.03072      1.0117  0.00226632
          77     1.34661    0.956228    0.932763  0.00203057
          77     1.37226    0.870331    0.864858  0.00208003
          77     1.39791    0.833659    0.811002   0.0018329
          77     1.42355    0.770074    0.770133  0.00158951
          77      1.4492    0.739179    0.737884   0.0016404
          77     1.47485    0.722125    0.713469  0.00159437
          77      1.5005    0.686976    0.694146   0.0013868
          77     1.52615    0.670443    0.683688  0.00143505
          77      1.5518    0.671093    0.676441  0.00150712
          77     1.57745    0.692194     0.67675  0.00155699
          77      1.6031    0.679276    0.678522   0.0014612
          77     1.62875    0.699621    0.689254  0.00138442
          77      1.6544    0.714021    0.706109  0.00149794
          77     1.68005    0.723564    0.728885  0.00151625
          77      1.7057    0.731118    0.757086  0.00142517
          77     1.73135    0.768011    0.788183  0.00143174
          77       1.757     0.82587    0.823512  0.00140742
          77     1.78265    0.851776    0.858053  0.00143415
          77      1.8083    0.902131    0.901809  0.00155709
          77     1.83395    0.947023    0.940717  0.00174803
          77      1.8596    0.981433    0.983038  0.00167015
          77     1.88525     1.02738     1.02152  0.00156407
          77      1.9109     1.02683     1.05922  0.00162328
          77     1.93655     1.09025     1.09718  0.00162622
          77      1.9622     1.15484      1.1317  0.00143719
          77     1.98785     1.17931     1.16326  0.00137193
          77      2.0135      1.1872     1.18611   0.0014559
          77     2.03915      1.2035     1.20259  0.00150803
          77      2.0648     1.22464     1.21335  0.00148557
          77     2.09045     1.22279     1.21232  0.00138545
          77      2.1161     1.21387     1.20561  0.00127614
          77     2.14174      1.1971     1.19014  0.00145161
          77     2.16739     1.16544     1.16827  0.00142615
          77     2.19304     1.14742     1.14411  0.00121364
          77     2.21869     1.12608     1.11624  0.00139846
          77     2.24434     1.08305     1.08876  0.00148743
          77     2.26999     1.06397      1.0602  0.00126622
          77     2.29564     1.02859     1.03222   0.0012722
          77     2.32129     1.00611     1.00532  0.00120625
          77     2.34694    0.971541    0.979476  0.00122276
          77     2.37259      0.9505    0.959403  0.00114312
          77     2.39824    0.932046    0.941579  0.00118595
          77     2.42389    0.928391    0.926353  0.00120006
          77     2.44954    0.887851    0.913136  0.00113321
          77     2.47519    0.888242    0.904272  0.00117662
          77     2.50084    0.895662    0.897324  0.00107526
          77     2.52649    0.883862    0.892951  0.00107562
          77     2.55214    0.886925    0.891952  0.00101588

          78   0.0128248           0           0           0
          78   0.0384745           0           0           0
          78   0.0641241           0           0           0
          78   0.0897737           0           0           0
          78    0.115423           0           0           0
          78    0.141073           0           0           0
          78    0.166723           0           0           0
          78    0.192372           0           0           0
          78    0.218022           0           0           0
          78    0.243672           0           0           0
          78    0.269321           0           0           0
          78    0.294971           0           0           0
          78     0.32062           0           0           0
          78     0.34627           0           0           0
          78     0.37192           0           0           0
          78    0.397569           0           0           0
          78    0.423219           0           0           0
          78    0.448869           0           0           0
          78    0.474518           0           0           0
          78    0.500168           0           0           0
          78    0.525818           0           0           0
          78    0.551467           0           0           0
          78    0.577117           0           0           0
          78    0.602767           0           0           0
          78    0.628416           0           0           0
          78    0.654066           0           0           0
          78    0.679715           0           0           0
          78    0.705365           0           0           0
          78    0.731015           0           0           0
          78    0.756664           0           0           0
          78    0.782314           0           0           0
          78    0.807964           0           0           0
          78    0.833613           0           0           0
          78    0.859263           0 1.19706e-05 4.96566e-06
          78    0.884913  0.00155899  0.00127776 5.72044e-05
          78    0.910562   0.0230907   0.0255127 0.000336839
          78    0.936212    0.165813    0.174856 0.000939917
          78    0.961861    0.577618    0.585606  0.00151074
          78    0.987511     1.24447     1.22903  0.00193752
          78     1.01316     1.92107     1.88644  0.00317952
          78     1.03881     2.39337     2.35006  0.00359494
          78     1.06446     2.57513     2.55352  0.00303662
          78     1.09011     2.55146     2.54189   0.0028247
          78     1.11576     2.40638     2.39657  0.00327786
          78     1.14141     2.16376      2.1854  0.00281332
          78     1.16706     1.98398      1.9556  0.00312559
          78     1.19271     1.76888     1.74185  0.00286557
          78     1.21836     1.52977     1.54781  0.00266404
          78     1.24401      1.3547     1.38061  0.00275966
          78     1.26966     1.24077     1.23614  0.00259685
          78     1.29531     1.09858     1.11542  0.00234873
          78     1.32096    0.992645     1.01145  0.00225039
          78     1.34661    0.928958    0.932714  0.00200512
          78     1.37226    0.860225    0.864799  0.00205421
          78     1.39791    0.789331    0.810724  0.00183033
          78     1.42355    0.745998    0.769824  0.00159897
          78      1.4492    0.733052    0.737822  0.00162053
          78     1.47485     0.71123     0.71344  0.00157419
          78      1.5005    0.693062    0.694132  0.00136909
          78     1.52615    0.662007     0.68341  0.00144332
          78      1.5518    0.656987    0.676191  0.00150829
          78     1.57745    0.671322     0.67668  0.00153859
          78      1.6031    0.669037      0.6784  0.00144752
          78     1.62875    0.687081    0.689226  0.00136695
          78      1.6544    0.694967    0.705966  0.00148553
          78     1.68005    0.719717    0.728768  0.00150136
          78      1.7057    0.766717     0.75721  0.00141223
          78     1.73135    0.814484     0.78852  0.00145255
          78       1.757    0.844714    0.823783  0.00141539
          78     1.78265    0.885602    0.858406  0.00145861
          78      1.8083    0.906115    0.901865   0.0015381
          78     1.83395    0.943803    0.940757  0.00172607
          78      1.8596    0.990637    0.983135  0.00165158
          78     1.88525     1.02513     1.02157  0.00154471
          78      1.9109     1.06993     1.05935  0.00160827
          78     1.93655     1.11651     1.09743  0.00162415
          78      1.9622     1.13206     1.13171  0.00141877
          78     1.98785     1.15197     1.16312  0.00136196
          78      2.0135     1.17493     1.18597  0.00144427
          78     2.03915     1.20143     1.20258  0.00148877
          78      2.0648       1.226     1.21351  0.00147534
          78     2.09045     1.21524     1.21235   0.0013682
          78      2.1161     1.20103     1.20555  0.00126112
          78     2.14174     1.18441     1.19007  0.00143486
          78     2.16739     1.17294     1.16833  0.00140912
          78     2.19304     1.16075     1.14433  0.00121668
          78     2.21869     1.11823     1.11627  0.00138076
          78     2.24434     1.08448     1.08871  0.00146937
          78     2.26999     1.05779     1.06017  0.00125037
          78     2.29564     1.01577     1.03201  0.00127324
          78     2.32129    0.988473      1.0051  0.00120996
          78     2.34694    0.983729    0.979531   0.0012083
          78     2.37259    0.954016    0.959334  0.00113054
          78     2.39824      0.9352    0.941497  0.00117356
          78     2.42389    0.910713    0.926153  0.00120131
          78     2.44954    0.900205     0.91297  0.00113075
          78     2.47519    0.901059    0.904231  0.00116226
          78     2.50084    0.895609    0.897302   0.0010617
          78     2.52649     0.90552    0.893112  0.00107383
          78     2.55214    0.897254     0.89202  0.00100513

          79   0.0128248           0           0           0
          79   0.0384745           0           0           0
          79   0.0641241           0           0           0
          79   0.0897737           0           0           0
          79    0.115423           0           0           0
          79    0.141073           0           0           0
          79    0.166723           0           0           0
          79    0.192372           0           0           0
          79    0.218022           0           0           0
          79    0.243672           0           0           0
          79    0.269321           0           0           0
          79    0.294971           0           0           0
          79     0.32062           0           0           0
          79     0.34627           0           0           0
          79     0.37192           0           0           0
          79    0.397569           0           0           0
          79    0.423219           0           0           0
          79    0.448869           0           0           0
          79    0.474518           0           0           0
          79    0.500168           0           0           0
          79    0.525818           0           0           0
          79    0.551467           0           0           0
          79    0.577117           0           0           0
          79    0.602767           0           0           0
          79    0.628416           0           0           0
          79    0.654066           0           0           0
          79    0.679715           0           0           0
          79    0.705365           0           0           0
          79    0.731015           0           0           0
          79    0.756664           0           0           0
          79    0.782314           0           0           0
          79    0.807964           0           0           0
          79    0.833613           0           0           0
          79    0.859263           0 1.18191e-05 4.90511e-06
          79    0.884913 0.000898711  0.00127296 5.66811e-05
          79    0.910562   0.0311803   0.0255845 0.000340129
          79    0.936212    0.184608    0.174979  0.00093609
          79    0.961861    0.572852    0.585445  0.00150022
          79    0.987511     1.23773     1.22914  0.00191613
          79     1.01316     1.86225     1.88614  0.00315399
          79     1.03881     2.38213     2.35046  0.00357228
          79     1.06446     2.54915     2.55347  0.00299868
          79     1.09011     2.50549     2.54143  0.00282629
          79     1.11576     2.40022     2.39662  0.00323669
          79     1.14141     2.19381     2.18551  0.00277972
          79     1.16706     1.94511     1.95547  0.00308885
          79     1.19271     1.71527     1.74151  0.00284898
          79     1.21836     1.57813     1.54819  0.00265783
          79     1.24401     1.39676     1.38081  0.00273229
          79     1.26966     1.24371     1.23624  0.00256574
          79     1.29531     1.10537      1.1153  0.00232245
          79     1.32096     1.01871     1.01155  0.00222378
          79     1.34661    0.928736    0.932664  0.00198037
          79     1.37226    0.884206    0.865044  0.00204284
          79     1.39791      0.8374    0.811062  0.00183805
          79     1.42355    0.778324    0.769931  0.00158234
          79      1.4492    0.744233    0.737903  0.00160205
          79     1.47485    0.717582    0.713492  0.00155514
          79      1.5005    0.685215    0.694019   0.0013564
          79     1.52615    0.667921    0.683214  0.00143831
          79      1.5518    0.659623    0.675981  0.00150371
          79     1.57745     0.67269     0.67663  0.00151994
          79      1.6031     0.67452    0.678351  0.00143003
          79     1.62875    0.688002     0.68921  0.00134973
          79      1.6544     0.70255    0.705922  0.00146735
          79     1.68005    0.719752    0.728653  0.00148669
          79      1.7057    0.747765     0.75709  0.00139941
          79     1.73135    0.780828    0.788423  0.00143742
          79       1.757    0.816849    0.823696  0.00140019
          79     1.78265    0.858841    0.858411  0.00144015
          79      1.8083    0.897281    0.901807  0.00151973
          79     1.83395    0.937803    0.940719  0.00170463
          79      1.8596    0.980515    0.983102  0.00163101
          79     1.88525     1.01164     1.02144  0.00153025
          79      1.9109     1.04512     1.05917  0.00159797
          79     1.93655     1.07621     1.09716  0.00162565
          79      1.9622     1.11356     1.13148  0.00141928
          79     1.98785      1.1506     1.16296   0.0013539
          79      2.0135     1.19035     1.18603  0.00142706
          79     2.03915     1.20136     1.20256  0.00147001
          79      2.0648     1.22027      1.2136  0.00145914
          79     2.09045     1.23609     1.21265  0.00138348
          79      2.1161     1.21851     1.20571  0.00125579
          79     2.14174     1.19632     1.19015  0.00141888
          79     2.16739      1.1856     1.16855  0.00140814
          79     2.19304     1.16323     1.14456  0.00122458
          79     2.21869     1.12765     1.11641  0.00137077
          79     2.24434     1.09758     1.08882  0.00145505
          79     2.26999     1.07873     1.06041  0.00125641
          79     2.29564     1.04232     1.03214  0.00126379
          79     2.32129     1.01613     1.00524  0.00120267
          79     2.34694     1.00479     0.97985  0.00123458
          79     2.37259    0.964771    0.959402  0.00111833
          79     2.39824    0.949791    0.941602  0.00116339
          79     2.42389    0.936099    0.926278  0.00119268
          79     2.44954    0.911992    0.912958   0.0011165
          79     2.47519    0.890326    0.904055   0.0011608
          79     2.50084    0.880316    0.897087  0.00106981
          79     2.52649    0.872357    0.892849   0.0010919
          79     2.55214    0.888451    0.891975 0.000993423

          80   0.0128248           0           0           0
          80   0.0384745           0           0           0
          80   0.0641241           0           0           0
          80   0.0897737           0           0           0
          80    0.115423           0           0           0
          80    0.141073           0           0           0
          80    0.166723           0           0           0
          80    0.192372           0           0           0
          80    0.218022           0           0           0
          80    0.243672           0           0           0
          80    0.269321           0           0           0
          80    0.294971           0           0           0
          80     0.32062           0           0           0
          80     0.34627           0           0           0
          80     0.37192           0           0           0
          80    0.397569           0           0           0
          80    0.423219           0           0           0
          80    0.448869           0           0           0
          80    0.474518           0           0           0
          80    0.500168           0           0           0
          80    0.525818           0           0           0
          80    0.551467           0           0           0
          80    0.577117           0           0           0
          80    0.602767           0           0           0
          80    0.628416           0           0           0
          80    0.654066           0           0           0
          80    0.679715           0           0           0
          80    0.705365           0           0           0
          80    0.731015           0           0           0
          80    0.756664           0           0           0
          80    0.782314           0           0           0
          80    0.807964           0           0           0
          80    0.833613           0           0           0
          80    0.859263           0 1.16714e-05 4.84602e-06
          80    0.884913  0.00253106  0.00128869 5.81133e-05
          80    0.910562   0.0248403   0.0255752 0.000336004
          80    0.936212    0.168959    0.174904 0.000927409
          80    0.961861    0.583005    0.585414  0.00148178
          80    0.987511     1.19184     1.22867  0.00194807
          80     1.01316      1.8963     1.88626  0.00311712
          80     1.03881     2.36243     2.35061  0.00353076
          80     1.06446     2.54446     2.55335  0.00296331
          80     1.09011     2.56443     2.54172  0.00280554
          80     1.11576     2.41255     2.39682  0.00320235
          80     1.14141     2.19323      2.1856  0.00274665
          80     1.16706     1.98715     1.95586  0.00307552
          80     1.19271     1.72161     1.74126   0.0028242
          80     1.21836     1.55222     1.54824  0.00262508
          80     1.24401     1.36997     1.38068  0.00270149
          80     1.26966     1.24969      1.2364  0.00253917
          80     1.29531     1.09726     1.11507  0.00230433
          80     1.32096    0.984981     1.01121  0.00222063
          80     1.34661    0.938843    0.932741  0.00195712
          80     1.37226    0.871598    0.865126  0.00201895
          80     1.39791    0.809735    0.811045  0.00181515
          80     1.42355    0.762221    0.769835   0.0015655
          80      1.4492    0.738106    0.737906  0.00158203
          80     1.47485    0.711296    0.713465  0.00153594
          80      1.5005    0.695709     0.69404  0.00133961
          80     1.52615    0.692631    0.683331  0.00142514
          80      1.5518    0.680671     0.67604  0.00148605
          80     1.57745    0.649412     0.67629  0.00153855
          80      1.6031    0.669529    0.678241   0.0014164
          80     1.62875    0.702766     0.68938  0.00134345
          80      1.6544     0.70722    0.705939   0.0014491
          80     1.68005     0.73539    0.728738  0.00147049
          80      1.7057    0.754952    0.757063  0.00138217
          80     1.73135    0.799463    0.788561  0.00142606
          80       1.757    0.834045    0.823825  0.00138865
          80     1.78265    0.861756    0.858453  0.00142276
          80      1.8083    0.892762    0.901693  0.00150493
          80     1.83395    0.943111    0.940749  0.00168358
          80      1.8596    0.983198    0.983103  0.00161062
          80     1.88525     1.01678     1.02138  0.00151223
          80      1.9109     1.05126     1.05907  0.00158106
          80     1.93655     1.09783     1.09717  0.00160535
          80      1.9622     1.13876     1.13157  0.00140446
          80     1.98785      1.1781     1.16315  0.00135014
          80      2.0135     1.18073     1.18596  0.00141075
          80     2.03915     1.19997     1.20253  0.00145199
          80      2.0648     1.22404     1.21373  0.00144672
          80     2.09045      1.2106     1.21263  0.00136643
          80      2.1161     1.19775     1.20561  0.00124403
          80     2.14174     1.20066     1.19028  0.00140722
          80     2.16739     1.16494      1.1685  0.00139126
          80     2.19304     1.13143      1.1444  0.00122022
          80     2.21869     1.11807     1.11643  0.00135379
          80     2.24434     1.08484     1.08877  0.00143771
          80     2.26999     1.06159     1.06042  0.00124079
          80     2.29564     1.03497     1.03217  0.00124849
          80     2.32129     1.01379     1.00535  0.00119237
          80     2.34694    0.978657    0.979835  0.00121924
          80     2.37259    0.954708    0.959344  0.00110589
          80     2.39824    0.925543    0.941401  0.00116604
          80     2.42389    0.916654    0.926158  0.00118383
          80     2.44954      0.9006    0.912804  0.00111318
          80     2.47519    0.892959    0.903916  0.00115454
          80     2.50084    0.896714    0.897082  0.00105645
          80     2.52649    0.895244    0.892879  0.00107867
          80     2.55214     0.90138    0.892093 0.000987938

          81   0.0128248           0           0           0
          81   0.0384745           0           0           0
          81   0.0641241           0           0           0
          81   0.0897737           0           0           0
          81    0.115423           0           0           0
          81    0.141073           0           0           0
          81    0.166723           0           0           0
          81    0.192372           0           0           0
          81    0.218022           0           0           0
          81    0.243672           0           0           0
          81    0.269321           0           0           0
          81    0.294971           0           0           0
          81     0.32062           0           0           0
          81     0.34627           0           0           0
          81     0.37192           0           0           0
          81    0.397569           0           0           0
          81    0.423219           0           0           0
          81    0.448869           0           0           0
          81    0.474518           0           0           0
          81    0.500168           0           0           0
          81    0.525818           0           0           0
          81    0.551467           0           0           0
          81    0.577117           0           0           0
          81    0.602767           0           0           0
          81    0.628416           0           0           0
          81    0.654066           0           0           0
          81    0.679715           0           0           0
          81    0.705365           0           0           0
          81    0.731015           0           0           0
          81    0.756664           0           0           0
          81    0.782314           0           0           0
          81    0.807964           0           0           0
          81    0.833613           0           0           0
          81    0.859263           0 1.15273e-05 4.78834e-06
          81    0.884913  0.00117383  0.00128727 5.74132e-05
          81    0.910562   0.0259316   0.0255796 0.000331885
          81    0.936212    0.179348    0.174959  0.00091758
          81    0.961861    0.600267    0.585598  0.00147479
          81    0.987511     1.24461     1.22887  0.00193393
          81     1.01316     1.87165     1.88608  0.00308386
          81     1.03881     2.30795     2.35009  0.00352623
          81     1.06446      2.4822     2.55248  0.00305415
          81     1.09011     2.50947     2.54132  0.00279901
          81     1.11576     2.36242     2.39639  0.00319085
          81     1.14141     2.15937     2.18528  0.00273177
          81     1.16706     1.95975     1.95591  0.00303792
          81     1.19271     1.78592     1.74181  0.00284263
          81     1.21836     1.60021     1.54889  0.00266992
          81     1.24401     1.38591     1.38074  0.00266891
          81     1.26966     1.22053     1.23621  0.00251537
          81     1.29531     1.12231     1.11516  0.00227762
          81     1.32096     1.00061     1.01108  0.00219707
          81     1.34661    0.944213    0.932882  0.00193808
          81     1.37226    0.869599    0.865182  0.00199478
          81     1.39791    0.820672    0.811164  0.00179662
          81     1.42355    0.767998    0.769812  0.00154633
          81      1.4492    0.749663    0.738051  0.00156914
          81     1.47485    0.717549    0.713515   0.0015178
          81      1.5005    0.710465    0.694243  0.00133833
          81     1.52615    0.711864    0.683684  0.00145042
          81      1.5518    0.699424    0.676329  0.00149549
          81     1.57745    0.695392    0.676525  0.00153752
          81      1.6031    0.674872    0.678199  0.00139953
          81     1.62875    0.687541    0.689357  0.00132706
          81      1.6544    0.702822      0.7059  0.00143172
          81     1.68005     0.73142    0.728771  0.00145271
          81      1.7057    0.769723     0.75722  0.00137392
          81     1.73135    0.780948    0.788467  0.00141155
          81       1.757    0.811549    0.823673  0.00137975
          81     1.78265    0.864906    0.858533  0.00140742
          81      1.8083    0.893047    0.901587  0.00149013
          81     1.83395    0.936198    0.940693  0.00166373
          81      1.8596    0.993735    0.983234  0.00159607
          81     1.88525     1.01929     1.02136  0.00149378
          81      1.9109     1.04396     1.05889  0.00157251
          81     1.93655     1.08268     1.09699  0.00159546
          81      1.9622      1.1006     1.13118   0.0014382
          81     1.98785     1.14373     1.16291  0.00135458
          81      2.0135     1.16442     1.18569  0.00141818
          81     2.03915     1.18359      1.2023  0.00145278
          81      2.0648     1.19794     1.21353  0.00144194
          81     2.09045     1.22408     1.21277  0.00135685
          81      2.1161     1.19162     1.20544   0.0012406
          81     2.14174     1.18373      1.1902  0.00139216
          81     2.16739     1.16805      1.1685   0.0013741
          81     2.19304     1.14208     1.14437   0.0012055
          81     2.21869     1.11716     1.11644  0.00133711
          81     2.24434     1.09283     1.08882  0.00142084
          81     2.26999     1.07571     1.06061  0.00123974
          81     2.29564     1.04325     1.03231  0.00124055
          81     2.32129     1.01692     1.00549  0.00118619
          81     2.34694    0.996874    0.980046  0.00122219
          81     2.37259    0.979139    0.959588  0.00111891
          81     2.39824    0.957765    0.941603  0.00116901
          81     2.42389    0.933588     0.92625  0.00117276
          81     2.44954    0.917799    0.912865  0.00110114
          81     2.47519    0.902948    0.903904  0.00114035
          81     2.50084    0.910264    0.897245  0.00105586
          81     2.52649     0.90647    0.893047  0.00107832
          81     2.55214     0.90996    0.892313  0.00100007

          82   0.0128248           0           0           0
          82   0.0384745           0           0           0
          82   0.0641241           0           0           0
          82   0.0897737           0           0           0
          82    0.115423           0           0           0
          82    0.141073           0           0           0
          82    0.166723           0           0           0
          82    0.192372           0           0           0
          82    0.218022           0           0           0
          82    0.243672           0           0           0
          82    0.269321           0           0           0
          82    0.294971           0           0           0
          82     0.32062           0           0           0
          82     0.34627           0           0           0
          82     0.37192           0           0           0
          82    0.397569           0           0           0
          82    0.423219           0           0           0
          82    0.448869           0           0           0
          82    0.474518           0           0           0
          82    0.500168           0           0           0
          82    0.525818           0           0           0
          82    0.551467           0           0           0
          82    0.577117           0           0           0
          82    0.602767           0           0           0
          82    0.628416           0           0           0
          82    0.654066           0           0           0
          82    0.679715           0           0           0
          82    0.705365           0           0           0
          82    0.731015           0           0           0
          82    0.756664           0           0           0
          82    0.782314           0           0           0
          82    0.807964           0           0           0
          82    0.833613           0           0           0
          82    0.859263           0 1.13867e-05   4.732e-06
          82    0.884913  0.00121051  0.00128633 5.67206e-05
          82    0.910562   0.0249096   0.0255714 0.000327938
          82    0.936212    0.176988    0.174984 0.000906724
          82    0.961861    0.602394    0.585802  0.00147096
          82    0.987511     1.25704     1.22921  0.00194063
          82     1.01316     1.87273     1.88592  0.00305055
          82     1.03881     2.32452     2.34977  0.00349698
          82     1.06446     2.51883     2.55207  0.00304433
          82     1.09011     2.51244     2.54097  0.00278695
          82     1.11576     2.43476     2.39686  0.00318605
          82     1.14141      2.2188     2.18569  0.00272887
          82     1.16706     1.97203     1.95611  0.00300722
          82     1.19271     1.71155     1.74145  0.00283183
          82     1.21836       1.552     1.54892  0.00263763
          82     1.24401     1.41622     1.38117  0.00267121
          82     1.26966     1.26188     1.23652   0.0025041
          82     1.29531     1.14573     1.11553  0.00228014
          82     1.32096     1.02671     1.01127  0.00217853
          82     1.34661    0.917029    0.932689  0.00192406
          82     1.37226    0.850134    0.864998  0.00197887
          82     1.39791    0.796512    0.810986  0.00178358
          82     1.42355    0.743971    0.769497  0.00155926
          82      1.4492    0.721679    0.737851  0.00156266
          82     1.47485    0.708331    0.713452  0.00150061
          82      1.5005    0.681866    0.694092  0.00133049
          82     1.52615    0.674316    0.683569  0.00143723
          82      1.5518    0.660261    0.676133  0.00149003
          82     1.57745    0.670509    0.676452  0.00152052
          82      1.6031    0.652472    0.677886  0.00141719
          82     1.62875    0.690194    0.689367  0.00131092
          82      1.6544    0.708374     0.70593  0.00141458
          82     1.68005    0.730734    0.728795  0.00143519
          82      1.7057    0.757796    0.757227  0.00135718
          82     1.73135    0.798586     0.78859  0.00139972
          82       1.757    0.839833     0.82387  0.00137693
          82     1.78265    0.880585    0.858802  0.00141572
          82      1.8083    0.910393    0.901694  0.00147582
          82     1.83395    0.942291    0.940713  0.00164356
          82      1.8596    0.979859    0.983193  0.00157714
          82     1.88525     1.01378     1.02126  0.00147842
          82      1.9109     1.04064     1.05867    0.001569
          82     1.93655     1.09173     1.09692  0.00157729
          82      1.9622     1.11287     1.13096  0.00143789
          82     1.98785     1.14734     1.16272   0.0013513
          82      2.0135     1.18474     1.18568  0.00140093
          82     2.03915     1.19541     1.20221  0.00143749
          82      2.0648     1.22068     1.21362  0.00142698
          82     2.09045     1.22084     1.21287  0.00134386
          82      2.1161     1.20442     1.20543  0.00122553
          82     2.14174     1.20851     1.19042  0.00139299
          82     2.16739     1.18273     1.16867  0.00136826
          82     2.19304      1.1409     1.14433  0.00119154
          82     2.21869     1.13041     1.11661   0.0013316
          82     2.24434       1.108     1.08906  0.00142263
          82     2.26999     1.06577     1.06067  0.00122622
          82     2.29564     1.02036     1.03217  0.00123395
          82     2.32129     1.00441     1.00548  0.00117179
          82     2.34694    0.979523    0.980039  0.00120731
          82     2.37259    0.960372    0.959598  0.00110531
          82     2.39824    0.954906    0.941765  0.00116596
          82     2.42389    0.926645    0.926255  0.00115847
          82     2.44954    0.929787    0.913072  0.00110688
          82     2.47519    0.918274    0.904079  0.00113983
          82     2.50084    0.913072    0.897438  0.00106048
          82     2.52649    0.887739    0.892982  0.00106711
          82     2.55214    0.881419     0.89218 0.000996655

          83   0.0128248           0           0           0
          83   0.0384745           0           0           0
          83   0.0641241           0           0           0
          83   0.0897737           0           0           0
          83    0.115423           0           0           0
          83    0.141073           0           0           0
          83    0.166723           0           0           0
          83    0.192372           0           0           0
          83    0.218022           0           0           0
          83    0.243672           0           0           0
          83    0.269321           0           0           0
          83    0.294971           0           0           0
          83     0.32062           0           0           0
          83     0.34627           0           0           0
          83     0.37192           0           0           0
          83    0.397569           0           0           0
          83    0.423219           0           0           0
          83    0.448869           0           0           0
          83    0.474518           0           0           0
          83    0.500168           0           0           0
          83    0.525818           0           0           0
          83    0.551467           0           0           0
          83    0.577117           0           0           0
          83    0.602767           0           0           0
          83    0.628416           0           0           0
          83    0.654066           0           0           0
          83    0.679715           0           0           0
          83    0.705365           0           0           0
          83    0.731015           0           0           0
          83    0.756664           0           0           0
          83    0.782314           0           0           0
          83    0.807964           0           0           0
          83    0.833613           0           0           0
          83    0.859263           0 1.12495e-05 4.67698e-06
          83    0.884913  0.00144894  0.00128829 5.60711e-05
          83    0.910562    0.025845   0.0255747 0.000324004
          83    0.936212    0.174645     0.17498 0.000895809
          83    0.961861    0.577975    0.585708  0.00145626
          83    0.987511     1.22669     1.22918  0.00191749
          83     1.01316     1.91673     1.88629  0.00303629
          83     1.03881     2.40121     2.35039  0.00350933
          83     1.06446     2.54103     2.55193  0.00301056
          83     1.09011     2.58492      2.5415  0.00280322
          83     1.11576     2.37354     2.39658  0.00316003
          83     1.14141     2.17055     2.18551  0.00270209
          83     1.16706     1.89439     1.95536  0.00306154
          83     1.19271     1.75079     1.74156  0.00279995
          83     1.21836     1.55781     1.54903  0.00260803
          83     1.24401     1.37677     1.38112  0.00263955
          83     1.26966     1.21958     1.23632  0.00248223
          83     1.29531     1.10862     1.11545  0.00225419
          83     1.32096    0.998588     1.01112  0.00215764
          83     1.34661    0.943207    0.932816  0.00190505
          83     1.37226    0.853994    0.864866  0.00195947
          83     1.39791    0.798673    0.810837  0.00176825
          83     1.42355    0.761413      0.7694  0.00154351
          83      1.4492    0.732204    0.737783  0.00154531
          83     1.47485    0.704825    0.713348  0.00148613
          83      1.5005    0.695639    0.694111  0.00131459
          83     1.52615    0.703515     0.68381  0.00143986
          83      1.5518    0.689481    0.676294  0.00148073
          83     1.57745    0.687981    0.676591  0.00150853
          83      1.6031    0.683406    0.677952  0.00140168
          83     1.62875     0.70569    0.689564  0.00130979
          83      1.6544    0.714016    0.706028  0.00140089
          83     1.68005    0.746366    0.729006  0.00143342
          83      1.7057    0.771031    0.757393  0.00135098
          83     1.73135    0.809012    0.788836  0.00140431
          83       1.757     0.84028    0.824068  0.00137446
          83     1.78265    0.858886    0.858803  0.00139866
          83      1.8083    0.888549    0.901536  0.00146652
          83     1.83395    0.900573    0.940229  0.00169341
          83      1.8596    0.954203    0.982844  0.00159635
          83     1.88525      1.0062     1.02108  0.00147171
          83      1.9109     1.03793     1.05842  0.00156985
          83     1.93655     1.10489     1.09702   0.0015612
          83      1.9622      1.1365     1.13103  0.00142211
          83     1.98785     1.17801      1.1629  0.00134752
          83      2.0135     1.21843     1.18608  0.00143854
          83     2.03915     1.20499     1.20225  0.00142056
          83      2.0648      1.2093     1.21357  0.00141074
          83     2.09045     1.20525     1.21278  0.00133081
          83      2.1161     1.20312      1.2054  0.00121108
          83     2.14174     1.20083     1.19055  0.00138184
          83     2.16739     1.17004     1.16869  0.00135187
          83     2.19304     1.15889     1.14451  0.00119003
          83     2.21869     1.11801     1.11663  0.00131566
          83     2.24434     1.08006     1.08895  0.00140961
          83     2.26999      1.0511     1.06056  0.00121686
          83     2.29564     1.01105     1.03191  0.00124504
          83     2.32129    0.980249     1.00517  0.00119644
          83     2.34694    0.965687    0.979866  0.00120508
          83     2.37259    0.943223      0.9594  0.00110946
          83     2.39824    0.923869     0.94155  0.00117168
          83     2.42389    0.918692    0.926164  0.00114809
          83     2.44954    0.909584     0.91303  0.00109435
          83     2.47519    0.908528    0.904133  0.00112736
          83     2.50084    0.911483    0.897607  0.00106112
          83     2.52649    0.906092     0.89314  0.00106588
          83     2.55214    0.912302    0.892423   0.0010137

          84   0.0128248           0           0           0
          84   0.0384745           0           0           0
          84   0.0641241           0           0           0
          84   0.0897737           0           0           0
          84    0.115423           0           0           0
          84    0.141073           0           0           0
          84    0.166723           0           0           0
          84    0.192372           0           0           0
          84    0.218022           0           0           0
          84    0.243672           0           0           0
          84    0.269321           0           0           0
          84    0.294971           0           0           0
          84     0.32062           0           0           0
          84     0.34627           0           0           0
          84     0.37192           0           0           0
          84    0.397569           0           0           0
          84    0.423219           0           0           0
          84    0.448869           0           0           0
          84    0.474518           0           0           0
          84    0.500168           0           0           0
          84    0.525818           0           0           0
          84    0.551467           0           0           0
          84    0.577117           0           0           0
          84    0.602767           0           0           0
          84    0.628416           0           0           0
          84    0.654066           0           0           0
          84    0.679715           0           0           0
          84    0.705365           0           0           0
          84    0.731015           0           0           0
          84    0.756664           0           0           0
          84    0.782314           0           0           0
          84    0.807964           0           0           0
          84    0.833613           0           0           0
          84    0.859263           0 1.11156e-05 4.62322e-06
          84    0.884913  0.00104544   0.0012854  5.5478e-05
          84    0.910562   0.0244419   0.0255612 0.000320427
          84    0.936212    0.178201    0.175018 0.000885965
          84    0.961861     0.60685     0.58596  0.00146051
          84    0.987511     1.23215     1.22922  0.00189499
          84     1.01316     1.86406     1.88603  0.00301166
          84     1.03881     2.34002     2.35027  0.00346973
          84     1.06446     2.55141     2.55193  0.00297472
          84     1.09011     2.50145     2.54102  0.00281011
          84     1.11576     2.38226     2.39641    0.003127
          84     1.14141     2.19298     2.18559  0.00267138
          84     1.16706     1.98822     1.95576  0.00304998
          84     1.19271     1.73713     1.74151  0.00276711
          84     1.21836     1.52415     1.54873  0.00259374
          84     1.24401     1.37786     1.38108  0.00260841
          84     1.26966     1.24404     1.23641  0.00245438
          84     1.29531     1.11017     1.11539  0.00222823
          84     1.32096     1.03773     1.01144  0.00215507
          84     1.34661    0.943389    0.932942  0.00188653
          84     1.37226    0.863269    0.864847  0.00193623
          84     1.39791    0.796005    0.810661  0.00175599
          84     1.42355    0.764185    0.769338  0.00152638
          84      1.4492    0.739296    0.737801  0.00152702
          84     1.47485    0.710827    0.713318  0.00146874
          84      1.5005    0.716531    0.694378  0.00132576
          84     1.52615    0.716058    0.684194  0.00147301
          84      1.5518    0.684489    0.676391  0.00146631
          84     1.57745    0.705995    0.676941  0.00153065
          84      1.6031    0.699966    0.678214  0.00140928
          84     1.62875     0.70144    0.689705   0.0013018
          84      1.6544     0.72088    0.706205  0.00139532
          84     1.68005     0.72765     0.72899  0.00141645
          84      1.7057    0.742423    0.757215   0.0013466
          84     1.73135    0.787139    0.788816  0.00138774
          84       1.757     0.80457    0.823836  0.00137756
          84     1.78265    0.846926    0.858662  0.00138914
          84      1.8083    0.859744    0.901038  0.00153113
          84     1.83395    0.921985    0.940012  0.00168712
          84      1.8596    0.967224    0.982658  0.00158814
          84     1.88525     1.01906     1.02106  0.00145439
          84      1.9109     1.04542     1.05826  0.00155876
          84     1.93655     1.09115     1.09695  0.00154418
          84      1.9622     1.13113     1.13103  0.00140518
          84     1.98785     1.15812     1.16284  0.00133267
          84      2.0135     1.20455      1.1863  0.00143813
          84     2.03915     1.19676     1.20218  0.00140515
          84      2.0648     1.21758     1.21362  0.00139476
          84     2.09045     1.21823     1.21284  0.00131654
          84      2.1161     1.18987     1.20521  0.00121069
          84     2.14174     1.17728     1.19039  0.00137438
          84     2.16739     1.17077     1.16871  0.00133601
          84     2.19304     1.15237      1.1446  0.00117954
          84     2.21869     1.12305     1.11671  0.00130222
          84     2.24434     1.10283     1.08911  0.00140249
          84     2.26999      1.0623     1.06058  0.00120255
          84     2.29564     1.04033     1.03201  0.00123425
          84     2.32129     1.00695     1.00519  0.00118239
          84     2.34694    0.988884    0.979974  0.00119551
          84     2.37259    0.969149    0.959516   0.0011023
          84     2.39824    0.948585    0.941633  0.00116072
          84     2.42389    0.924728    0.926147  0.00113455
          84     2.44954    0.905304    0.912938  0.00108518
          84     2.47519    0.911187    0.904217  0.00111706
          84     2.50084    0.891749    0.897537  0.00105078
          84     2.52649    0.889416    0.893096  0.00105411
          84     2.55214    0.902311     0.89254  0.00100845

          85   0.0128248           0           0           0
          85   0.0384745           0           0           0
          85   0.0641241           0           0           0
          85   0.0897737           0           0           0
          85    0.115423           0           0           0
          85    0.141073           0           0           0
          85    0.166723           0           0           0
          85    0.192372           0           0           0
          85    0.218022           0           0           0
          85    0.243672           0           0           0
          85    0.269321           0           0           0
          85    0.294971           0           0           0
          85     0.32062           0           0           0
          85     0.34627           0           0           0
          85     0.37192           0           0           0
          85    0.397569           0           0           0
          85    0.423219           0           0           0
          85    0.448869           0           0           0
          85    0.474518           0           0           0
          85    0.500168           0           0           0
          85    0.525818           0           0           0
          85    0.551467           0           0           0
          85    0.577117           0           0           0
          85    0.602767           0           0           0
          85    0.628416           0           0           0
          85    0.654066           0           0           0
          85    0.679715           0           0           0
          85    0.705365           0           0           0
          85    0.731015           0           0           0
          85    0.756664           0           0           0
          85    0.782314           0           0           0
          85    0.807964           0           0           0
          85    0.833613           0           0           0
          85    0.859263 0.000272332 1.41887e-05 5.49611e-06
          85    0.884913  0.00194415  0.00129315  5.5364e-05
          85    0.910562   0.0266418   0.0255739 0.000316909
          85    0.936212    0.170712    0.174967 0.000876989
          85    0.961861    0.565354    0.585717   0.0014633
          85    0.987511     1.21717     1.22908  0.00187798
          85     1.01316     1.87026     1.88584  0.00298193
          85     1.03881     2.30878     2.34978  0.00346308
          85     1.06446     2.51911     2.55154  0.00296467
          85     1.09011     2.57006     2.54136  0.00279774
          85     1.11576     2.42959      2.3968  0.00311448
          85     1.14141     2.23319     2.18615    0.002698
          85     1.16706     1.94794     1.95566  0.00301548
          85     1.19271     1.73569     1.74144   0.0027354
          85     1.21836     1.55979     1.54886  0.00256649
          85     1.24401     1.39167     1.38121   0.0025807
          85     1.26966     1.25606     1.23664  0.00243637
          85     1.29531     1.13451     1.11561  0.00221335
          85     1.32096     1.02191     1.01156  0.00213324
          85     1.34661    0.935944    0.932977  0.00186466
          85     1.37226    0.859409    0.864783  0.00191451
          85     1.39791     0.82384    0.810816  0.00174216
          85     1.42355    0.767962    0.769321  0.00150851
          85      1.4492    0.714641    0.737529  0.00153317
          85     1.47485    0.705703    0.713229  0.00145419
          85      1.5005    0.688769    0.694312  0.00131181
          85     1.52615    0.675204    0.684088  0.00145947
          85      1.5518    0.659098    0.676188  0.00146311
          85     1.57745    0.677447    0.676947  0.00151265
          85      1.6031     0.68235    0.678263  0.00139354
          85     1.62875    0.684553    0.689645   0.0012879
          85      1.6544    0.692967    0.706049  0.00138757
          85     1.68005    0.716063    0.728838  0.00140793
          85      1.7057    0.751635    0.757149  0.00133236
          85     1.73135    0.778198    0.788691  0.00137703
          85       1.757    0.831361    0.823925  0.00136419
          85     1.78265    0.857082    0.858643  0.00137292
          85      1.8083    0.895481    0.900973  0.00151451
          85     1.83395    0.929356    0.939886  0.00167192
          85      1.8596    0.987489    0.982715  0.00157047
          85     1.88525     1.03278      1.0212   0.0014438
          85      1.9109     1.04692     1.05813  0.00154613
          85     1.93655     1.10802     1.09708  0.00153149
          85      1.9622     1.13177     1.13104  0.00138868
          85     1.98785     1.16665     1.16289  0.00131775
          85      2.0135      1.2004     1.18646  0.00143075
          85     2.03915     1.23016     1.20251  0.00142664
          85      2.0648     1.23066     1.21382  0.00139268
          85     2.09045     1.20184     1.21271   0.0013074
          85      2.1161     1.21295      1.2053  0.00119987
          85     2.14174     1.20437     1.19055  0.00136802
          85     2.16739     1.17254     1.16876  0.00132105
          85     2.19304     1.16264     1.14481  0.00118461
          85     2.21869     1.13061     1.11687  0.00129712
          85     2.24434     1.09203     1.08915  0.00138641
          85     2.26999      1.0552     1.06052  0.00119006
          85     2.29564     1.03486     1.03205  0.00122018
          85     2.32129     1.01023     1.00525  0.00116996
          85     2.34694    0.979517    0.979968  0.00118145
          85     2.37259    0.955274    0.959467  0.00109046
          85     2.39824    0.941201    0.941628  0.00114707
          85     2.42389    0.912375    0.925985  0.00113271
          85     2.44954      0.8909    0.912678  0.00110294
          85     2.47519    0.887091    0.904015  0.00112194
          85     2.50084    0.881621     0.89735  0.00105497
          85     2.52649    0.889272    0.893051  0.00104267
          85     2.55214    0.899751    0.892625  0.00100014

          86   0.0128248           0           0           0
          86   0.0384745           0           0           0
          86   0.0641241           0           0           0
          86   0.0897737           0           0           0
          86    0.115423           0           0           0
          86    0.141073           0           0           0
          86    0.166723           0           0           0
          86    0.192372           0           0           0
          86    0.218022           0           0           0
          86    0.243672           0           0           0
          86    0.269321           0           0           0
          86    0.294971           0           0           0
          86     0.32062           0           0           0
          86     0.34627           0           0           0
          86     0.37192           0           0           0
          86    0.397569           0           0           0
          86    0.423219           0           0           0
          86    0.448869           0           0           0
          86    0.474518           0           0           0
          86    0.500168           0           0           0
          86    0.525818           0           0           0
          86    0.551467           0           0           0
          86    0.577117           0           0           0
          86    0.602767           0           0           0
          86    0.628416           0           0           0
          86    0.654066           0           0           0
          86    0.679715           0           0           0
          86    0.705365           0           0           0
          86    0.731015           0           0           0
          86    0.756664           0           0           0
          86    0.782314           0           0           0
          86    0.807964           0           0           0
          86    0.833613           0           0           0
          86    0.859263           0 1.40237e-05 5.43468e-06
          86    0.884913  0.00170572  0.00129795 5.49277e-05
          86    0.910562   0.0278197      0.0256 0.000314299
          86    0.936212    0.158144    0.174772 0.000888341
          86    0.961861    0.566875    0.585498   0.0014626
          86    0.987511     1.27391      1.2296  0.00192714
          86     1.01316     1.90458     1.88606  0.00295521
          86     1.03881     2.38185     2.35016  0.00344282
          86     1.06446     2.55948     2.55163  0.00293164
          86     1.09011     2.54219     2.54137  0.00276522
          86     1.11576     2.41108     2.39697  0.00308269
          86     1.14141     2.19112     2.18621  0.00266724
          86     1.16706     1.95045      1.9556  0.00298103
          86     1.19271     1.68858     1.74082   0.0027718
          86     1.21836     1.52306     1.54856  0.00255413
          86     1.24401     1.35452      1.3809  0.00256928
          86     1.26966     1.23455     1.23662  0.00240816
          86     1.29531     1.14242     1.11592  0.00220946
          86     1.32096     1.03062     1.01178  0.00211991
          86     1.34661    0.930146    0.932944  0.00184327
          86     1.37226    0.870408    0.864848  0.00189336
          86     1.39791    0.830513    0.811045   0.0017369
          86     1.42355    0.759266    0.769204  0.00149549
          86      1.4492    0.739713    0.737554  0.00151555
          86     1.47485    0.693692    0.713002  0.00145491
          86      1.5005    0.694714    0.694316  0.00129656
          86     1.52615    0.676234    0.683997  0.00144536
          86      1.5518    0.672572    0.676146   0.0014467
          86     1.57745    0.670445    0.676871  0.00149695
          86      1.6031    0.684865     0.67834  0.00137945
          86     1.62875    0.686978    0.689614   0.0012733
          86      1.6544    0.721724    0.706231  0.00138336
          86     1.68005    0.729014     0.72884  0.00139156
          86      1.7057    0.765418    0.757245  0.00132033
          86     1.73135    0.787143    0.788673  0.00136113
          86       1.757     0.81924     0.82387  0.00134942
          86     1.78265    0.856716    0.858621  0.00135714
          86      1.8083    0.907085    0.901044  0.00149857
          86     1.83395    0.950875    0.940014  0.00165736
          86      1.8596    0.970634    0.982574  0.00155848
          86     1.88525     1.01733     1.02115  0.00142771
          86      1.9109     1.06051     1.05816   0.0015284
          86     1.93655       1.087     1.09696  0.00151816
          86      1.9622     1.11695     1.13087  0.00138216
          86     1.98785     1.15764     1.16283  0.00130384
          86      2.0135     1.18677     1.18647  0.00141412
          86     2.03915     1.21508     1.20266  0.00141751
          86      2.0648     1.23568     1.21407  0.00139949
          86     2.09045     1.23601     1.21298  0.00131996
          86      2.1161      1.2035     1.20528   0.0011861
          86     2.14174     1.20042     1.19067  0.00135691
          86     2.16739     1.17043     1.16877  0.00130583
          86     2.19304     1.14073     1.14476  0.00117178
          86     2.21869     1.11075      1.1168  0.00128399
          86     2.24434     1.07222     1.08895  0.00138419
          86     2.26999     1.05831     1.06049   0.0011765
          86     2.29564     1.01917      1.0319  0.00121515
          86     2.32129    0.996336     1.00515  0.00116094
          86     2.34694    0.979955    0.979968  0.00116772
          86     2.37259    0.962327      0.9595  0.00107829
          86     2.39824    0.942811    0.941642  0.00113382
          86     2.42389    0.936336    0.926105  0.00112591
          86     2.44954    0.921184    0.912777  0.00109455
          86     2.47519    0.907372    0.904054  0.00110957
          86     2.50084    0.907147    0.897464  0.00104884
          86     2.52649    0.885401    0.892962  0.00103433
          86     2.55214    0.892035    0.892618 0.000988539

          87   0.0128248           0           0           0
          87   0.0384745           0           0           0
          87   0.0641241           0           0           0
          87   0.0897737           0           0           0
          87    0.115423           0           0           0
          87    0.141073           0           0           0
          87    0.166723           0           0           0
          87    0.192372           0           0           0
          87    0.218022           0           0           0
          87    0.243672           0           0           0
          87    0.269321           0           0           0
          87    0.294971           0           0           0
          87     0.32062           0           0           0
          87     0.34627           0           0           0
          87     0.37192           0           0           0
          87    0.397569           0           0           0
          87    0.423219           0           0           0
          87    0.448869           0           0           0
          87    0.474518           0           0           0
          87    0.500168           0           0           0
          87    0.525818           0           0           0
          87    0.551467           0           0           0
          87    0.577117           0           0           0
          87    0.602767           0           0           0
          87    0.628416           0           0           0
          87    0.654066           0           0           0
          87    0.679715           0           0           0
          87    0.705365           0           0           0
          87    0.731015           0           0           0
          87    0.756664           0           0           0
          87    0.782314           0           0           0
          87    0.807964           0           0           0
          87    0.833613           0           0           0
          87    0.859263 0.000213975  1.6322e-05 5.83799e-06
          87    0.884913  0.00181576   0.0013039 5.46179e-05
          87    0.910562   0.0240608   0.0255823 0.000311184
          87    0.936212    0.168516      0.1747 0.000881035
          87    0.961861    0.561411    0.585221  0.00147176
          87    0.987511     1.19607     1.22921  0.00194314
          87     1.01316     1.91777     1.88642  0.00294363
          87     1.03881     2.38096     2.35051   0.0034214
          87     1.06446     2.50592     2.55111  0.00294466
          87     1.09011     2.49307     2.54082  0.00278861
          87     1.11576     2.33699     2.39628  0.00312338
          87     1.14141     2.16781       2.186  0.00264495
          87     1.16706     1.96131     1.95567  0.00294748
          87     1.19271     1.78014     1.74127  0.00277654
          87     1.21836     1.56821     1.54879  0.00253474
          87     1.24401     1.37629     1.38084  0.00254029
          87     1.26966     1.25245      1.2368  0.00238735
          87     1.29531     1.13292     1.11612  0.00219269
          87     1.32096     1.04075     1.01211  0.00212153
          87     1.34661    0.958914    0.933243  0.00184609
          87     1.37226    0.873138    0.864943    0.001874
          87     1.39791    0.808831    0.811019  0.00171712
          87     1.42355    0.778338    0.769309  0.00148199
          87      1.4492    0.729229    0.737458  0.00150115
          87     1.47485    0.711342    0.712982  0.00143832
          87      1.5005    0.681586     0.69417  0.00128989
          87     1.52615    0.704329     0.68423  0.00144752
          87      1.5518    0.686976     0.67627  0.00143542
          87     1.57745    0.682082    0.676931  0.00148094
          87      1.6031    0.694265    0.678523  0.00137568
          87     1.62875    0.685841     0.68957   0.0012594
          87      1.6544    0.699774    0.706157  0.00136944
          87     1.68005    0.716607      0.7287  0.00138265
          87      1.7057    0.755254    0.757223  0.00130535
          87     1.73135      0.7717    0.788478  0.00135939
          87       1.757    0.819515     0.82382  0.00133483
          87     1.78265    0.852346    0.858548  0.00134346
          87      1.8083    0.879163    0.900792   0.0015023
          87     1.83395    0.907756    0.939643  0.00167927
          87      1.8596    0.961068    0.982327  0.00156005
          87     1.88525     1.02533      1.0212  0.00141211
          87      1.9109     1.05577     1.05813  0.00151108
          87     1.93655      1.0933     1.09692   0.0015013
          87      1.9622     1.13703     1.13094  0.00136808
          87     1.98785     1.16488     1.16285  0.00128906
          87      2.0135      1.1847     1.18644  0.00139801
          87     2.03915     1.21054     1.20275  0.00140411
          87      2.0648     1.23566     1.21432  0.00140523
          87     2.09045     1.20922     1.21294   0.0013055
          87      2.1161     1.19996     1.20522  0.00117404
          87     2.14174     1.19381      1.1907  0.00134179
          87     2.16739     1.17097      1.1688  0.00129106
          87     2.19304     1.14003     1.14471  0.00115958
          87     2.21869     1.12926     1.11694   0.0012772
          87     2.24434     1.10464     1.08913  0.00137998
          87     2.26999     1.06697     1.06056  0.00116533
          87     2.29564     1.02823     1.03185  0.00120191
          87     2.32129     1.00612     1.00516  0.00114765
          87     2.34694    0.991346    0.980099  0.00116159
          87     2.37259    0.973115    0.959656  0.00107719
          87     2.39824    0.946887    0.941702  0.00112239
          87     2.42389    0.936573    0.926225  0.00111938
          87     2.44954    0.923257    0.912898  0.00108857
          87     2.47519    0.904922    0.904064  0.00109686
          87     2.50084    0.892389    0.897406   0.0010384
          87     2.52649     0.88728    0.892897   0.0010245
          87     2.55214    0.890568    0.892595 0.000977457

          88   0.0128248           0           0           0
          88   0.0384745           0           0           0
          88   0.0641241           0           0           0
          88   0.0897737           0           0           0
          88    0.115423           0           0           0
          88    0.141073           0           0           0
          88    0.166723           0           0           0
          88    0.192372           0           0           0
          88    0.218022           0           0           0
          88    0.243672           0           0           0
          88    0.269321           0           0           0
          88    0.294971           0           0           0
          88     0.32062           0           0           0
          88     0.34627           0           0           0
          88     0.37192           0           0           0
          88    0.397569           0           0           0
          88    0.423219           0           0           0
          88    0.448869           0           0           0
          88    0.474518           0           0           0
          88    0.500168           0           0           0
          88    0.525818           0           0           0
          88    0.551467           0           0           0
          88    0.577117           0           0           0
          88    0.602767           0           0           0
          88    0.628416           0           0           0
          88    0.654066           0           0           0
          88    0.679715           0           0           0
          88    0.705365           0           0           0
          88    0.731015           0           0           0
          88    0.756664           0           0           0
          88    0.782314           0           0           0
          88    0.807964           0           0           0
          88    0.833613           0           0           0
          88    0.859263           0 1.61366e-05 5.77459e-06
          88    0.884913  0.00203586  0.00131222 5.46269e-05
          88    0.910562   0.0241647   0.0255662 0.000308064
          88    0.936212    0.168516    0.174629 0.000873821
          88    0.961861    0.568071    0.585027  0.00146788
          88    0.987511     1.19569     1.22883  0.00195805
          88     1.01316     1.89213     1.88649  0.00291089
          88     1.03881     2.33368     2.35032  0.00338786
          88     1.06446     2.54829     2.55107  0.00291137
          88     1.09011      2.5322     2.54072  0.00275865
          88     1.11576     2.37682     2.39606  0.00309571
          88     1.14141     2.20412     2.18621   0.0026229
          88     1.16706     1.98081     1.95595   0.0029278
          88     1.19271     1.77997     1.74171  0.00277959
          88     1.21836     1.55664     1.54888   0.0025075
          88     1.24401     1.37764     1.38081  0.00251169
          88     1.26966     1.23044     1.23672  0.00236131
          88     1.29531     1.10787     1.11603  0.00216977
          88     1.32096    0.984981     1.01181   0.0021197
          88     1.34661    0.940672    0.933327  0.00182705
          88     1.37226    0.891879    0.865249  0.00187753
          88     1.39791    0.818401    0.811103  0.00169965
          88     1.42355    0.782229    0.769456   0.0014724
          88      1.4492    0.761782    0.737735  0.00150932
          88     1.47485    0.716651    0.713024  0.00142258
          88      1.5005    0.696494    0.694196   0.0012755
          88     1.52615    0.703737    0.684452  0.00144794
          88      1.5518    0.694664    0.676479  0.00143424
          88     1.57745    0.687011    0.677046  0.00146854
          88      1.6031    0.677901    0.678516  0.00136007
          88     1.62875    0.676708    0.689424  0.00125354
          88      1.6544    0.697281    0.706056  0.00135759
          88     1.68005    0.725589    0.728664  0.00136739
          88      1.7057    0.721106    0.756812   0.0013535
          88     1.73135    0.745452    0.787989  0.00142917
          88       1.757    0.787053    0.823402  0.00138351
          88     1.78265    0.824441    0.858161  0.00138297
          88      1.8083    0.880533    0.900562  0.00150276
          88     1.83395    0.930415    0.939539  0.00166346
          88      1.8596    0.963195     0.98211  0.00155739
          88     1.88525     1.01009     1.02107   0.0014017
          88      1.9109     1.05385     1.05808  0.00149469
          88     1.93655     1.09965     1.09695  0.00148456
          88      1.9622     1.14333     1.13109  0.00135976
          88     1.98785     1.18824     1.16314  0.00130631
          88      2.0135     1.20196     1.18662  0.00139321
          88     2.03915      1.2306     1.20306  0.00142339
          88      2.0648     1.24493     1.21467  0.00143166
          88     2.09045     1.23198     1.21316  0.00130847
          88      2.1161     1.22232     1.20542  0.00117668
          88     2.14174     1.20381     1.19085  0.00133479
          88     2.16739     1.19242     1.16907    0.001304
          88     2.19304     1.15859     1.14487  0.00115708
          88     2.21869     1.12472     1.11703  0.00126574
          88     2.24434     1.10049     1.08926  0.00137032
          88     2.26999     1.06064     1.06057  0.00115209
          88     2.29564     1.02705      1.0318  0.00118949
          88     2.32129     1.01235     1.00524  0.00113751
          88     2.34694    0.984164    0.980145  0.00114931
          88     2.37259    0.960997    0.959672  0.00106506
          88     2.39824    0.949029    0.941786  0.00111272
          88     2.42389    0.906298    0.925999  0.00112933
          88     2.44954    0.895271    0.912697  0.00109447
          88     2.47519    0.879476    0.903785  0.00111942
          88     2.50084    0.886591    0.897283  0.00103385
          88     2.52649    0.886515    0.892824  0.00101542
          88     2.55214    0.867229    0.892307  0.00100796

          89   0.0128248           0           0           0
          89   0.0384745           0           0           0
          89   0.0641241           0           0           0
          89   0.0897737           0           0           0
          89    0.115423           0           0           0
          89    0.141073           0           0           0
          89    0.166723           0           0           0
          89    0.192372           0           0           0
          89    0.218022           0           0           0
          89    0.243672           0           0           0
          89    0.269321           0           0           0
          89    0.294971           0           0           0
          89     0.32062           0           0           0
          89     0.34627           0           0           0
          89     0.37192           0           0           0
          89    0.397569           0           0           0
          89    0.423219           0           0           0
          89    0.448869           0           0           0
          89    0.474518           0           0           0
          89    0.500168           0           0           0
          89    0.525818           0           0           0
          89    0.551467           0           0           0
          89    0.577117           0           0           0
          89    0.602767           0           0           0
          89    0.628416           0           0           0
          89    0.654066           0           0           0
          89    0.679715           0           0           0
          89    0.705365           0           0           0
          89    0.731015           0           0           0
          89    0.756664           0           0           0
          89    0.782314           0           0           0
          89    0.807964           0           0           0
          89    0.833613           0           0           0
          89    0.859263           0 1.59552e-05 5.71255e-06
          89    0.884913 0.000825347  0.00130675 5.42863e-05
          89    0.910562   0.0239742   0.0255483 0.000305122
          89    0.936212    0.180003     0.17469 0.000866086
          89    0.961861    0.576376    0.584929  0.00145461
          89    0.987511     1.25288      1.2291   0.0019546
          89     1.01316     1.88682     1.88649  0.00287819
          89     1.03881     2.35246     2.35034  0.00334988
          89     1.06446     2.52592     2.55079  0.00289234
          89     1.09011     2.49808     2.54024  0.00276895
          89     1.11576     2.38179      2.3959  0.00306507
          89     1.14141     2.16541     2.18597  0.00260381
          89     1.16706     1.93353      1.9557  0.00290573
          89     1.19271     1.74809     1.74179  0.00274928
          89     1.21836     1.56475     1.54906  0.00248566
          89     1.24401     1.41772     1.38122  0.00251747
          89     1.26966     1.24854     1.23686  0.00233851
          89     1.29531     1.11431     1.11601  0.00214548
          89     1.32096     1.02259     1.01193  0.00209935
          89     1.34661    0.943017    0.933436  0.00180976
          89     1.37226    0.866136    0.865259  0.00185646
          89     1.39791    0.818665    0.811188  0.00168268
          89     1.42355    0.765765    0.769415  0.00145644
          89      1.4492    0.736581    0.737722  0.00149242
          89     1.47485    0.702441    0.712905  0.00141155
          89      1.5005    0.690312    0.694153  0.00126192
          89     1.52615     0.68034    0.684406  0.00143241
          89      1.5518    0.692207    0.676656  0.00142897
          89     1.57745    0.705932     0.67737  0.00148747
          89      1.6031    0.682227    0.678557  0.00134542
          89     1.62875    0.678532    0.689302  0.00124542
          89      1.6544    0.705625    0.706051  0.00134235
          89     1.68005    0.738372    0.728773  0.00135637
          89      1.7057    0.757702    0.756822  0.00133833
          89     1.73135    0.795854    0.788078  0.00141584
          89       1.757    0.815267    0.823311  0.00137098
          89     1.78265     0.84774    0.858044  0.00137238
          89      1.8083    0.888764     0.90043  0.00149171
          89     1.83395    0.918659    0.939304  0.00166123
          89      1.8596    0.983858    0.982129  0.00154002
          89     1.88525     1.02973     1.02117  0.00138932
          89      1.9109     1.04888     1.05798  0.00148146
          89     1.93655     1.08998     1.09687  0.00146994
          89      1.9622     1.11196     1.13087  0.00136136
          89     1.98785     1.16201     1.16313  0.00129169
          89      2.0135     1.18035     1.18655  0.00137933
          89     2.03915     1.19783       1.203  0.00140861
          89      2.0648     1.21264     1.21464  0.00141575
          89     2.09045     1.22002     1.21323  0.00129604
          89      2.1161     1.21686     1.20555  0.00117046
          89     2.14174     1.19444     1.19089   0.0013204
          89     2.16739     1.19167     1.16932  0.00131383
          89     2.19304     1.15236     1.14495  0.00114713
          89     2.21869      1.1214     1.11708  0.00125247
          89     2.24434     1.08962     1.08926  0.00135493
          89     2.26999     1.06926     1.06066  0.00114328
          89     2.29564     1.04189     1.03191  0.00118152
          89     2.32129     1.00695     1.00526  0.00112489
          89     2.34694    0.969027     0.98002  0.00114317
          89     2.37259    0.940034    0.959451  0.00107571
          89     2.39824    0.936433    0.941725  0.00110184
          89     2.42389     0.93184    0.926064  0.00111855
          89     2.44954    0.901737    0.912574  0.00108908
          89     2.47519    0.902794    0.903774   0.0011069
          89     2.50084    0.886108    0.897157  0.00102983
          89     2.52649    0.884499     0.89273  0.00100831
          89     2.55214     0.88614    0.892237  0.00099901

          90   0.0128248           0           0           0
          90   0.0384745           0           0           0
          90   0.0641241           0           0           0
          90   0.0897737           0           0           0
          90    0.115423           0           0           0
          90    0.141073           0           0           0
          90    0.166723           0           0           0
          90    0.192372           0           0           0
          90    0.218022           0           0           0
          90    0.243672           0           0           0
          90    0.269321           0           0           0
          90    0.294971           0           0           0
          90     0.32062           0           0           0
          90     0.34627           0           0           0
          90     0.37192           0           0           0
          90    0.397569           0           0           0
          90    0.423219           0           0           0
          90    0.448869           0           0           0
          90    0.474518           0           0           0
          90    0.500168           0           0           0
          90    0.525818           0           0           0
          90    0.551467           0           0           0
          90    0.577117           0           0           0
          90    0.602767           0           0           0
          90    0.628416           0           0           0
          90    0.654066           0           0           0
          90    0.679715           0           0           0
          90    0.705365           0           0           0
          90    0.731015           0           0           0
          90    0.756664           0           0           0
          90    0.782314           0           0           0
          90    0.807964           0           0           0
          90    0.833613           0           0           0
          90    0.859263  0.00025288 1.85877e-05 6.22617e-06
          90    0.884913 0.000990416  0.00130323 5.37968e-05
          90    0.910562    0.029015   0.0255869 0.000304153
          90    0.936212    0.187967    0.174837 0.000868936
          90    0.961861    0.569282    0.584756   0.0014488
          90    0.987511     1.21769     1.22897  0.00193699
          90     1.01316     1.89567     1.88659  0.00284801
          90     1.03881     2.37061     2.35057  0.00332023
          90     1.06446     2.58173     2.55114  0.00288056
          90     1.09011     2.57655     2.54064  0.00276742
          90     1.11576     2.40341     2.39598  0.00303215
          90     1.14141     2.16479     2.18574   0.0025855
          90     1.16706     1.93035     1.95542  0.00288707
          90     1.19271      1.7451     1.74182  0.00271898
          90     1.21836     1.55466     1.54912  0.00245882
          90     1.24401     1.38878     1.38131   0.0024909
          90     1.26966     1.21526     1.23662  0.00232481
          90     1.29531     1.12184     1.11607  0.00212262
          90     1.32096     1.03121     1.01214  0.00208692
          90     1.34661    0.943975    0.933553  0.00179343
          90     1.37226    0.868875    0.865299  0.00183627
          90     1.39791    0.813785    0.811217  0.00166423
          90     1.42355    0.747096    0.769167  0.00146122
          90      1.4492    0.710224    0.737416  0.00150679
          90     1.47485    0.675778    0.712493   0.0014549
          90      1.5005    0.698606    0.694202  0.00124887
          90     1.52615    0.705846    0.684644  0.00143616
          90      1.5518    0.700485    0.676921  0.00143742
          90     1.57745    0.697845    0.677598  0.00148824
          90      1.6031    0.682914    0.678606  0.00133135
          90     1.62875    0.689453    0.689303  0.00123158
          90      1.6544    0.701915    0.706005  0.00132822
          90     1.68005    0.718607     0.72866  0.00134599
          90      1.7057     0.75238    0.756773  0.00132437
          90     1.73135     0.78435    0.788036  0.00140072
          90       1.757    0.828062    0.823364  0.00135676
          90     1.78265    0.868761    0.858163  0.00136229
          90      1.8083    0.895788    0.900378  0.00147603
          90     1.83395    0.939204    0.939303  0.00164277
          90      1.8596    0.994288    0.982264  0.00152882
          90     1.88525     1.01608     1.02111  0.00137503
          90      1.9109     1.05594     1.05795  0.00146518
          90     1.93655     1.09187     1.09682  0.00145466
          90      1.9622     1.11117     1.13065  0.00136371
          90     1.98785       1.138     1.16285  0.00130716
          90      2.0135     1.18197      1.1865  0.00136494
          90     2.03915     1.20602     1.20304  0.00139336
          90      2.0648     1.21183     1.21461  0.00140037
          90     2.09045     1.20034     1.21309  0.00128953
          90      2.1161     1.20522     1.20554  0.00115746
          90     2.14174     1.18643     1.19084  0.00130666
          90     2.16739     1.16039     1.16922  0.00130298
          90     2.19304     1.14977       1.145  0.00113564
          90     2.21869     1.13495     1.11728  0.00125419
          90     2.24434     1.09606     1.08934  0.00134198
          90     2.26999     1.07752     1.06085  0.00114583
          90     2.29564     1.03479     1.03194  0.00116883
          90     2.32129     1.01479     1.00537  0.00111736
          90     2.34694    0.988143    0.980111  0.00113402
          90     2.37259    0.978833    0.959666   0.0010851
          90     2.39824    0.950753    0.941826  0.00109415
          90     2.42389    0.932859     0.92614  0.00110867
          90     2.44954     0.90746    0.912517  0.00107846
          90     2.47519    0.889393    0.903614  0.00110607
          90     2.50084    0.900071     0.89719  0.00101889
          90     2.52649    0.892426    0.892727 0.000997116
          90     2.55214     0.89377    0.892254 0.000988055

          91   0.0128248           0           0           0
          91   0.0384745           0           0           0
          91   0.0641241           0           0           0
          91   0.0897737           0           0           0
          91    0.115423           0           0           0
          91    0.141073           0           0           0
          91    0.166723           0           0           0
          91    0.192372           0           0           0
          91    0.218022           0           0           0
          91    0.243672           0           0           0
          91    0.269321           0           0           0
          91    0.294971           0           0           0
          91     0.32062           0           0           0
          91     0.34627           0           0           0
          91     0.37192           0           0           0
          91    0.397569           0           0           0
          91    0.423219           0           0           0
          91    0.448869           0           0           0
          91    0.474518           0           0           0
          91    0.500168           0           0           0
          91    0.525818           0           0           0
          91    0.551467           0           0           0
          91    0.577117           0           0           0
          91    0.602767           0           0           0
          91    0.628416           0           0           0
          91    0.654066           0           0           0
          91    0.679715           0           0           0
          91    0.705365           0           0           0
          91    0.731015           0           0           0
          91    0.756664           0           0           0
          91    0.782314           0           0           0
          91    0.807964           0           0           0
          91    0.833613           0           0           0
          91    0.859263           0 1.83835e-05  6.1611e-06
          91    0.884913   0.0021459  0.00131249 5.39967e-05
          91    0.910562   0.0275252   0.0256082 0.000301555
          91    0.936212    0.178577    0.174878 0.000860358
          91    0.961861    0.581809    0.584723  0.00143324
          91    0.987511     1.21342      1.2288  0.00192323
          91     1.01316     1.84753     1.88616  0.00284889
          91     1.03881     2.33077     2.35035  0.00329086
          91     1.06446     2.54292     2.55105  0.00285032
          91     1.09011     2.53066     2.54054  0.00273918
          91     1.11576     2.41261     2.39616  0.00300433
          91     1.14141     2.18932     2.18578  0.00255739
          91     1.16706     1.95726     1.95544  0.00285541
          91     1.19271     1.73703     1.74177  0.00268961
          91     1.21836     1.57172     1.54937  0.00244431
          91     1.24401     1.39502     1.38146  0.00246808
          91     1.26966     1.23943     1.23665  0.00229946
          91     1.29531     1.12668     1.11619   0.0021025
          91     1.32096     1.03718     1.01242  0.00208204
          91     1.34661      0.9587    0.933829  0.00179489
          91     1.37226    0.907568    0.865764  0.00187392
          91     1.39791    0.825692    0.811376  0.00165352
          91     1.42355    0.738308    0.768828  0.00148399
          91      1.4492    0.721473    0.737241  0.00150038
          91     1.47485    0.682678    0.712165  0.00147534
          91      1.5005    0.682383    0.694072  0.00124188
          91     1.52615    0.678719    0.684579  0.00142186
          91      1.5518    0.689553     0.67706  0.00142831
          91     1.57745    0.681297    0.677638  0.00147244
          91      1.6031    0.682081    0.678644  0.00131726
          91     1.62875    0.690655    0.689318  0.00121814
          91      1.6544    0.706532    0.706011  0.00131364
          91     1.68005    0.720276    0.728568  0.00133435
          91      1.7057    0.743884    0.756631  0.00131737
          91     1.73135    0.788787    0.788044  0.00138535
          91       1.757    0.815044    0.823272  0.00134493
          91     1.78265    0.844472    0.858012   0.0013556
          91      1.8083    0.886085    0.900221  0.00146814
          91     1.83395    0.947258     0.93939  0.00162704
          91      1.8596    0.978014    0.982218  0.00151273
          91     1.88525     1.02083     1.02111  0.00135993
          91      1.9109     1.06224       1.058  0.00144983
          91     1.93655     1.09545      1.0968  0.00143876
          91      1.9622     1.15035     1.13087   0.0013658
          91     1.98785     1.18223     1.16306  0.00131003
          91      2.0135     1.18017     1.18643  0.00135172
          91     2.03915     1.19433     1.20294  0.00138132
          91      2.0648     1.21019     1.21456  0.00138582
          91     2.09045     1.19888     1.21293  0.00128478
          91      2.1161     1.19066     1.20538  0.00115623
          91     2.14174     1.19556      1.1909  0.00129332
          91     2.16739     1.16241     1.16915  0.00129081
          91     2.19304     1.15819     1.14515  0.00113237
          91     2.21869     1.10191     1.11711  0.00125172
          91     2.24434     1.10569     1.08952  0.00133921
          91     2.26999     1.07333     1.06099  0.00114141
          91     2.29564     1.03143     1.03194    0.001156
          91     2.32129     1.01587     1.00548  0.00111103
          91     2.34694    0.972644    0.980029  0.00112453
          91     2.37259    0.957775    0.959645  0.00107337
          91     2.39824    0.941675    0.941824  0.00108213
          91     2.42389    0.913696    0.926003  0.00110489
          91     2.44954    0.905768    0.912443  0.00106916
          91     2.47519    0.897186    0.903543  0.00109617
          91     2.50084    0.910525    0.897336  0.00101818
          91     2.52649    0.901776    0.892827 0.000991105
          91     2.55214    0.911277    0.892463 0.000999066

          92   0.0128248           0           0           0
          92   0.0384745           0           0           0
          92   0.0641241           0           0           0
          92   0.0897737           0           0           0
          92    0.115423           0           0           0
          92    0.141073           0           0           0
          92    0.166723           0           0           0
          92    0.192372           0           0           0
          92    0.218022           0           0           0
          92    0.243672           0           0           0
          92    0.269321           0           0           0
          92    0.294971           0           0           0
          92     0.32062           0           0           0
          92     0.34627           0           0           0
          92     0.37192           0           0           0
          92    0.397569           0           0           0
          92    0.423219           0           0           0
          92    0.448869           0           0           0
          92    0.474518           0           0           0
          92    0.500168           0           0           0
          92    0.525818           0           0           0
          92    0.551467           0           0           0
          92    0.577117           0           0           0
          92    0.602767           0           0           0
          92    0.628416           0           0           0
          92    0.654066           0           0           0
          92    0.679715           0           0           0
          92    0.705365           0           0           0
          92    0.731015           0           0           0
          92    0.756664           0           0           0
          92    0.782314           0           0           0
          92    0.807964           0           0           0
          92    0.833613           0           0           0
          92    0.859263           0 1.81837e-05 6.09737e-06
          92    0.884913  0.00132056  0.00131258 5.34099e-05
          92    0.910562   0.0280449   0.0256347 0.000299439
          92    0.936212    0.184739    0.174986 0.000857656
          92    0.961861    0.595983    0.584846  0.00142287
          92    0.987511     1.26796     1.22923  0.00194884
          92     1.01316     1.87596     1.88605  0.00282009
          92     1.03881     2.33121     2.35014  0.00326167
          92     1.06446     2.53377     2.55086  0.00282552
          92     1.09011     2.48581     2.53994  0.00277325
          92     1.11576     2.36637     2.39584  0.00298908
          92     1.14141      2.1979     2.18591  0.00253298
          92     1.16706     1.98147     1.95572  0.00283836
          92     1.19271     1.78683     1.74226  0.00270461
          92     1.21836     1.59303     1.54984  0.00246339
          92     1.24401     1.40962     1.38176  0.00246017
          92     1.26966     1.27123     1.23702  0.00230499
          92     1.29531     1.11842     1.11621  0.00207978
          92     1.32096     1.02421     1.01255  0.00206335
          92     1.34661    0.949805    0.934003  0.00178376
          92     1.37226    0.875899    0.865874  0.00185678
          92     1.39791    0.803223    0.811287  0.00163792
          92     1.42355    0.757033    0.768699  0.00147338
          92      1.4492    0.717281    0.737024  0.00149968
          92     1.47485    0.684382    0.711863  0.00148989
          92      1.5005    0.659832      0.6937  0.00128293
          92     1.52615    0.653898    0.684245  0.00144498
          92      1.5518      0.6443    0.676703  0.00145649
          92     1.57745    0.632869    0.677152  0.00153474
          92      1.6031    0.651834    0.678353  0.00133479
          92     1.62875     0.67916    0.689208  0.00120989
          92      1.6544    0.685274    0.705786  0.00131855
          92     1.68005     0.72051    0.728481  0.00132272
          92      1.7057     0.75006     0.75656  0.00130498
          92     1.73135    0.793871    0.788108  0.00137174
          92       1.757    0.831407    0.823361  0.00133321
          92     1.78265    0.875808    0.858206  0.00135459
          92      1.8083    0.931613    0.900562  0.00149131
          92     1.83395    0.962209    0.939638  0.00162815
          92      1.8596     1.01223    0.982544  0.00153107
          92     1.88525     1.04683     1.02139  0.00137359
          92      1.9109     1.08645     1.05831  0.00146668
          92     1.93655     1.14035     1.09728  0.00149897
          92      1.9622     1.15651     1.13115   0.0013791
          92     1.98785     1.19159     1.16337  0.00133198
          92      2.0135     1.18779     1.18645  0.00133711
          92     2.03915     1.19985     1.20291  0.00136672
          92      2.0648     1.19273     1.21433  0.00139093
          92     2.09045     1.19905     1.21278  0.00127964
          92      2.1161       1.177     1.20507  0.00118409
          92     2.14174     1.18154     1.19079  0.00128326
          92     2.16739     1.14883     1.16893  0.00129553
          92     2.19304     1.13007     1.14499  0.00113187
          92     2.21869     1.11943     1.11714  0.00123837
          92     2.24434     1.08675     1.08949  0.00132499
          92     2.26999     1.04827     1.06085  0.00113735
          92     2.29564     1.02525     1.03187  0.00114572
          92     2.32129     1.00005     1.00542  0.00110051
          92     2.34694    0.974409    0.979967  0.00111396
          92     2.37259    0.951059    0.959552  0.00106575
          92     2.39824     0.93294    0.941728  0.00107467
          92     2.42389    0.906344    0.925789  0.00111335
          92     2.44954    0.901998     0.91233  0.00106355
          92     2.47519    0.891822    0.903416  0.00109164
          92     2.50084    0.883428    0.897185  0.00101828
          92     2.52649    0.884803    0.892739 0.000984162
          92     2.55214    0.881992     0.89235 0.000994668

          93   0.0128248           0           0           0
          93   0.0384745           0           0           0
          93   0.0641241           0           0           0
          93   0.0897737           0           0           0
          93    0.115423           0           0           0
          93    0.141073           0           0           0
          93    0.166723           0           0           0
          93    0.192372           0           0           0
          93    0.218022           0           0           0
          93    0.243672           0           0           0
          93    0.269321           0           0           0
          93    0.294971           0           0           0
          93     0.32062           0           0           0
          93     0.34627           0           0           0
          93     0.37192           0           0           0
          93    0.397569           0           0           0
          93    0.423219           0           0           0
          93    0.448869           0           0           0
          93    0.474518           0           0           0
          93    0.500168           0           0           0
          93    0.525818           0           0           0
          93    0.551467           0           0           0
          93    0.577117           0           0           0
          93    0.602767           0           0           0
          93    0.628416           0           0           0
          93    0.654066           0           0           0
          93    0.679715           0           0           0
          93    0.705365           0           0           0
          93    0.731015           0           0           0
          93    0.756664           0           0           0
          93    0.782314           0           0           0
          93    0.807964           0           0           0
          93    0.833613           0           0           0
          93    0.859263           0 1.79881e-05 6.03494e-06
          93    0.884913  0.00166903  0.00131641 5.29729e-05
          93    0.910562   0.0282181   0.0256624 0.000297505
          93    0.936212    0.176267    0.174999 0.000848545
          93    0.961861    0.614596    0.585165  0.00144309
          93    0.987511     1.24016     1.22935  0.00193143
          93     1.01316       1.855     1.88572  0.00280946
          93     1.03881     2.35041     2.35014  0.00322659
          93     1.06446     2.59006     2.55128  0.00282641
          93     1.09011     2.51853     2.53971  0.00275297
          93     1.11576     2.37976     2.39567  0.00296194
          93     1.14141     2.17362     2.18578  0.00250919
          93     1.16706     1.96261      1.9558  0.00280881
          93     1.19271     1.75723     1.74242  0.00268032
          93     1.21836     1.54192     1.54976  0.00243837
          93     1.24401     1.35805     1.38151   0.0024469
          93     1.26966     1.22946     1.23694  0.00228164
          93     1.29531     1.11893     1.11624  0.00205763
          93     1.32096    0.999789     1.01241  0.00204572
          93     1.34661     0.96468    0.934333  0.00179482
          93     1.37226    0.892199    0.866157  0.00185827
          93     1.39791    0.817452    0.811354  0.00162165
          93     1.42355    0.765857    0.768669  0.00145786
          93      1.4492    0.749615    0.737159  0.00148965
          93     1.47485    0.712187    0.711867  0.00147388
          93      1.5005    0.691454    0.693676  0.00126937
          93     1.52615    0.670924    0.684102  0.00143653
          93      1.5518    0.671218    0.676644  0.00144203
          93     1.57745    0.692985    0.677322  0.00152765
          93      1.6031    0.684054    0.678414  0.00132184
          93     1.62875    0.694342    0.689263  0.00119814
          93      1.6544     0.70225    0.705748  0.00130492
          93     1.68005    0.711483    0.728298  0.00132106
          93      1.7057     0.75479    0.756541  0.00129109
          93     1.73135     0.78344    0.788058  0.00135791
          93       1.757     0.80967    0.823213  0.00132698
          93     1.78265    0.869426    0.858326  0.00134539
          93      1.8083    0.896882    0.900523   0.0014758
          93     1.83395    0.934711    0.939585  0.00161151
          93      1.8596    0.997357    0.982703  0.00152287
          93     1.88525     1.02321     1.02141  0.00135896
          93      1.9109     1.05371     1.05826  0.00145174
          93     1.93655      1.0888     1.09718  0.00148563
          93      1.9622     1.11934     1.13102   0.0013701
          93     1.98785     1.16912     1.16343  0.00131909
          93      2.0135     1.18723     1.18645  0.00132275
          93     2.03915     1.19638     1.20284  0.00135382
          93      2.0648     1.22241     1.21441  0.00137868
          93     2.09045       1.213     1.21278  0.00126588
          93      2.1161     1.19112     1.20492  0.00118083
          93     2.14174     1.19216     1.19081  0.00126954
          93     2.16739     1.15452     1.16877  0.00129083
          93     2.19304     1.14647       1.145  0.00111981
          93     2.21869     1.12608     1.11723  0.00122878
          93     2.24434     1.10221     1.08963  0.00131779
          93     2.26999     1.06072     1.06085  0.00112512
          93     2.29564     1.03476      1.0319  0.00113382
          93     2.32129      1.0106     1.00548  0.00109009
          93     2.34694    0.984016    0.980011  0.00110283
          93     2.37259    0.959903    0.959556   0.0010543
          93     2.39824     0.94152    0.941725  0.00106311
          93     2.42389    0.930459     0.92584  0.00110251
          93     2.44954    0.925181    0.912468  0.00106105
          93     2.47519    0.917601    0.903569   0.0010905
          93     2.50084    0.907285    0.897294   0.0010131
          93     2.52649    0.900448    0.892822 0.000977064
          93     2.55214    0.899182    0.892423 0.000986682

          94   0.0128248           0           0           0
          94   0.0384745           0           0           0
          94   0.0641241           0           0           0
          94   0.0897737           0           0           0
          94    0.115423           0           0           0
          94    0.141073           0           0           0
          94    0.166723           0           0           0
          94    0.192372           0           0           0
          94    0.218022           0           0           0
          94    0.243672           0           0           0
          94    0.269321           0           0           0
          94    0.294971           0           0           0
          94     0.32062           0           0           0
          94     0.34627           0           0           0
          94     0.37192           0           0           0
          94    0.397569           0           0           0
          94    0.423219           0           0           0
          94    0.448869           0           0           0
          94    0.474518           0           0           0
          94    0.500168           0           0           0
          94    0.525818           0           0           0
          94    0.551467           0           0           0
          94    0.577117           0           0           0
          94    0.602767           0           0           0
          94    0.628416           0           0           0
          94    0.654066           0           0           0
          94    0.679715           0           0           0
          94    0.705365           0           0           0
          94    0.731015           0           0           0
          94    0.756664           0           0           0
          94    0.782314           0           0           0
          94    0.807964           0           0           0
          94    0.833613           0           0           0
          94    0.859263           0 1.77968e-05 5.97377e-06
          94    0.884913 0.000678619  0.00130963 5.28421e-05
          94    0.910562   0.0300716   0.0257093 0.000298014
          94    0.936212    0.188114    0.175139 0.000850911
          94    0.961861    0.585644    0.585171  0.00142774
          94    0.987511     1.18323     1.22886  0.00197222
          94     1.01316     1.83342     1.88516  0.00283413
          94     1.03881     2.33976     2.35003  0.00319416
          94     1.06446     2.58487     2.55164  0.00281884
          94     1.09011     2.54068     2.53972   0.0027237
          94     1.11576     2.38255     2.39553  0.00293371
          94     1.14141     2.17984     2.18571  0.00248329
          94     1.16706     1.96949     1.95594   0.0027827
          94     1.19271     1.78595     1.74288   0.0026915
          94     1.21836      1.5698     1.54997  0.00242174
          94     1.24401     1.38122      1.3815  0.00242087
          94     1.26966     1.23496     1.23692  0.00225746
          94     1.29531     1.12351     1.11632  0.00203719
          94     1.32096    0.996456     1.01224  0.00203099
          94     1.34661     0.91535    0.934131  0.00178705
          94     1.37226    0.854375    0.866032  0.00184272
          94     1.39791    0.808162     0.81132  0.00160476
          94     1.42355    0.778253    0.768771  0.00144591
          94      1.4492    0.727478    0.737056  0.00147736
          94     1.47485    0.699826    0.711738  0.00146375
          94      1.5005    0.684061    0.693574  0.00125998
          94     1.52615      0.6699    0.683951  0.00142917
          94      1.5518    0.674039    0.676617  0.00142695
          94     1.57745    0.666295    0.677205   0.0015159
          94      1.6031     0.68231    0.678455  0.00130843
          94     1.62875    0.692365    0.689296  0.00118585
          94      1.6544    0.716702    0.705864  0.00129623
          94     1.68005    0.733339    0.728351   0.0013081
          94      1.7057    0.772661    0.756712  0.00128869
          94     1.73135    0.813152    0.788325  0.00136945
          94       1.757    0.832589    0.823313  0.00131661
          94     1.78265    0.881453    0.858572  0.00135338
          94      1.8083    0.918998    0.900719  0.00147313
          94     1.83395     0.95193    0.939717  0.00159971
          94      1.8596    0.994122    0.982825  0.00151151
          94     1.88525     1.04485     1.02166   0.0013672
          94      1.9109     1.04765     1.05815  0.00144068
          94     1.93655     1.09404     1.09715   0.0014702
          94      1.9622      1.1272     1.13098  0.00135613
          94     1.98785     1.13492     1.16313  0.00133948
          94      2.0135     1.17292     1.18631  0.00131649
          94     2.03915     1.19821     1.20279  0.00134032
          94      2.0648     1.20155     1.21428  0.00137079
          94     2.09045     1.19575      1.2126  0.00126533
          94      2.1161     1.17924     1.20465  0.00119944
          94     2.14174     1.17662     1.19066  0.00126498
          94     2.16739     1.16746     1.16876  0.00127717
          94     2.19304     1.12519     1.14479  0.00112755
          94     2.21869     1.09651     1.11701  0.00123533
          94     2.24434     1.07414     1.08946  0.00131402
          94     2.26999     1.06019     1.06084  0.00111317
          94     2.29564     1.03544     1.03193  0.00112239
          94     2.32129     1.01954     1.00563  0.00108871
          94     2.34694    0.990621    0.980124  0.00109686
          94     2.37259    0.977156    0.959743  0.00105958
          94     2.39824    0.963384    0.941956  0.00107648
          94     2.42389     0.94191    0.926011  0.00110395
          94     2.44954    0.934584    0.912703  0.00107554
          94     2.47519    0.922351    0.903768  0.00109705
          94     2.50084    0.904582    0.897371  0.00100529
          94     2.52649    0.907057    0.892974 0.000978334
          94     2.55214     0.89865    0.892489 0.000978407

          95   0.0128248           0           0           0
          95   0.0384745           0           0           0
          95   0.0641241           0           0           0
          95   0.0897737           0           0           0
          95    0.115423           0           0           0
          95    0.141073           0           0           0
          95    0.166723           0           0           0
          95    0.192372           0           0           0
          95    0.218022           0           0           0
          95    0.243672           0           0           0
          95    0.269321           0           0           0
          95    0.294971           0           0           0
          95     0.32062           0           0           0
          95     0.34627           0           0           0
          95     0.37192           0           0           0
          95    0.397569           0           0           0
          95    0.423219           0           0           0
          95    0.448869           0           0           0
          95    0.474518           0           0           0
          95    0.500168           0           0           0
          95    0.525818           0           0           0
          95    0.551467           0           0           0
          95    0.577117           0           0           0
          95    0.602767           0           0           0
          95    0.628416           0           0           0
          95    0.654066           0           0           0
          95    0.679715           0           0           0
          95    0.705365           0           0           0
          95    0.731015           0           0           0
          95    0.756664           0           0           0
          95    0.782314           0           0           0
          95    0.807964           0           0           0
          95    0.833613           0           0           0
          95    0.859263           0 1.76094e-05 5.91383e-06
          95    0.884913 0.000605254  0.00130221 5.28035e-05
          95    0.910562   0.0239395   0.0256907 0.000295459
          95    0.936212    0.165632    0.175039 0.000847817
          95    0.961861    0.576019    0.585074  0.00141596
          95    0.987511     1.22981     1.22887  0.00195149
          95     1.01316     1.88758     1.88519  0.00280441
          95     1.03881     2.33254     2.34985  0.00316584
          95     1.06446     2.51612     2.55126  0.00281385
          95     1.09011     2.51275     2.53944  0.00270979
          95     1.11576     2.40715     2.39565  0.00290538
          95     1.14141     2.19233     2.18578  0.00245812
          95     1.16706     1.98576     1.95626  0.00277105
          95     1.19271     1.72866     1.74273  0.00266733
          95     1.21836     1.55733     1.55005  0.00239748
          95     1.24401     1.37625     1.38145  0.00239602
          95     1.26966     1.25129     1.23707  0.00223876
          95     1.29531      1.1378     1.11655  0.00202826
          95     1.32096     1.02626     1.01239  0.00201496
          95     1.34661    0.974145    0.934552   0.0018172
          95     1.37226    0.883908     0.86622  0.00183291
          95     1.39791    0.833667    0.811555  0.00160501
          95     1.42355    0.776531    0.768853  0.00143299
          95      1.4492    0.727451    0.736955  0.00146526
          95     1.47485    0.706212     0.71168   0.0014495
          95      1.5005    0.674932    0.693377   0.0012619
          95     1.52615    0.653812    0.683634  0.00144891
          95      1.5518    0.669918    0.676546  0.00141367
          95     1.57745    0.655472    0.676976  0.00151711
          95      1.6031     0.67229     0.67839  0.00129627
          95     1.62875    0.671391    0.689108  0.00118825
          95      1.6544    0.680662    0.705599  0.00130946
          95     1.68005    0.728673    0.728355  0.00129433
          95      1.7057      0.7505    0.756647  0.00127679
          95     1.73135    0.790023    0.788342  0.00135515
          95       1.757    0.830853    0.823393  0.00130514
          95     1.78265    0.852915    0.858513  0.00134045
          95      1.8083    0.904854    0.900763  0.00145827
          95     1.83395    0.935685    0.939674  0.00158343
          95      1.8596    0.980386    0.982799  0.00149582
          95     1.88525     1.02251     1.02167  0.00135284
          95      1.9109     1.07016     1.05827  0.00143106
          95     1.93655     1.11711     1.09736  0.00146966
          95      1.9622     1.12818     1.13095  0.00134217
          95     1.98785     1.16037      1.1631  0.00132569
          95      2.0135     1.18483     1.18629  0.00130273
          95     2.03915     1.20372      1.2028  0.00132624
          95      2.0648     1.21538     1.21429  0.00135641
          95     2.09045      1.2004     1.21248  0.00125851
          95      2.1161      1.2204     1.20481  0.00119822
          95     2.14174     1.21575     1.19092  0.00127893
          95     2.16739     1.17307      1.1688  0.00126453
          95     2.19304     1.13736     1.14471  0.00111839
          95     2.21869     1.11205     1.11696  0.00122343
          95     2.24434     1.08804     1.08945  0.00130028
          95     2.26999     1.05827     1.06081  0.00110178
          95     2.29564     1.03033     1.03192   0.0011107
          95     2.32129     1.00771     1.00565  0.00107747
          95     2.34694     0.99345    0.980264  0.00109425
          95     2.37259    0.963852    0.959786  0.00104931
          95     2.39824    0.947564    0.942015  0.00106677
          95     2.42389    0.932439    0.926078  0.00109441
          95     2.44954    0.907209    0.912645  0.00106577
          95     2.47519    0.893414    0.903659  0.00109091
          95     2.50084    0.893317    0.897328 0.000995609
          95     2.52649    0.890928    0.892952 0.000968273
          95     2.55214    0.881201     0.89237 0.000975297

          96   0.0128248           0           0           0
          96   0.0384745           0           0           0
          96   0.0641241           0           0           0
          96   0.0897737           0           0           0
          96    0.115423           0           0           0
          96    0.141073           0           0           0
          96    0.166723           0           0           0
          96    0.192372           0           0           0
          96    0.218022           0           0           0
          96    0.243672           0           0           0
          96    0.269321           0           0           0
          96    0.294971           0           0           0
          96     0.32062           0           0           0
          96     0.34627           0           0           0
          96     0.37192           0           0           0
          96    0.397569           0           0           0
          96    0.423219           0           0           0
          96    0.448869           0           0           0
          96    0.474518           0           0           0
          96    0.500168           0           0           0
          96    0.525818           0           0           0
          96    0.551467           0           0           0
          96    0.577117           0           0           0
          96    0.602767           0           0           0
          96    0.628416           0           0           0
          96    0.654066           0           0           0
          96    0.679715           0           0           0
          96    0.705365           0           0           0
          96    0.731015           0           0           0
          96    0.756664           0           0           0
          96    0.782314           0           0           0
          96    0.807964           0           0           0
          96    0.833613           0           0           0
          96    0.859263           0  1.7426e-05 5.85507e-06
          96    0.884913  0.00053189  0.00129419 5.28597e-05
          96    0.910562    0.026867    0.025703 0.000292635
          96    0.936212    0.169024    0.174976 0.000841298
          96    0.961861    0.589711    0.585122  0.00140204
          96    0.987511      1.2631     1.22922  0.00196346
          96     1.01316     1.87268     1.88506  0.00277822
          96     1.03881      2.3591     2.34995  0.00313433
          96     1.06446      2.5622     2.55138  0.00278685
          96     1.09011     2.50414     2.53907  0.00270638
          96     1.11576     2.36364     2.39531  0.00289418
          96     1.14141     2.18481     2.18577  0.00243254
          96     1.16706     1.96154     1.95631  0.00274273
          96     1.19271     1.73119     1.74261  0.00264225
          96     1.21836     1.56175     1.55017  0.00237561
          96     1.24401     1.37285     1.38136  0.00237273
          96     1.26966     1.22931     1.23699   0.0022169
          96     1.29531     1.08936     1.11626   0.0020268
          96     1.32096     1.01754     1.01244  0.00199469
          96     1.34661    0.939508    0.934604    0.001799
          96     1.37226    0.850737    0.866059   0.0018209
          96     1.39791    0.802032    0.811456  0.00159136
          96     1.42355    0.783172    0.769002  0.00142581
          96      1.4492    0.723368    0.736814  0.00145682
          96     1.47485     0.72991     0.71187  0.00144679
          96      1.5005    0.709941     0.69355   0.0012605
          96     1.52615    0.686939    0.683668  0.00143422
          96      1.5518    0.692254     0.67671  0.00140838
          96     1.57745    0.670284    0.676906   0.0015029
          96      1.6031    0.671043    0.678314  0.00128502
          96     1.62875    0.694591    0.689165  0.00117724
          96      1.6544    0.721856    0.705768  0.00130672
          96     1.68005    0.729792     0.72837  0.00128094
          96      1.7057    0.765063    0.756734  0.00126649
          96     1.73135    0.786808    0.788326  0.00134113
          96       1.757    0.815732    0.823313  0.00129398
          96     1.78265    0.854479    0.858471  0.00132714
          96      1.8083    0.902996    0.900786  0.00144326
          96     1.83395     0.93539     0.93963  0.00156756
          96      1.8596    0.965338    0.982617  0.00149125
          96     1.88525     1.01351     1.02158  0.00134141
          96      1.9109     1.05332     1.05822  0.00141708
          96     1.93655     1.09644     1.09735  0.00145438
          96      1.9622     1.11724     1.13081  0.00133577
          96     1.98785     1.15906     1.16306  0.00131255
          96      2.0135     1.17009     1.18613  0.00130004
          96     2.03915     1.19597     1.20273  0.00131433
          96      2.0648     1.23223     1.21448   0.0013551
          96     2.09045     1.22795     1.21264  0.00125568
          96      2.1161     1.21021     1.20487  0.00118706
          96     2.14174     1.20098     1.19103  0.00126989
          96     2.16739     1.18713     1.16899  0.00126569
          96     2.19304     1.16846     1.14496  0.00113377
          96     2.21869      1.1324     1.11712  0.00122122
          96     2.24434      1.0884     1.08943  0.00128678
          96     2.26999     1.06493     1.06086  0.00109114
          96     2.29564     1.02784     1.03188  0.00109994
          96     2.32129    0.998994     1.00558  0.00106848
          96     2.34694    0.972229     0.98018  0.00108605
          96     2.37259      0.9426    0.959607  0.00105354
          96     2.39824    0.927371    0.941862  0.00106651
          96     2.42389    0.913598    0.925948   0.0010907
          96     2.44954    0.905129    0.912567  0.00105754
          96     2.47519    0.896053     0.90358  0.00108242
          96     2.50084    0.895412    0.897308 0.000985438
          96     2.52649     0.89638    0.892988 0.000958845
          96     2.55214    0.902719    0.892478 0.000971076

          97   0.0128248           0           0           0
          97   0.0384745           0           0           0
          97   0.0641241           0           0           0
          97   0.0897737           0           0           0
          97    0.115423           0           0           0
          97    0.141073           0           0           0
          97    0.166723           0           0           0
          97    0.192372           0           0           0
          97    0.218022           0           0           0
          97    0.243672           0           0           0
          97    0.269321           0           0           0
          97    0.294971           0           0           0
          97     0.32062           0           0           0
          97     0.34627           0           0           0
          97     0.37192           0           0           0
          97    0.397569           0           0           0
          97    0.423219           0           0           0
          97    0.448869           0           0           0
          97    0.474518           0           0           0
          97    0.500168           0           0           0
          97    0.525818           0           0           0
          97    0.551467           0           0           0
          97    0.577117           0           0           0
          97    0.602767           0           0           0
          97    0.628416           0           0           0
          97    0.654066           0           0           0
          97    0.679715           0           0           0
          97    0.705365           0           0           0
          97    0.731015           0           0           0
          97    0.756664           0           0           0
          97    0.782314           0           0           0
          97    0.807964           0           0           0
          97    0.833613           0           0           0
          97    0.859263           0 1.72464e-05 5.79746e-06
          97    0.884913 0.000751983   0.0012886 5.26094e-05
          97    0.910562   0.0249269    0.025695 0.000289728
          97    0.936212     0.16324    0.174855  0.00084128
          97    0.961861    0.587476    0.585147  0.00138779
          97    0.987511      1.2338     1.22927  0.00194379
          97     1.01316     1.87089     1.88491  0.00275342
          97     1.03881     2.36168     2.35007  0.00310435
          97     1.06446     2.59371     2.55181  0.00279208
          97     1.09011     2.52496     2.53892  0.00268239
          97     1.11576     2.42774     2.39565  0.00288359
          97     1.14141       2.218     2.18611  0.00243004
          97     1.16706      1.9585     1.95633  0.00271455
          97     1.19271     1.72892     1.74247  0.00261878
          97     1.21836     1.51187     1.54978   0.0023837
          97     1.24401     1.35523     1.38109  0.00236351
          97     1.26966     1.21002     1.23671  0.00221142
          97     1.29531     1.11104     1.11621  0.00200662
          97     1.32096     1.03205     1.01264  0.00198434
          97     1.34661    0.943207    0.934692  0.00178264
          97     1.37226    0.863322    0.866031  0.00180234
          97     1.39791    0.818761    0.811531  0.00157673
          97     1.42355     0.77157    0.769028  0.00141136
          97      1.4492    0.740636    0.736853  0.00144233
          97     1.47485    0.708404    0.711834  0.00143231
          97      1.5005    0.679614    0.693406  0.00125566
          97     1.52615    0.674902    0.683578  0.00142228
          97      1.5518    0.673126    0.676673  0.00139435
          97     1.57745    0.677504    0.676912  0.00148742
          97      1.6031    0.685837    0.678391  0.00127411
          97     1.62875    0.702631    0.689304  0.00117326
          97      1.6544    0.705661    0.705767  0.00129325
          97     1.68005    0.750732      0.7286  0.00128831
          97      1.7057    0.762787    0.756797  0.00125497
          97     1.73135    0.781326    0.788254  0.00132925
          97       1.757    0.815951    0.823237  0.00128286
          97     1.78265    0.864264    0.858531   0.0013148
          97      1.8083    0.891628    0.900692  0.00143147
          97     1.83395    0.924309    0.939472  0.00155934
          97      1.8596    0.973446    0.982523  0.00147887
          97     1.88525     1.01428     1.02151   0.0013297
          97      1.9109      1.0414     1.05805  0.00141305
          97     1.93655     1.09814     1.09736  0.00143941
          97      1.9622     1.13331     1.13083  0.00132225
          97     1.98785     1.15393     1.16296  0.00130239
          97      2.0135     1.18156     1.18608  0.00128749
          97     2.03915     1.19239     1.20262   0.0013051
          97      2.0648      1.2199     1.21453  0.00134228
          97     2.09045      1.2317     1.21283  0.00125803
          97      2.1161     1.21249     1.20495  0.00117741
          97     2.14174     1.19777      1.1911  0.00125871
          97     2.16739     1.18447     1.16915  0.00126265
          97     2.19304     1.15479     1.14506   0.0011266
          97     2.21869     1.11933     1.11714  0.00120884
          97     2.24434     1.09957     1.08954  0.00127774
          97     2.26999      1.0682     1.06093  0.00108251
          97     2.29564     1.04088     1.03197  0.00109251
          97     2.32129     1.02186     1.00575  0.00107056
          97     2.34694    0.972933    0.980106  0.00107742
          97     2.37259    0.940054    0.959406  0.00106179
          97     2.39824    0.925797    0.941697   0.0010683
          97     2.42389    0.911559      0.9258   0.0010895
          97     2.44954    0.896068    0.912397  0.00106023
          97     2.47519    0.898771    0.903531  0.00107239
          97     2.50084    0.889126    0.897224 0.000978883
          97     2.52649    0.891223     0.89297 0.000949133
          97     2.55214    0.886972    0.892421 0.000962723

          98   0.0128248           0           0           0
          98   0.0384745           0           0           0
          98   0.0641241           0           0           0
          98   0.0897737           0           0           0
          98    0.115423           0           0           0
          98    0.141073           0           0           0
          98    0.166723           0           0           0
          98    0.192372           0           0           0
          98    0.218022           0           0           0
          98    0.243672           0           0           0
          98    0.269321           0           0           0
          98    0.294971           0           0           0
          98     0.32062           0           0           0
          98     0.34627           0           0           0
          98     0.37192           0           0           0
          98    0.397569           0           0           0
          98    0.423219           0           0           0
          98    0.448869           0           0           0
          98    0.474518           0           0           0
          98    0.500168           0           0           0
          98    0.525818           0           0           0
          98    0.551467           0           0           0
          98    0.577117           0           0           0
          98    0.602767           0           0           0
          98    0.628416           0           0           0
          98    0.654066           0           0           0
          98    0.679715           0           0           0
          98    0.705365           0           0           0
          98    0.731015           0           0           0
          98    0.756664           0           0           0
          98    0.782314           0           0           0
          98    0.807964           0           0           0
          98    0.833613           0           0           0
          98    0.859263           0 1.70704e-05 5.74097e-06
          98    0.884913 0.000311798  0.00127863 5.30084e-05
          98    0.910562   0.0240954   0.0256786 0.000287231
          98    0.936212    0.180478    0.174913  0.00083465
          98    0.961861    0.601478    0.585313   0.0013836
          98    0.987511     1.23609     1.22934   0.0019252
          98     1.01316     1.86125     1.88467  0.00273588
          98     1.03881     2.34139     2.34998  0.00307394
          98     1.06446      2.4622      2.5509  0.00290948
          98     1.09011     2.48959     2.53842  0.00270184
          98     1.11576     2.41348     2.39583   0.0028599
          98     1.14141     2.16478     2.18589  0.00241496
          98     1.16706     1.98294     1.95661  0.00270039
          98     1.19271     1.74048     1.74245  0.00259214
          98     1.21836     1.57376     1.55002  0.00237191
          98     1.24401     1.42152      1.3815  0.00237513
          98     1.26966     1.29416      1.2373   0.0022652
          98     1.29531      1.1489     1.11654  0.00201369
          98     1.32096     1.02612     1.01278  0.00196886
          98     1.34661    0.964854       0.935  0.00179082
          98     1.37226    0.888996    0.866265  0.00179912
          98     1.39791    0.839576    0.811817   0.0015864
          98     1.42355    0.787921    0.769221  0.00141006
          98      1.4492    0.738748    0.736873  0.00142775
          98     1.47485    0.713442    0.711851  0.00141779
          98      1.5005    0.655329    0.693018  0.00130158
          98     1.52615    0.654977    0.683286   0.0014374
          98      1.5518    0.644527    0.676345  0.00141818
          98     1.57745     0.65314     0.67667  0.00149189
          98      1.6031     0.67087    0.678315  0.00126342
          98     1.62875     0.67301    0.689137  0.00117301
          98      1.6544    0.694263     0.70565  0.00128537
          98     1.68005    0.738901    0.728705  0.00127944
          98      1.7057    0.750885    0.756737  0.00124362
          98     1.73135    0.778452    0.788154  0.00131944
          98       1.757    0.812531    0.823128  0.00127442
          98     1.78265    0.835839    0.858299  0.00132162
          98      1.8083    0.885224    0.900534  0.00142553
          98     1.83395    0.920978    0.939283  0.00155481
          98      1.8596    0.966057    0.982355   0.0014733
          98     1.88525     1.01815     1.02147  0.00131657
          98      1.9109     1.05569     1.05802  0.00139883
          98     1.93655     1.12182     1.09761  0.00144621
          98      1.9622     1.14806     1.13101  0.00132039
          98     1.98785     1.16205     1.16296  0.00128913
          98      2.0135     1.19223     1.18614  0.00127589
          98     2.03915     1.22272     1.20283  0.00130779
          98      2.0648     1.22312     1.21462  0.00133144
          98     2.09045     1.22751     1.21298  0.00125408
          98      2.1161     1.21085     1.20501  0.00116694
          98     2.14174     1.20213     1.19121  0.00125089
          98     2.16739      1.1919     1.16939  0.00127091
          98     2.19304     1.15675     1.14518  0.00112141
          98     2.21869     1.11838     1.11716  0.00119657
          98     2.24434     1.08403     1.08948  0.00126594
          98     2.26999     1.05282     1.06085  0.00107463
          98     2.29564     1.02596     1.03191  0.00108308
          98     2.32129      1.0187     1.00588  0.00106777
          98     2.34694    0.991411    0.980221  0.00107258
          98     2.37259    0.980675    0.959623   0.0010729
          98     2.39824    0.949294    0.941774   0.0010602
          98     2.42389    0.929166    0.925834  0.00107892
          98     2.44954    0.918397    0.912458  0.00105117
          98     2.47519    0.900768    0.903502  0.00106182
          98     2.50084    0.873969    0.896987 0.000997243
          98     2.52649    0.870514    0.892741 0.000966711
          98     2.55214    0.883961    0.892335 0.000956762

          99   0.0128248           0           0           0
          99   0.0384745           0           0           0
          99   0.0641241           0           0           0
          99   0.0897737           0           0           0
          99    0.115423           0           0           0
          99    0.141073           0           0           0
          99    0.166723           0           0           0
          99    0.192372           0           0           0
          99    0.218022           0           0           0
          99    0.243672           0           0           0
          99    0.269321           0           0           0
          99    0.294971           0           0           0
          99     0.32062           0           0           0
          99     0.34627           0           0           0
          99     0.37192           0           0           0
          99    0.397569           0           0           0
          99    0.423219           0           0           0
          99    0.448869           0           0           0
          99    0.474518           0           0           0
          99    0.500168           0           0           0
          99    0.525818           0           0           0
          99    0.551467           0           0           0
          99    0.577117           0           0           0
          99    0.602767           0           0           0
          99    0.628416           0           0           0
          99    0.654066           0           0           0
          99    0.679715           0           0           0
          99    0.705365           0           0           0
          99    0.731015           0           0           0
          99    0.756664           0           0           0
          99    0.782314           0           0           0
          99    0.807964           0           0           0
          99    0.833613           0           0           0
          99    0.859263           0 1.68979e-05 5.68557e-06
          99    0.884913 0.000825347  0.00127405 5.26703e-05
          99    0.910562    0.029015   0.0257123   0.0002863
          99    0.936212    0.177725    0.174941 0.000826703
          99    0.961861    0.589494    0.585356  0.00137027
          99    0.987511     1.26099     1.22966  0.00193212
          99     1.01316     1.86857     1.88451  0.00271308
          99     1.03881     2.33148     2.34979  0.00304856
          99     1.06446     2.52996     2.55069  0.00288777
          99     1.09011     2.50407     2.53807  0.00269673
          99     1.11576     2.40617     2.39594  0.00283292
          99     1.14141     2.22795     2.18631  0.00242766
          99     1.16706     1.99881     1.95703  0.00270655
          99     1.19271     1.78257     1.74286  0.00259744
          99     1.21836     1.55974     1.55012  0.00234998
          99     1.24401     1.37375     1.38142  0.00235243
          99     1.26966      1.2408     1.23734  0.00224259
          99     1.29531     1.11251      1.1165  0.00199376
          99     1.32096     1.01745     1.01283  0.00194953
          99     1.34661    0.934367    0.934994  0.00177275
          99     1.37226    0.877585    0.866379  0.00178458
          99     1.39791    0.817783    0.811878  0.00157152
          99     1.42355    0.754446    0.769072  0.00140369
          99      1.4492    0.723074    0.736733  0.00142011
          99     1.47485    0.697185    0.711703  0.00141119
          99      1.5005    0.679685    0.692883  0.00129538
          99     1.52615    0.679206    0.683245  0.00142347
          99      1.5518    0.680827     0.67639  0.00140458
          99     1.57745    0.675132    0.676654   0.0014769
          99      1.6031    0.679701    0.678329  0.00125074
          99     1.62875    0.687617    0.689122  0.00116126
          99      1.6544    0.704239    0.705635  0.00127246
          99     1.68005     0.71358    0.728553  0.00127561
          99      1.7057    0.738163    0.756549  0.00124513
          99     1.73135       0.757     0.78784  0.00134312
          99       1.757    0.818975    0.823086  0.00126223
          99     1.78265    0.861503    0.858331  0.00130866
          99      1.8083     0.89888    0.900517  0.00141123
          99     1.83395    0.949859     0.93939  0.00154277
          99      1.8596    0.974746    0.982278  0.00146042
          99     1.88525     1.02476     1.02151  0.00130369
          99      1.9109     1.06476     1.05809  0.00138636
          99     1.93655     1.09747     1.09761   0.0014316
          99      1.9622     1.14108     1.13111  0.00131097
          99     1.98785     1.19022     1.16323  0.00130519
          99      2.0135     1.21104     1.18639  0.00128755
          99     2.03915     1.22278     1.20303  0.00131002
          99      2.0648     1.21808     1.21465  0.00131845
          99     2.09045     1.20097     1.21286  0.00124727
          99      2.1161     1.20304     1.20499  0.00115532
          99     2.14174     1.19526     1.19125  0.00123892
          99     2.16739     1.17444     1.16944  0.00125909
          99     2.19304     1.14205     1.14515  0.00111053
          99     2.21869     1.10749     1.11706  0.00118846
          99     2.24434     1.07207     1.08931  0.00126531
          99     2.26999     1.05932     1.06083  0.00106388
          99     2.29564     1.04256     1.03201  0.00107747
          99     2.32129     1.00785      1.0059  0.00105717
          99     2.34694    0.983351    0.980253  0.00106221
          99     2.37259    0.975271    0.959781  0.00107365
          99     2.39824    0.953782    0.941895  0.00105641
          99     2.42389    0.916837    0.925743  0.00107184
          99     2.44954    0.906419    0.912397  0.00104232
          99     2.47519    0.890099    0.903367  0.00105969
          99     2.50084    0.890355     0.89692 0.000989417
          99     2.52649    0.896913    0.892783 0.000957865
          99     2.55214    0.884762    0.892259 0.000950151

         100   0.0128248           0           0           0
         100   0.0384745           0           0           0
         100   0.0641241           0           0           0
         100   0.0897737           0           0           0
         100    0.115423           0           0           0
         100    0.141073           0           0           0
         100    0.166723           0           0           0
         100    0.192372           0           0           0
         100    0.218022           0           0           0
         100    0.243672           0           0           0
         100    0.269321           0           0           0
         100    0.294971           0           0           0
         100     0.32062           0           0           0
         100     0.34627           0           0           0
         100     0.37192           0           0           0
         100    0.397569           0           0           0
         100    0.423219           0           0           0
         100    0.448869           0           0           0
         100    0.474518           0           0           0
         100    0.500168           0           0           0
         100    0.525818           0           0           0
         100    0.551467           0           0           0
         100    0.577117           0           0           0
         100    0.602767           0           0           0
         100    0.628416           0           0           0
         100    0.654066           0           0           0
         100    0.679715           0           0           0
         100    0.705365           0           0           0
         100    0.731015           0           0           0
         100    0.756664           0           0           0
         100    0.782314           0           0           0
         100    0.807964           0           0           0
         100    0.833613           0           0           0
         100    0.859263           0  1.6729e-05 5.63123e-06
         100    0.884913 0.000678619   0.0012681 5.24791e-05
         100    0.910562   0.0235931   0.0256911  0.00028422
         100    0.936212    0.177807     0.17497 0.000818932
         100    0.961861    0.609939    0.585601  0.00137844
         100    0.987511     1.24165     1.22978  0.00191651
         100     1.01316     1.92748     1.88494  0.00271976
         100     1.03881     2.38613     2.35016  0.00303966
         100     1.06446     2.58662     2.55105  0.00288117
         100     1.09011     2.57467     2.53844  0.00269448
         100     1.11576     2.36343     2.39561  0.00282317
         100     1.14141     2.17089     2.18616  0.00240828
         100     1.16706     1.98052     1.95727  0.00268966
         100     1.19271     1.69835     1.74241  0.00260932
         100     1.21836     1.52491     1.54987  0.00233995
         100     1.24401     1.35518     1.38116   0.0023435
         100     1.26966     1.18808     1.23684   0.0022736
         100     1.29531     1.11756     1.11651  0.00197385
         100     1.32096      1.0076     1.01277  0.00193074
         100     1.34661    0.917211    0.934816  0.00176391
         100     1.37226    0.888607    0.866601  0.00178052
         100     1.39791    0.830109     0.81206  0.00156634
         100     1.42355    0.771662    0.769098  0.00138989
         100      1.4492    0.713862    0.736504  0.00142421
         100     1.47485    0.694755    0.711533  0.00140721
         100      1.5005    0.677764    0.692732  0.00129122
         100     1.52615    0.680618    0.683218  0.00140948
         100      1.5518    0.676836    0.676395  0.00139054
         100     1.57745    0.663715    0.676525  0.00146779
         100      1.6031     0.67998    0.678345  0.00123834
         100     1.62875    0.690828    0.689139  0.00114978
         100      1.6544    0.722003    0.705799  0.00127022
         100     1.68005    0.711453    0.728382  0.00127426
         100      1.7057    0.759085    0.756574  0.00123293
         100     1.73135    0.788873     0.78785  0.00132972
         100       1.757    0.828439    0.823139  0.00125075
         100     1.78265    0.856074    0.858309  0.00129577
         100      1.8083    0.912558    0.900637  0.00140225
         100     1.83395    0.940135    0.939397  0.00152736
         100      1.8596    0.977923    0.982234  0.00144646
         100     1.88525      1.0254     1.02155  0.00129123
         100      1.9109     1.05729     1.05808  0.00137252
         100     1.93655      1.0979     1.09761  0.00141729
         100      1.9622     1.15449     1.13134  0.00131855
         100     1.98785     1.17969      1.1634  0.00130247
         100      2.0135     1.20252     1.18655  0.00128473
         100     2.03915     1.21732     1.20317  0.00130468
         100      2.0648     1.22449     1.21475  0.00130893
         100     2.09045     1.19804     1.21271  0.00124357
         100      2.1161     1.18627      1.2048  0.00115883
         100     2.14174      1.1889     1.19123  0.00122676
         100     2.16739     1.17621     1.16951  0.00124832
         100     2.19304      1.1356     1.14505  0.00110352
         100     2.21869     1.12436     1.11713  0.00117881
         100     2.24434     1.09147     1.08933  0.00125284
         100     2.26999     1.07405     1.06097  0.00106142
         100     2.29564     1.04375     1.03213  0.00107307
         100     2.32129     1.00294     1.00587  0.00104701
         100     2.34694    0.956964     0.98002  0.00107682
         100     2.37259    0.944986    0.959633  0.00107305
         100     2.39824    0.938603    0.941862  0.00104636
         100     2.42389    0.925259    0.925739  0.00106114
         100     2.44954    0.922905    0.912502  0.00103718
         100     2.47519    0.907234    0.903406   0.0010498
         100     2.50084    0.902249    0.896973 0.000980957
         100     2.52649    0.895813    0.892813 0.000948765
         100     2.55214    0.875791    0.892094 0.000954813

