# T
1.99999999524
1.99992801505
1.99971232135
1.99935309844
1.99884999027
1.99820210441
1.99740801507
1.9964657651
1.99537286702
1.99412630323
1.99272252537
1.99115745304
1.9894264719
1.98752600948
1.98545034616
1.98319230505
1.98074702172
1.97810822917
1.975267213
1.97221480131
1.96894236198
1.96543976943
1.9616977178
1.95770680807
1.95345482407
1.94893038491
1.94412195449
1.93901594532
1.93359985044
1.92786279146
1.92179072272
1.91536777327
1.90857935322
1.9014103075
1.89384496387
1.88586815196
1.87746667332
1.86862786292
1.85933718443
1.84958165972
1.8393485537
1.82862538644
1.81740335937
1.80567373298
1.79342793789
1.78066221783
1.76737349864
1.75356231012
1.7392328208
1.72439071275
1.70904538235
1.69320927863
1.67689889718
1.66013470963
1.64294042229
1.62534341167
1.60737561717
1.58907126906
1.57046687845
1.55160213353
1.53251773588
1.51325625483
1.49386237869
1.47438148945
1.45485950382
1.43534111074
1.4158705183
1.39649036134
1.37724294532
1.35816996426
1.33931243002
1.32070923124
1.30239685321
1.28441222139
1.26679107043
1.24956842807
1.23277845995
1.21645510686
1.20063097968
1.18533865853
1.17061041963
1.15647651977
1.14296739914
1.13011232621
1.11793976493
1.10647656499
1.09574733088
1.08577382838
1.07657433488
1.0681644194
1.06055755751
1.05376180317
1.04777877042
1.04260457035
1.03822893356
1.03463642777
1.0318052089
1.02970705169
1.02830761058
1.02756703124
1.0274405987
1.02787869799
1.02882853507
1.03023598738
1.03204477587
1.03419730331
1.0366372169
1.03930952688
1.04216031754
1.04513857852
1.04819793187
1.05129632031
1.05439569837
1.05746142485
1.06046473855
1.06338141558
1.0661908721
1.06887938386
1.07143646366
1.07385271494
1.07612492672
1.07825252262
1.0802359368
1.08207972611
1.08379179214
1.08538051747
1.08685406814
1.08822231109
1.08949594433
1.09068617436
1.09180404794
1.09285955682
1.09386426633
1.09482708398
1.09575469832
1.09665534802
1.09753414282
1.098394507
1.09923905821
1.10006919392
1.10088629207
1.10168932429
1.10247595523
1.10324497572
1.10399507493
1.1047234938
1.10542655643
1.1061015794
1.10674629249
1.10735908333
1.1079392217
1.10848640462
1.10900193277
1.10948914107
1.10995232455
1.11039687966
1.11083055782
1.11126134833
1.11169622227
1.11214409636
1.11261370324
1.11311360019
1.11365274197
1.11423683447
1.11486955908
1.11555383559
1.11629040667
1.11707654696
1.11790731515
1.11877527918
1.1196700522
1.12057938538
1.12148815182
1.12238028834
1.12323969141
1.12404828608
1.12478826084
1.12544272396
1.12599524486
1.1264315401
1.12673938909
1.12690916797
1.12693390394
1.1268081803
1.12652960602
1.12609920054
1.1255199086
1.12479795636
1.12394224021
1.1229626603
1.12187087359
1.12068007679
1.11940414268
1.11805931261
1.11666328943
1.11523142839
1.11377758494
1.11231739938
1.11086621397
1.10943809073
1.10804632475
1.10670281585
1.10541893241
1.10420687426
1.10307654863
1.10203585184
1.10109260939
1.10025392888
1.09952728562
1.09891994484
1.09843781586
1.09808648977
1.09787319603
1.09780477124
1.09788866213
1.09813359429
1.0985474674
1.09913738626
1.09991093538
1.10087700548
1.10204390428
1.10341652434
1.10499873647
1.10679376726
1.10880359295
1.1110280524
1.11346181283
1.11609669878
1.11892297299
1.12192788768
1.12509557197
1.12840848365
1.13184594656
1.13538390537
1.13899650149
1.14265692632
1.14633801872
1.15001387634
1.15365864386
1.15724728207
1.1607569272
1.16416682268
1.16745761185
1.1706112601
1.17361246978
1.17644871115
1.1791114386
1.18159437503
1.18389307242
1.18600531619
1.18793155903
1.18967400049
1.19123576496
1.19262257922
1.19384083252
1.19489665235
1.19579879428
1.19655618221
1.1971773959
1.1976713356
1.19804686094
1.19831409249
1.19848146137
1.19855638562
1.19854759219
1.19846376939
1.19831186929
1.19809789213
1.19782804337
1.19750865667
1.19714493921
1.19674063909
1.19629877638
1.19582290933
1.19531684906
1.19478265338
1.19422078383
1.19363150024
1.19301489367
1.19236955767
1.19169472464
1.19098914741
1.19025072519
1.18947759371
1.18866632536
1.18781303406
1.18691524468
1.18596925738
1.18496976944
1.18391340375
1.18279656972
1.18161496534
1.18036629904
1.17904709805
1.17765314253
1.1761829473
1.17463512317
1.17300796674
1.17130138372
1.16951627805
1.16765383322
1.16571718843
1.16370957332
1.16163538488
1.15949970388
1.15730806801
1.15506649224
1.15278069581
1.1504570283
1.14810229517
1.14572361651
1.14332685172
1.14091759006
1.13850008373
1.13607747888
1.13365333056
1.1312296769
1.12880683208
1.12638492452
1.12396397527
1.12154284444
1.11911844579
1.11668903886
1.11425229172
1.11180552777
1.10934820444
1.10687935225
1.10439693614
1.10190107034
1.09939363797
1.09687707846
1.09435532427
1.09183351009
1.08931822807
1.08681869056
1.08434598078
1.08191245989
1.07952996634
1.07721124178
1.07497077143
1.07282214875
1.07078019279
1.06885891774
1.06707202957
1.06543411323
1.0639573077
1.06265284133
1.06153094856
1.06059981712
1.0598659778
1.05933360127
1.05900620623
1.05888633311
1.05897469274
1.05927077758
1.0597723071
1.06047495139
1.06137308897
1.06245983111
1.06372656402
1.06516419074
1.0667622236
1.06850980755
1.07039656658
1.07240864973
1.07453145136
1.0767510745
1.07905405564
1.08142761365
1.08385763613
1.08632947747
1.08882990476
1.09134601605
1.09386555986
1.09637799833
1.09887170901
1.10133607257
1.10376196134
1.10614070279
1.10846489959
1.11072722067
1.11292025537
1.11503796684
1.11707533977
1.11902690775
1.12088797012
1.12265375584
1.12431928002
1.12587920831
1.12732824002
1.1286611906
1.1298715032
1.13095226481
1.1318974305
1.13270051881
1.13335422455
1.13385220986
1.13418675582
1.13435147938
1.13434179557
1.13415270585
1.13378019623
1.13322335278
1.13248320776
1.13156164562
1.13046540307
1.12920339706
1.1277859964
1.12622793991
1.12454756114
1.12276519095
1.12090412704
1.11899073168
1.11705308887
1.11511979574
1.11321885231
1.11137751532
1.10962125092
1.10797324728
1.10645476718
1.10508187503
1.10386529027
1.10281143276
1.10192085523
1.10118871464
1.10060447205
1.10015398673
1.09981969527
1.09958083288
1.09941356884
1.09929337481
1.09919552243
1.09909499365
1.09896980213
1.09879945688
1.09856662224
1.09825634039
1.09785682904
1.09735945187
1.09675855357
1.09605378289
1.09524591985
1.09433847846
1.09333709631
1.09224912671
1.09108476092
1.08985510506
1.08857222901
1.08724767045
1.0858932805
1.08452144212
1.08314357728
1.08176944707
1.0804079744
1.07906705551
1.07775347892
1.07647298556
1.07523010902
1.07402816566
1.07286989309
1.07175858565
1.0706962424
1.06968463919
1.06872637878
1.06782419373
1.06698085117
1.06619963357
1.06548604711
1.0648460416
1.06428540729
1.06381004728
1.06342613933
1.06314027962
1.06295776595
1.06288243263
1.06291614603
1.06305904094
1.06330977957
1.06366480738
1.06411704765
1.06465683554
1.06527319435
1.0659518679
1.06667664061
1.06742981767
1.06819319311
1.06894794332
1.06967414593
1.07035431189
1.07097055853
1.07150547184
1.07194410959
1.0722724472
1.07247669993
1.07254420329
1.07246611318
1.07223590126
1.07184652102
1.07129329438
1.07057321113
1.06968208874
1.06861816175
1.0673833497
1.06598027774
1.06441321931
1.06268765499
1.06080932369
1.0587865788
1.05662925172
1.05434912451
1.05195917095
1.04947389328
1.04690933802
1.04428243839
1.04161046766
1.03891098529
1.03620295496
1.03350303868
1.03082536338
1.0281833622
1.02558941545
1.0230545714
1.02058811747
1.01819619259
1.01588215039
1.01364703928
1.01148974589
1.00940830351
1.0073999901
1.00546232357
1.00359219467
1.001786877
1.00004462329
0.998365278586
0.996749331442
0.995198964508
0.993719130559
0.992315063961
0.990994083214
0.989766093391
0.98864209791
0.987633000156
0.986749735702
0.986003937654
0.985407797535
0.984974321722
0.984714548958
0.98463636554
0.984748389545
0.985058174192
0.985570803979
0.986289909403
0.987216639398
0.988351558759
0.989693229146
0.991237782312
0.992980805953
0.99491631965
0.997038139144
0.999338207319
1.00180607706
1.00443153871
1.00720447828
1.01011364988
1.0131473352
1.01629454887
1.01954318087
1.02288189325
1.02629936489
1.02978394658
1.03332646866
1.03691698642
1.04054632113
1.04420611934
1.04788833405
1.05158633977
1.05529512923
1.05901154613
1.06273158171
1.0664517383
1.07017098164
1.07388954253
1.07760679109
1.08132350118
1.08504110361
1.08876031273
1.09248206962
1.09620598655
1.09993159185
1.10365724394
1.10738033149
1.11109766301
1.11480329656
1.1184907803
1.12215264706
1.12577822628
1.12935620281
1.132875699
1.13632371561
1.13968634373
1.14295105673
1.14610719559
1.14914369497
1.15204839579
1.15481068536
1.15742093493
1.15987196644
1.16215878643
1.16427693864
1.16622333927
1.1679980833
1.16960367564
1.17104389823
1.17232447326
1.17345128873
1.1744320253
1.17527678117
1.17599622931
1.17660216309
1.17710723416
1.17752320916
1.17786087857
1.1781322421
1.17834898137
1.17851967891
1.17865282875
1.17875640824
1.17883679836
1.17890004623
1.17894888931
1.17898501993
1.17901006835
1.1790240991
1.17902457048
1.17900837502
1.17897394504
1.17891726208
1.17883409082
1.17872139449
1.1785761802
1.17839576975
1.17817760364
1.17792147376
1.17762837009
1.17730019696
1.17693852423
1.17654606944
1.17612854581
1.17569111435
1.17524065047
1.17478611965
1.17433403417
1.17389033831
1.17346271075
1.17305839073
1.17268322571
1.17234147227
1.17203511114
1.17176557676
1.17153365067
1.17133816623
1.17117560977
1.17104180435
1.1709312479
1.1708360018
1.17074883212
1.17066179821
1.17056699626
1.17045825377
1.17032905639
1.17017319185
1.16998600834
1.16976467028
1.16950699966
1.16921262274
1.16888319709
1.16852094694
1.16813004663
1.16771535987
1.16728415334
1.16684429816
1.16640313902
1.16597069736
1.16555737976
1.16517323638
1.16482962237
1.16453641167
1.16430298947
1.1641391172
1.16405349392
1.16405434394
1.16415028706
1.16434754426
1.16464910871
1.1650587243
1.1655793208
1.16621317753
1.16695957271
1.16781461029
1.16877532725
1.16983600238
1.17098935441
1.17222684495
1.17353705704
1.17490906381
1.17633092411
1.17778932519
1.17927017854
1.18075761237
1.18223578137
1.1836908331
1.18510744567
1.18646887755
1.18776023325
1.18896723558
1.1900745031
1.19106751122
1.1919348779
1.1926662718
1.19325173601
1.19368426239
1.19395783928
1.1940667309
1.19400817455
1.19378125403
1.19338656431
1.19282709096
1.19210648277
1.19122947896
1.19020322358
1.18903602659
1.18773836028
1.1863216522
1.18479701498
1.18317716594
1.18147674265
1.17971005564
1.1778923991
1.17604010005
1.17416979014
1.17229806543
1.17044064686
1.16861450261
1.16683648175
1.16512259311
1.16348789736
1.16194617663
1.16051011752
1.15919276118
1.15800479431
1.15695500385
1.1560504854
1.15529617199
1.154697393
1.15425577724
1.15396930883
1.15383603372
1.15385151316
1.15400708849
1.15429219168
1.15469562175
1.15520491695
1.15580635134
1.1564849897
1.15722528386
1.15801288923
1.15883223191
1.15966736492
1.16050388878
1.16132812225
1.16212770493
1.16289229652
1.16361166381
1.16427683347
1.16488286462
1.16542466175
1.16589703118
1.16629634117
1.16662078072
1.16687058517
1.16704581566
1.16714762852
1.16717818049
1.16714021647
1.16703803283
1.16687650535
1.16666130911
1.1663984938
1.16609513268
1.16575902442
1.16539796277
1.16502101395
1.16463740986
1.16425625306
1.16388788236
1.16354351529
1.16323448653
1.16297110136
1.16276309714
1.1626207781
1.16255174359
1.16256159062
1.16265632876
1.16284155441
1.16312085155
1.16349566244
1.16396615927
1.16453030422
1.16518449223
1.1659244905
1.16674402128
1.16763393451
1.16858469526
1.16958621353
1.17062794793
1.17169932946
1.17278805306
1.17388248827
1.17497297523
1.17604845762
1.17709916654
1.17811633563
1.17909188771
1.18002042308
1.18089580249
1.18171365773
1.18247088002
1.18316496953
1.18379702745
1.18436796636
1.18487765124
1.18532815457
1.18572343283
1.18606924447
1.18637089548
1.18663264895
1.18686017136
1.18706059101
1.18724001374
1.18740352106
1.18755764132
1.18770955655
1.18786557605
1.18803202363
1.18821426661
1.18841832112
1.18864998357
1.18891525485
1.18921939764
1.18956574964
1.18995928248
1.19040291957
1.19089836168
1.19144818277
1.19205550048
1.1927223367
1.19344795162
1.19423112418
1.19507014501
1.19596252925
1.19690520367
1.19789386859
1.19892297477
1.19998570109
1.20107685173
1.2021889002
1.20331178323
1.20443616234
1.20555182301
1.20664894708
1.20771742246
1.2087464722
1.20972526278
1.21064323754
1.21149006436
1.21225458883
1.21292666721
1.21349829692
1.21396038216
1.21430380751
1.21452239314
1.21460962707
1.21456050473
1.21437240461
1.21404124844
1.21356353719
1.21293884254
1.2121674074
1.21124834062
1.21018235842
1.20897253285
1.20762038209
1.20612647252
1.2044931093
1.20272282482
1.2008181971
1.19878175169
1.19661469601
1.19431839751
1.19189409199
1.18934138695
1.18665868974
1.18384453974
1.18089763096
1.17781550643
1.17459510694
1.17123191791
1.16772028152
1.16405498971
1.16023024565
1.15623959094
1.15207716729
1.14773680218
1.14321280916
1.13849981143
1.13359288186
1.12848917827
1.12318726705
1.11768689076
1.11198951892
1.10609692812
1.10001278593
1.09374568921
1.08730431355
1.0806990039
1.07394522378
1.06705997872
1.06006483903
1.05298369772
1.04584188461
1.0386698882
1.03150325755
1.02437755036
1.01733040157
1.01040382949
1.00363896204
0.99707745099
0.990761276855
0.984731338769
0.979026243082
0.97368154891
0.968728997308
0.964196087645
0.960103667571
0.956466970442
0.953296501771
0.950596469953
0.948366221306
0.946601324172
0.94529390556
0.944433201368
0.944007550254
0.944005308035
0.944415741211
0.945228535181
0.946434626131
0.948028035728
0.950003426681
0.952356837263
0.955086726906
0.958192238195
0.961672029719
0.965524538409
0.969747436665
0.97433627263
0.979285140305
0.984586494376
0.990229785863
0.996202897279
1.0024893317
1.00906798429
1.01591616713
1.02300873003
1.03031751006
1.03780984719
1.04545134442
1.05320596465
1.06103624727
1.06890316744
1.07676675282
1.08458777678
1.09232765086
1.09994812421
1.10741143623
1.11468160247
1.12172468631
1.12850946172
1.13500814521
1.14119522249
1.14704761655
1.15254598281
1.15767319743
1.1624160242
1.16676369347
1.1707086706
1.1742468704
1.17737682392
1.18009901331
1.18241647059
1.18433609789
1.18586639559
1.18701810856
1.18780349427
1.18823629907
1.18833263929
1.18810959546
1.18758266262
1.18676797903
1.18568473942
1.1843502016
1.18278017274
1.18099132792
1.17899899512
1.17681746136
1.17445967892
1.17193736837
1.16926084492
1.16643969416
1.16348236596
1.16039643232
1.1571890792
1.15386727712
1.1504373203
1.14690512595
1.14327762539
1.13956230801
1.13576948638
1.13191036613
1.12799546055
1.12403825359
1.1200548985
1.11606155867
1.11207660117
1.10812001123
1.10421238103
1.10037648293
1.09663650386
1.09301834447
1.08954815108
1.08625249853
1.08315846059
1.08029201503
1.07767729258
1.07533743183
1.07329488314
1.07156998502
1.07018220776
1.0691470511
1.06847675073
1.06818153866
1.06826778423
1.06873853909
1.06959205565
1.07082350707
1.07242544925
1.07438739274
1.07669555227
1.07933155508
1.08227635845
1.08550851126
1.08900174701
1.09272966868
1.09666510411
1.10077931911
1.1050431892
1.10942747016
1.11390270323
1.11843960923
1.12300968384
1.12758411633
1.13213498715
1.13663652462
1.14106279473
1.14538841504
1.14959102818
1.15364927071
1.15754285249
1.16125323117
1.16476301393
1.16805711666
1.17112209125
1.17394632809
1.17651953515
1.17883340701
1.18088209735
1.18266101513
1.18416751287
1.18540154066
1.18636468736
1.18705947629
1.18749066038
1.1876643963
1.1875886777
1.18727308315
1.18672817401
1.18596479816
1.18499450104
1.18383156512
1.18249189686
1.18099049053
1.17934369632
1.1775679092
1.17567884156
1.1736950068
1.1716344522
1.16951315139
1.16734727719
1.16515334453
1.16294704663
1.16074367649
1.15855813777
1.15640420764
1.15429444233
1.15223910429
1.15024778878
1.1483293278
1.14649033641
1.1447356654
1.14306749224
1.14148802645
1.13999796839
1.13859611851
1.13727936564
1.13604194569
1.13487759929
1.13377942147
1.13274043441
1.13175180309
1.13080314027
1.1298852808
1.12898925339
1.12810516832
1.12722386068
1.12633657642
1.12543497593
1.12451260925
1.12356213006
1.12257692971
1.12155273824
1.12048695924
1.11937872208
1.11822926643
1.11703923851
1.11580974911
1.11454388112
1.11324568543
1.11192177183
1.11057966772
1.10922685172
1.1078723933
1.10652538784
1.10519443684
1.10388940234
1.10262042263
1.10139704746
1.10022882643
1.09912450946
1.09809208719
1.09713891265
1.09627046121
1.0954914382
1.09480476918
1.09421192415
1.09371287673
1.09330597851
1.09298883351
1.09275810437
1.09260919907
1.09253580728
1.09253127979
1.092589046
1.09270075521
1.0928577441
1.09305260148
1.09327838872
1.09352883062
1.09379623111
1.09407208815
1.09434992882
1.09462573228
1.09489593207
1.09515651259
1.09540473106
1.09563923635
1.09586004091
1.0960678014
1.09626378365
1.09645125115
1.09663444401
1.09681891992
1.09701199008
1.09722161453
1.09745661246
1.09772526557
1.09803592917
1.09839747373
1.09881893867
1.09930893074
1.09987462515
1.10052351647
1.10126160474
1.10209260045
1.1030189197
1.10403967094
1.10515235323
1.10635384922
1.10763907884
1.10900194291
1.11043383011
1.11192509578
1.11346596488
1.11504547123
1.11665226341
1.11827552042
1.11990588364
1.12153537333
1.12315571583
1.12475894299
1.12634003436
1.12789539029
1.1294219641
1.13091848175
1.13238366126
1.13381517383
1.13521275554
1.13657742201
1.13791008883
1.13921221487
1.14048425598
1.14172614266
1.1429365434
1.14411360748
1.14525629734
1.14636365327
1.14743291945
1.148459809
1.14944077581
1.15037204242
1.1512493022
1.15206722947
1.15282041802
1.15350325484
1.15410950797
1.15463427285
1.15507412053
1.15542519884
1.15568243246
1.15584191888
1.15590072802
1.15585691836
1.15570971823
1.1554574136
1.15509952965
1.15463791434
1.15407513222
1.15341375451
1.15265707871
1.15180935524
1.15087644488
1.14986379066
1.14877739983
1.14762445728
1.14641345984
1.14515382049
1.14385350929
1.14252050486
1.14116352467
1.13979201103
1.13841449647
1.13703972865
1.13567609057
1.13433191964
1.13301553279
1.13173396268
1.13049437286
1.12930392692
1.1281686348
1.12709294389
1.12608253176
1.12514177936
1.12427410481
1.12348357006
1.12277148383
1.12213826145
1.12158577252
1.12111540399
1.12072620352
1.12041631382
1.1201830465
1.12002407337
1.11993827469
1.11992247109
1.11997363252
1.12008898511
1.12026313113
1.12048991531
1.12076517371
1.12108419129
1.12144119884
1.12183067551
1.12224704797
1.12268474441
1.12313862824
1.1236033064
1.12407175617
1.12453781114
1.1249955901
1.12543951794
1.125863094
1.1262607799
1.12662678901
1.12695538816
1.12724283117
1.12748551986
1.12767926704
1.12781987683
1.12790527398
1.12793436645
1.12790645443
1.12782163778
1.12767941991
1.12748015893
1.12722709975
1.12692370601
1.12657393523
1.12618299882
1.12575709643
1.12530393552
1.12483145922
1.12434766054
1.12386222409
1.12338569327
1.12292904445
1.122504144
1.12212295949
1.12179751588
1.12153973367
1.12136153484
1.12127573748
1.12129522416
1.12143211555
1.12169826179
1.12210391364
1.12265842614
1.12337066263
1.12424975283
1.12530272245
1.12653448623
1.12794941866
1.12954956687
1.13133519364
1.13330510745
1.13545626372
1.13778344454
1.14027935714
1.14293508843
1.14574099615
1.14868473623
1.15175229459
1.15492844942
1.15819719364
1.16154068732
1.16493869268
1.16837203961
1.17182065365
1.17526540892
1.17868654072
1.18206184101
1.18536981674
1.18859008222
1.19170218148
1.19468671574
1.19752577933
1.20020099354
1.20269467051
1.20498886867
1.2070677367
1.20891653801
1.21052163255
1.2118703224
1.21294952802
1.2137487004
1.21425872309
1.21447193997
1.21438219504
1.21398516494
1.21327754158
1.2122583445
1.21092804485
1.20928816192
1.20734266889
1.20509625105
1.2025562049
1.19973201994
1.19663370686
1.19327420134
1.18966851034
1.18583213046
1.18178250212
1.17753844212
1.17312088426
1.16855296545
1.16385866091
1.15906380361
1.15419463229
1.14927765458
1.14434047514
1.139411
1.13451729845
1.12968600946
1.12494424261
1.12031771675
1.11582920813
1.1115008374
1.10735257337
1.10340194956
1.09966390742
1.09615065998
1.09287204229
1.08983369482
1.08703811086
1.08448711744
1.08217983308
1.08011318634
1.0782827946
1.07668079678
1.0752978574
1.07412518062
1.07315358521
1.07237367817
1.07177489823
1.07134682806
1.07108038651
1.07096691393
1.07099807044
1.07116546153
1.07146147853
1.07187847306
1.0724092524
1.0730466286
1.07378376686
1.07461481843
1.07553428263
1.07653587817
1.07761150686
1.07875544794
1.07996160408
1.08122151335
1.08252688444
1.08386890849
1.08523874132
1.0866280119
1.08802810901
1.08942884475
1.09081983614
1.0921910303
1.09353196402
1.0948327743
1.09608358313
1.09727593443
1.09840224196
1.09945504079
1.10042899604
1.10131824711
1.10211843941
1.10282827136
1.103446658
1.10397576583
1.10441997568
1.10478184088
1.10506569113
1.1052798124
1.10543341429
1.10553631558
1.10560000186
1.10563791369
1.10566379442
1.10569134825
1.10573483541
1.10580716126
1.10592065102
1.10608712955
1.1063178834
1.10662335119
1.10700940507
1.10748006836
1.10803797286
1.10868269101
1.10941115022
1.11021793331
1.11109523339
1.11203195447
1.1130163183
1.11403448693
1.11506905456
1.11610177377
1.11711330243
1.11808372786
1.11899311693
1.11982037175
1.12054541206
1.12114861386
1.12161012729
1.12191314885
1.12204229783
1.12198323412
1.12172431513
1.12125623982
1.1205717923
1.11966644876
1.11853885042
1.11718946004
1.11562213658
1.1138445145
1.11186475097
1.10969329015
1.10734351549
1.10483020122
1.10217112491
1.09938572928
1.09649325078
1.09351461701
1.09047202505
1.08738714641
1.08428337951
1.08118385317
1.07811138693
1.07508725151
1.07213115781
1.06926345779
1.06650414809
1.06387115628
1.06138072959
1.05904852736
1.05688779038
1.05490973116
1.05312379783
1.05153710868
1.05015498264
1.04898200676
1.04802065673
1.04727221107
1.04673639963
1.04640950354
1.04628558434
1.04635798389
1.04661980305
1.04706369184
1.04768078472
1.04846183178
1.04939745569
1.05047678712
1.05168892401
1.05302286547
1.05446771493
1.05601337996
1.05764952489
1.05936450097
1.06114657652
1.06298460615
1.06486832371
1.06678768084
1.0687314464
1.07068879334
1.07264874526
1.07460074414
1.07653538252
1.07844436771
1.08031907115
1.08215062501
1.08393204963
1.08565750187
1.08732096875
1.08891754197
1.09044268913
1.09189239652
1.09326490783
1.0945588962
1.09577401123
1.096911411
1.09797082297
1.09895250225
1.09985892541
1.10069321895
1.10145939319
1.10216288238
1.10280930863
1.10340375949
1.10395292448
1.1044644603
1.10494555217
1.1054031591
1.10584519103
1.10628114708
1.10671991191
1.10716887216
1.10763471191
1.10812474756
1.10864521335
1.1092013197
1.10979737907
1.11043531415
1.11111473678
1.11183506893
1.11259440425
1.11338737865
1.11420673802
1.11504366296
1.11588732478
1.11672466949
1.11754312853
1.11832779139
1.11906320113
1.11973345294
1.12032259307
1.12081509187
1.12119415101
1.12144377399
1.12154973972
1.12150018063
1.12128368468
1.12089175614
1.12031789389
1.11955703229
1.118607344
1.11746984078
1.11614770573
1.11464501439
1.11296968657
1.11113196758
1.10914338588
1.10701729793
1.10476914373
1.10241715418
1.09997993127
1.09747713094
1.09492860048
1.09235449872
1.08977589876
1.08721361377
1.08468855315
1.08222047747
1.07982756958
1.07752707025
1.07533499595
1.07326685964
1.0713355433
1.0695516713
1.0679251264
1.06646302945
1.06517198359
1.06405752954
1.06312258432
1.0623673567
1.06179030828
1.06138853285
1.06115811845
1.0610946264
1.06119170675
1.06144193918
1.06183865005
1.06237308421
1.06303497277
1.06381494259
1.06470195868
1.06568620061
1.06675870178
1.06790837001
1.06912419617
1.07039743738
1.07171860519
1.07307736731
1.0744652862
1.07587380494
1.07729540533
1.07872395133
1.0801531513
1.08157941153
1.08300025456
1.08441149781
1.0858104271
1.08719640248
1.08857067208
1.08993511291
1.09129257497
1.09264792207
1.09400689663
1.09537803641
1.09676961904
1.09819131291
1.09965351862
1.10116592182
1.10274024257
1.10438805776
1.10611923722
1.10794319488
1.10986889352
1.11190272842
1.11404846587
1.11630812015
1.11868124973
1.12116472829
1.12375183863
1.12643170117
1.12919078874
1.13201398804
1.13488441994
1.13778491703
1.14069535144
1.14359341057
1.14645820262
1.14926859922
1.15200489283
1.15464787792
1.15717976167
1.15958436491
1.16184727148
1.16395701386
1.16590324366
1.16767620503
1.16926953659
1.17067909218
1.1719011017
1.17293453868
1.17378007529
1.17444010019
1.17491802481
1.17521712532
1.17534072071
1.17529398072
1.17508259367
1.17471195364
1.17418850043
1.17351856174
1.1727079934
1.17176271352
1.17068860207
1.16949224475
1.16817985798
1.16675663577
1.16522816726
1.16360004141
1.16187834455
1.16006669656
1.15816850296
1.15618894464
1.15413232876
1.15200399294
1.14980781555
1.14754602061
1.14522324215
1.14284348932
1.1404109669
1.13793041901
1.135404927
1.13283842137
1.1302347677
1.12759879977
1.12493457185
1.12224464834
1.11953336892
1.11680620839
1.11406678854
1.11131877569
1.10856689496
1.10581506501
1.10306710849
1.10032690562
1.09759957616
1.09488975862
1.09220132929
1.08953932486
1.08690714592
1.08430927297
1.08175129403
1.07923744315
1.07677297774
1.07436356271
1.07201496767
1.0697322802
1.06752252636
1.06539180564
1.06334548564
1.06139072554
1.05953557216
1.05778676742
1.05615004749
1.05463222378
1.05324030371
1.05198020348
1.05085599301
1.04987170436
1.04903159232
1.04833945091
1.0477973185
1.04740565814
1.04716373545
1.04706979638
1.04712094332
1.04731361297
1.04764297256
1.04810233829
1.04868436652
1.04938190843
1.05018577445
1.05108673024
1.05207546158
1.05314126758
1.05427290738
1.05545848983
1.05668694713
1.05794769323
1.05923101599
1.06052791572
1.06182879117
1.06312479101
1.06440866037
1.06567290498
1.06691005422
1.06811470192
1.06928186396
1.07040709315
1.07148750008
1.07252013066
1.07350310519
1.07443477429
1.07531400284
1.0761411465
1.07691632113
1.07764094121
1.0783177046
1.07894839099
1.07953622713
1.08008560456
1.08060191562
1.08109057422
1.08155812681
1.08201277365
1.08246307669
1.08291920217
1.08339153859
1.08389119424
1.08443096441
1.08502391748
1.08568319421
1.08642371782
1.08726034248
1.08820748175
1.08927870938
1.09048696827
1.09184438924
1.09336055161
1.09504519147
1.09690428775
1.09894088945
1.10115745118
1.10355225611
1.10611982799
1.1088530496
1.11174239507
1.11477460489
1.11793486324
1.12120644636
1.1245705827
1.12800719631
1.13149622354
1.13501702403
1.13854833139
1.14206875291
1.14555622597
1.14899078625
1.15235343967
1.15562517518
1.15878801063
1.16182529621
1.16472231674
1.16746504285
1.17003979079
1.17243406707
1.17463676062
1.17663847143
1.17843050738
1.180006362
1.18136036524
1.18248680204
1.18338225877
1.18404530024
1.18447541065
1.18467422542
1.18464599882
1.18439552545
1.18392989677
1.18325879139
1.18239372362
1.18134856732
1.18013923739
1.17878341285
1.17729961425
1.17570527525
1.17401920415
1.17226108327
1.17045088841
1.16860762734
1.16674810334
1.16488932033
1.16304580301
1.16122998775
1.15945416763
1.15772741302
1.15605572277
1.15444257579
1.15288996878
1.15139717946
1.14996146862
1.14858038668
1.14724889365
1.14596174264
1.14471353844
1.14349683664
1.14230452851
1.14113003552
1.13996665051
1.13880805814
1.13764828268
1.13648253786
1.13530651288
1.13411560313
1.13290662503
1.13167658898
1.13042221971
1.12914289747
1.12783782498
1.12650644251
1.1251503807
1.12377180415
1.12237265594
1.12095583484
1.11952709112
1.11809189357
1.11665552922
1.11522500986
1.11380785225
1.11241375694
1.11105213077
1.10973028271
1.10845824664
1.10724678001
1.10610563016
1.10504586352
1.10407810718
1.10321086519
1.10245259701
1.10181294938
1.10130098501
1.1009256122
1.10069488822
1.10061550047
1.10069491203
1.10093974701
1.10135521538
1.10194721346
1.10272102107
1.10368066163
1.10482935208
1.10616843898
1.10769846218
1.10941935549
1.11132879337
1.11342197538
1.11569147858
1.11812837015
1.12072073348
1.12345381897
1.12631250632
1.12927852348
1.13233077968
1.13544730914
1.13860421786
1.14177747172
1.14494410998
1.14808155073
1.15116751689
1.1541797532
1.1570980025
1.15990481306
1.16258503723
1.16512561775
1.16751653861
1.16975010415
1.17181976736
1.17372186318
1.17545520266
1.17702165774
1.17842365395
1.1796633575
1.18074459209
1.18167117379
1.18244693355
1.18307688192
1.18356483551
1.18391372892
1.18412659446
1.18420524579
1.18415074419
1.18396281486
1.18363946505
1.18317784889
1.1825733958
1.1818214767
1.18091594602
1.17984903219
1.1786135356
1.17720122186
1.1756034271
1.1738111134
1.1718162388
1.16961121438
1.16719004078
1.16454770584
1.16167912349
1.15858146271
1.155254442
1.15170017038
1.14792534409
1.14394012966
1.13975856717
1.13540088817
1.13089180162
1.12626016117
1.12153950733
1.11676896581
1.11199206816
1.10725589155
1.10261045952
1.09810742257
1.09379769686
1.08972977021
1.0859481874
1.08249165086
1.07939326895
1.07667598806
1.07435292364
1.07242935332
1.07089951768
1.06974804548
1.06895240663
1.06848403296
1.06831019714
1.06839470813
1.06869880733
1.06918456327
1.06981593696
1.07056017134
1.07138708754
1.07226883389
1.07318426702
1.07411578648
1.07504816164
1.07597284818
1.07688432397
1.07777839299
1.07865474189
1.07951631902
1.08036621962
1.08120695827
1.08204293566
1.08287925321
1.08372024924
1.08457063269
1.08543505618
1.08631766503
1.08722183593
1.08814967491
1.08910217284
1.090079355
1.09108044084
1.09210493512
1.09315083112
1.094214886
1.09529545738
1.09638868533
1.09748949276
1.09859461957
1.09970105926
1.10080413685
1.10189960278
1.102983538
1.10405190887
1.10510284646
1.10613242135
1.10713733096
1.10811630174
1.10906788729
1.10999074001
1.11088357282
1.11174649528
1.11257957096
1.11338250988
1.11415590262
1.11490193241
1.11562373965
1.11632274543
1.1169995234
1.11765533695
1.11829211414
1.11891234452
1.11951724928
1.12010736859
1.12068451922
1.12125012697
1.12180391324
1.12234491448
1.12287137674
1.12338113582
1.12387312025
1.12434488258
1.12479248843
1.1252121946
1.12559788117
1.12594267148
1.12624030999
1.12648423281
1.12666775529
1.12678343727
1.12682428027
1.12678429493
1.1266576446
1.12643888803
1.12612407085
1.12571003904
1.12519313173
1.12457188963
1.12384710497
1.1230197002
1.12209157465
1.12106612956
1.11994921466
1.11874816422
1.1174706915
1.11612601744
1.11472579533
1.11328249664
1.11180833735
1.11031662657
1.10882172321
1.10733833542
1.10588051078
1.10446180619
1.10309564193
1.10179517629
1.1005731252
1.09944156305
1.09841042384
1.09748869072
1.0966852191
1.09600752171
1.09546177548
1.09505271496
1.09478420146
1.09466049347
1.09468325497
1.09485086605
1.09516266423
1.09561728756
1.09621252997
1.09694586295
1.09781171146
1.09880320045
1.09991398556
1.10113753604
1.1024669015
1.1038932655
1.1054068966
1.10699857739
1.108659016
1.11037819579
1.11214484678
1.11394699373
1.11577329379
1.11761241784
1.11945216362
1.12127988495
1.1230823722
1.12484699343
1.12656175478
1.12821513132
1.12979452899
1.13128850938
1.13268640397
1.13397697347
1.13514948127
1.13619441337
1.13710500368
1.13787333931
1.13849259988
1.13895853212
1.13926774052
1.13941851747
1.13941088705
1.13924726061
1.13893139418
1.13846881291
1.13786654287
1.13713404831
1.13628347912
1.13532774955
1.13428229741
1.13316433192
1.13199287102
1.1307883794
1.1295725489
1.12836823706
1.12719815564
1.12608602387
1.12505636118
1.12413315922
1.12333897523
1.1226960696
1.12222729166
1.12195322901
1.12189086464
1.122055478
1.12246192942
1.1231213521
1.12404072227
1.12522428417
1.1266732223
1.12838544163
1.13035614669
1.13257638579
1.13503200006
1.13770636654
1.14057986015
1.14363063993
1.1468343909
1.1501636555
1.15358884824
1.15708026686
1.16060758418
1.16413935755
1.16764464259
1.17109200802
1.17445137561
1.17769479507
1.18079396895
1.18372260186
1.18645658725
1.18897468358
1.19125829021
1.19329166636
1.19506294457
1.19656160101
1.19777915288
1.19871021761
1.19935242627
1.19970620619
1.19977378692
1.19956014011
1.19907163723
1.19831643987
1.19730627283
1.19605334286
1.19457119003
1.19287444126
1.19097927944
1.18890380749
1.18666529855
1.18428145565
1.18177010694
1.17914904929
1.17643703448
1.17365196201
1.17081084415
1.16793127063
1.16502938669
1.16212060313
1.15922183215
1.15634775072
1.15351237108
1.15073042322
1.14801408422
1.14537489766
1.14282489784
1.14037544819
1.13803664435
1.13581853233
1.13372994697
1.13177748415
1.12996793179
1.1283086222
1.12680386872
1.1254565171
1.12427049619
1.12324689285
1.12238418939
1.12167916196
1.12112703026
1.12072318712
1.12046007078
1.12032716856
1.12031420883
1.12040909131
1.12059927082
1.12087048837
1.12120828336
1.12159809991
1.12202460965
1.12247342399
1.12292998537
1.12338111514
1.12381541219
1.12422330123
1.12459590511
1.12492682972
1.12521288626
1.12545266472
1.12564726822
1.12579951287
1.12591325387
1.12599380926
1.12604913164
1.12608893412
1.12612461168
1.12616850115
1.12623167287
1.12632602296
1.12646398833
1.12665646381
1.12691335024
1.12724474139
1.12765925064
1.12816206684
1.12875738763
1.12944809171
1.13023457825
1.13111563719
1.13208684467
1.13314157304
1.13427310502
1.13547224571
1.13672714698
1.13802493328
1.13935287873
1.14069728231
1.14204272059
1.14337390374
1.14467631291
1.14593604422
1.14713920205
1.14827191611
1.14932216572
1.1502800678
1.15113521629
1.15188085459
1.15251150897
1.15302220137
1.15340950963
1.1536704261
1.15380474103
1.15381559724
1.15370741204
1.15348473739
1.15315443775
1.15272412685
1.15220254883
1.15159885308
1.15092312558
1.15018639103
1.14939783148
1.14856718646
1.14770491011
1.14682009197
1.14591955912
1.14500929346
1.14409668574
1.14318775126
1.14228642828
1.14139543078
1.14051896354
1.139659432
1.13881682069
1.13799236696
1.13718684481
1.13640029839
1.13563323023
1.13488582514
1.13415737487
1.13344744496
1.13275488691
1.13207985523
1.13142251443
1.13078224956
1.13015795713
1.12954807605
1.12895190275
1.12836788448
1.12779342145
1.12722618318
1.12666410869
1.1261055612
1.12554921747
1.12499294529
1.12443362328
1.12386920147
1.12329898189
1.12272172548
1.12213706603
1.1215449334
1.12094499713
1.12033809824
1.11972633666
1.11911187805
1.11849803485
1.11788896029
1.11729002132
1.11670833364
1.11615154689
1.11562915057
1.11515239004
1.1147327774
1.11438219691
1.11411328774
1.11393947029
1.11387541881
1.11393577061
1.11413525027
1.11448847093
1.1150091676
1.11570970675
1.11660165246
1.11769546668
1.11899772694
1.1205131681
1.12224563186
1.12419554841
1.12636284432
1.12874260194
1.1313253694
1.13410329162
1.1370651407
1.14019628554
1.14348075671
1.14690241325
1.15044357092
1.15408463744
1.15780622434
1.16158858861
1.16541096004
1.1692531992
1.17309692316
1.17692376202
1.18071602172
1.18445591614
1.18812536453
1.19170771749
1.19518905504
1.19855565004
1.20179309733
1.20488877281
1.20783303037
1.21061517677
1.21322424024
1.21565190124
1.21789061271
1.21993386008
1.22177534685
1.2234091563
1.22483011061
1.22603388505
1.2270175876
1.22777878732
1.22831482582
1.22862419039
1.22870574787
1.22855915568
1.2281857666
1.22758858626
1.22677081625
1.22573685179
1.22449167147
1.22304120031
1.22139245302
1.21955342533
1.21753454668
1.21534558608
1.21299768242
1.21050596263
1.20788523347
1.20514931858
1.20231460001
1.1993993213
1.19642120836
1.19339791304
1.19034811802
1.18729111701
1.18424622691
1.18123191297
1.1782666382
1.17536836385
1.1725526435
1.16983413692
1.16722654231
1.16474205362
1.16238994776
1.1601791518
1.15811531903
1.15619924162
1.15443174483
1.15281170909
1.15133653202
1.15000070442
1.14879678771
1.14771790115
1.14675427174
1.1458935108
1.14512391563
1.14443442808
1.14381401765
1.14324949916
1.14272866701
1.14224075734
1.14177507387
1.14132216142
1.14087317721
1.14042059841
1.13995854374
1.13948147599
1.13898435624
1.13846409582
1.13791910476
1.13734743658
1.13674819404
1.1361231673
1.13547361796
1.13479990303
1.13410376063
1.13338769655
1.13265486176
1.13190889304
1.13115243354
1.13038750091
1.1296166416
1.12884255932
1.12806653015
1.12728974277
1.12651335691
1.12573869498
1.12496636992
1.12419520838
1.12342434517
1.12265256362
1.12187903873
1.12110303205
1.12032321288
1.11953696928
1.11874120939
1.11793395167
1.11711457814
1.11628140416
1.11543154349
1.11456453806
1.11367829749
1.11277024414
1.1118391681
1.11088374133
1.10990356929
1.10889683035
1.10786029532
1.10679216146
1.1056902792
1.1045512434
1.10337173376
1.10214801232
1.10087657603
1.09955390185
1.09817768397
1.09674459527
1.09525049321
1.09369288032
1.09207039254
1.0903819507
1.08862774881
1.08681034215
1.08493411509
1.08300350145
1.0810242495
1.07900529534
1.07695683293
1.07489097145
1.0728220909
1.07076491686
1.06873480239
1.06674914769
1.06482647365
1.06298495372
1.06124270372
1.05961793085
1.05812878319
1.05679261794
1.05562629499
1.05464427537
1.05385859539
1.05328130852
1.05292329551
1.05279386395
1.05289989185
1.05324594886
1.0538338635
1.05466431118
1.05573562279
1.0570442669
1.05858523059
1.06035186408
1.06233583436
1.06452529857
1.06690847882
1.06947138519
1.07219689946
1.07506940137
1.07807299248
1.08118920378
1.08439687656
1.08767431023
1.09100032663
1.0943542693
1.09771571482
1.1010640339
1.10438059234
1.10764772188
1.11084649644
1.11395902657
1.1169716707
1.11987170733
1.12264587199
1.12528405398
1.12777911255
1.13012328597
1.13230944653
1.1343340511
1.13619381177
1.13788647579
1.13941220815
1.1407723284
1.14196907225
1.14300559602
1.14388505278
1.14461152114
1.14518994141
1.14562610856
1.14592693439
1.14609909866
1.14614930144
1.14608376488
1.1459094663
1.14563401286
1.14526665427
1.14481577495
1.14428728351
1.14368939783
1.14303081523
1.14231978769
1.14156387276
1.14077086762
1.13995049175
1.13911086547
1.13825881024
1.13740213125
1.1365498423
1.13571091394
1.13489240509
1.13410126113
1.13334390007
1.13262595945
1.13195324399
1.13133132264
1.13076516188
1.13025779753
1.12981137965
1.1294277229
1.12910820214
1.12885344997
1.12866342656
1.12853706824
1.12847191149
1.12846539468
1.12851454151
1.12861555481
1.12876370873
1.12895395536
1.12918179952
1.1294407539
1.12972410079
1.13002610931
1.13034243456
1.13066804315
1.1309947773
1.13131623307
1.13162666142
1.13192116393
1.13219444881
1.13244102311
1.1326561676
1.13283365076
1.13296855027
1.13305671574
1.13309462055
1.13307836603
1.1330046392
1.13287071792
1.13267321589
1.13240967031
1.13207868895
1.13167955295
1.13121249544
1.13067848614
1.13007878755
1.1294158431
1.1286937711
1.12791680035
1.12708852596
1.12621429231
1.12530131579
1.1243567476
1.12338799569
1.1224038728
1.12141451163
1.12042798766
1.11945188524
1.11849671265
1.11757005784
1.11667818992
1.11582864769
1.11502744564
1.11427937433
1.11358877453
1.11295972618
1.11239576464
1.11189757945
1.11146350556
1.11109140388
1.11077848479
1.11052195392
1.11031834847
1.11016338092
1.11005214863
1.10997994895
1.10994300405
1.10993628179
1.10995516281
1.10999669806
1.11005864266
1.11013966477
1.11024026538
1.11036277132
1.11051075166
1.11069018423
1.11090901143
1.11117579854
1.11149971962
1.1118919748
1.11236616784
1.11293691609
1.11361836366
1.1144246186
1.11536871734
1.11646238612
1.11771587624
1.1191359912
1.1207275934
1.12249174271
1.12442530857
1.12652218052
1.12877215251
1.13116152774
1.13367279893
1.13628535561
1.13897635607
1.14171874653
1.14448447067
1.14724697998
1.14997751025
1.15264710786
1.15522922301
1.1576989995
1.16003251022
1.16220718415
1.1642035456
1.16600417286
1.16759423536
1.16896235196
1.17009961656
1.17099896645
1.17165599882
1.1720681926
1.17223408323
1.17215405445
1.17183111187
1.1712704475
1.17047696746
1.16945585273
1.16821533489
1.16676383616
1.16511035997
1.16326462978
1.16123589097
1.15903516986
1.15667374085
1.15416225674
1.15151233628
1.14873684976
1.14584867802
1.14286127784
1.13978983447
1.13664991686
1.13345785122
1.13023131514
1.12698825781
1.12374857426
1.12053280357
1.11736311889
1.11426237031
1.11125294613
1.10835951005
1.10560660163
1.1030183469
1.10062025135
1.09843732639
1.09649283307
1.09480868359
1.09340484475
1.09229839133
1.09150431775
1.09103451669
1.09089622023
1.09109330904
1.09162562185
1.09248833536
1.09367334397
1.09516936539
1.09696018402
1.0990255208
1.1013436329
1.10389058899
1.10663904467
1.10956159425
1.11263214132
1.11582220448
1.11910386365
1.12245192355
1.12584167513
1.12924950319
1.13265405338
1.13603640131
1.13937885283
1.14266412542
1.14587747963
1.14900579734
1.15203562623
1.15495663614
1.15775834403
1.16043085884
1.1629651418
1.16535101838
1.16758014094
1.16964364139
1.17153214447
1.1732361568
1.17474713285
1.17605826603
1.17716150911
1.17804875059
1.1787132345
1.17914870595
1.17935131328
1.1793189645
1.17905121077
1.17854859492
1.17781288221
1.17684884223
1.17566303523
1.17426375137
1.17265987967
1.17086299672
1.16888750811
1.16674789324
1.16445982673
1.1620419161
1.15951349631
1.15689241919
1.15419758016
1.15144937279
1.14866769105
1.14587213825
1.14308306916
1.14031843567
1.13759466777
1.13492877998
1.13233720737
1.12983564421
1.12743606074
1.12514769876
1.12298061676
1.12094190429
1.11903549166
1.11726504318
1.11563218
1.11413580448
1.11277329564
1.11153967247
1.11042841317
1.10943204318
1.10854125805
1.1077445953
1.10702865433
1.10638040223
1.10578687832
1.10523509637
1.10471163373
1.10420330851
1.10369817645
1.10318477301
1.10265219112
1.10209126978
1.10149577423
1.10086030863
1.10018140932
1.09945801239
1.0986891993
1.09787639525
1.09702248811
1.09613212762
1.09521202833
1.09426897884
1.09331076955
1.09234566721
1.09138259994
1.09043193136
1.08950286816
1.08860432171
1.08774625961
1.08693715788
1.08618415244
1.08549347511
1.08487050886
1.08432044397
1.08384794489
1.0834567298
1.08314880365
1.08292495387
1.08278601067
1.08273289398
1.08276751293
1.0828905913
1.08310220215
1.08340366779
1.08379668419
1.08428256383
1.08486090839
1.08553207059
1.08629816664
1.08716019368
1.08811732128
1.08916930318
1.09031516804
1.09155130161
1.09287267652
1.09427280502
1.09574381836
1.09727639604
1.09885889289
1.1004769991
1.10211490876
1.10375633459
1.10538358926
1.10697903936
1.10852533505
1.11000338175
1.11139565383
1.11268538998
1.11385566481
1.11489182008
1.11578045228
1.11651047703
1.11707408108
1.11746333094
1.11767187216
1.11769788487
1.11754033544
1.11719946213
1.11667685041
1.1159755621
1.11510217454
1.11406484581
1.11287063256
1.111527457
1.11004544119
1.10843446541
1.10670444194
1.10486674136
1.10293269944
1.10091259903
1.09881816899
1.09666003388
1.09444810187
1.09219271039
1.08990239628
1.08758595355
1.08525301534
1.08291386332
1.08057708467
1.0782505127
1.07594431693
1.07367024059
1.07143992273
1.06926546903
1.06716097227
1.06514174739
1.06322466238
1.06142907861
1.05977459477
1.05828134274
1.05697084113
1.05586420475
1.05498286716
1.05434889788
1.05398050396
1.05389326899
1.05410128684
1.0546139256
1.05543784694
1.05657479241
1.05802085047
1.05976870675
1.06180746655
1.06412341655
1.06669818624
1.06950937598
1.07253391579
1.07574826956
1.07912910368
1.0826525896
1.08629309229
1.09002708037
1.09383482683
1.0976977272
1.10159894408
1.10552366399
1.10945962486
1.11339614543
1.11732390923
1.12123556135
1.12512570867
1.12898969903
1.1328225581
1.1366196752
1.14037602966
1.14408746828
1.14774925917
1.15135581668
1.15490072026
1.15837728891
1.16177824332
1.16509477129
1.16831868326
1.17143927381
1.17444430397
1.17732293277
1.18006329248
1.18265138675
1.18507303087
1.18731540376
1.18936518749
1.19120751212
1.19282632589
1.19420641818
1.19533415792
1.1961952728
1.19677578262
1.19706340253
1.19704592254
1.19671036062
1.19604543108
1.19504185182
1.19369095216
1.19198577628
1.18992236876
1.18749870567
1.18471452401
1.18157208417
1.17807785784
1.1742423413
1.17008052778
1.16561172076
1.16085998649
1.15585656273
1.15063681209
1.14524203917
1.13972162777
1.13412748027
1.12851598478
1.12294880662
1.11748869167
1.11219791042
1.10713753418
1.10236740246
1.09793896644
1.0938946566
1.0902702788
1.0870914947
1.08437106995
1.08210986982
1.08029858719
1.07891897543
1.07794402703
1.07733999678
1.07706941255
1.0770919213
1.07736582678
1.077850029
1.07850612543
1.07929888531
1.08019766018
1.08117666703
1.08221468175
1.08329522437
1.08440611944
1.08554049534
1.08669647957
1.08787481076
1.08907792763
1.09031079324
1.09158064832
1.0928953812
1.09426394286
1.09569429202
1.09719333453
1.0987681519
1.10042347763
1.1021624895
1.10398728547
1.10589775507
1.10789250251
1.1099674978
1.11211544053
1.11432795483
1.11659507274
1.11890347159
1.12123796251
1.12358270846
1.12591906394
1.12822883458
1.13049177667
1.13268531205
1.13478739856
1.13677432116
1.13862406682
1.1403152679
1.14182491439
1.14313118335
1.14421420473
1.14505515873
1.14563778969
1.1459475866
1.14597165335
1.14570001818
1.14512569157
1.1442429859
1.14304911236
1.14154441704
1.13973018276
1.13761165877
1.13519707022
1.13249709984
1.12952470974
1.12629577499
1.12282843134
1.11914225546
1.1152589736
1.11120223364
1.10699784522
1.10267292336
1.09825611832
1.09377606519
1.0892625737
1.08474616327
1.08025720349
1.0758262742
1.07148441876
1.06726112038
1.06318379524
1.05928040612
1.05557760982
1.05209798079
1.04886214272
1.04588989152
1.04319714017
1.04079860776
1.03870404312
1.03691685817
1.03543844513
1.03426769387
1.03340054192
1.03282992623
1.03254560801
1.03253477293
1.03278246406
1.03327084585
1.03398026974
1.03489097503
1.03598134029
1.0372281017
1.0386094773
1.04010481297
1.04169348733
1.04335482294
1.04506888461
1.04681703529
1.04858280291
1.05035102618
1.05210806138
1.05384225511
1.05554371835
1.05720282629
1.05881212233
1.06036589692
1.06185905125
1.06329013905
1.0646587588
1.06596477675
1.06720955767
1.06839571449
1.06952767372
1.07061177967
1.0716546516
1.07266261412
1.07364357892
1.0746068887
1.07556257546
1.07652014739
1.07748903102
1.07848045178
1.07950529873
1.08057263653
1.08169077601
1.08286716306
1.08410896333
1.08542341063
1.08681757447
1.08829614138
1.08986108598
1.09151508798
1.09326024204
1.09509776121
1.0970277278
1.09904949718
1.10116093453
1.10335752784
1.10563363238
1.10798273167
1.11039895563
1.11287407966
1.11539793449
1.11795864665
1.12054380064
1.12313945981
1.12572960269
1.12829903198
1.13083013813
1.13330415252
1.1357036066
1.13801072197
1.14020679651
1.14227291066
1.14419062669
1.1459430251
1.14751522075
1.14889308075
1.15006334637
1.15101625634
1.15174410289
1.15224055268
1.15250399211
1.1525376466
1.15234662651
1.15193936734
1.15132858292
1.15053277495
1.14957271682
1.14847101665
1.14725506712
1.14595517633
1.1446032929
1.14323400782
1.1418822851
1.14058141928
1.13936543857
1.13826616437
1.13731251605
1.13653211682
1.13594850982
1.13558065408
1.1354442157
1.13555014289
1.13590467597
1.13650881197
1.13736042136
1.13845488258
1.13978303085
1.14133164474
1.14308542008
1.14502929384
1.1471475239
1.14942196482
1.15183303528
1.15436124951
1.15698953452
1.15970112665
1.16247872377
1.16530654925
1.16817067434
1.17105801192
1.17395534236
1.17685016656
1.17973120345
1.18258571559
1.18540026441
1.18816376396
1.19086465082
1.19349117221
1.19603120704
1.19847140825
1.20079913307
1.20300361469
1.2050721748
1.20699093908
1.20874761124
1.21032954429
1.21172574185
1.21292590817
1.21391905007
1.21469664309
1.21525200442
1.21557889179
1.21567172584
1.21552657831
1.21514242333
1.21452044962
1.21366341602
1.21257487505
1.21126165809
1.20973225323
1.20799700435
1.20607002607
1.20396490061
1.2016966253
1.19928228814
1.19674170766
1.19409531279
1.19136345388
1.18856897381
1.18573469719
1.1828846096
1.18004123958
1.17722617945
1.17446263093
1.17177286335
1.16917855577
1.16669905452
1.16435244311
1.16215553165
1.16012332183
1.15826846991
1.15659989605
1.15512627013
1.15385403009
1.15278520216
1.15191928333
1.15125377183
1.15078348005
1.15050038287
1.1503947666
1.15045544823
1.1506682751
1.15101832256
1.15149016527
1.1520669226
1.1527308737
1.1534635894
1.15424733101
1.1550641124
1.15589704738
1.15672959266
1.15754654243
1.15833442775
1.15908007925
1.15977199166
1.16040000452
1.16095577836
1.16143168671
1.16182182747
1.16212398376
1.16233605546
1.16245528739
1.16248286832
1.16242048765
1.16226859349
1.162029847
1.16170916519
1.16131101828
1.16083877807
1.16029694339
1.15969097864
1.15902600292
1.1583066536
1.15753693325
1.15672095058
1.15586165816
1.15496166298
1.1540233517
1.15304767897
1.15203328345
1.15097833953
1.14988004495
1.14873407313
1.14753735107
1.14628582857
1.14497600982
1.14360284642
1.14216124581
1.14064763798
1.13905831715
1.13739112899
1.13564507437
1.1338209461
1.1319210197
1.1299483701
1.12790914851
1.12581150365
1.12366386343
1.12147744117
1.11926387041
1.11703523271
1.1148045054
1.11258519236
1.11039145383
1.10823717224
1.10613652523
1.10410270794
1.10214816744
1.10028481807
1.09852415628
1.09687448672
1.09534312844
1.0939370987
1.09266019886
1.09151500724
1.0905035394
1.08962543886
1.08887811817
1.08825947604
1.08776582605
1.0873914624
1.087129876
1.08697332804
1.08691225207
1.08693718605
1.08703922508
1.08720807184
1.08743152031
1.08769772886
1.08799629923
1.08831686159
1.08864882757
1.08898347744
1.08931343236
1.08963059989
1.08992728513
1.09019801072
1.09043996451
1.09065057365
1.09082828126
1.09097353124
1.09108875394
1.09117678416
1.0912415711
1.09128889825
1.09132376962
1.09135230367
1.09138179496
1.09141915177
1.09147165585
1.09154678911
1.09165195954
1.09179317137
1.09197672659
1.09220783433
1.09248987982
1.09282525029
1.09321452297
1.09365732139
1.09415203555
1.09469782716
1.09529273194
1.09593124428
1.09660690512
1.09731456767
1.09804787719
1.09879953096
1.09956137293
1.10032410522
1.10107917358
1.10181873145
1.10253567643
1.10322282367
1.10387332868
1.10448021819
1.10503794069
1.10554177282
1.10598719209
1.10637021578
1.10668693851
1.10693447395
1.10711178316
1.10721928614
1.10725699634
1.10722369138
1.10711887293
1.10694464109
1.10670275199
1.10639509339
1.10602440554
1.10559371534
1.10510656477
1.1045668443
1.10397924118
1.10334808349
1.10267827223
1.10197538709
1.10124442103
1.10048996333
1.09971731176
1.09893179668
1.09813919186
1.09734533114
1.09655488905
1.09577279623
1.09500342298
1.09425048037
1.09351761208
1.09280723246
1.09212291656
1.09146703325
1.09084021031
1.09024407977
1.08967859171
1.08914389715
1.088640968
1.08817026044
1.08773296604
1.08732879362
1.08695550782
1.08661255006
1.08630059427
1.0860180226
1.08576271467
1.08553391152
1.08533018784
1.08514831257
1.0849844645
1.08483631325
1.08470011272
1.08457043897
1.08444342423
1.08431476257
1.08417854406
1.08402921728
1.08386114034
1.08366924614
1.08344889343
1.08319457211
1.08290153284
1.08256687864
1.08218881713
1.08176659865
1.0812989141
1.08078544925
1.08022785668
1.07962924975
1.0789942412
1.07832716901
1.07763392752
1.07692293026
1.07620285748
1.07548299584
1.07477387981
1.07408566116
1.07342831659
1.07281262935
1.07224871949
1.07174593871
1.07131230154
1.07095406802
1.07067700229
1.07048535597
1.07037980822
1.07035854499
1.07041889561
1.07055436551
1.07075561342
1.07101273013
1.07131259286
1.07164065142
1.07198092401
1.07231622318
1.07262923019
1.0729014242
1.07311614752
1.07325655388
1.07330559095
1.07324867723
1.07307281823
1.07276742188
1.07232294365
1.07173092793
1.07098544296
1.07008218896
1.06901898734
1.06779553045
1.06641374594
1.06487730999
1.06319132996
1.06136163907
1.05939654263
1.057306758
1.05510335959
1.05279943885
1.05040961028
1.04794999689
1.04543763554
1.04288996357
1.04032611419
1.03776665281
1.03523209394
1.03274325029
1.03032027457
1.02798318297
1.02575284816
1.02364825325
1.02168660811
1.01988335255
1.01825184035
1.01680396882
1.01554992859
1.01449603972
1.01364554038
1.01300000636
1.01255838433
1.01231552923
1.01226326092
1.01239186698
1.01268998511
1.01314396575
1.0137378075
1.01445454368
1.01527649749
1.01618644123
1.01716803549
1.01820511893
1.01928264861
1.02038639077
1.02150368329
1.02262544574
1.02374246613
1.02484611285
1.02593076341
1.02699333741
1.02803152067
1.02904237792
1.0300252244
1.0309818124
1.03191388543
1.03282417814
1.03371737362
1.03459915656
1.03547428614
1.03634799779
1.03722676913
1.0381168684
1.03902585136
1.03996290552
1.04093705887
1.04195822417
1.04303741008
1.04418448827
1.04541010126
1.04672499631
1.04813980758
1.04966729415
1.0513181819
1.05310123718
1.05502655551
1.05710278461
1.05933659991
1.0617334271
1.06429747459
1.06703150972
1.06993490094
1.07300467182
1.07623675276
1.0796239643
1.0831565537
1.08682329307
1.09061100119
1.09450513607
1.09848864681
1.10254241363
1.10664615849
1.11077849857
1.1149179977
1.1190430586
1.12313166837
1.1271635008
1.13111666125
1.13496813929
1.13869792169
1.1422876209
1.14571954671
1.14897606174
1.1520419109
1.15490214266
1.15754214578
1.15995013708
1.16211570559
1.16402894836
1.16568014705
1.16706221112
1.16816916835
1.16899575366
1.1695388985
1.16979504051
1.16976288681
1.16944338753
1.1688373863
1.16794738249
1.16677749221
1.16533587136
1.16363124224
1.16167186503
1.1594701645
1.15704064942
1.15439854515
1.15156037067
1.14854538956
1.14537762863
1.14208135492
1.13867978197
1.13519953888
1.13166952011
1.12811883065
1.12457675006
1.12107378232
1.11764090508
1.1143088258
1.11110598714
1.10805945711
1.10519467977
1.10253383362
1.10009752005
1.09790217162
1.09595948874
1.0942775065
1.09286016534
1.09170711683
1.09081311024
1.09016678611
1.08975280615
1.08955336693
1.08954497759
1.08969982161
1.0899888877
1.09038076631
1.09084193943
1.09133756982
1.09183268777
1.0922938268
1.09268831714
1.09298476266
1.09315388144
1.09316964987
1.09300914205
1.0926526478
1.09208666295
1.09129961348
1.0902834356
1.08903724314
1.08756406289
1.08587077854
1.0839691219
1.08187472974
1.07960734391
1.07718951682
1.07464607313
1.0720062846
1.06930202737
1.06656623906
1.06383228653
1.06113386933
1.05850554754
1.05598335564
1.05360101545
1.05139128646
1.0493878256
1.0476221761
1.04612307707
1.04491878145
1.04403443998
1.04349105674
1.0433079971
1.04350079323
1.04408066861
1.04505417881
1.04642511268
1.04819181839
1.05034588593
1.05287470778
1.05576115938
1.05898445177
1.06251979468
1.06633840835
1.07041055939
1.07470381172
1.07918333608
1.08381364363
1.08856051604
1.09339126828
1.09827234638
1.10317254303
1.10806273626
1.11291607401
1.11770782591
1.12241639963
1.12702300233
1.13150987873
1.13586273477
1.14007008319
1.14412271245
1.14801206258
1.1517309163
1.15527510228
1.1586414657
1.16182767065
1.16483217419
1.16765528458
1.1703002765
1.17276839775
1.17506025909
1.17717885972
1.17912672096
1.18090847836
1.18252833518
1.18398929695
1.18529630171
1.18645454888
1.18746777274
1.18834074411
1.18907932073
1.18968890646
1.19017467514
1.19054162743
1.1907956744
1.19094266257
1.1909883807
1.19093918642
1.19080255572
1.1905843961
1.19029107734
1.18993063723
1.18950999759
1.18903811922
1.18852481109
1.18797925036
1.18741086708
1.18682966025
1.18624626658
1.18567199328
1.18511740014
1.18459184078
1.18410651322
1.18367172572
1.18329547809
1.18298509341
1.18274563649
1.18258139401
1.18249485203
1.182486761
1.18255601827
1.18269793374
1.18290688624
1.18317632254
1.1834978144
1.18386097184
1.18425307239
1.18466091909
1.18507120838
1.18547040508
1.18584526547
1.18618199988
1.18646721566
1.18668834717
1.18683351826
1.18689252577
1.18685627022
1.18671760168
1.18647186335
1.18611694447
1.18565220682
1.18507766075
1.1843963467
1.18361334053
1.18273542427
1.18177114836
1.18073059218
1.17962496737
1.17846661839
1.1772705085
1.17605212452
1.17482718857
1.17361274226
1.17242589978
1.17128232899
1.17019722579
1.16918543313
1.16826050872
1.16743504561
1.16672135804
1.16612911782
1.16566380469
1.1653286645
1.16512500956
1.16505210961
1.16510634205
1.16528185301
1.1655681034
1.16595052946
1.16641372439
1.16693997155
1.16750915493
1.16809956157
1.16868676257
1.16924457023
1.1697466009
1.17016552043
1.17047380423
1.17064458001
1.17065085875
1.17046665088
1.17006716136
1.16942858139
1.16852970452
1.16735031725
1.16587217253
1.16408163011
1.16196859133
1.15952555908
1.15674826264
1.15363523765
1.15019060405
1.14642157591
1.14233941985
1.13796185477
1.13330986388
1.12840938759
1.1232918462
1.11799202912
1.11254812439
1.1070018453
1.10139677512
1.09577869356
1.0901940175
1.08468840306
1.07930667079
1.07409059335
1.06907757529
1.06430076613
1.05978850628
1.05556441051
1.05164619785
1.04804557402
1.04476805107
1.04181490406
1.03918322739
1.03686490126
1.03484897391
1.0331227382
1.03167224615
1.03048168509
1.02953434729
1.02881411285
1.02830516313
1.0279923409
1.02786140238
1.02789874828
1.0280909001
1.0284251266
1.02889081943
1.02947879641
1.03018139594
1.03099107092
1.03190049003
1.0329049863
1.03400064953
1.03518287145
1.03644872137
1.03779727222
1.03922729038
1.04073829878
1.04233039119
1.04400479649
1.04576214213
1.04760210437
1.04952531705
1.05153211918
1.05362312125
1.05579713472
1.05805266318
1.06038880069
1.06280299511
1.06529286347
1.06785430326
1.07048309204
1.0731743939
1.07592135179
1.07871627841
1.08155213834
1.08442218568
1.08731572483
1.09022223159
1.09313201637
1.0960354062
1.09892148257
1.10177844718
1.10459601927
1.10736374238
1.11007102913
1.11270837711
1.11526566663
1.1177326067
1.12010028051
1.12236048145
1.12450588627
1.12653002393
1.12842663089
1.13018978309
1.13181646446
1.13330269975
1.13464416194
1.13583938023
1.13688754073
1.13778939725
1.13854568477
1.13915638107
1.13962393072
1.13995103889
1.14014040987
1.14019758424
1.14012667155
1.13993197713
1.13961879093
1.13919200814
1.13865739213
1.13802164947
1.13729128328
1.13647239695
1.13557013104
1.13458918763
1.13353576531
1.13241413467
1.13122761306
1.12998061
1.12867848218
1.12732450702
1.12592025752
1.12446857125
1.12297301739
1.1214370035
1.11986363192
1.11825569148
1.11661687176
1.11495240023
1.11326740381
1.11156686753
1.10985693268
1.10814489108
1.10643801976
1.10474549475
1.10307767568
1.10144427141
1.09985658313
1.09832682668
1.09686615372
1.09548602077
1.09419902736
1.09301781242
1.09195394569
1.09101767052
1.09021866996
1.08956565051
1.08906482568
1.08871955053
1.08853206604
1.08850400269
1.08863448439
1.08892047543
1.08935712117
1.0899385487
1.09065610156
1.09149952758
1.09245727252
1.09351629575
1.09466277471
1.09588199501
1.09715973061
1.09848036299
1.09982860369
1.10118970593
1.10254964924
1.10389522288
1.10521392316
1.10649405878
1.10772583902
1.10890141946
1.11001345103
1.11105730031
1.11202951691
1.11292652168
1.11374696229
1.11449099116
1.11515942411
1.11575478713
1.11628102124
1.11674297532
1.11714569926
1.11749545547
1.11779972134
1.11806622215
1.11830326229
1.11851948002
1.1187229599
1.11892117395
1.11912220565
1.11933477101
1.1195664047
1.11982345147
1.12011202475
1.12043866725
1.12080825586
1.12122477424
1.12169186712
1.12221196836
1.12278681865
1.12341762668
1.12410542754
1.1248501447
1.12565127544
1.12650691822
1.12741435715
1.12837107668
1.12937360044
1.13041810157
1.13150055208
1.13261688751
1.13376259385
1.13493266815
1.13612119533
1.13732279215
1.13853203236
1.13974211733
1.14094708495
1.14214003206
1.14331376318
1.14446100348
1.14557295897
1.14663999311
1.14765239881
1.14860022568
1.14947292254
1.15025969306
1.15094924526
1.15153125696
1.15199578252
1.15233107688
1.15252478728
1.15256732678
1.15244970507
1.15216191254
1.15169504764
1.15104098801
1.1501933895
1.14914808595
1.1479016072
1.14645261981
1.14480034563
1.14294366057
1.14088463173
1.13862704514
1.13617620136
1.13353925064
1.13072502205
1.12774255765
1.12460353854
1.12132055956
1.1179052745
1.11437251716
1.11073799167
1.10701731582
1.10322700276
1.09938544438
1.09551240089
1.09162656926
1.08774620282
1.08388962198
1.0800754672
1.07632354258
1.07265222483
1.06907952322
1.06562408151
1.06230375178
1.05913505183
1.05613478589
1.05331872324
1.05070026129
1.04829282564
1.04610854303
1.04415805673
1.04245272218
1.04100151097
1.03981083531
1.03888681266
1.03823370636
1.0378545648
1.03775170712
1.03792713729
1.03838095345
1.03911260346
1.04012081956
1.04140145109
1.0429496298
1.04476027758
1.04682730093
1.04914406925
1.05170307702
1.05449480179
1.05750718648
1.06072657412
1.06413915138
1.06773043831
1.0714833567
1.07537891375
1.07939726422
1.08351723196
1.08771705356
1.09197475133
1.09626735042
1.1005710281
1.10486174732
1.10911556208
1.1133094052
1.11742100655
1.12142853279
1.12531155994
1.12905099942
1.1326289716
1.13602922603
1.13923823133
1.14224499223
1.14503999627
1.14761540255
1.1499640468
1.15208030419
1.15396233161
1.15561024721
1.15702646003
1.15821414269
1.15917690796
1.15992155657
1.160454752
1.16078390421
1.16091796958
1.16086644435
1.16063889933
1.16024564388
1.1596974269
1.15900387624
1.15817539328
1.15722138072
1.15615004933
1.15497074552
1.1536928166
1.1523229046
1.15086681481
1.14933212899
1.14772483026
1.14604997667
1.14431358613
1.14252169635
1.1406793915
1.13879222607
1.13686636946
1.13490677764
1.13291982406
1.13091307793
1.12889334088
1.12686825564
1.12484554307
1.12283211724
1.12083497088
1.11886211136
1.11692294928
1.11502720616
1.11318345039
1.11140092201
1.10968911664
1.10805675377
1.10651103477
1.10505836369
1.10370462902
1.10245454251
1.10131218525
1.10028018986
1.09936005827
1.09855165504
1.09785473091
1.09726721671
1.09678525758
1.09640520707
1.09612274195
1.09593273362
1.095830158
1.09581070623
1.09587017469
1.09600477562
1.09621135001
1.09648873436
1.09683736581
1.09725858891
1.09775453723
1.09832843568
1.09898556253
1.09973351775
1.10058101015
1.10153653741
1.10261048243
1.10381387393
1.10515704937
1.10665093833
1.1083051893
1.11012813132
1.11212601648
1.11430340156
1.11666443974
1.11921111008
1.12194272878
1.12485600228
1.12794679556
1.13120827558
1.13463106299
1.13820549692
1.14191904276
1.14575629476
1.14970197547
1.15374081191
1.15785554685
1.16202816622
1.16624109508
1.17047629482
1.17471538031
1.17893975992
1.18313106879
1.18727071153
1.19134115765
1.19532535149
1.19920487843
1.20296247023
1.2065813207
1.21004414845
1.21333539958
1.2164392644
1.21933929115
1.22202171901
1.22447461512
1.22668564583
1.22864367728
1.23033945509
1.23176450105
1.23291254758
1.23377733407
1.23435424482
1.23464069173
1.23463339645
1.23433171971
1.23373517696
1.23284299046
1.23165564784
1.23017413578
1.22840059692
1.22633820697
1.2239906037
1.22136120854
1.21845247061
1.2152671416
1.21180970419
1.20808669761
1.20410373637
1.19986675048
1.19538473038
1.19066659582
1.18572398443
1.18057050898
1.17522257947
1.16970148686
1.16403117555
1.15823920735
1.15235869814
1.14642683784
1.14048468643
1.13457862045
1.12875908548
1.1230790178
1.1175935819
1.11235899291
1.1074307184
1.10286302255
1.09870579038
1.09500274843
1.09179031059
1.08909596398
1.08693764981
1.08532150174
1.08424322231
1.08368897915
1.0836340083
1.08404473204
1.08488078869
1.08609690695
1.08764446199
1.08947272033
1.09152980861
1.09376464926
1.09613036128
1.09858237489
1.10107829601
1.10358077098
1.10605813262
1.10848347529
1.11083427568
1.11309172268
1.11523978634
1.11726764625
1.11916830697
1.12093537251
1.12256554089
1.124058569
1.12541537358
1.12663947311
1.12773411177
1.12870307024
1.12955201675
1.13028545628
1.13090720662
1.13142082885
1.13183028001
1.13213858402
1.13234746566
1.13245896066
1.13247559804
1.13239916892
1.13222981414
1.13196668941
1.13160885505
1.13115584537
1.13060733918
1.12996188804
1.1292168982
1.12837068135
1.12742154385
1.12636691064
1.12520514701
1.12393481015
1.12255380038
1.12105903543
1.11944850548
1.11772184302
1.11587777433
1.11391497055
1.11183334106
1.10963327573
1.10731723024
1.10488789725
1.10234802626
1.09970358125
1.09696204619
1.09413351688
1.09122939075
1.08826306539
1.08525153992
1.08221435576
1.0791719784
1.07614730376
1.07316572328
1.07025159549
1.06743072264
1.0647308761
1.06217950068
1.05980273882
1.05762576669
1.05567174866
1.05396154058
1.05251504676
1.05134872354
1.05047413376
1.04989990862
1.04963182558
1.04967105915
1.05001445369
1.05065668661
1.05159043396
1.0528066473
1.05429285725
1.05603364703
1.0580140089
1.06021815414
1.06263011059
1.06523397724
1.06801406508
1.07095473138
1.07404048847
1.0772568299
1.08059016795
1.08402877981
1.08755937611
1.09117005605
1.09485096579
1.0985905512
1.10237860544
1.10620564749
1.11006216046
1.11393883859
1.11782752497
1.12171963373
1.12560692405
1.12948198865
1.1333368251
1.13716431121
1.14095809591
1.14471261936
1.14842215085
1.15208108025
1.15568351653
1.15922429211
1.16269992778
1.16610688922
1.16944281972
1.17270597916
1.17589393172
1.17900533721
1.18204011064
1.18499608644
1.18787207386
1.19066730939
1.19337933978
1.19600648837
1.19854838865
1.20100371501
1.20336997435
1.20564330843
1.20781999315
1.20989565516
1.21186434844
1.21372055578
1.21545865999
1.21707232704
1.21855379165
1.21989473548
1.22108652817
1.22212009149
1.22298565333
1.22367299172
1.224171402
1.22447018787
1.22455895074
1.22442734056
1.22406402824
1.22345813591
1.2226009206
1.22148451086
1.22010084822
1.21844399915
1.21650965535
1.21429587846
1.21180147231
1.20902607478
1.20597457378
1.20265536839
1.19907993095
1.1952662692
1.19123562609
1.18701077283
1.18261879122
1.17809064735
1.17346231641
1.16877298118
1.16406377319
1.15937776324
1.15475756268
1.15024712696
1.14588889228
1.14171981097
1.13777252874
1.13407481788
1.13065012769
1.1275156228
1.12468088203
1.1221490448
1.11991684465
1.1179761928
1.11631472953
1.11491538149
1.1137571234
1.11281801362
1.11207728645
1.11151379282
1.11110698434
1.11083720812
1.1106874949
1.11064338726
1.11069232897
1.11082620149
1.11103775639
1.11132084128
1.11167166066
1.11208741748
1.11256655201
1.11310902031
1.11371501712
1.11438499447
1.11511995474
1.11592021501
1.11678523868
1.11771393874
1.11870599951
1.11976066924
1.1208773143
1.12205644341
1.12329564749
1.12459027551
1.12593782825
1.12733564061
1.12878033632
1.13026946966
1.13180017649
1.13336855705
1.13497038446
1.13660190523
1.13825877234
1.1399364132
1.14163038398
1.14333572039
1.14504655478
1.14675628529
1.14845916775
1.15014922466
1.15181980201
1.15346405237
1.15507511121
1.15664644501
1.15817194566
1.15964535491
1.16105863947
1.1624041207
1.16367725443
1.1648738003
1.16598832513
1.16701694885
1.16795873952
1.16881252869
1.16957731491
1.17025605557
1.17085317102
1.17137352092
1.17182414374
1.17221276342
1.1725476609
1.17283871315
1.17309738644
1.17333563848
1.17356534364
1.17379920259
1.1740493804
1.17432634169
1.17463990614
1.17500018375
1.17541384811
1.17588449142
1.17641459708
1.17700284045
1.17764505227
1.17833410701
1.1790596224
1.17980833691
1.1805634168
1.18130574292
1.18201454811
1.18266642863
1.18323592377
1.18369689225
1.18402133668
1.18418065124
1.18414695285
1.18389302528
1.18339352032
1.18262443371
1.18156418054
1.18019316294
1.17849438154
1.17645499133
1.17406464648
1.17131647938
1.16820755217
1.16473910639
1.16091697094
1.15675037046
1.15225295294
1.14744155415
1.14233695019
1.13696413399
1.13135046723
1.12552672458
1.11952670892
1.1133879021
1.1071489762
1.10084863035
1.09452745453
1.08822753522
1.08199012323
1.07585564611
1.06986337423
1.06405103162
1.05845498418
1.05310976819
1.04804622201
1.04329139129
1.03886955516
1.03480070827
1.03110190915
1.02778689181
1.02486327117
1.02233556108
1.0202051842
1.01846752713
1.01711399047
1.01613374817
1.01551240834
1.01523134839
1.01527095299
1.01560828725
1.01621736039
1.0170711726
1.018140006
1.01939369329
1.02080272334
1.02233555423
1.02396024407
1.02564691206
1.02736553042
1.02908712431
1.03078629467
1.03243833014
1.03402035302
1.03551330201
1.03689992401
1.03816524699
1.0392991871
1.04029338159
1.04114166007
1.04184203079
1.04239489638
1.04280565277
1.04308109623
1.04322967996
1.04326255393
1.04319456642
1.04304323266
1.04282484427
1.04255736657
1.04226183255
1.04196014884
1.04167499487
1.04142772724
1.04123905151
1.04113168202
1.0411279078
1.04124796424
1.04151043529
1.04193235482
1.04252943133
1.04331597872
1.04430375199
1.0455032429
1.04692321242
1.04857021079
1.05044795365
1.05255726985
1.05489649656
1.05746189099
1.06024800156
1.06324594335
1.06644577658
1.06983541975
1.07340020723
1.07712516565
1.08099312133
1.08498440922
1.08907689233
1.09324815045
1.0974763286
1.1017389357
1.10601235868
1.1102733702
1.11450003504
1.11866962258
1.1227590297
1.12674623772
1.13061157603
1.13433748249
1.13790651814
1.14130191045
1.14450875784
1.14751422262
1.1503054457
1.15287064078
1.15520217722
1.15729337277
1.15913650373
1.1607258808
1.16205749261
1.1631277048
1.1639350299
1.1644788083
1.16475923906
1.16477720925
1.16453422401
1.16403352942
1.16327868144
1.16227541136
1.16103051688
1.15954976546
1.15783973789
1.15590876684
1.1537667324
1.15142372003
1.14889071732
1.14618045516
1.14330528518
1.14027790722
1.13711354475
1.13382759219
1.13043496489
1.12695151765
1.12339347076
1.11977703491
1.11611950715
1.11243943208
1.10875404206
1.10507923931
1.10143098026
1.09782633403
1.09428248728
1.09081480085
1.08743870416
1.08417001066
1.08102252972
1.07800991133
1.0751455255
1.07244088884
1.06990799628
1.06755848349
1.0654025169
1.06344967386
1.06170851638
1.06018623293
1.05888843764
1.05782005208
1.0569868509
1.05639069315
1.05603071585
1.05590760816
1.05601955977
1.05636307629
1.05693457567
1.0577289646
1.05873887286
1.05995690366
1.06137531005
1.06298291904
1.06476760347
1.06671722194
1.06882003105
1.07106381022
1.07343449062
1.07591828963
1.07850081038
1.08116725261
1.08390435087
1.08670053555
1.08954309829
1.09241902017
1.09531704926
1.09822617417
1.10113810894
1.1040468433
1.10694551799
1.10982871953
1.11269288329
1.11553633345
1.11835923086
1.12116068318
1.12394158366
1.12670544108
1.129455572
1.1321963544
1.13493219334
1.13766699879
1.14040544949
1.14315290316
1.14591517991
1.14869605164
1.1514985603
1.15432519532
1.15717559814
1.16004861563
1.16294265753
1.16585389872
1.16877712028
1.17170509755
1.17462893446
1.17753805586
1.18041981187
1.1832604258
1.18604658352
1.18876384345
1.19139526059
1.19392434664
1.19633433285
1.19860711764
1.20072608341
1.20267495512
1.20443555357
1.20599248211
1.20733108664
1.20843556433
1.20929270196
1.20989084552
1.21021908297
1.21026748709
1.21002781061
1.20949432458
1.2086625284
1.20753099871
1.20609985865
1.20436921982
1.20234243288
1.20002593576
1.19742810084
1.19455885835
1.19142928271
1.18805290273
1.1844459815
1.18062702779
1.17661551718
1.17243119625
1.16809669178
1.16363638521
1.15907423759
1.15443476537
1.14974321138
1.14502427043
1.14030232296
1.13560153404
1.13094473683
1.12635491345
1.12185325253
1.11745858846
1.11318933843
1.10906289997
1.10509368835
1.10129309879
1.09767237239
1.09424232964
1.091009927
1.08797927434
1.08515584936
1.08254355684
1.08014550462
1.07796227977
1.07599230623
1.07423565673
1.07269058657
1.07135412697
1.07022314292
1.06929392651
1.06856261605
1.06802427756
1.06767448426
1.0675079758
1.06751764044
1.06769653029
1.06803702988
1.06853072106
1.06916877129
1.06994155922
1.07083915567
1.07185247151
1.07297116287
1.07418303473
1.07547627216
1.07683902232
1.07825893858
1.07972556798
1.08122869128
1.08275691207
1.08429989754
1.08584774513
1.08739168128
1.08892317373
1.09043318382
1.09191560165
1.0933637471
1.09477098198
1.09613192122
1.09744074891
1.09869295977
1.09988460582
1.10101186517
1.10207036613
1.10305576302
1.10396476028
1.10479455901
1.10554192694
1.1062025217
1.10677250257
1.10724906564
1.10762840338
1.10790618162
1.10807790157
1.10813982107
1.10808804987
1.1079185165
1.10762823136
1.10721364117
1.10667035235
1.10599522136
1.10518652142
1.1042416837
1.10315799756
1.10193389975
1.10056904256
1.09906202858
1.09741106915
1.09561711018
1.09368197289
1.09160646224
1.08939251624
1.08704278984
1.08455937528
1.08194515071
1.07920388366
1.0763397449
1.07335788029
1.07026605154
1.06707150517
1.06378088526
1.06040257709
1.05694712984
1.05342526275
1.04984859913
1.0462308675
1.04258632053
1.03893096376
1.03528278019
1.03166097433
1.0280862153
1.02458033883
1.02116606743
1.01786824452
1.01471231064
1.01172408272
1.00893009538
1.00635787489
1.00403351656
1.00198025075
1.00021952258
0.998770137355
0.997649406164
0.996871140196
0.996442204061
0.996366685148
0.996644918959
0.997271196474
0.99823837671
0.999536370942
1.00115023693
1.00306216767
1.00525296888
1.00770217465
1.01038801518
1.01328969807
1.01638724939
1.01966189033
1.02309626535
1.02667188738
1.03037218855
1.03418394135
1.03809432921
1.04209121356
1.04616358196
1.05030135136
1.05449594914
1.05873924531
1.06302364121
1.06734127756
1.07168330744
1.07604066663
1.08040391607
1.08476494636
1.08911528607
1.09344403804
1.09773971068
1.10199066318
1.10618500411
1.11031038647
1.11435395875
1.11830304517
1.12214524121
1.1258676065
1.12945772715
1.13290496699
1.1361989107
1.1393289978
1.14228776938
1.14506875811
1.1476648994
1.15007370101
1.15229410762
1.15432580666
1.15617151988
1.15783627714
1.15932684706
1.16065130252
1.16181887015
1.16284032573
1.16372807681
1.16449469423
1.16515336903
1.16571689835
1.16619898482
1.16661283435
1.1669695591
1.16727949714
1.16755172508
1.16779397552
1.16801095142
1.16820612149
1.16838226171
1.16853972018
1.16867577776
1.16878574046
1.16886385139
1.16890224118
1.16889163667
1.1688217507
1.16868020093
1.16845488585
1.16813346637
1.16770249816
1.16714869676
1.16645893039
1.16562064446
1.16462383273
1.16345954385
1.16211991638
1.16059987459
1.15889504712
1.1570043982
1.1549284191
1.15266885806
1.1502314778
1.14762346327
1.14485231764
1.1419268218
1.13885842363
1.13565987479
1.13234358828
1.12892279345
1.12541169012
1.12182503352
1.11817797665
1.1144853939
1.11076397552
1.10703351817
1.10331205774
1.09961859005
1.09597463231
1.0924021599
1.08892706887
1.08557940608
1.08238989187
1.0793909843
1.07661762825
1.07410635589
1.07189455046
1.07001855996
1.06851402551
1.06741308138
1.0667420111
1.06652021014
1.06676000328
1.06746627284
1.06863448299
1.07025111268
1.07229170356
1.07472396726
1.07750792934
1.08059624353
1.08393833637
1.08748054131
1.09116632952
1.0949388014
1.09874384907
1.10253162119
1.10625706549
1.10987633938
1.11335127914
1.11665112346
1.11974841917
1.12262112549
1.12525209654
1.12762918092
1.12974466557
1.13159492768
1.13317919623
1.13449903985
1.13555950376
1.13636712509
1.13693113487
1.13726202983
1.1373698249
1.13726595709
1.13696327949
1.13647456926
1.13581367502
1.13499423603
1.13402859943
1.13293028626
1.13171192174
1.1303840772
1.12895848394
1.12744693834
1.1258593048
1.1242038586
1.12248972548
1.12072628081
1.11892091294
1.11708213056
1.11521934286
1.1133422049
1.11146101565
1.10958645844
1.107729459
1.10590266429
1.10411894448
1.10239087213
1.10073030773
1.09914815086
1.09765705115
1.09626819607
1.09499080215
1.09383319867
1.09280284702
1.09190649441
1.0911489273
1.09053337142
1.09005889211
1.08972250599
1.08952188448
1.08945269474
1.08950940749
1.08968635623
1.08997636915
1.09037198362
1.09086488604
1.09144535781
1.09210565705
1.09283811991
1.09363343846
1.09448296859
1.09537855189
1.09631117292
1.09727281117
1.09825764407
1.09925787374
1.10026519357
1.10127264339
1.10227269159
1.1032601273
1.10422931951
1.10517533679
1.10609317155
1.10697700165
1.10782353243
1.10862955372
1.10939219787
1.11011020004
1.11078201732
1.11140688951
1.11198499557
1.11251614818
1.11300179942
1.11344429028
1.11384680218
1.11421234201
1.11454248231
1.11483987463
1.11510817407
1.1153493506
1.11556473049
1.1157557394
1.11592318029
1.11606751699
1.11618755086
1.11628014345
1.11634157132
1.11636807003
1.11635576807
1.11629854886
1.1161889013
1.11602089002
1.11578774247
1.11548216235
1.11509705846
1.11462696911
1.1140669988
1.11341240535
1.11266069742
1.111810879
1.11086345195
1.10982047829
1.10868554733
1.10746449975
1.10616562943
1.10479793547
1.10337052832
1.10189395017
1.10037975984
1.09883942681
1.09728654298
1.09573435613
1.09419474735
1.09267921869
1.09119922178
1.08976498851
1.0883861842
1.08707296189
1.08583299588
1.08467245604
1.0835976406
1.08261545078
1.08173099495
1.0809484217
1.08027213513
1.07970653764
1.07925560892
1.0789231871
1.07871361414
1.0786306081
1.07867856597
1.07886187092
1.07918423438
1.07964879082
1.08025886432
1.08101657406
1.0819215572
1.08297320962
1.08416970925
1.08550755901
1.08698206808
1.0885866387
1.09031404861
1.09215621182
1.09410190566
1.09613819098
1.09825178019
1.10042912041
1.10265627371
1.1049173852
1.10719635897
1.10947801083
1.11174689985
1.11398837185
1.11618986787
1.11833857551
1.12042353985
1.12243520468
1.12436443916
1.12620433578
1.12794963904
1.12959758981
1.13114679563
1.13259645613
1.13394795283
1.13520402099
1.13636843693
1.13744652868
1.13844467178
1.13937035929
1.14023298449
1.14104144805
1.14180379478
1.14253015707
1.14323076821
1.14391520761
1.14459374165
1.14527597744
1.14597190281
1.14669032947
1.14743757153
1.14822070101
1.14904645655
1.14991838542
1.15083945945
1.1518120966
1.15283479222
1.15390463059
1.15501709658
1.15616492586
1.15733928822
1.15852937853
1.15972384487
1.16090966491
1.16207247351
1.16319678355
1.16426534266
1.16526084008
1.16616461125
1.16695791808
1.16762400568
1.16814601406
1.16850597296
1.16868876532
1.16868074681
1.16846829937
1.1680392258
1.16738310287
1.16649167072
1.16535878805
1.16398146346
1.16235802947
1.16048720911
1.15836978676
1.15600816201
1.15340720551
1.1505737715
1.14751537923
1.14424093026
1.14076067022
1.13708627128
1.13323038613
1.12920655438
1.12502958075
1.12071639308
1.11628452938
1.11175116833
1.10713465008
1.10245488682
1.0977328053
1.09298953366
1.08824844977
1.08353286779
1.07886510839
1.07426898305
1.06976963147
1.06539177299
1.06115877087
1.05709412389
1.05322026744
1.04955875731
1.04612974012
1.04295048563
1.04003752276
1.03740481391
1.03506240441
1.03301898082
1.03128069776
1.02985056784
1.02872912957
1.02791463273
1.02740317255
1.02719005596
1.02726907657
1.02763209009
1.02826886369
1.02916765014
1.0303173548
1.03170688617
1.03332407061
1.03515687498
1.0371946165
1.0394254545
1.0418375506
1.04442064996
1.04716430298
1.05005752793
1.05308896016
1.05624825587
1.05952439245
1.06290607595
1.06638159883
1.06993801609
1.07356205568
1.07724059871
1.08095984282
1.08470564264
1.08846477626
1.09222194347
1.09596288687
1.09967350229
1.1033380788
1.10694300122
1.11047457623
1.11391916191
1.11726447916
1.12049953788
1.12361438547
1.12659913096
1.12944426142
1.1321425384
1.13468816391
1.13707517482
1.13929972378
1.14135958793
1.1432537841
1.14498311626
1.14654930751
1.1479550336
1.14920363061
1.15029873057
1.15124585426
1.15205081098
1.15271992003
1.15326036347
1.15367800191
1.15397805623
1.15416601369
1.15424726759
1.15422758272
1.15411126839
1.15390184641
1.15360244925
1.15321405043
1.15273665091
1.15216953742
1.15151073232
1.15075818143
1.14990942524
1.14895932759
1.14790295712
1.14673510704
1.14544903362
1.14403864193
1.14249854697
1.14082391117
1.1390099652
1.1370517805
1.13494642414
1.13269251968
1.13028923491
1.12773757025
1.12503958378
1.12220027142
1.11922734386
1.11612904678
1.11291720995
1.10960598441
1.10621233182
1.10275668642
1.09926086157
1.09574875796
1.09224545966
1.08877804243
1.08537694714
1.08207417287
1.07890343162
1.07589766877
1.07308831194
1.07050639934
1.06818132673
1.06614100169
1.06440920162
1.0630061707
1.06194875383
1.06124933747
1.06091460279
1.06094510935
1.06133675185
1.06208114911
1.06316364723
1.06456408149
1.066257977
1.06821662553
1.07040823926
1.07279881641
1.07535284921
1.07803337785
1.0808030618
1.08362461621
1.08646217109
1.08928062478
1.09204675296
1.09473039413
1.09730300567
1.09973988462
1.1020185718
1.10411874519
1.10602405571
1.1077208823
1.10919928313
1.11045123808
1.1114712494
1.11225734135
1.11280863509
1.11312678406
1.11321620275
1.1130815648
1.11273084559
1.11217238586
1.11141439491
1.11046849082
1.10934648557
1.10806143725
1.10662719288
1.10505732557
1.10336649741
1.10157131861
1.09968869813
1.09773458326
1.09572536107
1.09367909795
1.09161365594
1.08954626568
1.08749392512
1.08547328997
1.08350044297
1.08159066542
1.07975830169
1.07801590509
1.07637424026
1.07484309492
1.07342911217
1.07213485669
1.0709619857
1.06990943124
1.0689721099
1.06814261175
1.0674103634
1.06676180785
1.06618102942
1.06565067076
1.06515160242
1.06466341434
1.06416667489
1.06364107845
1.06306532955
1.06241828452
1.0616801791
1.0608336215
1.05986480467
1.05876173377
1.05751379606
1.05611342214
1.05455742124
1.05284523621
1.05097920562
1.04896539242
1.04681277695
1.04453558348
1.04215030586
1.03967571997
1.03713500976
1.03455355142
1.03195946557
1.02938382854
1.02685817706
1.02441517106
1.0220894709
1.01991549473
1.01792785588
1.01616044803
1.01464378829
1.01340693818
1.01247604695
1.01187407053
1.01161937225
1.0117247591
1.01219879977
1.01304446433
1.01425968817
1.01583632043
1.0177614001
1.02001793225
1.02258535517
1.02543778225
1.02854640222
1.03188236035
1.03541456612
1.03911129251
1.04294105031
1.04687406849
1.05088203796
1.0549369961
1.05901378182
1.06308955977
1.06714225414
1.07115220115
1.07510190572
1.07897642423
1.08276285748
1.08644844403
1.09002290554
1.09347728392
1.09680216801
1.0999903231
1.10303740446
1.10593937899
1.10869184804
1.11129190946
1.11373930517
1.1160345039
1.11817800154
1.12017236289
1.12202111736
1.12372729465
1.12529544457
1.12673020255
1.12803514933
1.12921559743
1.13027748195
1.1312250783
1.13206203238
1.13279179037
1.13341615207
1.13393670486
1.13435514044
1.13467121693
1.13488312599
1.13498875226
1.13498522525
1.13486951199
1.13463877008
1.13429083622
1.13382395921
1.13323696664
1.1325310111
1.13170824937
1.13077371742
1.12973642658
1.12860827792
1.1274039715
1.12614238014
1.12484737631
1.12354650503
1.12227113396
1.12105549748
1.1199362159
1.11895292159
1.11814671109
1.11755830345
1.11722821704
1.1171942085
1.11749002813
1.11814602418
1.11918730347
1.1206302582
1.12248315165
1.12474800788
1.12741809201
1.13047691881
1.13390044424
1.13765631776
1.1417049274
1.14600305033
1.15050260399
1.1551513094
1.15989484499
1.16467826857
1.16944907907
1.17415742383
1.17875363123
1.18319122562
1.18742917418
1.19143003335
1.19516116954
1.19859534185
1.20171000787
1.20448708556
1.20691244543
1.20897784547
1.21067981697
1.21201681166
1.2129919804
1.21361271076
1.21388776216
1.21382873148
1.21345000077
1.21276667227
1.21179513655
1.21055302905
1.20905949877
1.20733463825
1.2053989532
1.20327258795
1.20097555426
1.19852744827
1.19594644447
1.19325151536
1.19046046857
1.18758868999
1.18465073653
1.18166229128
1.17863667704
1.17558286599
1.17250999109
1.16942664081
1.16633975247
1.16325509433
1.16017737074
1.15711044907
1.1540580078
1.15102260628
1.14800595925
1.1450095732
1.14203424444
1.13908105722
1.13615111116
1.13324563422
1.13036571602
1.1275130362
1.1246899537
1.1218981161
1.11913916579
1.11641603477
1.11373124365
1.11108616886
1.10848293746
1.10592417493
1.10341407893
1.10095735093
1.09855648551
1.0962148774
1.09393661707
1.09172428204
1.08958117754
1.08751080193
1.08551681012
1.0836034801
1.08177485806
1.08003491514
1.07838762115
1.07683676582
1.0753858628
1.07403733448
1.07279374026
1.07165737681
1.07063040539
1.06971513006
1.06891138519
1.06821830966
1.06763495819
1.06716056902
1.06679342004
1.06652927637
1.066363997
1.06629361974
1.06631245704
1.06641622057
1.0666007319
1.06685781561
1.06717967423
1.06756062653
1.06799428276
1.06847493269
1.0689974814
1.06955620408
1.07014670673
1.07076542893
1.0714087216
1.07207421737
1.07276094582
1.07346867312
1.07419848373
1.0749518251
1.07572953699
1.0765340306
1.07736871697
1.07823714194
1.07914396674
1.08009345313
1.08108836644
1.08213148104
1.08322587064
1.08437420726
1.08557899689
1.08684090236
1.08815823436
1.08952983653
1.09095261977
1.09242154058
1.0939304245
1.09547164826
1.09703671082
1.09861560465
1.10019735636
1.10177014427
1.10332322338
1.10484436912
1.10631917274
1.10773420872
1.10907717193
1.1103356771
1.11149731996
1.11255101044
1.11348629078
1.11429244185
1.11496005144
1.11548216308
1.11585200945
1.11606375431
1.11611182172
1.11599108762
1.11569810072
1.11523158706
1.11459040584
1.11377301741
1.11278202762
1.11161966659
1.11028737216
1.10878869805
1.10712878005
1.10531395092
1.10335132007
1.1012487344
1.09901520321
1.09666180432
1.09419923843
1.09163775371
1.08898999146
1.08627017903
1.08349210049
1.08066995972
1.07781952523
1.07495552227
1.07209234297
1.06924519532
1.06642928023
1.06365868642
1.06094710148
1.05830868121
1.0557564453
1.05330317827
1.0509603468
1.04873804412
1.04664579992
1.04469106478
1.0428796568
1.0412164294
1.03970569594
1.0383516772
1.03715737413
1.03612306062
1.03524942085
1.03453778135
1.0339874008
1.03359783117
1.03336770067
1.03329516041
1.03337944652
1.03362101634
1.03402010708
1.03457702683
1.03529358022
1.03617175793
1.03721355628
1.03842210141
1.03980055906
1.04135173132
1.04307949885
1.04498805834
1.04708036545
1.04935740872
1.05181961136
1.05446528449
1.05729041655
1.06028919305
1.06345269293
1.06676873126
1.07022313256
1.07379891032
1.07747550463
1.0812302606
1.08503987746
1.08887887974
1.09272197198
1.09654320103
1.10031560762
1.10401346035
1.10761087475
1.1110847453
1.11441342033
1.11757649037
1.12055589871
1.12333605668
1.12590420616
1.12824924309
1.13036218515
1.13223654391
1.13386733395
1.13525151919
1.13638930156
1.13728192891
1.13793145317
1.13834402821
1.13852616079
1.13848359733
1.13822637022
1.13776504135
1.13710925774
1.13627102689
1.13526289683
1.13409796317
1.13279069966
1.13135548525
1.12980653912
1.12815933837
1.12643046311
1.12463725225
1.12279872645
1.1209338372
1.11906140473
1.11720065844
1.1153715793
1.11359489405
1.11189039735
1.11027799206
1.10877838931
1.10741127441
1.10619720089
1.10515498788
1.10429961867
1.10364593529
1.10320602095
1.10298993571
1.10300648082
1.10326047073
1.10375342087
1.10448459791
1.10545070284
1.10664600893
1.10806209541
1.10968796515
1.11151073566
1.11351685368
1.11569124418
1.11801753039
1.12047917442
1.12305933587
1.12574085612
1.12850647378
1.13134032496
1.13422792129
1.1371536572
1.14010153259
1.14305738767
1.14600750145
1.14893900283
1.15183943523
1.15469800431
1.15750395835
1.16024568584
1.16291377385
1.16549842539
1.16798987533
1.17037943583
1.17265844483
1.17481893331
1.17685345167
1.17875549112
1.18051843609
1.1821371714
1.18360769222
1.184925609
1.18608913334
1.18709796563
1.18795128067
1.18864979688
1.18919479038
1.18958764665
1.18983287944
1.18993639142
1.18990524622
1.18974709147
1.18947055888
1.189086081
1.18860498301
1.1880391428
1.18740062094
1.18670278807
1.18595975919
1.18518580808
1.18439479006
1.1836017931
1.18282119443
1.18206572329
1.18134723073
1.18067682327
1.18006565615
1.17952241574
1.17905521673
1.17867041434
1.17837228763
1.17816478399
1.17804936924
1.17802547475
1.17809304361
1.17824982001
1.17849140149
1.1788142102
1.17921342143
1.17968439276
1.18022187257
1.18082120721
1.18147746969
1.18218310781
1.18293120707
1.18371611879
1.18453277608
1.18537520552
1.18623758946
1.18711480479
1.18800074689
1.18888960084
1.18977674842
1.19065775746
1.1915279781
1.19238285844
1.19321730373
1.1940255836
1.19480257495
1.19554278337
1.19624117397
1.19689396491
1.19749617742
1.19804136694
1.1985242811
1.19894062799
1.19928580994
1.19955523226
1.19974376465
1.1998450038
1.1998529694
1.19976228731
1.19956821819
1.19926604904
1.19885097548
1.19831946825
1.19766713612
1.19688948584
1.19598348742
1.19494660135
1.19377827216
1.1924777095
1.19104384795
1.18947830686
1.18778400669
1.18596489
1.18402505048
1.18196992428
1.17980596793
1.17754005908
1.17517943956
1.17273308717
1.17021065524
1.16762214844
1.16497630257
1.16228109498
1.15954704268
1.15678282425
1.15399652172
1.1511965004
1.14838877082
1.14558036337
1.14277761599
1.13998628249
1.13721122241
1.13445568827
1.13172441599
1.12902080085
1.12634799599
1.12370978419
1.12110997649
1.11855335653
1.11604489274
1.11358908437
1.11119204896
1.1088622653
1.10660822243
1.10443922794
1.10236577007
1.10039896204
1.09855071865
1.09683333842
1.09525984137
1.09384367981
1.09259786686
1.0915348512
1.09066700808
1.09000410575
1.08955347878
1.08932273449
1.08931629698
1.08953558382
1.08998111255
1.09064964311
1.09153463679
1.09262823026
1.09392086989
1.09540003278
1.09705088868
1.09886028799
1.10081232901
1.10288751321
1.1050678176
1.10733461525
1.10966916853
1.11205324786
1.1144690279
1.11690032302
1.11933102079
1.12174622347
1.12413221281
1.12647592652
1.12876614102
1.13099314343
1.13314857599
1.13522510516
1.13721715084
1.13912020219
1.14093171753
1.14264910091
1.14426918083
1.14579150581
1.1472180092
1.14854932902
1.14978622896
1.15093099863
1.15198605579
1.15295424076
1.15383823212
1.1546420993
1.15536982796
1.15602485821
1.15661178946
1.15713424131
1.15759494598
1.15799708724
1.15834322382
1.15863552267
1.15887654103
1.1590685194
1.15921309811
1.1593135364
1.15937162422
1.15938835446
1.15936693555
1.15930868851
1.1592142539
1.15908498532
1.1589223475
1.15872829755
1.15850402193
1.15825095966
1.15797224895
1.15767176726
1.15735333105
1.15701950265
1.15667241042
1.15631504886
1.15595021959
1.15557979678
1.15520573601
1.15483103501
1.15445740948
1.15408550973
1.15371552365
1.15334847486
1.15298373858
1.152617522
1.1522464804
1.15186788647
1.15147815751
1.15107242787
1.15064464327
1.15018787907
1.14969570925
1.14916258525
1.14858216222
1.14794713435
1.14725146445
1.14649094772
1.14565979367
1.1447523394
1.14376545458
1.14269605374
1.1415423661
1.14030420823
1.13898281709
1.13758014823
1.13609847959
1.13454061089
1.13291080945
1.13121389945
1.12945479053
1.12763983736
1.12577420493
1.12386267597
1.12191176668
1.11992767303
1.11791563497
1.11588149367
1.11383074788
1.11176671877
1.10969254368
1.10761320736
1.10553332849
1.10345726587
1.10139024402
1.09933732732
1.09730520048
1.09530060967
1.09332903381
1.09139613034
1.08950830369
1.08767291146
1.08589687592
1.08418765038
1.08255228054
1.08099641532
1.07952303581
1.07813320453
1.07682864841
1.07561077235
1.07447929675
1.07342997246
1.07245669133
1.07155234419
1.07070884212
1.06991801318
1.06916877907
1.06844912017
1.06774655061
1.067048658
1.0663433994
1.06561878075
1.06486410821
1.06406992275
1.06322827975
1.06233306168
1.06138126308
1.06037235884
1.05930951387
1.0581976254
1.0570443559
1.05586258383
1.05466587941
1.05346918767
1.05229128833
1.05115353236
1.05007929275
1.04909288837
1.04821731772
1.04747415175
1.04688443423
1.04646716379
1.04623747811
1.04620656216
1.0463826591
1.04676959189
1.04736744036
1.0481714723
1.04917021569
1.05034835228
1.05168700811
1.05316404077
1.05475381529
1.05642783329
1.05815750218
1.05991312454
1.06166446501
1.0633823529
1.06503801937
1.06660573142
1.0680623413
1.06938669505
1.07056211552
1.0715754143
1.07241602999
1.07307634289
1.07355296829
1.07384750404
1.07396391916
1.07390890443
1.07369276081
1.07332780842
1.07282870356
1.0722130725
1.07150016893
1.07070918022
1.06986140749
1.06897992172
1.0680871627
1.06720606908
1.06635938159
1.06557009033
1.06486121342
1.06425504295
1.06377132466
1.06342749195
1.06324173997
1.06323052237
1.063408221
1.06378700966
1.06437727693
1.06518835861
1.0662270432
1.06749751432
1.06900196755
1.07074185175
1.07271614392
1.07492058093
1.07734897318
1.0799946596
1.08284929542
1.08590120243
1.08913867419
1.09254875042
1.09611601474
1.09982527382
1.10365909304
1.10759961637
1.11163011089
1.11573288234
1.11989024378
1.12408285876
1.1282914026
1.13249801164
1.13668610922
1.14083913514
1.14493972114
1.14897085396
1.15291624937
1.15676032408
1.16048882981
1.16408832821
1.16754578189
1.1708512415
1.17399434769
1.1769650424
1.17975418902
1.18235308065
1.1847552852
1.18695398065
1.18894331285
1.1907196895
1.19228001629
1.19362144108
1.19474206789
1.19564207851
1.1963216818
1.19678058411
1.1970214804
1.19704763635
1.19686129376
1.19646587987
1.19586504596
1.19506316352
1.19406702492
1.19288218237
1.19151347193
1.18996623715
1.18824681432
1.18636266948
1.18431952622
1.18212457667
1.17978600521
1.17731097751
1.17470743411
1.17198207632
1.1691412678
1.16619190463
1.16314153179
1.15999797051
1.156769861
1.15346533935
1.15008900141
1.14664780093
1.14314889573
1.13959721431
1.13599859339
1.13235867875
1.12868266772
1.12497542923
1.12124102307
1.1174832318
1.11370564316
1.10991226051
1.10610530551
1.10228518064
1.09845371012
1.09461277369
1.09076498405
1.08691240195
1.08305521349
1.07919402551
1.07533030387
1.07146692369
1.06760617723
1.06375070845
1.0599047332
1.05607296463
1.05226138457
1.04847668755
1.04472734437
1.04102350554
1.03737605388
1.03379593001
1.03029591323
1.02689041924
1.02359403017
1.02042244934
1.01739155031
1.01451734573
1.01181652216
1.00930532773
1.00699967772
1.00491606514
1.0030689379
1.00147090087
1.00013412691
0.99906854338
0.998283258887
0.997785490676
0.99757892596
0.997666320362
0.998048658788
0.998723176429
0.999685081724
1.00092759034
1.00244184543
1.00421782405
1.0062438498
1.00850752602
1.01099538825
1.01369242056
1.01658345307
1.01965354078
1.02288580527
1.02626235335
1.02976654791
1.03338197806
1.03709285506
1.04088374712
1.04473909464
1.0486446761
1.05258737188
1.05655389273
1.06053210068
1.06451118523
1.06848062478
1.07243057284
1.07635312424
1.08024027877
1.0840851709
1.08788263063
1.09162749631
1.09531500498
1.09894183017
1.10250642419
1.10600616489
1.10943969555
1.1128058095
1.11610349851
1.11933202788
1.12248915583
1.125574315
1.12858668733
1.13152512823
1.13438831071
1.13717346604
1.13987821996
1.14249864869
1.14503051896
1.14746859654
1.14980500552
1.15203210504
1.15414169487
1.15612449078
1.15796988845
1.15966692113
1.1612040827
1.16257128036
1.16375737446
1.16475032642
1.16553890407
1.16611256114
1.16646329903
1.16658353563
1.16646707964
1.16611119031
1.16551338201
1.16467235653
1.16359063378
1.16227295283
1.16072691807
1.15896108907
1.15698487085
1.15480962799
1.15244806761
1.14991383698
1.14722275944
1.14439088978
1.14143238722
1.13836122749
1.13519255548
1.13194132175
1.12862004406
1.1252409153
1.12181594271
1.1183552825
1.11486787738
1.11136344759
1.10785194644
1.10434186459
1.10084260866
1.0973644066
1.09391797464
1.09051358617
1.08716222159
1.0838766269
1.08067071671
1.07755953457
1.07455791156
1.07168248418
1.06894950932
1.06637432943
1.0639735419
1.06176180624
1.05975234701
1.05795846078
1.05639010166
1.05505483407
1.05395957299
1.05310702216
1.05249680652
1.05212587602
1.05198908934
1.05207924662
1.05238648265
1.05289941383
1.05360438652
1.05448604971
1.0555297874
1.05672124102
1.0580442532
1.05948414708
1.0610280758
1.06266424248
1.06438244134
1.06617339428
1.06802862404
1.0699417953
1.07190806191
1.07392379994
1.07598533452
1.07808878813
1.08023187533
1.08241338331
1.0846303515
1.08687820521
1.08915316036
1.09145144122
1.09376851889
1.09609887594
1.09843655175
1.10077449307
1.10310471645
1.10541958423
1.10771005414
1.10996693351
1.11218162883
1.11434433803
1.11644556291
1.11847505483
1.12042422922
1.12228478533
1.12404613548
1.12569874719
1.12723364144
1.12864212112
1.12991510678
1.13104365274
1.13202031858
1.13283813205
1.13348949548
1.13396708757
1.13426396249
1.13437373172
1.13429238116
1.1340172016
1.13354461179
1.1328710391
1.13199671594
1.13092240317
1.12964887336
1.12817976472
1.1265183719
1.12466785411
1.12263353776
1.12042253277
1.11804271036
1.11550270696
1.11281227183
1.10998130481
1.10701980658
1.10393823641
1.10074712336
1.09745754188
1.09407946456
1.09062331108
1.08710083723
1.08352287753
1.07989929691
1.07624029977
1.07255794747
1.06886332277
1.06516814637
1.06148449611
1.05782319128
1.05419559495
1.05061368152
1.04709034847
1.04363922909
1.04027343432
1.03700562541
1.03385076447
1.03082389452
1.02793765508
1.02520438553
1.02263795457
1.02025064336
1.01805352056
1.01605670839
1.01426987505
1.01270143611
1.01135650478
1.01023914895
1.00935187459
1.0086946297
1.00826552769
1.0080611757
1.0080761544
1.00830299798
1.0087317526
1.00935094003
1.01014886059
1.01111150588
1.01222408205
1.0134702512
1.01483189793
1.01629182853
1.01783192742
1.01943432836
1.02108260926
1.02276177541
1.02445696952
1.0261533713
1.02783788764
1.02950066309
1.03113307795
1.03272728244
1.03427761569
1.03578295131
1.0372425384
1.03865380198
1.0400189801
1.0413423019
1.04262918349
1.04388720021
1.04512442422
1.04635091886
1.04757695183
1.04881366125
1.05007311805
1.05136632463
1.05270424486
1.05409754724
1.05555568967
1.0570865831
1.05869712105
1.06039216305
1.06217604358
1.06405052142
1.06601454979
1.06806615121
1.07020002346
1.07240988275
1.07468822867
1.07702612184
1.07941188012
1.08183187038
1.08427322766
1.08672253307
1.0891665623
1.09159110333
1.09398056462
1.09632058957
1.09859797109
1.10080157432
1.10291965801
1.10493988679
1.10685311836
1.10865190813
1.11032840191
1.11187593548
1.11329081042
1.11456966579
1.11570909638
1.11670901519
1.11757089889
1.11829493633
1.11888336125
1.11934015782
1.11966912555
1.11987522145
1.11996527557
1.11994594252
1.11982411793
1.11960850447
1.11930817113
1.11893142127
1.11848652139
1.11798177619
1.11742639609
1.11682888707
1.11619723978
1.11554044787
1.11486503118
1.11417729602
1.11348456608
1.11279318838
1.11210698924
1.11142860062
1.11076103303
1.11010481617
1.10946021212
1.10882817376
1.10820694798
1.10759422737
1.10698647412
1.10637866493
1.10576751656
1.10514856
1.10451782448
1.10387141408
1.10320426215
1.10251191845
1.10178977427
1.10103558211
1.1002474488
1.09942354235
1.09856286069
1.09766460361
1.09672871016
1.09575610177
1.09474830174
1.09370808237
1.09263930851
1.09154580432
1.09043170438
1.08930212915
1.08816442313
1.08702476719
1.08588913228
1.08476511701
1.08366096911
1.08258703666
1.08155238183
1.08056768946
1.07964367876
1.0787893464
1.07801584541
1.07733367023
1.07675326782
1.07628684655
1.07594611278
1.07574096478
1.0756831289
1.07578348698
1.07605034011
1.07649296729
1.07712038465
1.07794174117
1.0789653547
1.08019832143
1.08164648507
1.08331332364
1.08520231578
1.08731491655
1.08965043154
1.09220557578
1.09497544799
1.09795312692
1.10112844326
1.10448910257
1.10802048865
1.1117058808
1.11552517926
1.11945657124
1.12347759428
1.12756402118
1.13169084149
1.13583535194
1.13997432966
1.14408460232
1.14814572249
1.15213834574
1.15604423977
1.15984741194
1.16353383682
1.16709169563
1.17051179253
1.17378404577
1.17690039643
1.1798543641
1.18263749184
1.18524325783
1.18766597935
1.18989837508
1.1919332705
1.19376256922
1.19537820088
1.19677152778
1.19793296513
1.19885390219
1.19952632437
1.19994374948
1.20009992744
1.199989181
1.19960680418
1.19895051882
1.19801966788
1.19681551722
1.19534338585
1.19360947831
1.19162316456
1.18939695802
1.18694371477
1.18427940708
1.18142307938
1.17839584314
1.17521938424
1.17191662521
1.16851124177
1.16502801242
1.16149316976
1.15793096092
1.15436412864
1.15081459239
1.14730357655
1.14385123183
1.14047542998
1.13719198953
1.13401434106
1.13095303514
1.12801689873
1.12521386736
1.12254929517
1.12002575995
1.11764467756
1.11540806006
1.11331699686
1.11136977761
1.10956481052
1.10790042533
1.10637332553
1.10498016595
1.10371794208
1.10258458743
1.10157754861
1.10069181328
1.09992266729
1.09926684297
1.09872182841
1.09828318183
1.09794604784
1.09770633
1.09755887076
1.09749889149
1.09752171319
1.09762236458
1.09779584053
1.09803683179
1.09833952755
1.0986983461
1.09910838222
1.09956459624
1.10006159782
1.10059368219
1.10115624447
1.10174374275
1.10234866098
1.10296469255
1.10358611458
1.10420687379
1.10481999074
1.10541846842
1.10599655979
1.10654858675
1.10706773422
1.10754737727
1.10798271332
1.10836839001
1.10869820473
1.10896612505
1.10916731654
1.10929784996
1.10935361054
1.10933043744
1.10922371818
1.10903011415
1.1087472501
1.10837313482
1.10790561875
1.10734407044
1.10668925172
1.10594194385
1.10510377513
1.10417746996
1.10316517674
1.10206877813
1.10089234234
1.09964067005
1.09831854516
1.09693047801
1.09548210186
1.09397947954
1.09242715417
1.0908295144
1.08919210215
1.08752046924
1.08581942668
1.08409424631
1.08234915721
1.0805880874
1.07881615958
1.0770367827
1.07525084932
1.07346013576
1.07166711877
1.06987315927
1.06807986882
1.06628885966
1.06450158015
1.06272075295
1.0609486616
1.05918822506
1.05744415886
1.05571998486
1.05401978804
1.05235059597
1.05072053693
1.04913879372
1.04761586479
1.04616406761
1.04479677521
1.04352791329
1.04237544422
1.04135688182
1.04048870777
1.03978980973
1.03927911322
1.03897319552
1.03888765673
1.0390375432
1.03943636861
1.04009421414
1.04101715598
1.04220852317
1.04366799916
1.04539182041
1.04737282411
1.04960138553
1.05206503231
1.05474728999
1.05763060158
1.06069549456
1.06392073696
1.06728491373
1.07076584683
1.07434311084
1.07799700319
1.08170808629
1.0854576826
1.08922888227
1.09300681173
1.0967780941
1.10053038929
1.10425184385
1.10793226321
1.11156334927
1.11513911247
1.11865374927
1.12210139396
1.12547830895
1.12878014467
1.13200460952
1.13515047886
1.13821617277
1.14120074107
1.14410370544
1.14692506224
1.149664659
1.15232427307
1.15490558746
1.15741070891
1.15984223368
1.16220129816
1.16448921223
1.16670793862
1.16886062152
1.17095027102
1.17297841758
1.17494640792
1.17685514017
1.17870544831
1.18049943986
1.18223949066
1.18392609432
1.18556027509
1.18714335474
1.18867475687
1.1901543276
1.19158203311
1.1929572143
1.19427934825
1.19554741817
1.19675952728
1.19791255088
1.19900218825
1.20002501959
1.2009775146
1.20185538667
1.2026535208
1.20336558145
1.20398555706
1.20450715229
1.20492377311
1.20523048839
1.20542149066
1.20549082101
1.20543446636
1.20524680332
1.2049235975
1.20446210419
1.20385918293
1.20311388935
1.20222569965
1.2011947985
1.20002419582
1.19871755587
1.19727898404
1.19571442768
1.19403149041
1.19223638121
1.19033542086
1.18833694852
1.18625026019
1.1840844833
1.1818488397
1.17955235615
1.17720399161
1.17481486613
1.1723952047
1.16995439888
1.16750241757
1.16504895322
1.16260448168
1.16018088103
1.15778960687
1.15544279511
1.15315384237
1.15093430058
1.14879437537
1.14674345113
1.14478967493
1.14294203145
1.14120602269
1.13958285374
1.13807103851
1.13666569468
1.13536075594
1.13414767881
1.13301551373
1.13195086256
1.13093904782
1.12996505259
1.1290124425
1.12806491223
1.12710819954
1.12612907591
1.1251134274
1.1240486122
1.12292527324
1.12173566724
1.12047459815
1.11913877372
1.11772545703
1.11623371372
1.1146636211
1.1130163003
1.11129455348
1.10950273909
1.10764667171
1.1057335638
1.10376986042
1.10176287678
1.09972157767
1.09765444909
1.09557172532
1.09348555671
1.09140768909
1.08934892515
1.08732194763
1.08534030913
1.08341719488
1.08156668328
1.07980431102
1.07814374124
1.07659658783
1.0751760522
1.07389376781
1.07275939278
1.0717811224
1.07096660756
1.07032252588
1.06985256961
1.0695589489
1.06944203509
1.06950190493
1.06973752832
1.07014510552
1.07072086683
1.07145964851
1.07235553509
1.07340294851
1.07459550637
1.07592567479
1.07738582424
1.07896951704
1.08066923032
1.08247704045
1.08438658638
1.08639129235
1.08848334675
1.09065571957
1.09290302106
1.09521783238
1.09759341082
1.10002425939
1.10250471913
1.10502894176
1.10759070751
1.11018472892
1.11280567831
1.11544910892
1.11811042337
1.12078452752
1.12346614899
1.12614967817
1.12882952148
1.1314996088
1.13415468628
1.136789089
1.13939585497
1.14196738617
1.14449691097
1.14697689102
1.14939984663
1.15175800165
1.15404184487
1.15624325263
1.15835443235
1.16036831979
1.16227782485
1.16407556598
1.1657544284
1.16730813839
1.16873242797
1.17002387863
1.17118000065
1.17219833346
1.17307778231
1.17381840171
1.17442063761
1.17488630187
1.17521825592
1.17542143645
1.17550080478
1.17546160153
1.17531174042
1.17505914844
1.17470944702
1.17427047535
1.17375075118
1.17315853881
1.17250310623
1.17179192537
1.17103300168
1.17023508961
1.16940392835
1.16854454253
1.16766269026
1.16676471972
1.16585417703
1.16493353862
1.16400504427
1.16306779601
1.16212027602
1.1611605268
1.16018535504
1.15919059661
1.15817030143
1.15711701353
1.15602396278
1.15488328903
1.15368541905
1.15241989692
1.15107663044
1.14964677731
1.14812078584
1.14648814917
1.14474027719
1.14286970449
1.14086943409
1.13873491834
1.13646281885
1.13405032874
1.13149674232
1.12880348275
1.12597395801
1.12301409044
1.11993212909
1.11673789911
1.11344194114
1.1100565763
1.10659576632
1.10307404752
1.09950631624
1.09590952958
1.09230029988
1.08869352793
1.08510511999
1.08155302797
1.07805521596
1.07462779171
1.0712877143
1.06805297591
1.06494174241
1.06197193823
1.05916224335
1.05653146493
1.05409876453
1.05188219419
1.04989848889
1.04816565299
1.04669872575
1.04551054385
1.04461391857
1.04401867884
1.04373064228
1.0437527287
1.04408681177
1.0447301826
1.04567464529
1.04690869208
1.04841784471
1.05018568238
1.05219288018
1.05441864164
1.05683872841
1.0594272359
1.06215888919
1.06500804262
1.06794912478
1.07095748453
1.07400913824
1.07708219538
1.08015748971
1.08321735032
1.08624742648
1.08923512001
1.09217114444
1.09504882768
1.09786362512
1.10061458611
1.10330327924
1.10593379762
1.10851199935
1.11104548464
1.11354360287
1.11601695002
1.1184757956
1.12093108432
1.12339331608
1.12587191486
1.1283755983
1.13091253088
1.13348885966
1.13610815734
1.13877301847
1.14148290598
1.14423603729
1.14702755604
1.14984932434
1.15269222764
1.15554602594
1.15839962893
1.16123850278
1.16404705851
1.16681050708
1.1695138903
1.17214367552
1.1746845946
1.17712095022
1.17943916648
1.18162709002
1.18367469325
1.18557343887
1.18731465106
1.18889063718
1.19029738128
1.19153195696
1.19259233878
1.1934796367
1.19419496011
1.19474085882
1.19512045807
1.19533629075
1.19539340921
1.19529963447
1.19506102005
1.1946804569
1.19416203341
1.19351167381
1.1927355512
1.19183783426
1.19082272707
1.18969530518
1.188459342
1.18711797179
1.185674976
1.18413417823
1.18249915342
1.18077396578
1.1789643046
1.17707607274
1.17511398338
1.17308541465
1.17099961908
1.16886464808
1.16668893246
1.16448290722
1.16225866305
1.1600288979
1.15780691514
1.15560627634
1.15344208362
1.15133091271
1.14928921345
1.14733392916
1.14548249511
1.14375291307
1.14216257956
1.14072840717
1.13946760315
1.138395472
1.13752682604
1.13687565456
1.13645260251
1.13626772218
1.1363298489
1.13664392386
1.13721440662
1.138043262
1.13912831909
1.14046572739
1.14204973866
1.14387203768
1.14592136389
1.14818326798
1.1506412475
1.15327706042
1.15607038599
1.15899973517
1.16204231731
1.16517452491
1.16837041718
1.17160304897
1.1748471472
1.17807786167
1.18127017839
1.18439962658
1.18744347473
1.19038012835
1.19318838224
1.1958503208
1.1983496427
1.2006717206
1.20280418584
1.20473672708
1.20646128365
1.20797140665
1.20926406631
1.21033862273
1.21119636808
1.21184151102
1.2122784395
1.21251204314
1.21254897804
1.21239768815
1.21206771748
1.21156898298
1.2109104549
1.21009995046
1.20914598839
1.20805737808
1.20684198464
1.20550784002
1.20406209429
1.20250890039
1.20085165847
1.19909501779
1.19724250427
1.19529575914
1.19325625693
1.19112461619
1.18890243505
1.18659068748
1.18419056856
1.18170472155
1.17913492715
1.17648404558
1.1737556016
1.17095346281
1.16808191652
1.16514622125
1.1621525955
1.15910763097
1.15601912874
1.15289614461
1.14974801931
1.14658353291
1.14341315777
1.14024728939
1.13709701274
1.13397460701
1.13089152762
1.12786002534
1.1248927579
1.12200353235
1.11920505465
1.11650864285
1.11392617358
1.11146858027
1.10914570849
1.10696664914
1.10494019046
1.1030739444
1.10137230727
1.0998381975
1.09847453988
1.0972831595
1.09626447169
1.09541646709
1.09473686714
1.09422278004
1.09387026731
1.09367413595
1.09362770863
1.09372409064
1.0939566491
1.09431797812
1.0948008177
1.09539651015
1.09609465457
1.09688758078
1.09776659867
1.09872122369
1.09973986703
1.10080895416
1.10191524119
1.10304603199
1.10418811594
1.10532572324
1.10644312336
1.10752480114
1.10855465695
1.1095170934
1.11039625914
1.11117760744
1.11184749634
1.11239236542
1.11280044308
1.11306169188
1.11316679086
1.11310835139
1.1128821266
1.11248379709
1.11190928389
1.11115910757
1.11023336379
1.10913398441
1.10786552344
1.10643124579
1.10483540264
1.10308430356
1.10118646488
1.09915020095
1.09698473016
1.09470058667
1.09230920097
1.08982350114
1.08725702615
1.08462446878
1.08194099142
1.07922303671
1.07648943602
1.07376145775
1.07106127638
1.06841239112
1.06584173264
1.0633757193
1.06104130348
1.05886734153
1.05688211051
1.05511271592
1.05358551791
1.05232524656
1.05135326329
1.05068743135
1.05034175023
1.05032424756
1.05063648421
1.05127546065
1.05223335779
1.05349571053
1.05504198977
1.05684696241
1.05888068643
1.06110889092
1.06349386818
1.06599608777
1.0685759819
1.07119301792
1.07380483822
1.0763686547
1.07884340219
1.08119127652
1.08337640821
1.0853659397
1.08713009527
1.08864306735
1.08988265846
1.09083095522
1.09147457556
1.09180455454
1.0918166521
1.09151036916
1.09089120454
1.08996932434
1.08875919498
1.08728029965
1.0855568779
1.08361738351
1.08149371541
1.07922099733
1.07683835236
1.0743869755
1.07190852805
1.06944623283
1.067044155
1.0647454377
1.06259145746
1.06062130058
1.05887020809
1.05736856666
1.05614064976
1.05520584608
1.05457848693
1.05426481787
1.05426387316
1.0545700359
1.05517191548
1.05605161202
1.05718644671
1.05855020584
1.06011436848
1.06184837832
1.06371960099
1.06569475812
1.0677424473
1.06983063774
1.07192825834
1.07400920769
1.076049327
1.07802693918
1.07992217286
1.0817175386
1.083400675
1.08496253118
1.08639544324
1.08769373714
1.08885426886
1.08987558318
1.09075644328
1.09149588199
1.09209472869
1.09255386824
1.09287221657
1.09304881167
1.09308311416
1.0929741922
1.09272011611
1.09231865759
1.09176704782
1.0910632699
1.0902065281
1.08919444282
1.0880254154
1.08670095967
1.08522448172
1.08359926032
1.08183013329
1.07992530216
1.07789614699
1.07575634778
1.07351984462
1.07120216348
1.06882082544
1.06639369282
1.06393944074
1.06147586775
1.05901931251
1.05658539713
1.05418894488
1.05184334772
1.04956120085
1.04735246152
1.04522365285
1.04318043429
1.04122801535
1.03936941395
1.03760578031
1.03593938967
1.03437172445
1.03290341192
1.03153601098
1.03027185484
1.02911385871
1.02806661599
1.027135871
1.0263266752
1.02564473701
1.0250969274
1.02468976582
1.02443011764
1.0243262956
1.0243849409
1.0246105811
1.02500729506
1.02557799962
1.02632429091
1.02724509668
1.02833721237
1.02959602827
1.03101395175
1.03258161533
1.03428770004
1.03611846184
1.03805907446
1.04009227895
1.04219983336
1.04436318178
1.04656214361
1.04877548247
1.05098088133
1.05315750974
1.05528556978
1.05734422554
1.05931387353
1.06117671789
1.06291555134
1.06451495088
1.06596076973
1.06723969048
1.06834051029
1.06925382599
1.06997136653
1.0704860844
1.0707945442
1.0708938244
1.07078149945
1.07045740295
1.0699217037
1.06917606893
1.06822386268
1.06707077037
1.06572378622
1.06419156403
1.06248357607
1.06060937139
1.05858082582
1.0564109381
1.05411298397
1.05170088396
1.04918948401
1.04659523159
1.04393397949
1.04122122522
1.03847459773
1.03571066942
1.03294478772
1.03019234089
1.0274687384
1.02478906129
1.02216725121
1.01961568372
1.01714622265
1.01477061285
1.01249910231
1.01034123591
1.00830580402
1.00639973833
1.00462868209
1.00299817268
1.00151438647
1.00018203684
0.99900326079
0.997980067563
0.997113850302
0.996405661768
0.995855322259
0.995461139779
0.995219003589
0.99512350333
0.995169039193
0.995347409381
0.995649302877
0.996063718148
0.996579962936
0.99718429231
0.997860253207
0.998591649663
0.999362016591
1.00015479194
1.00095285321
1.00173888515
1.00249639399
1.00321146778
1.00386982406
1.00445800498
1.00496464942
1.00538213491
1.00570473565
1.00592824093
1.00605291883
1.00608262364
1.00602296429
1.00588243772
1.00567359769
1.00541109776
1.00511217003
1.00479637032
1.00448445225
1.00419906796
1.00396535563
1.00380786914
1.00375049931
1.00381664191
1.00402773378
1.00440410153
1.00496500829
1.00572497944
1.00669497589
1.0078846475
1.00929830702
1.01093600423
1.01279437175
1.01486640701
1.01714207121
1.01960732405
1.02224545716
1.02503844973
1.02796598059
1.03100506621
1.0341329549
1.03732573949
1.04055850323
1.04380820359
1.04705108596
1.05026467333
1.05342804134
1.05652158247
1.05952720642
1.06242833593
1.06521098459
1.0678622221
1.07037107335
1.07272923808
1.07493050707
1.07696964696
1.07884297373
1.08054901349
1.08208715028
1.0834586531
1.08466748151
1.08571674139
1.08661050649
1.08735412869
1.08795288441
1.08841362641
1.08874241029
1.08894547059
1.0890295714
1.08900193576
1.08886925714
1.08863654067
1.08831071918
1.08789776961
1.08740186853
1.08682748262
1.0861785909
1.08545944892
1.08467342376
1.08382295084
1.08290991063
1.08193601286
1.08090348246
1.07981330505
1.07866530922
1.07745901783
1.07619304039
1.07486645468
1.0734772822
1.07202307163
1.07050236276
1.0689130595
1.06725309977
1.06551976883
1.06371044589
1.06182384563
1.05985893687
1.05781419859
1.05568852186
1.05348252596
1.05119724629
1.0488342414
1.04639630084
1.04388743824
1.04131320775
1.03868049814
1.03599794598
1.03327443931
1.030518774
1.02774034962
1.0249511642
1.02216373562
1.01938960773
1.01664266239
1.01393617865
1.01128294031
1.00869674977
1.00619128664
1.00378104547
1.00147838476
0.999294649117
0.997242149107
0.995331970213
0.993574488929
0.991979170401
0.990554408877
0.989307930101
0.988247705074
0.987381163413
0.986714681194
0.98625495169
0.986007437712
0.98597674059
0.986167835968
0.986586694176
0.987239768564
0.988131178126
0.989264152269
0.990642580175
0.992268773509
0.994143542608
0.996266871344
0.998636026895
1.00124661997
1.00409344588
1.00716757316
1.01045618712
1.01394227167
1.01760643832
1.02142659108
1.02537616914
1.02942621268
1.0335453935
1.03770079533
1.04185818698
1.04598077908
1.05003107548
1.05397253628
1.05776920727
1.0613853788
1.06478743419
1.06794470649
1.0708277132
1.07341118544
1.07567457562
1.077598609
1.0791678502
1.08037289163
1.0812078898
1.08166996564
1.08176144365
1.08148882899
1.08086140987
1.07989066427
1.07859140373
1.07698262519
1.07508547496
1.0729232829
1.07052123503
1.06790828084
1.06511331228
1.06216493422
1.05909411667
1.05593128127
1.05270757673
1.0494532721
1.04619751473
1.04297069991
1.03980161736
1.03671783957
1.03374653218
1.03091239137
1.02823896614
1.02574797406
1.0234596177
1.02139375974
1.01956883813
1.01800063027
1.01670332034
1.01569008105
1.01497191077
1.01455861667
1.01445748448
1.01467317345
1.01520887488
1.0160661324
1.01724302329
1.01873355863
1.02053097622
1.02262592137
1.02500536247
1.02765292692
1.03055064266
1.03367877564
1.037014063
1.04053215592
1.04420743228
1.0480135422
1.05192315497
1.05590958857
1.05994585523
1.06400563054
1.06806388579
1.07209576565
1.07607871023
1.07999236558
1.08381806547
1.08753890692
1.09114122903
1.09461248094
1.09794231781
1.10112322154
1.10414968857
1.10701907043
1.10973047233
1.11228600218
1.1146898273
1.11694925996
1.11907239422
1.12106755397
1.12294699547
1.1247225587
1.12640732972
1.12801767702
1.12956750117
1.1310685344
1.13253452911
1.13397875146
1.13541241581
1.13684720383
1.13829323844
1.13975859567
1.14125075278
1.14277418575
1.14433242891
1.14592659789
1.14755462327
1.1492149154
1.15090377902
1.15261415642
1.15433838672
1.15606818045
1.15779352753
1.15950283317
1.16118526248
1.16282870556
1.16441913481
1.16594286442
1.16738614468
1.16873512035
1.16997614477
1.17109633612
1.17208232501
1.17292172696
1.17360281912
1.17411409522
1.17444584014
1.17458929354
1.17453727585
1.17428230688
1.17381621316
1.17313385591
1.17223158951
1.17110617315
1.16975500774
1.16817729573
1.16637381142
1.16434432297
1.16208959988
1.15961190126
1.15691424956
1.15400097982
1.15087642904
1.14754456831
1.1440115036
1.14028349102
1.13636550714
1.13226488565
1.12799086278
1.12355237724
1.11895916862
1.11422183866
1.10935285026
1.10436696385
1.09927843236
1.09410288734
1.08885746228
1.08356026063
1.07823091271
1.07288986743
1.06755902472
1.06226084236
1.05701831447
1.05185459937
1.04679242752
1.04185450347
1.03706250204
1.03243673228
1.02799635847
1.02375892608
1.01974067986
1.01595621742
1.01241946414
1.00914182542
1.00613216622
1.00339866498
1.00094677831
0.998780252236
0.99690167015
0.995312762454
0.994013933131
0.993003400167
0.992278755454
0.99183764343
0.991675693024
0.991788235911
0.992170468212
0.992817475834
0.993723869146
0.99488298949
0.996288042777
0.997932336998
0.999809211837
1.00191055838
1.00422689444
1.00674799564
1.00946426645
1.01236456975
1.01543580796
1.01866358081
1.02203285193
1.02552660806
1.02912575888
1.03281078519
1.03656280027
1.04036189697
1.04418643288
1.04801550389
1.05182887094
1.05560670518
1.05933015824
1.06298196107
1.06654563921
1.07000673365
1.07335342445
1.07657455359
1.07966052248
1.08260394158
1.08539909889
1.08804330019
1.09053611575
1.09287800478
1.09506974319
1.09711551815
1.09902137845
1.10079277111
1.10243714439
1.10396268498
1.10537867413
1.10669483486
1.1079209533
1.10906785931
1.11014636902
1.11116923559
1.11214879748
1.11309566516
1.11402149788
1.11493745249
1.11585498131
1.11678427672
1.1177336312
1.11871170522
1.11972644356
1.120783
1.12188553775
1.12303851804
1.12424367101
1.12550038372
1.12680663946
1.12815843526
1.12955002957
1.13097594871
1.13242942105
1.13390000524
1.13537537295
1.13684358003
1.13829219637
1.13970677082
1.14107217426
1.14237398896
1.14359783943
1.14472889458
1.14575343554
1.14665848101
1.14743177001
1.1480617057
1.14853735556
1.14884891361
1.1489888666
1.14895217964
1.14873576007
1.14833774225
1.14775807001
1.14700043125
1.14606873231
1.14496854067
1.14370938856
1.14230117351
1.14075479081
1.13908341563
1.13730217093
1.13542676521
1.13347509906
1.1314647676
1.12941240709
1.12733722184
1.12525825188
1.12319294193
1.12115795361
1.11917053643
1.11724524435
1.11539502773
1.11363304834
1.11196959316
1.11041251041
1.10896805247
1.10764075593
1.10643362438
1.1053470849
1.10437934851
1.10352675301
1.10278368297
1.10214438849
1.10160034447
1.10114001061
1.10075333659
1.10042794937
1.10014956965
1.09990651755
1.09968452471
1.09946824369
1.09924431357
1.09899913037
1.09871938505
1.09839418862
1.09801268011
1.09756327809
1.09703854927
1.09643286477
1.09573989869
1.09495495465
1.09407891318
1.09311387429
1.0920617584
1.09092812733
1.08972093683
1.08845236329
1.08713572724
1.08578475876
1.08441544848
1.08304579187
1.0816965697
1.08038811988
1.07913995568
1.07797303524
1.07690778423
1.07596351208
1.07515749009
1.0745043997
1.07401714809
1.07370659397
1.07358042222
1.07364359509
1.07389870477
1.07434502699
1.07497907654
1.07579504543
1.0767863776
1.07794503958
1.07925980288
1.08071903898
1.0823115504
1.08402418514
1.08584324965
1.08775651553
1.0897522252
1.09181658755
1.09393663317
1.09610079403
1.09829714399
1.10051302236
1.10273563044
1.10495406452
1.10715728804
1.1093322575
1.11146819499
1.11355348188
1.11557508086
1.11752125149
1.11938118154
1.12114332773
1.12279581012
1.12432822729
1.12573132811
1.12699553858
1.12811100292
1.12907037347
1.12986640733
1.13049269894
1.13094382026
1.13121601481
1.13130714878
1.13121632856
1.13094554511
1.13049663041
1.12987270287
1.12907898189
1.12812151806
1.12700877518
1.12574916837
1.12435281111
1.12283063557
1.12119429354
1.11945798138
1.11763460251
1.11573776496
1.11378277141
1.11178378067
1.10975465297
1.1077102291
1.10566530595
1.10363528254
1.10163418496
1.09967427397
1.09776774836
1.09592591574
1.0941609009
1.09248384165
1.09090446967
1.08943275815
1.08807781597
1.086848104
1.08575159931
1.08479491733
1.08398421783
1.08332469079
1.08282175775
1.0824795691
1.08230021948
1.0822856818
1.08243687117
1.08275311497
1.08323251039
1.08387185831
1.0846665479
1.08561160189
1.08670004447
1.08792215451
1.08926716013
1.09072309152
1.09227681062
1.09391310095
1.09561592603
1.09736891323
1.09915323576
1.10094939287
1.10273811743
1.10449966048
1.10621317114
1.10785789591
1.10941410054
1.11086261987
1.11218509476
1.11336449216
1.11438348815
1.11522600535
1.11588075573
1.11633853854
1.11659010659
1.11662761089
1.116445225
1.11604087151
1.11541578844
1.11457355161
1.1135207157
1.11226697181
1.11082282412
1.10920051522
1.10741582664
1.10548673371
1.10343371581
1.10127757351
1.0990411381
1.09674885264
1.0944243671
1.09209243686
1.08977894133
1.08750865699
1.0853056446
1.08319429808
1.08119805772
1.07934001195
1.07763990189
1.07611463155
1.07478068512
1.07365109451
1.07273705972
1.07204730357
1.07158670195
1.07135931099
1.07136577259
1.07160330118
1.07206690816
1.07274903576
1.07364082239
1.07472963356
1.07599979763
1.077435089
1.07901730021
1.0807275645
1.0825454219
1.08444778744
1.08641248284
1.08841750997
1.09043915888
1.09245352276
1.09443787189
1.09636914192
1.09822478155
1.09998379062
1.10162511467
1.10312823646
1.10447440399
1.10564597206
1.10662706137
1.10740216957
1.10795732147
1.10828044547
1.10836096176
1.10819199121
1.10776793538
1.10708510615
1.10614265785
1.10494157448
1.10348562334
1.1017806879
1.09983446159
1.09765710087
1.09526110235
1.09266157637
1.08987432863
1.08691728953
1.08380944447
1.08057073535
1.07722176343
1.07378273945
1.07027665997
1.06672632548
1.0631531052
1.05957847374
1.05602407519
1.05251097779
1.0490578891
1.04568149118
1.04239859598
1.03922515526
1.03617571504
1.03326340943
1.03049832056
1.02788965936
1.02544650453
1.02317521884
1.02108023777
1.01916497156
1.01743065275
1.01587640834
1.01449974554
1.01329693153
1.01226281874
1.01139017611
1.01067029705
1.01009413234
1.00965072894
1.00932846593
1.0091168971
1.00900494697
1.00898049464
1.00903201208
1.00914929812
1.00932262251
1.00954255763
1.00980174568
1.01009606669
1.01042143666
1.01077469654
1.01115482055
1.01156328778
1.01200326082
1.01247856317
1.01299392973
1.01355623135
1.0141739282
1.01485328624
1.0155997031
1.0164196896
1.01732072716
1.01830772448
1.01938363551
1.02055148411
1.02181179598
1.0231647209
1.02460837633
1.02613754666
1.02774495607
1.02942097274
1.03115575101
1.03293793573
1.03475335301
1.03658632804
1.03842225105
1.04024496568
1.04203711308
1.0437829032
1.04546596914
1.04707018029
1.04858114955
1.04998613255
1.05127211762
1.05242700672
1.05344111605
1.05430573
1.05501380753
1.05556175368
1.05594772954
1.05617083498
1.05623249757
1.05613559502
1.05588476028
1.05548589055
1.0549459283
1.05427393795
1.0534801213
1.05257550936
1.05157112107
1.05047825687
1.04930947227
1.04807743551
1.04679545134
1.0454762055
1.04413299249
1.04277753808
1.04142045184
1.04007279634
1.03874456171
1.03744597863
1.03618684174
1.03497548197
1.0338195794
1.032726266
1.03170193597
1.03075269962
1.02988300637
1.02909730217
1.02839990836
1.02779299405
1.02727826004
1.02685761107
1.02653185173
1.02630068672
1.02616324215
1.02611836878
1.02616391893
1.02629685883
1.02651439103
1.02681320412
1.02718868475
1.0276369465
1.02815428881
1.02873540501
1.02937611698
1.030071996
1.0308191543
1.03161474484
1.03245429516
1.03333326249
1.03424792765
1.0351966321
1.03617741765
1.03718742603
1.03822393766
1.03928536778
1.04037074971
1.04147879071
1.04260813223
1.04375737016
1.0449270062
1.04611639363
1.04732325205
1.04854760071
1.0497885468
1.05104398314
1.05231339154
1.0535965322
1.05489294161
1.05620299617
1.05752699967
1.0588648754
1.0602177786
1.0615864174
1.06297242667
1.06437870266
1.06580691283
1.06725957722
1.06874003914
1.07025185047
1.07179871196
1.07338383066
1.07501094624
1.0766839442
1.07840594374
1.08017979405
1.08200779159
1.08389166315
1.08583336862
1.08783398531
1.08989196389
1.09200496645
1.0941709472
1.09638627743
1.0986460923
1.10094437048
1.10327410842
1.1056269865
1.10799310827
1.11036208747
1.11272314728
1.11506384588
1.11737183816
1.11963507501
1.12183922522
1.1239691424
1.12601066152
1.12794916648
1.12976976717
1.13145791819
1.13299984335
1.13438329483
1.13559483376
1.13662206228
1.13745516246
1.13808384443
1.13849762826
1.13868803767
1.13864882989
1.13837411979
1.13785898772
1.1370995801
1.13609280618
1.13483813889
1.1333372537
1.13159258148
1.12960678401
1.12738389281
1.12492924547
1.12224970922
1.11935358188
1.11625024593
1.11295033515
1.10946642951
1.10581253285
1.10200332876
1.09805592587
1.09398893573
1.08982121056
1.08557339505
1.08126836837
1.07692977264
1.07258226794
1.06825060129
1.06395970625
1.05973603501
1.05560519297
1.05159196008
1.04772053928
1.0440132515
1.04049143682
1.037173835
1.03407550097
1.03121066454
1.0285908885
1.02622181586
1.02410499382
1.02223962908
1.0206221895
1.01924677162
1.01810412666
1.01718172065
1.01646664459
1.01594542967
1.01560390406
1.01542751524
1.0154009234
1.01550961963
1.01574111236
1.01608437146
1.01652878427
1.01706635418
1.01769162626
1.01839986523
1.01918756931
1.02005239127
1.0209933435
1.02201059824
1.02310524615
1.02427875829
1.02553323825
1.02687035806
1.02829131931
1.02979759471
1.03138959259
1.03306553165
1.0348233144
1.03666035882
1.03857281372
1.04055587141
1.04260233052
1.04470363557
1.04685036862
1.04903211138
1.05123810885
1.05345545496
1.05566901276
1.0578640006
1.06002516284
1.06213549324
1.06417865815
1.06613908295
1.06800031805
1.06974603535
1.07135952889
1.07282475355
1.07412672664
1.07525252749
1.07619181521
1.07693366959
1.07746849892
1.07778990042
1.07789257981
1.07777234416
1.07742776654
1.0768586329
1.07606708649
1.07505813493
1.07383757224
1.07241477737
1.07080117528
1.06900990183
1.06705546829
1.06495282152
1.06271991086
1.06037656191
1.0579443874
1.05544601608
1.0529053206
1.05034660576
1.0477937486
1.0452717295
1.04280722431
1.04042660537
1.03815522919
1.03601700413
1.03403338859
1.03222625233
1.03061566579
1.02921900223
1.02805120065
1.02712520833
1.02645136547
1.02603719954
1.02588839529
1.0260072566
1.02639284675
1.02704186557
1.02794861981
1.02910564126
1.03050336152
1.03213070829
1.03397446547
1.03601930905
1.03824944866
1.04064805029
1.04319798629
1.04588130796
1.04867897134
1.05157243019
1.05454316066
1.05757229305
1.06064240397
1.06373513194
1.0668310205
1.06991119133
1.07295708602
1.07595097013
1.07887559064
1.08171167207
1.08443952169
1.08704112522
1.08949707669
1.09178916743
1.09390000724
1.09581187779
1.09750807082
1.09897285916
1.10019070266
1.10114770184
1.10183284297
1.10223718306
1.10235533434
1.10218534442
1.10172906131
1.10099256065
1.09998628726
1.0987266389
1.0972331952
1.09552972145
1.09364619959
1.09161548547
1.089474364
1.08726336552
1.08502405604
1.08279767581
1.0806251839
1.07854608855
1.07659650304
1.07480757337
1.07320398907
1.07180448904
1.07062140684
1.06965906288
1.06891317048
1.06837273263
1.06802061052
1.0678335027
1.06778202233
1.06783317436
1.06795283172
1.06810475993
1.06825219525
1.06835890773
1.06839135375
1.06831977111
1.06811674889
1.06775710891
1.06722038098
1.06648972685
1.06555246273
1.06440005987
1.06302774107
1.06143447831
1.05962271709
1.05759828419
1.0553700057
1.05294962557
1.05034953286
1.04758508275
1.04467486962
1.04163738593
1.03849202743
1.03525997204
1.03196137174
1.02861632004
1.02524639967
1.02187219105
1.01851329381
1.01518987417
1.01192101464
1.00872486349
1.00561730665
1.00261171264
0.99972174068
0.996958783176
0.994330573527
0.991842923163
0.989499926761
0.987303182445
0.985252791263
0.98334686026
0.981579817309
0.979944211098
0.978431564972
0.977031692194
0.975733266384
0.974523667673
0.973389523772
0.972317874217
0.971296008378
0.970310623221
0.969349421695
0.968402626826
0.967461289129
0.966517799011
0.965566380833
0.964604101352
0.963631004028
0.962650187424
0.961666058406
0.960684654118
0.959715819768
0.958771051074
0.957862533856
0.957004439491
0.956212014089
0.955500388603
0.954883792316
0.954375664367
0.953989540608
0.953735948873
0.953623703318
0.953661102193
0.953853233708
0.954203039604
0.954711499121
0.955375974666
0.95619297994
0.957158731736
0.958268358628
0.959516147364
0.960895381171
0.962399584995
0.964022593094
0.965757938432
0.967599565791
0.969541002229
0.971575592203
0.97369737074
0.975901317751
0.97818184107
0.980531930296
0.982945311832
0.985415325756
0.987934238488
0.990494976992
0.993090451654
0.995712742485
0.998354042391
1.00100638135
1.00366236765
1.00631455404
1.00895582271
1.01157959889
1.0141801828
1.01675301338
1.01929391289
1.02180037228
1.02427079927
1.02670467684
1.02910295071
1.03146570678
1.03379326302
1.03608906854
1.03835577617
1.04059509015
1.0428109057
1.04500622121
1.04718353068
1.04934569536
1.0514964989
1.05363824575
1.05577153433
1.05789795112
1.06001844194
1.06213360247
1.06424326003
1.06634714051
1.0684454835
1.07053723819
1.07262139222
1.07469613867
1.07675909697
1.0788092412
1.0808444938
1.08286208492
1.08485988429
1.08683500632
1.08878445809
1.09070526623
1.09259317511
1.09444413791
1.09625331638
1.09801582689
1.09972585986
1.1013755629
1.10295822614
1.10446683187
1.10589349355
1.10723098652
1.10847303595
1.10961406132
1.11064894457
1.1115748674
1.11239101669
1.11309579801
1.11368761308
1.11416687367
1.11453594227
1.11479990704
1.1149663692
1.11504294162
1.11503794665
1.11496244509
1.11482766337
1.11464471362
1.11442587156
1.11418472228
1.11393421491
1.11368560719
1.11345061417
1.11324232172
1.11307196742
1.11294955607
1.11288560276
1.11288783889
1.11296276781
1.11311728057
1.11335596266
1.1136819414
1.11409682371
1.1146010072
1.1151940729
1.11587457695
1.11663967185
1.11748414282
1.11840179796
1.11938581147
1.12042885869
1.1215230325
1.12265988826
1.12382934438
1.12502112801
1.12622512176
1.12743159006
1.12863143558
1.12981623291
1.13097972279
1.13211616446
1.13321947826
1.13428457494
1.13530921927
1.13629097858
1.13722725989
1.13811807201
1.1389648773
1.13977049633
1.14053777339
1.14127019592
1.14197173538
1.14264673371
1.14330094361
1.14393843332
1.1445619115
1.14517429441
1.14577749676
1.14637336366
1.14696214309
1.14754336181
1.14811515825
1.14867453759
1.14921775427
1.14973877746
1.15023276179
1.15069501871
1.151119966
1.15150044781
1.15182965913
1.1521034601
1.15231784682
1.1524696591
1.15255693148
1.15257768469
1.15253118809
1.15242053554
1.15225041132
1.15202518742
1.15174980102
1.15143107364
1.15107834761
1.15070176623
1.1503107488
1.1499145548
1.14952295729
1.14914587841
1.14879315978
1.14847285332
1.14819213604
1.14795832528
1.14777657772
1.14765049597
1.14758220818
1.14757233228
1.14762130179
1.14772826277
1.14789115466
1.14810683658
1.14837119085
1.14867990572
1.14902894607
1.14941218467
1.14982276773
1.15025596901
1.15070634187
1.15116779366
1.15163463643
1.15210145212
1.15256180219
1.15300877
1.15343603484
1.15383738467
1.15420679805
1.15453704588
1.15482177346
1.15505489154
1.1552296751
1.15533815885
1.15537110608
1.15532074052
1.15517976517
1.15494025822
1.15459531385
1.15413913811
1.15356461095
1.15286395729
1.15203200642
1.15106390719
1.14995525949
1.14870229737
1.14730174084
1.14575199914
1.14405130487
1.14219944812
1.14019872042
1.13805121424
1.13575923548
1.13332912133
1.13076737482
1.12808069147
1.12527961351
1.12237494125
1.11937819862
1.11630306162
1.1131653787
1.10998279221
1.1067730244
1.10355445347
1.10034717656
1.0971728949
1.09405363333
1.09101131682
1.08806765042
1.08524423182
1.08256258881
1.08004416008
1.0777083984
1.07557235372
1.07365231732
1.07196265942
1.07051409592
1.06931499629
1.06837232497
1.06768943968
1.06726712427
1.06710424594
1.06719632102
1.06753445858
1.06810835924
1.06890431287
1.06990488511
1.07109380507
1.07245189893
1.0739574332
1.07558801307
1.07732205539
1.07913738246
1.08100906072
1.08291223431
1.08482338173
1.08671953945
1.08857921365
1.09038217067
1.09210904161
1.09374152473
1.09526173506
1.09665442989
1.09790559431
1.0990025871
1.09993525012
1.10069407969
1.10127112325
1.1016608425
1.10185914956
1.1018638703
1.10167385159
1.10128886983
1.10071109905
1.09994463423
1.0989929169
1.09786125325
1.09655745619
1.09508981338
1.09346904579
1.09170769002
1.08982085622
1.08782333641
1.08573083368
1.08356100086
1.08133209529
1.07906489552
1.0767802825
1.07449956427
1.07224501392
1.07003764701
1.06789758922
1.06584417299
1.06389724392
1.06207377464
1.06038707364
1.05885027244
1.05747523473
1.05627091212
1.055243054
1.05439603388
1.05373367481
1.05325742688
1.05296686003
1.05286025542
1.05293399177
1.05318395245
1.05360529938
1.05419251351
1.05493881522
1.05583722418
1.05688041445
1.05805999413
1.05936722281
1.06079356902
1.0623294515
1.06396396681
1.06568628391
1.06748503003
1.06934789874
1.07126190225
1.07321464943
1.07519373432
1.0771850911
1.07917413143
1.08114654334
1.08308859852
1.08498687486
1.08682791708
1.08859954853
1.090290355
1.0918885021
1.09338438437
1.09477007862
1.09603748858
1.09718064428
1.09819384262
1.09907258837
1.09981478312
1.10041841256
1.10088219073
1.10120674906
1.10139490004
1.10145018307
1.10137681753
1.10118035114
1.10086683945
1.10044200327
1.09991194756
1.09928350118
1.09856424889
1.09776197088
1.09688498998
1.09594145855
1.09493943702
1.09388761064
1.09279436775
1.09166775984
1.09051479874
1.08934258977
1.08815820225
1.08696905818
1.08578223107
1.08460432601
1.08344338461
1.08230774001
1.08120605079
1.08014832999
1.07914687272
1.07821503012
1.07736556067
1.07661290426
1.07597396653
1.07546621515
1.07510659013
1.07491188831
1.07489844624
1.07508147944
1.0754755762
1.07609408501
1.07694688948
1.07804045869
1.07937748515
1.08095662923
1.0827752608
1.08482354301
1.08708645895
1.08954808727
1.09218671275
1.09497736029
1.09789400508
1.10090873331
1.10399145478
1.10711096264
1.11023385109
1.11332770362
1.11636242039
1.11930792222
1.12213636193
1.12482267994
1.12734457464
1.12968078908
1.13181273945
1.13372481072
1.13540393803
1.13684038793
1.13802718422
1.13896010753
1.13963956194
1.14006663788
1.14024121215
1.14016737057
1.13985173011
1.13930257541
1.13852965849
1.13754430265
1.13635679127
1.13497730517
1.13341884324
1.13169279724
1.12980954015
1.12778037114
1.12561497965
1.12332237371
1.1209113696
1.11838957632
1.1157652463
1.11304495504
1.11023264609
1.10733351094
1.10435222774
1.10129272528
1.09815961493
1.09495634845
1.09168805325
1.08835978515
1.08497525341
1.0815395142
1.07805803978
1.07453724576
1.07098367846
1.06740383558
1.06380456624
1.06019312094
1.05657733163
1.05296622204
1.04936986523
1.04579761635
1.04226004626
1.03876725995
1.03532810179
1.03195311187
1.02865327351
1.02543956812
1.02232360789
1.01931778626
1.0164344573
1.01368543844
1.01108232689
1.00863713044
1.00636112551
1.00426525235
1.0023605801
1.0006568801
0.99916355132
0.99788873805
0.996839666062
0.996022388833
0.99544164957
0.99510149338
0.995004129525
0.995150415566
0.995540643937
0.996174330246
0.997050364848
0.998164948817
0.999513135078
1.00109027057
1.0028900034
1.0049042537
1.00712454955
1.00954099096
1.01214164526
1.0149151988
1.01785006044
1.02093230689
1.02414632177
1.0274766198
1.03090827731
1.03442521674
1.0380104684
1.04164809409
1.04532194639
1.0490138221
1.05270637149
1.05638364879
1.06002962951
1.06362921713
1.06716797288
1.0706328661
1.0740103778
1.07728719777
1.08045221161
1.08349443626
1.08640357831
1.08917142002
1.09179125341
1.09425736409
1.09656411287
1.09870630956
1.10068076214
1.10248555322
1.10411965408
1.10558283259
1.10687496641
1.10799612832
1.10894673492
1.10972889172
1.11034583769
1.11080139375
1.11110012431
1.11124779752
1.11125009117
1.1111136466
1.11084656367
1.11045595368
1.10995043287
1.10933867868
1.10862946438
1.10783337116
1.10696150168
1.10602415269
1.10503165289
1.1039945973
1.10292378168
1.10183035277
1.10072620783
1.09962274345
1.09853043555
1.09746109743
1.09642602555
1.09543574207
1.09450032399
1.09362983823
1.09283367539
1.09212145892
1.09150151467
1.0909794847
1.09056182902
1.0902552308
1.09006534036
1.08999600746
1.09004946591
1.09022747702
1.09053031968
1.09095751771
1.09150857089
1.09218387802
1.09298034756
1.09389164535
1.09491305326
1.09604006774
1.0972672269
1.09858716437
1.09999082918
1.10146836211
1.10301042591
1.1046071106
1.10624749757
1.10792046319
1.10961494407
1.11131894907
1.11302007185
1.11470603386
1.11636416594
1.11798131346
1.11954476685
1.12104156795
1.12245835615
1.12378226673
1.12500090339
1.12610368174
1.12707926153
1.12791662766
1.12860609198
1.12913768062
1.12950386831
1.12969862813
1.12971604254
1.12955093844
1.12919958603
1.12866129928
1.12793600759
1.12702387721
1.12592730706
1.12465202784
1.12320399009
1.12158849774
1.11981277215
1.11788597817
1.11581822652
1.11361851066
1.11129593613
1.1088615366
1.10632631212
1.10369964036
1.10099114697
1.09821066186
1.09536627744
1.09246589707
1.08951776004
1.08652805024
1.08350258731
1.08044771824
1.07736869891
1.07426984518
1.0711560177
1.06803175703
1.06490315957
1.06177731899
1.0586608213
1.05556123902
1.05248695275
1.04944890587
1.04645861937
1.04352809803
1.04067120832
1.03790320649
1.03524027442
1.0326998382
1.03029946476
1.02805588764
1.02598703717
1.02411020213
1.02244173123
1.02099864091
1.0197958423
1.01884508751
1.01815773886
1.01774303612
1.01760645953
1.01775091051
1.01817591742
1.01887686544
1.01984616154
1.02107246991
1.02254140451
1.02423655337
1.02613825339
1.02822565269
1.03047510627
1.03285979665
1.03535239625
1.03792524374
1.04054964473
1.04319767353
1.04584278058
1.04845851416
1.05102026948
1.05350503928
1.05589271363
1.05816597052
1.06030906599
1.06230945734
1.06415971487
1.06585356958
1.06738719744
1.06876068131
1.06997566019
1.07103666174
1.07195074608
1.07272735811
1.07337793117
1.07391532323
1.07435338447
1.07470610178
1.07498881268
1.07521721359
1.07540689384
1.07557229648
1.07572653307
1.075883048
1.07605368859
1.07625036166
1.07648413127
1.07676415618
1.0770995679
1.07749764128
1.07796496046
1.07850720814
1.0791273954
1.07983020733
1.08062018388
1.08150117229
1.0824768569
1.08355051992
1.08472560787
1.08600513531
1.087392703
1.088890262
1.09049924947
1.09222057876
1.09405387812
1.09599891059
1.09805425849
1.1002162244
1.10248050211
1.10484249246
1.10729670494
1.10983529922
1.11244752509
1.1151230355
1.11785071022
1.12061856137
1.1234147165
1.1262271998
1.12904281029
1.131848802
1.13463540336
1.13739239658
1.14010967861
1.14277677197
1.14538461889
1.14792781752
1.15040251495
1.15280561801
1.15513456425
1.15738913674
1.15957026178
1.16167849628
1.16371621091
1.16568787411
1.16759859919
1.16945424589
1.1712621561
1.17302962653
1.17476268503
1.17646852937
1.17815393152
1.17982353424
1.18148272453
1.18313768285
1.18479290222
1.18645086184
1.18811408
1.18978411559
1.19146119293
1.19314563632
1.19483673993
1.19653200474
1.19822823195
1.19992102808
1.20160555281
1.20327766258
1.20493201028
1.20656274471
1.20816410147
1.20973019099
1.21125580537
1.21273509591
1.21416190726
1.21553009383
1.21683428629
1.2180701887
1.21923320248
1.22031970078
1.22132681973
1.2222519098
1.22309345987
1.22384949195
1.22451890529
1.22510114214
1.22559484143
1.22599931273
1.22631447808
1.22654022595
1.22667635629
1.22672249517
1.22667872145
1.22654447937
1.22631885434
1.2260025654
1.22559573817
1.22509747564
1.22450777358
1.22382663145
1.22305447734
1.22219179159
1.22123856223
1.22019635739
1.21906628997
1.21784951624
1.2165480424
1.21516422058
1.21370068885
1.21216109835
1.21054982585
1.20887042103
1.20712752534
1.20532677755
1.20347300197
1.20157247879
1.19963241913
1.19765980053
1.19566273408
1.19365014107
1.19163138904
1.18961688293
1.18761779315
1.18564609515
1.18371355259
1.18183239952
1.18001531568
1.17827457898
1.17662397135
1.17507641941
1.17364285623
1.17233447791
1.17116219458
1.17013558966
1.1692624825
1.16854809123
1.16799722105
1.16761335126
1.1673962405
1.16734401531
1.16745320842
1.16771680008
1.16812608177
1.16867247947
1.16934336813
1.1701239344
1.17100154001
1.17195985712
1.17297943565
1.17404475691
1.17513861844
1.17623984092
1.17733085996
1.17839362787
1.17940815115
1.18035651016
1.18122132096
1.18198535187
1.18263272126
1.18314901338
1.18351964561
1.18373139795
1.18377138909
1.18362751552
1.18328895853
1.18274565233
1.18198940595
1.18101246638
1.17980878951
1.17837378224
1.17670374833
1.17479710347
1.17265327885
1.17027337369
1.1676589756
1.16481207316
1.16173647592
1.15843889848
1.15492760166
1.15121002354
1.14729619775
1.14319763006
1.13892585318
1.13449417151
1.12991593323
1.12520488266
1.12037615948
1.1154459873
1.11043010487
1.10534390338
1.10020483064
1.09502990799
1.08983681505
1.08464338213
1.07946610079
1.07432271329
1.06923029263
1.06420520146
1.05926370215
1.05442057536
1.04969085271
1.04508957797
1.040629034
1.03632112813
1.03217717949
1.02820700587
1.02441928801
1.02082141478
1.01741937727
1.01421752998
1.01121918141
1.00842627177
1.00583814
1.00345317304
1.00126887404
0.999281054836
0.99748505885
0.995875479233
0.994446754803
0.993192255268
0.992105382987
0.991180468729
0.990412086457
0.989794034124
0.989321108855
0.9889901812
0.988797502457
0.988740319603
0.988817864721
0.989029227668
0.989373819441
0.989851948703
0.990464137048
0.99121201949
0.992098015588
0.993122257993
0.994284160909
0.995583311033
0.997019910338
0.998593636069
1.00030192418
1.00214132443
1.00410817412
1.00619873875
1.00840862986
1.01073150844
1.01315982838
1.0156872461
1.01830723883
1.02101200538
1.02379278247
1.02664132846
1.02955055962
1.03251236745
1.03551711002
1.03855540245
1.04161884309
1.04469959082
1.04779000543
1.05088043873
1.05396165108
1.05702558411
1.06006307657
1.06306612115
1.06602712415
1.06893790571
1.07178974098
1.07457332361
1.07727923787
1.0798986722
1.0824234104
1.08484465974
1.08715330733
1.08934131837
