#  U/N:
-6.65334437987
-6.50345084497
-6.40552875658
-6.25273305237
-6.19463995821
-6.16150728797
-6.10775116394
-6.10332857379
-6.03218487835
-5.99474694899
-5.96117744323
-5.95668178753
-6.05634784986
-5.96218808496
-5.87697664785
-5.85457701136
-5.82353553516
-5.88444911251
-5.8472760726
-5.83168426505
-5.88839360979
-5.80176255332
-5.82438739444
-5.91074720615
-5.95578922218
-5.87548880292
-5.82628162561
-5.84171182285
-5.78735001297
-5.7664079431
-5.73151379099
-5.71491264397
-5.74262138797
-5.81706002591
-5.79430231343
-5.7950909702
-5.80361333305
-5.74682904491
-5.75911804274
-5.74489230702
-5.74021816271
-5.71243476939
-5.6666334432
-5.69573735665
-5.66845069533
-5.69701022445
-5.71540200757
-5.71793067993
-5.70228366941
-5.73835891462
-5.73993793683
-5.7588935204
-5.79649112823
-5.8209542023
-5.8261944286
-5.78177081155
-5.71667901674
-5.6323693913
-5.70985861438
-5.68778262348
-5.67024145923
-5.65285106242
-5.67740229474
-5.76318288303
-5.75089516464
-5.80874331872
-5.75148095386
-5.77916396571
-5.77304061383
-5.77356292475
-5.74964404074
-5.68874810491
-5.56519714057
-5.71364564657
-5.67159921669
-5.63027076904
-5.57874645527
-5.63938797881
-5.57582443523
-5.50512172641
-5.49309941027
-5.61748642602
-5.53137314074
-5.54208337244
-5.58585842989
-5.558021868
-5.62597221418
-5.56805578569
-5.57400380632
-5.47268262726
-5.47027824846
-5.49677865922
-5.5582113996
-5.55382602059
-5.5670816826
-5.60231954512
-5.41807138728
-5.48120738821
-5.54163265488
-5.53631333764
-5.46441252987
-5.46043269937
-5.50396538418
-5.42401634512
-5.47804763253
-5.57907473947
-5.5604191282
-5.51917996984
-5.45265120362
-5.54566877551
-5.58638966271
-5.56135350475
-5.56993247186
-5.63764869969
-5.5842747012
-5.52728219627
-5.51733259521
-5.52354703851
-5.49156784469
-5.6532261368
-5.62617394425
-5.59260628253
-5.50286511869
-5.61252789916
-5.62938227404
-5.56829868673
-5.63368174978
-5.66529459301
-5.67791316996
-5.65452012825
-5.53698615726
-5.59517275599
-5.57134208697
-5.60399173673
-5.68158453373
-5.55520886923
-5.55723069255
-5.58515663802
-5.61346663143
-5.56327617235
-5.61339187349
-5.62599753909
-5.57619470146
-5.52285809202
-5.57898943702
-5.45961636916
-5.46688353849
-5.61801829072
-5.58942981803
-5.57161629618
-5.57414141821
-5.51975858303
-5.44181165208
-5.50260855762
-5.54751821772
-5.45396697507
-5.53254013523
-5.57977331783
-5.65039346412
-5.5928137442
-5.71353915695
-5.62505343238
-5.54349522145
-5.5876008542
-5.58077930643
-5.59049363561
-5.59576136989
-5.5940764088
-5.58178777967
-5.49213403922
-5.50655910354
-5.50845132317
-5.49944036809
-5.47163911712
-5.42072625935
-5.51259869327
-5.51159786496
-5.58254188723
-5.55920107673
-5.52704842206
-5.47073684617
-5.49834703979
-5.45407071892
-5.45143249076
-5.5237971396
-5.4635224061
-5.45670276101
-5.53429510567
-5.53358170008
-5.53580063197
-5.5708509848
-5.4133605201
-5.50645333546
-5.44935861167
-5.48604477405
-5.40289038372
-5.39145278944
-5.42328353119
-5.44984158575
-5.414552087
-5.54424268602
-5.55877700176
-5.55619475968
-5.46230512527
-5.53207991253
-5.42656856729
-5.35597175926
-5.36754711679
-5.38709243956
-5.34408819092
-5.43447248035
-5.4631244077
-5.53360660743
-5.57840909109
-5.56936858152
-5.68757553939
-5.67767177481
-5.66857548794
-5.79161623152
-5.75413485169
-5.627173747
-5.63211924166
-5.6633069751
-5.67340076973
-5.68315627506
-5.61527499785
-5.60089536138
-5.46985943566
-5.34044369388
-5.3769786812
-5.36161247077
-5.53357563558
-5.54461437757
-5.52467290354
-5.59678862778
-5.48467073442
-5.47773111802
-5.45380537371
-5.41339210884
-5.40483602242
-5.41105575921
-5.42754814839
-5.46897515281
-5.48729429306
-5.50900655283
-5.55197684308
-5.51071847026
-5.50323804142
-5.36729047503
-5.43701784264
-5.35922007196
-5.34301686848
-5.41984154644
-5.47246662238
-5.45560279283
-5.47365832347
-5.44757066337
-5.41467507647
-5.41410969492
-5.42420068028
-5.39468511244
-5.38607021026
-5.48083246091
-5.40299755382
-5.43630205825
-5.29940874489
-5.36199951078
-5.42073169839
-5.37237646927
-5.3816957414
-5.35650260933
-5.35533643732
-5.40311705518
-5.38690423321
-5.4055105946
-5.48144501209
-5.31004796932
-5.23749769032
-5.26169870319
-5.31215956031
-5.42771861998
-5.43567056905
-5.4119629296
-5.38132765331
-5.31844968333
-5.3881946518
-5.37132531244
-5.45022159604
-5.48532636275
-5.46543041642
-5.33152945837
-5.30622918756
-5.31063365817
-5.31931586405
-5.40582584087
-5.44575681103
-5.53010297147
-5.49445864654
-5.43273875045
-5.39025147175
-5.37901517643
-5.5090833825
-5.50000980069
-5.43370580568
-5.49469031783
-5.48353957639
-5.42810574083
-5.45866073359
-5.46614693327
-5.50034908457
-5.40670473321
-5.44180294997
-5.54103472225
-5.55652593516
-5.45532927403
-5.4553190521
-5.4842598125
-5.42849929341
-5.46186490721
-5.50192422148
-5.44509476158
-5.40624962236
-5.33974185989
-5.47898987344
-5.39837385899
-5.50867217795
-5.43338945402
-5.485616111
-5.402491168
-5.37296864951
-5.41025265764
-5.41582247666
-5.54850332566
-5.50258186963
-5.55241264271
-5.44964870808
-5.4516154162
-5.53748795686
-5.51959868688
-5.45960249426
-5.49306902629
-5.52729061437
-5.46574130628
-5.45880020025
-5.43695842957
-5.36103503477
-5.41156546195
-5.48677990674
-5.44702787927
-5.53162358569
-5.4715407691
-5.37783663721
-5.39154612356
-5.424929532
-5.48661262473
-5.57582886917
-5.57765414159
-5.63781713651
-5.65339978966
-5.52969931145
-5.47016774079
-5.45358745811
-5.56733384337
-5.63408398111
-5.51163657834
-5.54584499834
-5.57596936359
-5.55805168797
-5.52374046484
-5.49594362035
-5.53426329109
-5.59155558616
-5.57815517201
-5.56962795755
-5.49516976462
-5.5334286153
-5.48986496598
-5.54823385762
-5.45387316888
-5.50498654496
-5.49831223503
-5.3611397135
-5.39412436579
-5.50978981857
-5.44622335923
-5.42137666113
-5.4279338593
-5.43856206793
-5.50493313911
-5.47168282934
-5.43405642109
-5.44834572158
-5.52235156989
-5.48128721822
-5.4595699373
-5.50688395302
-5.53440254941
-5.51881509648
-5.45678739947
-5.5208906436
-5.60114368597
-5.58770306753
-5.54738524935
-5.50642872637
-5.60088051222
-5.65621573276
-5.64868572984
-5.5596852479
-5.46977545677
-5.59984451128
-5.52728327561
-5.38574755893
-5.51662148071
-5.48123319712
-5.53521398677
-5.49129893306
-5.5156403475
-5.5342344376
-5.55511100881
-5.51277232483
-5.41240911451
-5.36086922418
-5.42361246417
-5.43955411347
-5.32961041962
-5.3892652478
-5.411981972
-5.47787907759
-5.4432956613
-5.45472292004
-5.60043548622
-5.53023167687
-5.54864489593
-5.58868432986
-5.52336651239
-5.49070739956
-5.45504407721
-5.4093645251
-5.40741512493
-5.44710720461
-5.42259904026
-5.45188605568
-5.4854337279
-5.61737065914
-5.45315961405
-5.49690526332
-5.39072031301
-5.42129472741
-5.48379200608
-5.43746782017
-5.39362564133
-5.3871908368
-5.41708509293
-5.39566445003
-5.42847615538
-5.4986708355
-5.4534927527
-5.45874242305
-5.46567938818
-5.49766967352
-5.50556618433
-5.56278478582
-5.48704187832
-5.49922520552
-5.50674472051
-5.49944383639
-5.4002777463
-5.51235828812
-5.48245340293
-5.53719340485
-5.45205672519
-5.44495122152
-5.43274987449
-5.37794572973
-5.45611782796
-5.37520671662
-5.32702888327
-5.39929691709
-5.43467722223
-5.486588247
-5.51947514295
-5.50692003273
-5.54945977546
-5.57135067966
-5.56383587973
-5.58325899454
-5.53945781971
-5.68992089516
-5.72785683363
-5.69774259433
-5.63960272387
-5.56365147466
-5.55507383155
-5.4621578587
-5.50033095386
-5.59387691489
-5.55856820887
-5.5493506744
-5.52916986259
-5.50921149814
-5.55494617877
-5.44215744916
-5.48768477423
-5.490393014
-5.45957952691
-5.35574974685
-5.37246824393
-5.42206095228
-5.51080850964
-5.51542764959
-5.4552335097
-5.48177271157
-5.4367870814
-5.46054512807
-5.43143054756
-5.45909799343
-5.43657264975
-5.58501781517
-5.4431146313
-5.43476560519
-5.43275380572
-5.35795815367
-5.41173176842
-5.47014800952
-5.40876635377
-5.33892727611
-5.31967793365
-5.3477562096
-5.33608492565
-5.29687128286
-5.28876186495
-5.347995876
-5.38677855609
-5.41651762817
-5.40246240261
-5.4754074562
-5.36497536852
-5.34007028616
-5.46829715547
-5.48085629569
-5.40512268984
-5.40642982144
-5.35697992149
-5.39877825956
-5.35794866482
-5.41520490426
-5.37903877513
-5.37824484116
-5.48076024781
-5.37561129294
-5.35589243442
-5.39653003889
-5.48345138886
-5.44618033168
-5.44671666384
-5.42991558844
-5.42294208895
-5.36345757867
-5.3231118201
-5.38951900812
-5.47883807935
-5.51055944408
-5.58253945791
-5.51753285791
-5.48269868392
-5.46677610825
-5.61093606722
-5.58174391649
-5.46716469748
-5.39926955512
-5.38260884883
-5.38870615234
-5.3102542472
-5.35834452999
-5.38005664836
-5.36707154423
-5.44350144578
-5.4649496354
-5.50054615234
-5.43211858491
-5.50936566444
-5.50800523646
-5.4782998831
-5.5262685042
-5.5279423463
-5.44369945214
-5.47867632959
-5.45924918088
-5.42579166143
-5.50966868952
-5.51386036567
-5.49590150968
-5.52267169217
-5.48715708661
-5.5928771631
-5.55166056534
-5.58173170355
-5.60424669476
-5.53873734943
-5.51884403648
-5.6753578491
-5.6607456568
-5.62697706465
-5.59511089212
-5.56968872241
-5.53045572559
-5.49893577939
-5.47432504712
-5.48651506107
-5.4107091
-5.35575569542
-5.40883463684
-5.48250573158
-5.49525255111
-5.35903140957
-5.44139394648
-5.41098072714
-5.50914129163
-5.45051175296
-5.4239263006
-5.40039616133
-5.41150402149
-5.37222436657
-5.37526883808
-5.45741721241
-5.47955984367
-5.47430554032
-5.46941169822
-5.55508592177
-5.56906671566
-5.51868445146
-5.55118563724
-5.57498681251
-5.56422009536
-5.51631712541
-5.51194666519
-5.48929164062
-5.41653198194
-5.41790465877
-5.493456572
-5.43326599074
-5.43571441153
-5.43901660026
-5.49702883662
-5.47962417114
-5.56184538915
-5.60676925979
-5.62626183311
-5.67222859495
-5.58861353943
-5.60242345578
-5.48274018872
-5.51640278734
-5.43552649842
-5.35837623289
-5.47518481347
-5.49354894075
-5.46304089346
-5.44985760257
-5.32622812284
-5.29214562047
-5.3390018113
-5.39963090407
-5.35293269185
-5.30503482956
-5.40307277017
-5.45030031091
-5.31990976039
-5.3426252821
-5.3387106713
-5.48448759681
-5.53749224624
-5.53208784375
-5.52462079445
-5.63705479055
-5.52798586646
-5.64661755781
-5.63222461642
-5.6547554481
-5.67637183106
-5.67033684089
-5.77916488331
-5.72384661967
-5.61783754151
-5.73242839857
-5.72476405793
-5.74929271557
-5.71048268695
-5.66905174758
-5.60625274306
-5.58627880452
-5.49348032061
-5.53388424866
-5.61279297494
-5.52244132348
-5.5917016228
-5.56849355518
-5.58587966969
-5.59252786299
-5.56399559173
-5.48185588627
-5.44958988911
-5.53182163618
-5.55753375977
-5.61553682862
-5.60683294463
-5.6894152011
-5.67236904287
-5.73870261473
-5.68904914181
-5.71906437336
-5.55984492682
-5.60281624163
-5.60523068108
-5.57158113792
-5.45580764584
-5.30192613937
-5.41473369209
-5.34281077464
-5.38951431225
-5.37416607604
-5.3921476791
-5.29353787865
-5.43468629564
-5.38154343115
-5.24300460176
-5.21965352163
-5.21267276736
-5.41223026461
-5.53465048365
-5.4954218088
-5.44899091412
-5.38528141248
-5.45879129394
-5.414835071
-5.45011412541
-5.37557412736
-5.39967940986
-5.36623455252
-5.52115642647
-5.5196563048
-5.61419957473
-5.57717242133
-5.6093811828
-5.68923873194
-5.66993305858
-5.72764671646
-5.8006038532
-5.78732449607
-5.79065730324
-5.73867851683
-5.66214364022
-5.543324033
-5.55779843161
-5.64753167714
-5.61141612933
-5.65799534054
-5.62681924996
-5.64289077053
-5.60639737792
-5.61059740727
-5.50336291406
-5.57188387484
-5.66781313439
-5.59114077511
-5.48595587011
-5.54067736299
-5.50386601389
-5.45774041648
-5.50577391955
-5.49942944041
-5.53114838306
-5.53718439429
-5.57958842487
-5.61761461711
-5.55992629748
-5.5924636727
-5.51854550539
-5.57400431851
-5.52423085206
-5.43924119669
-5.43412318082
-5.49633355088
-5.49492647475
-5.55218450905
-5.59245124188
-5.58610424186
-5.62666570353
-5.55078023897
-5.51408447914
-5.54461004399
-5.42476779977
-5.46758869642
-5.54585348734
-5.42760176226
-5.53988683137
-5.56779028816
-5.6104484631
-5.58405974682
-5.64479483804
-5.62071577709
-5.49161903409
-5.54149654382
-5.46144436189
-5.43746882298
-5.47337918027
-5.46329397928
-5.42123812779
-5.25626489162
-5.31783690778
-5.36621464543
-5.38256182533
-5.34444662904
-5.35381645659
-5.43000407296
-5.39060379039
-5.42586087311
-5.50923968735
-5.51779405476
-5.51420845245
-5.49654816609
-5.49030309274
-5.46719528862
-5.42606935319
-5.58986396498
-5.58936250087
-5.49677179197
-5.38690863906
-5.35690495612
-5.40557116566
-5.43576162991
-5.58071999942
-5.56630044999
-5.65581822063
-5.6277218094
-5.53257755977
-5.60177048899
-5.49349568032
-5.51936746214
-5.5515025948
-5.52745883081
-5.56296630432
-5.45433588821
-5.45879760657
-5.40978057497
-5.47438412296
-5.41444636773
-5.52453588328
-5.4224611237
-5.48314809512
-5.50275942532
-5.55038239753
-5.54432481131
-5.54919046396
-5.4519365942
-5.42873347677
-5.41334440023
-5.41489129471
-5.3013820452
-5.23484761252
-5.31042495134
-5.39533456473
-5.45205830772
-5.46654001923
-5.46847714558
-5.50140234586
-5.51208434372
-5.51155773405
-5.34589614102
-5.30582976636
-5.48219636726
-5.47261934273
-5.4431720054
-5.472303697
-5.51162936362
-5.5183688039
-5.50631269863
-5.46114591855
-5.522035404
-5.51030146888
-5.47813123544
-5.43413552367
-5.41884582516
-5.37589533788
-5.41827101533
-5.35751124786
-5.35779959083
-5.41181375054
-5.42848199573
-5.39944921366
-5.37442000761
-5.34281894973
-5.41225197646
-5.40160949532
-5.44370303804
-5.45657888258
-5.46453398377
-5.53913492142
-5.46648062737
-5.5664753627
-5.61468427869
-5.61592998099
-5.63741181631
-5.53081253139
-5.34517440196
-5.37507859977
-5.40427959334
-5.44785595841
-5.33831282472
-5.32001197656
-5.28301306094
-5.32034075058
-5.37220640618
-5.41249178252
-5.30809043037
-5.41781360643
-5.45871552339
-5.49753246139
-5.5124674123
-5.517435896
-5.51631595471
-5.54173989823
-5.54939679837
-5.43695944936
-5.4007189114
-5.3669405857
-5.29386627251
-5.38131723537
-5.31254194743
-5.24818474132
-5.3168149084
-5.3228819116
-5.29121594147
-5.34450686873
-5.35438396904
-5.35722363571
-5.35478575293
-5.33691899116
-5.29457031089
-5.3441247951
-5.38185901392
-5.40633605241
-5.43950374346
-5.52932583408
-5.34755275929
-5.37170758403
-5.31314746989
-5.33857394106
-5.40072579771
-5.55348614377
-5.51361323088
-5.52312399777
-5.62255088738
-5.64301382047
-5.65675552346
-5.68457259212
-5.67087049416
-5.49144541838
-5.5803854499
-5.56436380747
-5.55988404827
-5.5888264834
-5.57066965958
-5.49214942903
-5.56239390414
-5.56391409636
-5.39760372213
-5.33924125078
-5.48057181332
-5.54679495928
-5.47760415931
-5.50775556604
-5.52168254283
-5.57049180243
-5.48670010689
-5.36667372793
-5.28092102738
-5.3972520213
-5.33887975563
-5.38804978677
-5.44087084135
-5.41659100199
-5.43950896531
-5.42063765743
-5.42311570697
-5.40731262739
-5.46032464928
-5.56814288857
-5.55778116232
-5.70656745296
-5.64031212304
-5.58531307159
-5.48127465274
-5.51235417981
-5.42867046359
-5.46291177464
-5.35108752315
-5.34745370071
-5.46689990081
-5.53807578684
-5.4492058018
-5.42082103626
-5.36562580832
-5.36629726783
-5.29302683422
-5.31756084107
-5.35847036256
-5.33121251592
-5.36232355594
-5.38032617716
-5.38276152646
-5.46879946596
-5.5868792324
-5.48296290745
-5.4857054435
-5.49312858708
-5.52492297318
-5.51952177534
-5.49623596595
-5.50526127489
-5.45028258712
-5.43951066575
-5.35472341172
-5.4150366853
-5.46054039426
-5.45145304058
-5.4696289311
-5.38563158291
-5.28054209202
-5.28510749812
-5.3416032869
-5.3258013123
-5.33914999005
-5.45692282619
-5.44103357065
-5.48889025061
-5.54259048634
-5.5604057008
-5.51772722892
-5.59439547845
-5.63940375504
-5.66007381893
-5.61171197409
-5.60240910416
-5.55066155693
-5.55138365316
-5.59383903478
-5.51627381177
-5.49710252957
-5.5243803981
-5.54899862266
-5.56430403263
-5.57563501327
-5.48671188761
-5.55899292576
-5.5729547707
-5.5895899049
-5.57713847336
-5.56555689144
-5.50904001075
-5.47539644285
-5.39691667463
-5.3804490024
-5.37516505022
-5.38848289207
-5.44018831754
-5.36027828111
-5.38670600727
-5.47578687025
-5.4330658985
-5.44519857339
-5.40483903707
-5.48627121678
-5.56267625636
-5.5818791841
-5.62646630035
-5.52261500965
-5.48944294143
-5.4800330728
-5.51309256587
-5.56699177252
-5.56962468031
-5.52092872283
-5.52765044897
-5.47068772106
-5.54822235906
-5.44828169211
-5.43097295003
-5.44386958324
-5.45426753244
-5.49379851488
-5.51024183877
-5.40846593062
-5.44270671262
-5.44189643384
-5.37626588687
-5.35513209356
-5.31178222184
-5.34052936495
-5.29267961431
-5.485069323
-5.48705085135
-5.52108721744
-5.45474839877
-5.40114242843
-5.41186119874
-5.47821037824
-5.55389163547
-5.47836364025
-5.43493261308
-5.51385334462
-5.46392749332
-5.43489537974
-5.38735724085
-5.3949211651
-5.42968497247
-5.46810548331
-5.47872073752
-5.50641862026
-5.4808096426
-5.55791480451
-5.52373365996
-5.44902771043
-5.49249190578
-5.64236521559
-5.6368548674
-5.45786024027
-5.43503040494
-5.44041410195
-5.43998756909
-5.49882395641
-5.43915969659
-5.42324335774
-5.3857837531
-5.43593080123
-5.45443980761
-5.47238822202
-5.49214331787
-5.4984072161
-5.62759102381
-5.63945194237
-5.58439176906
-5.61373947302
-5.58032620642
-5.51906096309
-5.50527238667
-5.52237434731
-5.52611247334
-5.47851437569
-5.58445930857
-5.55010954414
-5.5934121032
-5.57240762977
-5.54372214868
-5.58413801522
-5.5122994456
-5.50144113994
-5.44052716548
-5.37368398108
-5.36491155827
-5.41736363853
-5.45634366949
-5.31789101544
-5.38055682228
-5.38731996883
-5.46608278685
-5.36752634897
-5.33757022257
-5.45242377637
-5.40594229069
-5.47566092822
-5.40800663036
-5.4246587305
-5.49578410454
-5.47244265509
-5.51653973805
-5.57645806933
-5.59881639086
-5.56663749889
-5.47560798949
-5.41342443514
-5.40800439382
-5.40730088664
-5.53518559722
-5.57136933945
-5.52341054836
-5.59196638309
-5.41970064479
-5.42994816178
-5.57541643653
-5.6033143186
-5.56207694519
-5.57140029467
-5.57649171479
-5.60614226183
-5.5401911527
-5.52119944665
-5.51693398423
-5.58466059224
-5.47344884461
-5.52028477063
-5.48259779955
-5.45031661893
-5.45059404332
-5.516058015
-5.50939648007
-5.5439023652
-5.57752487349
-5.62346987051
-5.56334756295
-5.62575443012
-5.69822156574
-5.65036010255
-5.52366112481
-5.43038694138
-5.49715901267
-5.48785068481
-5.46800972531
-5.38127883956
-5.36413518255
-5.35473238582
-5.37170476481
-5.42236580284
-5.43047001392
-5.47136659891
-5.45250074785
-5.42775942775
-5.397195202
-5.48277453549
-5.53437444175
-5.54717287822
-5.38976927226
-5.38718104899
-5.39399405484
-5.38360289304
-5.29473815809
-5.34369150801
-5.35892299465
-5.35807415851
-5.31084547918
-5.25963677842
-5.3070206816
-5.36510963408
-5.27715057483
-5.17840242424
-5.27291659929
-5.37192153392
-5.42742993048
-5.3244628611
-5.37387300168
-5.54028291912
-5.37040971313
-5.3693297064
-5.37208826656
-5.32143342597
-5.45552855898
-5.40922781203
-5.45012371465
-5.4772484799
-5.4884506044
-5.45302480297
-5.52847730562
-5.59764168132
-5.50672499575
-5.5781757713
-5.50725079323
-5.39751176201
-5.4719776005
-5.37767902994
-5.42896497118
-5.39450911898
-5.39441038514
-5.44826701833
-5.5083457017
-5.49353903875
-5.41080610806
-5.49351741308
-5.528093769
-5.47250517067
-5.40303092633
-5.52477792171
-5.38959480109
-5.37959456047
-5.35166765884
-5.3480866535
-5.40536208254
-5.44294458015
-5.41967052475
-5.46162569461
-5.39781629645
-5.40378506266
-5.37552021423
-5.44442755571
-5.4882090988
-5.44186554212
-5.25096168664
-5.33851412185
-5.42069410976
-5.42076416102
-5.45116982711
-5.47596354778
-5.54236321602
-5.52409205589
-5.5389442858
-5.48963835597
-5.50814617874
-5.50522968885
-5.41686174847
-5.52606470565
-5.4845803894
-5.58382425348
-5.62281982198
-5.60433101411
-5.50784469626
-5.43681529894
-5.36238009427
-5.367698542
-5.33344190056
-5.42911369979
-5.44620462767
-5.45092388553
-5.3928913602
-5.52605460541
-5.52480660474
-5.55401236072
-5.51642128164
-5.55903092684
-5.48849118819
-5.4522949606
-5.44093548721
-5.43468724828
-5.43264576912
-5.41632677004
-5.42028446299
-5.44630905634
-5.5092381433
-5.6003552711
-5.57709516504
-5.59115968891
-5.6199916451
-5.59315238264
-5.68213856
-5.64017560064
-5.62374441618
-5.45500475024
-5.40655538299
-5.42443160546
-5.40917135758
-5.31534394603
-5.32529934314
-5.40467309835
-5.43853203645
-5.42131002099
-5.53435673464
-5.53681004905
-5.48166304811
-5.49090691938
-5.55877826532
-5.45898101186
-5.44278043773
-5.4919340158
-5.39561170805
-5.48137650181
-5.44629042447
-5.34617853918
-5.27311218225
-5.37287383412
-5.35149722655
-5.39838286413
-5.32743251791
-5.32943350804
-5.30495467018
-5.36208611433
-5.41970784585
-5.34063639105
-5.41832532872
-5.43760488576
-5.38571031609
-5.34880227134
-5.3933520263
-5.42331553805
-5.42625459341
-5.4024330636
-5.3543890965
-5.40750612977
-5.40960620793
-5.48609761186
-5.4640937596
-5.30007624523
-5.34151365374
-5.33382869141
-5.28947071764
-5.33975596544
-5.46298494838
-5.46875369699
-5.43235140114
-5.33198590715
-5.39736886889
-5.43630159187
-5.45237536216
-5.56803465517
-5.58397514211
-5.59729353721
-5.57841505957
-5.52708920857
-5.49672726059
-5.59345185552
-5.52909534386
-5.43050970548
-5.50929497672
-5.49176854673
-5.50181654922
-5.47567963987
-5.44578951563
-5.48716579898
-5.46982601783
-5.51766388313
-5.461726524
-5.41881657967
-5.50332853344
-5.44320939938
-5.51902734358
-5.47040891973
-5.48367922729
-5.55529219456
-5.34170069961
-5.44631277073
-5.46881883617
-5.47901926911
-5.46535061202
-5.50639421181
-5.45250538457
-5.50958034925
-5.4512949133
-5.39254318013
-5.36426120834
-5.39995041182
-5.35999268258
-5.39258117528
-5.34257683667
-5.25193800811
-5.2113370357
-5.21869397965
-5.3510449638
-5.29768640747
-5.23016413086
-5.26872673989
-5.24630726105
-5.22940787683
-5.25979032032
-5.3531532312
-5.33813934873
-5.32795115364
-5.2982432878
-5.28520855847
-5.37201451407
-5.38094442444
-5.43212905345
-5.41466610414
-5.41684605199
-5.39440282787
-5.34356685044
-5.34498366645
-5.39586089766
-5.46253241335
-5.49023062437
-5.44568626412
-5.4722667762
-5.4253263357
-5.48370417122
-5.35101624052
-5.32971149167
-5.22011658662
-5.32435888109
-5.3596528629
-5.33934122049
-5.40966190943
-5.44196920119
-5.35059096272
-5.34356624686
-5.3241670861
-5.3236599819
-5.28256876214
-5.29277746057
-5.26945632247
-5.34482618238
-5.33143011834
-5.4319837415
-5.2998654932
-5.23457498812
-5.29145800206
-5.26996080291
-5.37369069485
-5.3300481872
-5.28400809136
-5.38774517726
-5.40196134756
-5.45124029231
-5.46046122154
-5.4501138485
-5.42003447505
-5.44553598329
-5.41829748323
-5.35334674157
-5.32564474406
-5.35336281563
-5.3895917833
-5.45733524299
-5.40899441317
-5.38436587375
-5.38286030437
-5.37121491578
-5.40012213583
-5.3432002804
-5.38534597717
-5.31068348169
-5.19541895644
-5.22286026867
-5.2524790564
-5.20783622865
-5.27980849886
-5.21773186078
-5.22948980867
-5.37256095936
-5.34121163015
-5.4464807399
-5.42748589268
-5.51996915907
-5.47362187698
-5.52446506867
-5.45633332007
-5.39297247165
-5.42658690053
-5.38244066678
-5.41277171191
-5.37761432114
-5.49844571132
-5.45250414023
-5.49479065759
-5.44218403781
-5.37002337557
-5.42679812164
-5.40614067999
-5.36606619835
-5.37059350852
-5.40041936841
-5.44882426857
-5.39709589825
-5.37066994324
-5.48304357476
-5.47343616518
-5.47496643568
-5.44648370689
-5.54022502077
-5.64767315842
-5.52595820963
-5.62478953285
-5.58747916804
-5.5437110324
-5.48539779477
-5.38305707631
-5.35697345172
-5.37318121998
-5.32359296594
-5.33259532184
-5.20046165676
-5.21765724508
-5.31179548488
-5.30273047522
-5.38655973712
-5.32166219471
-5.30055144676
-5.36334884082
-5.34934851191
-5.41054594388
-5.27823086187
-5.32630761561
-5.3293427193
-5.2320321248
-5.26866740605
-5.41284766526
-5.47330429477
-5.48271562275
-5.53165883272
-5.51832646785
-5.51169403
-5.50729994803
-5.45120625779
-5.32340093075
-5.29966930809
-5.30709350659
-5.30376157558
-5.23527254538
-5.37461522198
-5.4067262456
-5.4195967273
-5.3364193711
-5.47542827743
-5.46095793111
-5.41893692043
-5.46992523447
-5.54847301395
-5.56061311316
-5.61473781135
-5.62287181973
-5.65782321211
-5.68884306161
-5.59122494343
-5.63738914763
-5.48649128533
-5.46778617037
-5.46118778415
-5.53558029464
-5.55931208424
-5.52681540401
-5.4630173731
-5.48252978299
-5.50534183128
-5.52744935001
-5.50287686533
-5.49093354331
-5.4062127296
-5.41508211909
-5.53159040269
-5.5806117741
-5.50075485241
-5.43374413692
-5.34085469987
-5.28942898884
-5.40486763036
-5.39948306915
-5.37168325171
-5.32834924935
-5.38900393069
-5.30779845887
-5.31463604206
-5.45348800687
-5.39621215455
-5.4015951086
-5.42982793497
-5.34996093279
-5.34882303093
-5.26723824996
-5.38277622141
-5.35844783476
-5.39774789288
-5.36728762439
-5.42555900756
-5.43542232772
-5.28041403335
-5.18678608996
-5.32236013832
-5.32378606543
-5.30102872471
-5.30846937315
-5.35807935679
-5.32487644238
-5.33194148829
-5.38087957926
-5.38048714532
-5.39204493831
-5.38054180135
-5.43260786153
-5.39445300625
-5.42778206388
-5.53115088002
-5.47626039238
-5.48730805496
-5.42422590996
-5.55006324028
-5.59229648482
-5.46292368784
-5.44031155297
-5.41560513999
-5.45423029537
-5.38163629536
-5.39489538558
-5.37061176911
-5.31886250417
-5.46587799696
-5.39111524723
-5.40621830839
-5.4530031386
-5.4781784772
-5.50888406095
-5.49577195008
-5.34376266176
-5.42259460844
-5.39114650782
-5.3462887662
-5.40295582225
-5.43621426367
-5.47752345765
-5.46128605377
-5.44013247085
-5.44778504945
-5.41866410617
-5.50368177293
-5.4918311526
-5.44464546173
-5.41489773558
-5.36470834745
-5.36131367879
-5.4322394933
-5.47193253138
-5.486637962
-5.42955021881
-5.38862342729
-5.47981702616
-5.46951061459
-5.4462557369
-5.49279312372
-5.45862636936
-5.48247419389
-5.46130319893
-5.43391708624
-5.36356674288
-5.39648717872
-5.47386343185
-5.38342247925
-5.4014447565
-5.32248837785
-5.44862298467
-5.4051309496
-5.32812924752
-5.38263280636
-5.3396398597
-5.3734363892
-5.40077661244
-5.39876195717
-5.35719395934
-5.46335952588
-5.4146108178
-5.34921420444
-5.29685962136
-5.46530588766
-5.49158919377
-5.4460656672
-5.4956158008
-5.44653001361
-5.53458781523
-5.56673879519
-5.57356349047
-5.56154516476
-5.50873673203
-5.54120467732
-5.61362720599
-5.56565081082
-5.6377880705
-5.57113446376
-5.48557646654
-5.52574547582
-5.58116218156
-5.55208091311
-5.61757744904
-5.5669600151
-5.55835504143
-5.53145961011
-5.48691509254
-5.50526609773
-5.58395659439
-5.56522085156
-5.54739311945
-5.5201548139
-5.45763416805
-5.40473823303
-5.43692397631
-5.55231964047
-5.52322708047
-5.53262012564
-5.46948895303
-5.54280434717
-5.50786607165
-5.50378477422
-5.38759575671
-5.43251619761
-5.39014214764
-5.42776087775
-5.37591905531
-5.39706243928
-5.42760905559
-5.30249663173
-5.42049780311
-5.47387921868
-5.4111756623
-5.4669103432
-5.45474650498
-5.36233721556
-5.42522417023
-5.35320712478
-5.36395918423
-5.44676742686
-5.45886870367
-5.44370985541
-5.50436046555
-5.42554573729
-5.45676848336
-5.42391921559
-5.3546643914
-5.31345393141
-5.42052561536
-5.48834793869
-5.50797161792
-5.30154340128
-5.29464247681
-5.33012134541
-5.3207333689
-5.27911971027
-5.34019779263
-5.25465463461
-5.17737308624
-5.28261737881
-5.31018874727
-5.26455527845
-5.25717377196
-5.36777401764
-5.32942722146
-5.26836374728
-5.16669366893
-5.31629297824
-5.3890890032
-5.44277259096
-5.40338330043
-5.27905854087
-5.33583580222
-5.28253197373
-5.3068529486
-5.23262342637
-5.24041095752
-5.29005569368
-5.39274998046
-5.35058525861
-5.40245890063
-5.43029606553
-5.40216546868
-5.41821488091
-5.46957884062
-5.41019828423
-5.40203022103
-5.39626629976
-5.42850142469
-5.41298457794
-5.39749994066
-5.41778525421
-5.41807894469
-5.44424862232
-5.43243259336
-5.48966467424
-5.48563038557
-5.43587260188
-5.43679053456
-5.48874965592
-5.46713813286
-5.50288961576
-5.48880352424
-5.48599006678
-5.44535476718
-5.41199582715
-5.22475698543
-5.29471472501
-5.28871052832
-5.36744027055
-5.26877629014
-5.14382470916
-5.24399991421
-5.32562429067
-5.32244827155
-5.32775267232
-5.45635769785
-5.52521961241
-5.51161821053
-5.51853411746
-5.50358979985
-5.46643772731
-5.49800191065
-5.55912174026
-5.43782884138
-5.46521294502
-5.4144622214
-5.32133108234
-5.48872158299
-5.52271638867
-5.50653273392
-5.48011933084
-5.38801175543
-5.45236998579
-5.48249031145
-5.60024431397
-5.67385226194
-5.56715519784
-5.50699429967
-5.54439562166
-5.54877513122
-5.46469399269
-5.41361041534
-5.41711195006
-5.42888723848
-5.53093435147
-5.58741907536
-5.5562787245
-5.58477992875
-5.59832802416
-5.54409548364
-5.56774734196
-5.50942186642
-5.52410389001
-5.47105731102
-5.45703592603
-5.47865991617
-5.54026009014
-5.54480398457
-5.51113612055
-5.53628073216
-5.57208775618
-5.61760730882
-5.64973670479
-5.60436597025
-5.61612918882
-5.5834463472
-5.58423216425
-5.55885093645
-5.48120272714
-5.53267362959
-5.53695434202
-5.42157094805
-5.37864288966
-5.42726024616
-5.51592470325
-5.51727765315
-5.53561347479
-5.40840068211
-5.48462056768
-5.48696704713
-5.50269621065
-5.42678987956
-5.43602009892
-5.53058280166
-5.42342617981
-5.45186987683
-5.40315611414
-5.56940391445
-5.57800990002
-5.46398198952
-5.49376839362
-5.43903155429
-5.5522998332
-5.51013166719
-5.51952355981
-5.47849109371
-5.51077818292
-5.44496790013
-5.5206688019
-5.49311261886
-5.60480136239
-5.53480326767
-5.50341599435
-5.48952196269
-5.53404115108
-5.49669212169
-5.53043091989
-5.55983420935
-5.52807393246
-5.57798933181
-5.52071565146
-5.51143916695
-5.50770353852
-5.49369243611
-5.49897070314
-5.49958381506
-5.40338829526
-5.45528849853
-5.3658005388
-5.42551525124
-5.45626245391
-5.54235928163
-5.4523299323
-5.44632543522
-5.48861437581
-5.45709017635
-5.53346659217
-5.52657078394
-5.52384342693
-5.38176469038
-5.38561502121
-5.31084383422
-5.279280887
-5.44449281101
-5.46406471819
-5.3877778849
-5.38288932604
-5.42436855418
-5.372681203
-5.34810872477
-5.41954295832
-5.37452854579
-5.36862276126
-5.3759009554
-5.33671856461
-5.34664065691
-5.44868996695
-5.50226599791
-5.37690388983
-5.49666870557
-5.48940677607
-5.40353570392
-5.47664534844
-5.54105680084
-5.4979458038
-5.44745084142
-5.47103597813
-5.52260043044
-5.47983672271
-5.59236442664
-5.55394805658
-5.58109317009
-5.54108333719
-5.54395744613
-5.5770977268
-5.54332266463
-5.52288728362
-5.62746617153
-5.55474824215
-5.44777087379
-5.37077453843
-5.37270299498
-5.43885433518
-5.36098863971
-5.33386466992
-5.43927553153
-5.33153522301
-5.38043287666
-5.49847778175
-5.42422505557
-5.45039167196
-5.53671931022
-5.48214131117
-5.50475031681
-5.49338453332
-5.40364711692
-5.47989529467
-5.53186832346
-5.5878789157
-5.51115194776
-5.51143820394
-5.49545255723
-5.48381874279
-5.54318270819
-5.39733140476
-5.50558504258
-5.56149498145
-5.49364116109
-5.51392563033
-5.44713810703
-5.47380646712
-5.47896684758
-5.37360878272
-5.38907343764
-5.46493400388
-5.45846488128
-5.372136224
-5.30255849732
-5.18881662061
-5.28144912354
-5.30040495296
-5.35892711908
-5.39960865937
-5.39900647615
-5.32671792936
-5.25102085337
-5.32872259808
-5.34065168068
-5.45517694609
-5.45395326468
-5.44590217319
-5.46483374987
-5.429759825
-5.41371754879
-5.45424905725
-5.46445482421
-5.46310182264
-5.47910746632
-5.53069868068
-5.47059242126
-5.48201750276
-5.44210308977
-5.45711517
-5.51142178383
-5.48439688311
-5.48517984422
-5.46262110879
-5.44462455036
-5.40835073375
-5.45551325358
-5.36719059257
-5.46535565595
-5.45236420221
-5.44915561502
-5.50146907491
-5.4963027803
-5.54651515432
-5.52029993135
-5.57780570482
-5.63881727574
-5.48595102497
-5.59565998597
-5.63624259068
-5.69172532922
-5.6285076701
-5.55853250691
-5.53119633836
-5.57586764222
-5.60672308709
-5.53183436269
-5.41875831362
-5.49873113252
-5.53297365048
-5.49146589805
-5.49235928758
-5.50612687186
-5.41820552801
-5.41912096766
-5.4395867257
-5.42692454459
-5.44554211627
-5.47795230378
-5.51857693407
-5.55370471353
-5.51963537106
-5.46502323853
-5.39564560222
-5.51938728418
-5.43215923392
-5.45270192639
-5.40155541568
-5.4001450925
-5.4504416647
-5.46962952583
-5.48633449886
-5.4130481468
-5.43761988958
-5.46148726595
-5.58007878763
-5.56200084619
-5.52811909432
-5.50831285633
-5.54682577015
-5.50746325432
-5.45475319454
-5.40703806991
-5.38717687653
-5.3793164976
-5.33667575085
-5.33956468041
-5.30345796135
-5.26535737825
-5.32382552144
-5.34210751932
-5.43741424396
-5.53241947364
-5.46061676198
-5.46959486826
-5.54098481841
-5.45390205545
-5.47154433698
-5.42194694511
-5.390484635
-5.41807609176
-5.36682714837
-5.29811979667
-5.39796185664
-5.27794798026
-5.17628921735
-5.30007291558
-5.31882059884
-5.28289500249
-5.34999987434
-5.33379015153
-5.34108200447
-5.40805564154
-5.39893259737
-5.49235009633
-5.54845701515
-5.55765909266
-5.58400675279
-5.51272676689
-5.51902266587
-5.56100774061
-5.5516064174
-5.54249009355
-5.42220680971
-5.47935265594
-5.44958863247
-5.40596722345
-5.46187980628
-5.499095911
-5.48828706199
-5.46284141142
-5.50239954368
-5.47044417639
-5.46098629804
-5.58037096166
-5.59855223724
-5.55749309342
-5.57367814492
-5.58102669378
-5.55457881234
-5.39530974576
-5.44288223215
-5.37197727211
-5.36197885519
-5.46641001491
-5.50904194961
-5.52547601345
-5.49631933762
-5.34958901599
-5.42485812988
-5.32037736305
-5.37753494187
-5.41826643903
-5.34549818062
-5.28741499248
-5.34598983179
-5.37979988849
-5.47576227334
-5.50053951178
-5.4213057074
-5.46570456161
-5.39636437121
-5.31642264621
-5.34860493904
-5.35560222404
-5.30523444949
-5.37230777072
-5.38228994706
-5.48370617066
-5.42464351648
-5.48955772138
-5.47041465793
-5.45579833364
-5.49791111337
-5.4939894295
-5.41567740958
-5.49124203235
-5.36703815861
-5.46538458668
-5.42334173269
-5.52725019249
-5.55767737355
-5.46156508654
-5.43060520676
-5.40515961987
-5.41503599686
-5.5008832402
-5.46902939958
-5.51216636248
-5.46314784802
-5.37061324118
-5.46789727609
-5.53260407947
-5.54767778908
-5.53654681674
-5.55218444591
-5.48281147896
-5.52628382619
-5.53119033522
-5.50615658219
-5.55915250613
-5.55557290872
-5.62974637988
-5.55615864337
-5.53072475913
-5.44942304763
-5.39723023244
-5.39993262455
-5.48060118306
-5.56052818511
-5.488150513
-5.47789443523
-5.52448786537
-5.51872438224
-5.56593952576
-5.53893815619
-5.40491048103
-5.35571672194
-5.42314996188
-5.39841351277
-5.40479549279
-5.45277790389
-5.42545295784
-5.42271712012
-5.45594172803
-5.39991922624
-5.48441446831
-5.40228724345
-5.42495992377
-5.56074087555
-5.58777429713
-5.6208189224
-5.58532200084
-5.46587005121
-5.47234340188
-5.54845785276
-5.57289243489
-5.48020525271
-5.50625284771
-5.54596186545
-5.59308483048
-5.42211136223
-5.44135252812
-5.33916826606
-5.29474589541
-5.40087059169
-5.42237499538
-5.38127458696
-5.32378211959
-5.49875889519
-5.51967149671
-5.56711209155
-5.5885645859
-5.42138262003
-5.49271147506
-5.56940547717
-5.53079912786
-5.59447954848
-5.55702761415
-5.53120740476
-5.49146831496
-5.44587976829
-5.33508278696
-5.3366054496
-5.28491495253
-5.3682206108
-5.36227728515
-5.42643400716
-5.5112602736
-5.48621601545
-5.47423696681
-5.54676557603
-5.49594746627
-5.48147373756
-5.52585481657
-5.53793138525
-5.63296033221
-5.67069189994
-5.65843156374
-5.58615678082
-5.49881777121
-5.5032369395
-5.54503827212
-5.52287418124
-5.53048639286
-5.43705987204
-5.36494297177
-5.42767216889
-5.44493107812
-5.47067060254
-5.45497383184
-5.41610924613
-5.46807028
-5.52415836453
-5.49328436594
-5.44331133792
-5.37468084481
-5.43986628138
-5.44394781965
-5.48830904748
-5.48466311445
-5.42741569347
-5.38895887856
-5.50097890389
-5.45955912809
-5.50289981342
-5.50813624358
-5.54016207269
-5.59372531158
-5.53067541681
-5.56578073149
-5.64839624801
-5.59442970474
-5.53521811614
-5.58029477143
-5.49829446158
-5.48550381425
-5.41703274969
-5.39476611828
-5.39010322857
-5.35590592318
-5.38221431239
-5.27556404777
-5.3205020726
-5.27885700112
-5.33349669032
-5.2916575964
-5.3059671796
-5.33228231165
-5.38704044019
-5.38613147164
-5.37466263032
-5.41682547238
-5.41410858995
-5.43350057882
-5.39113665375
-5.40036877244
-5.46958796732
-5.40643824384
-5.46628086178
-5.40948921072
-5.40730321604
-5.42873864275
-5.39942457179
-5.47702940822
-5.45256524516
-5.47180200981
-5.46230209451
-5.43463260606
-5.49892144448
-5.5705740773
-5.50748146312
-5.56185646973
-5.54092375693
-5.50063250058
-5.41867162988
-5.51451501797
-5.56973545082
-5.5792769434
-5.58353241204
-5.56199786989
-5.53187051258
-5.4729362633
-5.42599531798
-5.42809856203
-5.42389048823
-5.45871421687
-5.40704487473
-5.50640995191
-5.5236878893
-5.56009512636
-5.5202525363
-5.53230749101
-5.45191678295
-5.4092021117
-5.43965358964
-5.47814513335
-5.60220675051
-5.65506157386
-5.70769219583
-5.60059850178
-5.60537738232
-5.58340096383
-5.5444216512
-5.51003894572
-5.55149458032
-5.63865793848
-5.62092933392
-5.51317533277
-5.44011010333
-5.40619849262
-5.44724762621
-5.45930187962
-5.41225261332
-5.45074708163
-5.53222897016
-5.508776815
-5.62434979145
-5.57678844329
-5.6418123317
-5.51681400724
-5.54802301775
-5.58371108455
-5.52710739082
-5.49159332651
-5.5263868232
-5.54742495498
-5.42158594637
-5.42004446021
-5.3070513434
-5.32649998336
-5.46930983432
-5.47461167609
-5.47337645666
-5.46855415478
-5.44053393259
-5.40269065569
-5.3765893483
-5.44654906661
-5.45547242006
-5.48600437667
-5.49943851459
-5.43209648933
-5.37834677969
-5.35329618827
-5.306843646
-5.42669880086
-5.53596887745
-5.55400462543
-5.5587340496
-5.5581889435
-5.63006333946
-5.56331272029
-5.56262552372
-5.53558380254
-5.62866465383
-5.5784814522
-5.49357859687
-5.48939429484
-5.46524511085
-5.39671427177
-5.42993487136
-5.4645466242
-5.52695388847
-5.50257562509
-5.54274872248
-5.44646105298
-5.52759588645
-5.57938749148
-5.47914451558
-5.56095505627
-5.51944767934
-5.52488164774
-5.49116504353
-5.46280763576
-5.48595438999
-5.43029505094
-5.3831518616
-5.34567820402
-5.28724744967
-5.31874405219
-5.40281909602
-5.41560066103
-5.49629063231
-5.47619400173
-5.60939524625
-5.70261938181
-5.62652272051
-5.64568592134
-5.54320099855
-5.38744815162
-5.35924412456
-5.4415356787
-5.34847961635
-5.30373475841
-5.32348990463
-5.29357279343
-5.30375298747
-5.23682442631
-5.3942224997
-5.36249034897
-5.36518325256
-5.32595325868
-5.33758672709
-5.35358930155
-5.3497989869
-5.37439067095
-5.42352595615
-5.44133695174
-5.46694185483
-5.29861516503
-5.26922308611
-5.31218081431
-5.4360801795
-5.47507431432
-5.40011959567
-5.46505025262
-5.4715819055
-5.42963773776
-5.47646107455
-5.48762958538
-5.50434239505
-5.36239118386
-5.31468627275
-5.39512922305
-5.4040112645
-5.45114841932
-5.40666299494
-5.33853144107
-5.2974344084
-5.4408121831
-5.46533204628
-5.50391097235
-5.511694164
-5.54549277828
-5.54803124325
-5.5358274832
-5.49056278221
-5.39274498197
-5.28334163821
-5.29804996961
-5.29745424295
-5.23041708114
-5.24691664151
-5.35629347905
-5.32648303753
-5.25742547161
-5.26811406008
-5.31152215207
-5.3293670752
-5.41828356642
-5.46051184569
-5.42862600916
-5.48786250173
-5.37771999017
-5.34629982084
-5.30375845007
-5.36711907143
-5.34842158807
-5.37644138516
-5.47075737368
-5.52458798357
-5.53950802035
-5.55714065805
-5.52737915143
-5.46550982184
-5.3941976993
-5.45262263349
-5.42590177133
-5.43091638441
-5.38584916488
-5.34967336981
-5.44348624539
-5.39061836605
-5.38556838876
-5.43912858651
-5.45800596032
-5.50311452079
-5.44049106064
-5.41068328417
-5.35528175786
-5.43581709905
-5.3985752333
-5.46902791854
-5.42899191553
-5.39025863173
-5.40434131757
-5.4236072128
-5.37195634335
-5.45856951059
-5.49452590328
-5.51089687959
-5.55627632637
-5.45762099465
-5.44721672246
-5.35351726847
-5.32953439459
-5.42585937595
-5.42586979702
-5.51337365549
-5.36587846828
-5.3769245708
-5.43513359965
-5.41535945099
-5.48386783017
-5.48337660647
-5.61517503828
-5.51517602594
-5.59175591535
-5.6116892976
-5.52319422034
-5.56102811205
-5.55582521604
-5.51966844295
-5.56240807564
-5.58790066209
-5.5446442939
-5.45529823657
-5.50718310669
-5.49809910465
-5.54739093642
-5.50134404749
-5.58215157702
-5.63519268189
-5.59830249486
-5.56381957982
-5.57671468578
-5.58647962287
-5.52770416005
-5.48611633072
-5.51864957464
-5.51121623034
-5.55386790416
-5.61003395703
-5.57571058249
-5.63233661368
-5.59509237357
-5.57149149951
-5.52212394676
-5.46125562526
-5.51445435185
-5.56714071038
-5.64190596191
-5.56098542468
-5.49047226934
-5.37879589085
-5.41404692315
-5.37059327417
-5.39821952949
-5.47607574709
-5.54140060896
-5.56549673295
-5.60424390943
-5.58877873026
-5.68350792196
-5.56914458643
-5.52864012879
-5.51648659917
-5.55338704825
-5.63707589976
-5.62477091925
-5.53378789763
-5.54386338302
-5.56080697831
-5.53573056061
-5.48591964269
-5.47707182226
-5.49420524583
-5.52132573145
-5.54791655093
-5.558518696
-5.55213127273
-5.53895168179
-5.56875339726
-5.55977677663
-5.52084223142
-5.47490711237
-5.57121777966
-5.60052257072
-5.65061169765
-5.5656423242
-5.49734464775
-5.60074475266
-5.55744844514
-5.5158911117
-5.54720025892
-5.57371651202
-5.5707721261
-5.61239244805
-5.65971082128
-5.57507921837
-5.61983778024
-5.55609591939
-5.60134179574
-5.61888627059
-5.51197695384
-5.51893947897
-5.61626660521
-5.5742458788
-5.64774682812
-5.54483637986
-5.52572892056
-5.56670605246
-5.52529409939
-5.46797510172
-5.40449820587
-5.42838043467
-5.42101830172
-5.57537767191
-5.62216792021
-5.59962861505
-5.47600683735
-5.43916776604
-5.41977873109
-5.36759724667
-5.48198883512
-5.43868943001
-5.48681618986
-5.46354590105
-5.54511767839
-5.55866811934
-5.6204683741
-5.63193631964
-5.48031421221
-5.44576618076
-5.38542996273
-5.38901206512
-5.45275915892
-5.52667883678
-5.57235866375
-5.52342264005
-5.51380578971
-5.46763760647
-5.42300461667
-5.40573421867
-5.41286844148
-5.37016400867
-5.35609294625
-5.45156873545
-5.50906982608
-5.51192279178
-5.43653297353
-5.47718748887
-5.50289202932
-5.36482506851
-5.37734706992
-5.44561578279
-5.46552008691
-5.3423944647
-5.41693895336
-5.51151402106
-5.57030422686
-5.54833349513
-5.58263116091
-5.51039367791
-5.43976583661
-5.44717880411
-5.44386570976
-5.48327145211
-5.46539267367
-5.42816638446
-5.34844895271
-5.49721896399
-5.45242684596
-5.50698920326
-5.46256026537
-5.49327806477
-5.45557802513
-5.5467326074
-5.56752671031
-5.49578304462
-5.43573194935
-5.57027110261
-5.563860628
-5.57051731724
-5.59687223952
-5.54320148873
-5.52959730617
-5.56277353292
-5.53517676264
-5.56144276282
-5.53848508157
-5.62384878242
-5.52232972264
-5.53048555812
-5.5324592568
-5.56106140139
-5.49471669765
-5.49995093621
-5.38844696623
-5.43961877874
-5.46385889442
-5.47132929374
-5.43774184758
-5.39948309401
-5.44007653581
-5.46824551294
-5.55097801293
-5.53203627951
-5.38988436325
-5.36012084667
-5.33153014593
-5.34344115755
-5.43698668929
-5.53517225562
-5.59977890629
-5.55507595644
-5.64058859736
-5.64399493087
-5.51441905113
-5.59523435413
-5.55390056789
-5.48949538337
-5.48396921793
-5.56239124371
-5.53566209468
-5.54492907249
-5.4482884542
-5.42499674321
-5.53662255679
-5.4191048924
-5.3879750126
-5.4204612556
-5.46252595112
-5.4648771443
-5.4251214631
-5.48768375117
-5.50890349878
-5.58407985983
-5.61230311716
-5.67134619551
-5.64309713474
-5.73874826372
-5.6451263957
-5.65878203486
-5.54702963148
-5.48845856892
-5.48020105979
-5.50501534492
-5.53183767309
-5.51253586064
-5.58690007688
-5.58078774156
-5.53536703504
-5.532639353
-5.5961853995
-5.5816793246
-5.54261181443
-5.5975677803
-5.57495824298
-5.58553989395
-5.55141082074
-5.53405887376
-5.49843576082
-5.46861332159
-5.45020054884
-5.50097658571
-5.50997773603
-5.51032009798
-5.54249753204
-5.53797558193
-5.49882337881
-5.46537225983
-5.46087280919
-5.54122652297
-5.56000535885
-5.4886356641
-5.48361743846
-5.44747080695
-5.51253710662
-5.54275287228
-5.64586170066
-5.59583388026
-5.60476449231
-5.58152165026
-5.64482279094
-5.58614959195
-5.56207966083
-5.51097302421
-5.40943761801
-5.4735349513
-5.41202579275
-5.47936413929
-5.44403981094
-5.43131661168
-5.38155696643
-5.30757965588
-5.32168461727
-5.4698912439
-5.47065752523
-5.50097301354
-5.50198679689
-5.50407040659
-5.44078880749
-5.36878861368
-5.34480497307
-5.37785912085
-5.43935685786
-5.50369299881
-5.59401743668
-5.5241267564
-5.57571694592
-5.5608059226
-5.55598970134
-5.47105941911
-5.38038826002
-5.44463785022
-5.38374989557
-5.38215371008
-5.38286963884
-5.36107084224
-5.4755729625
-5.41762261123
-5.36706049734
-5.26247289571
-5.31803639983
-5.40529343283
-5.32607462551
-5.28938213341
-5.26972528293
-5.30296980735
-5.41429243413
-5.39417555917
-5.35309464228
-5.37807527129
-5.40844988506
-5.3102371187
-5.41416591217
-5.49235084344
-5.53125593548
-5.45230985294
-5.51994171879
-5.55698925528
-5.5842539476
-5.6607567844
-5.68293119505
-5.6520128383
-5.49013183356
-5.4979319678
-5.43504336462
-5.45704099681
-5.45164009708
-5.40345220434
-5.48814302395
-5.51345505882
-5.49182365258
-5.46141879127
-5.41020688471
-5.42054845506
-5.38620880532
-5.4644426565
-5.43378019384
-5.5052394148
-5.3777173814
-5.42963883638
-5.32649216036
-5.33760946654
-5.34402105642
-5.45552259599
-5.44611395965
-5.41738697452
-5.37526690085
-5.34511568514
-5.4144697394
-5.33094456774
-5.44143094252
-5.35502116102
-5.42924806427
-5.48039896878
-5.57731084736
-5.54643394376
-5.58284197107
-5.50606377958
-5.56813506918
-5.54719901158
-5.5069286785
-5.42707603206
-5.47820174108
-5.42036725601
-5.4987835412
-5.42061384079
-5.48399466609
-5.44846700573
-5.4037023123
-5.30310889805
-5.29713894298
-5.24980608806
-5.39560965909
-5.45494913101
-5.43444307618
-5.49168142095
-5.53905035785
-5.45146284834
-5.44202400109
-5.37478042261
-5.35623454761
-5.33387872617
-5.37100086175
-5.38411515564
-5.35547782299
-5.45788294238
-5.48132712497
-5.43560691039
-5.45022595313
-5.4496356804
-5.47396192059
-5.43616965939
-5.47628395226
-5.38254525116
-5.38471244536
-5.33891175752
-5.38779296614
-5.34887877206
-5.37802126071
-5.43599586563
-5.54345070085
-5.52219061531
-5.5131849236
-5.46248756061
-5.45338176366
-5.39622987413
-5.39115797066
-5.44630990572
-5.42114620532
-5.5030933299
-5.51993153599
-5.42663732249
-5.39639791096
-5.438263479
-5.41954644134
-5.48987029018
-5.44501282878
-5.43591353767
-5.44901503945
-5.45661471678
-5.46583961231
-5.50392857341
-5.43482650742
-5.57806186233
-5.63615526389
-5.62375481526
-5.50776446885
-5.43344829602
-5.46004115969
-5.50297987666
-5.38359794651
-5.48496534872
-5.48053886731
-5.51025278182
-5.49673470484
-5.46282580152
-5.33282149158
-5.54987830143
-5.47299756662
-5.49992236163
-5.36830588068
-5.42792888164
-5.4906897649
-5.41425083377
-5.4291551191
-5.51048182539
-5.41204366058
-5.49417744892
-5.46420847401
-5.42385353423
-5.47985907009
-5.42994201096
-5.40469296445
-5.49421129611
-5.56655729065
-5.42463169895
-5.46443061224
-5.42058189023
-5.49492781966
-5.49944044075
-5.50482447862
-5.46784660905
-5.42657778348
-5.55459454654
-5.57894522851
-5.56056716364
-5.55599827402
-5.60246311613
-5.54335473363
-5.57838858894
-5.58920836933
-5.63741061665
-5.60400031021
-5.63035811832
-5.77647530137
-5.65852471415
-5.57493282735
-5.58903201137
-5.56771453875
-5.47000585345
-5.52917793283
-5.4674263468
-5.48975373443
-5.55555409409
-5.5423251499
-5.55850391403
-5.56280920833
-5.45876614065
-5.37872841481
-5.38487353021
-5.39997864097
-5.3829780605
-5.3508626599
-5.37746663713
-5.39412443214
-5.3591875735
-5.36674838678
-5.38938984144
-5.50453969696
-5.47909099462
-5.67274968403
-5.63341349529
-5.65245137573
-5.69198596928
-5.63870242246
-5.60455386096
-5.54660444027
-5.59308306482
-5.64838120634
-5.6167588948
-5.64670508167
-5.6656151795
-5.66270400621
-5.65602071721
-5.6162921886
-5.54583589441
-5.55059268426
-5.53473717319
-5.5388196084
-5.58234366224
-5.59236264301
-5.5724765682
-5.66782785623
-5.64999375081
-5.72800514201
-5.72246676282
-5.77329617438
-5.71903753905
-5.65084782847
-5.67356813831
-5.71616284137
-5.68950967724
-5.65077062232
-5.66500042263
-5.68062282466
-5.63356205235
-5.75572105361
-5.72305618301
-5.57359133478
-5.59209805484
-5.65395509088
-5.611471784
-5.63139160337
-5.62409068872
-5.54842214419
-5.53545798283
-5.58709793391
-5.58745834677
-5.51385318445
-5.51466418415
-5.50180411637
-5.57209077172
-5.42870122895
-5.45004850482
-5.55976639213
-5.51964551586
-5.43596609071
-5.49956751706
-5.46431351187
-5.44503287215
-5.54044803416
-5.49223720293
-5.56261397739
-5.52596511273
-5.57048310963
-5.53385043207
-5.51743564196
-5.5370524334
-5.56620102816
-5.58497373058
-5.55493450601
-5.50113840668
-5.48856735279
-5.50116819459
-5.52474136599
-5.45476434593
-5.37645471594
-5.40583742321
-5.39729867975
-5.40444994553
-5.3455137501
-5.34971526062
-5.47753444035
-5.487517126
-5.4694376393
-5.40524517344
-5.44365046826
-5.38808408117
-5.37153547163
-5.37067460831
-5.47037958627
-5.39277440497
-5.41028359621
-5.51484427795
-5.51950636999
-5.45703303121
-5.41697999142
-5.32564919423
-5.34027415016
-5.37411555606
-5.38675058774
-5.42882094633
-5.42913797348
-5.48993364623
-5.40208266408
-5.41414610846
-5.45644492708
-5.39130908463
-5.39977984049
-5.38641239831
-5.44170397767
-5.38269986159
-5.48124626793
-5.55595974351
-5.47825457987
-5.4446938794
-5.45032009551
-5.42942207558
-5.40259142023
-5.47227898122
-5.44320768914
-5.38597688796
-5.41702939927
-5.41384682255
-5.34637308424
-5.35933319335
-5.29106867849
-5.20733688881
-5.21398289233
-5.29181876182
-5.24801622612
-5.23531862503
-5.22329545951
-5.29139886586
-5.29842188997
-5.39757760779
-5.32994673364
-5.33838057059
-5.34829404062
-5.33278796171
-5.39049026507
-5.40647027868
-5.35845199717
-5.38069004853
-5.45620694486
-5.44104723403
-5.40217800349
-5.48121474738
-5.51982022609
-5.55954417033
-5.55990980296
-5.63691192366
-5.4439370626
-5.52784444451
-5.54155741601
-5.61206553025
-5.65216063229
-5.69362983432
-5.75171759505
-5.75748133392
-5.72837938243
-5.7142220401
-5.62625478678
-5.59686737769
-5.53306972828
-5.48430621906
-5.48513313391
-5.44778019198
-5.46585032607
-5.52421800544
-5.52424890008
-5.55281236906
-5.55732738393
-5.46931149788
-5.47878756169
-5.43039406974
-5.4079050882
-5.36140177612
-5.46120428794
-5.42448321176
-5.43853959088
-5.38753125375
-5.4402127333
-5.47829196725
-5.40010926467
-5.34311669552
-5.40938612812
-5.39082954028
-5.44479027178
-5.38917960279
-5.42083258701
-5.34791658422
-5.29006231584
-5.36325045669
-5.39053913525
-5.42335386614
-5.41449621255
-5.49085012204
-5.48107762544
-5.4796007036
-5.49336663886
-5.49356589369
-5.46748318305
-5.57435355199
-5.56230040802
-5.50171482479
-5.5787257007
-5.56225686796
-5.61857671618
-5.51385559014
-5.55527024726
-5.51817908127
-5.53242809909
-5.57998237662
-5.64120400674
-5.61963631441
-5.60684987488
-5.60886317568
-5.50628363183
-5.53516323368
-5.43762581767
-5.34820348757
-5.44406370665
-5.479453828
-5.48919451235
-5.48262318231
-5.61553262537
-5.68018341365
-5.64346392602
-5.62644310411
-5.57614151256
-5.61731689766
-5.58419691448
-5.56137881124
-5.49680299535
-5.52347256065
-5.56586111476
-5.50676280744
-5.57057242156
-5.60341550484
-5.59058029292
-5.48058193071
-5.45085005528
-5.52920627776
-5.58709477941
-5.60158253729
-5.66720794967
-5.53190171895
-5.52715762995
-5.42167504762
-5.45169245271
-5.51659236716
-5.51906555226
-5.51715737614
-5.5214245793
-5.50639830464
-5.47522321635
-5.60423223326
-5.5228860976
-5.52983237038
-5.56190106148
-5.50457237021
-5.40111700643
-5.45647575368
-5.41792720746
-5.44025194732
-5.46780467047
-5.44548109818
-5.50852048424
-5.55829350474
-5.55131616822
-5.5709178898
-5.55376505082
-5.43773256306
-5.37740814994
-5.37755852154
-5.46348744579
-5.54889891621
-5.40099805099
-5.43270088865
-5.50196041592
-5.43299242753
-5.46234691515
-5.57165956675
-5.545283952
-5.56123681426
-5.50507691377
-5.5238092825
-5.52438961593
-5.47447485029
-5.46052724622
-5.51266438139
-5.47916278886
-5.53799702804
-5.50289591785
-5.53401085717
-5.53705794578
-5.42383129519
-5.37483980489
-5.32152339817
-5.3578501703
-5.27190748126
-5.4083367721
-5.38376563456
-5.36615546839
-5.36810365634
-5.38723136371
-5.31579272156
-5.33556512997
-5.34790648463
-5.41139610433
-5.38437726031
-5.36164605232
-5.36836844753
-5.397525482
-5.37625773903
-5.39665672114
-5.41025922834
-5.3724440336
-5.37734409893
-5.34226483667
-5.42756688321
-5.34549711259
-5.2590212247
-5.37236868426
-5.47888663198
-5.46147462284
-5.4596919181
-5.47865968476
-5.46602320325
-5.48392011168
-5.42061658781
-5.56005353467
-5.46978256526
-5.46714290362
-5.45843527807
-5.48720190986
-5.49502425935
-5.45885843752
-5.39070118094
-5.46269700477
-5.50495396859
-5.5030624798
-5.5122071227
-5.42477416416
-5.27610612497
-5.39309656514
-5.42026980399
-5.46091083553
-5.51282990028
-5.44279971212
-5.44547721541
-5.40082491238
-5.43057308744
-5.52167910996
-5.52263692972
-5.51327595438
-5.51364915731
-5.58055364792
-5.58399122971
-5.54595994677
-5.46570094502
-5.44777521556
-5.40020089845
-5.32874840912
-5.34941136601
-5.32260305774
-5.35895518394
-5.46784977961
-5.44639488415
-5.44582751168
-5.34191552105
-5.45101508425
-5.46734204933
-5.54363440399
-5.45130667404
-5.43442390835
-5.35391621994
-5.27563504173
-5.43456276188
-5.33028209411
-5.32089908046
-5.29179926853
-5.38258799854
-5.42553858332
-5.44910801955
-5.66582277124
-5.61211406639
-5.54055191003
-5.46858356058
-5.44657514665
-5.48652836029
-5.4736869405
-5.44462764715
-5.43709954999
-5.48958830736
-5.58292924501
-5.47985867538
-5.51261171423
-5.50034321675
-5.45957399608
-5.41540525252
-5.42202815021
-5.48805578508
-5.50631673717
-5.41844544078
-5.36303707158
-5.3632686925
-5.36685776846
-5.40351415076
-5.39986627206
-5.50993258271
-5.54304475352
-5.56719905256
-5.57220658843
-5.65993507904
-5.59796277273
-5.5565927615
-5.62532227702
-5.61504941497
-5.5685617
-5.52039409597
-5.47407367636
-5.53735253313
-5.51319363284
-5.57879628633
-5.52098476453
-5.54708448696
-5.56169069967
-5.60207766326
-5.64833945823
-5.61747917966
-5.6241965842
-5.64403953325
-5.65184699272
-5.62989632942
-5.58647316536
-5.55188907506
-5.61664353142
-5.58194897976
-5.52928306539
-5.57151220631
-5.4818965796
-5.45851181258
-5.52250176127
-5.47623306665
-5.46943904105
-5.46317277474
-5.53339319127
-5.50370772602
-5.46459993286
-5.39610246561
-5.31358847283
-5.35568494198
-5.36831897139
-5.3293989831
-5.34362418881
-5.2712290995
-5.34895644192
-5.4021132784
-5.29164075026
-5.21520279879
-5.38366668367
-5.3381983253
-5.37005950774
-5.26914097827
-5.2112132281
-5.25769044681
-5.33516676419
-5.26802242347
-5.32949717368
-5.38175192532
-5.30439779919
-5.36025641177
-5.35114973177
-5.38270656225
-5.43924759991
-5.40247296083
-5.38051894835
-5.31241466466
-5.33003935424
-5.29958791626
-5.23818112669
-5.30638713376
-5.37216484962
-5.42017278723
-5.31206240086
-5.41743978386
-5.43300159906
-5.55546769571
-5.50999223298
-5.43070500406
-5.39488564007
-5.34611013684
-5.35791000329
-5.27856610557
-5.23492770754
-5.31231440646
-5.3935391161
-5.49029119026
-5.51779607296
-5.54352118214
-5.52243721952
-5.54187082797
-5.51124409206
-5.42081507272
-5.44069941562
-5.39348689128
-5.44682206265
-5.44160612532
-5.45805032279
-5.3298860162
-5.37375734325
-5.35956536632
-5.50336602474
-5.55041557224
-5.44921695753
-5.45964355633
-5.38884109923
-5.40224933024
-5.37568390577
-5.44736931931
-5.4384566174
-5.45246244438
-5.47086836574
-5.53999706282
-5.51407043036
-5.51387350357
-5.5563072677
-5.5888702782
-5.610523481
-5.52702816781
-5.55272891866
-5.61126224886
-5.47690961835
-5.53013653026
-5.55921182145
-5.56951952477
-5.54324511443
-5.5364162688
-5.6385084642
-5.60234330233
-5.59560387028
-5.50039241665
-5.46160005214
-5.49075100777
-5.49519382137
-5.5421684424
-5.55004256017
-5.49427286039
-5.45007907588
-5.52814933367
-5.55356569832
-5.59855999506
-5.41989775242
-5.50091722326
-5.51839357694
-5.56511319245
-5.62297146791
-5.56840866843
-5.54795199505
-5.47369374097
-5.46733902488
-5.53545994508
-5.60664869705
-5.60456163516
-5.64776312901
-5.68151902998
-5.63833523895
-5.55037267414
-5.55178455136
-5.50585554555
-5.54518830498
-5.52608127603
-5.49244929324
-5.56118999336
-5.58931120702
-5.62881118837
-5.48661942792
-5.46289903907
-5.53061318517
-5.53009669062
-5.5489207223
-5.5648485332
-5.56897510941
-5.53860580581
-5.52129318355
-5.47811909908
-5.55465169486
-5.61828360879
-5.60709440237
-5.52094923183
-5.59506070747
-5.50518194747
-5.44613924104
-5.52662038905
-5.59365237341
-5.58358421778
-5.6038119744
-5.61198903532
-5.59788984033
-5.57019600428
-5.71172739976
-5.64904534877
-5.5809775913
-5.55766445207
-5.54184245499
-5.50053253774
-5.52997633694
-5.49413176582
-5.5365895643
-5.51487727076
-5.58102571082
-5.55994804882
-5.56503478052
-5.46455970088
-5.55679379593
-5.41736534618
-5.41766197797
-5.49979601547
-5.45853819773
-5.50516201827
-5.46072235474
-5.52162621577
-5.48141865662
-5.48680223543
-5.55429635573
-5.5846997355
-5.61486501602
-5.62351074873
-5.6275269056
-5.59752925323
-5.58392369136
-5.65591338427
-5.71652956832
-5.69187053288
-5.60684360864
-5.70831825926
-5.62501948368
-5.63758116917
-5.5539512526
-5.63551696931
-5.6477525422
-5.52633461271
-5.56582515907
-5.50820039553
-5.49883978824
-5.5114106153
-5.45009985267
-5.55447822832
-5.54612608497
-5.44565253692
-5.46711357918
-5.42367906844
-5.43181234135
-5.44704086136
-5.5139464383
-5.54235792637
-5.44975739708
-5.44976463107
-5.47981956503
-5.54946540521
-5.51819436567
-5.56640678143
-5.62529905787
-5.64773203525
-5.70862290969
-5.74383235715
-5.69927527655
-5.65281549761
-5.63074243982
-5.48957909887
-5.51630337294
-5.49386397025
-5.36671064719
-5.32766949088
-5.45978984355
-5.46655327642
-5.52967276548
-5.43402663879
-5.45344945629
-5.53772138197
-5.46761127539
-5.40531980518
-5.40152472307
-5.46048817138
-5.45362787308
-5.35846851009
-5.34474025464
-5.37127706153
-5.34873757967
-5.43945067641
-5.37818318024
-5.48726656972
-5.41260391256
-5.2626443347
-5.30482216492
-5.33528331629
-5.23725219383
-5.25339258799
-5.30135970149
-5.23635027247
-5.17854054503
-5.39491243071
-5.35486801074
-5.25234829623
-5.35006806603
-5.44350388431
-5.41180771233
-5.36442001495
-5.35580208664
-5.4435389171
-5.59337025943
-5.60482544853
-5.56639017969
-5.6508671846
-5.58376910873
-5.61815100657
-5.60381477103
-5.58996595688
-5.53852676457
-5.5655383152
-5.57126649636
-5.48818831571
-5.52811179269
-5.54134807919
-5.53970670431
-5.44567626273
-5.44859633184
-5.42210122036
-5.50859899065
-5.51909254198
-5.55224295388
-5.55024908709
-5.62994327416
-5.64345709452
-5.60171828883
-5.5347202464
-5.52259561439
-5.55308000374
-5.51280293552
-5.64425182791
-5.6697846057
-5.69211409808
-5.67441926068
-5.63992432659
-5.66753699051
-5.69387625689
-5.67868454525
-5.56792799967
-5.52598602295
-5.52211116734
-5.51452828232
-5.48595813417
-5.58572764662
-5.47991910597
-5.59563100777
-5.58420827201
-5.6098829952
-5.59598893989
-5.6155018722
-5.72186265292
-5.61954460086
-5.62312169553
-5.52999781217
-5.50035859372
-5.53413704884
-5.50312524515
-5.5700036401
-5.47084557706
-5.48171498224
-5.51585528349
-5.55393116522
-5.53304177781
-5.40723226152
-5.43108211887
-5.44756001858
-5.4937408318
-5.48849978089
-5.47674701879
-5.48383990465
-5.39595037347
-5.44351231901
-5.40106568271
-5.49542954719
-5.51726786906
-5.44736066515
-5.30312102075
-5.34457270293
-5.45515033758
-5.43517727575
-5.42769780928
-5.51578819225
-5.56388377141
-5.64901606565
-5.70379430607
-5.62697097119
-5.59251695723
-5.59788588913
-5.53332746337
-5.6153279358
-5.57985542423
-5.59982010936
-5.44454992669
-5.43081691629
-5.44594197281
-5.4414221821
-5.45787386107
-5.50089690698
-5.50097551443
-5.47868028205
-5.45242783565
-5.48315590878
-5.52267722876
-5.52981863236
-5.4998008651
-5.58021661991
-5.42328648427
-5.51604261124
-5.52360151757
-5.52104938135
-5.55106281393
-5.5919485215
-5.60074952531
-5.55681655228
-5.53949093305
-5.45278142067
-5.45598118654
-5.38121640202
-5.36832440016
-5.34010074575
-5.39616090345
-5.35507027894
-5.35955556694
-5.31826542159
-5.29037805279
-5.2481798936
-5.21546442093
-5.14604278732
-5.11797237253
-5.2686265088
-5.22362836352
-5.30651257029
-5.27619152481
-5.31497282002
-5.36048969049
-5.37040336651
-5.35825500949
-5.40343737268
-5.38065394904
-5.39655851432
-5.41918365081
-5.34426219514
-5.25152297299
-5.29171921436
-5.32893935838
-5.3110658785
-5.31137101261
-5.344121224
-5.41067828447
-5.31685140115
-5.34216703399
-5.41072228154
-5.47387704633
-5.40196353128
-5.39312500487
-5.38132547532
-5.40336316995
-5.27865841739
-5.28645616147
-5.2830098356
-5.27291489834
-5.2840029061
-5.34203096293
-5.39069463422
-5.38367656026
-5.36946940459
-5.35257181889
-5.44130828893
-5.33774210534
-5.34804212528
-5.31328926063
-5.3460904979
-5.3092242284
-5.28174385269
-5.41983247971
-5.38310365642
-5.36300697057
-5.48799394157
-5.48610344411
-5.47549607954
-5.46792042832
-5.39357583978
-5.3407469681
-5.38460650676
-5.46261353931
-5.53630933925
-5.4926475625
-5.52817407
-5.6308916286
-5.47403079094
-5.46461312651
-5.4875342546
-5.45836586652
-5.36092259977
-5.4221074484
-5.3422620136
-5.41984664989
-5.3847652709
-5.37854013908
-5.40521149425
-5.37247933164
-5.32390611928
-5.37735995926
-5.33235630249
-5.2907082883
-5.30968093304
-5.28096884081
-5.26797935615
-5.45384630817
-5.48518670567
-5.39304543955
-5.44057649895
-5.43172623765
-5.42895637003
-5.27738743243
-5.26572856209
-5.36512521619
-5.40249018048
-5.44728712426
-5.42170290902
-5.39635274382
-5.29217939072
-5.29874563173
-5.43862280147
-5.44721287912
-5.52144784975
-5.48340378705
-5.49171258124
-5.45008404962
-5.45508202964
-5.47209578083
-5.48205470769
-5.46038961332
-5.43683753429
-5.36367369142
-5.42399646933
-5.47065107695
-5.35740309381
-5.38185293167
-5.41892409518
-5.42836787286
-5.40203476613
-5.41416649086
-5.52225349698
-5.45055234881
-5.40617328688
-5.50252738389
-5.53099361272
-5.41583891037
-5.50327436794
-5.53531822374
-5.52097414318
-5.49283966792
-5.43994355056
-5.56490707966
-5.46263123179
-5.3143838584
-5.3351285488
-5.27918057265
-5.34540006881
-5.37568067281
-5.41036649513
-5.3904148188
-5.34174632695
-5.42154912136
-5.44753795023
-5.40970919119
-5.4395518038
-5.34883510673
-5.37524358573
-5.35019237477
-5.36016430405
-5.45662265238
-5.41752175428
-5.4856287884
-5.52177922812
-5.47761537723
-5.53066184382
-5.52612614412
-5.49916543109
-5.48517445496
-5.4316215413
-5.42228720999
-5.50252186288
-5.54539373946
-5.55247604629
-5.50481631837
-5.63521556375
-5.54295720862
-5.42242602749
-5.49672191813
-5.58322430275
-5.53208257877
-5.52462703882
-5.49583983071
-5.43684796241
-5.48637063038
-5.42531339423
-5.52287467976
-5.51336869457
-5.4528820473
-5.51712143025
-5.56030006021
-5.56921557703
-5.59488373004
-5.57379629571
-5.48348546545
-5.44686843229
-5.45431889196
-5.40824032247
-5.44680125726
-5.50936943021
-5.43331062583
-5.32275212868
-5.34146136798
-5.41991139713
-5.5524331037
-5.50765787505
-5.59992740473
-5.48181267302
-5.46877369231
-5.46962063775
-5.42264846389
-5.41398123723
-5.57555210703
-5.52278405609
-5.45178649617
-5.47228377337
-5.47615328728
-5.5351793212
-5.61501019713
-5.54985784543
-5.58906172576
-5.61432766698
-5.63111831152
-5.59287684533
-5.71014715536
-5.6888552339
-5.68437401343
-5.70269977408
-5.61565131994
-5.62596204193
-5.60929304805
-5.53962817124
-5.53860358066
-5.53433333911
-5.61752881637
-5.61598973167
-5.63511235377
-5.64461221014
-5.65509656458
-5.60627691492
-5.45247441372
-5.3854873721
-5.40773749831
-5.44437310143
-5.49268171548
-5.48166205902
-5.50905082381
-5.41886578197
-5.36276273647
-5.37807619296
-5.38114011038
-5.42246426201
-5.4521268887
-5.47499401787
-5.4981213296
-5.50565235539
-5.53243179182
-5.54930437425
-5.57469182959
-5.57084798925
-5.58183296359
-5.51398410455
-5.54674417022
-5.53973711147
-5.56531724261
-5.56871381685
-5.47897577232
-5.46778174759
-5.44556608103
-5.51821196696
-5.55309765992
-5.58760577647
-5.54645091739
-5.53881596325
-5.52315905401
-5.57275265598
-5.47494452554
-5.53322848603
-5.55044605119
-5.55825399676
-5.54440934081
-5.40126857142
-5.46480494883
-5.52031842242
-5.39123989676
-5.42396012002
-5.4329262101
-5.42870292324
-5.43009717921
-5.38298412611
-5.4815849648
-5.45414000999
-5.42748640545
-5.40551875714
-5.43415371103
-5.33940073584
-5.42010201342
-5.41431422944
-5.4074165209
-5.40940268161
-5.41592680168
-5.31376364411
-5.23273358262
-5.22193499938
-5.29337597902
-5.38553250154
-5.42737746399
-5.40480064387
-5.33865216822
-5.44669854022
-5.43304100432
-5.36713529809
-5.31147041357
-5.30286450069
-5.40052808659
-5.44576000128
-5.45223570742
-5.43621089375
-5.44044964718
-5.48006203966
-5.60288450563
-5.57643574388
-5.51680297568
-5.62360887574
-5.4976975484
-5.53273602207
-5.44726691624
-5.4556443378
-5.34004739513
-5.36826176714
-5.42554813681
-5.4066838505
-5.44698118258
-5.55374122374
-5.534387972
-5.54776909724
-5.46970601508
-5.51584955343
-5.54740021166
-5.49231671602
-5.46081958451
-5.41356923052
-5.52692303148
-5.51407014096
-5.45800780172
-5.52448748798
-5.56535159206
-5.48429879872
-5.55218458409
-5.50721401535
-5.44731807631
-5.48020758064
-5.44193353378
-5.36726395705
-5.38657942127
-5.47005755182
-5.31838347162
-5.37748803183
-5.30191062073
-5.3565651649
-5.41655667085
-5.54059194527
-5.49493196089
-5.50688239298
-5.49306058516
-5.39579880916
-5.43416441783
-5.46445931129
-5.55515249872
-5.63554796136
-5.61008379132
-5.56233826703
-5.49536900667
-5.56467554085
-5.64990567135
-5.61367382387
-5.52835980935
-5.52254973596
-5.59970566093
-5.61345246514
-5.57469343743
-5.56922815183
-5.62326506282
-5.57761627612
-5.5652892635
-5.58996378142
-5.55213902136
-5.59251386592
-5.55715419891
-5.55929456148
-5.52952166629
-5.49798925094
-5.50393468463
-5.45781189505
-5.5248438224
-5.5774464675
-5.57575434524
-5.59971078861
-5.62308524408
-5.59994607709
-5.48475347452
-5.55107060583
-5.56778511294
-5.54598965173
-5.51947815145
-5.43108796088
-5.46789189342
-5.47051630811
-5.45101331946
-5.58928951152
-5.46935495645
-5.47847924286
-5.37098566617
-5.47037373063
-5.41928421992
-5.40052415187
-5.42031780495
-5.49470548595
-5.52626434445
-5.52669885956
-5.55921524612
-5.50004262851
-5.54173030973
-5.50902271984
-5.48435592459
-5.42300517671
-5.39460923551
-5.43165789264
-5.41340192745
-5.47765736905
-5.43758933502
-5.45461495304
-5.51102142486
-5.55574358133
-5.61306397007
-5.60083885825
-5.60187787573
-5.61621213323
-5.60280845804
-5.62098568163
-5.60607240261
-5.64068502934
-5.70242279446
-5.62507784275
-5.63222905472
-5.44673105282
-5.47742240099
-5.53069827713
-5.51955409406
-5.49157588292
-5.44146811603
-5.46367599348
-5.46437229742
-5.51038808007
-5.53002276873
-5.56549402622
-5.56921441716
-5.53436439535
-5.64087141205
-5.63452813618
-5.60148586893
-5.59612679176
-5.57766456512
-5.58014325317
-5.56089780221
-5.56443274872
-5.58921516896
-5.55876088611
-5.55866644007
-5.56227641232
-5.5642197951
-5.50766865218
-5.47625528606
-5.53787665418
-5.45915943615
-5.48959598053
-5.44423382154
-5.45948830558
-5.51003506167
-5.46721522183
-5.41991815116
-5.41268719732
-5.36743818583
-5.40840860148
-5.36142996138
-5.36883227605
-5.35957486886
-5.39317367887
-5.36790425296
-5.34732790444
-5.43480077658
-5.46049268558
-5.4586433268
-5.41169855091
-5.45541794396
-5.46744309153
-5.34773386131
-5.4432068604
-5.41452833913
-5.36321005753
-5.44775085261
-5.50454215333
-5.55966363242
-5.39901819826
-5.49056983101
-5.51611156863
-5.47362517662
-5.52743445125
-5.47388119472
-5.36392125352
-5.37123612321
-5.32937561593
-5.41711975936
-5.39049647704
-5.40084796426
-5.41831252691
-5.35151872579
-5.32690722067
-5.25309195155
-5.35725997478
-5.4813736474
-5.44960504125
-5.47415571563
-5.45915841723
-5.54758367968
-5.46150818055
-5.43765865147
-5.3496768036
-5.43257660757
-5.47936991956
-5.47754243627
-5.42475726103
-5.34356511226
-5.30217268735
-5.37387002716
-5.40108347848
-5.40187555528
-5.37822280668
-5.24610745997
-5.28517228086
-5.25602275492
-5.26805577954
-5.36576499669
-5.38462721962
-5.36443949664
-5.31397264782
-5.34371300394
-5.41504890579
-5.31687121421
-5.32240439227
-5.39182947499
-5.4422463195
-5.43187205591
-5.49431090575
-5.51499186378
-5.43730918294
-5.34029946062
-5.31119673375
-5.37951336036
-5.33481978507
-5.40736532887
-5.49898743344
-5.49451325592
-5.46152927191
-5.48700923481
-5.5626947094
-5.61893828203
-5.60318653027
-5.53405240035
-5.49458037653
-5.46790183087
-5.43011818299
-5.44451836873
-5.46546107472
-5.46674429459
-5.53570450448
-5.43587349276
-5.41123788918
-5.42113605702
-5.36346830309
-5.37747927189
-5.45371115563
-5.38402182511
-5.42052529303
-5.47123301312
-5.39603503706
-5.36579416345
-5.49024864164
-5.58379954682
-5.55917174127
-5.5623285375
-5.59500921822
-5.63480310044
-5.55349149744
-5.57754783368
-5.51904381742
-5.46214252704
-5.47293238036
-5.43286092737
-5.45419065801
-5.53952316467
-5.54870602352
-5.56535576978
-5.58687945692
-5.57753408617
-5.68312801424
-5.6244061828
-5.54381558637
-5.44904720789
-5.47302878489
-5.47801455623
-5.46921324091
-5.38196674752
-5.42266039652
-5.35680167213
-5.38315101952
-5.27665470516
-5.33172745909
-5.45057552006
-5.39826934206
-5.40963338272
-5.49868405142
-5.57528609283
-5.46360096971
-5.56682088401
-5.61423721927
-5.60221101243
-5.51944056212
-5.47131116432
-5.55120931919
-5.48804086315
-5.4600220364
-5.52226315595
-5.44641956487
-5.46732456636
-5.42938904638
-5.46006824293
-5.55406435773
-5.56791629667
-5.64777263546
-5.72099287026
-5.68292492544
-5.73551408118
-5.66876167443
-5.74685943607
-5.63329986956
-5.69777823402
-5.67611222519
-5.72193114041
-5.6321823447
-5.57032162001
-5.62709670057
-5.4784145682
-5.52281418671
-5.54235246845
-5.59983193434
-5.51617129282
-5.37221802735
-5.32760940335
-5.40871678499
-5.36059523371
-5.371401869
-5.46129414431
-5.43370136326
-5.46385420289
-5.4976916662
-5.52696234711
-5.48665290319
-5.53658817164
-5.51528815598
-5.48749051792
-5.48572903602
-5.3228637325
-5.32314834941
-5.43718071241
-5.46417482426
-5.51701686729
-5.49651698187
-5.54036498467
-5.57091874376
-5.58097146433
-5.56165535517
-5.52392435131
-5.55216580215
-5.60739298838
-5.53196306017
-5.59737243134
-5.59607663999
-5.52793962668
-5.44956789201
-5.40844172775
-5.29977319409
-5.45398502851
-5.49841787525
-5.4126490315
-5.46051666214
-5.49395027784
-5.36918447868
-5.32899476848
-5.46689288598
-5.54855043748
-5.47363010963
-5.50594005569
-5.52759946538
-5.38831391772
-5.50283862592
-5.45283263366
-5.53792886616
-5.4512756432
-5.45545577971
-5.51409182103
-5.53589108952
-5.52165632993
-5.49759391674
-5.49878157775
-5.47396094894
-5.48911740264
-5.54223971815
-5.44619310275
-5.53865219279
-5.58430030027
-5.55324751649
-5.51459972889
-5.60881555539
-5.53967674752
-5.6067885233
-5.67786425427
-5.62201803083
-5.58569763303
-5.53269070404
-5.46170215511
-5.42087526401
-5.54375611448
-5.51590032896
-5.41268366959
-5.56683792042
-5.57192970065
-5.55031051421
-5.53726152103
-5.55194394511
-5.55979986379
-5.54300391869
-5.5398228385
-5.54566215555
-5.39682281737
-5.36794628766
-5.24430283146
-5.28598394381
-5.2380049527
-5.30294481767
-5.39469131078
-5.33970262611
-5.43598779634
-5.44885984482
-5.33458792942
-5.39494333853
-5.41487269758
-5.37178808019
-5.51931167713
-5.54657988834
-5.4539364218
-5.48869609731
-5.42611611237
-5.42007416704
-5.38234570278
-5.50424290209
-5.51680092292
-5.5336500002
-5.60663335828
-5.58666360118
-5.62990725024
-5.65649471062
-5.61369178933
-5.49581265579
-5.40352729412
-5.34783878191
-5.46136672484
-5.54106522227
-5.43868244909
-5.42348489767
-5.50425833847
-5.51805561253
-5.47644055524
-5.5005310445
-5.44697160488
-5.50112563654
-5.45223077779
-5.37742129505
-5.34945806347
-5.44158257166
-5.5556136023
-5.52544364527
-5.50945268253
-5.56591896829
-5.55148893708
-5.54528807076
-5.46226934605
-5.52540191691
-5.46583220745
-5.53353495891
-5.53424021325
-5.55660287346
-5.42952499284
-5.49108774285
-5.49613592785
-5.51794262428
-5.52501897183
-5.51889971116
-5.58866903905
-5.56621195484
-5.50341550739
-5.51892781402
-5.57075117607
-5.54874757967
-5.52547910489
-5.45821341996
-5.39649972274
-5.42748900678
-5.48134516056
-5.47266883373
-5.46698034345
-5.48198494696
-5.54196927238
-5.47732534138
-5.5327756942
-5.4303284561
-5.45013741677
-5.46654232337
-5.58059194096
-5.50705026487
-5.54017522786
-5.4738802844
-5.4238140358
-5.41922231771
-5.4779100446
-5.48369313768
-5.58401879036
-5.55499850177
-5.58330908738
-5.46451869099
-5.47635297433
-5.41892919919
-5.40993210857
-5.49815507928
-5.44696192821
-5.5168113559
-5.44810243435
-5.48466573946
-5.4417829645
-5.48631023548
-5.43366103012
-5.38173008662
-5.42780765383
-5.42089880036
-5.44173782259
-5.41248417197
-5.45156228137
-5.52407429055
-5.4726428107
-5.40057771578
-5.40936287216
-5.42067740787
-5.42599848158
-5.37240952027
-5.38961836993
-5.3377521041
-5.35293732844
-5.39777417372
-5.41927269326
-5.37571592542
-5.4361582392
-5.49335193925
-5.51409489749
-5.43449554192
-5.40994888726
-5.4269342911
-5.4650058309
-5.50458212013
-5.49677319608
-5.44600897884
-5.42814473963
-5.44143921487
-5.50861082966
-5.53989063307
-5.43157899411
-5.51987985689
-5.43015950517
-5.46927597377
-5.36952294837
-5.46172131711
-5.47252168935
-5.50711886307
-5.53597797747
-5.50769643632
-5.49061842022
-5.53881522974
-5.44195901937
-5.48374777483
-5.54503181247
-5.53527797058
-5.35794558071
-5.39412627524
-5.34507154596
-5.32203651085
-5.2915688926
-5.2574546852
-5.24704238701
-5.32121545673
-5.3904080694
-5.33928392413
-5.34571206624
-5.41891882205
-5.3705457633
-5.43460080713
-5.3921236716
-5.40116263356
-5.35904728156
-5.3577102105
-5.36052575564
-5.42270429578
-5.48182869129
-5.56453957813
-5.55959489159
-5.4613022655
-5.44432787347
-5.34948653957
-5.41230873747
-5.33587701913
-5.30588101159
-5.3792388468
-5.45336329381
-5.38088233497
-5.29905946933
-5.32323406921
-5.31012536654
-5.35038158714
-5.32028994755
-5.3697227319
-5.33400320003
-5.2715306571
-5.38030862674
-5.39558251663
-5.39855881256
-5.48636876169
-5.43014128083
-5.46590680199
-5.49520363047
-5.5152429753
-5.58871340945
-5.52027290773
-5.46807890304
-5.48442913321
-5.40442435237
-5.41558006401
-5.41566392629
-5.38483355232
-5.48964077194
-5.47177115607
-5.41679758277
-5.44714511951
-5.47639442776
-5.4530740526
-5.40577688162
-5.38502479622
-5.380512973
-5.40800003787
-5.43477783139
-5.28114765113
-5.34606968864
-5.40814953976
-5.48771546027
-5.4159359957
-5.5312545028
-5.47881525694
-5.42411040638
-5.4406973583
-5.54807337046
-5.56469871048
-5.51050387511
-5.60323780095
-5.53773434564
-5.63308807471
-5.57872411237
-5.58010975936
-5.54993863507
-5.6004262934
-5.63375512443
-5.595723201
-5.503296158
-5.42491171506
-5.51337628475
-5.49591612141
-5.4870700756
-5.46418596006
-5.45069753539
-5.43074351352
-5.49035618858
-5.47671224219
-5.41104994648
-5.49964751374
-5.44779421167
-5.45426286041
-5.43493497569
-5.54494579255
-5.53237970743
-5.59904775133
-5.55270305017
-5.4596733588
-5.42957004106
-5.45144110079
-5.36200257227
-5.3482938135
-5.44215960509
-5.46130316447
-5.49710442682
-5.4134392597
-5.33633298088
-5.32157262381
-5.34903269754
-5.47330833189
-5.48661936461
-5.48848480293
-5.46313402978
-5.47260941324
-5.35991733833
-5.35559200734
-5.33305803381
-5.42640347592
-5.55726213462
-5.44254739122
-5.50504949315
-5.51541777354
-5.48341203269
-5.59277456846
-5.60013565538
-5.59006058251
-5.48282899032
-5.34534961724
-5.36568671464
-5.37604688458
-5.37643177021
-5.38215685451
-5.32389144987
-5.4050126724
-5.30368404236
-5.34303903122
-5.39133120704
-5.3816148947
-5.44910934785
-5.5196811589
-5.46851755935
-5.34323609875
-5.34179608222
-5.29069100039
-5.26527718687
-5.26107784614
-5.37018637346
-5.43439696797
-5.36940960792
-5.41960318447
-5.39936562821
-5.54042979977
-5.48360830404
-5.45817447678
-5.52040912499
-5.51822383292
-5.48879933927
-5.59533843609
-5.56711680529
-5.58424890487
-5.57532326874
-5.56576164592
-5.55584583367
-5.56125179737
-5.53081211884
-5.4414853021
-5.51010344635
-5.47251984159
-5.50275930134
-5.46574241935
-5.48045156835
-5.45019013695
-5.5688009963
-5.5584247537
-5.52926603515
-5.56533780179
-5.53091336038
-5.5588326758
-5.55221619621
-5.5469100268
-5.42881508704
-5.48416304278
-5.41518844417
-5.42009487749
-5.37972690623
-5.4393328843
-5.47055947072
-5.50169577517
-5.50839200179
-5.58007447499
-5.50726058981
-5.47170154091
-5.55175735709
-5.52603868753
-5.55696444738
-5.42359844042
-5.44204811008
-5.45283276284
-5.53012920823
-5.46380483435
-5.42726944913
-5.44273412433
-5.47415091619
-5.68599444855
-5.56348412538
-5.6243223843
-5.64267349032
-5.62954718205
-5.57356818932
-5.49241980412
-5.42434024474
-5.39537111982
-5.40838981328
-5.43349146871
-5.4686080369
-5.46724222772
-5.43226404828
-5.39302994832
-5.3932643485
-5.48075751366
-5.50905302739
-5.4987196161
-5.46548708903
-5.4046383377
-5.36533144578
-5.2663559371
-5.37614250462
-5.39544074461
-5.44035151635
-5.47018909445
-5.43608848898
-5.44657145596
-5.48566712234
-5.48160738973
-5.48673442602
-5.37373491441
-5.39508358806
-5.45648514144
-5.43649019625
-5.48296867111
-5.42452178082
-5.43451537174
-5.37086658939
-5.36891167963
-5.45437675175
-5.34943911222
-5.56876130716
-5.5610241964
-5.5159599618
-5.58673678042
-5.54880691004
-5.60757278443
-5.57765016402
-5.402866083
-5.46320728696
-5.47211982163
-5.47704065357
-5.43308719058
-5.42449167049
-5.4236030979
-5.4496422604
-5.45098007744
-5.36512902631
-5.35257173006
-5.44492335396
-5.52104350029
-5.43104485385
-5.46481166027
-5.4778751768
-5.36794737689
-5.36956046523
-5.32924962062
-5.36133084744
-5.40962262862
-5.45142923502
-5.43238526432
-5.45962114891
-5.36336626628
-5.29715490852
-5.43690239558
-5.51995257101
-5.44607213353
-5.44558031728
-5.33213184043
-5.3684131031
-5.42776799906
-5.50393894775
-5.50989168557
-5.56989016492
-5.49275095631
-5.43099465163
-5.4097070228
-5.459803171
-5.49803604764
-5.48381301957
-5.53535539938
-5.56536181012
-5.54921423698
-5.50720881387
-5.50595323678
-5.47082635595
-5.49217199338
-5.50710807347
-5.42393693672
-5.37634440537
-5.43029604806
-5.48277131441
-5.42302209064
-5.410160033
-5.49382281325
-5.57499784949
-5.57722581857
-5.47311131645
-5.30476150736
-5.44807097328
-5.43567275037
-5.56040786011
-5.54635226351
-5.5239633983
-5.49016619469
-5.46847087811
-5.49970989984
-5.47811515281
-5.53507119275
-5.5662036016
-5.55329018526
-5.49227385089
-5.49933557094
-5.38628795571
-5.45480896549
-5.44691520647
-5.36785414147
-5.30036468921
-5.30128232336
-5.37159676993
-5.29885942326
-5.25909220532
-5.43189165207
-5.54877414214
-5.54827183384
-5.53998726194
-5.57448319857
-5.57070775593
-5.58988292582
-5.62210237003
-5.57534359813
-5.57804194447
-5.61688720891
-5.59809118269
-5.5302066471
-5.49156752118
-5.50862804326
-5.53601796731
-5.52120728688
-5.5718873852
-5.58602062297
-5.50868374903
-5.52462436357
-5.48930304103
-5.52840910492
-5.51404987674
-5.5414353584
-5.56070875327
-5.55448383656
-5.55964432617
-5.55000001449
-5.63310338475
-5.64143628104
-5.54750048508
-5.56071296407
-5.53964827994
-5.48696571281
-5.63578599143
-5.61686263569
-5.6218058692
-5.5879845184
-5.60234786421
-5.58812635332
-5.50113255579
-5.51147264347
-5.54918142893
-5.60772029263
-5.53691183017
-5.51290174951
-5.49160406022
-5.54230714809
-5.56558943585
-5.58178805135
-5.57901946842
-5.48031272466
-5.50494099113
-5.48247445109
-5.47836853432
-5.49401826326
-5.58442157382
-5.54808238874
-5.53913196311
-5.57898209657
-5.53618154708
-5.57574948653
-5.60983777272
-5.52311743393
-5.56243482691
-5.55177008264
-5.52100933982
-5.45697175218
-5.38641154531
-5.36404957844
-5.2857144163
-5.411527024
-5.40032367524
-5.40950838629
-5.47495565695
-5.42055043129
-5.44609236748
-5.38959556913
-5.41062041055
-5.3971590939
-5.38903707871
-5.43869671359
-5.29204613144
-5.401747745
-5.49932825932
-5.56051029891
-5.51330139656
-5.50568015091
-5.45149025772
-5.3866868504
-5.43334917191
-5.38017487636
-5.49743724291
-5.4648641795
-5.41462479819
-5.50331025673
-5.55656625064
-5.47199364213
-5.5030478973
-5.58119018047
-5.51389174544
-5.55479022923
-5.41955775967
-5.52643353216
-5.49583670289
-5.53999918018
-5.50684946804
-5.45313498684
-5.45942923687
-5.51047108552
-5.49827486948
-5.43574237307
-5.42892452207
-5.44448683692
-5.3021293695
-5.38621511326
-5.41459509662
-5.370091714
-5.36743106642
-5.3469404787
-5.38556379282
-5.46435218989
-5.53465558633
-5.44151460471
-5.35849082529
-5.40111672417
-5.44062934155
-5.50108513812
-5.57690158496
-5.52865205744
-5.45477234968
-5.50573079331
-5.50077906372
-5.49682055463
-5.46342146276
-5.46876573493
-5.45486532447
-5.49590113322
-5.47613752666
-5.52806727708
-5.5342357963
-5.63886763547
-5.57275787835
-5.58047604601
-5.67001166066
-5.65709504141
-5.49510039238
-5.40189654363
-5.45380146812
-5.37961938627
-5.39549771489
-5.36735504601
-5.39520838243
-5.36698664508
-5.33858655257
-5.35638189945
-5.46486226608
-5.47865172464
-5.55282542471
-5.50075213502
-5.47104736123
-5.44343988924
-5.47433804409
-5.52826207665
-5.49091311336
-5.44893601163
-5.41604635028
-5.46828330739
-5.42715284339
-5.4331672263
-5.37558349197
-5.46923465446
-5.43644374274
-5.44609422139
-5.47826918782
-5.3530232345
-5.43435216568
-5.47256966898
-5.53846936078
-5.52373030947
-5.40839796116
-5.4821340707
-5.52600685918
-5.55173280994
-5.48292022268
-5.5459207226
-5.58762149715
-5.56823313528
-5.55745089486
-5.53187923976
-5.40734175092
-5.39180599358
-5.471954262
-5.4594834088
-5.45452843199
-5.45700107261
-5.48505392937
-5.51651549554
-5.55913292106
-5.58159539293
-5.61146752288
-5.62531444919
-5.5404169771
-5.60509163387
-5.56279221197
-5.6055325008
-5.58019615239
-5.59674392318
-5.46999778347
-5.54495764512
-5.5914776069
-5.49307422233
-5.49018169821
-5.43532581637
-5.4531757661
-5.57876061352
-5.55429337196
-5.43834902463
-5.42133777112
-5.56113276761
-5.47481484243
-5.38492920364
-5.35093057199
-5.33499120428
-5.35693615578
-5.43324831078
-5.48072593758
-5.39121855219
-5.48373660644
-5.39048008762
-5.47387753416
-5.4628516529
-5.30987649169
-5.34104236321
-5.37393974785
-5.34186220503
-5.43767743132
-5.37058509191
-5.34149352639
-5.29888061525
-5.23344642309
-5.29533052279
-5.34925554438
-5.40744088943
-5.54110937503
-5.43274229876
-5.46215343111
-5.4238837835
-5.38143143766
-5.36019499992
-5.44475919933
-5.47528158593
-5.54447999568
-5.46875491725
-5.51593357554
-5.55925802366
-5.54481711966
-5.46461845273
-5.54519561922
-5.56679267831
-5.51957334543
-5.48535013553
-5.37714758743
-5.45738277805
-5.37691471993
-5.47010122426
-5.45492056917
-5.34141473222
-5.39318673718
-5.44478130912
-5.37315783572
-5.4021826866
-5.38196837984
-5.3410240503
-5.40386406754
-5.41168150679
-5.41792478785
-5.45696310165
-5.31585646394
-5.29407363687
-5.3283284003
-5.38288853583
-5.34683469331
-5.33108087855
-5.38273653792
-5.41277127385
-5.39905907676
-5.45499944201
-5.36606239953
-5.25798681756
-5.29436716745
-5.30781424592
-5.41751641858
-5.40604544648
-5.56382609384
-5.50464717147
-5.59459064636
-5.69313501537
-5.60820741768
-5.5414049153
-5.47860237536
-5.45601066466
-5.39562923808
-5.34907147474
-5.33457537495
-5.45466488978
-5.47385519948
-5.48987988048
-5.43695997763
-5.40801620226
-5.3695714826
-5.37221522907
-5.37507803186
-5.43111628635
-5.34755072555
-5.35991521808
-5.29148410283
-5.31576430057
-5.40299292822
-5.4605776891
-5.4278753621
-5.37469995607
-5.39770772961
-5.50445479072
-5.53751088498
-5.60165808195
-5.568775475
-5.49225489761
-5.43474978993
-5.49231424605
-5.52064811458
-5.45954419412
-5.61607343864
-5.55087109725
-5.52795796123
-5.51266693903
-5.58215470051
-5.56267870761
-5.45497280442
-5.4857045365
-5.45359060452
-5.48511615021
-5.40716399777
-5.29162077608
-5.32279743864
-5.31680806629
-5.35086234096
-5.41643132273
-5.42546889328
-5.40535007334
-5.45622755423
-5.45523906622
-5.45979675864
-5.38785584301
-5.36889516877
-5.4032476747
-5.46010483106
-5.51340056509
-5.41191737457
-5.47072426675
-5.48518756649
-5.48387295978
-5.47227936409
-5.43081184486
-5.45122220764
-5.41000583001
-5.37184620896
-5.39521460762
-5.43204721934
-5.34792618566
-5.36154728581
-5.40040558391
-5.38808787786
-5.30436480608
-5.28556005016
-5.23652181298
-5.35768082003
-5.44936008203
-5.55891426768
-5.44130831636
-5.42578626218
-5.4362212945
-5.42650299328
-5.4025436366
-5.49259729417
-5.4221489133
-5.52957649038
-5.43448138051
-5.43676375739
-5.40799101963
-5.34511621786
-5.40662471365
-5.43687943647
-5.35590013954
-5.43152378681
-5.49827657458
-5.47163297444
-5.37173875191
-5.2986770161
-5.40951715455
-5.48475223882
-5.50490825588
-5.48708355445
-5.49469990155
-5.4527076633
-5.38895209774
-5.37175618815
-5.42420800889
-5.40007630762
-5.38893616096
-5.42447057746
-5.55068210033
-5.52177591447
-5.45675212573
-5.35714579168
-5.36844474915
-5.44093852609
-5.37413252884
-5.30136154958
-5.29942163943
-5.33293900982
-5.30504630518
-5.41915386915
-5.39467500552
-5.43058963584
-5.45153205701
-5.33318427779
-5.31249730194
-5.38052683573
-5.42319319091
-5.33318081249
-5.34788250183
-5.44438757014
-5.29072242401
-5.35832158602
-5.45886284376
-5.54428817097
-5.52049717258
-5.44661238922
-5.49454424872
-5.42591208178
-5.4428667736
-5.53135977841
-5.5588658426
-5.46123998313
-5.45310691867
-5.40072698627
-5.45287133237
-5.47420053382
-5.46558644026
-5.51119199595
-5.61881541753
-5.64958544728
-5.67197452879
-5.48915910625
-5.41599533637
-5.39927122111
-5.55914828129
-5.52642091018
-5.55091659437
-5.5974893337
-5.56891429952
-5.60296268173
-5.56280435547
-5.56342660904
-5.56045994069
-5.53549146806
-5.50839301894
-5.47577205125
-5.51374821512
-5.52790872672
-5.46812292395
-5.38575072296
-5.36456132659
-5.42152587218
-5.51732385735
-5.4835414822
-5.48752399938
-5.47373984199
-5.45935007406
-5.50200026281
-5.47163705713
-5.35379256859
-5.51578617059
-5.56770861992
-5.37269193633
-5.42782185022
-5.43171255168
-5.50853174322
-5.3773418871
-5.52580717657
-5.4802747704
-5.43214556767
-5.32519800141
-5.28921002184
-5.377632895
-5.34562945418
-5.34561157359
-5.32284538795
-5.39198269177
-5.43755131495
-5.37323063556
-5.28731470424
-5.21490663494
-5.25539279416
-5.26308316886
-5.25490701435
-5.25209529449
-5.27277754384
-5.24044364088
-5.28937341778
-5.32355691181
-5.36978920715
-5.29739681334
-5.33585890737
-5.36776060738
-5.43725530941
-5.57398991198
-5.6187598958
-5.51856723598
-5.44173182514
-5.3072664126
-5.36918973087
-5.3662225539
-5.4400515083
-5.49888264327
-5.51250596169
-5.60433665305
-5.43010317225
-5.36577007769
-5.40677442139
-5.50397699648
-5.50805725151
-5.47860535997
-5.46175908064
-5.41507845542
-5.41190793255
-5.43774770444
-5.4095490371
-5.42760583293
-5.508058042
-5.47010602547
-5.37144867789
-5.35195857871
-5.47723369758
-5.44511596623
-5.49410630795
-5.4962158061
-5.50003777442
-5.43091135817
-5.3278055589
-5.25516634019
-5.23276779469
-5.33538865232
-5.39855162805
-5.37586619782
-5.33177261089
-5.34599857727
-5.39112671351
-5.42535479447
-5.35738227926
-5.41269385361
-5.45796714981
-5.45387778484
-5.59280991227
-5.56597657419
-5.45857631944
-5.51165346237
-5.36718041999
-5.31532197501
-5.3797139101
-5.43792668412
-5.47852089622
-5.4192274321
-5.45630408181
-5.477331437
-5.52529358816
-5.5084215473
-5.51695116233
-5.42396224491
-5.39128659243
-5.40113755608
-5.47180581764
-5.50975310122
-5.48273925741
-5.49693929434
-5.54854266463
-5.5363569482
-5.5025319269
-5.50780795293
-5.52161401667
-5.40357222032
-5.44084325229
-5.49120991246
-5.41695307918
-5.47661949168
-5.50654102541
-5.5026210659
-5.4556650227
-5.32846425196
-5.37091301543
-5.3600505507
-5.36097514711
-5.35708956338
-5.40959215447
-5.47953332572
-5.49896982877
-5.43768104913
-5.47364330446
-5.54489081443
-5.45476076504
-5.42764710248
-5.47194451447
-5.45628757934
-5.41764547496
-5.49129666102
-5.59206013203
-5.53273685166
-5.62752342541
-5.56769438107
-5.58644201448
-5.65093297961
-5.72664723291
-5.72257690289
-5.64427202572
-5.54817860913
-5.51042371981
-5.46354852294
-5.52508330438
-5.51086370277
-5.4787794075
-5.49831992369
-5.47247099146
-5.4926991363
-5.57869132033
-5.60133021283
-5.59451844608
-5.48615729832
-5.49482013749
-5.47271344022
-5.51402106262
-5.39556915189
-5.50551146312
-5.48266854424
-5.46818450959
-5.52752950736
-5.5550605574
-5.43060529565
-5.49094831199
-5.4164958762
-5.48187976072
-5.45949041082
-5.5482696273
-5.63643738187
-5.64690907177
-5.56437664192
-5.53023141629
-5.54603409219
-5.51271375747
-5.48162831969
-5.46004946195
-5.43354158834
-5.3879896222
-5.4506825854
-5.40372699775
-5.4516693241
-5.51423543931
-5.48274956005
-5.44713350376
-5.46457449944
-5.45848481931
-5.39858105135
-5.43472264381
-5.50027772496
-5.49720133555
-5.49905829255
-5.45819895295
-5.51933895963
-5.48188639778
-5.41007600135
-5.38351381488
-5.51467331525
-5.51857029025
-5.45393382033
-5.53532758671
-5.53618217793
-5.45938942424
-5.4837877892
-5.50647643491
-5.53612625843
-5.59664672099
-5.54022731059
-5.61488242015
-5.55852501193
-5.47388358206
-5.48419051316
-5.45189486876
-5.44046995976
-5.51336641075
-5.44260415898
-5.39549491052
-5.5169924684
-5.54417384013
-5.48163306318
-5.44917295564
-5.46616037621
-5.4878311503
-5.41039389883
-5.44383893073
-5.39452908391
-5.41646992042
-5.43293543249
-5.41195666657
-5.47399473677
-5.54715616223
-5.38589701384
-5.43997135468
-5.47805984525
-5.443081174
-5.46557148835
-5.43439044555
-5.45092628911
-5.50513774709
-5.50817786325
-5.4565233165
-5.49210139408
-5.42185267307
-5.46452853561
-5.45663651817
-5.46181384704
-5.42644112249
-5.54804547827
-5.5051205538
-5.47619233556
-5.42722822004
-5.3905019609
-5.42350071493
-5.32825198281
-5.40859269777
-5.3793872954
-5.44271260945
-5.48669991862
-5.47905020292
-5.52666316034
-5.56665745623
-5.65013624268
-5.50030810802
-5.49610977831
-5.48852346055
-5.57922807452
-5.62496954496
-5.59983224618
-5.53461135824
-5.64249850665
-5.62100912344
-5.60216483385
-5.54220745325
-5.50026943755
-5.55059140643
-5.49649363714
-5.51170203857
-5.54220154491
-5.55832228405
-5.53989513902
-5.58011362314
-5.56028998433
-5.5510406459
-5.59098586733
-5.52665272553
-5.52014103549
-5.53141615881
-5.39587074136
-5.4584024126
-5.4633744258
-5.44828114723
-5.37064029848
-5.41760395267
-5.39242272136
-5.32684498369
-5.2675265329
-5.26058642054
-5.35781279479
-5.34540660967
-5.35553561829
-5.3976253896
-5.40652856449
-5.41420954828
-5.44246407456
-5.46309597712
-5.41811071132
-5.44282437734
-5.3820280548
-5.42803347593
-5.4049056947
-5.38958096515
-5.3598541682
-5.31228554235
-5.42095526198
-5.42589090064
-5.48594778172
-5.44401414103
-5.4514174281
-5.24091374128
-5.255300786
-5.28940558818
-5.26539304209
-5.20467878375
-5.30796073308
-5.36289254326
-5.41154119123
-5.37631768767
-5.46695722852
-5.43519253778
-5.47199903484
-5.41326482521
-5.43547481539
-5.37805339671
-5.26436257294
-5.33964458119
-5.37777869924
-5.41020142477
-5.49280897223
-5.47967751558
-5.45605529853
-5.43746870516
-5.38526333547
-5.38788980896
-5.41996076739
-5.36353545081
-5.41119202247
-5.50833820008
-5.400255528
-5.36256248042
-5.49381423937
-5.56395038164
-5.49223813603
-5.46458885257
-5.55017272538
-5.58349972967
-5.51886841366
-5.47207012975
-5.40205885274
-5.43842618741
-5.44681432415
-5.49327881739
-5.44777884719
-5.44891199057
-5.32322611031
-5.33562591969
-5.42065178971
-5.41179659624
-5.35926221969
-5.30778393308
-5.40541379747
-5.37904697104
-5.39179718693
-5.38635534817
-5.39852171168
-5.33032768329
-5.31993561782
-5.38754053094
-5.47057094909
-5.47902100073
-5.50447135334
-5.46064231758
-5.54140981054
-5.48363198886
-5.45410149542
-5.37249670581
-5.33399364031
-5.3094052573
-5.2912515242
-5.29622038606
-5.29059559999
-5.28561143805
-5.26983272577
-5.37595848565
-5.3971942053
-5.40323701345
-5.32401687845
-5.27282965123
-5.29894076194
-5.35638515619
-5.35063530583
-5.39298135365
-5.43959992105
-5.39743801991
-5.38093112976
-5.43563271043
-5.37026462094
-5.30325784709
-5.32909120761
-5.37605373017
-5.33773959588
-5.38721280513
-5.34493470202
-5.31098705742
-5.32063898099
-5.2688991157
-5.34468937285
-5.49853346668
-5.48305677585
-5.54724323221
-5.54493206423
-5.53485732755
-5.50518921619
-5.47306536258
-5.50051116598
-5.41629380039
-5.42845144228
-5.4668610352
-5.43965798727
-5.51497499488
-5.44284169401
-5.47755680436
-5.50193475047
-5.49687516019
-5.42838265776
-5.50252887364
-5.48498153767
-5.439086724
-5.5268543344
-5.46364563229
-5.47393404461
-5.42713752128
-5.44968959741
-5.45021226926
-5.46661329266
-5.45797406469
-5.46499869972
-5.45167540406
-5.49647754113
-5.46248479005
-5.42897431127
-5.47731480667
-5.55666780512
-5.48362342897
-5.47983250346
-5.45535598783
-5.46118164731
-5.55730136019
-5.51712209911
-5.51930140378
-5.54691666142
-5.58736032247
-5.55113249702
-5.56196081219
-5.48407963993
-5.44802096344
-5.38444749141
-5.42182357522
-5.4386702931
-5.43116133765
-5.45448884989
-5.50548088603
-5.5173680741
-5.56653184492
-5.53372910623
-5.48164440142
-5.42167209017
-5.3426258888
-5.36822606596
-5.27267023644
-5.38454304635
-5.39646599823
-5.37278963897
-5.41474789807
-5.37923685602
-5.35538402492
-5.25693717731
-5.28524901971
-5.28386068308
-5.32781564913
-5.36912678433
-5.37703070847
-5.32484109903
-5.21787657619
-5.24882249989
-5.30250024895
-5.43034500886
-5.53939857742
-5.47084248156
-5.51739739484
-5.51363734509
-5.48717013557
-5.41473773007
-5.52992406084
-5.50282631588
-5.55294344425
-5.54261853975
-5.60877999264
-5.50444431952
-5.54011960766
-5.49286861846
-5.50039418438
-5.48301240969
-5.54041590333
-5.51198198719
-5.53717246967
-5.55711014252
-5.54608839245
-5.47501311404
-5.49899941016
-5.53356649333
-5.49497681977
-5.48022235846
-5.57423871809
-5.55073471134
-5.57093970317
-5.5445977817
-5.55357620865
-5.57759310642
-5.54996887851
-5.53359552215
-5.54551967859
-5.51238621652
-5.63613654204
-5.62943609842
-5.58190228097
-5.60358983798
-5.52056520458
-5.50785116482
-5.51875275393
-5.53408148617
-5.51044925579
-5.48792775486
-5.53586390534
-5.47541873083
-5.55861362412
-5.53865968709
-5.53254802323
-5.4578829783
-5.45686263591
-5.56909319736
-5.59125205485
-5.5482009524
-5.51666373251
-5.5424654355
-5.47480612837
-5.523124062
-5.59337773223
-5.54662523391
-5.52099400087
-5.52678692587
-5.43751631777
-5.35651600672
-5.30323108801
-5.36895692324
-5.32596051928
-5.33536170187
-5.36561125427
-5.40087757159
-5.4004703199
-5.45722419263
-5.31193324528
-5.3941636321
-5.36609429346
-5.36929397417
-5.32948496946
-5.24659482698
-5.31120705017
-5.44293714455
-5.29447352325
-5.3378434408
-5.38339935397
-5.47725026688
-5.39722433332
-5.44803707681
-5.42503267898
-5.38372022356
-5.50694466008
-5.51862363715
-5.52681620307
-5.49250418965
-5.50666661732
-5.6639503232
-5.6547219838
-5.57982834444
-5.64456924932
-5.59993372514
-5.58019263201
-5.63774760428
-5.64632627347
-5.55055367057
-5.45467713232
-5.48622673742
-5.57466331002
-5.41885607524
-5.48475928266
-5.51658732243
-5.54347413301
-5.48177641679
-5.45060449619
-5.38949583909
-5.3830905614
-5.35188926042
-5.32790750105
-5.40452256529
-5.47633261448
-5.57475215703
-5.54249646249
-5.57705567207
-5.52964800877
-5.6026176324
-5.51431634118
-5.51099514407
-5.51363297746
-5.49682856372
-5.55706401595
-5.59373339839
-5.51781364326
-5.5723950506
-5.64806456797
-5.68325811857
-5.72267338885
-5.6779187612
-5.68561416322
-5.71538494021
-5.60199969888
-5.66612607743
-5.61836177273
-5.58161843793
-5.53617506455
-5.63160414599
-5.56192729219
-5.51225768858
-5.54568788607
-5.57773558222
-5.65642837636
-5.63750664398
-5.59553502257
-5.54629080005
-5.55001830534
-5.51142967809
-5.50430567457
-5.48946825041
-5.58900718818
-5.52639479315
-5.53945928989
-5.50807109146
-5.47516866168
-5.43901439837
-5.44782085238
-5.39407796828
-5.58533839717
-5.53134286906
-5.43504303795
-5.41581333061
-5.5192801165
-5.51012674678
-5.48572529154
-5.47221431942
-5.48385441301
-5.37875861444
-5.44519528015
-5.49336152524
-5.48309109501
-5.49779035727
-5.54709762724
-5.52263403416
-5.47173674414
-5.38147172717
-5.41353160748
-5.38319117387
-5.39179145715
-5.34464577458
-5.31547278123
-5.31179203278
-5.25313642957
-5.23570637516
-5.16196212478
-5.29065106594
-5.25673739532
-5.2777708919
-5.07414111735
-5.10781381192
-5.13513177365
-5.27098860213
-5.35489954872
-5.29454350627
-5.27026161647
-5.23623186404
-5.27866634456
-5.33308759005
-5.40194588201
-5.31598025553
-5.21935334147
-5.25288454301
-5.2835585791
-5.31331590708
-5.337129054
-5.38354171369
-5.30661892159
-5.31227255771
-5.27232000352
-5.28162106439
-5.35226510416
-5.29868412971
-5.34876924598
-5.37851535803
-5.45603565507
-5.3521206364
-5.34229746197
-5.38936155862
-5.27140485112
-5.37169526734
-5.45276332364
-5.47984020676
-5.43554219696
-5.35723334876
-5.44507955842
-5.51405532835
-5.45961603704
-5.5721570115
-5.58505437899
-5.49393469905
-5.4432534525
-5.51099338132
-5.5538906297
-5.54959007697
-5.53548294019
-5.56652627404
-5.57737901919
-5.50851943686
-5.45125343221
-5.51139644525
-5.53103954716
-5.46189506773
-5.44299669429
-5.43793284093
-5.34835299491
-5.31768621897
-5.23641253931
-5.32417419826
-5.44339589234
-5.44996414322
-5.34156427582
-5.29619754563
-5.39874337108
-5.39090336696
-5.44673323872
-5.56038145127
-5.52409310798
-5.54604923427
-5.5208928224
-5.4195642142
-5.47277394508
-5.44379306783
-5.50574815249
-5.50567996645
-5.45750276469
-5.44118741827
-5.5633195066
-5.64715212236
-5.67723517369
-5.67635511184
-5.61798304411
-5.50476121547
-5.56596085412
-5.50113301356
-5.52176426773
-5.5214330172
-5.42362315366
-5.55222580023
-5.52332017845
-5.50190860292
-5.53888654506
-5.41484150665
-5.46656391402
-5.44709205086
-5.47566188066
-5.47218370011
-5.5329751765
-5.533597178
-5.54463930282
-5.59798432863
-5.54873011323
-5.5042884659
-5.60026440635
-5.63034431029
-5.64446768831
-5.57484989869
-5.55782643763
-5.54800951781
-5.49514094015
-5.54564289279
-5.4572564534
-5.48161212589
-5.46731646825
-5.45450173428
-5.54076373797
-5.61209030506
-5.64261286819
-5.65896113924
-5.67960062955
-5.64368355557
-5.62145979721
-5.64623195478
-5.63064451045
-5.53646998561
-5.54261668346
-5.51752543443
-5.49224469499
-5.49400023248
-5.42739082189
-5.38408376874
-5.42629112581
-5.39485922315
-5.34279106718
-5.26248033119
-5.2779260235
-5.4046783213
-5.41383052127
-5.44617129711
-5.53906275003
-5.42366029506
-5.35970178693
-5.35315581738
-5.45745481654
-5.48899913753
-5.48811887526
-5.49840826797
-5.54666651584
-5.57457706233
-5.64287982499
-5.64782821729
-5.63007350653
-5.64170688552
-5.71006721156
-5.57452024455
-5.44868784622
-5.36286128338
-5.3011155067
-5.53820699999
-5.53207247278
-5.44236760783
-5.47143231022
-5.473086358
-5.47414630092
-5.37314634093
-5.56668560135
-5.613133868
-5.47305158517
-5.45040638897
-5.46365418753
-5.479425574
-5.47285963288
-5.48335419451
-5.42304824153
-5.38692843858
-5.56334302224
-5.5257389414
-5.42924829706
-5.43471029453
-5.35833049773
-5.39968670445
-5.46563090249
-5.43440963828
-5.50612006103
-5.51731201305
-5.48055939665
-5.48032712143
-5.46328199166
-5.60210169772
-5.57509258917
-5.54657589751
-5.5067923659
-5.56047810657
-5.46334049628
-5.43988176123
-5.43524341624
-5.50410658048
-5.54666813856
-5.51916017463
-5.4347555891
-5.33984082058
-5.34637558025
-5.37952330669
-5.44689761507
-5.49550185587
-5.44709754857
-5.39613701713
-5.32990376269
-5.37650528913
-5.32705009752
-5.37376875108
-5.2811062045
-5.34369909117
-5.37255250085
-5.41099499202
-5.40495608145
-5.48600445803
-5.46726228936
-5.51449673557
-5.37833706842
-5.4361229387
-5.31781056639
-5.34183818094
-5.25462204131
-5.36024533908
-5.41194086687
-5.4784115164
-5.44420619159
-5.48830947323
-5.52377847413
-5.46316111674
-5.46500361327
-5.44741680469
-5.44822646293
-5.44001155283
-5.4392867809
-5.34011592327
-5.38604563364
-5.4440507489
-5.40529836275
-5.29421259899
-5.39309817383
-5.41766285066
-5.34809323159
-5.40281931949
-5.37134334188
-5.39613351681
-5.43978772338
-5.36499837096
-5.28112336224
-5.41413716951
-5.45036061652
-5.42195455892
-5.46643188501
-5.46351940481
-5.5505438183
-5.51413038188
-5.52517161088
-5.57315508413
-5.54510413064
-5.54526988186
-5.50737616162
-5.50698015335
-5.56294456416
-5.59192559085
-5.51691760831
-5.53577666418
-5.47471458824
-5.5324214329
-5.56942784181
-5.5392739397
-5.58572975395
-5.6172903041
-5.61381968615
-5.59551783726
-5.56385378392
-5.46306769596
-5.49228107271
-5.48444919191
-5.56484629652
-5.58703761715
-5.63626449224
-5.60647626035
-5.60594757452
-5.62745733937
-5.72476003523
-5.66287835344
-5.53070600232
-5.52442733203
-5.55835840172
-5.51350075806
-5.53160037945
-5.43869829156
-5.42585708778
-5.44002541125
-5.53658402083
-5.53798495338
-5.51045330944
-5.35796839973
-5.39704857003
-5.39587263752
-5.38321808738
-5.46591906966
-5.445770601
-5.3989018345
-5.42246426715
-5.42056089315
-5.43310605718
-5.3783619328
-5.33299760973
-5.37214332277
-5.39431154258
-5.55684726106
-5.47658246973
-5.48536501204
-5.48002334413
-5.49065330997
-5.51665672381
-5.58357623991
-5.562748212
-5.50733258418
-5.54091756185
-5.5303155497
-5.59572715868
-5.64115396295
-5.49934583259
-5.47739490825
-5.47591777467
-5.48107242731
-5.50211584248
-5.45937036998
-5.4103014061
-5.41888310068
-5.35669945748
-5.41898012974
-5.46456343278
-5.52306557931
-5.53452833586
-5.5507644971
-5.53085361235
-5.46831189968
-5.38579712418
-5.39971432118
-5.37954035872
-5.48938485952
-5.47273828099
-5.48386527954
-5.51674526641
-5.33134954543
-5.29333098637
-5.28565406257
-5.476816196
-5.43775602327
-5.40647325573
-5.33962332863
-5.30308014385
-5.45722940812
-5.35633169283
-5.3547347057
-5.37159467366
-5.46540085611
-5.40498204194
-5.45382480787
-5.31647372115
-5.36349431089
-5.36937496739
-5.4753259795
-5.50328487304
-5.51258965765
-5.52311720449
-5.47737768491
-5.45624779089
-5.39938006175
-5.42026637752
-5.41707092712
-5.3612630131
-5.31256990448
-5.25955949995
-5.32359310678
-5.39032752067
-5.39368391325
-5.39249944659
-5.52237765013
-5.44503199353
-5.42645711346
-5.47607055212
-5.4785656392
-5.53048355042
-5.51532544929
-5.48563858459
-5.51964065336
-5.41589256969
-5.32572885971
-5.29368647818
-5.42082578933
-5.38704257914
-5.46038878377
-5.55468741044
-5.53204488513
-5.47504768187
-5.44497325195
-5.4168506042
-5.3486382328
-5.46320478533
-5.49611654516
-5.46574858631
-5.52336807661
-5.46288503165
-5.50576356522
-5.57678949416
-5.48634572546
-5.53215237369
-5.50034010446
-5.51161000124
-5.50561294538
-5.48048325654
-5.45911957736
-5.52125553105
-5.53955472078
-5.48929540857
-5.44325178495
-5.49913349694
-5.44453684683
-5.45654350051
-5.45951630637
-5.51459301114
-5.51486418761
-5.58820835362
-5.50142242963
-5.56794741258
-5.49585670169
-5.45476997801
-5.48139827576
-5.45505450631
-5.47825384915
-5.4077529404
-5.42657162291
-5.42940754299
-5.3878606482
-5.46461323972
-5.49621430447
-5.51579829364
-5.47578314554
-5.49167779937
-5.56794205874
-5.52685294513
-5.48332466318
-5.50062596862
-5.5472470541
-5.66797169087
-5.60329927471
-5.64635965469
-5.65811064723
-5.63563501619
-5.7030581702
-5.60200926846
-5.59347333012
-5.58628787852
-5.47734184638
-5.50032209894
-5.4386132272
-5.47060417704
-5.51889473549
-5.5310770324
-5.48730689011
-5.56047089139
-5.5234355645
-5.52039181518
-5.563673618
-5.61543344595
-5.4379279728
-5.50258392554
-5.5378687218
-5.46004169654
-5.54702353612
-5.53716327447
-5.57044254379
-5.56197248365
-5.54098214852
-5.55169594715
-5.59202646414
-5.5480724107
-5.57209895631
-5.5967118734
-5.56826655384
-5.55211222162
-5.52530734136
-5.42007523964
-5.43586400386
-5.51442086756
-5.57525460365
-5.64414566422
-5.65689758065
-5.68640923169
-5.68358654477
-5.59016627517
-5.5524922835
-5.46086560187
-5.55347328944
-5.56102252234
-5.52574447415
-5.57846917934
-5.69879167614
-5.67585891543
-5.64126802251
-5.47588763111
-5.50652412397
-5.54618722239
-5.49757580141
-5.51943642549
-5.42375441961
-5.38750014839
-5.42530968046
-5.46849424408
-5.56924709307
-5.55205049064
-5.53760759696
-5.47781593315
-5.41765387837
-5.44816427663
-5.47051831898
-5.55378658345
-5.51730219307
-5.57107287306
-5.49241244383
-5.56846898478
-5.73109620103
-5.74273666625
-5.72292379134
-5.66293064447
-5.57140566382
-5.44999596072
-5.53929128918
-5.54124603139
-5.53953510005
-5.54388474591
-5.58218913895
-5.54359150962
-5.48242765379
-5.46375701162
-5.51202154295
-5.49182643089
-5.58149525441
-5.55547891936
-5.51987670039
-5.47316519012
-5.60347776565
-5.64040920276
-5.67123735758
-5.64430931946
-5.58936831768
-5.59056559311
-5.55122040192
-5.48123165975
-5.50662451075
-5.59962961733
-5.57625173488
-5.5542207116
-5.53826169427
-5.62512467739
-5.6407628515
-5.52809572391
-5.55716572363
-5.54366526013
-5.58260615172
-5.44703294884
-5.49688845872
-5.44269103059
-5.50917733188
-5.61772821303
-5.61499073328
-5.62462372571
-5.67361845654
-5.70536643262
-5.68775068233
-5.65066809907
-5.67798414694
-5.69631685802
-5.61301799073
-5.54449540819
-5.45851613613
-5.43082987516
-5.43350210229
-5.39272853135
-5.46364929755
-5.4670763683
-5.46891947205
-5.52273764956
-5.53751990501
-5.5034504572
-5.57066138799
-5.58139752136
-5.58827019235
-5.52453912622
-5.5791596984
-5.56517213352
-5.55059326534
-5.44239215852
-5.45195913039
-5.40132592189
-5.4284413233
-5.45252881223
-5.4472137612
-5.54277258322
-5.57112133862
-5.57198417228
-5.56245238297
-5.48904214382
-5.50039107835
-5.57702189543
-5.5015371334
-5.54608356483
-5.482343778
-5.4373173238
-5.48260506226
-5.50810741052
-5.49536337466
-5.45258262091
-5.40924526937
-5.54205987843
-5.56480792201
-5.53512027362
-5.58047353262
-5.637618413
-5.6664112486
-5.66139102962
-5.69237835417
-5.67971805264
-5.67627967956
-5.59637868762
-5.59461558234
-5.61484396295
-5.67778209027
-5.64865790716
-5.6712774469
-5.56221125534
-5.4668642697
-5.46528583399
-5.49616051642
-5.43316383524
-5.41209373502
-5.42252635256
-5.41522805566
-5.47548480508
-5.43546186788
-5.53328270904
-5.53884439294
-5.54183731599
-5.42521207608
-5.48691926539
-5.59467484947
-5.55113776936
-5.55585855832
-5.45730388889
-5.50565183593
-5.53018430256
-5.46710266419
-5.51624967334
-5.53368040959
-5.51283869125
-5.52871917265
-5.51395996552
-5.51641094661
-5.4905278803
-5.45501109831
-5.46413559401
-5.55889931389
-5.41097909529
-5.32686844128
-5.3386478099
-5.38532631345
-5.39323739549
-5.31140890769
-5.34250721462
-5.44289636485
-5.37843760107
-5.2895959843
-5.38107875739
-5.44958546107
-5.49045035002
-5.38689922632
-5.43129225443
-5.47231152334
-5.45605123244
-5.39516597348
-5.40351736508
-5.42486554399
-5.38731076428
-5.34171036493
-5.36798441874
-5.35918334792
-5.38970096412
-5.38769633963
-5.425349836
-5.45192196486
-5.45761886162
-5.51210730959
-5.60275190038
-5.61817425667
-5.61678962531
-5.6297618696
-5.6307640716
-5.62278052787
-5.60824397652
-5.57340326193
-5.57645810826
-5.55709843429
-5.56400988629
-5.44899491933
-5.52389297971
-5.41358273623
-5.43224695508
-5.48101920759
-5.46663706234
-5.47528221307
-5.46798776739
-5.32747180402
-5.45290502005
-5.43299277377
-5.48084212944
-5.45054394647
-5.58185195844
-5.55592016964
-5.51502381855
-5.53973094506
-5.49215245114
-5.47458104487
-5.44947184647
-5.49252355503
-5.33369090466
-5.46185648444
-5.44781642801
-5.37355738602
-5.43126482813
-5.5552455036
-5.54461325935
-5.63009669975
-5.58041999941
-5.59090351633
-5.55197810174
-5.50381402956
-5.44829053834
-5.47048690596
-5.49981570465
-5.48596464502
-5.58027674329
-5.57592944293
-5.60305678266
-5.63950175738
-5.54364016997
-5.46612207661
-5.411698756
-5.396852596
-5.38945781503
-5.4390120398
-5.55848093888
-5.68240611853
-5.5735386777
-5.59150167644
-5.60459603954
-5.69935874768
-5.73393236218
-5.65245535771
-5.5753293957
-5.53280924941
-5.56504543895
-5.45723182774
-5.48994637925
-5.39735744511
-5.43194812131
-5.4572318278
-5.56088479564
-5.63403225682
-5.58753050792
-5.59918330845
-5.63552887946
-5.73015811322
-5.69162652549
-5.69733913737
-5.63469733866
-5.56347160668
-5.52197414578
-5.51924124497
-5.5041062181
-5.40930466063
-5.41715778483
-5.39406167193
-5.41347181395
-5.4076329737
-5.43491635431
-5.3734663709
-5.36649701767
-5.31200230824
-5.36659672703
-5.38346850792
-5.41504510253
-5.4443451197
-5.38187789449
-5.35038171687
-5.41241402539
-5.40136466422
-5.3488716587
-5.41515277952
-5.34867337055
-5.37711675581
-5.34240652525
-5.36240006397
-5.41695829197
-5.40965058478
-5.48759283486
-5.54905072352
-5.56628007854
-5.55529010119
-5.5483815019
-5.62907824389
-5.57755717675
-5.62488102042
-5.59876839864
-5.66073511825
-5.64678861791
-5.46675539538
-5.5404453759
-5.54586471741
-5.56912864966
-5.50021700324
-5.48960429565
-5.48186991151
-5.49242778265
-5.44559609717
-5.59749954375
-5.61362924723
-5.61322063623
-5.64588199061
-5.65346574857
-5.68119467988
-5.62611307957
-5.62778252202
-5.60053776265
-5.66549888699
-5.64074002106
-5.57511147593
-5.54551375383
-5.59690717909
-5.52320239904
-5.49744350763
-5.4371032637
-5.29637661628
-5.46978552616
-5.48786624846
-5.49217463655
-5.48848275477
-5.38770203963
-5.38701572039
-5.31958135011
-5.40287520926
-5.51292869433
-5.53478391007
-5.54908179935
-5.36171865225
-5.4341229184
-5.48068631457
-5.50860696697
-5.44443332226
-5.50403924976
-5.53082728426
-5.47329600012
-5.52900413014
-5.50523835308
-5.53496911284
-5.52291224277
-5.50679132754
-5.38966806405
-5.4556047176
-5.39433320263
-5.4059873977
-5.49299343357
-5.4114332591
-5.43334251926
-5.45480938173
-5.32449274112
-5.46077053755
-5.42088327016
-5.3235996264
-5.31507262561
-5.42051325101
-5.47430558328
-5.45358816519
-5.45301632212
-5.43603136986
-5.391737217
-5.47572397312
-5.42574178767
-5.41783849616
-5.43597085546
-5.47534838139
-5.38659977919
-5.30731806567
-5.30234251358
-5.33798547835
-5.24458113246
-5.19573806776
-5.40286940056
-5.41656022932
-5.42481952618
-5.40660754682
-5.40338435828
-5.45156907515
-5.5139235542
-5.56955138726
-5.56349894747
-5.54938428592
-5.4758480323
-5.52728168729
-5.30348382537
-5.2814422159
-5.41552055916
-5.43998332535
-5.42692857844
-5.42924627901
-5.44209487528
-5.45563768421
-5.47354874474
-5.45236052531
-5.46580853863
-5.50198290058
-5.6412613892
-5.64138913009
-5.57928989387
-5.67156707619
-5.56248830684
-5.46458796201
-5.33810979949
-5.36078173227
-5.3361125841
-5.4188907357
-5.37865683471
-5.36113251768
-5.42873947254
-5.36739730374
-5.43279893093
-5.44631215093
-5.45892761377
-5.49104056197
-5.48452354874
-5.45655223008
-5.41829949699
-5.49200151392
-5.43916466023
-5.42058438027
-5.39300216957
-5.37527829982
-5.45010245468
-5.53425968733
-5.54400013022
-5.4424013925
-5.41996808936
-5.39721773712
-5.40298330785
-5.46446109904
-5.53578423381
-5.57186348747
-5.54539035131
-5.52036517283
-5.44259196329
-5.43380361287
-5.45708931195
-5.53125970088
-5.49479677865
-5.45670896379
-5.4591825682
-5.53418276099
-5.53285299294
-5.46691440724
-5.46111423569
-5.51956866574
-5.51134226575
-5.46567658422
-5.41678589357
-5.34714030878
-5.37455874117
-5.49021325248
-5.44794802336
-5.45587999
-5.43362544168
-5.46843918956
-5.41643031601
-5.42210413991
-5.43017774929
-5.39726259169
-5.41536213048
-5.44033404002
-5.43689479783
-5.43019020846
-5.38474597312
-5.53634063954
-5.51914251992
-5.48802071455
-5.43333184588
-5.41822898642
-5.29973755805
-5.29423019476
-5.34968504576
-5.50872582037
-5.42770252574
-5.50239676783
-5.51717535907
-5.44601781047
-5.49272017316
-5.44827191923
-5.3341814826
-5.42510107225
-5.36737784278
-5.42948733188
-5.45495283158
-5.46000457575
-5.48386501112
-5.46155804462
-5.44328743449
-5.53762098181
-5.62100454503
-5.58648122638
-5.58015086496
-5.49995102298
-5.47667262974
-5.46481726952
-5.41219238021
-5.43552901474
-5.39691799396
-5.4063317558
-5.42522645572
-5.43286205381
-5.39426817798
-5.48754998862
-5.47592674873
-5.49041942892
-5.44179435564
-5.41307758648
-5.46115804133
-5.34924850453
-5.33272341968
-5.48462314724
-5.55223374144
-5.56867812621
-5.48394214426
-5.48686929947
-5.53805138269
-5.54124668096
-5.39977566309
-5.37563987084
-5.43237975692
-5.39246810639
-5.37677929319
-5.26732335737
-5.34658240574
-5.34705385001
-5.34449391393
-5.32419673446
-5.35152186027
-5.39838791972
-5.42566030306
-5.42051922459
-5.51842081827
-5.54443155604
-5.53453115299
-5.58926829105
-5.63822037286
-5.5496254404
-5.53502146548
-5.52280462141
-5.46225842496
-5.60351041645
-5.5190704004
-5.40313768687
-5.41491273139
-5.4491584197
-5.36377352322
-5.38529802742
-5.47730825867
-5.37755999242
-5.33603683516
-5.49609140106
-5.49445299159
-5.56363693636
-5.5245462211
-5.41323035021
-5.41613155055
-5.50053267828
-5.51256009098
-5.53133391416
-5.46492205546
-5.47706187493
-5.43813455447
-5.35263387929
-5.41182615588
-5.46609609703
-5.31359141157
-5.314775757
-5.40150911249
-5.36793758905
-5.38770695519
-5.32670998544
-5.32515720101
-5.35751729757
-5.3926847044
-5.41845995908
-5.46976232521
-5.56047970304
-5.56713439964
-5.55865954345
-5.49750268416
-5.50586763831
-5.58708368432
-5.59579394576
-5.58320460333
-5.57666546937
-5.5649232742
-5.51575277424
-5.49585695744
-5.38264739577
-5.42376319449
-5.48013906698
-5.37733795379
-5.52562265629
-5.58949505153
-5.63740331632
-5.62715103892
-5.66786573948
-5.63681113269
-5.56964500064
-5.56847559238
-5.5431847358
-5.56154068553
-5.57703606583
-5.54539530325
-5.50144674929
-5.47276295222
-5.38412696113
-5.42313201808
-5.37092758197
-5.54234191932
-5.57802913539
-5.53201062504
-5.57851473529
-5.60269441148
-5.58280975614
-5.70750802617
-5.67705331493
-5.65144010236
-5.60520195384
-5.63103203855
-5.48791420815
-5.5778061151
-5.55409977126
-5.60567353835
-5.47813084158
-5.51725147324
-5.47318222027
-5.43721065511
-5.44001848771
-5.4368981516
-5.52134989605
-5.57051740621
-5.59648745801
-5.45904565385
-5.4699912145
-5.46506434437
-5.40494741635
-5.52237003578
-5.45089746159
-5.3872172759
-5.41528168282
-5.44419387952
-5.41205194937
-5.46110691172
-5.42869393062
-5.46697279621
-5.51866142267
-5.5122444397
-5.51011718511
-5.55034575745
-5.57645417835
-5.53037789425
-5.56227116525
-5.57569571367
-5.56064560853
-5.50408652266
-5.60222706979
-5.64843567406
-5.54952037877
-5.51105742034
-5.49582861847
-5.55292768091
-5.52561332554
-5.53327499019
-5.53541311186
-5.52372675847
-5.59243452739
-5.69309711314
-5.68156417513
-5.65205695072
-5.64084364487
-5.58588232121
-5.59893534437
-5.53828673946
-5.54933670607
-5.60849064062
-5.58214576909
-5.5722467756
-5.63854393245
-5.62232894081
-5.58843007315
-5.55996896196
-5.55760496042
-5.66758091852
-5.6524631246
-5.63744020056
-5.66608879703
-5.70803268791
-5.5714103103
-5.54981424492
-5.54103923463
-5.58502245752
-5.56262448475
-5.55047642727
-5.67347522132
-5.63647193547
-5.59177986631
-5.60746280871
-5.66152503244
-5.65893013766
-5.63750272823
-5.60030310279
-5.63386468142
-5.69463610951
-5.69061652871
-5.66772455058
-5.64102797922
-5.6346790609
-5.65007827163
-5.61594628773
-5.67720694474
-5.65331285187
-5.61350017608
-5.65067998976
-5.68564236092
-5.61770868711
-5.63874536227
-5.53442062093
-5.61851950281
-5.64712661104
-5.6261355042
-5.68183541991
-5.7334121415
-5.77553774067
-5.80761227541
-5.78089718658
-5.70572916646
-5.79812614476
-5.76719335442
-5.80922156375
-5.69918142096
-5.77915319907
-5.76420205707
-5.64028932702
-5.70882980009
-5.68684695337
-5.66292958589
-5.66554078742
-5.59628184975
-5.59721298285
-5.61948700838
-5.54719951608
-5.56587994629
-5.51740938376
-5.44946402502
-5.42670869512
-5.5009909619
-5.56560893768
-5.5024934265
-5.47766009481
-5.52758212488
-5.59783924632
-5.64919220188
-5.59799446503
-5.54559085422
-5.56075561116
-5.53064188132
-5.59177971035
-5.61247257814
-5.59285393287
-5.60536396062
-5.61516433925
-5.58110908377
-5.55292841649
-5.57704355212
-5.50449707572
-5.43451386818
-5.45190533694
-5.46408636408
-5.54336721488
-5.57241010817
-5.51534075884
-5.47085106394
-5.47209475602
-5.55865057391
-5.49234386057
-5.48396771548
-5.42349165914
-5.43340224203
-5.3468934421
-5.44203003979
-5.3980420987
-5.36008174668
-5.2844198595
-5.29569422874
-5.34863834769
-5.37112563383
-5.40732629212
-5.39149143493
-5.44652064897
-5.4354390112
-5.41828252548
-5.45505388379
-5.36726747918
-5.27762404675
-5.30876188898
-5.35270523631
-5.38800751273
-5.32464855749
-5.36388301512
-5.30453408261
-5.28411043141
-5.36579477054
-5.41696868106
-5.50629953838
-5.53570493224
-5.52086556365
-5.61556085915
-5.51977807745
-5.57128685585
-5.54600506334
-5.4965063777
-5.43237205266
-5.48538124957
-5.5463836163
-5.54551922331
-5.47595329774
-5.46949684239
-5.49403442876
-5.51320307864
-5.50942924562
-5.61681366253
-5.57898527635
-5.58866094162
-5.59584976776
-5.58043515337
-5.6271454837
-5.59475508457
-5.53998706333
-5.61529375041
-5.53758626585
-5.5366833657
-5.575826856
-5.41064272953
-5.49841059427
-5.46038591601
-5.46530157668
-5.43925511214
-5.44995799958
-5.42590116073
-5.44391693959
-5.43072855122
-5.32313907216
-5.37314798229
-5.24507815082
-5.30948720898
-5.31645664398
-5.32389878768
-5.39189987971
-5.48218104616
-5.38297499001
-5.43718496766
-5.58819895689
-5.47740996903
-5.33528228436
-5.40164477388
-5.42382541488
-5.42099959234
-5.53695407998
-5.48112359835
-5.44873708314
-5.47768593722
-5.51248707561
-5.49599162428
-5.64768244787
-5.55802195264
-5.51958343642
-5.5417210412
-5.6184867536
-5.57439222973
-5.55526152982
-5.53345444506
-5.57019706309
-5.55945813322
-5.52646625889
-5.53480416457
-5.53397986701
-5.69100353429
-5.65316191248
-5.57819179558
-5.57172836587
-5.58597849068
-5.53548303863
-5.55523168799
-5.51228741917
-5.50868794349
-5.50704417736
-5.5459318992
-5.52481570553
-5.41073815647
-5.35784081404
-5.38234524488
-5.45981575812
-5.37862804614
-5.54381475318
-5.52823767383
-5.51707352195
-5.55731292902
-5.39320606881
-5.49371590847
-5.37484834888
-5.43837746033
-5.48965028336
-5.44150463931
-5.42958655371
-5.45963808014
-5.53381641897
-5.53256006837
-5.57219542206
-5.55205242106
-5.53569810048
-5.57890826326
-5.54036200787
-5.43170078623
-5.43614518066
-5.43212973118
-5.45838272563
-5.48215643649
-5.4732808014
-5.47877032397
-5.45170587318
-5.42489271511
-5.40785373486
-5.42477264362
-5.40132495467
-5.35212589539
-5.33085945206
-5.29836848897
-5.28209347933
-5.34231741054
-5.39566537329
-5.51666068969
-5.4977433434
-5.42424005235
-5.41580608295
-5.49590048039
-5.39788388554
-5.33901666673
-5.44676845143
-5.36023316761
-5.40380336534
-5.41026680054
-5.37525623268
-5.34922321187
-5.30461792762
-5.25748773609
-5.36301845065
-5.35343638863
-5.34444147764
-5.29271621602
-5.32474323543
-5.28455569962
-5.35461317058
-5.45595596148
-5.48526920188
-5.52529750506
-5.49649292043
-5.46492274184
-5.34027241845
-5.26474000935
-5.29800143555
-5.2489864073
-5.37018635401
-5.40083972675
-5.40386939386
-5.41289645111
-5.44046458467
-5.45507917826
-5.52055591295
-5.45619741804
-5.54972815319
-5.45208462476
-5.47752644067
-5.42655205744
-5.36934173584
-5.43259600555
-5.48133477843
-5.45942589809
-5.45812331365
-5.40464295039
-5.42312924893
-5.4993807128
-5.46433432835
-5.47687082865
-5.5191729647
-5.51596821146
-5.62883478268
-5.53124497542
-5.49921418369
-5.56642982915
-5.56105038909
-5.57290482465
-5.52366593759
-5.51186775872
-5.6103437981
-5.43350162144
-5.41097769593
-5.40077531238
-5.41274878658
-5.48090778321
-5.49433600008
-5.45789175373
-5.50007317294
-5.5420545073
-5.50725694214
-5.60260524778
-5.50898669026
-5.47091302089
-5.47865873816
-5.39962584092
-5.41629255096
-5.45298510994
-5.45925164101
-5.39479107423
-5.29242934968
-5.28187424267
-5.43542916055
-5.4287888376
-5.49343766457
-5.49857464668
-5.47759213193
-5.51393118619
-5.57346577105
-5.6554741716
-5.58613488211
-5.54094164067
-5.45666869101
-5.42709738915
-5.33141751751
-5.41591156102
-5.43151082972
-5.49535573476
-5.53671272356
-5.41503292147
-5.37825702292
-5.45921943542
-5.48575946958
-5.49193063036
-5.48066740598
-5.41489603382
-5.37787456229
-5.47595023706
-5.46940690457
-5.42430850207
-5.52469433265
-5.50734961423
-5.39118770455
-5.43332944335
-5.48676492613
-5.42350368564
-5.4872039697
-5.51291353149
-5.53858294422
-5.54505456225
-5.36500136016
-5.36383625967
-5.43937964371
-5.41923032376
-5.47483555335
-5.42944507494
-5.31965413989
-5.29018795766
-5.32343599903
-5.35358623463
-5.32985694441
-5.33082672941
-5.35556146145
-5.41941414254
-5.35653668355
-5.35925234761
-5.38409385436
-5.33267044387
-5.45897681022
-5.44728207614
-5.34677025367
-5.47147347227
-5.36885041067
-5.37148273183
-5.3897205592
-5.49872204433
-5.51710909836
-5.44687132387
-5.55585956395
-5.43686445298
-5.4485182921
-5.47238849108
-5.42127238648
-5.44147198872
-5.46682204763
-5.45431951662
-5.38122825625
-5.32758068658
-5.33643303008
-5.31395289686
-5.37940233664
-5.33934856827
-5.20344995563
-5.26814780324
-5.3959838725
-5.30838826254
-5.25631257778
-5.39297030323
-5.37763599565
-5.37984931982
-5.35444301491
-5.37455322121
-5.35289691434
-5.34221710098
-5.36346236988
-5.31427180041
-5.43430393931
-5.42089883635
-5.35933083665
-5.35841853048
-5.32264041718
-5.24680724615
-5.26278622682
-5.30951690888
-5.33653769382
-5.39472262072
-5.38440090741
-5.3980729668
-5.35644748806
-5.31421521472
-5.41650131629
-5.36399290221
-5.38127509113
-5.44455066242
-5.41253401833
-5.23637082451
-5.21573091333
-5.20577468939
-5.33647283246
-5.37659179894
-5.44319496666
-5.40900118907
-5.57446712082
-5.566894029
-5.48703895719
-5.42691236426
-5.46405139882
-5.43101794938
-5.43582941343
-5.34375830739
-5.34043832219
-5.32680620416
-5.38334679643
-5.33475704152
-5.31766443302
-5.33342336017
-5.39645612412
-5.3732237189
-5.40930209245
-5.41854246257
-5.53745042121
-5.52684655514
-5.51814459631
-5.55204409171
-5.52703562978
-5.55636899963
-5.52199385403
-5.49460169728
-5.39470187311
-5.45326715557
-5.39491508487
-5.50378673313
-5.46907292795
-5.51800423148
-5.43981412692
-5.45226550515
-5.56318518769
-5.50039243799
-5.4579262187
-5.43187404111
-5.4633626258
-5.53081824782
-5.38703353858
-5.36560839091
-5.33636026129
-5.36696781759
-5.42509997889
-5.45393552021
-5.45377245874
-5.432935004
-5.26079841244
-5.29106634112
-5.34749953176
-5.29945131919
-5.22870472782
-5.36487461252
-5.35065617193
-5.50932197444
-5.49980387575
-5.54736010531
-5.54235445619
-5.62416507615
-5.58540126198
-5.53126282237
-5.57083896434
-5.64360626654
-5.65469409666
-5.71139380418
-5.69700298785
-5.60373582547
-5.49268454498
-5.45872098178
-5.42152203467
-5.44697016717
-5.55491241984
-5.55023844529
-5.58591086048
-5.48773436542
-5.52733039229
-5.59326053921
-5.5562174171
-5.65306093223
-5.65470785316
-5.6206682875
-5.62546208685
-5.64267270199
-5.63991890799
-5.66850974755
-5.65168307556
-5.65419906319
-5.65382006718
-5.67455906952
-5.59510474939
-5.56437096531
-5.56873470599
-5.54385650151
-5.5534940074
-5.48804727562
-5.59965248399
-5.57130006819
-5.50729431783
-5.49643122943
-5.50303291274
-5.54085240329
-5.45711320997
-5.44930997299
-5.40797275765
-5.43051182435
-5.53461196808
-5.57766696494
-5.50594292985
-5.50649518765
-5.47057276364
-5.42701178502
-5.47990934362
-5.49197380214
-5.54957239496
-5.47894325448
-5.56520061959
-5.52322450472
-5.50805088788
-5.51472469131
-5.51773030895
-5.4998846937
-5.50257606555
-5.60081344769
-5.58176095459
-5.51322066043
-5.46458274103
-5.44525740599
-5.42459123451
-5.45956784088
-5.41054990617
-5.56214775254
-5.4490803795
-5.38666125298
-5.55941494431
-5.54918860308
-5.62126895358
-5.58829656287
-5.56531238947
-5.56963045543
-5.54545780852
-5.58359039344
-5.6527443137
-5.5467040053
-5.54033466696
-5.54587860133
-5.57017467254
-5.5507024257
-5.53006221538
-5.62031648701
-5.55019809688
-5.52727755421
-5.48066909275
-5.51345858001
-5.52827079677
-5.52561695119
-5.51051774006
-5.51406848246
-5.49867604043
-5.53155662215
-5.55636454427
-5.58043956412
-5.53990256537
-5.48675546881
-5.59443895254
-5.58463262023
-5.58454213678
-5.48899421917
-5.45688718549
-5.45738226451
-5.49076716667
-5.54352003089
-5.48424332187
-5.48435387767
-5.6416942566
-5.59764296719
-5.59099192059
-5.50141586936
-5.56218933063
-5.58972178265
-5.67853726899
-5.65816235429
-5.62583435126
-5.52722285098
-5.49693259559
-5.2989427358
-5.31262892841
-5.32120265702
-5.3346638622
-5.4495756306
-5.42419741545
-5.28841006317
-5.38127580388
-5.41983464566
-5.50718779578
-5.47182585716
-5.41940741412
-5.50230247721
-5.47426505059
-5.42860096018
-5.44560232047
-5.46497418657
-5.50839681941
-5.53255673959
-5.50690015534
-5.49333886246
-5.35675153668
-5.48661190869
-5.49676996274
-5.40519404785
-5.56066219966
-5.49356971076
-5.54921036934
-5.48580431401
-5.49047609193
-5.57034493045
-5.56627343923
-5.58835305905
-5.49112506005
-5.56244509101
-5.50269545811
-5.44836495793
-5.3609571207
-5.36471127841
-5.39113081938
-5.52636483609
-5.45761319077
-5.45480957408
-5.56043947079
-5.58609784429
-5.56392695652
-5.4520795079
-5.46596731463
-5.55500178861
-5.50597066903
-5.55154976873
-5.71999059673
-5.68784223848
-5.64473426931
-5.61134581485
-5.71643799269
-5.69165322065
-5.65478050866
-5.64620383647
-5.56613767219
-5.52097865498
-5.55072677636
-5.52868206891
-5.48282992073
-5.45512502768
-5.517821598
-5.44849223068
-5.51963313334
-5.51455664002
-5.60947584925
-5.49031081745
-5.5026863582
-5.45532264161
-5.40782787085
-5.48563738566
-5.55720933539
-5.52385047381
-5.5719188443
-5.5132538119
-5.56982091382
-5.47621920771
-5.52557404011
-5.57905026031
-5.58642172407
-5.51104355867
-5.50472571165
-5.46909469562
-5.42248276077
-5.39122058957
-5.46472101106
-5.40836158361
-5.4494229531
-5.48671405019
-5.62971685104
-5.46985871087
-5.47333064951
-5.48941149956
-5.44352366777
-5.44916278398
-5.47720065406
-5.460949944
-5.3825753628
-5.33985543033
-5.4173587884
-5.43029548464
-5.49258154216
-5.48412173098
-5.45672436898
-5.46049343455
-5.37813008422
-5.44834551009
-5.45206297664
-5.29602799986
-5.42010760782
-5.51968088422
-5.56109129209
-5.49115811268
-5.45131306622
-5.54618515036
-5.47330153582
-5.40964716798
-5.48117078361
-5.45119136224
-5.52954608977
-5.43461933349
-5.34680024427
-5.48696327014
-5.43902363417
-5.44935819634
-5.43703610687
-5.38291523947
-5.47204370962
-5.45268194905
-5.46346995509
-5.42537862721
-5.4877779673
-5.44603256979
-5.49934330335
-5.39891158932
-5.45598331431
-5.38220147429
-5.48023653251
-5.50929926744
-5.53409731779
-5.48624269353
-5.50207558449
-5.57294044283
-5.58033187624
-5.55636007175
-5.55830817967
-5.46712647934
-5.41008913934
-5.51487174684
-5.51618148562
-5.37756175786
-5.41297985735
-5.40651230605
-5.44147781071
-5.50093810446
-5.42855443635
-5.39499569353
-5.42413293745
-5.41853351134
-5.43337656667
-5.49249525315
-5.60316205746
-5.56490226912
-5.58970111322
-5.57748739226
-5.65292560092
-5.54597688806
-5.38573763409
-5.44505856527
-5.44760645151
-5.51210467052
-5.54616859742
-5.60386840093
-5.5707477265
-5.58267666739
-5.59223848263
-5.59848169216
-5.59911446457
-5.53445468423
-5.51383043769
-5.44600729021
-5.45593994441
-5.49764759371
-5.47475586529
-5.43118013229
-5.38186168119
-5.42459573175
-5.53729078812
-5.422270526
-5.41779059199
-5.46729716587
-5.40455426107
-5.27834538507
-5.40788639648
-5.42617511727
-5.46528163902
-5.41909584508
-5.49701243586
-5.53636083814
-5.57237611258
-5.47654610719
-5.45005526214
-5.54623249807
-5.58447791687
-5.54119661709
-5.61764156968
-5.61787881144
-5.60013701566
-5.60253289131
-5.60364795358
-5.54187548508
-5.58415782594
-5.67605915505
-5.62471731655
-5.57548733976
-5.65168749883
-5.68640101691
-5.55547749711
-5.56718929964
-5.56050490802
-5.55613688021
-5.5850177057
-5.62151882675
-5.5984178705
-5.57315052693
-5.59151278483
-5.53354792351
-5.56325859736
-5.60684332977
-5.56916975615
-5.58015235827
-5.58414713068
-5.46724606146
-5.49291417067
-5.53980459649
-5.67515027146
-5.52576334536
-5.43286169482
-5.5248233134
-5.51952267184
-5.56245132696
-5.55015943408
-5.47442740011
-5.47825963787
-5.51483230098
-5.59538714148
-5.50839473583
-5.46834871015
-5.46016567844
-5.45143944237
-5.42135547799
-5.49809594998
-5.5347215641
-5.54475028596
-5.55194222456
-5.61257916665
-5.4495700892
-5.43836429037
-5.44878771761
-5.58853399827
-5.63533124108
-5.55883878398
-5.68019823118
-5.51456095518
-5.56658517636
-5.54892075904
-5.4686196508
-5.48486709008
-5.47363740459
-5.59786916739
-5.61613567233
-5.60159346581
-5.65466668239
-5.66487316751
-5.68135541718
-5.68279639326
-5.64114724715
-5.59406491825
-5.56911822818
-5.51997771504
-5.51048511319
-5.42224132854
-5.47856856574
-5.50313078644
-5.51058000218
-5.5313857854
-5.53741569098
-5.50386575739
-5.4385994287
-5.56604268864
-5.65026837691
-5.63729536353
-5.5179057148
-5.54723643009
-5.41051612337
-5.49441650548
-5.47992233122
-5.5491656938
-5.50738868793
-5.57371325032
-5.44408679283
-5.49137535614
-5.60165023754
-5.54339449606
-5.63032514592
-5.6262546002
-5.5602411421
-5.58766530164
-5.51186009846
-5.47750818436
-5.35891362017
-5.36107492236
-5.50888705087
-5.49889221841
-5.51585598415
-5.4519595002
-5.45547936627
-5.63911769786
-5.66313764201
-5.72697457417
-5.71459329263
-5.7094018071
-5.68154139622
-5.68993443664
-5.65123642166
-5.48442995107
-5.54575282324
-5.5047138472
-5.64062538396
-5.58731325606
-5.57022990257
-5.5569491439
-5.54227011299
-5.55796595043
-5.54199101349
-5.53099927382
-5.45897985209
-5.57254921172
-5.47046224471
-5.50535127335
-5.52053857221
-5.54818586735
-5.52437475479
-5.5761979224
-5.62181116073
-5.66652012851
-5.686999733
-5.62064951299
-5.6219098392
-5.70129160818
-5.60058912731
-5.58608666639
-5.48644907793
-5.48672203097
-5.48373769476
-5.40223751626
-5.46972688293
-5.50315725604
-5.47750425819
-5.48603573121
-5.4778445853
-5.43316267691
-5.31830301331
-5.33641364563
-5.37698511076
-5.38284287099
-5.38691483611
-5.50063642795
-5.55161080875
-5.47626904249
-5.48109708155
-5.43959643202
-5.47865387747
-5.44336119855
-5.4892794564
-5.57986101351
-5.55356243841
-5.66552606802
-5.53972385816
-5.47476327275
-5.43731721488
-5.40336792189
-5.31889368929
-5.43605077142
-5.4232959792
-5.38095829189
-5.3576257024
-5.35071301769
-5.41729237825
-5.44066362276
-5.50455177721
-5.46063160565
-5.49311337525
-5.48913838139
-5.40136167706
-5.32493454062
-5.2951858566
-5.42541362276
-5.44500724323
-5.50094752257
-5.55030694303
-5.42746170986
-5.51969919758
-5.49375650129
-5.47119002657
-5.45593962469
-5.47933314759
-5.46426417005
-5.52289004692
-5.52377283831
-5.54718216887
-5.48744749676
-5.49041109489
-5.52686812275
-5.47187338894
-5.49534122748
-5.54652358282
-5.59512170704
-5.61142596257
-5.56490684616
-5.59397954045
-5.53948057112
-5.53829493478
-5.51928849116
-5.47441940547
-5.47943217492
-5.47399607805
-5.40759036642
-5.40987299917
-5.45836772521
-5.42704551152
-5.39800919984
-5.42499085208
-5.42603599124
-5.42195625653
-5.40699508026
-5.45252698875
-5.45757112993
-5.37302916307
-5.47423338837
-5.46498822006
-5.36231874527
-5.41196402707
-5.47501912476
-5.45977512229
-5.57348151107
-5.50252920245
-5.46695067775
-5.45762085214
-5.53040324786
-5.4540736008
-5.47742344262
-5.51437237149
-5.45382774013
-5.4992158481
-5.40888595865
-5.49592873047
-5.50979129536
-5.46068840878
-5.53728323308
-5.50403600227
-5.52944612858
-5.51751372191
-5.52766235522
-5.49184326528
-5.51811875683
-5.481075521
-5.45003710688
-5.37091769373
-5.37121268746
-5.27087569683
-5.28498658832
-5.29902361424
-5.3427639119
-5.33116482917
-5.33960174323
-5.30132006051
-5.41479043178
-5.44707215582
-5.45299086664
-5.38099892017
-5.3602508724
-5.51739998627
-5.36997611584
-5.29834002404
-5.26311257003
-5.33730433773
-5.34665371759
-5.3626245144
-5.28585814539
-5.20104871197
-5.41380348839
-5.42717712977
-5.35163688015
-5.34706687667
-5.34746360657
-5.3594745528
-5.51875996277
-5.48899968597
-5.5105475222
-5.45880838211
-5.46230243876
-5.42257708111
-5.40318931884
-5.43647846911
-5.46448353231
-5.45701618734
-5.50081732146
-5.46793096727
-5.47344865959
-5.5333969351
-5.46433172549
-5.46563664868
-5.41264667658
-5.31397188904
-5.41180162407
-5.58267299688
-5.53830131052
-5.61545564034
-5.49595206066
-5.55479453324
-5.6786962399
-5.62141429966
-5.57059928049
-5.56930935278
-5.43266160444
-5.47861925239
-5.47211222384
-5.398928523
-5.4658614239
-5.57361303735
-5.5727866078
-5.47340587524
-5.49107584328
-5.46177019089
-5.40090777267
-5.41320658416
-5.45799304997
-5.45943981007
-5.51641358273
-5.58007308697
-5.54148912045
-5.43669478474
-5.40174660624
-5.34308968995
-5.32620370325
-5.360203427
-5.40495380697
-5.4358613836
-5.43722958264
-5.33262439181
-5.30645697677
-5.29694404122
-5.31158380182
-5.36989412542
-5.36482217088
-5.31487190703
-5.4067431737
-5.42269450131
-5.38783634527
-5.40999483029
-5.44192392413
-5.43383333208
-5.48189546953
-5.47698083582
-5.55103243892
-5.54784448388
-5.49902038006
-5.48853142756
-5.54155666458
-5.46987519853
-5.4406077382
-5.40402171076
-5.41023835389
-5.50074202166
-5.46133809359
-5.4899389877
-5.46232559592
-5.41220761382
-5.46491894045
-5.43215399053
-5.50498440918
-5.51500344218
-5.43262963956
-5.45286101311
-5.52306496282
-5.48692936006
-5.46259560345
-5.42961798136
-5.43858110219
-5.43345220103
-5.46457739445
-5.45738951423
-5.46325783186
-5.5034770485
-5.57464330286
-5.57979203908
-5.4866581546
-5.49065934245
-5.45747183522
-5.43151519084
-5.50752627906
-5.55061203251
-5.55835104037
-5.51862760846
-5.47063408397
-5.55872713815
-5.44905237977
-5.37012554263
-5.35504166504
-5.5035338001
-5.50708681853
-5.50754099492
-5.56922686223
-5.48269012544
-5.47389979552
-5.47393623204
-5.43184984808
-5.29901312059
-5.31914754696
-5.33917745422
-5.3360023409
-5.37033356978
-5.43020583282
-5.49767254917
-5.47680303328
-5.49440577342
-5.36027609235
-5.40229618731
-5.43188824394
-5.3891290363
-5.37958788163
-5.35564577291
-5.26977394487
-5.35308070364
-5.32054681989
-5.38510224956
-5.37364406598
-5.35273190064
-5.30446889908
-5.19870464088
-5.23544171732
-5.33239575404
-5.40100536297
-5.46803862249
-5.43227403517
-5.57662009089
-5.4929020102
-5.46586298527
-5.49265084312
-5.4523342561
-5.52106258424
-5.54168420391
-5.47746922607
-5.59327087958
-5.58154218534
-5.55914286818
-5.56592135673
-5.43984124477
-5.46337574069
-5.48608380425
-5.42085311348
-5.49495783903
-5.42312737112
-5.383835608
-5.42558698695
-5.57954752542
-5.48229697662
-5.48985429226
-5.40185669081
-5.46444667641
-5.47358333266
-5.49026650943
-5.52548889857
-5.54730627509
-5.53122682436
-5.49542444889
-5.41801972638
-5.39008799139
-5.53052316248
-5.44841385532
-5.44474825577
-5.35292037435
-5.36586398297
-5.43287823371
-5.39741568214
-5.35240066398
-5.29062672864
-5.3702073499
-5.34402700087
-5.39514841686
-5.57414059938
-5.57318998712
-5.4969109633
-5.48390399157
-5.51522719635
-5.42933759675
-5.42644832283
-5.35826562522
-5.47736574141
-5.49938382335
-5.42262588536
-5.3886587785
-5.39766228823
-5.46589157599
-5.55611360458
-5.47702800708
-5.43442468685
-5.44052819432
-5.43554792427
-5.44897919911
-5.39141738451
-5.40388853621
-5.32196429534
-5.39418074647
-5.45881439318
-5.392614756
-5.41306371895
-5.28865570183
-5.38164757563
-5.44566311074
-5.41403693779
-5.44859614498
-5.4391996159
-5.48064884696
-5.42078067698
-5.47411815223
-5.54071910477
-5.5121215122
-5.50366127053
-5.455518968
-5.4704571295
-5.44836187772
-5.55248624054
-5.50944477923
-5.46861055815
-5.51229985732
-5.47967554428
-5.52171862615
-5.43344182841
-5.39949414351
-5.45855688619
-5.50517290744
-5.46398313784
-5.4436263276
-5.47723212019
-5.42847606853
-5.36087984453
-5.47097193947
-5.61033688799
-5.61031352845
-5.63045919075
-5.66226685178
-5.51557179422
-5.5170898706
-5.60289302528
-5.63327112692
-5.59606466835
-5.58706319327
-5.60044709774
-5.54120853907
-5.53749282359
-5.52963587218
-5.42293724499
-5.42564929549
-5.39449526465
-5.41204147399
-5.45011035373
-5.4515628651
-5.45961720379
-5.35299187877
-5.41820251025
-5.33846319445
-5.36754247452
-5.45787901225
-5.42696663981
-5.50361756771
-5.38113002363
-5.33017211816
-5.31671518238
-5.33060011304
-5.27441077149
-5.15248629624
-5.15024378766
-5.20894403237
-5.2284203387
-5.2735700198
-5.30739570923
-5.41695372743
-5.44327649678
-5.41507703575
-5.38221900481
-5.45307189844
-5.47448518215
-5.48405154573
-5.3926089479
-5.37286370329
-5.3318727517
-5.33129727027
-5.37348946862
-5.36513111753
-5.33729950534
-5.4131770591
-5.40247494347
-5.29074253447
-5.32381158856
-5.44997584841
-5.39565170261
-5.39563645501
-5.43947819238
-5.36484261928
-5.2879066342
-5.32970614068
-5.29502126697
-5.34903320172
-5.38868952127
-5.4261346831
-5.48591867646
-5.47849239161
-5.42298014482
-5.34445004777
-5.33818272185
-5.30092818686
-5.2671735954
-5.32681855995
-5.34128717912
-5.31260398603
-5.17337419968
-5.17225863719
-5.20581268635
-5.24488362633
-5.34790867777
-5.40524367959
-5.38380858699
-5.47541620646
-5.45093661656
-5.42573962816
-5.42070757661
-5.38647358147
-5.32912736946
-5.33935750539
-5.4347890093
-5.41080417479
-5.42468241602
-5.46412354088
-5.50288505879
-5.45605113883
-5.42446179366
-5.52902834584
-5.52463395903
-5.51485882933
-5.47339883651
-5.51589265783
-5.60203950285
-5.58058118191
-5.57403226998
-5.53916645946
-5.3978496454
-5.38349414072
-5.36179954679
-5.47944612344
-5.56582591964
-5.4758842091
-5.52827682507
-5.50380936244
-5.48333420341
-5.48863090554
-5.44633881146
-5.46974314355
-5.45987455889
-5.50476477157
-5.38103158747
-5.33101868534
-5.33817045321
-5.3241202767
-5.26326572778
-5.27869756248
-5.24958992211
-5.32005559048
-5.39732589701
-5.53092135216
-5.53482301909
-5.49423362145
-5.55454248625
-5.54867547347
-5.46470987762
-5.44950981054
-5.45482130379
-5.40869397825
-5.35751490777
-5.4287264227
-5.42871764707
-5.31227574628
-5.23605194707
-5.19485797131
-5.26369081781
-5.36343375137
-5.35407051962
-5.35284980654
-5.33162150046
-5.39987861566
-5.44672461253
-5.45286998456
-5.48332510188
-5.51443605187
-5.56153878981
-5.60603679864
-5.58995272512
-5.58265530341
-5.55877471748
-5.56896041814
-5.54833416453
-5.49315595755
-5.45377598688
-5.49065846205
-5.51948464258
-5.46522261592
-5.48267810913
-5.40143750564
-5.30593749158
-5.23666670118
-5.27096497233
-5.3195934924
-5.34671354691
-5.35342803815
-5.36438882898
-5.43688677185
-5.33703006897
-5.3306573662
-5.3829589891
-5.45134579809
-5.40995239182
-5.39086489973
-5.40952560614
-5.36606599942
-5.43038547631
-5.43572666452
-5.39337740136
-5.41860179969
-5.35985162377
-5.39038084725
-5.47067740278
-5.46691656305
-5.48499538451
-5.45516828053
-5.50922048541
-5.57260555079
-5.51934847967
-5.50063034072
-5.45763543892
-5.57854549039
-5.55975137977
-5.55687894862
-5.45950014815
-5.52899158949
-5.47018031742
-5.49005091442
-5.39970155146
-5.37064426091
-5.42271545318
-5.47395523645
-5.59271413281
-5.56515479575
-5.60682674154
-5.53365307729
-5.52875821024
-5.50721580237
-5.49586676637
-5.48468419723
-5.54758838462
-5.55141941896
-5.45334318729
-5.4764269907
-5.36239910419
-5.36440383162
-5.2842335936
-5.36348263659
-5.43682922303
-5.3526906537
-5.3464995529
-5.39825905478
-5.30902333577
-5.34191077393
-5.32151927134
-5.30720131397
-5.3684338132
-5.24325634067
-5.24500481223
-5.27322013304
-5.18243403194
-5.13224691434
-5.20040640119
-5.17958778902
-5.24762671475
-5.14867208947
-5.08977734657
-5.0151628464
-5.05094159177
-5.16622653188
-5.10395649503
-5.17750348273
-5.22182460124
-5.34632569446
-5.29918137146
-5.33803612234
-5.36372613072
-5.42417079771
-5.43706300866
-5.46209380386
-5.46608052719
-5.42717532521
-5.41668290626
-5.52879941247
-5.52563702666
-5.51598560234
-5.47826309933
-5.41384080232
-5.3936066371
-5.41214689411
-5.46254860307
-5.43358085467
-5.4939666203
-5.49016817592
-5.5599961508
-5.52644855227
-5.5240754644
-5.48351778606
-5.59247175589
-5.54288185364
-5.54749158157
-5.53641171693
-5.46562829961
-5.43777704416
-5.58226185869
-5.52947840465
-5.49408327619
-5.45690604696
-5.40954167439
-5.39586222204
-5.42558146662
-5.47207251138
-5.55692434385
-5.50384299371
-5.48021938527
-5.49130108302
-5.50220056077
-5.43498392638
-5.54128030835
-5.53283564055
-5.55911706849
-5.60400493722
-5.55071448874
-5.56894766345
-5.49564106299
-5.47414917054
-5.45564066834
-5.49924546188
-5.55123195842
-5.51173800476
-5.52153901707
-5.39496550149
-5.35466688699
-5.4324470269
-5.44091059278
-5.54320712285
-5.36566982295
-5.37826378244
-5.30677272403
-5.17760785394
-5.23269699448
-5.33357789027
-5.30278295012
-5.32249533963
-5.35442974169
-5.43816383178
-5.53684461734
-5.42408963594
-5.29746432548
-5.31019126475
-5.24051617944
-5.24132976775
-5.2351587849
-5.39656628329
-5.43812770675
-5.39929680407
-5.48125036147
-5.49028130647
-5.50366299075
-5.49440531763
-5.47091305336
-5.41470038176
-5.47559987974
-5.43382993706
-5.46884927216
-5.4232309584
-5.44723850766
-5.47997111841
-5.50677631866
-5.56803195127
-5.44852670085
-5.39374862054
-5.45693854683
-5.45668594953
-5.34740211835
-5.45303080612
-5.56340767373
-5.55478180913
-5.52249601681
-5.52621381365
-5.451459304
-5.54530291872
-5.52807452623
-5.58828668424
-5.46126801454
-5.5141901981
-5.39402097376
-5.41335638509
-5.48179345019
-5.40515557188
-5.38001517444
-5.42853605363
-5.47783153531
-5.48406063199
-5.41237205899
-5.44670102568
-5.40938868921
-5.45169379376
-5.39008474346
-5.31270820701
-5.36467592812
-5.37940395401
-5.39329188203
-5.49474983805
-5.46094233911
-5.49130014411
-5.45095981681
-5.43949634779
-5.4973655671
-5.50803173286
-5.51306928136
-5.40040703124
-5.43276306072
-5.42107653178
-5.41905197988
-5.30559674497
-5.25758277898
-5.38270325495
-5.34082825049
-5.31277422525
-5.37533840117
-5.36181482801
-5.37205981389
-5.35824134544
-5.343477676
-5.4835821514
-5.45354252588
-5.42891109408
-5.44605553267
-5.43452433021
-5.3670913688
-5.46945001783
-5.46618429274
-5.38614499738
-5.48465326237
-5.52554267879
-5.50422436352
-5.52254582314
-5.52012411463
-5.60361690466
-5.63828887165
-5.6482963454
-5.63345613234
-5.56559192864
-5.68687502289
-5.67979516601
-5.59969403617
-5.58225768399
-5.55450020205
-5.53972028618
-5.56858781259
-5.62168748334
-5.70506069341
-5.71650574288
-5.58341932221
-5.58326944765
-5.61081813196
-5.58758330733
-5.55168587544
-5.63477798428
-5.58178319944
-5.63863500105
-5.64927649531
-5.57225707677
-5.61142581996
-5.67639687006
-5.56359681279
-5.64500256537
-5.6214278089
-5.64328811307
-5.61110566515
-5.64583304152
-5.64479676883
-5.55388585085
-5.4588824357
-5.42344568225
-5.35843765345
-5.35023771976
-5.38331127407
-5.34284539397
-5.44691702786
-5.36325109706
-5.40898367106
-5.48990266684
-5.54563829171
-5.55732796876
-5.52988890463
-5.53591745314
-5.51747937771
-5.55855555582
-5.50216572874
-5.46254578151
-5.52117420451
-5.48592682253
-5.52936332264
-5.43843874651
-5.43133502351
-5.46277247874
-5.47838856322
-5.52341022037
-5.51651381375
-5.49175334569
-5.52171430314
-5.42056819579
-5.4909482917
-5.44693190047
-5.4753253349
-5.5366581537
-5.42756532092
-5.52527969936
-5.54474448264
-5.61231211898
-5.58847219983
-5.53856108672
-5.46514193363
-5.57452651782
-5.61937641021
-5.59385947952
-5.62300961271
-5.53626870817
-5.55878724899
-5.58223144318
-5.64444169278
-5.62788806581
-5.60232976604
-5.57070197428
-5.56545304134
-5.54819235915
-5.55906593014
-5.66052206802
-5.67135342434
-5.68893672978
-5.71507312282
-5.68833857568
-5.70939678021
-5.6966796127
-5.64195539152
-5.6292710774
-5.54465200667
-5.4574262359
-5.4765505848
-5.49697824487
-5.47830952169
-5.44137295968
-5.49402718365
-5.48331325237
-5.42682984688
-5.45095452178
-5.46258304775
-5.48308261272
-5.45843213599
-5.47042435404
-5.54428881088
-5.64642087488
-5.49614143205
-5.53420133227
-5.48918259617
-5.50747385131
-5.44798106269
-5.4770913741
-5.51161186197
-5.52249842263
-5.47389232507
-5.42090069352
-5.37629488688
-5.37948339173
-5.3765951454
-5.47912031539
-5.5440702497
-5.40741011749
-5.4795813527
-5.4515995374
-5.5391324914
-5.60177376971
-5.5296419584
-5.49563906508
-5.58897910296
-5.62676519577
-5.66454359368
-5.62531413001
-5.6413868359
-5.59957514548
-5.64471096732
-5.6877626397
-5.71001225161
-5.66861009703
-5.67052456982
-5.62162613471
-5.70224279938
-5.66996570691
-5.6264025199
-5.53831571284
-5.54679978374
-5.43556412528
-5.44872845261
-5.50981131381
-5.46362444396
-5.44273505948
-5.3431126593
-5.33322521496
-5.32884386185
-5.39006197095
-5.40866099983
-5.39504049846
-5.45094861102
-5.45316830686
-5.5462247365
-5.52052677776
-5.40006281523
-5.40591502481
-5.4661235369
-5.39665595638
-5.47284331894
-5.44019161999
-5.50053128158
-5.58797257454
-5.61475672148
-5.63649466341
-5.61246910151
-5.66956918803
-5.59898107196
-5.74746169397
-5.63080038007
-5.59362158922
-5.54547497467
-5.54339318233
-5.5017955663
-5.55922718482
-5.56067858338
-5.59293303529
-5.6446044201
-5.54344092946
-5.43606738038
-5.51506930702
-5.55363199879
-5.48595942601
-5.56871942239
-5.43695744359
-5.46457127568
-5.45784152091
-5.49160397127
-5.54228314543
-5.52457955344
-5.54078552192
-5.53682870793
-5.5587598328
-5.49466906647
-5.39542650214
-5.36102503317
-5.35515003983
-5.44228871373
-5.5420892225
-5.5182791755
-5.50355623067
-5.43098278764
-5.43409990498
-5.46201454313
-5.4430603301
-5.44037907302
-5.54328963592
-5.55109021296
-5.59139319729
-5.63129411329
-5.62813349532
-5.57980216504
-5.61320065482
-5.63635976283
-5.58719868945
-5.58677698101
-5.54100745053
-5.39474358877
-5.30720968696
-5.42933410215
-5.38935129023
-5.43658318548
-5.45943947528
-5.52326638927
-5.53299262314
-5.47682177287
-5.52064901947
-5.5113993083
-5.60846660147
-5.62335055433
-5.65998998952
-5.58497434461
-5.56346576361
-5.56217258898
-5.64433669682
-5.63069038683
-5.5980387485
-5.58771224496
-5.54658021542
-5.46263611357
-5.43207925741
-5.43184544167
-5.43761718392
-5.46358376418
-5.51188756579
-5.52557182203
-5.56854398493
-5.43101108663
-5.55066093313
-5.50198108085
-5.51396033348
-5.47373808209
-5.44271878653
-5.45755558164
-5.45805148867
-5.46081941081
-5.45862732983
-5.52406139935
-5.4406937544
-5.56547267663
-5.52606783916
-5.56879342323
-5.60666614825
-5.54599356444
-5.40608043212
-5.3922809747
-5.43436369569
-5.53047553913
-5.48331140949
-5.48475079191
-5.42779322414
-5.38702335352
-5.43720858618
-5.35055555241
-5.26771865476
-5.2513746885
-5.49881899157
-5.51423442991
-5.53397999492
-5.51409039234
-5.50685205422
-5.35976173895
-5.33598593093
-5.40571875211
-5.49625658142
-5.55559641716
-5.49745877533
-5.29629961324
-5.41290135232
-5.33804425107
-5.29253916082
-5.28066600476
-5.34293054869
-5.30231539749
-5.41872811741
-5.33370154273
-5.23848859493
-5.18434422546
-5.19216648856
-5.34187628901
-5.35240058867
-5.41351604637
-5.31557086375
-5.34818546521
-5.3096341026
-5.40145275549
-5.39129862895
-5.34180359884
-5.45831420468
-5.43258329463
-5.50205059719
-5.51199428743
-5.56850283946
-5.58604909899
-5.58854028447
-5.573810198
-5.53842604618
-5.55602554044
-5.54535145205
-5.54138743283
-5.38701151991
-5.43920093069
-5.45621730204
-5.5036616413
-5.45676902885
-5.43049259763
-5.47186949818
-5.47823375798
-5.45943092188
-5.48540950872
-5.45345682106
-5.43126504962
-5.42918576884
-5.44721088602
-5.50388295073
-5.51320303398
-5.56563312795
-5.57041132372
-5.62661592815
-5.5989993445
-5.59260382673
-5.52445071395
-5.53630214863
-5.49314203096
-5.57799516453
-5.47904404462
-5.43545797626
-5.43658928824
-5.36987207778
-5.4033173799
-5.52730448959
-5.55276996339
-5.55510537608
-5.45919099142
-5.4238112127
-5.57657223597
-5.56631521625
-5.55763483739
-5.54430402451
-5.4546015321
-5.46850152783
-5.53091393792
-5.51488216314
-5.41496584599
-5.43505370721
-5.45125870481
-5.47487321314
-5.51538344949
-5.40423451977
-5.43030560037
-5.4346816563
-5.43155872389
-5.48714268727
-5.52581301876
-5.48412936802
-5.55252615765
-5.5638769452
-5.42758903379
-5.52879817868
-5.5078756818
-5.4319776663
-5.44243790232
-5.48112008619
-5.45139925582
-5.61187941479
-5.64126259411
-5.6994474618
-5.61393431887
-5.62293006647
-5.69064404232
-5.663513823
-5.66769314383
-5.66779101347
-5.65501599367
-5.70074951571
-5.61237452089
-5.50536572763
-5.41546535748
-5.48885740525
-5.51005215205
-5.47552410224
-5.49631193465
-5.51950876557
-5.50667151816
-5.54657967119
-5.42533337787
-5.42526494117
-5.58160321514
-5.47400995044
-5.42339250851
-5.56402499593
-5.55001501801
-5.53704320339
-5.47564189045
-5.52844808175
-5.53434702134
-5.5404729413
-5.54732984697
-5.46970443765
-5.44678965458
-5.41979254944
-5.33168929168
-5.39159419723
-5.39313398659
-5.33199858357
-5.35607555979
-5.34226698609
-5.39217476945
-5.34220548616
-5.38247724154
-5.34575516648
-5.38853670417
-5.28500197736
-5.25558677088
-5.22320111476
-5.27614709249
-5.2819851181
-5.22981525801
-5.24133894208
-5.08186674344
-5.04690588443
-5.05429841735
-5.14118144686
-5.19914516845
-5.28250072273
-5.27516013232
-5.32725271723
-5.31323915528
-5.38513417978
-5.30288826374
-5.32636072873
-5.39210944815
-5.40855488539
-5.42552673479
-5.4650025265
-5.44598611653
-5.28470807592
-5.29856451441
-5.33917118078
-5.41975134492
-5.47475202668
-5.47073606885
-5.41327144718
-5.45108391802
-5.55616851143
-5.46643473332
-5.46869944414
-5.4908010572
-5.48559619947
-5.4534290815
-5.41266330205
-5.40819310792
-5.50138355587
-5.54054653061
-5.50373871896
-5.50143695609
-5.5116278177
-5.51312184658
-5.60337223172
-5.42983244772
-5.43976734059
-5.47457769556
-5.42405396549
-5.34891097625
-5.37589291812
-5.33458954133
-5.4245649784
-5.62635154664
-5.52193927833
-5.47682683006
-5.51327670172
-5.34493743549
-5.37275717939
-5.47220694139
-5.39736227966
-5.44281677755
-5.43494704308
-5.4891049194
-5.46028579853
-5.38770507022
-5.50452558764
-5.51519279852
-5.52966064268
-5.48069911823
-5.51650586223
-5.59384533137
-5.54870718774
-5.53742622431
-5.44827196273
-5.462628523
-5.52297553122
-5.60326379134
-5.65586147739
-5.60896804276
-5.53610446427
-5.47002539718
-5.41770636316
-5.34252150965
-5.42344764189
-5.43434182882
-5.37238701986
-5.36666429708
-5.40982688082
-5.39012480621
-5.38088615074
-5.41464887421
-5.39791266223
-5.4322015941
-5.43253818347
-5.44041336124
-5.36182080495
-5.37702987541
-5.39269806273
-5.47298678192
-5.47016331005
-5.47488265022
-5.49342616427
-5.55588237562
-5.51792533863
-5.51353978188
-5.56398111482
-5.50853518032
-5.52527048609
-5.55002639438
-5.44131064948
-5.45613211801
-5.24107732611
-5.26317708451
-5.29774274958
-5.31318914893
-5.39579927092
-5.36691887779
-5.33088513514
-5.31491031082
-5.31053801856
-5.45618893348
