0.00000000
0.00000000
0.00000000
0.19531196
0.23536394
0.26206526
0.29799985
0.32495080
0.34591265
0.34833861
0.35032349
0.35197755
0.35337715
0.36574898
0.37647124
0.38585322
0.39413143
0.40148985
0.40807369
0.41399915
0.42773338
0.46784173
0.50446240
0.51859148
0.54937082
0.56718624
0.58368200
0.59899949
0.61812118
0.63474963
0.65063382
0.66552526
0.69762365
0.72783389
0.74910336
0.77308127
0.79576307
0.81725109
0.83763716
0.84703087
0.85596635
0.87677343
0.89661274
0.91555026
0.94354727
0.96386317
0.97854821
0.99245094
1.00578622
1.01392927
1.02400443
1.03369208
1.04301416
1.05199098
1.05509814
1.03924595
1.02394997
1.00918144
1.00984396
1.01267394
1.01541114
1.01806005
1.02062486
1.02310952
1.02905067
1.03481178
1.04040092
1.04017144
1.03577165
1.03703510
1.04009446
1.04306885
1.03884579
1.03473688
1.03252452
1.03037037
1.02827218
1.02622779
1.02423516
1.02229234
1.02190826
1.02153355
1.02116787
1.02081090
1.02046232
1.01450366
1.01642907
1.01831072
1.01214692
1.00612009
1.00022572
1.00372958
1.00540827
1.00150940
0.99769262
0.99395535
0.98986341
0.98585497
0.98192752
0.97807862
0.97430593
0.97060722
0.96750936
0.96447107
0.96071849
0.95703672
0.95342376
0.94987771
0.94639673
0.94297903
0.94465296
0.94629699
0.95340978
0.96124272
0.97355921
0.98556163
0.99735887
1.00895617
1.01655972
1.02403655
1.03138979
1.03630793
1.04114610
1.04590623
1.05059020
1.05879942
1.06211913
1.07125861
1.08171945
1.08210649
1.09461925
1.10259623
1.10283619
1.10307258
1.10568988
1.11030516
1.11485307
1.11933506
1.12375256
1.12841812
1.13301751
1.14136380
1.14991235
1.15742683
1.16136460
1.16319911
1.17270004
1.17979578
1.18762969
1.19535915
1.20298623
1.21051296
1.21419478
1.21934834
1.22443540
1.22677267
1.22908016
1.23135845
1.23360808
1.23552244
1.23741302
1.23928026
1.24112459
1.24788486
1.24945528
1.24831485
1.24718807
1.24588725
1.24460182
1.24333152
1.24207608
1.24083523
1.24046943
1.23491729
1.22942860
1.22400228
1.22126057
1.21894069
1.21664673
1.21437826
1.21183793
1.21002758
1.20823702
1.20646593
1.20733187
1.20841388
1.20948431
1.21054336
1.21159120
1.21262801
1.21528602
1.21791634
1.22051941
1.22309564
1.22307115
1.22304691
1.22302291
1.22412896
1.22522390
1.22531167
1.22556348
1.22581280
1.22605966
1.22557693
1.22509891
1.22462553
1.22641944
1.22835564
1.23027331
1.23143606
1.23258780
1.23372866
1.23564493
1.23950600
1.24501678
1.25113721
1.24980045
1.24745810
1.24513715
1.24569971
1.24919123
1.25265131
1.25608035
1.25791306
1.25890760
1.25717703
1.25546170
1.25376142
1.25207599
1.25040521
1.24595000
1.24153319
1.23969964
1.23616586
1.23266216
1.22918816
1.22574346
1.22232772
1.21987559
1.21744390
1.21503238
1.21347246
1.21251951
1.21157437
1.20944185
1.20732667
1.20522861
1.20255558
1.19990402
1.19674965
1.19571707
1.19469269
1.19570174
1.19880942
1.20299967
1.20715719
1.21231939
1.21467210
1.21623068
1.21777728
1.21774236
1.21770772
1.21767334
1.21634924
1.21503513
1.21373091
1.21210394
1.21445066
1.21677994
1.21941489
1.22246579
1.22549426
1.23019171
1.23300560
1.23579903
1.23957327
1.24315475
1.24607047
1.24896529
1.25006646
1.25115979
1.25224536
1.25303767
1.25382441
1.25441382
1.25499911
1.25558032
1.25615749
1.25673067
1.25711570
1.26218210
1.26721381
1.27221117
1.27589340
1.27955067
1.28196539
1.28352029
1.28506476
1.28787592
1.29626086
1.30459007
1.31286413
1.32108358
1.32734945
1.33173857
1.33497224
1.33818485
1.34504055
1.35257617
1.35884758
1.36480256
1.37036635
1.37589459
1.38038008
1.38383646
1.38352657
1.38321863
1.38291264
1.38260856
1.38230638
1.38200608
1.38177063
1.38153663
1.38130407
1.38287271
1.38524140
1.38759560
1.38950841
1.39091190
1.39230689
1.39318855
1.39406489
1.39384509
1.39467618
1.39550230
1.39758677
1.39965888
1.40171873
1.40460849
1.40779613
1.41144639
1.41507531
1.41764372
1.42019720
1.42130545
1.42224850
1.42318611
1.42411834
1.42346401
1.42249888
1.42153926
1.42108518
1.42063368
1.42012980
1.41962875
1.41913052
1.41932247
1.42147489
1.42361532
1.42321988
1.42282663
1.42188582
1.42095018
1.42001969
1.41769289
1.41537881
1.41307734
1.41078838
1.40851183
1.40624758
1.40399553
1.40175560
1.39952767
1.39750235
1.39548782
1.39348401
1.39149083
1.38950820
1.38753603
1.38613515
1.38425335
1.38238141
1.38051924
1.37866677
1.37807188
1.37728036
1.37649293
1.37577591
1.37576946
1.37576304
1.37535101
1.37677312
1.37818798
1.37959567
1.38099622
1.38238971
1.38213412
1.38063086
1.37913513
1.37793865
1.37768553
1.37702930
1.37637633
1.37572658
1.37508005
1.37443670
1.37420647
1.37397736
1.37374938
1.37352250
1.37329673
1.37259536
1.37189738
1.37120277
1.37051151
1.36982357
1.36913893
1.36845757
1.36777946
1.36710458
1.36740792
1.36618905
1.36466390
1.36314594
1.36186469
1.36058947
1.35932021
1.35805689
1.35679945
1.35554787
1.35430209
1.35225573
1.35021882
1.35017427
1.35012991
1.35008576
1.34984903
1.34961338
1.34937880
1.34941262
1.34944629
1.34879529
1.34814724
1.34750210
1.34562982
1.34376594
1.34191039
1.34071104
1.34093333
1.34112985
1.34132550
1.34152028
1.34171420
1.34190727
1.34209949
1.34223440
1.34236873
1.34184427
1.34132210
1.34080220
1.34028456
1.33976916
1.33925598
1.33952614
1.33979514
1.34006298
1.34032967
1.34059523
1.34085965
1.33973441
1.33861394
1.33864383
1.33867359
1.33870323
1.33873274
1.33752546
1.33706287
1.33660223
1.33465470
1.33271530
1.33078396
1.32886063
1.32694526
1.32503781
1.32313823
1.32124646
1.31936246
1.31748618
1.31673039
1.31590380
1.31526384
1.31462649
1.31399173
1.31445323
1.31332219
1.31219572
1.31140568
1.31061882
1.31006744
1.30951827
1.30897130
1.30842650
1.30950619
1.31058159
1.31165272
1.31271963
1.31378233
1.31439315
1.31500157
1.31401492
1.31303213
1.31205317
1.31051077
1.30897438
1.30750901
1.30604932
1.30459528
1.30324978
1.30337969
1.30255763
1.30173874
1.30088460
1.30003373
1.29863027
1.29723216
1.29583937
1.29445186
1.29306961
1.29169259
1.29030924
1.28922004
1.28941697
1.28961318
1.28892462
1.28701855
1.28511960
1.28433456
1.28447289
1.28461072
1.28474803
1.28488483
1.28527775
1.28542379
1.28600376
1.28527754
1.28455399
1.28481197
1.28506900
1.28721962
1.28936242
1.29149745
1.29319878
1.29504057
1.29718984
1.30006373
1.30272011
1.30561018
1.30807769
1.31050646
1.31324392
1.31597163
1.31908374
1.32218481
1.32527487
1.32714123
1.32900099
1.33180394
1.33457982
1.33785532
1.34111933
1.34407248
1.34637207
1.35003864
1.35326360
1.35597157
1.35783233
1.35983618
1.36183309
1.36403877
1.36514948
1.36617475
1.36719650
1.36672911
1.36646051
1.36612648
1.36579359
1.36546183
1.36455318
1.36431134
1.36297825
1.36164967
1.36032557
1.35900594
1.35769076
1.35637999
1.35664398
1.35690709
1.35716931
1.35756705
1.35597458
1.35438742
1.35325237
1.35212108
1.35290827
1.35369286
1.35500324
1.35630931
1.35761107
1.35702347
1.35643780
1.35652093
1.35805302
1.35872375
1.35939230
1.36006840
1.36074231
1.36097566
1.36120824
1.36144008
1.36009370
1.35875167
1.35710336
1.35546034
1.35481890
1.35417951
1.35395138
1.35372398
1.35349729
1.35327133
1.35385423
1.35388242
1.35397458
1.35406646
1.35415804
1.35424933
1.35434034
1.35525508
1.35616696
1.35659832
1.35794630
1.36075027
1.36354551
1.36633205
1.36910994
1.37187921
1.37470341
1.37591379
1.37712044
1.37832337
1.37787606
1.37743013
1.37642005
1.37673119
1.37667713
1.37662323
1.37596552
1.37593024
1.37589506
1.37463182
1.37351477
1.37240109
1.37129078
1.37018382
1.36908019
1.36799249
1.36774000
1.36862182
1.37031500
1.37172148
1.37367456
1.37562182
1.37662089
1.37761698
1.37813383
1.37864914
1.38054002
1.38129227
1.38204229
1.38279011
1.38187092
1.38086211
1.37985627
1.37861240
1.37737217
1.37613557
1.37490256
1.37367315
1.37246608
1.37126251
1.37006243
1.36924719
1.36843430
1.36762376
1.36678838
1.36595541
1.36512483
1.36429663
1.36347081
1.36256809
1.36166794
1.36077037
1.35987535
1.35898288
1.35809295
1.35720554
1.35632064
1.35614746
1.35597477
1.35580257
1.35563085
1.35520052
1.35477139
1.35434347
1.35551636
1.35668598
1.35838265
1.36036844
1.36202345
1.36419051
1.36635155
1.36866731
1.37128027
1.37439069
1.37749252
1.38058580
1.38427365
1.38799979
1.39199183
1.39597291
1.39966336
1.40334372
1.40734705
1.41131820
1.41442352
1.41752039
1.42060884
1.42327594
1.42593581
1.42858848
1.42975970
1.42958723
1.42907303
1.42856022
1.42848012
1.42840024
1.42693095
1.42546559
1.42400414
1.42254661
1.42109295
1.41964317
1.41819725
1.41675516
1.41531690
1.41466783
1.41483477
1.41446472
1.41477485
1.41508416
1.41539266
1.41487188
1.41435246
1.41383441
1.41331771
1.41306963
1.41243021
1.41179245
1.41115635
1.41052190
1.40988910
1.40871094
1.40753584
1.40636377
1.40519473
1.40402871
1.40286569
1.40170567
1.40054863
1.39939456
1.39846602
1.39735152
1.39623988
1.39500228
1.39376785
1.39253656
1.39130840
1.39008336
1.38886143
1.38794877
1.38704506
1.38614363
1.38524447
1.38434759
1.38329763
1.38225031
1.38120563
1.38000729
1.37881196
1.37870337
1.37809982
1.37749776
1.37618534
1.37487619
1.37357029
1.37226763
1.37096821
1.36967201
1.36837902
1.36708922
1.36580261
1.36451917
1.36323889
1.36196176
1.36068777
1.35941691
1.35814916
1.35688452
1.35562296
1.35436449
1.35368775
1.35301267
1.35233922
1.35166742
1.35099724
1.35142870
1.35233337
1.35323587
1.35450933
1.35711897
1.35972233
1.36250826
1.36526196
1.36753330
1.37072953
1.37193156
1.37243423
1.37296138
1.37348726
1.37401189
1.37483136
1.37564887
1.37658840
1.37790496
1.37945698
1.38100532
1.38258309
1.38415755
1.38579380
1.38742620
1.38905475
1.39166860
1.39427631
1.39687790
1.39915059
1.40141796
1.40418443
1.40694445
1.40969803
1.41129691
1.41289207
1.41373681
1.41457958
1.41505683
1.41553298
1.41567971
1.41575937
1.41583885
1.41520499
1.41457258
1.41394163
1.41323796
1.41253591
1.41203288
1.41153100
1.41120231
1.41092654
1.41065140
1.41037689
1.41037287
1.41047153
1.41056997
1.41072904
1.41088775
1.41113629
1.41111229
1.41108834
1.41113921
1.41072401
1.41030975
1.40989642
1.41051817
1.41126170
1.41200357
1.41274379
1.41447197
1.41668946
1.41850547
1.42228635
1.42534198
1.42834577
1.43121046
1.43344725
1.43551990
1.43758796
1.43948157
1.44162008
1.44272580
1.44264723
1.44330242
1.44324367
1.44364703
1.44405606
1.44446420
1.44361947
1.44388152
1.44270858
1.44153819
1.44055892
1.43958178
1.43861271
1.43764574
1.43744153
1.43742120
1.43769728
1.43797277
1.43880585
1.43951135
1.44021532
1.44009877
1.43998248
1.43986643
1.43998338
1.44009705
1.43979726
1.43949812
1.43919961
1.43893450
1.43866996
1.43859691
1.43852401
1.43765040
1.43677866
1.43590876
1.43534071
1.43477387
1.43420822
1.43364377
1.43308051
1.43283953
1.43228164
1.43172493
1.43118640
1.43064901
1.43011273
1.42957759
1.42994222
1.43030609
1.42950862
1.42871281
1.42808499
1.42745847
1.42683325
1.42550819
1.42418588
1.42286630
1.42154946
1.42023534
1.41892394
1.41840682
1.41789077
1.41757940
1.41865409
1.41924106
1.41982682
1.42041138
1.42040227
1.42039318
1.41986363
1.42014016
1.42060408
1.42106706
1.42166384
1.42225942
1.42285378
1.42335504
1.42385528
1.42435452
1.42485274
1.42534995
1.42584616
1.42634136
1.42683557
1.42618767
1.42554107
1.42489796
1.42423822
1.42357981
1.42292271
1.42226694
1.42161247
1.42095931
1.42070997
1.42072184
1.42038495
1.42004405
1.42092605
1.42180629
1.42268479
1.42356154
1.42443656
1.42530984
1.42618141
1.42669249
1.42743962
1.42860482
1.42976772
1.43092834
1.43288525
1.43437956
1.43587095
1.43735941
1.43828741
1.43903757
1.43903302
1.43832733
1.43762301
1.43692006
1.43612935
1.43601412
1.43619466
1.43615815
1.43614378
1.43571183
1.43494963
1.43418890
1.43373682
1.43328560
1.43334780
1.43301997
1.43323509
1.43344979
1.43419302
1.43549939
1.43680326
1.43673227
1.43653057
1.43584657
1.43587690
1.43590716
1.43593737
1.43596753
1.43599762
1.43560938
1.43531133
1.43501384
1.43471692
1.43442056
1.43408397
1.43357937
1.43311795
1.43218755
1.43238816
1.43299984
1.43361036
1.43318063
1.43275171
1.43195652
1.43116282
1.43081403
1.43057499
1.43033640
1.43009825
1.42998964
1.42953292
1.42907705
1.42862203
1.42816785
1.42835478
1.42854136
1.42872759
1.42911469
1.42950108
1.42988675
1.43027171
1.43085928
1.43081102
1.43057126
1.43033194
1.43009306
1.42985461
1.42944312
1.42971765
1.42999167
1.43049563
1.43078786
1.43137002
1.43179313
1.43221547
1.43263704
1.43216584
1.43169550
1.43122602
1.43075738
1.43028960
1.42982266
1.42959973
1.42953490
1.42937014
1.42920567
1.42904150
1.42887763
1.42850570
1.42826574
1.42802620
1.42831211
1.42879400
1.42823880
1.42768244
1.42677730
1.42587377
1.42497186
1.42407155
1.42320278
1.42233557
1.42207352
1.42181194
1.42164016
1.42192907
1.42211236
1.42229534
1.42247799
1.42236616
1.42225453
1.42177944
1.42130518
1.42081381
1.41986381
1.41891548
1.41796882
1.41702381
1.41608046
1.41513877
1.41419872
1.41326032
1.41232355
1.41138842
1.41045492
1.41017058
1.40986766
1.40939945
1.40898856
1.40857839
1.40816892
1.40762911
1.40712895
1.40627449
1.40542150
1.40456999
1.40371994
1.40287136
1.40202425
1.40117859
1.40033438
1.40059413
1.40062981
1.40087184
1.40143504
1.40261005
1.40371686
1.40519248
1.40666558
1.40857571
1.41019929
1.41119512
1.41218925
1.41318170
1.41427451
1.41549633
1.41687013
1.41797985
1.41908770
1.42095106
1.42279829
1.42501548
1.42611717
1.42721700
1.42831499
1.42936618
1.43041560
1.43114784
1.43187885
1.43260864
1.43287510
1.43317754
1.43347946
1.43378088
1.43346147
1.43314260
1.43342139
1.43369972
1.43397758
1.43405249
1.43374452
1.43329961
1.43285543
1.43263390
1.43241273
1.43219193
1.43197149
1.43215860
1.43234541
1.43253190
1.43271809
1.43309132
1.43346395
1.43376982
1.43407519
1.43438006
1.43468443
1.43517507
1.43566490
1.43615394
1.43647686
1.43679925
1.43739699
1.43723649
1.43707626
1.43688533
1.43669471
1.43671075
1.43672677
1.43674277
1.43661040
1.43649790
1.43684125
1.43714332
1.43795031
1.43875599
1.43909157
1.43943005
1.44059698
1.44088584
1.44117423
1.44096209
1.44075028
1.44053882
1.44062865
1.44068731
1.44265189
1.44461333
1.44657162
1.44852680
1.45009283
1.45165636
1.45259001
1.45352217
1.45445285
1.45536140
1.45626851
1.45743234
1.45909073
1.46202801
1.46603618
1.47021317
1.47438356
1.47854735
1.48252298
1.48600828
1.48948809
1.49321200
1.49693006
1.50058460
1.50383148
1.50685528
1.50925504
1.51168782
1.51357680
1.51538041
1.51634161
1.51688186
1.51735940
1.51783621
1.51831227
1.51932349
1.51979079
1.52025737
1.52072322
1.52140963
1.52242608
1.52342053
1.52441344
1.52540480
1.52639464
1.52692025
1.52744504
1.52715463
1.52730391
1.52777140
1.52767701
1.52798790
1.52863267
1.52928664
1.52993961
1.53059158
1.53124254
1.53141184
1.53158087
1.53231719
1.53305239
1.53354197
1.53403080
1.53456690
1.53510218
1.53479602
1.53449032
1.53418509
1.53388033
1.53357602
1.53327218
1.53296880
1.53266587
1.53202149
1.53142946
1.53083833
1.53008290
1.52932861
1.52879507
1.52826234
1.52792045
1.52757908
1.52723822
1.52689787
1.52655803
1.52621871
1.52583811
1.52545808
1.52507863
1.52469974
1.52448955
1.52358225
1.52267631
1.52177172
1.52086847
1.51996657
1.51906601
1.51816679
1.51726890
1.51637235
1.51547712
1.51458322
1.51369065
1.51279939
1.51190946
1.51145278
1.51079109
1.51013036
1.50947061
1.50881184
1.50815403
1.50749719
1.50696927
1.50644212
1.50591575
1.50539015
1.50486532
1.50434126
1.50381796
1.50329543
1.50277367
1.50225266
1.50173242
1.50121293
1.50069420
1.50001174
1.49987870
1.50002347
1.49951987
1.49901700
1.49851486
1.49801345
1.49751277
1.49701281
1.49651357
1.49601505
1.49551361
1.49501289
1.49451290
1.49401362
1.49334005
1.49266744
1.49199580
1.49132512
1.49065541
1.49017989
1.49000487
1.48983010
1.48965558
1.48918706
1.48914848
1.48852139
1.48771661
1.48691297
1.48611047
1.48535891
1.48501257
1.48466671
1.48432135
1.48408224
1.48332845
1.48318482
1.48299878
1.48281300
1.48285044
1.48274786
1.48264542
1.48264561
1.48253274
1.48183870
1.48157153
1.48130474
1.48096044
1.48061663
1.48027330
1.48019829
1.48012338
1.48004857
1.47992859
1.47980878
1.47925890
1.47870978
1.47855008
1.47839061
1.47817007
1.47794983
1.47792980
1.47790980
1.47788983
1.47786988
1.47784996
1.47783007
1.47766299
1.47775504
1.47736509
1.47697569
1.47658683
1.47619850
1.47603338
1.47586850
1.47668793
1.47777211
1.47821424
1.47865575
1.47900370
1.47901694
1.47944405
1.47987057
1.48046059
1.48111712
1.48210601
1.48296632
1.48315387
1.48326181
1.48353957
1.48381694
1.48409394
1.48437055
1.48464680
1.48492266
1.48491259
1.48484197
1.48440908
1.48397678
1.48354506
1.48311393
1.48268339
1.48225343
1.48133303
1.48078593
1.48023957
1.47969395
1.47914907
1.47900103
1.47926592
1.47953046
1.47955232
1.47957414
1.47918355
1.47921385
1.47924410
1.47933599
1.47942775
1.47952673
1.47962557
1.48039570
1.48115025
1.48157524
1.48199967
1.48212425
1.48231978
1.48251506
1.48271007
1.48254335
1.48226816
1.48149993
1.48073273
1.48073513
1.48114195
1.48134558
1.48168665
1.48202727
1.48242738
1.48305264
1.48367708
1.48468721
1.48583646
1.48748977
1.48930825
1.49127216
1.49320236
1.49513001
1.49691325
1.49864189
1.50001490
1.50138611
1.50275552
1.50400829
1.50483134
1.50565331
1.50663983
1.50738547
1.50813013
1.50942935
1.51061984
1.51153089
1.51244076
1.51302672
1.51344145
1.51355514
1.51337463
1.51319435
1.51315378
1.51389148
1.51431346
1.51491205
1.51550986
1.51610691
1.51670318
1.51729868
1.51797093
1.51864231
1.51994990
1.52125580
1.52274053
1.52406083
1.52537944
1.52674250
1.52791107
1.52906312
1.52989356
1.53063622
1.53137793
1.53207606
1.53277330
1.53346965
1.53398848
1.53450664
1.53535561
1.53618021
1.53708816
1.53800241
1.53873667
1.53952653
1.54021703
1.54053289
1.54096539
1.54153467
1.54201885
1.54197778
1.54193676
1.54164691
1.54143251
1.54121839
1.54126170
1.54130496
1.54106076
1.54081687
1.54044912
1.54008182
1.53971499
1.53938202
1.53904946
1.53871732
1.53844199
1.53774333
1.53704554
1.53634539
1.53564611
1.53512836
1.53508636
1.53495384
1.53494869
1.53473950
1.53448678
1.53457187
1.53465873
1.53474549
1.53507620
1.53540651
1.53562174
1.53583671
1.53605141
1.53626584
1.53648001
1.53635924
1.53623861
1.53611814
1.53599782
1.53587764
1.53575762
1.53539651
1.53526915
1.53514194
1.53481838
1.53449521
1.53417245
1.53385007
1.53327462
1.53269987
1.53212583
1.53168646
1.53124763
1.53080934
1.53039515
1.52998146
1.52956828
1.52890384
1.52824021
1.52757739
1.52768732
1.52745957
1.52719573
1.52693220
1.52666900
1.52640612
1.52585057
1.52529569
1.52474149
1.52412988
1.52351902
1.52290889
1.52229951
1.52169086
1.52108295
1.52047577
1.52027564
1.52026849
1.52026135
1.52025421
1.52024709
1.52023997
1.52047343
1.52070661
1.52093951
1.52117214
1.52091640
1.52068501
1.52045390
1.52022306
1.51999250
1.51999699
1.52000147
1.51992843
1.51950821
1.51929736
1.51908675
1.51869784
1.51855213
1.51838144
1.51821095
1.51771171
1.51781812
1.51824590
1.51861691
1.51898747
1.51935759
1.51958937
1.51982087
1.51952786
1.51918084
1.51883422
1.51825141
1.51766928
1.51708785
1.51697198
1.51687122
1.51677059
1.51667007
1.51664895
1.51662786
1.51660679
1.51622903
1.51557303
1.51491780
1.51457653
1.51454283
1.51433344
1.51412430
1.51419858
1.51435183
1.51450490
1.51465779
1.51514141
1.51500773
1.51487422
1.51474085
1.51431136
1.51375368
1.51365768
1.51356179
1.51338225
1.51320292
1.51267786
1.51215340
1.51162956
1.51110632
1.51084299
1.51070301
1.51047490
1.51024706
1.50989298
1.50927064
1.50864901
1.50818741
1.50763935
1.50709191
1.50654511
1.50599894
1.50545340
1.50490849
1.50436420
1.50382054
1.50327750
1.50273508
1.50219329
1.50187229
1.50155166
1.50139670
1.50097272
1.50059597
1.50021965
1.49998717
1.49966083
1.49901978
1.49857544
1.49813160
1.49768827
1.49724545
1.49680313
1.49636131
1.49591999
1.49547918
1.49531207
1.49497338
1.49463506
1.49419014
1.49374572
1.49357651
1.49370410
1.49354409
1.49334435
1.49314484
1.49294555
1.49273372
1.49252212
1.49231077
1.49209965
1.49188877
1.49134330
1.49079844
1.49019263
1.48958749
1.48898304
1.48837926
1.48777616
1.48739255
1.48700936
1.48684874
1.48668831
1.48667349
1.48694438
1.48758893
1.48783879
1.48808836
1.48794287
1.48779753
1.48743265
1.48706817
1.48670410
1.48652765
1.48635141
1.48617535
1.48563434
1.48509393
1.48455411
1.48418366
1.48381362
1.48344398
1.48307476
1.48270595
1.48233754
1.48196954
1.48210009
1.48223050
1.48236077
1.48276910
1.48326890
1.48376816
1.48407465
1.48464907
1.48491331
1.48517727
1.48544093
1.48570431
1.48575382
1.48611149
1.48616955
1.48628855
1.48624912
1.48620974
1.48617040
1.48604866
1.48592705
1.48580557
1.48560110
1.48539686
1.48481671
1.48409355
1.48337117
1.48330607
1.48324104
1.48317608
1.48350872
1.48384100
1.48413022
1.48412826
1.48435451
1.48414008
1.48398236
1.48393635
1.48437677
1.48477139
1.48516558
1.48545957
1.48534688
1.48523432
1.48512188
1.48512387
1.48512587
1.48491199
1.48467502
1.48433297
1.48399129
1.48364998
1.48330904
1.48305404
1.48279931
1.48263354
1.48246794
1.48206730
1.48166708
1.48126729
1.48086793
1.48042650
1.48071438
1.48092715
1.48095498
1.48098279
1.48101056
1.48082445
1.48032372
1.48043831
1.48055277
1.48034453
1.48013650
1.47992870
1.47972112
1.47951376
1.47946874
1.47927392
1.47907930
1.47860566
1.47813252
1.47765988
1.47714498
1.47663061
1.47612483
1.47582370
1.47574290
1.47594707
1.47607704
1.47633939
1.47660146
1.47686326
1.47712479
1.47738604
1.47755014
1.47771049
1.47790893
1.47810715
1.47830517
1.47850298
1.47912824
1.47919135
1.47925440
1.47933803
1.47942158
1.47950504
1.47958842
1.47967171
1.47975491
1.48002436
1.48029353
1.48056243
1.48083104
1.48052598
1.48022124
1.47991682
1.47964105
1.47936556
1.47909036
1.47881545
1.47854082
1.47826647
1.47860362
1.47874095
1.47887815
1.47890170
1.47866062
1.47841978
1.47822220
1.47845934
1.47928895
1.48022041
1.48114895
1.48207654
1.48289802
1.48370395
1.48451173
1.48523184
1.48625894
1.48677562
1.48729178
1.48775751
1.48822327
1.48842994
1.48863641
1.48885602
1.48926765
1.48942415
1.48958048
1.48972960
1.49012248
1.48963248
1.48946483
1.48913207
1.48879965
1.48846757
1.48813582
1.48780441
1.48757902
1.48735386
1.48712893
1.48690772
1.48668673
1.48672618
1.48662141
1.48653156
1.48637448
1.48621757
1.48606081
1.48551745
1.48497463
1.48452444
1.48407469
1.48362540
1.48317656
1.48289596
1.48261565
1.48233562
1.48205587
1.48177641
1.48120533
1.48063482
1.48006489
1.47949553
1.47892674
1.47835851
1.47779086
1.47722378
1.47665726
1.47623547
1.47581410
1.47539316
1.47497263
1.47455253
1.47413284
1.47371358
1.47329472
1.47324931
1.47320395
1.47323027
1.47325656
1.47310169
1.47294962
1.47338383
1.47352037
1.47362297
1.47368033
1.47373764
1.47379489
1.47387883
1.47400199
1.47397649
1.47407489
1.47452444
1.47497355
1.47544714
1.47583195
1.47646529
1.47695840
1.47745102
1.47767281
1.47777929
1.47768801
1.47759681
1.47737267
1.47714876
1.47692506
1.47688917
1.47685332
1.47690934
1.47658663
1.47626424
1.47594217
1.47562041
1.47529897
1.47497784
1.47467299
1.47436844
1.47406419
1.47376517
1.47346644
1.47316800
1.47286985
1.47257199
1.47262855
1.47255131
1.47240006
1.47224895
1.47207429
1.47219354
1.47227900
1.47236437
1.47244966
1.47253487
1.47247242
1.47255267
1.47263283
1.47271292
1.47279292
1.47266737
1.47243466
1.47220217
1.47196991
1.47170657
1.47144349
1.47110268
1.47087715
1.47065183
1.47033375
1.47001596
1.46969849
1.46938131
1.46906445
1.46874788
1.46843162
1.46811567
1.46780001
1.46785847
1.46790674
1.46786478
1.46782285
1.46778096
1.46770366
1.46762642
1.46717664
1.46672728
1.46645929
1.46619156
1.46592408
1.46565686
1.46538989
1.46512317
1.46485671
1.46457713
1.46429781
1.46401876
1.46373998
1.46346146
1.46318320
1.46290521
1.46262748
1.46235002
1.46207281
1.46179587
1.46151919
1.46110471
1.46072084
1.46036202
1.46007573
1.45978971
1.45950396
1.45921848
1.45893327
1.45875359
1.45823699
1.45783549
1.45750188
1.45716859
1.45683561
1.45650294
1.45617059
1.45587299
1.45557567
1.45512325
1.45467125
1.45421968
1.45376853
1.45343986
1.45311149
1.45278344
1.45245569
1.45225427
1.45205304
1.45185836
1.45154044
1.45122281
1.45130416
1.45093975
1.45057569
1.45039642
1.45021732
1.45000332
1.44997617
1.44994905
1.44969178
1.44969253
1.44969328
1.45000616
1.45031875
1.45088746
1.45145564
1.45213381
1.45247159
1.45263928
1.45280681
1.45297419
1.45314141
1.45359794
1.45379277
1.45393159
1.45407029
1.45441428
1.45486712
1.45568013
1.45634172
1.45700270
1.45734617
1.45768933
1.45833602
1.45906031
1.45978395
1.46050692
1.46131125
1.46211484
1.46291770
1.46371982
1.46442001
1.46525815
1.46609552
1.46694695
1.46779759
1.46864746
1.46901411
1.46938043
1.46974641
1.47022413
1.47041342
1.47060253
1.47079147
1.47098025
1.47132911
1.47154565
1.47176200
1.47170043
1.47163892
1.47150879
1.47137878
1.47124889
1.47111911
1.47056409
1.47000958
1.46973903
1.46915630
1.46857411
1.46799243
1.46775728
1.46752234
1.46738521
1.46724820
1.46711132
1.46697456
1.46662249
1.46623489
1.46584764
1.46550391
1.46518655
1.46486948
1.46450950
1.46414985
1.46400986
1.46397633
1.46376725
1.46364801
1.46380393
1.46395970
1.46411534
1.46427084
1.46442620
1.46451058
1.46445490
1.46441194
1.46446606
1.46452014
1.46457417
1.46465939
1.46474453
1.46504818
1.46531062
1.46557283
1.46567949
1.46581605
1.46596558
1.46611497
1.46626424
1.46644071
1.46661704
1.46679320
1.46696921
1.46706272
1.46715614
1.46729401
1.46743175
1.46773429
1.46785222
1.46758441
1.46731684
1.46704951
1.46726768
1.46752168
1.46757048
1.46748937
1.46749093
1.46749248
1.46749404
1.46764146
1.46778875
1.46793591
1.46808294
1.46822984
1.46829269
1.46835549
1.46836154
1.46836758
1.46837362
1.46837965
1.46791903
1.46789490
1.46787080
1.46784671
1.46773234
1.46741704
1.46710201
1.46678725
1.46647277
1.46615856
1.46583577
1.46551326
1.46519103
1.46486709
1.46435721
1.46384778
1.46333879
1.46308173
1.46282488
1.46256826
1.46231186
1.46214787
1.46198401
1.46182030
1.46177763
1.46173500
1.46169240
1.46164984
1.46160732
1.46139122
1.46117530
1.46088797
1.46060089
1.46060263
1.46060436
1.46041773
1.46012819
1.45983889
1.45954985
1.45926105
1.45897250
1.45868420
1.45839614
1.45810834
1.45782078
1.45753346
1.45724639
1.45711479
1.45707095
1.45687267
1.45676203
1.45677267
1.45678330
1.45679391
1.45697433
1.45714422
1.45731397
1.45748358
1.45757726
1.45785407
1.45777055
1.45768710
1.45760372
1.45752042
1.45743718
1.45735402
1.45727092
1.45728619
1.45739004
1.45749381
1.45716859
1.45684365
1.45674933
1.45665510
1.45656095
1.45652105
1.45648118
1.45624566
1.45618465
1.45590391
1.45562341
1.45534314
1.45509555
1.45484817
1.45448035
1.45411285
1.45374066
1.45337920
1.45307134
1.45276373
1.45245638
1.45214929
1.45184246
1.45176123
1.45167623
1.45159130
1.45150645
1.45142167
1.45117979
1.45081878
1.45045808
1.45009768
1.44973758
1.44937779
1.44904849
1.44871947
1.44839072
1.44806224
1.44762872
1.44727349
1.44691856
1.44656392
1.44659141
1.44661888
1.44659512
1.44657138
1.44639516
1.44638285
1.44637055
1.44596019
1.44585990
1.44568421
1.44551541
1.44534676
1.44506831
1.44479010
1.44451211
1.44423436
1.44395684
1.44367954
1.44335576
1.44303225
1.44279438
1.44255671
1.44246366
1.44237068
1.44238088
1.44239107
1.44240125
1.44226758
1.44214756
1.44250481
1.44286176
1.44303420
1.44286518
1.44267267
1.44272486
1.44280498
1.44306791
1.44333063
1.44350113
1.44367150
1.44393405
1.44390372
1.44378924
1.44367485
1.44356056
1.44340881
1.44318381
1.44299717
1.44281069
1.44278543
1.44274149
1.44269758
1.44265371
1.44296583
1.44327769
1.44361547
1.44395297
1.44429020
1.44437044
1.44426678
1.44421874
1.44441552
1.44440807
1.44443483
1.44443348
1.44451483
1.44459613
1.44467736
1.44483926
1.44497090
1.44507047
1.44516996
1.44563849
1.44610664
1.44657442
1.44704523
1.44751566
1.44805251
1.44818598
1.44829519
1.44815362
1.44799617
1.44783884
1.44799617
1.44815338
1.44820910
1.44831075
1.44841231
1.44851380
1.44861520
1.44871652
1.44906378
1.44941077
1.45004106
1.45067686
1.45124000
1.45180268
1.45201572
1.45222859
1.45244129
1.45265382
1.45286617
1.45307836
1.45329038
1.45350223
1.45357537
1.45384648
1.45411738
1.45438807
1.45465854
1.45489656
1.45512037
1.45522326
1.45532607
1.45508497
1.45484406
1.45509447
1.45534469
1.45559470
1.45521152
1.45482864
1.45444606
1.45406379
1.45387276
1.45369667
1.45352073
1.45355219
1.45358364
1.45361505
1.45364644
1.45367781
1.45414375
1.45507325
1.45610801
1.45719377
1.45790961
1.45837768
1.45884538
1.45931272
1.45977968
1.46024628
1.46052062
1.46060276
1.46068483
1.46059405
1.46050334
1.46041270
1.46002333
1.45999557
1.46044127
1.46087743
1.46127269
1.46163197
1.46218151
1.46265604
1.46297258
1.46327592
1.46333408
1.46354668
1.46375910
1.46385137
1.46394357
1.46403569
1.46412774
1.46421972
1.46461381
1.46500758
1.46540105
1.46613557
1.46656464
1.46700056
1.46753592
1.46827976
1.46902303
1.46934658
1.46966988
1.46996342
1.47042903
1.47083092
1.47129796
1.47136180
1.47142558
1.47148932
1.47155301
1.47161665
1.47156208
1.47146506
1.47136811
1.47127124
1.47117444
1.47107772
1.47088828
1.47070920
1.47056188
1.47041468
1.47026759
1.47004888
1.46983035
1.46946909
1.46928390
1.46908521
1.46912396
1.46929343
1.46957640
1.46978881
1.46989281
1.46999673
1.47009888
1.47020095
1.47030294
1.47089251
1.47148163
1.47204280
1.47291473
1.47367420
1.47442666
1.47541764
1.47655855
1.47747033
1.47818244
1.47889401
1.47970034
1.48021914
1.48079983
1.48138009
1.48195990
1.48253927
1.48328593
1.48379550
1.48399622
1.48423148
1.48446655
1.48496516
1.48550766
1.48639045
1.48748036
1.48869645
1.48974435
1.49052409
1.49132240
1.49212011
1.49262993
1.49313937
1.49361259
1.49384908
1.49397188
1.49409459
1.49434818
1.49447545
1.49460263
1.49472972
1.49494115
1.49504716
1.49515309
1.49522718
1.49538434
1.49550790
1.49528077
1.49499105
1.49470156
1.49441228
1.49412322
1.49383438
1.49334024
1.49284647
1.49235306
1.49185922
1.49136574
1.49087263
1.49037989
1.48988752
1.48939552
1.48890388
1.48841262
1.48792172
1.48760488
1.48736151
1.48716351
1.48721906
1.48727456
1.48733002
1.48751142
1.48751574
1.48710052
1.48682771
1.48655511
1.48648400
1.48627254
1.48597388
1.48567544
1.48543877
1.48503070
1.48462294
1.48431543
1.48400815
1.48370110
1.48339428
1.48301203
1.48269227
1.48237275
1.48205347
1.48173443
1.48141562
1.48109704
1.48099196
1.48088695
1.48078203
1.48047269
1.48016357
1.47985469
1.47954604
1.47923761
1.47880551
1.47838214
1.47795908
1.47770258
1.47744627
1.47719015
1.47693422
1.47682020
1.47684106
1.47686191
1.47688274
1.47651186
1.47614126
1.47582917
1.47551730
1.47523881
1.47496052
1.47469890
1.47465092
1.47452793
1.47473305
1.47493801
1.47504323
1.47520335
1.47536335
1.47565081
1.47551439
1.47537807
1.47517575
1.47487859
1.47458165
1.47447625
1.47434918
1.47422220
1.47409532
1.47377198
1.47344887
1.47312600
1.47280336
1.47248095
1.47215879
1.47183685
1.47157621
1.47124906
1.47092214
1.47059546
1.47026902
1.46989982
1.46953088
1.46960300
1.46940123
1.46919960
1.46899812
1.46879678
1.46859559
1.46847656
1.46823045
1.46798452
1.46773877
1.46749319
1.46724779
1.46693322
1.46678694
1.46664077
1.46626289
1.46588529
1.46582695
1.46576864
1.46571038
1.46565216
1.46559398
1.46553585
1.46522844
1.46518616
1.46515350
1.46520093
1.46521091
1.46508314
1.46487450
1.46466601
1.46461994
1.46457390
1.46452789
1.46448191
1.46443597
1.46439006
1.46434418
1.46429834
1.46452761
1.46486019
1.46526644
1.46567240
1.46607807
1.46648345
1.46697453
1.46746527
1.46821013
1.46895446
1.46969827
1.47044154
1.47110864
1.47183387
1.47273881
1.47354831
1.47421112
1.47492677
1.47530544
1.47560280
1.47593202
1.47619028
1.47644836
1.47660256
1.47669605
1.47678948
1.47666082
1.47653225
1.47673364
1.47693489
1.47705014
1.47716531
1.47721672
1.47726809
1.47745318
1.47745730
1.47752278
1.47760752
1.47769220
1.47770737
1.47772253
1.47773769
1.47775283
1.47776796
1.47815580
1.47852027
1.47882773
1.47911248
1.47937572
1.47953254
1.47953602
1.47953950
1.47948347
1.47931015
1.47919304
1.47894025
1.47868764
1.47843521
1.47818295
1.47778833
1.47764694
1.47741740
1.47737237
1.47713590
1.47689960
1.47691580
1.47693199
1.47701414
1.47717015
1.47752112
1.47786408
1.47842197
1.47897946
1.47953657
1.48006956
1.48060218
1.48113442
1.48153104
1.48192737
1.48250594
1.48303893
1.48349903
1.48395881
1.48461060
1.48510238
1.48559382
1.48612982
1.48632359
1.48635315
1.48607673
1.48580051
1.48552448
1.48517925
1.48487091
1.48456279
1.48432479
1.48407200
1.48381939
1.48368265
1.48354601
1.48360619
1.48359388
1.48367697
1.48381070
1.48394433
1.48377634
1.48360847
1.48344309
1.48327783
1.48305547
1.48283326
1.48261120
1.48238930
1.48216755
1.48194595
1.48173072
1.48151565
1.48132894
1.48114237
1.48098290
1.48084958
1.48071635
1.48101352
1.48118658
1.48135953
1.48153235
1.48174636
1.48196023
1.48217394
1.48189373
1.48189526
1.48189679
1.48195103
1.48200523
1.48194484
1.48173879
1.48140914
1.48136478
1.48132044
1.48158759
1.48179175
1.48195477
1.48211768
1.48228048
1.48243573
1.48288449
1.48321736
1.48343847
1.48365943
1.48388024
1.48422697
1.48457347
1.48495717
1.48547465
1.48605320
1.48688269
1.48772056
1.48837200
1.48902300
1.48916411
1.48930512
1.48922270
1.48908102
1.48893944
1.48879795
1.48872921
1.48859868
1.48846825
1.48809280
1.48771760
1.48734265
1.48696796
1.48659351
1.48621932
1.48584539
1.48547170
1.48509826
1.48472508
1.48435214
1.48397946
1.48376238
1.48342597
1.48308979
1.48307616
1.48306255
1.48304280
1.48302307
1.48305558
1.48308807
1.48312053
1.48292515
1.48272991
1.48253480
1.48233981
1.48214496
1.48196242
1.48178000
1.48159770
1.48141553
1.48123347
1.48105154
1.48086973
1.48070132
1.48053382
1.48036643
1.47999039
1.47961460
1.47923905
1.47886376
1.47848872
1.47820847
1.47792842
1.47790787
1.47788734
1.47771048
1.47745644
1.47720257
1.47714703
1.47709152
1.47736854
1.47764537
1.47801933
1.47837912
1.47873868
1.47909800
1.47937129
1.47982373
1.48021567
1.48073984
1.48126366
1.48178713
1.48231025
1.48263889
1.48286379
1.48287296
1.48285247
1.48271997
1.48258756
1.48245524
1.48293745
1.48328452
1.48353216
1.48388485
1.48423730
1.48458953
1.48489755
1.48555430
1.48586940
1.48618430
1.48623204
1.48599358
1.48575528
1.48595014
1.48646149
1.48697251
1.48738524
1.48779771
1.48820990
1.48841601
1.48849474
1.48857342
1.48870010
1.48886088
1.48902156
1.48895548
1.48871311
1.48844999
1.48825349
1.48818464
1.48787700
1.48756955
1.48734844
1.48712746
1.48709168
1.48704435
1.48691271
1.48678117
1.48664970
1.48650072
1.48667484
1.48684886
1.48702276
1.48713673
1.48715377
1.48717601
1.48705083
1.48689471
1.48680232
1.48671000
1.48656158
1.48641326
1.48607613
1.48589782
1.48588608
1.48587434
1.48575838
1.48553929
1.48527183
1.48505888
1.48484606
1.48499735
1.48495636
1.48487155
1.48481670
1.48493143
1.48507412
1.48515634
1.48523850
1.48533228
1.48560004
1.48586762
1.48610136
1.48647846
1.48658870
1.48670050
1.48692345
1.48724060
1.48751762
1.48779446
1.48813188
1.48846908
1.48880607
1.48914285
1.48947940
1.48981574
1.49018666
1.49061009
1.49102584
1.49144132
1.49205745
1.49267319
1.49328432
1.49389506
1.49450541
1.49511537
1.49563717
1.49602265
1.49640789
1.49649745
1.49658695
1.49667639
1.49676578
1.49690901
1.49705216
1.49719521
1.49733817
1.49750700
1.49770178
1.49789643
1.49806844
1.49824034
1.49853352
1.49856944
1.49842380
1.49827824
1.49813278
1.49798741
1.49784213
1.49759291
1.49734383
1.49709492
1.49684616
1.49659757
1.49634912
1.49610084
1.49613697
1.49591413
1.49570506
1.49543348
1.49518731
1.49494129
1.49469543
1.49444972
1.49420417
1.49395877
1.49371352
1.49346843
1.49322350
1.49298429
1.49267964
1.49237517
1.49210088
1.49204372
1.49188354
1.49185524
1.49182695
1.49181339
1.49180900
1.49180461
1.49180023
1.49198898
1.49217761
1.49228020
1.49216860
1.49205706
1.49203047
1.49200389
1.49197733
1.49196923
1.49196113
1.49195304
1.49194496
1.49193688
1.49192880
1.49192073
1.49190416
1.49210117
1.49231374
1.49253223
1.49271523
1.49289813
1.49269077
1.49248355
1.49227645
1.49206948
1.49202579
1.49176620
1.49151560
1.49126515
1.49101486
1.49076472
1.49050324
1.49033938
1.49017561
1.48992526
1.48967506
1.48942502
1.48917513
1.48928567
1.48939615
1.48950655
1.48962725
1.48974787
1.48987372
1.48965072
1.48942787
1.48950450
1.48957254
1.48964054
1.48967435
1.48960760
1.48968834
1.48988463
1.49008081
1.49027686
1.49047280
1.49062059
1.49091042
1.49097501
1.49103956
1.49100419
1.49092776
1.49103769
1.49114755
1.49125734
1.49120362
1.49086140
1.49045033
1.49003951
1.48962895
1.48921864
1.48880858
1.48839877
1.48798922
1.48757991
1.48717086
1.48676205
1.48635350
1.48622740
1.48598341
1.48573957
1.48549587
1.48528550
1.48507525
1.48500383
1.48493245
1.48484790
1.48467327
1.48449874
1.48446615
1.48451536
1.48442532
1.48433534
1.48424541
1.48400935
1.48377345
1.48357579
1.48337825
1.48322720
1.48310875
1.48278374
1.48245894
1.48220472
1.48218523
1.48210284
1.48205036
1.48213574
1.48198107
1.48229019
1.48254554
1.48258610
1.48247764
1.48231182
1.48236668
1.48242150
1.48231108
1.48214053
1.48197009
1.48179974
1.48174315
1.48138614
1.48102935
1.48067277
1.48039684
1.48036953
1.48034224
1.48024118
1.48014019
1.48013279
1.48012540
1.48011801
1.48001902
1.47982296
1.47962701
1.47943118
1.47931953
1.47923728
1.47931484
1.47939009
1.47946529
1.47964813
1.47974139
1.48021264
1.48087420
1.48153536
1.48230380
1.48345360
1.48460270
1.48568759
1.48719054
1.48869259
1.49019374
1.49169399
1.49290769
1.49412066
1.49489978
1.49530293
1.49570630
1.49610942
1.49651230
1.49691494
1.49711027
1.49704254
1.49715411
1.49726717
1.49740423
1.49754121
1.49747694
1.49772479
1.49779344
1.49786204
1.49790359
1.49791298
1.49788265
1.49797206
1.49806142
1.49815073
1.49823999
1.49832183
1.49829890
1.49827598
1.49822625
1.49817656
1.49829571
1.49841480
1.49853381
1.49865276
1.49877163
1.49889044
1.49900917
1.49910571
1.49920219
1.49935331
1.49950434
1.49965200
1.49979958
1.49992075
1.49978173
1.49970113
1.49962059
1.49947238
1.49969418
1.50001442
1.50046418
1.50091367
1.50136290
1.50169977
1.50203645
1.50229249
1.50229849
1.50239360
1.50248865
1.50258365
1.50277368
1.50281605
1.50277367
1.50264781
1.50252202
1.50272420
1.50313745
1.50365941
1.50397363
1.50403919
1.50410471
1.50417019
1.50407713
1.50398413
1.50387953
1.50411953
1.50447255
1.50482536
1.50497652
1.50501420
1.50510159
1.50499497
1.50488842
1.50478192
1.50472042
1.50471391
1.50488849
1.50506297
1.50531444
1.50556577
1.50579604
1.50614362
1.50641074
1.50666795
1.50676146
1.50685491
1.50694831
1.50704166
1.50713495
1.50722818
1.50732940
1.50735412
1.50726451
1.50733872
1.50733596
1.50742749
1.50758936
1.50772994
1.50787045
1.50801087
1.50815121
1.50829147
1.50849556
1.50866500
1.50867402
1.50865962
1.50877038
1.50867452
1.50857872
1.50844941
1.50832017
1.50819100
1.50792388
1.50765692
1.50739011
1.50704492
1.50669993
1.50629090
1.50588211
1.50547356
1.50506524
1.50481796
1.50463842
1.50460552
1.50457208
1.50453866
1.50450526
1.50427330
1.50404147
1.50381630
1.50359126
1.50336635
1.50308773
1.50283421
1.50254993
1.50226581
1.50210284
1.50212553
1.50201562
1.50177977
1.50154406
1.50130849
1.50121568
1.50112292
1.50096576
1.50080868
1.50065169
1.50049927
1.50040111
1.50030301
1.50043760
1.50060743
1.50071247
1.50081745
1.50092237
1.50098412
1.50106728
1.50115040
1.50123347
1.50132897
1.50118800
1.50122109
1.50143038
1.50170633
1.50198212
1.50225776
1.50244016
1.50263839
1.50286222
1.50296950
1.50323403
1.50349841
1.50371794
1.50393734
1.50413271
1.50405355
1.50388284
1.50371223
1.50354172
1.50354430
1.50340238
1.50323951
1.50319618
1.50306100
1.50292590
1.50299961
1.50307328
1.50316485
1.50323794
1.50331098
1.50342319
1.50353532
1.50386270
1.50418989
1.50451689
1.50470794
1.50479313
1.50487827
1.50499551
1.50502991
1.50506430
1.50509867
1.50519218
1.50537616
1.50548954
1.50560285
1.50574919
1.50589544
1.50604161
1.50618673
1.50633177
1.50647672
1.50638020
1.50632536
1.50627055
1.50610940
1.50598838
1.50586743
1.50574655
1.50562574
1.50550499
1.50540379
1.50530265
1.50520156
1.50505096
1.50489542
1.50474151
1.50458768
1.50457035
1.50443302
1.50429577
1.50415860
1.50411565
1.50399147
1.50386737
1.50382385
1.50378034
1.50368729
1.50365560
1.50362394
1.50366091
1.50365366
1.50364641
1.50363917
1.50369489
1.50375630
1.50381766
1.50356932
1.50332112
1.50307306
1.50305518
1.50303732
1.50298462
1.50271448
1.50244449
1.50224575
1.50203871
1.50203573
1.50203275
1.50207424
1.50211570
1.50216720
1.50221867
1.50251512
1.50273321
1.50295118
1.50316903
1.50338677
1.50345066
1.50351452
1.50353832
1.50355994
1.50374557
1.50394814
1.50414747
1.50429381
1.50417928
1.50432791
1.50447646
1.50475256
1.50501400
1.50527530
1.50578741
1.50629924
1.50681079
1.50721884
1.50734983
1.50748074
1.50761159
1.50774236
1.50769478
1.50764722
1.50756408
1.50748098
1.50739792
1.50731491
1.50723195
1.50714903
1.50706616
1.50685419
1.50664234
1.50647195
1.50634985
1.50622781
1.50599839
1.50576910
1.50553993
1.50531089
1.50496804
1.50496810
1.50496817
1.50493251
1.50477201
1.50471630
1.50447517
1.50423416
1.50405019
1.50391247
1.50391654
1.50392061
1.50392468
1.50395194
1.50385301
1.50371097
1.50364070
1.50374304
1.50384533
1.50394756
1.50375505
1.50379406
1.50383304
1.50387200
1.50389715
1.50379227
1.50371244
1.50366785
1.50362327
1.50357873
1.50342897
1.50327929
1.50314125
1.50300328
1.50286538
1.50272756
1.50258982
1.50245215
1.50231455
1.50225205
1.50218959
1.50212716
1.50206477
1.50200241
1.50194008
1.50187779
1.50231176
1.50258367
1.50285543
1.50301658
1.50317764
1.50325035
1.50329099
1.50333161
1.50337221
1.50313480
1.50305056
1.50296638
1.50283462
1.50302582
1.50315795
1.50332976
1.50350148
1.50374419
1.50398678
1.50422923
1.50430342
1.50437757
1.50445168
1.50456553
1.50481609
1.50500483
1.50489254
1.50474543
1.50459839
1.50468195
1.50476547
1.50477862
1.50479176
1.50480489
1.50481802
1.50497582
1.50510951
1.50516446
1.50518744
1.50521040
1.50523335
1.50525629
1.50536829
1.50564891
1.50592939
1.50639425
1.50685887
1.50724701
1.50763495
1.50802268
1.50820918
1.50839558
1.50851980
1.50864396
1.50876804
1.50889177
1.50901543
1.50929290
1.50954805
1.50996711
1.51038595
1.51080457
1.51122296
1.51171076
1.51202491
1.51233890
1.51221136
1.51232239
1.51234141
1.51236041
1.51237941
1.51239839
1.51269142
1.51298430
1.51326777
1.51355200
1.51396044
1.51436866
1.51477667
1.51518446
1.51559204
1.51599468
1.51619262
1.51639046
1.51658819
1.51678582
1.51698334
1.51718076
1.51728872
1.51729108
1.51729344
1.51729580
1.51729816
1.51731228
1.51742456
1.51735596
1.51728740
1.51737399
1.51746055
1.51762833
1.51784276
1.51805709
1.51812605
1.51811472
1.51812768
1.51803116
1.51793470
1.51803721
1.51808837
1.51813950
1.51819060
1.51824168
1.51808681
1.51793202
1.51784433
1.51775670
1.51755186
1.51734712
1.51714249
1.51681995
1.51649757
1.51642701
1.51629044
1.51615394
1.51603598
1.51574610
1.51545636
1.51516678
1.51487735
1.51458808
1.51429895
1.51400997
1.51372114
1.51343247
1.51314394
1.51286267
1.51258154
1.51230056
1.51224108
1.51203079
1.51187359
1.51171372
1.51156659
1.51141954
1.51127256
1.51112566
1.51097884
1.51083209
1.51068542
1.51053882
1.51039230
1.51024430
1.51009637
1.50994851
1.50980074
1.50965304
1.50959461
1.50958725
1.50957989
1.50952217
1.50946447
1.50939456
1.50932469
1.50925485
1.50918505
1.50911528
1.50904207
1.50896890
1.50889576
1.50881076
1.50872582
1.50853515
1.50834459
1.50815413
1.50796376
1.50796039
1.50795703
1.50780789
1.50763543
1.50746305
1.50729077
1.50709927
1.50690788
1.50671659
1.50652539
1.50633429
1.50614329
1.50595239
1.50576158
1.50557088
1.50552441
1.50543376
1.50534315
1.50525259
1.50516208
1.50499150
1.50482100
1.50465059
1.50448026
1.50437432
1.50427071
1.50416716
1.50387942
1.50359184
1.50330440
1.50301710
1.50272996
1.50244296
1.50232534
1.50220779
1.50216125
1.50222339
1.50228550
1.50240163
1.50251771
1.50263373
1.50274969
1.50277820
1.50294577
1.50302346
1.50310111
1.50328700
1.50347279
1.50356912
1.50361378
1.50373278
1.50385171
1.50427311
1.50467309
1.50507285
1.50547242
1.50608877
1.50655329
1.50736335
1.50819220
1.50912216
1.51005164
1.51097422
1.51189633
1.51283665
1.51372207
1.51467017
1.51561779
1.51656493
1.51739249
1.51811689
1.51884092
1.51942529
1.52001169
1.52059779
1.52128618
1.52197423
1.52266192
1.52329739
1.52393254
1.52459478
1.52524659
1.52576505
1.52625616
1.52698399
1.52771931
1.52845425
1.52920066
1.52995687
1.53071270
1.53168473
1.53219795
1.53272025
1.53334895
1.53398622
1.53474811
1.53550961
1.53627074
1.53692108
1.53748631
1.53809372
1.53898445
1.53972535
1.54046587
1.54120603
1.54194582
1.54271211
1.54360634
1.54439782
1.54511192
1.54582567
1.54661044
1.54744874
1.54828661
1.54912406
1.54977723
1.55043008
1.55089806
1.55136581
1.55167930
1.55186206
1.55204701
1.55221224
1.55240629
1.55260024
1.55267377
1.55281603
1.55295487
1.55312626
1.55329756
1.55360398
1.55397298
1.55434179
1.55479603
1.55507911
1.55535863
1.55533786
1.55531710
1.55531092
1.55530475
1.55521832
1.55513194
1.55504560
1.55495930
1.55499160
1.55487633
1.55476112
1.55464597
1.55453087
1.55441583
1.55430085
1.55418592
1.55417110
1.55415628
1.55423000
1.55432541
1.55442079
1.55433916
1.55425757
1.55417602
1.55411127
1.55399181
1.55387241
1.55375307
1.55363379
1.55351456
1.55349165
1.55346875
1.55337710
1.55319827
1.55301954
1.55284089
1.55266232
1.55247738
1.55229253
1.55210777
1.55192309
1.55169809
1.55147320
1.55113366
1.55079429
1.55045509
1.55011605
1.54977718
1.54954947
1.54932187
1.54904503
1.54890080
1.54875664
1.54861255
1.54846853
1.54832459
1.54818071
1.54805309
1.54792553
1.54779804
1.54770320
1.54756753
1.54743193
1.54726693
1.54721630
1.54714721
1.54707815
1.54712677
1.54730157
1.54749189
1.54775357
1.54803434
1.54806518
1.54811307
1.54816093
1.54805016
1.54800427
1.54795840
1.54791255
1.54786672
1.54793797
1.54803327
1.54803240
1.54806349
1.54809456
1.54827019
1.54844574
1.54872927
1.54901265
1.54909051
1.54913437
1.54911042
1.54908648
1.54900578
1.54892512
1.54884450
1.54876392
1.54868338
1.54859303
1.54850273
1.54841248
1.54812761
1.54802058
1.54791360
1.54780667
1.54769979
1.54759297
1.54748620
1.54737948
1.54727281
1.54716619
1.54693150
1.54669691
1.54646245
1.54635731
1.54625223
1.54620574
1.54615927
1.54609917
1.54593844
1.54577779
1.54570855
1.54563935
1.54554157
1.54535011
1.54515874
1.54487752
1.54459643
1.54431548
1.54403466
1.54375398
1.54347344
1.54319303
1.54294955
1.54286649
1.54278347
1.54270049
1.54261755
1.54263262
1.54264767
1.54266272
1.54253696
1.54236106
1.54218525
1.54200952
1.54183388
1.54165832
1.54160776
1.54155722
1.54140518
1.54114572
1.54111782
1.54093046
1.54074320
1.54046921
1.54019535
1.53992162
1.53974900
1.53965134
1.53942169
1.53939706
1.53965514
1.53991311
1.54030085
1.54068840
1.54097029
1.54125204
1.54141286
1.54158581
1.54183001
1.54207410
1.54212631
1.54217849
1.54237671
1.54273253
1.54309562
1.54345854
1.54381323
1.54413787
1.54447857
1.54481345
1.54506906
1.54543060
1.54593461
1.54641307
1.54689129
1.54736928
1.54768588
1.54800232
1.54831861
1.54851729
1.54878948
1.54906154
1.54948203
1.54990231
1.55032240
1.55057255
1.55072505
1.55079750
1.55091688
1.55103620
1.55121256
1.55138884
1.55156504
1.55174115
1.55180139
1.55186160
1.55204104
1.55225643
1.55248088
1.55270522
1.55273857
1.55277190
1.55280522
1.55283853
1.55290523
1.55297189
1.55296993
1.55282970
1.55262042
1.55241123
1.55220214
1.55199315
1.55178426
1.55147947
1.55117482
1.55087032
1.55056596
1.55026175
1.54995767
1.54965374
1.54934996
1.54926258
1.54917525
1.54925260
1.54915213
1.54905171
1.54892485
1.54863749
1.54835027
1.54806318
1.54777622
1.54748940
1.54720272
1.54691617
1.54662975
1.54638403
1.54618058
1.54598880
1.54579710
1.54560549
1.54538257
1.54515976
1.54493704
1.54490802
1.54487902
1.54485002
1.54482105
1.54487930
1.54493753
1.54515774
1.54532233
1.54541471
1.54550705
1.54559935
1.54568887
1.54542734
1.54516593
1.54486713
1.54461430
1.54435471
1.54409525
1.54394917
1.54380316
1.54356657
1.54332479
1.54323733
1.54317853
1.54311976
1.54306102
1.54300231
1.54294362
1.54288496
1.54284077
1.54264206
1.54244239
1.54224281
1.54204333
1.54196484
1.54188639
1.54180797
1.54181120
1.54193222
1.54194437
1.54192665
1.54190895
1.54184604
1.54199778
1.54214946
1.54230106
1.54247838
1.54262722
1.54266783
1.54260635
1.54251856
1.54238434
1.54225017
1.54211848
1.54189228
1.54173825
1.54158428
1.54143039
1.54127657
1.54112281
1.54096913
1.54081552
1.54066198
1.54049170
1.54032150
1.54009802
1.53987464
1.53965137
1.53940364
1.53915603
1.53890853
1.53866115
1.53841388
1.53816672
1.53791968
1.53780252
1.53774891
1.53769533
1.53753296
1.53737066
1.53720844
1.53704630
1.53688423
1.53672223
1.53656031
1.53639846
1.53638272
1.53636700
1.53635128
1.53633556
1.53635398
1.53633574
1.53631751
1.53628178
1.53643140
1.53667493
1.53697360
1.53723193
1.53733582
1.53731701
1.53723338
1.53711036
1.53696241
1.53686089
1.53669255
1.53654745
1.53642795
1.53630851
1.53624985
1.53630243
1.53635498
1.53640751
1.53634413
1.53628078
1.53630246
1.53617811
1.53598663
1.53577027
1.53555400
1.53537989
1.53520585
1.53503189
1.53485802
1.53468422
1.53468403
1.53468385
1.53486674
1.53504955
1.53508595
1.53493048
1.53479564
1.53466087
1.53452615
1.53439150
1.53425321
1.53411962
1.53398608
1.53393050
1.53387495
1.53388900
1.53379900
1.53374207
1.53368517
1.53361166
1.53353819
1.53346474
1.53339133
1.53331796
1.53328735
1.53330457
1.53308431
1.53287402
1.53273595
1.53259795
1.53265176
1.53270555
1.53275931
1.53281305
1.53284882
1.53268251
1.53251626
1.53235010
1.53218400
1.53207736
1.53197076
1.53186421
1.53168534
1.53152077
1.53135628
1.53141000
1.53146744
1.53152485
1.53168808
1.53178975
1.53197155
1.53215327
1.53233491
1.53248885
1.53268730
1.53288565
1.53299698
1.53314904
1.53330102
1.53344511
1.53360463
1.53383454
1.53406435
1.53433856
1.53461264
1.53505790
1.53539500
1.53573194
1.53603769
1.53628242
1.53652703
1.53670862
1.53671841
1.53683431
1.53695016
1.53693420
1.53691825
1.53690231
1.53667422
1.53650709
1.53634003
1.53617304
1.53597467
1.53593269
1.53589072
1.53584878
1.53580686
1.53579487
1.53578289
1.53577091
1.53575894
1.53574426
1.53588931
1.53603430
1.53614549
1.53625664
1.53636259
1.53653322
1.53671548
1.53688141
1.53719965
1.53739626
1.53759279
1.53778923
1.53787210
1.53795494
1.53803128
1.53804418
1.53832316
1.53827888
1.53814429
1.53797631
1.53792169
1.53793560
1.53794950
1.53812507
1.53819782
1.53827055
1.53834324
1.53841590
1.53840381
1.53839173
1.53829210
1.53828405
1.53819539
1.53809512
1.53794036
1.53795680
1.53792483
1.53784219
1.53775958
1.53767702
1.53759448
1.53748667
1.53737891
1.53727119
1.53716352
1.53696687
1.53677031
1.53657383
1.53637744
1.53631101
1.53624713
1.53618327
1.53623293
1.53610472
1.53597656
1.53584846
1.53566790
1.53548741
1.53530700
1.53512668
1.53503615
1.53494566
1.53485522
1.53476481
1.53483512
1.53477662
1.53471814
1.53477579
1.53483342
1.53485721
1.53484377
1.53483034
1.53489832
1.53496627
1.53503419
1.53522688
1.53533096
1.53543500
1.53540687
1.53555451
1.53574816
1.53594173
1.53615029
1.53613791
1.53612553
1.53611315
1.53614671
1.53618026
1.53611894
1.53610852
1.53603264
1.53596645
1.53590028
1.53583415
1.53590157
1.53596897
1.53603635
1.53602836
1.53589523
1.53576216
1.53562915
1.53549619
1.53536330
1.53522709
1.53502715
1.53474306
1.53445910
1.53417526
1.53389154
1.53360795
1.53335527
1.53310270
1.53285023
1.53259788
1.53234564
1.53209351
1.53184148
1.53163224
1.53142308
1.53121401
1.53100504
1.53079615
1.53058736
1.53062982
1.53067226
1.53047900
1.53028583
1.53019174
1.53009770
1.53011502
1.52998035
1.52984575
1.52988291
1.52992006
1.52995719
1.52991297
1.52986876
1.52982459
1.52989463
1.53010646
1.53021591
1.53021711
1.53029030
1.53036345
1.53043658
1.53029725
1.53025860
1.53018242
1.53015373
1.53016340
1.53026743
1.53040844
1.53054939
1.53061664
1.53073069
1.53084004
1.53094934
1.53119297
1.53159452
1.53181556
1.53163719
1.53145891
1.53128070
1.53138387
1.53139035
1.53139683
1.53155531
1.53174497
1.53193255
1.53214296
1.53257826
1.53298784
1.53324945
1.53351095
1.53377234
1.53403362
1.53430527
1.53457680
1.53461554
1.53497292
1.53532821
1.53568334
1.53593360
1.53618375
1.53643379
1.53668372
1.53693355
1.53718327
1.53743288
1.53765586
1.53782148
1.53798703
1.53802395
1.53806086
1.53809775
1.53798644
1.53787519
1.53776397
1.53767780
1.53759166
1.53750556
1.53748951
1.53747347
1.53745744
1.53744141
1.53748422
1.53756597
1.53764769
1.53781641
1.53798505
1.53821533
1.53844551
1.53868752
1.53885908
1.53903058
1.53937800
1.53970014
1.54014235
1.54058438
1.54094880
1.54122849
1.54129509
1.54136166
1.54145149
1.54154128
1.54158962
1.54163794
1.54167729
1.54180607
1.54171652
1.54165055
1.54158461
1.54151870
1.54147867
1.54143865
1.54124185
1.54104514
1.54094905
1.54080074
1.54065250
1.54071685
1.54078117
1.54094515
1.54110905
1.54127289
1.54147290
1.54154086
1.54128935
1.54139130
1.54153718
1.54169390
1.54165288
1.54161186
1.54159842
1.54158499
1.54157156
1.54165885
1.54192274
1.54213571
1.54234860
1.54258737
1.54282604
1.54310928
1.54343269
1.54359980
1.54376685
1.54383267
1.54389846
1.54396423
1.54400150
1.54403876
1.54406371
1.54407784
1.54409196
1.54394056
1.54378923
1.54371357
1.54358570
1.54345790
1.54333014
1.54320244
1.54309701
1.54312698
1.54325122
1.54337540
1.54352651
1.54369734
1.54399125
1.54428503
1.54442762
1.54438058
1.54436771
1.54435485
1.54446759
1.54449121
1.54454891
1.54465971
1.54477047
1.54473944
1.54492589
1.54510210
1.54513178
1.54517514
1.54519432
1.54514301
1.54509172
1.54504045
1.54495367
1.54486692
1.54478022
1.54471292
1.54464565
1.54454987
1.54445414
1.54435845
1.54426280
1.54416718
1.54407161
1.54397608
1.54388058
1.54384921
1.54381785
1.54378650
1.54375516
1.54372043
1.54368572
1.54349652
1.54330740
1.54311835
1.54292939
1.54274050
1.54246722
1.54219405
1.54192099
1.54166562
1.54145626
1.54129569
1.54111578
1.54095677
1.54089392
1.54083110
1.54076831
1.54070555
1.54057489
1.54044428
1.54029246
1.54014071
1.53994384
1.53982432
1.53971855
1.53962286
1.53952721
1.53943159
1.53925149
1.53931265
1.53913054
1.53896882
1.53887442
1.53878005
1.53868573
1.53848371
1.53832222
1.53828488
1.53824756
1.53821025
1.53803550
1.53786082
1.53768622
1.53751169
1.53745835
1.53756464
1.53760409
1.53755418
1.53753737
1.53755814
1.53776912
1.53797733
1.53811413
1.53825009
1.53838599
1.53862089
1.53872132
1.53860914
1.53849700
1.53854436
1.53871257
1.53900315
1.53929361
1.53964163
1.53998951
1.54033725
1.54068484
1.54076395
1.54086242
1.54096086
1.54081794
1.54066295
1.54050802
1.54042958
1.54022491
1.54002032
1.53983030
1.53964036
1.53945049
1.53926071
1.53922207
1.53918344
1.53924660
1.53930354
1.53936045
1.53927277
1.53929889
1.53932500
1.53935110
1.53922834
1.53910563
1.53898297
1.53883099
1.53867907
1.53852722
1.53852178
1.53865814
1.53868479
1.53873989
1.53899620
1.53903462
1.53907303
1.53911142
1.53916610
1.53922075
1.53927539
1.53922821
1.53918106
1.53925231
1.53942619
1.53959301
1.53975975
1.53991388
1.54008702
1.54026010
1.54043310
1.54045068
1.54046825
1.54048581
1.54050336
1.54057273
1.54048844
1.54050629
1.54054247
1.54043929
1.54033615
1.54023305
1.54012999
1.54002698
1.53993556
1.53984418
1.53979411
1.53974406
1.53969403
1.53947501
1.53930366
1.53913237
1.53896116
1.53908023
1.53916688
1.53925350
1.53926286
1.53927220
1.53924647
1.53917385
1.53910125
1.53898829
1.53887537
1.53876342
1.53860553
1.53844771
1.53828995
1.53808736
1.53788485
1.53768242
1.53748007
1.53727780
1.53719517
1.53692937
1.53694364
1.53693406
1.53692447
1.53691489
1.53690531
1.53686401
1.53682272
1.53675058
1.53663227
1.53651400
1.53639578
1.53627760
1.53634811
1.53649388
1.53649851
1.53631200
1.53612557
1.53593921
1.53587881
1.53562279
1.53536688
1.53511106
1.53485535
1.53459974
1.53434424
1.53408883
1.53383353
1.53357833
1.53332324
1.53306824
1.53281335
1.53255856
1.53230387
1.53204928
1.53179479
1.53161317
1.53143162
1.53142014
1.53136895
1.53131778
1.53127196
1.53122615
1.53118037
1.53113460
1.53109161
1.53104864
1.53100568
1.53096274
1.53092954
1.53094107
1.53090768
1.53108684
1.53132761
1.53158463
1.53178089
1.53161522
1.53144961
1.53125930
1.53106905
1.53094920
1.53082940
1.53064614
1.53046295
1.53027983
1.53009678
1.52991381
1.52987294
1.52983210
1.52975926
1.52968645
1.52961367
1.52954091
1.52946819
1.52939550
1.52919414
1.52899287
1.52876903
1.52868742
1.52860584
1.52852430
1.52843505
1.52824529
1.52805560
1.52786598
1.52767644
1.52752594
1.52728606
1.52704627
1.52680658
1.52656699
1.52632749
1.52625263
1.52617781
1.52625375
1.52631629
1.52632127
1.52624287
1.52616449
1.52608615
1.52600784
1.52593307
1.52576611
1.52559922
1.52543239
1.52526699
1.52510165
1.52493638
1.52478045
1.52467222
1.52456300
1.52445383
1.52434471
1.52423562
1.52412658
1.52401758
1.52390863
1.52379971
1.52377520
1.52384102
1.52390680
1.52397256
1.52409213
1.52421164
1.52433112
1.52445054
1.52456992
1.52468925
1.52486501
1.52504070
1.52521607
1.52539137
1.52556660
1.52574176
1.52590011
1.52602051
1.52638094
1.52674123
1.52710138
1.52734332
1.52760886
1.52798099
1.52835298
1.52885072
1.52919983
1.52954880
1.52997660
1.53040424
1.53083170
1.53117399
1.53125116
1.53131212
1.53137304
1.53139047
1.53140788
1.53142529
1.53145080
1.53149383
1.53142861
1.53140497
1.53138133
1.53135770
1.53133694
1.53138359
1.53143023
1.53130205
1.53117392
1.53106078
1.53098797
1.53096959
1.53095123
1.53093287
1.53091452
1.53080206
1.53068965
1.53055189
1.53036099
1.53017016
1.53026822
1.53032814
1.53038804
1.53063971
1.53089128
1.53114275
1.53139412
1.53155411
1.53175217
1.53192549
1.53211204
1.53224030
1.53236852
1.53238464
1.53238293
1.53238123
1.53230773
1.53223427
1.53216083
1.53203130
1.53190933
1.53178740
1.53186461
1.53188594
1.53208448
1.53207860
1.53207273
1.53198029
1.53195295
1.53200913
1.53211460
1.53222003
1.53232542
1.53243077
1.53236129
1.53229184
1.53222241
1.53215302
1.53209098
1.53202964
1.53196833
1.53190704
1.53180756
1.53170810
1.53160869
1.53150932
1.53157856
1.53164777
1.53165335
1.53165893
1.53166451
1.53173744
1.53181034
1.53195139
1.53209239
1.53223069
1.53236894
1.53243774
1.53248410
1.53253044
1.53256173
1.53236453
1.53216740
1.53216106
1.53215473
1.53223603
1.53209371
1.53204812
1.53200255
1.53195700
1.53191146
1.53182616
1.53174090
1.53165567
1.53165150
1.53164733
1.53164317
1.53156707
1.53147869
1.53139034
1.53130202
1.53121374
1.53112549
1.53103728
1.53086368
1.53069014
1.53062964
1.53056915
1.53050869
1.53044825
1.53054065
1.53082274
1.53113552
1.53137900
1.53162239
1.53186569
1.53210890
1.53225830
1.53238249
1.53251818
1.53282505
1.53312691
1.53342865
1.53373028
1.53396444
1.53419850
1.53443248
1.53466637
1.53483901
1.53498941
1.53509331
1.53510255
1.53526160
1.53546919
1.53567669
1.53595725
1.53623771
1.53651805
1.53679437
1.53707059
1.53722182
1.53737299
1.53752410
1.53775178
1.53777439
1.53763103
1.53761297
1.53759492
1.53757687
1.53755883
1.53763269
1.53764038
1.53764806
1.53753812
1.53742823
1.53731837
1.53720856
1.53709879
1.53698905
1.53687937
1.53677389
1.53666845
1.53656305
1.53645769
1.53635237
1.53624709
1.53614185
1.53603665
1.53584681
1.53565703
1.53546733
1.53527770
1.53508815
1.53489866
1.53470925
1.53451990
1.53433063
1.53435517
1.53437971
1.53434245
1.53418834
1.53403428
1.53388028
1.53372634
1.53357246
1.53347618
1.53348821
1.53350023
1.53349975
1.53351841
1.53353708
1.53355573
1.53357437
1.53361443
1.53374059
1.53386671
1.53384745
1.53390516
1.53396284
1.53396632
1.53401350
1.53398083
1.53394818
1.53391554
1.53381170
1.53370791
1.53360415
1.53350044
1.53339676
1.53329312
1.53318952
1.53304060
1.53289174
1.53283578
1.53271075
1.53269964
1.53268854
1.53267744
1.53266634
1.53285041
1.53307138
1.53329226
1.53351306
1.53373377
1.53395441
1.53417496
1.53429449
1.53441398
1.53446928
1.53452456
1.53457983
1.53465554
1.53481820
1.53499495
1.53515364
1.53530711
1.53546051
1.53561386
1.53581203
1.53602569
1.53625043
1.53670922
1.53716783
1.53762628
1.53810674
1.53858701
1.53910409
1.53956518
1.54009652
1.54058481
1.54107292
1.54156086
1.54202562
1.54249022
1.54295464
1.54346722
1.54397962
1.54446815
1.54495649
1.54538085
1.54573568
1.54609039
1.54635480
1.54666428
1.54687039
1.54707642
1.54728238
1.54741807
1.54764345
1.54786875
1.54809396
1.54831910
1.54854414
1.54876911
1.54911257
1.54952709
1.54964472
1.54976230
1.54987983
1.54995929
1.55003985
1.55012038
1.55026884
1.55041724
1.55056558
1.55056720
1.55056889
1.55057058
1.55065108
1.55063859
1.55059771
1.55055685
1.55051601
1.55043335
1.55035072
1.55031217
1.55039462
1.55044349
1.55045986
1.55047623
1.55049258
1.55044899
1.55040541
1.55041759
1.55037719
1.55022718
1.55007722
1.54992732
1.54974780
1.54956835
1.54938897
1.54920965
1.54903040
1.54885122
1.54867210
1.54849304
1.54831406
1.54813513
1.54795628
1.54777623
1.54759625
1.54741634
1.54728442
1.54719596
1.54710752
1.54701912
1.54693075
1.54688244
1.54683415
1.54678587
1.54673761
1.54668937
1.54666157
1.54663377
1.54663104
1.54662831
1.54660144
1.54653451
1.54662468
1.54677671
1.54686613
1.54695552
1.54704487
1.54713419
1.54722348
1.54731273
1.54745704
1.54762475
1.54779240
1.54788154
1.54775757
1.54763365
1.54750978
1.54738595
1.54735232
1.54731870
1.54728509
1.54725150
1.54731716
1.54750484
1.54769245
1.54780743
1.54792236
1.54803726
1.54802790
1.54802525
1.54802260
1.54827513
1.54854701
1.54869946
1.54879895
1.54881552
1.54883208
1.54884863
1.54890731
1.54898554
1.54905227
1.54926346
1.54947458
1.54968562
1.54992843
1.55017115
1.55041378
1.55065632
1.55089878
1.55114115
1.55123551
1.55130905
1.55144526
1.55143584
1.55140386
1.55133224
1.55123146
1.55115481
1.55112073
1.55108667
1.55101127
1.55091251
1.55081378
1.55071508
1.55066875
1.55062243
1.55057613
1.55060776
1.55064760
1.55088999
1.55113228
1.55145057
1.55154304
1.55163547
1.55158094
1.55155333
1.55152573
1.55151143
1.55157013
1.55169710
1.55169156
1.55166663
1.55165544
1.55154810
1.55144080
1.55136323
1.55121786
1.55107254
1.55098063
1.55089222
1.55094810
1.55091578
1.55092087
1.55092596
1.55093490
1.55101444
1.55109395
1.55117344
1.55137404
1.55154893
1.55172375
1.55189851
1.55210532
1.55238772
1.55254477
1.55266710
1.55278938
1.55291163
1.55306647
1.55322351
1.55339472
1.55375396
1.55411306
1.55416520
1.55415241
1.55413962
1.55412683
1.55408600
1.55393064
1.55385501
1.55390379
1.55395256
1.55400132
1.55405005
1.55409877
1.55414747
1.55409922
1.55405098
1.55400276
1.55395456
1.55390638
1.55383010
1.55374267
1.55365526
1.55356790
1.55359077
1.55361170
1.55339089
1.55326032
1.55312979
1.55299931
1.55282507
1.55270745
1.55269179
1.55247894
1.55231227
1.55214565
1.55216204
1.55217842
1.55219479
1.55221116
1.55219717
1.55218319
1.55216921
1.55212206
1.55207492
1.55202781
1.55198071
1.55189249
1.55173175
1.55157106
1.55141043
1.55124986
1.55110561
1.55096140
1.55081725
1.55067314
1.55049505
1.55031701
1.55016026
1.55000357
1.54984693
1.54969035
1.54959060
1.54953655
1.54939842
1.54925219
1.54925761
1.54926304
1.54920501
1.54914700
1.54898359
1.54896156
1.54893953
1.54891751
1.54889550
1.54882528
1.54875508
1.54868490
1.54876517
1.54884542
1.54892563
1.54900582
1.54902437
1.54904292
1.54904926
1.54912663
1.54920771
1.54924913
1.54929053
1.54933192
1.54937330
1.54941466
1.54945601
1.54939286
1.54934755
1.54930226
1.54925859
1.54922487
1.54919116
1.54919855
1.54900363
1.54880878
1.54861400
1.54841929
1.54822465
1.54809112
1.54795612
1.54781407
1.54764279
1.54747158
1.54730043
1.54712934
1.54695830
1.54678733
1.54661309
1.54643890
1.54626478
1.54609071
1.54591671
1.54574277
1.54556889
1.54539508
1.54522132
1.54504762
1.54492406
1.54487525
1.54503851
1.54520172
1.54536486
1.54552795
1.54569099
1.54553122
1.54537152
1.54521187
1.54505227
1.54489273
1.54473325
1.54457382
1.54441445
1.54425513
1.54409587
1.54393667
1.54377752
1.54364813
1.54351879
1.54338949
1.54326024
1.54313104
1.54300188
1.54287276
1.54274369
1.54255540
1.54236718
1.54217903
1.54199094
1.54180292
1.54161497
1.54142707
1.54123925
1.54105149
1.54086380
1.54067617
1.54048860
1.54037769
1.54026682
1.54019231
1.54024597
1.54029961
1.54031646
1.54040345
1.54052676
1.54065002
1.54066234
1.54067466
1.54068698
1.54077999
1.54092996
1.54098346
1.54099226
1.54124311
1.54149388
1.54174456
1.54199516
1.54221844
1.54224634
1.54227423
1.54230211
1.54232998
1.54228848
1.54222741
1.54216635
1.54210532
1.54207053
1.54204982
1.54202912
1.54201301
1.54195316
1.54193881
1.54192446
1.54191013
1.54188158
1.54183003
1.54182217
1.54181432
1.54180648
1.54179863
1.54180676
1.54181488
1.54192002
1.54202513
1.54213020
1.54223523
1.54223884
1.54224245
1.54226364
1.54237248
1.54248128
1.54259004
1.54267770
1.54284588
1.54296245
1.54301684
1.54307122
1.54318619
1.54330112
1.54341601
1.54353087
1.54371041
1.54376682
1.54383999
1.54391314
1.54405493
1.54416873
1.54428249
1.54436161
1.54444071
1.54437600
1.54431131
1.54421049
1.54412862
1.54404677
1.54396759
1.54388844
1.54380931
1.54373386
1.54365586
1.54359800
1.54354016
1.54353344
1.54358670
1.54363994
1.54369316
1.54376655
1.54383992
1.54393897
1.54397356
1.54404588
1.54411818
1.54428449
1.54446997
1.54465539
1.54484075
1.54502665
1.54521249
1.54536454
1.54551653
1.54560513
1.54569369
1.54563578
1.54557790
1.54552003
1.54546218
1.54549518
1.54548982
1.54554999
1.54553300
1.54543327
1.54533357
1.54530867
1.54528673
1.54526479
1.54524285
1.54522093
1.54519901
1.54527348
1.54535907
1.54544464
1.54538664
1.54532867
1.54527072
1.54521278
1.54516471
1.54501039
1.54485612
1.54476426
1.54467243
1.54458064
1.54448887
1.54439714
1.54430544
1.54422564
1.54401092
1.54379628
1.54368826
1.54358029
1.54348495
1.54335417
1.54322520
1.54309627
1.54296739
1.54283855
1.54270539
1.54257228
1.54243922
1.54232235
1.54220552
1.54208874
1.54200389
1.54218173
1.54220059
1.54224934
1.54229761
1.54233867
1.54257305
1.54280736
1.54283146
1.54281988
1.54284623
1.54283886
1.54283150
1.54291606
1.54307017
1.54322422
1.54337823
1.54353218
1.54359399
1.54365653
1.54371906
1.54379382
1.54386857
1.54388707
1.54390557
1.54392407
1.54394255
1.54391940
1.54389625
1.54387311
1.54384998
1.54382686
1.54383180
1.54383674
1.54387074
1.54390474
1.54410087
1.54429694
1.54449294
1.54460855
1.54469811
1.54491674
1.54515033
1.54538383
1.54573413
1.54598274
1.54623126
1.54647969
1.54672805
1.54697632
1.54723706
1.54749772
1.54760069
1.54770363
1.54772431
1.54774498
1.54776564
1.54772612
1.54754105
1.54738157
1.54722214
1.54706277
1.54690345
1.54672550
1.54654760
1.54636977
1.54619199
1.54616818
1.54614438
1.54612059
1.54598008
1.54583962
1.54569920
1.54557059
1.54537895
1.54519434
1.54500979
1.54482530
1.54464087
1.54445650
1.54427219
1.54408795
1.54407431
1.54401821
1.54396213
1.54390606
1.54385002
1.54379399
1.54373799
1.54368200
1.54371585
1.54373972
1.54376360
1.54378746
1.54392346
1.54405942
1.54419533
1.54433120
1.54448284
1.54443325
1.54426032
1.54408745
1.54400116
1.54392278
1.54399947
1.54407614
1.54415278
1.54431392
1.54446766
1.54470917
1.54489701
1.54501658
1.54519503
1.54524003
1.54520556
1.54517110
1.54511811
1.54515946
1.54529724
1.54533821
1.54537917
1.54542012
1.54548185
1.54554357
1.54560526
1.54569185
1.54577842
1.54576185
1.54567440
1.54564452
1.54560992
1.54550137
1.54544444
1.54546139
1.54537564
1.54529912
1.54517674
1.54505440
1.54498411
1.54491385
1.54487452
1.54483520
1.54475138
1.54466759
1.54472268
1.54482747
1.54493222
1.54503694
1.54514163
1.54531216
1.54545189
1.54559156
1.54560424
1.54561648
1.54568526
1.54575402
1.54582275
1.54588335
1.54591870
1.54597727
1.54603192
1.54608654
1.54614115
1.54604772
1.54595432
1.54585084
1.54586218
1.54586764
1.54584016
1.54581269
1.54575485
1.54573770
1.54572057
1.54572490
1.54573799
1.54569235
1.54565236
1.54561239
1.54557242
1.54545188
1.54533138
1.54521092
1.54519100
1.54516949
1.54514800
1.54502812
1.54490829
1.54478850
1.54476240
1.54470669
1.54461638
1.54452611
1.54443586
1.54435628
1.54441313
1.54446996
1.54462636
1.54473064
1.54483488
1.54497076
1.54509003
1.54520926
1.54541399
1.54561865
1.54579097
1.54582856
1.54585693
1.54588529
1.54591365
1.54594199
1.54597347
1.54600039
1.54598924
1.54596776
1.54594629
1.54596123
1.54595426
1.54588100
1.54580777
1.54573456
1.54566137
1.54558821
1.54551507
1.54544196
1.54536887
1.54529580
1.54522276
1.54514974
1.54507674
1.54500377
1.54493082
1.54503281
1.54513476
1.54510053
1.54501727
1.54493972
1.54486220
1.54478470
1.54477508
1.54478364
1.54479219
1.54478528
1.54488608
1.54498686
1.54514705
1.54530720
1.54546729
1.54568348
1.54565332
1.54552845
1.54540363
1.54536935
1.54537597
1.54540664
1.54545212
1.54549758
1.54554398
1.54559037
1.54563674
1.54574088
1.54584499
1.54579587
1.54574676
1.54567910
1.54563166
1.54554213
1.54544164
1.54530140
1.54519001
1.54496961
1.54479847
1.54477681
1.54463044
1.54453789
1.54444537
1.54435289
1.54420690
1.54405838
1.54390991
1.54376149
1.54368658
1.54363106
1.54357556
1.54352007
1.54346460
1.54340915
1.54330861
1.54314451
1.54298046
1.54290130
1.54282216
1.54274304
1.54266395
1.54258489
1.54260106
1.54257648
1.54264215
1.54270780
1.54277343
1.54283903
1.54290462
1.54293439
1.54293306
1.54293173
1.54293040
1.54292907
1.54292774
1.54295356
1.54297209
1.54299063
1.54298347
1.54297632
1.54290707
1.54283784
1.54273987
1.54260308
1.54246633
1.54232963
1.54219297
1.54203328
1.54187364
1.54171405
1.54155451
1.54140414
1.54125381
1.54112591
1.54094178
1.54075771
1.54056784
1.54037804
1.54038983
1.54044115
1.54042167
1.54053696
1.54076648
1.54080282
1.54095631
1.54115096
1.54130645
1.54146188
1.54161727
1.54177261
1.54175592
1.54173924
1.54169320
1.54164718
1.54167132
1.54169545
1.54171958
1.54174370
1.54169855
1.54160321
1.54150791
1.54147934
1.54145078
1.54125249
1.54105427
1.54085611
1.54084192
1.54083821
1.54085340
1.54086858
1.54088376
1.54089843
1.54086888
1.54083476
1.54080064
1.54072352
1.54064642
1.54056935
1.54055327
1.54053769
1.54043280
1.54032793
1.54022311
1.54011831
1.54001355
1.53990882
1.53985180
1.53979480
1.53973781
1.53955384
1.53936993
1.53918608
1.53900229
1.53881855
1.53863488
1.53845126
1.53829451
1.53810563
1.53791681
1.53772805
1.53753935
1.53735070
1.53723142
1.53730328
1.53734568
1.53738807
1.53743045
1.53747281
1.53751986
1.53756690
1.53761392
1.53757915
1.53769111
1.53780304
1.53791494
1.53799521
1.53804634
1.53806462
1.53808289
1.53803021
1.53806516
1.53795593
1.53784673
1.53773368
1.53762067
1.53750770
1.53739476
1.53746353
1.53742818
1.53741335
1.53745416
1.53745152
1.53744888
1.53744624
1.53744361
1.53739739
1.53734306
1.53728876
1.53723447
1.53718020
1.53724465
1.53733885
1.53738377
1.53742868
1.53747357
1.53743845
1.53747661
1.53734088
1.53720520
1.53706955
1.53693395
1.53679839
1.53666287
1.53652740
1.53647817
1.53642895
1.53631825
1.53620759
1.53614264
1.53607772
1.53604982
1.53602194
1.53599407
1.53595676
1.53596179
1.53596681
1.53597184
1.53603023
1.53588966
1.53574914
1.53574783
1.53563475
1.53552032
1.53540594
1.53544827
1.53549060
1.53567015
1.53586912
1.53606802
1.53626685
1.53646563
1.53669748
1.53691697
1.53713640
1.53749290
1.53787523
1.53823971
1.53854392
1.53886177
1.53916934
1.53931688
1.53944560
1.53957427
1.53957822
1.53958217
1.53966576
1.53971595
1.53985242
1.53998886
1.54011829
1.54024769
1.54037705
1.54050637
1.54052342
1.54055206
1.54068629
1.54082049
1.54095465
1.54101327
1.54107188
1.54113047
1.54112014
1.54101020
1.54085918
1.54070822
1.54055729
1.54040642
1.54025191
1.54009744
1.53994303
1.53978866
1.53963434
1.53948007
1.53932585
1.53917167
1.53916393
1.53915618
1.53928515
1.53941407
1.53955058
1.53968706
1.53982349
1.53963209
1.53944098
1.53924994
1.53905895
1.53886803
1.53867716
1.53848635
1.53829560
1.53810491
1.53799801
1.53790137
1.53780475
1.53770817
1.53764890
1.53758965
1.53753042
1.53745211
1.53737383
1.53729556
1.53720706
1.53711859
1.53703015
1.53694173
1.53685334
1.53677670
1.53681685
1.53665769
1.53661159
1.53656551
1.53651943
1.53644035
1.53636129
1.53622574
1.53630498
1.53621664
1.53617319
1.53608066
1.53594142
1.53580223
1.53566308
1.53557391
1.53565866
1.53581394
1.53596917
1.53610118
1.53606069
1.53592215
1.53578364
1.53564518
1.53550676
1.53536838
1.53523005
1.53509176
1.53495351
1.53481530
1.53467714
1.53453902
1.53445599
1.53441736
1.53437874
1.53434014
1.53430154
1.53428385
1.53418933
1.53409484
1.53400038
1.53397488
1.53389865
1.53383104
1.53376345
1.53368629
1.53359371
1.53359219
1.53360813
1.53357106
1.53347340
1.53337576
1.53334786
1.53331996
1.53321980
1.53311966
1.53301955
1.53302210
1.53302465
1.53302720
1.53302974
1.53312088
1.53321199
1.53330308
1.53341114
1.53355900
1.53364024
1.53372146
1.53382351
1.53392554
1.53409007
1.53425455
1.53439169
1.53452879
1.53458190
1.53463499
1.53476606
1.53490307
1.53507526
1.53524738
1.53539344
1.53548472
1.53551701
1.53554930
1.53544110
1.53533293
1.53522479
1.53511668
1.53500861
1.53496046
1.53491232
1.53487650
1.53484069
1.53475735
1.53467404
1.53459075
1.53450748
1.53442424
1.53443109
1.53443794
1.53450703
1.53452900
1.53450756
1.53440676
1.53430600
1.53433761
1.53419672
1.53405586
1.53391505
1.53377428
1.53363356
1.53349288
1.53335224
1.53338009
1.53340702
1.53343395
1.53346087
1.53356138
1.53366186
1.53378839
1.53391489
1.53404134
1.53420404
1.53439474
1.53441600
1.53443726
1.53445851
1.53447975
1.53450099
1.53452578
1.53455057
1.53462823
1.53470588
1.53467634
1.53464682
1.53461730
1.53469092
1.53476452
1.53479890
1.53471832
1.53461465
1.53451102
1.53436585
1.53422073
1.53407566
1.53393063
1.53378564
1.53364070
1.53349580
1.53335094
1.53318662
1.53302236
1.53285840
1.53269449
1.53253063
1.53236682
1.53230605
1.53224530
1.53206421
1.53188318
1.53170220
1.53152128
1.53134041
1.53115959
1.53097883
1.53081298
1.53064718
1.53048144
1.53031574
1.53019482
1.53007394
1.52987021
1.52969916
1.52952817
1.52940609
1.52928405
1.52916204
1.52904007
1.52891814
1.52885114
1.52878416
1.52871720
1.52865026
1.52859414
1.52862172
1.52864930
1.52866415
1.52872600
1.52878784
1.52884965
1.52886092
1.52882095
1.52878099
1.52874105
1.52870111
1.52866119
1.52853402
1.52840688
1.52827978
1.52815272
1.52802570
1.52785057
1.52778847
1.52780490
1.52782134
1.52785859
1.52789583
1.52793307
1.52797029
1.52809336
1.52821639
1.52833938
1.52846234
1.52858916
1.52871594
1.52907707
1.52944375
1.52966009
1.52986076
1.53006137
1.53027685
1.53045510
1.53057774
1.53073840
1.53089901
1.53108391
1.53121993
1.53135592
1.53149186
1.53162776
1.53176362
1.53189944
1.53203522
1.53217096
1.53230666
1.53238084
1.53235908
1.53228663
1.53221419
1.53213934
1.53206452
1.53198972
1.53191040
1.53183110
1.53173306
1.53154103
1.53144579
1.53154142
1.53157963
1.53145012
1.53132064
1.53126974
1.53121884
1.53116269
1.53105697
1.53095129
1.53084564
1.53081514
1.53078465
1.53075416
1.53057085
1.53040277
1.53023473
1.53013962
1.52998311
1.52978095
1.52957885
1.52937681
1.52917483
1.52899015
1.52880552
1.52870517
1.52867039
1.52863562
1.52861292
1.52859022
1.52856753
1.52854485
1.52850909
1.52851782
1.52848984
1.52850223
1.52851462
1.52859775
1.52868086
1.52863226
1.52854490
1.52839175
1.52823864
1.52816657
1.52809452
1.52792466
1.52788276
1.52784087
1.52779900
1.52775714
1.52780654
1.52785592
1.52790529
1.52799801
1.52809070
1.52824124
1.52834005
1.52843883
1.52845024
1.52848900
1.52850308
1.52852379
1.52859913
1.52870190
1.52855940
1.52842815
1.52829695
1.52816578
1.52804407
1.52788395
1.52776114
1.52763838
1.52760439
1.52757042
1.52744603
1.52732168
1.52719736
1.52707308
1.52694719
1.52682135
1.52669554
1.52656977
1.52644403
1.52631405
1.52627649
1.52625268
1.52622889
1.52623037
1.52623185
1.52621314
1.52621048
1.52628213
1.52635377
1.52642538
1.52649698
1.52671374
1.52693043
1.52715178
1.52748569
1.52807717
1.52867479
1.52920048
1.52972601
1.53017714
1.53048443
1.53079163
1.53107825
1.53116922
1.53122404
1.53123393
1.53117110
1.53110830
1.53104552
1.53098275
1.53092000
1.53085727
1.53079456
1.53073187
1.53068342
1.53069551
1.53070759
1.53074420
1.53083108
1.53092901
1.53102690
1.53105329
1.53107968
1.53121847
1.53135722
1.53149592
1.53163459
1.53171319
1.53178832
1.53196610
1.53214382
1.53232150
1.53258769
1.53285381
1.53304426
1.53323465
1.53342499
1.53352916
1.53374440
1.53384636
1.53377964
1.53370430
1.53366921
1.53371226
1.53382655
1.53399831
1.53413510
1.53427184
1.53444273
1.53457986
1.53451074
1.53444164
1.53436094
1.53428026
1.53431570
1.53440338
1.53446261
1.53452181
1.53471263
1.53490340
1.53497501
1.53507097
1.53516691
1.53526282
1.53527670
1.53532804
1.53542093
1.53557455
1.53553330
1.53549206
1.53545084
1.53540963
1.53533290
1.53521721
1.53510155
1.53498593
1.53487034
1.53480636
1.53471598
1.53462563
1.53453530
1.53444500
1.53435473
1.53431069
1.53431670
1.53432381
1.53440517
1.53453275
1.53460420
1.53475387
1.53490349
1.53494848
1.53499345
1.53503841
1.53501851
1.53499862
1.53503859
1.53507854
1.53511848
1.53526622
1.53534146
1.53541668
1.53549187
1.53556704
1.53571413
1.53578960
1.53592687
1.53608693
1.53633813
1.53668933
1.53704043
1.53737359
1.53770665
1.53803962
1.53847917
1.53885396
1.53921557
1.53957726
1.53993884
1.54031025
1.54081375
1.54122780
1.54155009
1.54187229
1.54219439
1.54249705
1.54279961
1.54305020
1.54326963
1.54348901
1.54364157
1.54366763
1.54369368
1.54371973
1.54367969
1.54355471
1.54342976
1.54330484
1.54319276
1.54308070
1.54296868
1.54285670
1.54274474
1.54263282
1.54256190
1.54249100
1.54242013
1.54234927
1.54227844
1.54221427
1.54213106
1.54195236
1.54177372
1.54159512
1.54141658
1.54123809
1.54112675
1.54114098
1.54115520
1.54113238
1.54115031
1.54112228
1.54109425
1.54102109
1.54094795
1.54089739
1.54077617
1.54065499
1.54053384
1.54041273
1.54030401
1.54016625
1.54002852
1.53989084
1.53975319
1.53975983
1.53976647
1.53977311
1.53977975
1.53978638
1.53979301
1.53979964
1.53973378
1.53970916
1.53968454
1.53965993
1.53963533
1.53967814
1.53972094
1.53967788
1.53963482
1.53959178
1.53957788
1.53960015
1.53962240
1.53964381
1.53966521
1.53967081
1.53967642
1.53968202
1.53968762
1.53980028
1.53988828
1.53997226
1.54005621
1.54009860
1.54013584
1.54013882
1.54012325
1.54021184
1.54034309
1.54050275
1.54078436
1.54097687
1.54128661
1.54148206
1.54167745
1.54167782
1.54159608
1.54151921
1.54144236
1.54136553
1.54128873
1.54116494
1.54104119
1.54091747
1.54079379
1.54067014
1.54054653
1.54042296
1.54035854
1.54033861
1.54031869
1.54036993
1.54035147
1.54033301
1.54028695
1.54015276
1.54001861
1.53996206
1.53994418
1.53992631
1.53994040
1.53995448
1.53996894
1.53995151
1.54005877
1.54011961
1.54018042
1.54027361
1.54036677
1.54046205
1.54060349
1.54066983
1.54073616
1.54080246
1.54090075
1.54099900
1.54112011
1.54124119
1.54132152
1.54140428
1.54148701
1.54156972
1.54165241
1.54173507
1.54179362
1.54175596
1.54168013
1.54162153
1.54156294
1.54149453
1.54146490
1.54143528
1.54140567
1.54137606
1.54134647
1.54131688
1.54130995
1.54130302
1.54129610
1.54128917
1.54130154
1.54130205
1.54121740
1.54113278
1.54104818
1.54096361
1.54088782
1.54084728
1.54080675
1.54078823
1.54078208
1.54077593
1.54076979
1.54064996
1.54053016
1.54053796
1.54060119
1.54081218
1.54084729
1.54088239
1.54091749
1.54095257
1.54098764
1.54102270
1.54105776
1.54100295
1.54097982
1.54096432
1.54094882
1.54088143
1.54079549
1.54066351
1.54053158
1.54039439
1.54025724
1.54019743
1.54013764
1.54007786
1.53997637
1.53987490
1.53977346
1.53967206
1.53949729
1.53932258
1.53914791
1.53897330
1.53879873
1.53862421
1.53850338
1.53838257
1.53826180
1.53814106
1.53802035
1.53792067
1.53782102
1.53776921
1.53771741
1.53766562
1.53761385
1.53756210
1.53747267
1.53738326
1.53729388
1.53720452
1.53714991
1.53709116
1.53703241
1.53697369
1.53691498
1.53685629
1.53698773
1.53695913
1.53693054
1.53683381
1.53673710
1.53666331
1.53658954
1.53651578
1.53644205
1.53636834
1.53627795
1.53618759
1.53616030
1.53613302
1.53612648
1.53603103
1.53593560
1.53584020
1.53574483
1.53564949
1.53562523
1.53566088
1.53569652
1.53573214
1.53576776
1.53588055
1.53590693
1.53592395
1.53592499
1.53597229
1.53601959
1.53603826
1.53605692
1.53609798
1.53613902
1.53618006
1.53622108
1.53626209
1.53630309
1.53638688
1.53647064
1.53663364
1.53663942
1.53675096
1.53679259
1.53686553
1.53693845
1.53697936
1.53695692
1.53693449
1.53691206
1.53688963
1.53686722
1.53685166
1.53683610
1.53687218
1.53690825
1.53694430
1.53698035
1.53701639
1.53703483
1.53705325
1.53691875
1.53680406
1.53668940
1.53655645
1.53648488
1.53641332
1.53634439
1.53637053
1.53640742
1.53643306
1.53647763
1.53651017
1.53655772
1.53660526
1.53665278
1.53670029
1.53680270
1.53690508
1.53697597
1.53704684
1.53716381
1.53728075
1.53739766
1.53744700
1.53749633
1.53746894
1.53744156
1.53741418
1.53740578
1.53741307
1.53741537
1.53746571
1.53750420
1.53762097
1.53773771
1.53767421
1.53761073
1.53754726
1.53753692
1.53752657
1.53751623
1.53746631
1.53741641
1.53736653
1.53727902
1.53710123
1.53692348
1.53688238
1.53684129
1.53673854
1.53661268
1.53648686
1.53636107
1.53624685
1.53613266
1.53601851
1.53593571
1.53585293
1.53580542
1.53581116
1.53581690
1.53580178
1.53574860
1.53588215
1.53601567
1.53606831
1.53615823
1.53624812
1.53629602
1.53634391
1.53639179
1.53643966
1.53649943
1.53655919
1.53667456
1.53677018
1.53674841
1.53678681
1.53681093
1.53673931
1.53664796
1.53655664
1.53646535
1.53637408
1.53632206
1.53624316
1.53617070
1.53609826
1.53602583
1.53595343
1.53588104
1.53582676
1.53577250
1.53571824
1.53566401
1.53565446
1.53558670
1.53555217
1.53551765
1.53541242
1.53530722
1.53525368
1.53520016
1.53506299
1.53492585
1.53478876
1.53465170
1.53451467
1.53437769
1.53427259
1.53420962
1.53417680
1.53414406
1.53411132
1.53412509
1.53413886
1.53416950
1.53420014
1.53423076
1.53426021
1.53431875
1.53436319
1.53428161
1.53420004
1.53411850
1.53413690
1.53415529
1.53414890
1.53416356
1.53421553
1.53426749
1.53442234
1.53456197
1.53470155
1.53484110
1.53498062
1.53512009
1.53521259
1.53530507
1.53539752
1.53546396
1.53553038
1.53566670
1.53589613
1.53614624
1.53639628
1.53661044
1.53683096
1.53705717
1.53728332
1.53760663
1.53787122
1.53817256
1.53847381
1.53874035
1.53900680
1.53922993
1.53945299
1.53966141
1.53986978
1.54007809
1.54034710
1.54063152
1.54091586
1.54109379
1.54119059
1.54122684
1.54126308
1.54129931
1.54137114
1.54144295
1.54151475
1.54158652
1.54165827
1.54173000
1.54176494
1.54179986
1.54180847
1.54181707
1.54182567
1.54183427
1.54193593
1.54202655
1.54210794
1.54220250
1.54229703
1.54239153
1.54248755
1.54258355
1.54268960
1.54275908
1.54280770
1.54276207
1.54280166
1.54284125
1.54283834
1.54281142
1.54278450
1.54273173
1.54265149
1.54257127
1.54249107
1.54241090
1.54227912
1.54214737
1.54201567
1.54188399
1.54175236
1.54170107
1.54173389
1.54176669
1.54179949
1.54176672
1.54160553
1.54144437
1.54128327
1.54112220
1.54096118
1.54080020
1.54063927
1.54071245
1.54066415
1.54067458
1.54068501
1.54070197
1.54070866
1.54076914
1.54095237
1.54113555
1.54125580
1.54141602
1.54157621
1.54173635
1.54185440
1.54197242
1.54209587
1.54224501
1.54234138
1.54244656
1.54248807
1.54250550
1.54252293
1.54254036
1.54254683
1.54255331
1.54255978
1.54250110
1.54246424
1.54234828
1.54223234
1.54211644
1.54199722
1.54187803
1.54175887
1.54163974
1.54152064
1.54153178
1.54154291
1.54154325
1.54153235
1.54152146
1.54152272
1.54165210
1.54182071
1.54201239
1.54220402
1.54236901
1.54256572
1.54266884
1.54270350
1.54274363
1.54278375
1.54282385
1.54282900
1.54283916
1.54292580
1.54301240
1.54315131
1.54323237
1.54334753
1.54338122
1.54341490
1.54356713
1.54371931
1.54375917
1.54379903
1.54382521
1.54384178
1.54384302
1.54381261
1.54379046
1.54378576
1.54375783
1.54379508
1.54383232
1.54386955
1.54390676
1.54394397
1.54394525
1.54394653
1.54395410
1.54396167
1.54398284
1.54388848
1.54391794
1.54407674
1.54423132
1.54432124
1.54436978
1.54435645
1.54433472
1.54431300
1.54429129
1.54427471
1.54425813
1.54421300
1.54416788
1.54412278
1.54407768
1.54410875
1.54408408
1.54410163
1.54411918
1.54413672
1.54410969
1.54408267
1.54405873
1.54403769
1.54402548
1.54405938
1.54403638
1.54401338
1.54408961
1.54422028
1.54435092
1.54446277
1.54458777
1.54476776
1.54494770
1.54514978
1.54521053
1.54527126
1.54533197
1.54544554
1.54555909
1.54564695
1.54575757
1.54593052
1.54608979
1.54620617
1.54619190
1.54617764
1.54616338
1.54603516
1.54590699
1.54577884
1.54559762
1.54541645
1.54523533
1.54505425
1.54487323
1.54469225
1.54451131
1.54433043
1.54427788
1.54422534
1.54417282
1.54412031
1.54407777
1.54403525
1.54402989
1.54403445
1.54403902
1.54404142
1.54398749
1.54394320
1.54380660
1.54367005
1.54353353
1.54347250
1.54342519
1.54337788
1.54335456
1.54333124
1.54330792
1.54328462
1.54318393
1.54308328
1.54298265
1.54288205
1.54278147
1.54261690
1.54250082
1.54238478
1.54228571
1.54218667
1.54208765
1.54198866
1.54188970
1.54188337
1.54187705
1.54181563
1.54174748
1.54167785
1.54160824
1.54152302
1.54143782
1.54135264
1.54126749
1.54118235
1.54115771
1.54113306
1.54114239
1.54111706
1.54113189
1.54111174
1.54109160
1.54114584
1.54108172
1.54101761
1.54098588
1.54095416
1.54092284
1.54092723
1.54088334
1.54083945
1.54079558
1.54075172
1.54070787
1.54066403
1.54062020
1.54056611
1.54056043
1.54054581
1.54051387
1.54048193
1.54038298
1.54029003
1.54019710
1.54012009
1.54004309
1.53994682
1.53989218
1.53972976
1.53956739
1.53940505
1.53924276
1.53908051
1.53891831
1.53875614
1.53859402
1.53843194
1.53826990
1.53810791
1.53794596
1.53778405
1.53762218
1.53746035
1.53729857
1.53717993
1.53706132
1.53694274
1.53674763
1.53655258
1.53635758
1.53638175
1.53637490
1.53640737
1.53631093
1.53621452
1.53611539
1.53606127
1.53600716
1.53595306
1.53580790
1.53566277
1.53553146
1.53540019
1.53526895
1.53513775
1.53500658
1.53487544
1.53481378
1.53475214
1.53476942
1.53486854
1.53496763
1.53498981
1.53501199
1.53505863
1.53497994
1.53494795
1.53504539
1.53510134
1.53515727
1.53512933
1.53512901
1.53503112
1.53493326
1.53482483
1.53471643
1.53460144
1.53458664
1.53457184
1.53455704
1.53451747
1.53444830
1.53432696
1.53420564
1.53408436
1.53406586
1.53404735
1.53406812
1.53414161
1.53422718
1.53431272
1.53442898
1.53450668
1.53475480
1.53500285
1.53526305
1.53552319
1.53575147
1.53597118
1.53628187
1.53659248
1.53688327
1.53720943
1.53757540
1.53788194
1.53818840
1.53849478
1.53881750
1.53914013
1.53946216
1.53978410
1.54010596
1.54042774
1.54065246
1.54087711
1.54110171
1.54132626
1.54155074
1.54166384
1.54161476
1.54157532
1.54153588
1.54149645
1.54143497
1.54137350
1.54134263
1.54139259
1.54144254
1.54144223
1.54144193
1.54144162
1.54137968
1.54133205
1.54128443
1.54124877
1.54124606
1.54124336
1.54125154
1.54125972
1.54125231
1.54124491
1.54123750
1.54114206
1.54104273
1.54094342
1.54084414
1.54081576
1.54078739
1.54075903
1.54073067
1.54065711
1.54058357
1.54051004
1.54050265
1.54051892
1.54051941
1.54051990
1.54060034
1.54062610
1.54068974
1.54077336
1.54085695
1.54106045
1.54117109
1.54128170
1.54139229
1.54150285
1.54161338
1.54168366
1.54175722
1.54183076
1.54190428
1.54197779
1.54205128
1.54204089
1.54195256
1.54187814
1.54175750
1.54163690
1.54152668
1.54141648
1.54138520
1.54122713
1.54106910
1.54091111
1.54075316
1.54059525
1.54052996
1.54046469
1.54039944
1.54033421
1.54026899
1.54018727
1.54021868
1.54010610
1.54005789
1.54000968
1.53995288
1.53989398
1.53983509
1.53974948
1.53967289
1.53966594
1.53966671
1.53966748
1.53966825
1.53966903
1.53969689
1.53972474
1.53968947
1.53972210
1.53964941
1.53957674
1.53950758
1.53943845
1.53935188
1.53926533
1.53917881
1.53909231
1.53900583
1.53894785
1.53888989
1.53885607
1.53878792
1.53871979
1.53870703
1.53868052
1.53864367
1.53864493
1.53864186
1.53869842
1.53875497
1.53885616
1.53893578
1.53896048
1.53898517
1.53892046
1.53888618
1.53880016
1.53881736
1.53883456
1.53892108
1.53899410
1.53897070
1.53894730
1.53892391
1.53893450
1.53894509
1.53881740
1.53868974
1.53856930
1.53843154
1.53829381
1.53823606
1.53817832
1.53822180
1.53817905
1.53813631
1.53819670
1.53825708
1.53831744
1.53837779
1.53848522
1.53854244
1.53871053
1.53888154
1.53904714
1.53921270
1.53937823
1.53954370
1.53970914
1.53987454
1.53997661
1.54006203
1.54009870
1.54013537
1.54017202
1.54016735
1.54016267
1.54015800
1.54008782
1.54001767
1.53995342
1.53988918
1.53982497
1.53979784
1.53981310
1.53985472
1.53990917
1.53996361
1.54001803
1.54009571
1.54020088
1.54027042
1.54028389
1.54029735
1.54027452
1.54024203
1.54020954
1.54013634
1.54006316
1.53998999
1.53991685
1.53979573
1.53972775
1.53956713
1.53940655
1.53929369
1.53918564
1.53914341
1.53910119
1.53900346
1.53886344
1.53871353
1.53856366
1.53858292
1.53864047
1.53869801
1.53875554
1.53881305
1.53882470
1.53883635
1.53874216
1.53869525
1.53864835
1.53860146
1.53864141
1.53875766
1.53875041
1.53874316
1.53871071
1.53867826
1.53859660
1.53854589
1.53849520
1.53844451
1.53839384
1.53843358
1.53845285
1.53859464
1.53870766
1.53882066
1.53881254
1.53883704
1.53886153
1.53887002
1.53891152
1.53895301
1.53895697
1.53896501
1.53897305
1.53898109
1.53885740
1.53873374
1.53861011
1.53848652
1.53843421
1.53831833
1.53822645
1.53815725
1.53808806
1.53801889
1.53794974
1.53787936
1.53780900
1.53780665
1.53780431
1.53780196
1.53773077
1.53765958
1.53757169
1.53748382
1.53739596
1.53733143
1.53736852
1.53742584
1.53752127
1.53769041
1.53785952
1.53794022
1.53808953
1.53816543
1.53824131
1.53828393
1.53832655
1.53836916
1.53841175
1.53846340
1.53851504
1.53856667
1.53856570
1.53861930
1.53866775
1.53871618
1.53870005
1.53864266
1.53858528
1.53852792
1.53842824
1.53840580
1.53842742
1.53846191
1.53849639
1.53853086
1.53855203
1.53857319
1.53861422
1.53865525
1.53873670
1.53889567
1.53905459
1.53918672
1.53927914
1.53934614
1.53941312
1.53948009
1.53945750
1.53943492
1.53943180
1.53947328
1.53951475
1.53955622
1.53955129
1.53954637
1.53954145
1.53955146
1.53954088
1.53957973
1.53959296
1.53963008
1.53966719
1.53964084
1.53962385
1.53960172
1.53957960
1.53967814
1.53977666
1.53987515
1.53991451
1.53995989
1.54000526
1.54005061
1.54009596
1.54013456
1.54009642
1.54001504
1.53993368
1.53985233
1.53977101
1.53968971
1.53961954
1.53954940
1.53947927
1.53940916
1.53939618
1.53937040
1.53934463
1.53931886
1.53929310
1.53926563
1.53923615
1.53907688
1.53891765
1.53875846
1.53859932
1.53844021
1.53826764
1.53809512
1.53794260
1.53779011
1.53763767
1.53748526
1.53733289
1.53726612
1.53719937
1.53725049
1.53718278
1.53711038
1.53703372
1.53699617
1.53700495
1.53701372
1.53701973
1.53705577
1.53709179
1.53712781
1.53716382
1.53726826
1.53736792
1.53740650
1.53744507
1.53752120
1.53759731
1.53748614
1.53737500
1.53726389
1.53715280
1.53704175
1.53693071
1.53681971
1.53673338
1.53664706
1.53658655
1.53652604
1.53644555
1.53636507
1.53625720
1.53614935
1.53602968
1.53591005
1.53579045
1.53567087
1.53555133
1.53543181
1.53536881
1.53538813
1.53540743
1.53537747
1.53534752
1.53541860
1.53561591
1.53589079
1.53614125
1.53629850
1.53645572
1.53661289
1.53672366
1.53682498
1.53688037
1.53699116
1.53708342
1.53718043
1.53718055
1.53718067
1.53718079
1.53728666
1.53738917
1.53749165
1.53770028
1.53774234
1.53776239
1.53775579
1.53774919
1.53774259
1.53773600
1.53763586
1.53753574
1.53743565
1.53742046
1.53739072
1.53733665
1.53725142
1.53722592
1.53720042
1.53717493
1.53720195
1.53722896
1.53725597
1.53720573
1.53715551
1.53710531
1.53705511
1.53700493
1.53696431
1.53692369
1.53684329
1.53676291
1.53677965
1.53679638
1.53681311
1.53687578
1.53693250
1.53681482
1.53669717
1.53657955
1.53649345
1.53640736
1.53632129
1.53623525
1.53614923
1.53606322
1.53595568
1.53597199
1.53598829
1.53599926
1.53602435
1.53601075
1.53599714
1.53598354
1.53596994
1.53595634
1.53586020
1.53572141
1.53558266
1.53544395
1.53530527
1.53516662
1.53502800
1.53488942
1.53475087
1.53461236
1.53447388
1.53439726
1.53432351
1.53427627
1.53428130
1.53415802
1.53406556
1.53397123
1.53387693
1.53378265
1.53374801
1.53383329
1.53392103
1.53400876
1.53418812
1.53437066
1.53455317
1.53473562
1.53486276
1.53501342
1.53500504
1.53499667
1.53495954
1.53492242
1.53486767
1.53481294
1.53475823
1.53471257
1.53466693
1.53462129
1.53461866
1.53460290
1.53458715
1.53472898
1.53482639
1.53487996
1.53498718
1.53518303
1.53537884
1.53557825
1.53577762
1.53597694
1.53617621
1.53625813
1.53634003
1.53637695
1.53633352
1.53630650
1.53624525
1.53618402
1.53610844
1.53608049
1.53595664
1.53583282
1.53572289
1.53570671
1.53570993
1.53571316
1.53571638
1.53575512
1.53579938
1.53584364
1.53589987
1.53595609
1.53597897
1.53600184
1.53607244
1.53614303
1.53624459
1.53635949
1.53633273
1.53628719
1.53628805
1.53628890
1.53628976
1.53629061
1.53629147
1.53635506
1.53641864
1.53648221
1.53656464
1.53664706
1.53667973
1.53671239
1.53672977
1.53674715
1.53675984
1.53677253
1.53673375
1.53669499
1.53658105
1.53646713
1.53635324
1.53623937
1.53612554
1.53601173
1.53589795
1.53578419
1.53567047
1.53555677
1.53544310
1.53532945
1.53521584
1.53514215
1.53506849
1.53496414
1.53485983
1.53475553
1.53465126
1.53450751
1.53443171
1.53430939
1.53418711
1.53406485
1.53394262
1.53382041
1.53368954
1.53354104
1.53339258
1.53324415
1.53314260
1.53304107
1.53297870
1.53291634
1.53285399
1.53279166
1.53272935
1.53271307
1.53266149
1.53260992
1.53255836
1.53255739
1.53255642
1.53255545
1.53252454
1.53258805
1.53258710
1.53258616
1.53261479
1.53264341
1.53267203
1.53270063
1.53273735
1.53277405
1.53281074
1.53284743
1.53288411
1.53292078
1.53295744
1.53296896
1.53284530
1.53272167
1.53259807
1.53247450
1.53234470
1.53221494
1.53207438
1.53193385
1.53190714
1.53188043
1.53185373
1.53181373
1.53177373
1.53173374
1.53169377
1.53163009
1.53156642
1.53150278
1.53149209
1.53141875
1.53139797
1.53137721
1.53136369
1.53126798
1.53120958
1.53115119
1.53108721
1.53116313
1.53123903
1.53132184
1.53140463
1.53148740
1.53160973
1.53174366
1.53182072
1.53182457
1.53177446
1.53165882
1.53154096
1.53142314
1.53130534
1.53118757
1.53106983
1.53095212
1.53083443
1.53071677
1.53075447
1.53083816
1.53092184
1.53099864
1.53108973
1.53103943
1.53098616
1.53093289
1.53087965
1.53082641
1.53077319
1.53071997
1.53066770
1.53058119
1.53049469
1.53053725
1.53057632
1.53061460
1.53065287
1.53065400
1.53065513
1.53065626
1.53061154
1.53056683
1.53055623
1.53054563
1.53053503
1.53054232
1.53050613
1.53040547
1.53031857
1.53022313
1.53012771
1.53003232
1.52993695
1.52984160
1.52975174
1.52972690
1.52970207
1.52957086
1.52943968
1.52937774
1.52924874
1.52911977
1.52899083
1.52886193
1.52873305
1.52860420
1.52847539
1.52834660
1.52835002
1.52824632
1.52814264
1.52803899
1.52793536
1.52783176
1.52772818
1.52762462
1.52752109
1.52745062
1.52738016
1.52730972
1.52730408
1.52729844
1.52729280
1.52718518
1.52707759
1.52697487
1.52682061
1.52666639
1.52651221
1.52635806
1.52620395
1.52604987
1.52589583
1.52574183
1.52558786
1.52543393
1.52528003
1.52512617
1.52497235
1.52481856
1.52466481
1.52451110
1.52434890
1.52436007
1.52442178
1.52431585
1.52420996
1.52410408
1.52399823
1.52388567
1.52377313
1.52366062
1.52356095
1.52346130
1.52336167
1.52326207
1.52316249
1.52306293
1.52296340
1.52288030
1.52275106
1.52262186
1.52249269
1.52236354
1.52223443
1.52210534
1.52197629
1.52184727
1.52171828
1.52158931
1.52149910
1.52140892
1.52133207
1.52122263
1.52111322
1.52105401
1.52099482
1.52093565
1.52087577
1.52095740
1.52096417
1.52095584
1.52094750
1.52093222
1.52091625
1.52090254
1.52088884
1.52087514
1.52083049
1.52078585
1.52077352
1.52076119
1.52078138
1.52087530
1.52096921
1.52106309
1.52121976
1.52130516
1.52138265
1.52155978
1.52173687
1.52196969
1.52218992
1.52241009
1.52245596
1.52250183
1.52253061
1.52269151
1.52284675
1.52300196
1.52309905
1.52319611
1.52323497
1.52327382
1.52331265
1.52337016
1.52339337
1.52341658
1.52343439
1.52350304
1.52354762
1.52359219
1.52367474
1.52375357
1.52383237
1.52391116
1.52398993
1.52404394
1.52409794
1.52415193
1.52414963
1.52422434
1.52427760
1.52433921
1.52440080
1.52446238
1.52452394
1.52458549
1.52461862
1.52470453
1.52479043
1.52483554
1.52479917
1.52477003
1.52468086
1.52454618
1.52441152
1.52427689
1.52414230
1.52400773
1.52387320
1.52373870
1.52373709
1.52372348
1.52370987
1.52368520
1.52365839
1.52357750
1.52354484
1.52351219
1.52342773
1.52334330
1.52328270
1.52334068
1.52339866
1.52345662
1.52351456
1.52356749
1.52362041
1.52367332
1.52371362
1.52374685
1.52378008
1.52380858
1.52379415
1.52372519
1.52365517
1.52354236
1.52352085
1.52346056
1.52347970
1.52337281
1.52326594
1.52315910
1.52305228
1.52294548
1.52283871
1.52273197
1.52262524
1.52248429
1.52234338
1.52220249
1.52206164
1.52199937
1.52193712
1.52196223
1.52198733
1.52201243
1.52211676
1.52222107
1.52227230
1.52232920
1.52233382
1.52233844
1.52233636
1.52231719
1.52224571
1.52219556
1.52208161
1.52196768
1.52185378
1.52173991
1.52159181
1.52144375
1.52130389
1.52121968
1.52113550
1.52105133
1.52103235
1.52096814
1.52088235
1.52079658
1.52073278
1.52066900
1.52060025
1.52053152
1.52039137
1.52025126
1.52012529
1.51999935
1.51987344
1.51974755
1.51962170
1.51949587
1.51943949
1.51938311
1.51932675
1.51927041
1.51921407
1.51915775
1.51911843
1.51907911
1.51903980
1.51900050
1.51906768
1.51913484
1.51920199
1.51926912
1.51933624
1.51940334
1.51947042
1.51953750
1.51959780
1.51965809
1.51970390
1.51981920
1.51987228
1.51993612
1.51999996
1.52001891
1.52003644
1.52008032
1.52012418
1.52016803
1.52021187
1.52017537
1.52014548
1.52011561
1.52008574
1.52006175
1.52003777
1.52000141
1.51999350
1.51998559
1.51984946
1.51971335
1.51957972
1.51944612
1.51931255
1.51917900
1.51904549
1.51891201
1.51877857
1.51864515
1.51851176
1.51837840
1.51824507
1.51811178
1.51803947
1.51798746
1.51787952
1.51779904
1.51771858
1.51763813
1.51752976
1.51742141
1.51731308
1.51720478
1.51709651
1.51698825
1.51688003
1.51677183
1.51666365
1.51655550
1.51644737
1.51633927
1.51623119
1.51616866
1.51615118
1.51612318
1.51609518
1.51601241
1.51592966
1.51592973
1.51592980
1.51592987
1.51592994
1.51593001
1.51592818
1.51606436
1.51620050
1.51632278
1.51644504
1.51656726
1.51668946
1.51684402
1.51693821
1.51693759
1.51693696
1.51692233
1.51690771
1.51680031
1.51669295
1.51658822
1.51648351
1.51635676
1.51623003
1.51615991
1.51608981
1.51601972
1.51594965
1.51593357
1.51591749
1.51590142
1.51591107
1.51588318
1.51596664
1.51608119
1.51616204
1.51624287
1.51632368
1.51637655
1.51640851
1.51644047
1.51647893
1.51649445
1.51651698
1.51653950
1.51656202
1.51658453
1.51660704
1.51662954
1.51665204
1.51667453
1.51668329
1.51669204
1.51667775
1.51675009
1.51698568
1.51718026
1.51737480
1.51753792
1.51770672
1.51781640
1.51793823
1.51806002
1.51818180
1.51818313
1.51818446
1.51816543
1.51814640
1.51812738
1.51812724
1.51820502
1.51828279
1.51840002
1.51851722
1.51862636
1.51880370
1.51894265
1.51899352
1.51899252
1.51887914
1.51876578
1.51865244
1.51853913
1.51842585
1.51831259
1.51819936
1.51808615
1.51804953
1.51801292
1.51797631
1.51793971
1.51790312
1.51786654
1.51782997
1.51782872
1.51782747
1.51782622
1.51781269
1.51776910
1.51773626
1.51770134
1.51766642
1.51763151
1.51756849
1.51750549
1.51744250
1.51737562
1.51730497
1.51723433
1.51716371
1.51709281
1.51700557
1.51691835
1.51687899
1.51684010
1.51675091
1.51666173
1.51657257
1.51648343
1.51639431
1.51630521
1.51621613
1.51612707
1.51603804
1.51599142
1.51594481
1.51589821
1.51585162
1.51580504
1.51575847
1.51562210
1.51550815
1.51539424
1.51529020
1.51518620
1.51512116
1.51506775
1.51501435
1.51496096
1.51488079
1.51480063
1.51472049
1.51464037
1.51456027
1.51448911
1.51433504
1.51418101
1.51402701
1.51387304
1.51371911
1.51356521
1.51341135
1.51325753
1.51310373
1.51294997
1.51279625
1.51264256
1.51248891
1.51239291
1.51229694
1.51220099
1.51210506
1.51200916
1.51191327
1.51182444
1.51173564
1.51164685
1.51149523
1.51134364
1.51119208
1.51108271
1.51107153
1.51104969
1.51104573
1.51108893
1.51109408
1.51105224
1.51098511
1.51090237
1.51084634
1.51079033
1.51074185
1.51069338
1.51066980
1.51065010
1.51061616
1.51051754
1.51039594
1.51027436
1.51018585
1.51009735
1.51000888
1.50996733
1.50991158
1.50985585
1.50977601
1.50973378
1.50969156
1.50964935
1.50965623
1.50976246
1.50986866
1.50997483
1.51007263
1.51014411
1.51021556
1.51021108
1.51020353
1.51019597
1.51018842
1.51018086
1.51017331
1.51016576
1.51015822
1.51023788
1.51031752
1.51045986
1.51064323
1.51082656
1.51100985
1.51113019
1.51114063
1.51115107
1.51116151
1.51117194
1.51118238
1.51127375
1.51137934
1.51143440
1.51144327
1.51143222
1.51133829
1.51128166
1.51122504
1.51111969
1.51104219
1.51093407
1.51082598
1.51071792
1.51068047
1.51064304
1.51054249
1.51044197
1.51034147
1.51024099
1.51014054
1.51004011
1.50993969
1.50983931
1.50976820
1.50969711
1.50962764
1.50955818
1.50945801
1.50938630
1.50937227
1.50935824
1.50931778
1.50927733
1.50926101
1.50924470
1.50922839
1.50921209
1.50919579
1.50917949
1.50916320
1.50914691
1.50913846
1.50911814
1.50909783
1.50907752
1.50902816
1.50897881
1.50898578
1.50899275
1.50898459
1.50897644
1.50896828
1.50896013
1.50890947
1.50885881
1.50880817
1.50875754
1.50865894
1.50856036
1.50846180
1.50836327
1.50824865
1.50813406
1.50801950
1.50790496
1.50779044
1.50767103
1.50755165
1.50754483
1.50759346
1.50764208
1.50756914
1.50749081
1.50741250
1.50733420
1.50728761
1.50724104
1.50712941
1.50701781
1.50690623
1.50679467
1.50677611
1.50675754
1.50669257
1.50662761
1.50668177
1.50675866
1.50683552
1.50691238
1.50692782
1.50694481
1.50696180
1.50697878
1.50704234
1.50710588
1.50713158
1.50713311
1.50708683
1.50704056
1.50699431
1.50694806
1.50700350
1.50704469
1.50708588
1.50707644
1.50696288
1.50692195
1.50688104
1.50684013
1.50681011
1.50677380
1.50672877
1.50668375
1.50667646
1.50666917
1.50666188
1.50666338
1.50666697
1.50666371
1.50666045
1.50665719
1.50665394
1.50665068
1.50664743
1.50664418
1.50670016
1.50675613
1.50682725
1.50678849
1.50667080
1.50655313
1.50643549
1.50631787
1.50621143
1.50610502
1.50606899
1.50603298
1.50599697
1.50596480
1.50597406
1.50598332
1.50600141
1.50601026
1.50610775
1.50621383
1.50631989
1.50642593
1.50652353
1.50662111
1.50671867
1.50679379
1.50686034
1.50692687
1.50699339
1.50700918
1.50700167
1.50691783
1.50683402
1.50675022
1.50666644
1.50658267
1.50649893
1.50640155
1.50630418
1.50620684
1.50610952
1.50606176
1.50600634
1.50592335
1.50584038
1.50572681
1.50568871
1.50560584
1.50563210
1.50565568
1.50569077
1.50568990
1.50568903
1.50573837
1.50574589
1.50575286
1.50571099
1.50579217
1.50579082
1.50586155
1.50593227
1.50590212
1.50587969
1.50583116
1.50578265
1.50578753
1.50576403
1.50567218
1.50558035
1.50552710
1.50543622
1.50534536
1.50528536
1.50523088
1.50518197
1.50513306
1.50513872
1.50508775
1.50503678
1.50498583
1.50492379
1.50486176
1.50479974
1.50474793
1.50469613
1.50464434
1.50455058
1.50453609
1.50454116
1.50457667
1.50461217
1.50464766
1.50468315
1.50479310
1.50490303
1.50501884
1.50526884
1.50540883
1.50547420
1.50553956
1.50565324
1.50573627
1.50581929
1.50590228
1.50598526
1.50606822
1.50615117
1.50623409
1.50631700
1.50634123
1.50636545
1.50638967
1.50641389
1.50640149
1.50647065
1.50652429
1.50653598
1.50652812
1.50651428
1.50660027
1.50665043
1.50668904
1.50672714
1.50676523
1.50685238
1.50693950
1.50702661
1.50711370
1.50720077
1.50728782
1.50733890
1.50738997
1.50744103
1.50746899
1.50749694
1.50745562
1.50741431
1.50738901
1.50736372
1.50734304
1.50729253
1.50717705
1.50706160
1.50694617
1.50692892
1.50697328
1.50706989
1.50716557
1.50730409
1.50751337
1.50772261
1.50793215
1.50823854
1.50849879
1.50875898
1.50901912
1.50927921
1.50956680
1.50985433
1.51014180
1.51042921
1.51079906
1.51114942
1.51149971
1.51184992
1.51216841
1.51251023
1.51281261
1.51302618
1.51323970
1.51345318
1.51367366
1.51389409
1.51411448
1.51422567
1.51432836
1.51439044
1.51445251
1.51451456
1.51455497
1.51462454
1.51470370
1.51480031
1.51493892
1.51503033
1.51507129
1.51511224
1.51516261
1.51521160
1.51526059
1.51530956
1.51544933
1.51569582
1.51594225
1.51601491
1.51608755
1.51616017
1.51624743
1.51626961
1.51620942
1.51614924
1.51608908
1.51595469
1.51582032
1.51568599
1.51555168
1.51541741
1.51528316
1.51514894
1.51505224
1.51499673
1.51493797
1.51487218
1.51480642
1.51477926
1.51475351
1.51481399
1.51490245
1.51499089
1.51507931
1.51516772
1.51525610
1.51534446
1.51543281
1.51549108
1.51554934
1.51558380
1.51558560
1.51558524
1.51558488
1.51558452
1.51558415
1.51558212
1.51558009
1.51560656
1.51563303
1.51564061
1.51564819
1.51565577
1.51566335
1.51567093
1.51567850
1.51571549
1.51560506
1.51549465
1.51538426
1.51532723
1.51527021
1.51521320
1.51515620
1.51509921
1.51508226
1.51506531
1.51504836
1.51503141
1.51501447
1.51498713
1.51496996
1.51495280
1.51496737
1.51498193
1.51499648
1.51489813
1.51482793
1.51473455
1.51464119
1.51454785
1.51456242
1.51459684
1.51463125
1.51466566
1.51470006
1.51473445
1.51476884
1.51480322
1.51490531
1.51499140
1.51507747
1.51516353
1.51522489
1.51528623
1.51530133
1.51531643
1.51533153
1.51534662
1.51532948
1.51531233
1.51526652
1.51529255
1.51531858
1.51528660
1.51525462
1.51522266
1.51510456
1.51498204
1.51485956
1.51473710
1.51461467
1.51449226
1.51436988
1.51424752
1.51416230
1.51407709
1.51399191
1.51400562
1.51401932
1.51399573
1.51397214
1.51399042
1.51405174
1.51408015
1.51410854
1.51407734
1.51402168
1.51396603
1.51391039
1.51385477
1.51379916
1.51374356
1.51366530
1.51358707
1.51350885
1.51343064
1.51335246
1.51330170
1.51320473
1.51310779
1.51301086
1.51291395
1.51281707
1.51272020
1.51262336
1.51253943
1.51245552
1.51237163
1.51228776
1.51220390
1.51206705
1.51193023
1.51192881
1.51193963
1.51190531
1.51187099
1.51186377
1.51185655
1.51184933
1.51174345
1.51165132
1.51155921
1.51146712
1.51137506
1.51128301
1.51121336
1.51114374
1.51107412
1.51098424
1.51089437
1.51080453
1.51071470
1.51065373
1.51059483
1.51053594
1.51047706
1.51041820
1.51043111
1.51042933
1.51042755
1.51042577
1.51042399
1.51042222
1.51042044
1.51042866
1.51042815
1.51042787
1.51041644
1.51034491
1.51028288
1.51019654
1.51011021
1.51005571
1.51008989
1.51019230
1.51029469
1.51038947
1.51043923
1.51048898
1.51053717
1.51058535
1.51064764
1.51064576
1.51064388
1.51061141
1.51059825
1.51058509
1.51057194
1.51055879
1.51053854
1.51059345
1.51064835
1.51068588
1.51072340
1.51076091
1.51077448
1.51078805
1.51076550
1.51083364
1.51090177
1.51098175
1.51099296
1.51100416
1.51101536
1.51102655
1.51093225
1.51085964
1.51080109
1.51074256
1.51068403
1.51063663
1.51058924
1.51055067
1.51051212
1.51047356
1.51043502
1.51036336
1.51029172
1.51024934
1.51020697
1.51016460
1.51011864
1.51007269
1.51018659
1.51028603
1.51038469
1.51048332
1.51058193
1.51068053
1.51064609
1.51061166
1.51061330
1.51065664
1.51068387
1.51072529
1.51077604
1.51082678
1.51083722
1.51084767
1.51085244
1.51078509
1.51071775
1.51066627
1.51061479
1.51058016
1.51054554
1.51049992
1.51043495
1.51034737
1.51025981
1.51017226
1.51008473
1.50999722
1.50990973
1.50982226
1.50972875
1.50963525
1.50954178
1.50949647
1.50949851
1.50950055
1.50950259
1.50950704
1.50960235
1.50964766
1.50969296
1.50971073
1.50975879
1.50981455
1.50982998
1.50987074
1.50991662
1.50993223
1.50994785
1.50996907
1.50999028
1.50999550
1.51000071
1.50998416
1.50990544
1.50982674
1.50974805
1.50966938
1.50959073
1.50954068
1.50945428
1.50936789
1.50935396
1.50934004
1.50932612
1.50936456
1.50940299
1.50944142
1.50948371
1.50949293
1.50955174
1.50961053
1.50952309
1.50943567
1.50938009
1.50937094
1.50936180
1.50933551
1.50935589
1.50928003
1.50920420
1.50912838
1.50907611
1.50902385
1.50897160
1.50895061
1.50898228
1.50901393
1.50904558
1.50906398
1.50899339
1.50892283
1.50885228
1.50882316
1.50881304
1.50883374
1.50876308
1.50871176
1.50866044
1.50860919
1.50855796
1.50850673
1.50845552
1.50833095
1.50820640
1.50808189
1.50795739
1.50783293
1.50770849
1.50758407
1.50745968
1.50733532
1.50721098
1.50708667
1.50696238
1.50688679
1.50681122
1.50673567
1.50671503
1.50668454
1.50667621
1.50666788
1.50665956
1.50665750
1.50665544
1.50670510
1.50675474
1.50680438
1.50687895
1.50686851
1.50685807
1.50683035
1.50685937
1.50688838
1.50679189
1.50669803
1.50660419
1.50651037
1.50641686
1.50632337
1.50622989
1.50622680
1.50626227
1.50629774
1.50633320
1.50636865
1.50630452
1.50624041
1.50619555
1.50614340
1.50609127
1.50600272
1.50589792
1.50579314
1.50568839
1.50558365
1.50559019
1.50561398
1.50563189
1.50564979
1.50565802
1.50565332
1.50564861
1.50562949
1.50553528
1.50544109
1.50533413
1.50522719
1.50512027
1.50501338
1.50490650
1.50491946
1.50493241
1.50494536
1.50492026
1.50493079
1.50498044
1.50503007
1.50507969
1.50512930
1.50520099
1.50523882
1.50535614
1.50547344
1.50557213
1.50566119
1.50582192
1.50603107
1.50624017
1.50654553
1.50693475
1.50732390
1.50766811
1.50801226
1.50834802
1.50868371
1.50901933
1.50935489
1.50971720
1.51001906
1.51023712
1.51050177
1.51076050
1.51113075
1.51151154
1.51168082
1.51185006
1.51202153
1.51219297
1.51237544
1.51241015
1.51244485
1.51246509
1.51248533
1.51250556
1.51255457
1.51260357
1.51265256
1.51271064
1.51276870
1.51271248
1.51265626
1.51269284
1.51276440
1.51283594
1.51295499
1.51304146
1.51308637
1.51311534
1.51302396
1.51293260
1.51284126
1.51274994
1.51265863
1.51256735
1.51247608
1.51248126
1.51248644
1.51251469
1.51254294
1.51257118
1.51259941
1.51260930
1.51261918
1.51262907
1.51280974
1.51299037
1.51314759
1.51330479
1.51346195
1.51356150
1.51359678
1.51365687
1.51371694
1.51377700
1.51383705
1.51389709
1.51393416
1.51398282
1.51396582
1.51394884
1.51393185
1.51392140
1.51391096
1.51390051
1.51395172
1.51400293
1.51403590
1.51401556
1.51394768
1.51387980
1.51381194
1.51370696
1.51360199
1.51349705
1.51349173
1.51346995
1.51344817
1.51342140
1.51338668
1.51335365
1.51329235
1.51323107
1.51312693
1.51302281
1.51291871
1.51283104
1.51285216
1.51280579
1.51274785
1.51269135
1.51263485
1.51257837
1.51250216
1.51240667
1.51231120
1.51226120
1.51221120
1.51216122
1.51205544
1.51194968
1.51184394
1.51173822
1.51163252
1.51162423
1.51153924
1.51148584
1.51141201
1.51133821
1.51125055
1.51116291
1.51107529
1.51098768
1.51090010
1.51081253
1.51072498
1.51063744
1.51054993
1.51046243
1.51038645
1.51032972
1.51025938
1.51018906
1.51017280
1.51015655
1.51012277
1.51004785
1.50997294
1.50989806
1.50982318
1.50974832
1.50968311
1.50958437
1.50948564
1.50938694
1.50928826
1.50918959
1.50909095
1.50899232
1.50899107
1.50891516
1.50882870
1.50874226
1.50867386
1.50860549
1.50854757
1.50848967
1.50843178
1.50837390
1.50831603
1.50823757
1.50815913
1.50808070
1.50800229
1.50795167
1.50790106
1.50790235
1.50788486
1.50786738
1.50791138
1.50798572
1.50806392
1.50814211
1.50815006
1.50811450
1.50815120
1.50824647
1.50834172
1.50840144
1.50842621
1.50844019
1.50845416
1.50846813
1.50848647
1.50850480
1.50852312
1.50854145
1.50855977
1.50857808
1.50855941
1.50854073
1.50852206
1.50854345
1.50862774
1.50875896
1.50888981
1.50901703
1.50914422
1.50927139
1.50939451
1.50953963
1.50968471
1.50982977
1.50986217
1.50993893
1.51001568
1.51009240
1.51018361
1.51027480
1.51036598
1.51045713
1.51050240
1.51054767
1.51056716
1.51053176
1.51049637
1.51046100
1.51042562
1.51039026
1.51027758
1.51016493
1.51014026
1.51006121
1.50998217
1.50990314
1.50982413
1.50974514
1.50974894
1.50970420
1.50965947
1.50955088
1.50944231
1.50942802
1.50941374
1.50939946
1.50938519
1.50937091
1.50935664
1.50934237
1.50932811
1.50930815
1.50929202
1.50927590
1.50925978
1.50924366
1.50925455
