1.00000000
1.00000000
1.00000000
1.00000000
1.28966899
1.65636882
1.91829726
2.10492160
2.27213095
2.40589843
2.51534455
2.60654965
2.68372319
2.67821177
2.74673460
2.80669208
2.89424852
2.97207647
3.00974124
3.04363952
3.07430940
3.12704199
3.23939817
3.34239134
3.39423851
3.46788933
3.56788604
3.66074014
3.70059852
3.73779968
3.79512422
3.84886597
3.95486332
3.97482489
3.99364579
4.01142109
4.02823556
4.04416506
4.10123583
4.19983726
4.28985789
4.35327426
4.35354230
4.35379816
4.32862476
4.30454585
4.26630416
4.22965588
4.18005901
4.13244601
4.08670018
4.05143888
4.01750819
4.02790070
4.03791530
4.04757223
4.07207953
4.11230226
4.15116150
4.18872543
4.26267171
4.31746394
4.37013565
4.44163096
4.51092642
4.53298912
4.55439323
4.57516781
4.57937328
4.58596209
4.55965714
4.53408288
4.51332491
4.52988469
4.54688899
4.56705702
4.58670121
4.57589279
4.56535801
4.56660947
4.56783003
4.56902082
4.57018291
4.57131734
4.58600829
4.59393951
4.60168840
4.61104791
4.62718754
4.64296851
4.65840264
4.65999271
4.69121905
4.72146712
4.75107839
4.77974345
4.80781748
4.82540796
4.83846346
4.85125784
4.86379888
4.89634825
4.96083710
5.04124330
5.07531642
5.10939468
5.14283596
5.17565796
5.19165168
5.21227742
5.23791597
5.26309668
5.28065689
5.27949473
5.26873300
5.25815681
5.25761382
5.23219954
5.22560856
5.22144802
5.21735625
5.21945139
5.20037514
5.18160657
5.16313830
5.14496318
5.12707428
5.10946489
5.09212852
5.07505886
5.07520936
5.08358759
5.09183983
5.09913814
5.10632832
5.09866751
5.09111853
5.08188301
5.07444514
5.06711353
5.05558502
5.04421888
5.04172964
5.03927497
5.03685416
5.03650680
5.03616417
5.02685323
5.01766728
5.00806170
4.99858335
4.99443506
4.98310445
4.97192098
4.96379167
4.95576659
4.94784374
4.94002117
4.93229701
4.92466939
4.91713653
4.90969667
4.90234809
4.90093532
4.88397159
4.86721224
4.85065360
4.83638629
4.82228782
4.80835522
4.79458557
4.78097604
4.76900863
4.75717879
4.74482034
4.73260233
4.73715782
4.74166212
4.73190816
4.72226259
4.70987058
4.69761475
4.69113728
4.68473021
4.67215741
4.65971980
4.66670467
4.67212755
4.67749304
4.68280205
4.68805547
4.70532721
4.71783346
4.73465629
4.75130658
4.76778697
4.77760529
4.78732443
4.79694590
4.80138855
4.80578700
4.81014189
4.81046375
4.81078244
4.81109803
4.81141055
4.81172006
4.81739353
4.82301271
4.82857838
4.83199908
4.83538750
4.84390403
4.85234096
4.86691455
4.88135320
4.89565877
4.90983310
4.91157533
4.91330173
4.91160255
4.90991868
4.89673648
4.88367198
4.87729551
4.87720883
4.87385213
4.87052488
4.86466639
4.85885884
4.85310158
4.84340787
4.83379737
4.82426901
4.81531788
4.80642605
4.79760926
4.79707571
4.81431952
4.83141964
4.84409013
4.85665591
4.86410695
4.87149693
4.87882657
4.89000630
4.90109550
4.90946784
4.91777293
4.92601157
4.93418457
4.94569877
4.96142132
4.97702006
4.99668559
5.00548945
5.01422480
5.01429389
5.02315419
5.02214356
5.02114068
5.02014546
5.02044060
5.02362708
5.02678951
5.02447925
5.01324654
5.00209766
4.99103168
4.98280221
4.97463348
4.96652481
4.96338647
4.95283684
4.94063482
4.93493522
4.92927678
4.92365904
4.91808157
4.90940689
4.90079394
4.89224209
4.88826021
4.88548777
4.88585065
4.88782195
4.88977952
4.89994234
4.90729413
4.91299053
4.91864779
4.92008007
4.91459938
4.90915597
4.90374947
4.89837950
4.88796908
4.87762854
4.86735716
4.85520255
4.84312869
4.83113479
4.82667443
4.82206131
4.81747843
4.82056047
4.82204422
4.82351834
4.82498291
4.82467996
4.82582054
4.82695381
4.82807985
4.83243027
4.83371286
4.83353867
4.83853082
4.84554394
4.85251308
4.85943867
4.86899466
4.87366939
4.88759149
4.89691988
4.90336609
4.91925658
4.93010247
4.93779383
4.94543844
4.95393077
4.96237178
4.97333661
4.99105360
5.00778765
5.01897602
5.03009779
5.04115356
5.05214391
5.06836854
5.08449774
5.10053233
5.11655042
5.12689682
5.13754516
5.14965987
5.16170454
5.17188933
5.18201559
5.19288483
5.20369196
5.21443751
5.22512201
5.23574597
5.24154317
5.24173345
5.23626980
5.22560420
5.21499818
5.20445124
5.19608442
5.18776394
5.18089265
5.17405921
5.17031932
5.16659991
5.16290083
5.15377014
5.14361189
5.13726761
5.12828336
5.12082184
5.12663337
5.13230913
5.13658616
5.14084039
5.15392748
5.17027536
5.18403645
5.19182170
5.20158950
5.21234354
5.22484410
5.23297723
5.23961655
5.24622137
5.25279198
5.26327742
5.26814046
5.27179482
5.26882246
5.26586530
5.26292323
5.25999613
5.25664918
5.25331917
5.24675196
5.24021783
5.23371654
5.22724783
5.22081147
5.21440721
5.20803481
5.20227086
5.19653544
5.19082835
5.18514937
5.18222413
5.17931323
5.17474826
5.17712518
5.17949053
5.18313606
5.18676394
5.18839468
5.19001757
5.18673780
5.18050552
5.17430306
5.16813020
5.16556766
5.16301730
5.16234901
5.16090860
5.15647598
5.15114370
5.14583645
5.14055406
5.13611823
5.13170308
5.12594056
5.12025458
5.11531921
5.11040663
5.10551669
5.10064923
5.09580410
5.09098114
5.08661611
5.08227096
5.07794557
5.08370921
5.09106781
5.09840728
5.10057097
5.10385271
5.10711974
5.11118524
5.11092490
5.11066573
5.10483838
5.09844445
5.09207881
5.08574127
5.07943165
5.07314976
5.06689543
5.06066847
5.05599202
5.05894647
5.06188807
5.06506656
5.06719266
5.06638381
5.06557845
5.06134313
5.05712600
5.05292692
5.05383074
5.05473070
5.05862218
5.06249715
5.06390608
5.06338864
5.05908848
5.05813982
5.05719514
5.05179905
5.04637412
5.04034865
5.03885399
5.04469166
5.05050511
5.05790301
5.06527034
5.07260729
5.07991405
5.08702408
5.09143233
5.09582254
5.09786381
5.09598267
5.09062950
5.08784571
5.07996785
5.07830214
5.07664315
5.07499083
5.07242153
5.06986252
5.06731375
5.06477516
5.06224668
5.05846696
5.05368144
5.04891486
5.04416713
5.03943812
5.03472773
5.03003586
5.02653373
5.02304531
5.01957051
5.01610927
5.01266149
5.00922710
5.00580602
5.00239818
5.00054504
4.99869904
4.99909709
5.00064599
5.00218896
5.00293329
5.00501249
5.00623563
5.00290759
4.99959218
4.99628933
4.99299896
4.98972102
4.98781468
4.98591552
4.98402348
4.98213852
4.98026061
4.97838971
4.97292182
4.96821224
4.96352013
4.95884540
4.95418795
4.94848564
4.94280432
4.93714389
4.93387030
4.93060871
4.92738822
4.92417949
4.92271768
4.91987225
4.91703714
4.92417393
4.93072012
4.93724267
4.94480513
4.95234038
4.95906863
4.96318411
4.96208351
4.96227063
4.96363197
4.96539571
4.96715318
4.96890442
4.97064946
4.97041764
4.97018665
4.97175207
4.96938605
4.96533674
4.96130161
4.95958102
4.95786642
4.95666176
4.95666913
4.95830219
4.95992959
4.96155136
4.96316752
4.96477811
4.96638316
4.96798269
4.97012008
4.97408141
4.97906615
4.98225050
4.98542401
4.98734500
4.98925947
4.98991395
4.99056621
4.99121628
4.98952985
4.98733921
4.98515594
4.98297999
4.98081134
4.97696079
4.97699467
4.98327665
4.98953773
4.99417896
4.99983127
5.00687133
5.01560492
5.02430969
5.02898439
5.03166371
5.03433423
5.03709192
5.03984058
5.04677916
5.05718049
5.07063392
5.08276468
5.09485605
5.10525059
5.11524603
5.12213141
5.12541330
5.12820024
5.13083766
5.13346661
5.13608713
5.13972253
5.14334631
5.14695853
5.14872429
5.15048444
5.15223900
5.15082572
5.14941693
5.14823061
5.14704804
5.14748096
5.14791252
5.14834272
5.14877157
5.14843689
5.14810327
5.14777068
5.14743913
5.14831025
5.14798376
5.14765829
5.14815907
5.14865830
5.14915599
5.14817691
5.14720085
5.14622778
5.14640887
5.14658940
5.14676938
5.14694882
5.14564330
5.14295195
5.14577764
5.14859475
5.15140333
5.15440150
5.15598212
5.15755796
5.15934616
5.16084707
5.16234347
5.16485870
5.16563194
5.16640287
5.16717149
5.16604324
5.16389085
5.16317239
5.16238167
5.16159329
5.16151005
5.16142706
5.15994262
5.15846254
5.15400663
5.15041066
5.14682523
5.14426151
5.13860726
5.13296952
5.12734822
5.12369157
5.12004555
5.11641012
5.11278523
5.10945089
5.10347587
5.09751810
5.09157749
5.08908754
5.08808427
5.08737619
5.08667014
5.08638459
5.08746172
5.08853577
5.08960677
5.09067472
5.09173964
5.09189498
5.09204988
5.09220434
5.09235836
5.09376682
5.09450519
5.09341816
5.09177678
5.09014000
5.09157664
5.09356151
5.09554083
5.09751463
5.09941039
5.10130088
5.10318612
5.10362042
5.10573929
5.11061358
5.11547440
5.11779583
5.11799039
5.11836740
5.11842496
5.11848237
5.11925646
5.12002844
5.12060574
5.12265745
5.12470358
5.12674414
5.13001671
5.13472081
5.13989195
5.14475628
5.14960746
5.15404594
5.16015338
5.16448614
5.16867563
5.17066568
5.17581911
5.17817531
5.18052522
5.17815307
5.17408340
5.17002456
5.16597652
5.16234794
5.15981379
5.15728636
5.15476561
5.15492250
5.15507897
5.15576016
5.15734044
5.15891657
5.16048856
5.16205644
5.16270914
5.16336014
5.16400755
5.16205955
5.16011662
5.15817875
5.15624591
5.15431808
5.15239525
5.15047739
5.14856449
5.14827755
5.14795521
5.14718721
5.14642118
5.14565712
5.14254604
5.14336590
5.14551244
5.14765350
5.14818919
5.14887598
5.14956102
5.15024432
5.15512161
5.16104146
5.16637808
5.17170121
5.17762061
5.18352509
5.19172881
5.19991189
5.20454772
5.20770908
5.21086252
5.21280207
5.21473677
5.22003693
5.22532387
5.22816167
5.23060049
5.23303325
5.23545997
5.23788068
5.24051569
5.24314419
5.24576619
5.24838173
5.25311313
5.25646869
5.25851409
5.26097549
5.26282886
5.26563267
5.26842962
5.26923677
5.26989072
5.27054308
5.27119386
5.27279678
5.27618066
5.27955634
5.28292385
5.28628321
5.29098827
5.29568198
5.30036439
5.30503552
5.30969543
5.31395734
5.31809080
5.32221435
5.32624357
5.33026317
5.33427316
5.33827360
5.34226452
5.34575235
5.34923189
5.35359132
5.35794042
5.36215452
5.36635866
5.37311676
5.38108476
5.38903400
5.39696453
5.40371220
5.40941568
5.41510580
5.41791898
5.42041470
5.42324958
5.42770539
5.43154672
5.43523749
5.43891968
5.44259331
5.44625842
5.44987567
5.45348454
5.45714209
5.46079118
5.46443187
5.46806416
5.47141747
5.47093470
5.47162292
5.47230956
5.47367122
5.47251883
5.47064337
5.46813709
5.46563652
5.46314165
5.46437321
5.46418973
5.46340869
5.46262942
5.46185191
5.46175599
5.46158269
5.46151998
5.46145741
5.46139499
5.46079571
5.45721050
5.45344519
5.45098783
5.44839896
5.44581588
5.44323858
5.44066703
5.43810121
5.43554111
5.43298670
5.43043797
5.42789489
5.42535746
5.42282564
5.42029943
5.41909316
5.41788955
5.41660033
5.41531396
5.41403042
5.41274970
5.41148834
5.40952264
5.40900692
5.40849233
5.40749783
5.40650550
5.40551534
5.40627771
5.40697863
5.40644414
5.40691546
5.40907983
5.41123951
5.41339451
5.41554485
5.41769055
5.41983162
5.42196807
5.42409993
5.42622720
5.42779689
5.42936321
5.43180474
5.43424104
5.43667213
5.44066585
5.44173455
5.44280098
5.44386513
5.44640386
5.44681723
5.44722973
5.44764135
5.44805209
5.44790102
5.44675025
5.44560191
5.44295414
5.44031196
5.43767533
5.43504425
5.43241870
5.42979865
5.42718410
5.42457503
5.42197141
5.41937324
5.41620476
5.41521755
5.41423239
5.41417105
5.41407386
5.41397688
5.41388009
5.41378350
5.41350802
5.41200313
5.41050135
5.40900267
5.40750708
5.40601457
5.40452513
5.40303876
5.40155543
5.40007515
5.39991899
5.39976316
5.39960764
5.39945244
5.39941495
5.39937753
5.39965513
5.39993216
5.40020863
5.39997264
5.39917842
5.39838582
5.39759482
5.39506489
5.39254007
5.38872507
5.38491777
5.38111813
5.37732614
5.37927733
5.38122459
5.38316795
5.38510742
5.38606213
5.38397979
5.38190161
5.37982757
5.37775200
5.37568056
5.37361325
5.36892580
5.36939193
5.36985714
5.36961747
5.36937828
5.36913956
5.36890131
5.36866354
5.36842623
5.36818939
5.36985491
5.37264539
5.37543040
5.37704994
5.37866632
5.38027952
5.38168160
5.38308093
5.38369604
5.38088364
5.37982288
5.37814487
5.37647013
5.37630274
5.37613567
5.37596893
5.37580251
5.37343008
5.37106224
5.36821442
5.36537209
5.36192756
5.35848967
5.35505839
5.35290869
5.35076312
5.34919047
5.34762083
5.34665837
5.34553158
5.34314463
5.34076224
5.33838440
5.33601341
5.33364694
5.33128496
5.32892748
5.32657448
5.32422594
5.32404069
5.32247780
5.32091787
5.31936089
5.31664055
5.31392535
5.31121526
5.30851028
5.30581039
5.30311557
5.30309298
5.30307043
5.30304793
5.29928243
5.29776008
5.29685607
5.29864940
5.30043938
5.30222603
5.30650133
5.31044780
5.31515831
5.32032737
5.32524616
5.33011476
5.33497434
5.33982494
5.34389188
5.34927688
5.35274775
5.35621223
5.35952425
5.36283018
5.36613003
5.36942382
5.37271157
5.37492829
5.37619030
5.37593139
5.37567296
5.37345787
5.37050925
5.36893129
5.36735620
5.36578397
5.36477606
5.36376998
5.36276573
5.36176330
5.36076269
5.35976388
5.35657295
5.35625930
5.35601688
5.35577489
5.35553334
5.35529223
5.35353597
5.35014674
5.34676359
5.34478298
5.34280591
5.34083239
5.33920553
5.33758158
5.33663270
5.33704084
5.33721623
5.33698629
5.33675675
5.33652763
5.33493078
5.33423165
5.33353376
5.33393102
5.33594438
5.33959697
5.34378265
5.34770992
5.35163026
5.35262776
5.35209079
5.35301646
5.35321113
5.35340546
5.35399277
5.35327572
5.35255994
5.35184541
5.35113212
5.35042008
5.34970929
5.34899973
5.34829141
5.34758433
5.34687847
5.34564366
5.34441100
5.34379130
5.34317268
5.34323406
5.34385121
5.34446730
5.34528951
5.34611030
5.34692968
5.34774764
5.34673740
5.34572473
5.34471380
5.34372094
5.34272978
5.34118648
5.34081415
5.34214083
5.34346524
5.34476627
5.34675431
5.34873896
5.35072022
5.35254797
5.35437260
5.35824475
5.36162029
5.36550220
5.36776188
5.36976943
5.36980657
5.36984365
5.37159908
5.37148112
5.37136336
5.37124580
5.37112844
5.37101127
5.37078729
5.36994524
5.36960617
5.36870480
5.36780494
5.36690659
5.36382595
5.36319919
5.36257347
5.36211230
5.36189071
5.36207532
5.36225962
5.36143641
5.36061457
5.35979409
5.35897497
5.35722809
5.35468957
5.35474320
5.35468316
5.35462321
5.35246506
5.35088330
5.34879851
5.34671716
5.34713916
5.34756046
5.34754022
5.34752001
5.34886442
5.35020664
5.35126450
5.35232064
5.35151030
5.34905260
5.34575809
5.34246896
5.34019159
5.33791793
5.33738636
5.33685565
5.33649029
5.33607670
5.33566378
5.33492074
5.33464574
5.33282832
5.33101383
5.32735945
5.32371097
5.32006837
5.31643164
5.31280076
5.30917571
5.30555649
5.30352043
5.30240227
5.30162744
5.29932226
5.29702077
5.29557856
5.29413864
5.29270103
5.29126571
5.28983267
5.28849174
5.28715293
5.28401822
5.28290945
5.28536814
5.28721760
5.28850998
5.29027770
5.29204262
5.29176145
5.29219886
5.29263558
5.29583283
5.29653883
5.29773326
5.30058744
5.30343713
5.30628234
5.30912309
5.31195938
5.31370719
5.31545225
5.31700871
5.31785493
5.31869984
5.31972050
5.32073957
5.32175706
5.32277163
5.32378463
5.32370646
5.32375219
5.32280836
5.32186600
5.32092510
5.31998566
5.31855038
5.31519540
5.31184561
5.30850099
5.30719751
5.30607484
5.30495391
5.30383470
5.30271722
5.30160145
5.29990051
5.29820217
5.29513975
5.29208202
5.28902897
5.28598059
5.28321543
5.28045448
5.27769776
5.27646739
5.27523891
5.27401229
5.27318691
5.27262556
5.27165539
5.27053192
5.27045826
5.27038471
5.27246783
5.27374645
5.27502314
5.27629790
5.27770553
5.27706758
5.27598007
5.27885641
5.28172841
5.28459610
5.28717231
5.28768075
5.28818842
5.29019371
5.29219599
5.29419526
5.29581019
5.29742271
5.29884069
5.30025656
5.30167032
5.30308197
5.30449151
5.30622014
5.30864861
5.31100984
5.31291661
5.31458624
5.31543603
5.31628457
5.31713184
5.31797787
5.31882264
5.32064881
5.32247229
5.32429307
5.32870531
5.33298669
5.33701060
5.33938433
5.34175457
5.34412133
5.34707667
5.34693511
5.34525845
5.34428895
5.34388219
5.34347603
5.34449254
5.34576044
5.34702650
5.34882514
5.35062115
5.35241455
5.35378744
5.35515834
5.35652724
5.35950316
5.36247477
5.36292298
5.36337054
5.36381746
5.36426373
5.36519793
5.36639395
5.36741186
5.36850700
5.36960056
5.36912030
5.36938394
5.36740343
5.36542577
5.36392080
5.36307997
5.36224035
5.36019809
5.35815876
5.35674170
5.35532666
5.35477356
5.35367886
5.35281085
5.35194409
5.35087764
5.35090718
5.35093667
5.35096613
5.35062150
5.34892610
5.34894595
5.34896576
5.34898555
5.34666471
5.34434714
5.34284113
5.34270134
5.34256175
5.34242235
5.34228315
5.34195282
5.34202695
5.34058111
5.34129878
5.34216480
5.34302962
5.34271062
5.34315881
5.34387256
5.34409204
5.34431121
5.34493580
5.34486513
5.34774876
5.35062837
5.35374754
5.35686237
5.35770896
5.35855437
5.35933659
5.35975106
5.36034416
5.35917592
5.35775449
5.35633503
5.35491754
5.35495842
5.35499924
5.35504000
5.35484296
5.35464619
5.35506531
5.35543049
5.35564601
5.35588798
5.35612962
5.35637093
5.35661190
5.35685254
5.35682260
5.35584940
5.35277110
5.34969700
5.34848733
5.34727932
5.34607295
5.34487618
5.34368104
5.34248753
5.34134464
5.34020329
5.33906351
5.33793838
5.33644802
5.33495967
5.33347335
5.33198904
5.33050675
5.32902646
5.32979453
5.33056156
5.33124573
5.33136669
5.33136189
5.33135709
5.33187828
5.33239877
5.33291857
5.33148687
5.32932013
5.32834212
5.32736541
5.32639002
5.32463964
5.32270483
5.32077262
5.31884299
5.31691595
5.31499147
5.31306957
5.31115023
5.30831102
5.30556398
5.30282059
5.30078054
5.29851643
5.29625534
5.29399725
5.29174216
5.28949005
5.28724093
5.28741420
5.28758724
5.28813566
5.28868336
5.28948392
5.29071615
5.29288544
5.29313248
5.29337919
5.29414191
5.29397210
5.29380253
5.29431074
5.29403846
5.29376654
5.29427625
5.29477023
5.29521555
5.29566028
5.29610443
5.29650727
5.29587552
5.29468209
5.29349022
5.29347408
5.29345797
5.29344188
5.29438344
5.29468979
5.29499574
5.29530130
5.29477980
5.29413234
5.29348571
5.29195744
5.29043115
5.28885188
5.28658238
5.28431581
5.28163583
5.28030411
5.27897410
5.27881705
5.27709954
5.27538423
5.27367113
5.27196023
5.27009945
5.26824106
5.26638505
5.26587995
5.26537549
5.26487168
5.26436852
5.26266017
5.26095400
5.25925001
5.25754820
5.25707714
5.25660667
5.25796594
5.25932347
5.26022740
5.26178193
5.26323994
5.26446539
5.26573057
5.26699414
5.26825611
5.26863041
5.26860301
5.26723997
5.26842340
5.26960532
5.27094567
5.27291111
5.27487408
5.27725338
5.27888445
5.27998987
5.28109390
5.28219654
5.28297903
5.28376053
5.28363399
5.28350761
5.28338139
5.28325532
5.28312942
5.28300367
5.28302172
5.28175140
5.28075522
5.27976028
5.27876658
5.27777412
5.27678290
5.27579291
5.27421882
5.27264669
5.27107651
5.26950829
5.26794200
5.26637766
5.26434337
5.26231160
5.26107812
5.25984617
5.25861574
5.25790388
5.25756547
5.25722749
5.25758728
5.25794663
5.25844076
5.25809005
5.25773977
5.25738992
5.25704049
5.25669150
5.25634294
5.25599480
5.25541636
5.25522096
5.25502580
5.25464130
5.25499549
5.25534924
5.25570257
5.25733414
5.25743401
5.25753375
5.25748521
5.25601143
5.25453944
5.25422444
5.25350224
5.25169831
5.24919923
5.24670318
5.24421015
5.24172015
5.24009282
5.23846746
5.23684407
5.23694276
5.23680861
5.23667463
5.23551411
5.23435499
5.23534765
5.23574545
5.23614277
5.23679456
5.23655348
5.23684708
5.23725126
5.23765496
5.23754468
5.23743453
5.23732452
5.23721463
5.23710488
5.23699526
5.23608586
5.23625862
5.23694602
5.23698603
5.23532814
5.23367223
5.23201828
5.23036631
5.22871630
5.22682034
5.22492664
5.22303518
5.22114857
5.21926419
5.21738205
5.21550214
5.21635743
5.21638505
5.21641263
5.21644018
5.21625753
5.21615936
5.21606130
5.21596335
5.21656692
5.21716978
5.21777193
5.21733360
5.21689577
5.21645846
5.21483373
5.21321091
5.21158999
5.20997097
5.20835384
5.20717147
5.20599047
5.20481086
5.20353572
5.20226207
5.20103277
5.19980491
5.19857847
5.19673387
5.19462737
5.19252331
5.19121588
5.18990997
5.18939684
5.18888430
5.18837236
5.18786102
5.18544911
5.18463058
5.18293970
5.18125078
5.17956381
5.17816376
5.17604983
5.17393834
5.17233790
5.17073930
5.16914254
5.16754763
5.16801767
5.16897430
5.16992982
5.16990883
5.17048831
5.17160450
5.17271941
5.17488298
5.17704407
5.17920268
5.18111677
5.18168970
5.18226198
5.18283360
5.18264191
5.18172647
5.18087457
5.18070442
5.18053447
5.18036472
5.17952903
5.17687730
5.17422858
5.17158287
5.16894016
5.16630045
5.16538284
5.16467774
5.16397344
5.16326993
5.16256722
5.16202632
5.16141177
5.16089957
5.16038795
5.15987690
5.16032515
5.16001148
5.16008769
5.15943398
5.15900308
5.15834349
5.15774526
5.15667565
5.15560724
5.15677536
5.15821563
5.15898916
5.15840620
5.15686945
5.15533442
5.15355252
5.15177262
5.14999470
5.14821876
5.14644481
5.14453606
5.14262944
5.14072495
5.13920762
5.13769199
5.13617804
5.13466578
5.13315519
5.13164628
5.13013904
5.12863348
5.12712958
5.12562735
5.12412678
5.12262787
5.12113062
5.11963502
5.11814108
5.11775441
5.11736817
5.11698236
5.11659697
5.11621201
5.11621729
5.11602810
5.11583912
5.11565035
5.11651418
5.11737706
5.11884680
5.12051266
5.12217669
5.12194417
5.12171191
5.12241981
5.12271836
5.12342393
5.12412874
5.12441691
5.12319696
5.12359196
5.12356126
5.12353060
5.12349998
5.12300367
5.12250791
5.12201268
5.12187786
5.12174318
5.12160864
5.12087476
5.11989449
5.11891527
5.11793712
5.11733700
5.11645495
5.11591989
5.11538540
5.11485149
5.11529577
5.11573957
5.11618289
5.11688731
5.11759097
5.11772029
5.11648113
5.11598471
5.11548883
5.11400192
5.11435530
5.11306915
5.11178438
5.11050099
5.10859813
5.10785359
5.10710984
5.10636689
5.10597340
5.10558033
5.10518769
5.10440520
5.10381480
5.10322503
5.10295834
5.10284666
5.10288992
5.10350033
5.10411009
5.10471920
5.10506196
5.10482059
5.10457947
5.10491921
5.10525859
5.10572228
5.10662896
5.10753468
5.10951003
5.11148328
5.11140761
5.11105397
5.11070071
5.11034782
5.10999530
5.10964316
5.10929138
5.10893998
5.10858894
5.10823828
5.10658432
5.10493211
5.10328163
5.10163288
5.09998586
5.09893323
5.09788170
5.09724388
5.09660674
5.09597025
5.09413923
5.09231013
5.09242901
5.09254776
5.09266640
5.09343276
5.09456652
5.09569910
5.09805696
5.10025531
5.10051469
5.10077380
5.10046198
5.10015047
5.09878207
5.09741509
5.09604952
5.09468537
5.09332263
5.09149745
5.08951945
5.08754349
5.08701040
5.08702627
5.08686100
5.08685179
5.08716919
5.08548311
5.08399440
5.08285504
5.08259320
5.08128378
5.08021930
5.07914240
5.07923852
5.07953625
5.07981028
5.08008402
5.08035748
5.08112307
5.08188787
5.08263108
5.08386906
5.08495488
5.08677196
5.08858718
5.09094339
5.09329720
5.09621160
5.09763930
5.09874755
5.09985467
5.10141808
5.10253558
5.10263401
5.10199662
5.10134144
5.10068692
5.10127289
5.10236315
5.10405240
5.10412041
5.10418836
5.10330349
5.10291019
5.10208723
5.10168179
5.10127675
5.10087213
5.10046791
5.10006410
5.09966070
5.09925771
5.09877293
5.09828865
5.09780485
5.09824283
5.09873951
5.09923569
5.09933810
5.09944041
5.09869773
5.09841554
5.09854235
5.09866904
5.09922485
5.10025225
5.09964834
5.09904504
5.09845427
5.09786409
5.09740199
5.09748719
5.09757231
5.09735279
5.09806160
5.09876971
5.09947711
5.09977196
5.10086775
5.10213673
5.10373545
5.10539484
5.10705260
5.10870871
5.11025704
5.11180384
5.11388118
5.11485177
5.11565541
5.11645826
5.11726031
5.11806157
5.11886205
5.11887349
5.11888492
5.11889634
5.11890775
5.11985336
5.12003887
5.12022420
5.12018552
5.12019090
5.12019627
5.12008526
5.11997436
5.11986357
5.12053628
5.12120833
5.12194856
5.12234573
5.12274251
5.12313890
5.12273355
5.12177890
5.12069011
5.11936979
5.11805076
5.11673302
5.11541656
5.11410138
5.11334229
5.11258394
5.11226450
5.11219143
5.11211843
5.11057194
5.10902694
5.10748345
5.10594145
5.10440095
5.10286193
5.10165073
5.10102540
5.10040068
5.09977656
5.09915304
5.09955967
5.10060196
5.10169208
5.10278115
5.10497217
5.10633340
5.10748796
5.10855855
5.10962811
5.11069664
5.11229894
5.11235905
5.11241911
5.11247911
5.11224343
5.11123926
5.11084552
5.11045216
5.10966073
5.10887005
5.10808013
5.10638045
5.10506513
5.10375106
5.10243825
5.10112670
5.09981639
5.09816900
5.09652318
5.09524832
5.09343873
5.09163086
5.09038309
5.08901395
5.08764611
5.08695407
5.08626268
5.08557195
5.08544192
5.08531202
5.08518224
5.08480820
5.08424347
5.08379695
5.08335086
5.08290519
5.08243707
5.08142098
5.08054542
5.07956309
5.07858169
5.07726800
5.07615397
5.07504099
5.07473194
5.07507575
5.07661117
5.07826160
5.07956420
5.08073220
5.08189911
5.08306580
5.08430325
5.08444796
5.08463376
5.08452877
5.08395607
5.08338391
5.08403783
5.08393453
5.08385507
5.08377568
5.08429401
5.08479239
5.08529030
5.08578776
5.08628474
5.08731603
5.08858624
5.08940618
5.09022536
5.09104378
5.09079443
5.09039177
5.08998948
5.08922887
5.08846896
5.08770975
5.08624721
5.08478601
5.08332618
5.08212827
5.08093146
5.07973577
5.07854118
5.07888041
5.07846747
5.07843349
5.07839955
5.07880883
5.07921773
5.07962626
5.08003441
5.08113268
5.08330611
5.08567055
5.08803282
5.09039291
5.09275084
5.09509625
5.09691383
5.09872976
5.10070923
5.10268689
5.10481341
5.10693799
5.10975387
5.11224907
5.11474200
5.11723265
5.11959587
5.12111133
5.12160068
5.12208959
5.12257805
5.12136519
5.12015344
5.11955720
5.11896150
5.11836634
5.11777173
5.11696742
5.11616384
5.11554476
5.11492625
5.11430830
5.11369091
5.11307408
5.11245781
5.11138296
5.10943426
5.10748732
5.10554215
5.10359873
5.10276114
5.10192431
5.10108823
5.10025290
5.09886107
5.09747049
5.09608116
5.09469308
5.09342989
5.09216783
5.09143963
5.09055398
5.09035553
5.09015726
5.08995916
5.08976125
5.08956351
5.08936595
5.08916856
5.08892454
5.08868072
5.08782586
5.08697176
5.08632671
5.08568224
5.08503834
5.08595186
5.08761990
5.08928645
5.09058901
5.09189041
5.09281878
5.09390912
5.09498523
5.09548429
5.09598290
5.09621810
5.09691743
5.09761614
5.09831424
5.09901171
5.09927466
5.10009708
5.10051992
5.10094239
5.10136449
5.10154856
5.10173248
5.10217805
5.10272009
5.10326164
5.10380272
5.10434331
5.10527901
5.10621388
5.10714793
5.10754663
5.10794499
5.10834299
5.10874064
5.10911982
5.10949866
5.10952475
5.10955083
5.10894209
5.10833389
5.10772622
5.10711908
5.10631907
5.10551976
5.10472115
5.10392324
5.10370277
5.10348248
5.10326239
5.10282725
5.10239250
5.10195812
5.10152412
5.10144739
5.10052213
5.10032529
5.10012863
5.09985030
5.09957222
5.09960347
5.09853212
5.09746170
5.09790520
5.09834832
5.09879105
5.09829900
5.09780737
5.09665796
5.09650058
5.09634333
5.09618622
5.09660951
5.09703243
5.09745499
5.09787719
5.09829902
5.09835612
5.09841317
5.09732315
5.09582781
5.09433375
5.09284099
5.09242918
5.09201772
5.09100441
5.09003581
5.08906804
5.08891037
5.08909140
5.08950346
5.08991516
5.08982261
5.08973360
5.08964467
5.09004755
5.09045009
5.09085228
5.09000354
5.08915552
5.08837810
5.08760135
5.08682526
5.08572761
5.08463089
5.08434479
5.08405894
5.08377333
5.08348796
5.08290060
5.08235494
5.08141855
5.08070838
5.07974724
5.07878692
5.07824868
5.07758172
5.07759596
5.07761020
5.07696356
5.07608974
5.07521665
5.07393552
5.07265547
5.07181623
5.07097769
5.07013986
5.06930274
5.06846633
5.06763062
5.06791110
5.06879698
5.06995734
5.07111673
5.07227167
5.07235698
5.07244223
5.07193421
5.07107930
5.07022510
5.06922610
5.06821773
5.06721021
5.06612931
5.06504933
5.06376503
5.06260210
5.06144016
5.06066730
5.06030185
5.05993671
5.06015383
5.06037076
5.06058751
5.06080408
5.06036739
5.05993107
5.05949512
5.05940939
5.05879220
5.05922699
5.05963553
5.06004373
5.06038352
5.06027267
5.06016192
5.06002954
5.05920980
5.05882790
5.05844631
5.05714809
5.05585095
5.05455488
5.05325989
5.05196597
5.05151624
5.05126404
5.05046987
5.05104819
5.05074736
5.05044678
5.04960137
5.04875666
5.04761258
5.04646945
5.04532726
5.04418602
5.04304571
5.04190635
5.04168532
5.04054918
5.03927088
5.03880436
5.03801139
5.03777835
5.03754549
5.03776646
5.03830077
5.03883463
5.03936806
5.03993778
5.04050704
5.04107583
5.04164416
5.04230319
5.04296169
5.04362194
5.04428164
5.04494081
5.04559944
5.04625754
5.04668165
5.04637922
5.04618406
5.04526496
5.04415032
5.04303659
5.04192377
5.04157802
5.04123255
5.04088737
5.04054246
5.04049544
5.04044846
5.04040151
5.04082493
5.04181475
5.04174755
5.04230176
5.04285551
5.04409703
5.04533754
5.04657705
5.04781555
5.04811040
5.04653553
5.04496192
5.04338959
5.04219425
5.04099988
5.04058848
5.04017741
5.03976667
5.03974185
5.03975889
5.03977591
5.03979293
5.03980992
5.03982691
5.03984388
5.03983371
5.04049570
5.04115716
5.04036235
5.03973019
5.03909853
5.03770847
5.03631953
5.03493169
5.03354497
5.03224862
5.03095331
5.02965903
5.02836579
5.02772645
5.02770945
5.02769247
5.02767549
5.02829417
5.02821189
5.02812969
5.02804755
5.02796547
5.02689847
5.02671127
5.02659675
5.02593352
5.02527081
5.02460863
5.02394698
5.02328585
5.02262525
5.02194354
5.02126238
5.02031562
5.01936961
5.01896069
5.01855208
5.01814381
5.01738030
5.01661740
5.01585510
5.01509340
5.01433230
5.01357181
5.01325369
5.01300369
5.01275524
5.01250698
5.01225891
5.01238962
5.01252022
5.01226939
5.01163079
5.01099270
5.01071379
5.01043510
5.01015662
5.00987837
5.00960034
5.00932252
5.00924503
5.00912024
5.01026017
5.01188846
5.01270568
5.01378516
5.01483144
5.01500703
5.01518248
5.01553698
5.01607917
5.01672797
5.01737627
5.01691558
5.01585971
5.01506037
5.01497254
5.01509673
5.01725792
5.01962656
5.02142818
5.02322839
5.02523966
5.02818152
5.03099211
5.03367942
5.03636463
5.03857383
5.04078130
5.04215356
5.04352474
5.04525933
5.04678095
5.04830138
5.05061238
5.05300565
5.05501119
5.05659762
5.05887654
5.06115371
5.06294345
5.06466243
5.06658775
5.06851159
5.07100153
5.07348955
5.07608274
5.07900523
5.08192547
5.08466305
5.08739851
5.08939576
5.09139148
5.09371537
5.09586575
5.09801449
5.10016157
5.10202900
5.10389501
5.10561356
5.10733080
5.10904673
5.11076134
5.11240380
5.11404500
5.11568494
5.11732364
5.11896284
5.12060079
5.12223750
5.12417350
5.12610802
5.12804107
5.13105664
5.13406991
5.13726441
5.14045647
5.14364610
5.14683331
5.15016336
5.15365634
5.15714666
5.16063434
5.16374918
5.16686165
5.16994636
5.17302873
5.17455187
5.17579150
5.17703019
5.17710813
5.17691344
5.17713113
5.17734865
5.17756602
5.17746460
5.17700240
5.17654054
5.17639236
5.17624430
5.17610433
5.17596446
5.17578126
5.17559819
5.17541526
5.17463940
5.17393540
5.17456837
5.17433020
5.17409221
5.17239250
5.17069406
5.16984199
5.16899055
5.16926262
5.16938126
5.16866274
5.16794476
5.16739056
5.16683678
5.16554938
5.16466185
5.16374268
5.16287108
5.16147957
5.16008909
5.15869966
5.15756875
5.15643868
5.15567894
5.15491977
5.15416117
5.15330759
5.15245466
5.15207831
5.15170225
5.15132646
5.15039040
5.14971292
5.14903594
5.14835947
5.14768350
5.14808678
5.14848976
5.14889244
5.14929482
5.15037455
5.15126714
5.15215907
5.15305034
5.15394095
5.15423993
5.15450294
5.15529017
5.15607682
5.15686288
5.15753940
5.15821542
5.15889094
5.15956596
5.16024048
5.16074895
5.16125704
5.16189235
5.16311880
5.16437324
5.16607108
5.16816726
5.17030199
5.17243514
5.17456673
5.17669675
5.17882521
5.18095210
5.18307743
5.18449181
5.18533911
5.18642410
5.18750830
5.18859171
5.18967432
5.19075614
5.19125047
5.19090236
5.19055451
5.18916381
5.18777413
5.18638547
5.18605776
5.18573029
5.18447344
5.18393739
5.18375142
5.18350533
5.18325943
5.18301370
5.18303496
5.18314343
5.18325182
5.18336014
5.18318326
5.18300651
5.18235164
5.18169725
5.18098626
5.18032349
5.17966121
5.17899941
5.17833808
5.17767724
5.17701687
5.17671895
5.17648579
5.17625281
5.17601999
5.17550486
5.17495945
5.17441444
5.17398516
5.17343414
5.17288352
5.17233329
5.17178346
5.17129534
5.17080757
5.17095041
5.17033723
5.16972449
5.16912661
5.16852915
5.16794614
5.16736355
5.16647052
5.16580540
5.16514075
5.16447659
5.16381290
5.16314968
5.16248695
5.16211815
5.16216913
5.16222007
5.16227098
5.16208784
5.16203491
5.16198201
5.16192916
5.16187634
5.16163619
5.16139621
5.16042541
5.15945530
5.15882039
5.15850856
5.15723140
5.15595515
5.15467982
5.15340538
5.15213186
5.15153591
5.15151477
5.15123770
5.15086015
5.15048287
5.15012264
5.14935359
5.14858508
5.14796898
5.14735332
5.14740392
5.14733266
5.14726146
5.14725353
5.14699557
5.14672449
5.14645360
5.14687861
5.14689615
5.14691367
5.14693118
5.14694868
5.14690518
5.14686171
5.14716911
5.14747630
5.14778327
5.14809003
5.14839657
5.14870289
5.14900900
5.14937685
5.15016460
5.15095180
5.15246886
5.15357564
5.15412000
5.15409369
5.15420997
5.15432616
5.15468857
5.15505072
5.15490844
5.15447209
5.15403604
5.15360030
5.15316486
5.15273172
5.15229888
5.15186634
5.15237799
5.15288928
5.15340022
5.15391080
5.15303650
5.15248650
5.15245005
5.15241363
5.15237723
5.15234085
5.15230450
5.15309023
5.15387541
5.15336364
5.15285223
5.15234118
5.15183048
5.15132013
5.15081015
5.15048423
5.15015855
5.14983309
5.15017336
5.15051341
5.15085321
5.15024918
5.14969981
5.14915083
5.14860222
5.14779973
5.14699778
5.14661967
5.14624183
5.14586424
5.14577902
5.14569385
5.14560875
5.14552370
5.14543871
5.14535378
5.14526891
5.14536266
5.14538243
5.14540113
5.14541982
5.14543849
5.14582605
5.14543601
5.14504624
5.14428430
5.14409957
5.14288992
5.14197959
5.14106989
5.14016081
5.13925235
5.13834452
5.13743731
5.13653072
5.13562476
5.13483281
5.13437622
5.13388821
5.13340054
5.13407392
5.13406470
5.13386400
5.13366344
5.13346301
5.13340275
5.13334253
5.13294606
5.13254986
5.13215393
5.13175827
5.13136289
5.13096777
5.13005155
5.12954329
5.12903538
5.12852781
5.12802059
5.12725034
5.12667865
5.12630723
5.12697558
5.12719853
5.12650108
5.12580410
5.12510759
5.12441156
5.12371599
5.12302090
5.12234746
5.12203769
5.12172812
5.12141876
5.12110962
5.12084968
5.12054844
5.12024741
5.12005607
5.11986487
5.11967379
5.12012136
5.12002057
5.11984857
5.12052103
5.12119303
5.12186458
5.12253568
5.12239603
5.12225648
5.12164900
5.12083436
5.12060295
5.12024303
5.11981905
5.11993805
5.11984275
5.11974752
5.11972506
5.11963097
5.11934691
5.11964288
5.12008931
5.12038055
5.12105552
5.12218597
5.12304583
5.12390512
5.12322340
5.12254213
5.12186131
5.12143030
5.12099957
5.12053025
5.12006125
5.11925604
5.11845138
5.11811068
5.11795168
5.11773913
5.11741764
5.11691301
5.11583282
5.11496207
5.11374688
5.11242033
5.11215499
5.11188984
5.11162486
5.11136005
5.11136969
5.11137932
5.11113851
5.11089786
5.11006008
5.10922285
5.10838618
5.10755006
5.10671450
5.10606302
5.10534483
5.10444478
5.10440012
5.10435549
5.10389416
5.10343313
5.10297241
5.10251200
5.10205188
5.10159208
5.10118791
5.09990113
5.09873130
5.09756224
5.09774210
5.09806847
5.09847433
5.09798900
5.09750399
5.09701930
5.09605825
5.09509783
5.09413805
5.09427891
5.09411874
5.09395868
5.09398204
5.09400539
5.09445848
5.09474318
5.09502769
5.09531201
5.09541110
5.09498146
5.09455211
5.09423008
5.09337243
5.09251534
5.09165882
5.09107047
5.09114900
5.09122748
5.09137398
5.09152040
5.09166671
5.09117913
5.09006477
5.08895728
5.08785051
5.08666516
5.08607855
5.08549231
5.08490645
5.08432098
5.08388275
5.08340448
5.08292652
5.08244887
5.08139230
5.08092730
5.08046261
5.07982779
5.07918165
5.07853593
5.07789063
5.07733134
5.07677242
5.07623335
5.07556372
5.07489452
5.07392408
5.07295238
5.07197047
5.07098919
5.07030382
5.06907906
5.06785510
5.06663192
5.06633080
5.06638618
5.06588675
5.06538764
5.06439438
5.06340176
5.06240979
5.06141844
5.06203859
5.06265834
5.06327768
5.06476100
5.06624337
5.06745669
5.06879506
5.06964178
5.07048795
5.07133358
5.07217866
5.07253815
5.07195582
5.07134203
5.07072862
5.06983601
5.06851422
5.06774046
5.06696719
5.06714553
5.06736078
5.06757589
5.06779086
5.06800569
5.06822039
5.06914566
5.07007034
5.07041725
5.07076393
5.07063614
5.07050842
5.07082225
5.07036947
5.06991697
5.06946477
5.06901285
5.06856122
5.06823550
5.06761897
5.06700282
5.06638707
5.06585204
5.06580396
5.06563818
5.06546281
5.06536966
5.06527656
5.06542458
5.06530288
5.06518125
5.06386994
5.06255946
5.06229458
5.06245626
5.06261783
5.06292975
5.06324147
5.06296224
5.06277826
5.06281185
5.06259299
5.06237426
5.06248465
5.06199645
5.06150857
5.06102099
5.06053371
5.06001425
5.05989730
5.05928626
5.05867559
5.05743860
5.05620238
5.05604881
5.05589534
5.05574196
5.05558868
5.05496043
5.05433257
5.05335521
5.05266795
5.05313342
5.05359859
5.05322804
5.05227436
5.05191193
5.05211930
5.05232653
5.05163529
5.05086780
5.05010078
5.04933425
5.04856819
5.04781948
5.04707124
5.04632346
5.04557615
5.04482931
5.04344329
5.04205815
5.04126712
5.04047659
5.03979324
5.03911031
5.03842781
5.03774573
5.03724959
5.03675376
5.03625823
5.03617516
5.03634351
5.03686868
5.03739351
5.03746764
5.03754173
5.03805241
5.03817953
5.03872220
5.03926454
5.03980654
5.04034821
5.04088954
5.04054768
5.04015599
5.03976455
5.03937335
5.03898238
5.03809415
5.03709635
5.03609917
5.03510260
5.03410665
5.03357381
5.03304130
5.03250912
5.03197726
5.03144574
5.03091454
5.03038367
5.02985313
5.02932291
5.02879302
5.02826346
5.02804956
5.02736496
5.02668077
5.02600472
5.02530008
5.02459587
5.02443174
5.02461850
5.02493329
5.02524790
5.02510157
5.02495532
5.02480917
5.02379528
5.02278202
5.02176937
5.02139432
5.02134306
5.02172514
5.02226096
5.02239611
5.02202572
5.02177289
5.02155269
5.02133262
5.02083318
5.02033404
5.01983522
5.01933669
5.01985807
5.02037545
5.02089252
5.02133807
5.02144284
5.02086257
5.02028266
5.01970310
5.01937793
5.01937037
5.01939523
5.01942008
5.01956028
5.01970040
5.01980942
5.01991838
5.02002727
5.02013610
5.02024486
5.02035356
5.02067726
5.02066311
5.02048458
5.02020885
5.01993328
5.01959695
5.01926082
5.01892489
5.01903757
5.01951599
5.01999413
5.02047197
5.02117856
5.02188471
5.02235976
5.02257121
5.02288658
5.02320177
5.02355738
5.02391279
5.02465586
5.02539847
5.02614065
5.02651783
5.02689478
5.02748296
5.02807079
5.02865826
5.02883454
5.02919203
5.02954930
5.02990637
5.02998349
5.03006058
5.02966255
5.02926477
5.02886722
5.02836766
5.02854536
5.02879751
5.02868272
5.02856799
5.02845334
5.02833875
5.02819337
5.02782402
5.02745489
5.02708598
5.02671729
5.02634882
5.02598057
5.02561254
5.02513635
5.02466044
5.02418482
5.02370948
5.02384141
5.02397325
5.02410502
5.02438501
5.02466484
5.02483975
5.02474979
5.02465989
5.02457004
5.02448024
5.02439050
5.02430081
5.02442662
5.02393847
5.02321510
5.02249217
5.02176966
5.02152213
5.02127475
5.02102752
5.02078043
5.02023783
5.01965598
5.01907447
5.01873981
5.01810819
5.01747693
5.01689372
5.01610916
5.01506493
5.01437953
5.01369453
5.01300994
5.01232576
5.01164197
5.01095859
5.01027562
5.00994953
5.00969432
5.00874188
5.00779000
5.00672813
5.00654440
5.00646238
5.00622099
5.00597975
5.00580360
5.00562756
5.00545161
5.00609288
5.00673377
5.00707117
5.00740837
5.00774538
5.00753225
5.00731925
5.00710637
5.00689361
5.00668098
5.00714805
5.00695046
5.00675297
5.00631687
5.00561731
5.00537673
5.00513630
5.00489600
5.00446120
5.00428132
5.00404980
5.00381842
5.00385768
5.00286359
5.00219619
5.00152917
5.00057620
4.99962377
4.99867190
4.99772059
4.99717696
4.99663365
4.99669149
4.99674930
4.99764454
4.99853926
4.99943346
5.00032714
5.00122030
5.00247947
5.00373790
5.00499561
5.00662703
5.00783817
5.00931712
5.01061508
5.01191229
5.01329191
5.01479148
5.01584432
5.01673065
5.01679189
5.01674162
5.01669138
5.01584665
5.01570613
5.01489325
5.01408084
5.01381227
5.01400244
5.01387750
5.01375263
5.01362783
5.01335851
5.01308935
5.01228925
5.01148960
5.01100136
5.01063949
5.01044432
5.01055492
5.01066546
5.01113671
5.01133252
5.01076145
5.01060138
5.01109924
5.01159682
5.01209411
5.01259111
5.01424445
5.01620540
5.01856152
5.02091629
5.02350832
5.02609886
5.02788115
5.02995712
5.03166351
5.03385106
5.03599875
5.03814522
5.04078419
5.04342164
5.04612412
5.04811822
5.04921506
5.05031128
5.05039341
5.05047550
5.05134458
5.05221316
5.05308124
5.05394883
5.05399339
5.05384981
5.05416401
5.05435009
5.05453607
5.05425395
5.05398411
5.05371443
5.05350051
5.05308204
5.05266381
5.05224581
5.05182805
5.05141053
5.05063794
5.05043645
5.05008634
5.04945325
5.04882052
5.04818814
5.04780406
5.04742020
5.04632848
5.04632378
5.04584659
5.04572530
5.04590341
5.04604892
5.04552351
5.04505828
5.04475314
5.04444817
5.04344693
5.04271143
5.04199588
5.04128328
5.04122784
5.04094906
5.04067043
5.04055979
5.04044921
5.04033869
5.04054311
5.04074741
5.04095159
5.04115566
5.04135961
5.04172345
5.04191890
5.04226728
5.04261546
5.04198649
5.04135787
5.04057445
5.03967278
5.03966990
5.03943412
5.03919848
5.03949219
5.03921027
5.03892852
5.03864692
5.03853494
5.03895894
5.03938271
5.03980625
5.03991918
5.04024316
5.04012258
5.03994035
5.03975822
5.03906993
5.03838203
5.03769451
5.03700738
5.03694022
5.03603686
5.03514329
5.03454247
5.03394198
5.03334183
5.03230226
5.03126326
5.03062010
5.02997729
5.02933485
5.02869276
5.02805102
5.02740965
5.02676863
5.02612797
5.02548766
5.02481020
5.02413312
5.02345642
5.02278009
5.02210413
5.02142855
5.02101916
5.02044442
5.01986999
5.01903603
5.01868013
5.01832444
5.01826843
5.01804731
5.01808958
5.01778215
5.01747490
5.01709472
5.01615992
5.01522564
5.01429187
5.01384972
5.01340782
5.01296616
5.01283362
5.01310504
5.01337631
5.01314754
5.01291890
5.01321144
5.01337794
5.01370314
5.01431269
5.01492191
5.01570162
5.01648091
5.01829664
5.02011137
5.02192511
5.02405589
5.02642690
5.02868072
5.03093330
5.03366972
5.03640463
5.03901445
5.04162284
5.04406653
5.04607676
5.04804237
5.05010850
5.05272889
5.05514632
5.05746986
5.05934044
5.06120999
5.06273329
5.06405173
5.06568063
5.06677503
5.06770810
5.06845589
5.06920328
5.06995025
5.07039740
5.07040862
5.07041983
5.07043557
5.07045130
5.07046702
5.07048273
5.07049843
5.07051413
5.07052982
5.07051763
5.07079022
5.07114372
5.07165416
5.07238232
5.07311008
5.07383745
5.07456443
5.07529101
5.07601720
5.07648497
5.07587037
5.07551224
5.07515430
5.07558955
5.07602455
5.07645932
5.07697777
5.07806625
5.07813570
5.07820511
5.07827449
5.07834382
5.07841312
5.07806421
5.07787369
5.07768327
5.07749295
5.07730273
5.07711262
5.07672700
5.07634159
5.07595639
5.07588846
5.07582056
5.07575270
5.07568488
5.07561709
5.07554934
5.07548163
5.07534394
5.07520632
5.07506878
5.07493132
5.07440798
5.07388491
5.07375197
5.07389803
5.07394329
5.07398853
5.07403375
5.07400263
5.07401964
5.07403664
5.07405364
5.07390785
5.07376214
5.07392639
5.07411573
5.07332178
5.07254953
5.07218684
5.07244881
5.07271064
5.07251394
5.07231735
5.07212086
5.07230857
5.07260914
5.07287838
5.07268600
5.07249372
5.07230154
5.07210946
5.07170468
5.07130010
5.07089575
5.07049161
5.07004400
5.06959662
5.06912707
5.06896885
5.06906600
5.06901442
5.06896287
5.06891134
5.06885985
5.06901479
5.06916965
5.06932443
5.06996268
5.07060060
5.07123817
5.07128630
5.07133440
5.07124782
5.07124016
5.07123250
5.07122485
5.07121719
5.07070324
5.07069194
5.07064392
5.07123369
5.07162702
5.07202014
5.07219847
5.07237671
5.07282742
5.07314198
5.07360514
5.07406806
5.07492330
5.07499708
5.07507081
5.07514450
5.07521816
5.07529177
5.07536535
5.07543889
5.07551239
5.07516767
5.07482313
5.07447877
5.07413459
5.07379060
5.07344678
5.07310315
5.07275969
5.07250200
5.07224443
5.07221837
5.07140311
5.07058827
5.07026008
5.06993205
5.06960420
5.06990271
5.07012133
5.07009034
5.07005937
5.07002841
5.06999747
5.06996655
5.06973719
5.06950795
5.06927883
5.06904983
5.06882095
5.06839370
5.06796667
5.06785550
5.06774438
5.06758534
5.06742638
5.06726750
5.06710871
5.06695000
5.06647064
5.06606489
5.06575070
5.06543668
5.06512282
5.06480912
5.06449559
5.06418222
5.06386901
5.06355597
5.06324309
5.06301597
5.06228264
5.06154098
5.06145322
5.06136550
5.06085720
5.06087393
5.06087859
5.06064447
5.06041047
5.06017659
5.05994284
5.05970920
5.05953756
5.05936600
5.05840255
5.05743961
5.05647717
5.05691849
5.05735959
5.05780046
5.05838900
5.05914841
5.05990743
5.06095332
5.06139274
5.06188082
5.06236865
5.06285623
5.06272892
5.06260167
5.06318299
5.06361360
5.06355794
5.06350230
5.06406969
5.06463679
5.06447676
5.06392484
5.06337321
5.06282186
5.06227079
5.06261894
5.06296691
5.06310102
5.06323506
5.06336903
5.06272687
5.06216736
5.06172164
5.06127614
5.06101590
5.06075579
5.06049581
5.06055515
5.06061446
5.06067374
5.06090169
5.06124995
5.06195181
5.06265331
5.06328695
5.06379096
5.06429472
5.06479822
5.06530146
5.06538112
5.06546073
5.06589143
5.06614917
5.06652867
5.06690798
5.06678642
5.06666492
5.06732208
5.06782571
5.06860888
5.06981076
5.07101203
5.07301365
5.07501424
5.07701382
5.07880625
5.08044150
5.08243306
5.08449335
5.08688439
5.08929427
5.09123643
5.09304423
5.09384910
5.09487837
5.09522790
5.09557725
5.09592643
5.09627543
5.09662425
5.09697290
5.09715661
5.09734024
5.09736344
5.09738664
5.09768748
5.09784128
5.09813397
5.09842651
5.09871891
5.09835605
5.09825685
5.09811947
5.09847398
5.09882832
5.09918248
5.09953645
5.09992386
5.10000664
5.10008938
5.10002487
5.09996039
5.09989594
5.09966465
5.09943347
5.09901356
5.09861876
5.09835374
5.09808886
5.09782411
5.09729883
5.09677382
5.09659181
5.09651487
5.09655042
5.09658595
5.09662146
5.09606404
5.09550690
5.09495005
5.09479765
5.09462485
5.09446597
5.09430717
5.09414846
5.09398982
5.09372901
5.09294014
5.09215167
5.09136359
5.09057591
5.09008121
5.08958676
5.08909255
5.08859860
5.08810489
5.08761143
5.08711821
5.08662524
5.08613252
5.08586646
5.08545510
5.08516273
5.08494575
5.08427645
5.08360748
5.08293885
5.08266063
5.08238255
5.08254863
5.08287691
5.08320503
5.08326023
5.08374603
5.08368764
5.08362928
5.08359737
5.08356547
5.08353359
5.08350173
5.08383290
5.08416390
5.08449474
5.08482542
5.08468155
5.08432845
5.08466744
5.08504461
5.08578752
5.08653007
5.08751915
5.08799601
5.08847263
5.08925529
5.09003757
5.09046048
5.09088318
5.09130568
5.09204226
5.09251255
5.09291875
5.09332475
5.09384674
5.09394080
5.09403481
5.09412877
5.09422269
5.09388033
5.09294938
5.09201889
5.09158696
5.09115525
5.09072375
5.09029578
5.08991768
5.08980328
5.08968894
5.08968737
5.08980692
5.08983128
5.08985562
5.08976993
5.08932615
5.08907279
5.08881955
5.08856644
5.08811895
5.08767169
5.08722464
5.08700839
5.08679225
5.08615426
5.08551657
5.08487920
5.08462071
5.08443330
5.08405080
5.08366849
5.08359832
5.08352818
5.08345808
5.08338801
5.08331797
5.08324797
5.08317800
5.08280318
5.08263181
5.08272743
5.08282301
5.08291854
5.08270640
5.08220946
5.08171276
5.08121630
5.08147034
5.08172425
5.08233154
5.08296592
5.08359999
5.08423375
5.08420227
5.08373752
5.08327299
5.08312045
5.08296799
5.08281560
5.08230841
5.08180147
5.08196174
5.08212193
5.08228204
5.08251740
5.08342700
5.08464112
5.08585465
5.08712017
5.08851133
5.09005589
5.09159971
5.09314277
5.09468508
5.09583959
5.09675152
5.09766300
5.09857404
5.09884986
5.09912555
5.09962820
5.10013061
5.10063277
5.10113470
5.10161920
5.10151838
5.10111373
5.10080449
5.10049541
5.10018647
5.09987769
5.09920147
5.09852558
5.09808601
5.09740584
5.09747333
5.09748197
5.09749060
5.09749923
5.09750785
5.09762407
5.09704048
5.09645717
5.09587414
5.09520255
5.09453128
5.09402558
5.09382825
5.09398096
5.09413360
5.09415676
5.09417992
5.09441120
5.09455543
5.09469958
5.09484367
5.09444641
5.09477279
5.09509901
5.09542507
5.09574129
5.09592187
5.09610236
5.09636576
5.09682590
5.09728582
5.09727916
5.09727250
5.09726584
5.09720264
5.09713947
5.09716642
5.09709051
5.09701463
5.09714364
5.09727258
5.09758055
5.09790487
5.09744438
5.09698411
5.09703232
5.09708051
5.09681372
5.09639670
5.09597988
5.09604708
5.09566490
5.09528290
5.09490108
5.09445024
5.09399961
5.09389517
5.09379078
5.09368643
5.09313551
5.09258484
5.09149823
5.09041213
5.08932654
5.08855125
5.08819928
5.08770534
5.08721164
5.08671817
5.08591335
5.08510891
5.08443691
5.08372993
5.08302329
5.08231698
5.08187866
5.08144054
5.08100264
5.08070464
5.08040679
5.07994010
5.07947364
5.07908802
5.07912632
5.07916460
5.07920287
5.07835071
5.07749895
5.07664760
5.07579665
5.07494610
5.07409595
5.07324621
5.07239686
5.07209506
5.07171423
5.07132056
5.07092708
5.07053378
5.07014067
5.06974775
5.06935501
5.06896245
5.06857008
5.06843650
5.06830298
5.06816952
5.06815760
5.06816883
5.06848270
5.06838901
5.06829536
5.06839766
5.06876568
5.06938444
5.07000290
5.07062108
5.07108985
5.07155840
5.07123392
5.07120632
5.07102946
5.07085268
5.07108642
5.07132004
5.07155355
5.07156340
5.07148634
5.07140931
5.07129881
5.07118837
5.07107797
5.07112977
5.07118155
5.07123330
5.07128503
5.07133673
5.07138841
5.07144007
5.07131910
5.07119819
5.07107733
5.07095653
5.07111752
5.07157360
5.07198174
5.07238968
5.07309338
5.07344666
5.07379977
5.07415272
5.07450551
5.07499025
5.07547630
5.07601803
5.07654481
5.07809458
5.07992034
5.08190489
5.08379896
5.08469011
5.08558085
5.08647117
5.08699327
5.08759397
5.08854943
5.08954185
5.09022831
5.09089686
5.09156511
5.09223304
5.09304184
5.09385027
5.09454339
5.09492611
5.09530864
5.09569100
5.09607318
5.09625895
5.09644463
5.09646436
5.09648408
5.09629372
5.09610344
5.09554994
5.09499670
5.09444371
5.09384487
5.09344367
5.09326031
5.09288253
5.09250492
5.09210133
5.09234658
5.09249695
5.09192911
5.09188316
5.09174458
5.09160606
5.09130238
5.09049486
5.08968771
5.08888093
5.08860687
5.08833294
5.08805913
5.08778545
5.08751189
5.08723847
5.08696516
5.08605051
5.08513628
5.08422247
5.08330907
5.08313879
5.08367621
5.08423959
5.08475467
5.08503268
5.08527062
5.08550844
5.08574615
5.08606197
5.08637764
5.08669317
5.08654179
5.08639047
5.08672616
5.08703606
5.08734583
5.08719854
5.08667710
5.08615589
5.08563493
5.08511420
5.08540598
5.08573099
5.08552615
5.08522237
5.08491872
5.08461521
5.08431184
5.08400861
5.08370551
5.08340256
5.08356596
5.08391636
5.08396613
5.08463344
5.08477083
5.08475617
5.08470582
5.08472670
5.08474757
5.08479643
5.08511094
5.08532998
5.08538919
5.08497847
5.08459381
5.08412665
5.08365971
5.08319298
5.08272646
5.08226015
5.08179405
5.08167946
5.08189226
5.08166314
5.08158763
5.08124162
5.08089577
5.08055007
5.08020454
5.07985915
5.07973450
5.07960990
5.07980820
5.08035265
5.08089685
5.08144080
5.08119916
5.08090557
5.08054964
5.07980721
5.07957504
5.07934299
5.07911103
5.07837097
5.07763124
5.07719340
5.07675575
5.07631830
5.07588105
5.07544399
5.07500713
5.07471613
5.07474229
5.07476844
5.07479458
5.07482071
5.07484683
5.07515862
5.07514422
5.07512982
5.07529533
5.07564533
5.07599517
5.07634485
5.07669438
5.07752111
5.07834746
5.07917345
5.07989516
5.08061655
5.08223571
5.08385413
5.08538164
5.08690847
5.08843461
5.09007257
5.09201488
5.09340898
5.09480245
5.09667712
5.09825600
5.09973697
5.10121727
5.10241259
5.10338215
5.10435128
5.10531998
5.10628825
5.10683349
5.10735561
5.10759938
5.10824677
5.10896992
5.10991111
5.11112310
5.11161571
5.11210297
5.11255052
5.11299787
5.11325411
5.11351024
5.11376625
5.11402215
5.11400741
5.11399267
5.11397794
5.11371538
5.11336202
5.11309010
5.11281830
5.11273734
5.11265641
5.11269209
5.11243393
5.11217588
5.11191794
5.11166012
5.11140242
5.11114483
5.11093659
5.11073279
5.11052908
5.11044109
5.11035313
5.11026521
5.10986770
5.10947036
5.10906461
5.10921178
5.10942182
5.10981857
5.10982664
5.10983472
5.10984227
5.10976898
5.10965547
5.10954202
5.10946362
5.10939380
5.10887208
5.10835059
5.10832048
5.10805962
5.10779888
5.10737585
5.10695300
5.10653034
5.10610787
5.10568558
5.10479611
5.10390703
5.10301835
5.10213006
5.10124215
5.10105385
5.10086562
5.10031684
5.09976829
5.09921999
5.09867193
5.09812411
5.09757653
5.09702919
5.09651594
5.09600292
5.09549012
5.09527489
5.09505975
5.09484471
5.09462976
5.09488942
5.09456339
5.09416092
5.09375864
5.09335652
5.09295459
5.09255283
5.09215124
5.09174984
5.09182181
5.09189376
5.09196568
5.09187378
5.09178192
5.09146540
5.09154035
5.09161527
5.09169015
5.09168898
5.09168781
5.09168664
5.09150718
5.09132781
5.09114851
5.09030234
5.08956504
5.08882806
5.08803736
5.08724701
5.08645700
5.08566734
5.08503225
5.08459621
5.08416036
5.08372470
5.08357126
5.08341789
5.08326458
5.08311134
5.08295817
5.08243992
5.08192191
5.08140412
5.08095011
5.08049630
5.08004269
5.07958927
5.07878951
5.07799010
5.07795815
5.07792621
5.07789429
5.07786238
5.07776921
5.07799321
5.07821712
5.07891530
5.08004791
5.08136689
5.08270370
5.08381409
5.08476818
5.08541588
5.08606330
5.08667483
5.08691143
5.08727587
5.08767818
5.08789311
5.08810794
5.08832268
5.08871625
5.08933590
5.08964406
5.09000290
5.09075663
5.09114974
5.09138749
5.09162514
5.09119957
5.09057517
5.08995104
5.08932718
5.08887129
5.08841560
5.08835335
5.08829113
5.08789154
5.08749211
5.08751155
5.08753098
5.08755040
5.08756981
5.08758922
5.08760861
5.08762800
5.08764738
5.08738697
5.08732169
5.08725643
5.08671056
5.08616492
5.08561951
5.08507434
5.08452940
5.08398470
5.08344023
5.08289599
5.08235198
5.08180821
5.08126467
5.08064061
5.07990307
5.07938420
5.07864533
5.07790677
5.07714990
5.07707028
5.07704967
5.07703424
5.07701881
5.07709944
5.07718003
5.07721158
5.07724312
5.07722708
5.07682400
5.07642108
5.07601834
5.07577901
5.07553978
5.07497788
5.07441621
5.07385478
5.07319407
5.07278603
5.07249673
5.07245346
5.07236612
5.07227882
5.07219823
5.07243601
5.07267368
5.07303227
5.07339071
5.07374899
5.07410712
5.07456321
5.07501911
5.07534008
5.07525270
5.07516536
5.07512591
5.07508648
5.07542932
5.07577202
5.07559650
5.07542105
5.07524568
5.07507038
5.07531248
5.07549372
5.07567489
5.07611894
5.07629087
5.07651601
5.07672890
5.07720076
5.07801741
5.07900586
5.07999389
5.08088558
5.08177690
5.08273949
5.08355021
5.08439744
5.08568360
5.08674794
5.08806701
5.08920916
5.08973404
5.08993941
5.09014468
5.09034988
5.09012009
5.08989040
5.08966081
5.08943132
5.08901862
5.08860609
5.08819373
5.08767025
5.08703746
5.08675107
5.08646481
5.08620556
5.08597151
5.08583373
5.08569601
5.08555835
5.08591112
5.08626373
5.08661620
5.08715549
5.08771671
5.08809253
5.08801646
5.08775280
5.08748926
5.08722583
5.08662401
5.08651401
5.08640406
5.08629416
5.08568960
5.08508530
5.08448124
5.08387744
5.08369308
5.08350880
5.08324627
5.08298386
5.08271524
5.08275949
5.08314463
5.08352961
5.08444243
5.08535487
5.08623023
5.08696143
5.08746721
5.08810479
5.08840720
5.08838237
5.08835754
5.08774844
5.08713959
5.08653099
5.08604432
5.08560195
5.08531833
5.08503483
5.08475144
5.08400020
5.08350491
5.08300982
5.08251495
5.08202027
5.08152581
5.08093150
5.08033745
5.07974364
5.07923332
5.07844263
5.07765227
5.07686224
5.07607253
5.07528316
5.07449411
5.07370539
5.07310906
5.07249528
5.07188176
5.07126850
5.07106354
5.07111524
5.07116691
5.07142784
5.07168867
5.07194939
5.07204491
5.07153045
5.07101620
5.07055047
5.07008493
5.06961959
5.06907870
5.06853804
5.06799761
5.06752486
5.06705232
5.06658328
5.06627925
5.06597535
5.06567158
5.06541954
5.06532624
5.06523298
5.06515414
5.06507533
5.06485902
5.06464280
5.06426192
5.06382013
5.06337852
5.06293709
5.06249584
5.06230349
5.06211121
5.06191902
5.06172690
5.06153486
5.06161829
5.06170168
5.06127656
5.06103349
5.06079052
5.06054764
5.06030487
5.06037321
5.06037095
5.06031326
5.06035007
5.06038687
5.06042366
5.06009799
5.06057181
5.06092548
5.06095237
5.06145079
5.06194900
5.06229360
5.06279233
5.06320613
5.06343426
5.06366229
5.06425439
5.06484625
5.06543787
5.06602925
5.06646734
5.06690525
5.06730247
5.06742583
5.06706148
5.06652744
5.06641612
5.06575621
5.06528929
5.06472317
5.06415728
5.06359163
5.06368823
5.06378009
5.06425610
5.06473191
5.06520753
5.06537037
5.06529497
5.06555646
5.06581785
5.06601407
5.06592538
5.06583673
5.06593035
5.06607597
5.06622153
5.06636704
5.06651248
5.06662495
5.06677027
5.06691553
5.06735359
5.06752415
5.06769463
5.06786504
5.06803538
5.06820566
5.06837586
5.06848676
5.06859762
5.06857301
5.06860933
5.06862825
5.06864715
5.06866605
5.06871606
5.06876604
5.06881867
5.06887128
5.06920767
5.06894687
5.06913870
5.06933045
5.06952213
5.06982978
5.07040929
5.07058015
5.07075093
5.07035845
5.06977962
5.06958200
5.06995691
5.07032238
5.07068770
5.07105287
5.07060821
5.07016374
5.06990163
5.06978007
5.06966160
5.06935146
5.06931688
5.06887622
5.06843575
5.06799545
5.06761488
5.06723446
5.06685420
5.06647409
5.06609414
5.06601678
5.06603669
5.06607497
5.06589696
5.06616141
5.06642575
5.06681967
5.06660477
5.06637694
5.06562683
5.06504607
5.06469364
5.06439692
5.06410031
5.06380382
5.06358818
5.06337263
5.06315717
5.06320309
5.06324898
5.06329487
5.06334073
5.06330312
5.06300423
5.06270546
5.06254649
5.06238758
5.06222874
5.06206996
5.06164804
5.06136885
5.06108978
5.06081081
5.06040021
5.05998977
5.05957949
5.05894181
5.05830439
5.05766722
5.05703031
5.05639365
5.05575724
5.05512109
5.05448519
5.05384955
5.05321416
5.05268055
5.05214716
5.05161398
5.05108101
5.05054826
5.05003813
5.04952821
5.04929535
5.04906258
5.04868520
5.04830798
5.04793090
5.04789316
5.04739640
5.04689983
5.04640346
5.04578750
5.04517179
5.04478329
5.04439496
5.04400678
5.04361875
5.04336528
5.04311191
5.04285865
5.04260548
5.04235242
5.04209945
5.04185266
5.04160597
5.04135938
5.04097143
5.04058363
5.04019598
5.03980849
5.03942115
5.03877163
5.03812237
5.03747336
5.03682461
5.03652323
5.03637457
5.03622596
5.03607741
5.03602720
5.03597700
5.03569974
5.03542259
5.03514555
5.03462556
5.03402212
5.03384948
5.03367691
5.03375340
5.03352744
5.03330156
5.03325632
5.03325753
5.03338199
5.03350640
5.03363754
5.03359031
5.03378637
5.03390399
5.03395465
5.03400530
5.03405593
5.03426408
5.03437875
5.03453919
5.03469958
5.03487962
5.03505959
5.03510669
5.03510032
5.03509395
5.03508759
5.03474977
5.03449673
5.03424380
5.03425250
5.03435050
5.03444846
5.03443808
5.03468453
5.03513618
5.03526269
5.03538914
5.03534515
5.03560499
5.03593599
5.03635067
5.03676518
5.03707820
5.03744182
5.03741728
5.03739274
5.03728211
5.03717152
5.03706097
5.03684787
5.03686077
5.03666354
5.03639373
5.03612403
5.03598969
5.03572316
5.03545674
5.03498992
5.03452328
5.03405683
5.03376913
5.03358751
5.03337708
5.03276779
5.03214809
5.03189347
5.03151573
5.03113814
5.03076070
5.03038341
5.03000626
5.03003940
5.03049798
5.03095639
5.03141462
5.03187267
5.03233054
5.03252599
5.03272135
5.03286000
5.03299859
5.03313713
5.03327561
5.03277983
5.03236614
5.03195261
5.03139610
5.03099515
5.03050163
5.03001979
5.02963812
5.02925660
5.02861002
5.02812637
5.02801976
5.02831786
5.02828666
5.02821718
5.02814773
5.02807026
5.02765458
5.02723906
5.02682370
5.02640850
5.02599347
5.02552862
5.02506395
5.02459947
5.02413516
5.02398119
5.02392118
5.02318855
5.02285145
5.02238338
5.02191549
5.02159638
5.02127740
5.02095854
5.02063981
5.02032119
5.02031104
5.02020031
5.02008961
5.01997896
5.01971760
5.01945634
5.01919518
5.01884782
5.01850061
5.01852534
5.01869923
5.01887305
5.01881332
5.01868752
5.01833201
5.01804029
5.01774869
5.01733075
5.01691297
5.01649535
5.01607789
5.01566059
5.01496178
5.01426325
5.01399168
5.01372022
5.01344886
5.01287310
5.01226870
5.01166454
5.01106061
5.01045691
5.00985344
5.00925020
5.00864719
5.00804442
5.00744187
5.00666641
5.00589124
5.00511636
5.00434179
5.00408355
5.00382542
5.00356738
5.00324016
5.00291306
5.00258609
5.00214253
5.00169915
5.00160904
5.00129030
5.00097169
5.00065319
5.00013783
4.99962266
4.99910768
4.99859291
4.99807833
4.99756394
4.99704975
4.99653576
4.99602197
4.99550837
4.99501201
4.99451584
4.99439441
4.99427303
4.99393670
4.99360049
4.99399220
4.99438377
4.99504239
4.99570076
4.99647415
4.99724723
4.99791591
4.99839508
4.99841734
4.99833754
4.99829627
4.99793710
4.99766748
4.99695975
4.99625228
4.99559951
4.99541016
4.99505163
4.99459995
4.99414844
4.99369711
4.99371274
4.99400515
4.99425333
4.99483759
4.99521583
4.99559392
4.99629743
4.99679013
4.99728265
4.99761269
4.99794260
4.99801594
4.99843615
4.99885620
4.99902524
4.99919423
4.99951185
4.99970412
4.99967472
4.99975475
4.99983475
4.99983273
4.99983071
4.99985570
4.99988069
5.00033823
5.00079559
5.00125279
5.00170981
5.00200308
5.00238046
5.00282528
5.00326993
5.00365095
5.00392532
5.00375351
5.00364917
5.00354486
5.00344060
5.00330864
5.00317673
5.00286223
5.00235896
5.00216743
5.00197596
5.00178457
5.00159325
5.00140200
5.00121083
5.00101972
5.00090054
5.00072243
5.00064217
5.00056193
5.00040080
5.00023973
4.99997130
5.00005493
5.00013853
5.00014047
5.00016875
5.00044201
5.00023132
5.00025255
5.00027377
5.00034118
5.00046907
5.00018157
4.99981908
4.99945671
4.99909449
4.99873240
4.99846042
4.99818854
4.99792765
4.99766685
4.99740614
4.99706942
4.99667510
4.99628093
4.99588690
4.99534455
4.99456966
4.99379506
4.99302075
4.99265417
4.99228773
4.99192142
4.99155525
4.99118922
4.99116316
4.99136090
4.99155857
4.99133232
4.99110615
4.99088007
4.99065408
4.99042816
4.99017338
4.98991868
4.98966408
4.98955602
4.98927574
4.98899555
4.98904636
4.98909714
4.98924450
4.98939180
4.98935119
4.98931060
4.98943774
4.98938938
4.98932721
4.98926505
4.98920292
4.98914724
4.98851965
4.98789229
4.98726517
4.98663828
4.98601162
4.98586430
4.98571704
4.98556547
4.98550978
4.98545410
4.98539845
4.98574561
4.98597340
4.98620112
4.98642874
4.98716764
4.98790626
4.98864460
4.98878892
4.98905418
4.98887705
4.98869999
4.98862347
4.98870135
4.98854984
4.98800675
4.98746386
4.98692117
4.98664404
4.98636702
4.98609010
4.98581328
4.98553656
4.98525994
4.98500240
4.98487000
4.98473766
4.98460536
4.98447311
4.98485482
4.98513120
4.98508282
4.98465338
4.98457021
4.98424431
4.98391853
4.98359287
4.98326733
4.98292232
4.98269856
4.98247487
4.98225127
4.98151814
4.98078527
4.98005268
4.97946636
4.97939784
4.97932936
4.97908580
4.97884234
4.97868968
4.97853707
4.97838451
4.97890646
4.97943517
4.98007759
4.98084540
4.98161292
4.98238017
4.98280411
4.98322789
4.98342709
4.98362622
4.98391903
4.98421173
4.98450432
4.98479681
4.98533508
4.98612983
4.98685708
4.98768227
4.98833002
4.98873777
4.98914537
4.98955282
4.99005943
4.99038481
4.99071006
4.99103519
4.99136021
4.99168510
4.99168796
4.99169082
4.99202051
4.99235009
4.99235389
4.99232831
4.99216222
4.99199619
4.99183023
4.99166432
4.99149848
4.99133270
4.99106350
4.99079440
4.99052540
4.99063305
4.99074065
4.99090575
4.99107078
4.99121297
4.99159557
4.99197803
4.99186240
4.99174681
4.99175124
4.99217432
4.99259725
4.99329200
4.99409557
4.99494286
4.99575384
4.99656453
4.99756437
4.99866062
4.99944696
5.00025410
5.00094289
5.00163142
5.00231970
5.00299032
5.00343840
5.00355385
5.00322004
5.00288636
5.00262440
5.00236254
5.00209192
5.00195200
5.00185436
5.00175675
5.00165918
5.00156165
5.00146415
5.00146745
5.00147076
5.00147406
5.00147737
5.00140410
5.00133086
5.00101720
5.00142498
5.00183262
5.00174853
5.00166448
5.00158045
5.00126797
5.00095560
5.00050531
4.99982802
4.99915098
4.99893565
4.99884824
4.99876087
4.99878506
4.99880924
4.99913439
4.99945943
4.99978435
5.00010915
5.00034005
5.00057087
5.00080161
5.00099717
5.00081582
5.00102378
5.00099707
5.00108648
5.00117586
5.00106591
5.00096971
5.00087355
5.00077743
5.00068134
5.00058528
5.00062804
5.00067079
5.00072142
5.00045484
5.00060812
5.00063025
5.00048504
5.00060410
5.00068060
5.00038342
4.99973451
4.99955435
4.99937425
4.99931183
4.99924943
4.99918706
4.99951771
4.99998663
5.00045539
5.00092397
5.00121044
5.00145317
5.00169582
5.00189409
5.00209228
5.00202251
5.00195276
5.00167890
5.00148295
5.00128708
5.00109128
5.00089554
5.00069988
5.00050428
5.00030876
5.00011330
5.00060133
5.00073408
5.00126258
5.00165062
5.00186538
5.00208006
5.00229530
5.00235026
5.00240521
5.00246013
5.00251503
5.00247150
5.00242798
5.00245674
5.00248548
5.00228955
5.00213225
5.00197500
5.00170772
5.00114206
5.00057660
5.00025294
5.00008398
4.99991508
4.99974624
4.99957746
4.99944308
4.99932246
4.99920188
4.99908134
4.99896085
4.99876461
4.99880571
4.99884680
4.99879340
4.99857158
4.99784738
4.99712344
4.99639975
4.99601341
4.99562721
4.99509246
4.99455790
4.99402353
4.99348935
4.99295535
4.99242155
4.99188793
4.99135450
4.99112305
4.99080992
4.99049690
4.99001578
4.98953482
4.98905404
4.98857343
4.98825557
4.98777904
4.98762127
4.98746356
4.98753702
4.98761045
4.98713598
4.98685272
4.98663906
4.98642548
4.98621197
4.98599854
4.98569374
4.98538905
4.98508447
4.98477999
4.98452805
4.98443177
4.98433553
4.98423932
4.98414314
4.98377971
4.98358804
4.98339644
4.98320491
4.98301345
4.98282205
4.98263072
4.98227771
4.98192481
4.98157205
4.98121940
4.98121965
4.98109926
4.98097892
4.98082650
4.98067412
4.98046523
4.98025642
4.97989677
4.97953724
4.97917785
4.97881858
4.97850996
4.97818789
4.97790872
4.97762965
4.97735068
4.97707181
4.97679304
4.97647146
4.97615000
4.97582865
4.97550742
4.97536339
4.97521941
4.97520740
4.97519539
4.97518339
4.97577962
4.97659240
4.97740489
4.97853563
4.97938535
4.98063969
4.98151746
4.98239492
4.98327208
4.98424535
4.98521827
4.98607095
4.98633025
4.98658946
4.98671137
4.98680738
4.98690335
4.98726970
4.98747553
4.98768129
4.98781298
4.98794462
4.98788702
4.98782945
4.98777190
4.98771436
4.98793189
4.98814935
4.98836673
4.98858403
4.98880126
4.98901841
4.98934131
4.98935081
4.98936031
4.98936981
4.98937930
4.98938879
4.98939827
4.98951856
4.98963880
4.99010633
4.99031292
4.99051944
4.99096225
4.99140490
4.99207669
4.99274826
4.99341958
4.99427511
4.99499043
4.99604487
4.99692060
4.99779602
4.99867113
4.99954595
5.00042046
5.00129467
5.00213498
5.00297500
5.00381473
5.00465417
5.00549332
5.00601501
5.00648872
5.00696227
5.00743565
5.00787630
5.00851848
5.00879858
5.00882109
5.00884360
5.00928660
5.00972945
5.01031849
5.01090732
5.01146108
5.01201465
5.01256802
5.01312121
5.01367420
5.01389280
5.01410607
5.01431927
5.01492014
5.01544091
5.01582568
5.01621031
5.01659481
5.01697918
5.01725841
5.01738142
5.01755652
5.01773157
5.01812384
5.01851597
5.01890797
5.01929984
5.01968020
5.02018396
5.02108736
5.02199044
5.02289322
5.02375269
5.02461187
5.02523949
5.02586690
5.02648259
5.02716538
5.02799129
5.02881691
5.03025126
5.03168511
5.03311847
5.03455134
5.03594587
5.03733991
5.03878818
5.03975051
5.04071251
5.04160522
5.04260495
5.04360434
5.04494969
5.04611368
5.04676727
5.04744859
5.04812967
5.04917021
5.05016113
5.05152630
5.05289100
5.05425524
5.05561901
5.05698232
5.05826372
5.05949762
5.06073110
5.06196416
5.06319680
5.06365293
5.06381603
5.06407862
5.06423986
5.06440105
5.06454194
5.06468279
5.06486116
5.06503947
5.06521773
5.06539762
5.06562174
5.06580536
5.06598893
5.06617243
5.06660401
5.06703545
5.06746674
5.06791076
5.06835464
5.06879836
5.06913465
5.06938337
5.06963200
5.06976518
5.07013267
5.07041083
5.07088266
5.07128953
5.07181149
5.07221885
5.07261344
5.07300790
5.07360007
5.07419205
5.07465553
5.07517917
5.07570263
5.07622592
5.07623190
5.07635565
5.07666054
5.07696532
5.07703804
5.07750640
5.07794678
5.07851388
5.07873229
5.07895063
5.07916890
5.07938709
5.07921293
5.07903884
5.07877240
5.07834789
5.07799166
5.07763555
5.07727957
5.07692370
5.07663142
5.07633924
5.07604716
5.07597042
5.07589371
5.07581702
5.07588654
5.07595605
5.07602553
5.07590970
5.07552097
5.07513237
5.07474390
5.07435556
5.07396736
5.07345479
5.07304263
5.07319311
5.07351298
5.07402543
5.07453771
5.07500418
5.07547049
5.07593664
5.07630593
5.07692606
5.07754597
5.07816567
5.07868034
5.07919484
5.07993670
5.08063601
5.08133508
5.08203392
5.08289172
5.08374922
5.08424553
5.08474167
5.08510464
5.08546749
5.08596274
5.08610666
5.08625053
5.08654417
5.08683770
5.08722454
5.08769863
5.08800141
5.08833757
5.08817115
5.08800478
5.08780656
5.08770572
5.08740648
5.08728356
5.08716068
5.08681158
5.08646259
5.08623949
5.08601647
5.08598660
5.08595675
5.08592690
5.08621051
5.08636456
5.08674195
5.08705479
5.08710284
5.08699341
5.08688402
5.08715898
5.08728659
5.08728223
5.08726225
5.08692170
5.08658127
5.08624095
5.08590074
5.08556065
5.08490770
5.08446747
5.08402739
5.08378506
5.08334731
5.08290969
5.08259825
5.08228691
5.08197567
5.08160075
5.08122595
5.08085128
5.08047673
5.08010230
5.07972800
5.07935383
5.07897978
5.07860585
5.07823205
5.07785837
5.07748481
5.07724309
5.07734606
5.07744900
5.07747641
5.07771480
5.07773843
5.07776205
5.07778566
5.07783852
5.07799669
5.07815480
5.07869861
5.07890199
5.07910531
5.07904095
5.07902693
5.07892483
5.07882277
5.07872074
5.07874483
5.07880316
5.07884255
5.07913141
5.07937894
5.07962640
5.07987377
5.08012106
5.08057456
5.08102790
5.08169623
5.08236435
5.08303224
5.08324306
5.08345381
5.08367329
5.08386606
5.08382164
5.08377722
5.08347809
5.08317906
5.08288012
5.08258129
5.08228255
5.08210812
5.08242785
5.08257773
5.08277083
5.08296387
5.08346529
5.08392805
5.08439066
5.08451592
5.08423473
5.08395364
5.08366240
5.08355255
5.08364207
5.08373155
5.08392496
5.08411211
5.08454846
5.08498466
5.08542072
5.08585664
5.08629241
5.08652953
5.08643352
5.08623342
5.08637649
5.08649313
5.08660973
5.08672629
5.08639639
5.08606659
5.08573691
5.08540733
5.08507786
5.08474850
5.08420274
5.08365717
5.08311177
5.08256655
5.08202151
5.08147665
5.08093197
5.08038746
5.08026151
5.08013560
5.08000973
5.07988390
5.07975811
5.07953259
5.07930715
5.07908178
5.07862976
5.07817789
5.07808074
5.07798362
5.07776039
5.07753723
5.07731414
5.07709113
5.07690521
5.07664534
5.07638555
5.07612585
5.07586623
5.07560670
5.07534725
5.07486714
5.07438719
5.07390740
5.07342776
5.07294828
5.07231282
5.07176227
5.07121190
5.07066171
5.07013250
5.06960346
5.06907459
5.06854590
5.06801737
5.06801889
5.06802041
5.06802194
5.06788755
5.06775321
5.06761892
5.06748467
5.06735046
5.06721630
5.06708218
5.06682901
5.06657592
5.06642521
5.06613790
5.06591361
5.06576764
5.06562170
5.06518998
5.06475840
5.06432695
5.06373360
5.06314044
5.06254747
5.06195469
5.06136211
5.06106065
5.06101188
5.06096312
5.06091437
5.06086565
5.06081693
5.06054736
5.06009905
5.05965088
5.05920285
5.05875497
5.05830022
5.05784562
5.05739981
5.05720132
5.05694138
5.05698753
5.05703367
5.05707980
5.05709012
5.05710044
5.05711076
5.05712107
5.05728852
5.05738010
5.05747165
5.05792708
5.05838236
5.05888574
5.05944866
5.06042297
5.06139696
5.06196205
5.06252695
5.06309167
5.06360440
5.06411695
5.06462934
5.06514157
5.06565363
5.06542922
5.06555320
5.06567714
5.06580104
5.06601638
5.06599145
5.06596652
5.06579148
5.06559455
5.06568443
5.06577428
5.06577443
5.06513332
5.06449241
5.06385171
5.06324754
5.06264357
5.06203979
5.06140077
5.06093092
5.06026310
5.05959549
5.05918470
5.05877403
5.05836350
5.05811842
5.05838852
5.05840940
5.05843026
5.05860450
5.05840611
5.05832768
5.05824928
5.05816508
5.05801927
5.05803503
5.05805078
5.05835591
5.05836885
5.05841159
5.05844716
5.05848271
5.05851825
5.05855378
5.05840088
5.05840909
5.05848811
5.05852911
5.05838256
5.05823607
5.05789163
5.05754731
5.05773212
5.05784430
5.05772682
5.05778078
5.05783473
5.05778077
5.05754218
5.05730367
5.05714185
5.05698009
5.05681108
5.05664213
5.05681665
5.05746512
5.05817207
5.05845693
5.05858282
5.05870866
5.05883446
5.05896023
5.05907270
5.05918513
5.05929753
5.05913737
5.05876188
5.05838652
5.05801127
5.05795543
5.05786970
5.05786497
5.05745359
5.05709837
5.05674327
5.05638827
5.05580244
5.05554318
5.05528400
5.05502490
5.05476589
5.05463778
5.05450970
5.05438167
5.05425369
5.05412574
5.05399783
5.05386996
5.05374213
5.05362299
5.05350389
5.05338483
5.05343732
5.05352746
5.05364772
5.05376795
5.05382246
5.05339805
5.05297377
5.05254963
5.05212981
5.05171012
5.05129057
5.05087115
5.05045187
5.05003271
5.04961369
5.04919480
5.04877605
5.04825522
5.04773455
5.04733906
5.04693726
5.04650150
5.04619918
5.04598176
5.04576441
5.04554713
5.04532991
5.04511277
5.04489569
5.04481506
5.04481655
5.04481804
5.04443835
5.04405878
5.04405155
5.04397252
5.04372546
5.04344604
5.04316670
5.04288745
5.04260829
5.04232922
5.04205024
5.04177134
5.04151671
5.04126215
5.04109524
5.04092839
5.04032635
5.03987104
5.03941589
5.03906678
5.03895767
5.03884859
5.03873955
5.03863054
5.03852157
5.03821757
5.03791367
5.03810007
5.03828642
5.03853888
5.03879125
5.03904355
5.03919873
5.03935387
5.03893887
5.03852400
5.03810925
5.03803714
5.03772219
5.03740734
5.03709259
5.03677794
5.03646338
5.03618980
5.03591630
5.03564289
5.03514002
5.03463730
5.03433931
5.03404142
5.03374362
5.03344591
5.03314830
5.03285078
5.03255335
5.03225601
5.03220011
5.03227694
5.03170849
5.03139609
5.03108379
5.03072753
5.03037139
5.02998879
5.02960632
5.02907111
5.02879918
5.02839705
5.02799504
5.02770921
5.02742347
5.02752444
5.02798403
5.02834038
5.02869662
5.02905275
5.02964056
5.03003739
5.03052917
5.03098053
5.03143174
5.03188282
5.03196297
5.03208922
5.03263535
5.03306357
5.03371498
5.03436618
5.03495644
5.03542544
5.03601871
5.03657049
5.03702032
5.03747001
5.03791956
5.03836898
5.03881825
5.03924900
5.03967961
5.04007720
5.04044286
5.04034356
5.04024429
5.04049109
5.04058252
5.04036459
5.04029699
5.04060221
5.04070514
5.04085629
5.04070381
5.04028692
5.03987015
5.03928483
5.03869969
5.03836609
5.03803259
5.03769919
5.03736590
5.03730816
5.03725044
5.03731514
5.03743915
5.03756312
5.03744472
5.03732636
5.03749706
5.03766771
5.03783831
5.03799119
5.03817450
5.03770784
5.03724133
5.03677497
5.03630875
5.03584267
5.03537674
5.03491095
5.03446445
5.03401809
5.03383279
5.03363606
5.03343938
5.03324276
5.03280364
5.03250668
5.03246693
5.03233151
5.03219614
5.03206080
5.03160861
5.03115655
5.03096081
5.03076512
5.03083345
5.03089022
5.03094697
5.03090233
5.03075978
5.03061728
5.03047482
5.03033240
5.03019003
5.03004770
5.02984168
5.02994298
5.03018602
5.03036285
5.03019745
5.03003210
5.02986680
5.02963196
5.02944424
5.02925656
5.02918558
5.02939579
5.02960592
5.02981600
5.02992311
5.03015060
5.02997605
5.02980156
5.02962712
5.02933615
5.02904526
5.02875447
5.02846376
5.02817315
5.02788262
5.02786715
5.02777014
5.02807584
5.02804562
5.02801541
5.02798521
5.02757683
5.02747835
5.02737991
5.02766278
5.02794556
5.02830470
5.02856997
5.02868836
5.02880672
5.02850825
5.02820988
5.02791159
5.02761339
5.02731529
5.02701728
5.02671935
5.02642152
5.02612378
5.02582613
5.02552857
5.02554132
5.02553896
5.02552816
5.02513294
5.02523259
5.02533220
5.02543179
5.02553134
5.02563086
5.02593565
5.02624035
5.02671455
5.02718860
5.02766251
5.02813628
5.02859356
5.02905071
5.02950772
5.02982548
5.03012806
5.03053229
5.03082611
5.03111985
5.03136611
5.03161229
5.03195333
5.03229426
5.03266908
5.03296307
5.03325697
5.03355078
5.03384450
5.03401147
5.03443234
5.03444866
5.03446498
5.03448129
5.03502617
5.03544825
5.03573644
5.03591003
5.03608405
5.03585845
5.03575733
5.03545357
5.03545548
5.03545738
5.03545929
5.03546119
5.03546310
5.03546500
5.03501589
5.03469248
5.03417914
5.03366596
5.03315292
5.03264005
5.03212733
5.03161476
5.03153807
5.03146140
5.03119077
5.03092022
5.03064976
5.03027593
5.03007200
5.02986813
5.02966432
5.02986736
5.03007033
5.03025408
5.03043778
5.03032687
5.03021599
5.03010515
5.02999434
5.03000398
5.02969891
5.02939392
5.02908903
5.02891047
5.02835633
5.02780237
5.02768069
5.02746380
5.02733518
5.02720660
5.02740436
5.02760205
5.02759360
5.02754030
5.02764173
5.02767354
5.02770534
5.02773713
5.02768840
5.02763969
5.02759099
5.02754231
5.02778219
5.02802200
5.02826174
5.02842594
5.02855893
5.02826123
5.02796362
5.02766610
5.02756322
5.02744011
5.02731704
5.02719400
5.02707100
5.02706468
5.02668121
5.02646150
5.02637592
5.02629036
5.02590326
5.02562787
5.02535256
5.02503897
5.02472547
5.02430690
5.02388845
5.02347012
5.02305192
5.02263384
5.02221589
5.02179807
5.02138036
5.02096279
5.02076840
5.02065210
5.02053583
5.02041960
5.02030340
5.01997721
5.02010257
5.02024150
5.02038039
5.02073050
5.02108050
5.02113602
5.02119153
5.02124701
5.02130248
5.02135794
5.02134252
5.02132710
5.02131194
5.02100773
5.02083999
5.02067230
5.02010148
5.01993243
5.01939487
5.01924758
5.01910033
5.01895312
5.01872407
5.01849508
5.01826616
5.01803731
5.01780853
5.01780256
5.01743443
5.01706641
5.01669850
5.01633070
5.01591694
5.01588580
5.01585466
5.01553337
5.01521218
5.01489108
5.01457008
5.01461383
5.01465758
5.01470131
5.01444952
5.01419099
5.01382221
5.01345354
5.01308497
5.01271652
5.01234817
5.01197994
5.01161181
5.01124379
5.01095244
5.01066117
5.01036999
5.01007889
5.00978789
5.00949696
5.00893973
5.00838266
5.00782576
5.00737279
5.00691995
5.00646724
5.00601466
5.00542522
5.00510871
5.00479228
5.00473816
5.00496427
5.00530851
5.00581644
5.00619590
5.00657525
5.00692963
5.00728392
5.00757623
5.00788052
5.00813132
5.00838205
5.00863271
5.00880244
5.00876681
5.00873119
5.00869558
5.00865998
5.00862439
5.00858882
5.00850137
5.00882173
5.00880382
5.00878591
5.00849914
5.00821247
5.00792588
5.00758963
5.00725347
5.00728071
5.00725970
5.00709047
5.00692130
5.00675217
5.00692436
5.00733681
5.00776264
5.00818834
5.00843006
5.00874425
5.00905834
5.00923949
5.00942058
5.00989910
5.01035166
5.01043391
5.01025660
5.01007935
5.00990216
5.00991218
5.00961731
5.00932252
5.00902782
5.00863311
5.00823850
5.00770524
5.00717214
5.00663919
5.00610640
5.00592618
5.00574601
5.00556590
5.00538584
5.00532511
5.00516342
5.00517464
5.00518585
5.00519707
5.00520827
5.00521948
5.00533011
5.00544072
5.00562473
5.00597514
5.00623370
5.00649217
5.00675058
5.00700890
5.00736797
5.00767202
5.00797597
5.00859008
5.00920402
5.00981777
5.01048904
5.01061721
5.01074534
5.01087343
5.01100149
5.01112951
5.01125749
5.01144413
5.01163072
5.01181726
5.01200374
5.01187117
5.01190460
5.01159441
5.01163410
5.01164660
5.01165911
5.01167161
5.01168411
5.01169661
5.01170910
5.01163200
5.01155492
5.01147787
5.01140083
5.01121619
5.01103159
5.01084705
5.01066257
5.01047814
5.00988978
5.00930160
5.00898294
5.00866438
5.00834590
5.00814428
5.00794271
5.00777413
5.00760559
5.00742475
5.00724396
5.00706323
5.00688254
5.00670191
5.00652134
5.00634081
5.00616034
5.00599757
5.00584700
5.00569648
5.00544906
5.00549945
5.00554982
5.00560017
5.00565052
5.00570084
5.00575116
5.00581849
5.00588581
5.00595310
5.00588605
5.00548515
5.00508437
5.00468370
5.00447597
5.00426830
5.00422007
5.00417185
5.00426319
5.00419065
5.00411813
5.00404563
5.00386145
5.00367732
5.00341958
5.00316191
5.00267544
5.00237761
5.00207987
5.00199000
5.00199147
5.00199294
5.00199441
5.00198044
5.00219163
5.00209923
5.00200686
5.00191452
5.00182220
5.00172991
5.00188099
5.00203203
5.00227243
5.00251277
5.00275304
5.00235384
5.00217603
5.00199828
5.00193809
5.00183206
5.00172605
5.00162008
5.00151414
5.00143608
5.00148879
5.00154148
5.00159416
5.00164682
5.00160235
5.00182050
5.00208857
5.00235656
5.00262448
5.00252773
5.00232778
5.00212790
5.00192807
5.00172830
5.00152858
5.00116864
5.00080881
5.00044908
4.99993912
4.99959305
4.99924708
4.99892975
4.99867382
4.99841796
4.99816217
4.99803248
4.99790282
4.99796141
4.99801999
4.99807854
4.99813708
4.99853624
4.99893528
4.99920915
4.99908638
4.99896365
4.99884094
4.99871828
4.99859565
4.99848863
4.99838163
4.99827467
4.99816774
4.99785178
4.99753590
4.99730909
4.99708235
4.99681628
4.99655028
4.99610124
4.99565232
4.99561690
4.99572886
4.99600597
4.99628299
4.99646133
4.99650082
4.99646265
4.99616715
4.99587172
4.99561381
4.99535597
4.99510960
4.99486331
4.99462209
4.99438095
4.99411133
4.99373246
4.99326114
4.99278996
4.99242731
4.99206477
4.99170234
4.99163711
4.99158854
4.99140452
4.99166179
4.99178172
4.99190161
4.99202147
4.99214130
4.99210163
4.99196108
4.99184334
4.99172563
4.99160795
4.99131943
4.99103099
4.99074264
4.99070675
4.99067088
4.99063501
4.99051947
4.99036455
4.99026005
4.99029739
4.99033472
4.99037204
4.99040935
4.99041226
4.99018229
4.98995239
4.98972255
4.98949273
4.98943765
4.98938260
4.98932755
4.98943687
4.98941745
4.98947498
4.98938215
4.98920375
4.98902539
4.98884709
4.98866884
4.98849063
4.98831248
4.98813438
4.98824384
4.98835327
4.98857292
4.98881140
4.98907544
4.98938497
4.98969441
4.99000376
4.99032121
4.99006802
4.98981489
4.98956184
4.98930886
4.98905595
4.98858094
4.98810606
4.98798319
4.98809320
4.98835275
4.98885689
4.98936089
4.98985455
4.99019462
4.99028616
4.99000068
4.98959413
4.98918769
4.98878137
4.98837517
4.98843137
4.98842958
4.98842778
4.98842599
4.98841286
4.98855638
4.98844725
4.98833815
4.98822908
4.98812004
4.98781196
4.98750398
4.98719608
4.98688827
4.98658054
4.98643581
4.98629111
4.98614646
4.98600185
4.98585728
4.98571275
4.98556826
4.98542381
4.98527940
4.98513503
4.98481145
4.98448797
4.98416457
4.98397230
4.98364857
4.98358709
4.98373083
4.98387454
4.98401820
4.98421019
4.98435665
4.98450307
4.98485463
4.98520609
4.98560477
4.98564542
4.98568605
4.98543600
4.98518602
4.98482253
4.98476383
4.98456837
4.98440406
4.98423981
4.98407560
4.98380274
4.98352996
4.98325725
4.98338792
4.98353055
4.98367314
4.98358887
4.98350463
4.98342041
4.98315325
4.98288616
4.98261915
4.98235222
4.98212047
4.98188879
4.98165717
4.98142561
4.98108269
4.98073987
4.98039714
4.98005450
4.97971196
4.97936952
4.97902717
4.97868492
4.97831403
4.97811472
4.97791547
4.97771627
4.97751713
4.97731804
4.97730329
4.97728855
4.97705390
4.97681931
4.97685948
4.97680605
4.97711192
4.97715945
4.97697738
4.97720047
4.97742349
4.97735275
4.97728202
4.97721131
4.97714062
4.97723260
4.97732456
4.97748320
4.97764180
4.97780036
4.97795887
4.97811733
4.97827576
4.97823993
4.97820412
4.97816831
4.97813251
4.97817409
4.97795044
4.97826328
4.97859310
4.97892283
4.97925247
4.97949795
4.98010041
4.98070269
4.98130481
4.98172909
4.98215324
4.98257728
4.98286039
4.98314343
4.98342638
4.98347082
4.98361107
4.98375127
4.98389144
4.98392280
4.98406558
4.98385728
4.98364904
4.98350421
4.98335941
4.98321466
4.98306994
4.98281026
4.98255065
4.98207981
4.98160909
4.98113851
4.98066805
4.98019773
4.97982903
4.97940860
4.97910159
4.97879467
4.97848784
4.97818109
4.97787442
4.97753134
4.97699515
4.97645911
4.97592321
4.97538746
4.97485187
4.97443491
4.97429615
4.97415743
4.97382404
4.97359811
4.97349422
4.97335142
4.97344180
4.97353215
4.97362247
4.97371277
4.97402231
4.97412732
4.97404197
4.97391523
4.97378852
4.97363034
4.97347220
4.97331410
4.97315604
4.97299803
4.97311082
4.97322358
4.97333631
4.97344901
4.97380395
4.97415879
4.97433900
4.97438178
4.97447953
4.97457726
4.97467496
4.97477264
4.97487028
4.97474974
4.97462922
4.97450874
4.97438829
4.97426788
4.97414750
4.97393726
4.97359892
4.97326068
4.97292252
4.97256759
4.97221275
4.97220269
4.97219264
4.97218259
4.97216106
4.97207586
4.97199067
4.97187869
4.97176673
4.97194569
4.97210756
4.97213778
4.97216799
4.97202239
4.97191673
4.97181110
4.97170550
4.97163602
4.97156656
4.97149712
4.97137769
4.97131239
4.97124711
4.97118184
4.97122271
4.97123540
4.97148944
4.97174340
4.97214230
4.97207596
4.97156017
4.97117229
4.97105181
4.97073972
4.97042771
4.97011579
4.96989508
4.96967442
4.96963555
4.96991833
4.97014212
4.97015606
4.97017000
4.97022573
4.97019430
4.97016287
4.97013146
4.97010005
4.97025794
4.97041579
4.97057359
4.97073136
4.97093773
4.97114405
4.97143902
4.97173392
4.97189264
4.97205211
4.97200986
4.97196763
4.97220895
4.97219671
4.97214131
4.97198753
4.97182726
4.97173179
4.97163634
4.97154092
4.97113739
4.97073398
4.97033067
4.96992748
4.96952439
4.96912141
4.96894951
4.96883818
4.96871798
4.96859783
4.96847770
4.96835761
4.96823583
4.96825084
4.96831334
4.96792898
4.96754472
4.96717803
4.96681145
4.96644496
4.96640983
4.96653776
4.96629538
4.96612904
4.96596273
4.96579647
4.96563026
4.96546409
4.96529796
4.96537469
4.96545140
4.96552808
4.96560475
4.96549370
4.96538269
4.96526033
4.96539585
4.96553132
4.96568277
4.96583418
4.96598554
4.96650167
4.96711610
4.96773036
4.96807412
4.96823895
4.96826888
4.96835726
4.96839285
4.96842842
4.96846399
4.96847133
4.96866911
4.96886684
4.96914666
4.96942641
4.96963780
4.96991863
4.97019938
4.97038029
4.97053332
4.97059394
4.97056042
4.97040468
4.97030013
4.97026235
4.96990336
4.96953559
4.96921120
4.96888158
4.96855206
4.96829568
4.96791978
4.96754398
4.96716828
4.96679268
4.96652876
4.96626491
4.96600114
4.96585588
4.96571067
4.96534156
4.96475472
4.96472416
4.96453313
4.96425006
4.96396708
4.96367250
4.96380734
4.96388838
4.96396941
4.96414566
4.96432188
4.96457260
4.96482327
4.96483996
4.96495807
4.96507616
4.96489645
4.96471680
4.96453719
4.96442642
4.96385749
4.96336536
4.96287336
4.96281028
4.96274721
4.96268416
4.96262113
4.96255812
4.96259058
4.96241694
4.96224335
4.96226236
4.96209227
4.96192224
4.96175225
4.96158231
4.96141241
4.96124255
4.96107275
4.96090298
4.96073327
4.96057837
4.96063056
4.96059590
4.96037606
4.96042355
4.96047101
4.96061993
4.96090461
4.96097964
4.96123296
4.96154183
4.96185062
4.96215932
4.96278712
4.96315421
4.96330947
4.96343553
4.96356155
4.96349719
4.96343284
4.96336851
4.96330420
4.96323991
4.96302263
4.96280541
4.96258825
4.96237115
4.96215411
4.96193712
4.96201565
4.96209416
4.96212407
4.96215398
4.96186809
4.96158228
4.96150759
4.96144195
4.96137632
4.96131072
4.96120627
4.96110185
4.96099746
4.96095653
4.96091561
4.96087469
4.96106727
4.96125619
4.96144507
4.96163389
4.96182266
4.96203053
4.96223835
4.96249377
4.96274912
4.96314522
4.96364117
4.96413699
4.96463268
4.96504748
4.96563917
4.96623070
4.96680237
4.96737389
4.96794526
4.96851647
4.96911292
4.96970921
4.97030534
4.97073955
4.97095690
4.97107198
4.97110643
4.97164174
4.97208476
4.97230672
4.97252861
4.97275045
4.97286156
4.97286306
4.97272452
4.97254887
4.97237326
4.97230707
4.97224090
4.97217475
4.97210861
4.97204249
4.97208251
4.97217355
4.97226455
4.97219451
4.97197996
4.97176546
4.97155103
4.97133665
4.97112232
4.97090805
4.97074071
4.97057342
4.97044759
4.97032180
4.97012436
4.97003376
4.97025875
4.97062871
4.97099856
4.97136832
4.97157706
4.97184464
4.97211215
4.97223043
4.97211333
4.97232252
4.97228416
4.97248729
4.97257787
4.97266843
4.97272796
4.97278747
4.97315825
4.97352894
4.97370173
4.97381490
4.97391446
4.97418896
4.97425584
4.97441476
4.97457363
4.97469241
4.97481117
4.97492557
4.97503995
4.97499008
4.97490456
4.97481906
4.97473359
4.97464813
4.97456270
4.97450445
4.97497948
4.97527402
4.97561115
4.97596119
4.97623761
4.97623689
4.97626826
4.97608918
4.97591014
4.97576739
4.97562467
4.97527749
4.97493041
4.97458341
4.97417471
4.97376612
4.97335764
4.97310548
4.97258597
4.97223211
4.97187834
4.97148054
4.97114660
4.97081276
4.97047900
4.97014731
4.96981571
4.96948420
4.96933426
4.96918437
4.96903451
4.96878020
4.96852596
4.96827178
4.96801767
4.96776969
4.96745149
4.96727200
4.96721239
4.96715280
4.96721671
4.96698869
4.96691960
4.96685052
4.96648152
4.96611261
4.96574379
4.96537508
4.96535950
4.96534393
4.96554372
4.96563745
4.96573115
4.96585200
4.96597282
4.96609360
4.96621435
4.96633507
4.96630739
4.96613795
4.96596856
4.96599560
4.96595398
4.96600759
4.96606119
4.96611478
4.96612774
4.96614999
4.96611314
4.96607630
4.96603948
4.96588071
4.96572199
4.96556332
4.96551918
4.96556844
4.96552360
4.96547877
4.96542659
4.96537442
4.96532226
4.96537041
4.96541854
4.96525169
4.96513335
4.96520259
4.96501336
4.96482417
4.96463504
4.96444595
4.96440846
4.96410763
4.96400919
4.96391077
4.96373653
4.96335555
4.96313063
4.96307109
4.96301158
4.96297111
4.96296644
4.96282267
4.96252873
4.96223487
4.96194109
4.96164738
4.96135374
4.96106018
4.96085743
4.96065472
4.96077083
4.96120736
4.96151740
4.96182736
4.96191175
4.96199612
4.96204396
4.96209178
4.96195478
4.96176322
4.96157171
4.96138025
4.96118884
4.96099748
4.96080616
4.96060250
4.96018225
4.95976212
4.95934209
4.95892217
4.95850236
4.95808265
4.95800400
4.95781582
4.95762770
4.95743963
4.95725160
4.95706363
4.95736466
4.95766561
4.95796648
4.95826728
4.95856800
4.95881759
4.95906712
4.95931658
4.95956598
4.95980228
4.95965283
4.95950342
4.95935405
4.95920471
4.95905541
4.95890616
4.95875694
4.95867760
4.95859828
4.95851898
4.95843970
4.95836044
4.95828120
4.95820198
4.95812753
4.95822286
4.95818884
4.95815482
4.95793342
4.95771208
4.95749080
4.95726957
4.95704840
4.95682729
4.95660623
4.95648192
4.95669572
4.95690493
4.95702343
4.95694849
4.95687357
4.95688605
4.95686570
4.95684535
4.95667021
4.95637999
4.95607945
4.95578153
4.95559493
4.95522186
4.95484888
4.95447600
4.95422880
4.95398167
4.95377471
4.95356781
4.95336096
4.95315417
4.95318917
4.95325907
4.95332895
4.95339882
4.95360405
4.95380923
4.95373111
4.95365300
4.95357492
4.95349685
4.95317863
4.95286048
4.95278185
4.95256368
4.95264664
4.95272958
4.95274493
4.95276028
4.95277563
4.95267595
4.95257630
4.95241286
4.95224947
4.95208611
4.95180936
4.95153268
4.95125606
4.95097952
4.95070305
4.95042664
4.95015031
4.94964236
4.94933328
4.94902428
4.94874855
4.94847289
4.94831590
4.94865319
4.94899040
4.94918640
4.94926863
4.94913194
4.94899529
4.94881701
4.94863878
4.94824590
4.94785312
4.94746044
4.94727698
4.94709357
4.94707614
4.94711327
4.94726748
4.94767480
4.94779003
4.94781925
4.94781555
4.94781186
4.94780817
4.94771290
4.94761765
4.94726817
4.94706453
4.94686094
4.94665740
4.94630736
4.94628366
4.94625995
4.94623626
4.94621257
4.94623260
4.94622056
4.94620853
4.94625061
4.94629267
4.94627634
4.94645132
4.94638967
4.94629629
4.94620293
4.94610960
4.94601629
4.94593016
4.94584405
4.94575797
4.94550704
4.94516712
4.94491029
4.94465352
4.94442316
4.94457235
4.94472150
4.94483848
4.94485609
4.94487370
4.94489131
4.94490891
4.94492651
4.94496843
4.94501035
4.94505225
4.94509415
4.94534806
4.94560191
4.94600129
4.94632436
4.94654075
4.94706117
4.94727762
4.94749401
4.94739990
4.94743139
4.94731052
4.94718967
4.94706886
4.94674997
4.94632703
4.94590421
4.94548149
4.94548649
4.94549149
4.94538956
4.94528766
4.94497442
4.94466125
4.94456189
4.94458775
4.94461403
4.94474344
4.94503803
4.94519194
4.94519576
4.94504491
4.94489410
4.94474333
4.94459260
4.94444190
4.94429125
4.94403640
4.94378162
4.94394130
4.94410094
4.94428310
4.94446522
4.94464729
4.94482931
4.94508646
4.94566067
4.94582435
4.94598799
4.94615159
4.94641917
4.94658157
4.94682934
4.94707705
4.94737362
4.94783782
4.94838835
4.94899888
4.94960926
4.95021948
4.95052012
4.95050641
4.95061479
4.95065251
4.95070233
4.95075213
4.95089032
4.95102847
4.95116660
4.95130468
4.95126661
4.95122855
4.95118775
4.95114696
4.95110618
4.95106541
4.95102465
4.95074586
4.95064062
4.95053541
4.95043023
4.95008872
4.94974729
4.94971908
4.94969087
4.94977680
4.94966106
4.94951126
4.94959848
4.94968568
4.94997480
4.95038638
4.95059070
4.95079592
4.95092435
4.95105276
4.95128067
4.95131978
4.95116507
4.95137062
4.95131712
4.95126364
4.95106205
4.95088256
4.95087174
4.95096936
4.95106696
4.95123607
4.95126636
4.95102416
4.95078201
4.95055569
4.95032943
4.95010322
4.94987707
4.94964663
4.94941626
4.94918594
4.94895568
4.94872548
4.94848651
4.94824760
4.94795589
4.94793989
4.94792389
4.94788413
4.94814400
4.94845424
4.94892882
4.94940328
4.94982838
4.95025337
4.95079156
4.95132963
4.95186755
4.95261573
4.95336371
4.95382251
4.95399567
4.95416879
4.95394260
4.95371647
4.95349039
4.95326437
4.95314654
4.95302875
4.95302670
4.95304544
4.95331669
4.95331975
4.95332282
4.95344007
4.95333439
4.95322874
4.95358379
4.95393876
4.95429363
4.95464842
4.95500312
4.95536929
4.95573538
4.95584506
4.95595472
4.95622185
4.95620484
4.95621341
4.95611655
4.95595083
4.95571712
4.95548348
4.95524988
4.95532562
4.95532492
4.95532423
4.95532353
4.95553556
4.95574754
4.95554927
4.95535105
4.95515287
4.95495474
4.95475667
4.95455864
4.95436066
4.95416272
4.95379025
4.95341787
4.95304558
4.95296975
4.95289394
4.95281815
4.95274238
4.95263897
4.95253559
4.95242335
4.95231115
4.95219897
4.95208682
4.95197470
4.95186260
4.95175054
4.95139692
4.95104339
4.95068994
4.95033658
4.94998331
4.94963013
4.94927703
4.94892402
4.94857109
4.94821826
4.94786551
4.94811877
4.94837197
4.94862510
4.94869982
4.94877452
4.94884921
4.94890161
4.94881313
4.94873414
4.94850565
4.94837003
4.94816588
4.94796178
4.94775773
4.94755373
4.94734978
4.94714588
4.94694203
4.94661849
4.94629502
4.94597163
4.94576500
4.94573980
4.94571461
4.94587359
4.94578413
4.94569470
4.94546086
4.94530146
4.94505952
4.94481764
4.94457583
4.94433407
4.94411843
4.94390284
4.94380530
4.94381440
4.94382350
4.94383260
4.94384169
4.94385078
4.94403560
4.94435616
4.94467664
4.94499704
4.94531737
4.94556138
4.94598114
4.94640081
4.94682036
4.94724953
4.94767860
4.94817395
4.94894787
4.94962493
4.95030181
4.95097853
4.95187114
4.95276352
4.95365569
4.95451245
4.95497512
4.95512688
4.95527860
4.95528202
4.95528544
4.95528886
4.95529228
4.95528165
4.95537730
4.95518185
4.95519115
4.95524856
4.95519389
4.95513923
4.95496847
4.95479774
4.95464395
4.95449019
4.95411183
4.95373357
4.95335540
4.95297732
4.95259933
4.95250850
4.95217990
4.95185139
4.95152295
4.95136020
4.95119748
4.95103480
4.95117095
4.95149276
4.95181448
4.95193916
4.95206381
4.95218842
4.95231301
4.95267535
4.95295571
4.95325168
4.95354758
4.95384340
4.95404025
4.95423705
4.95422742
4.95421781
4.95420819
4.95419857
4.95422718
4.95425577
4.95428436
4.95447782
4.95467124
4.95486460
4.95505792
4.95525120
4.95516042
4.95471483
4.95426936
4.95382399
4.95377915
4.95373433
4.95368951
4.95356271
4.95311333
4.95266406
4.95274255
4.95282103
4.95289949
4.95297793
4.95305635
4.95334119
4.95372849
4.95411570
4.95450281
4.95488983
4.95519154
4.95549318
4.95579472
4.95632784
4.95678309
4.95702727
4.95711746
4.95720762
4.95716355
4.95700069
4.95671981
4.95643901
4.95615827
4.95587760
4.95554758
4.95529502
4.95504253
4.95491984
4.95479719
4.95467456
4.95435714
4.95403980
4.95372253
4.95341195
4.95327236
4.95293718
4.95260207
4.95226705
4.95193211
4.95153984
4.95114766
4.95075558
4.95036359
4.94997169
4.94980013
4.94962861
4.94940200
4.94917544
4.94894893
4.94875396
4.94855904
4.94829414
4.94836957
4.94844498
4.94843433
4.94856280
4.94875900
4.94867693
4.94859488
4.94851285
4.94843084
4.94832080
4.94817642
4.94787550
4.94757503
4.94725137
4.94692780
4.94660429
4.94628087
4.94595752
4.94563426
4.94531106
4.94498795
4.94496953
4.94495111
4.94485586
4.94480005
4.94503404
4.94514467
4.94525528
4.94551250
4.94576966
4.94602676
4.94623157
4.94610800
4.94598447
4.94580137
4.94571526
4.94562917
4.94557653
4.94552391
4.94536411
4.94520435
4.94504463
4.94488494
4.94472530
4.94456569
4.94444423
4.94453522
4.94462618
4.94480462
4.94498302
4.94516137
4.94526791
4.94528740
4.94530690
4.94532638
4.94534587
4.94536534
4.94542106
4.94547677
4.94553247
4.94570764
4.94588278
4.94605788
4.94623293
4.94640794
4.94648193
4.94655591
4.94656202
4.94656812
4.94667563
4.94678312
4.94689058
4.94704704
4.94720347
4.94733672
4.94746994
4.94760312
4.94757736
4.94743892
4.94709926
4.94675968
4.94642018
4.94608077
4.94574143
4.94540217
4.94538511
4.94536806
4.94535100
4.94535256
4.94545846
4.94556434
4.94555538
4.94543158
4.94531782
4.94520409
4.94500378
4.94480352
4.94460330
4.94471024
4.94481715
4.94492403
4.94503090
4.94486524
4.94491481
4.94496437
4.94515497
4.94507426
4.94471472
4.94458033
4.94444598
4.94431165
4.94417735
4.94404309
4.94387447
4.94370588
4.94353734
4.94356629
4.94346799
4.94343637
4.94340475
4.94337315
4.94328957
4.94359050
4.94375106
4.94420949
4.94466782
4.94512603
4.94558414
4.94604213
4.94668255
4.94732282
4.94785028
4.94841774
4.94863417
4.94906727
4.94948420
4.94966768
4.94985111
4.95003450
4.95020782
4.95038111
4.95011282
4.95015843
4.95008393
4.95012327
4.95016260
4.95025921
4.95034663
4.95059198
4.95084340
4.95109477
4.95134607
4.95157560
4.95198560
4.95278078
4.95358209
4.95438321
4.95504364
4.95570391
4.95616576
4.95634723
4.95652866
4.95678644
4.95700648
4.95715514
4.95730377
4.95745236
4.95764148
4.95748563
4.95733680
4.95698858
4.95677896
4.95656939
4.95635986
4.95615039
4.95594097
4.95573159
4.95552227
4.95531299
4.95510376
4.95489458
4.95468546
4.95447638
4.95420808
4.95393984
4.95372333
4.95350688
4.95319730
4.95288780
4.95257838
4.95226902
4.95195974
4.95185385
4.95200284
4.95202256
4.95203889
4.95212549
4.95239862
4.95261483
4.95289181
4.95313736
4.95338442
4.95361489
4.95388262
4.95415029
4.95441790
4.95454263
4.95466733
4.95475785
4.95480140
4.95452217
4.95433233
4.95417621
4.95402012
4.95386407
4.95370806
4.95355208
4.95338545
4.95331854
4.95311725
4.95280034
4.95248351
4.95241852
4.95235354
4.95214736
4.95194123
4.95173515
4.95152912
4.95132313
4.95108671
4.95085237
4.95049464
4.95013700
4.94980843
4.94947993
4.94915151
4.94882317
4.94881599
4.94863666
4.94845737
4.94807263
4.94784265
4.94761272
4.94738284
4.94714423
4.94685459
4.94656502
4.94627551
4.94598607
4.94580470
4.94562336
4.94544207
4.94524455
4.94489786
4.94455125
4.94427406
4.94399693
4.94371987
4.94354516
4.94337049
4.94319587
4.94302128
4.94270723
4.94281964
4.94281077
4.94279105
4.94243689
4.94208282
4.94187437
4.94188813
4.94190188
4.94199836
4.94209481
4.94195932
4.94186905
4.94190480
4.94195611
4.94200741
4.94225414
4.94249628
4.94264031
4.94295973
4.94327908
4.94330062
4.94292311
4.94254570
4.94237236
4.94219907
4.94202581
4.94185260
4.94167383
4.94149510
4.94147872
4.94146234
4.94144597
4.94142960
4.94132035
4.94155305
4.94182521
4.94168011
4.94141967
4.94112830
4.94075424
4.94038663
4.94001910
4.93973533
4.93945162
4.93916797
4.93885714
4.93854637
4.93823568
4.93804233
4.93784903
4.93765578
4.93746257
4.93726940
4.93714724
4.93702511
4.93690301
4.93678093
4.93691503
4.93704910
4.93718314
4.93731715
4.93700392
4.93674216
4.93706739
4.93739254
4.93743706
4.93748158
4.93708596
4.93669044
4.93629500
4.93616013
4.93605330
4.93594649
4.93599030
4.93603411
4.93595061
4.93586712
4.93578365
4.93590807
4.93603247
4.93615683
4.93628117
4.93635257
4.93642395
4.93649532
4.93656667
4.93663800
4.93670932
4.93684108
4.93697281
4.93697097
4.93704882
4.93706874
4.93746803
4.93823600
4.93899126
4.93974635
4.94028148
4.94081648
4.94142364
4.94196399
4.94241110
4.94285811
4.94333672
4.94372744
4.94414719
4.94456685
4.94501492
4.94546289
4.94603675
4.94652080
4.94719616
4.94787427
4.94841818
4.94891449
4.94922641
4.94971196
4.95023883
4.95076558
4.95131623
4.95220901
4.95309798
4.95400906
4.95477321
4.95542336
4.95610921
4.95662400
4.95713324
4.95764237
4.95815137
4.95866027
4.95916904
4.95954967
4.95999206
4.96027118
4.96055023
4.96082921
4.96093894
4.96104864
4.96115831
4.96125638
4.96142124
4.96155910
4.96169693
4.96152754
4.96135819
4.96121974
4.96097951
4.96073933
4.96049920
4.96025913
4.96001912
4.95977916
4.95953925
4.95929940
4.95919174
4.95908411
4.95897650
4.95894244
4.95903715
4.95935573
4.95967423
4.95997017
4.95994146
4.96013990
4.96014577
4.96015164
4.96027205
4.96044090
4.96060971
4.96077849
4.96094723
4.96106101
4.96122896
4.96129459
4.96136021
4.96165570
4.96195113
4.96224650
4.96229643
4.96234635
4.96230933
4.96227232
4.96201884
4.96176542
4.96151206
4.96125875
4.96085889
4.96045547
4.96040268
4.96034989
4.96033807
4.95985442
4.95937087
4.95928075
4.95919065
4.95910058
4.95901052
4.95892049
4.95897806
4.95903562
4.95909317
4.95915071
4.95930312
4.95929421
4.95928531
4.95932010
4.95935012
4.95938013
4.95927150
4.95916290
4.95905432
4.95915122
4.95924810
4.95927427
4.95939344
4.95932631
4.95935534
4.95974273
4.96017704
4.96061126
4.96088919
4.96124760
4.96154056
4.96164383
4.96174707
4.96185029
4.96195349
4.96211937
4.96228522
4.96245102
4.96257843
4.96270582
4.96270155
4.96259870
4.96257224
4.96254578
4.96251933
4.96249289
4.96252780
4.96256270
4.96253650
4.96251030
4.96249638
4.96248246
4.96237237
4.96226231
4.96215227
4.96199462
4.96183700
4.96167941
4.96147358
4.96126779
4.96106205
4.96075587
4.96058263
4.96034104
4.96009951
4.95999053
4.95957853
4.95916662
4.95875480
4.95864402
4.95853326
4.95841551
4.95826040
4.95810533
4.95803400
4.95763097
4.95726042
4.95688995
4.95651957
4.95614927
4.95586844
4.95558768
4.95530697
4.95502608
4.95474526
4.95446450
4.95429573
4.95412701
4.95406664
4.95404229
4.95422760
4.95448432
4.95475089
4.95464855
4.95454622
4.95459123
4.95448960
4.95449232
4.95449504
4.95450721
4.95451937
4.95453153
4.95494781
4.95536399
4.95586570
4.95616372
4.95635523
4.95650335
4.95691630
4.95718917
4.95746198
4.95767957
4.95799295
4.95830625
4.95862090
4.95893547
4.95914083
4.95934614
4.95978066
4.96020470
4.96062864
4.96105249
4.96151595
4.96197930
4.96244256
4.96307235
4.96361502
4.96415756
4.96469081
4.96518808
4.96566457
4.96614094
4.96661721
4.96703844
4.96757366
4.96785638
4.96810694
4.96845951
4.96863927
4.96881613
4.96884464
4.96887314
4.96890164
4.96875752
4.96861342
4.96855185
4.96849029
4.96827563
4.96806102
4.96803696
4.96800292
4.96796889
4.96805849
4.96814808
4.96823764
4.96832719
4.96849219
4.96855495
4.96860905
4.96834690
4.96798884
4.96789650
4.96784744
4.96779839
4.96774935
4.96771545
4.96768156
4.96778985
4.96791761
4.96804534
4.96817305
4.96830072
4.96842837
4.96823876
4.96808177
4.96814554
4.96797480
4.96773422
4.96752858
4.96717462
4.96696353
4.96675248
4.96674884
4.96674520
4.96700608
4.96728531
4.96760583
4.96789353
4.96803902
4.96832329
4.96821279
4.96810232
4.96799187
4.96788145
4.96807008
4.96824078
4.96870769
4.96891061
4.96885590
4.96877797
4.96870007
4.96862218
4.96860586
4.96858954
4.96857323
4.96847406
4.96826683
4.96823863
4.96821815
4.96819768
4.96828425
4.96837080
4.96845733
4.96839621
4.96833510
4.96800671
4.96776035
4.96748281
4.96727998
4.96726778
4.96703522
4.96680272
4.96657027
4.96623774
4.96590529
4.96557291
4.96548812
4.96540336
4.96552004
4.96555116
4.96554525
4.96553935
4.96562134
4.96570331
4.96560939
4.96536388
4.96509697
4.96483012
4.96461221
4.96449310
4.96464244
4.96488453
4.96497794
4.96504981
4.96512167
4.96519351
4.96525985
4.96532617
4.96518426
4.96504239
4.96477680
4.96451127
4.96424580
4.96396729
4.96368884
4.96341045
4.96301186
4.96261335
4.96233812
4.96206295
4.96178784
4.96151279
4.96123781
4.96080311
4.96052609
4.96017218
4.95981835
4.95949249
4.95916672
4.95909105
4.95891953
4.95874804
4.95857660
4.95840519
4.95838566
4.95836613
4.95834478
4.95817781
4.95796052
4.95807514
4.95818032
4.95804324
4.95787110
4.95773620
4.95760601
4.95747584
4.95734571
4.95733558
4.95732546
4.95711932
4.95681746
4.95651567
4.95631347
4.95611132
4.95590921
4.95570715
4.95550513
4.95530739
4.95510969
4.95490647
4.95470329
4.95450015
4.95443689
4.95469747
4.95488161
4.95506572
4.95524978
4.95535190
4.95551157
4.95520715
4.95490280
4.95459851
4.95428549
4.95413034
4.95397524
4.95403612
4.95422828
4.95448407
4.95477832
4.95500118
4.95505446
4.95505539
4.95505632
4.95505725
4.95505818
4.95505911
4.95494056
4.95485839
4.95477623
4.95485658
4.95493692
4.95501723
4.95493292
4.95484863
4.95479769
4.95495121
4.95510470
4.95525816
4.95541158
4.95556497
4.95569059
4.95552586
4.95536117
4.95533277
4.95520631
4.95507987
4.95533983
4.95570288
4.95613566
4.95649436
4.95685298
4.95698540
4.95707225
4.95699419
4.95701658
4.95703898
4.95706136
4.95708375
4.95718533
4.95736000
4.95753463
4.95778127
4.95820631
4.95857711
4.95880854
4.95903992
4.95927125
4.95931570
4.95970366
4.96009152
4.96050274
4.96091386
4.96131298
4.96171201
4.96160249
4.96149300
4.96138353
4.96117944
4.96097540
4.96077140
4.96056745
4.96036589
4.96031839
4.96027090
4.96022342
4.96017595
4.96012848
4.96008103
4.96014959
4.96021813
4.96028665
4.96049191
4.96069712
4.96090228
4.96110740
4.96124084
4.96137424
4.96150762
4.96171007
4.96164534
4.96150857
4.96125907
4.96123230
4.96123986
4.96124742
4.96137603
4.96158146
4.96189901
4.96221649
4.96253390
4.96285125
4.96316852
4.96348572
4.96380286
4.96409481
4.96438670
4.96467853
4.96483226
4.96490913
4.96488943
4.96486973
4.96485003
4.96457274
4.96462226
4.96467687
4.96452208
4.96448635
4.96445062
4.96441491
4.96451282
4.96461071
4.96452998
4.96442217
4.96420904
4.96399595
4.96378292
4.96356993
4.96356851
4.96356709
4.96335639
4.96314574
4.96293514
4.96272458
4.96236059
4.96216093
4.96204101
4.96192111
4.96190920
4.96189730
4.96191176
4.96192622
4.96194067
4.96199939
4.96205809
4.96195527
4.96194179
4.96192831
4.96200466
4.96213346
4.96226223
4.96239097
4.96250799
4.96262335
4.96273869
4.96285401
4.96296930
4.96302121
4.96307311
4.96312499
4.96317687
4.96321021
4.96318169
4.96331062
4.96347400
4.96362136
4.96376868
4.96391597
4.96406323
4.96425696
4.96445065
4.96444435
4.96443806
4.96443176
4.96442547
4.96440882
4.96401236
4.96361599
4.96318078
4.96274567
4.96231065
4.96201727
4.96172395
4.96145715
4.96119041
4.96092373
4.96065710
4.96039053
4.96012402
4.95985757
4.95959117
4.95932483
4.95905855
4.95887387
4.95868923
4.95850463
4.95832007
4.95813555
4.95795107
4.95776663
4.95745241
4.95713825
4.95681889
4.95679888
4.95687348
4.95693021
4.95698692
4.95704362
4.95730699
4.95757031
4.95771680
4.95791998
4.95824691
4.95857378
4.95892150
4.95926914
4.95949961
4.95950673
4.95952959
4.95957585
4.95966624
4.95975662
4.95963140
4.95958105
4.95965939
4.95969655
4.95973371
4.95989544
4.96009285
4.96017426
4.96025565
4.96049273
4.96072975
4.96076813
4.96080650
4.96051046
4.96021448
4.95991856
4.95962270
4.95932691
4.95903119
4.95875669
4.95844787
4.95813911
4.95783041
4.95774962
4.95766885
4.95758809
4.95767347
4.95788283
4.95785670
4.95784295
4.95782920
4.95799963
4.95801522
4.95803080
4.95820496
4.95837907
4.95855315
4.95872719
4.95897234
4.95922779
4.95948319
4.95974946
4.95995159
4.96015368
4.96035572
4.96055771
4.96079703
4.96096086
4.96092797
4.96086384
4.96092723
4.96099239
4.96081096
4.96080162
4.96079574
4.96089859
4.96112760
4.96111560
4.96084810
4.96058066
4.96026012
4.95993964
4.95959949
4.95925941
4.95891940
4.95857947
4.95823961
4.95801708
4.95805753
4.95806880
4.95808007
4.95809134
4.95810260
4.95811386
4.95812512
4.95813638
4.95820204
4.95817752
4.95815301
4.95812851
4.95770549
4.95751656
4.95732767
4.95713882
4.95695001
4.95695823
4.95696645
4.95674888
4.95653137
4.95642006
4.95644684
4.95646391
4.95641142
4.95641737
4.95642332
4.95635389
4.95625611
4.95617439
4.95623520
4.95629599
4.95635677
4.95641753
4.95636636
4.95631519
4.95626404
4.95621289
4.95606223
4.95591160
4.95557321
4.95544948
4.95530596
4.95530867
4.95552722
4.95578414
4.95604101
4.95635114
4.95666120
4.95702773
4.95717677
4.95732577
4.95767006
4.95801428
4.95835843
4.95866109
4.95896368
4.95925710
4.95947487
4.95964896
4.95982302
4.96001170
4.96020034
4.96001849
4.95983668
4.95956556
4.95928614
4.95915373
4.95902134
4.95888898
4.95875665
4.95890585
4.95918093
4.95936538
4.95954979
4.95951774
4.95948571
4.95937215
4.95929628
4.95922044
4.95914460
4.95903901
4.95907004
4.95934950
4.95962889
4.95986923
4.96005607
4.96024288
4.96033285
4.96020808
4.96008335
4.95983384
4.95967561
4.95951741
4.95935924
4.95937233
4.95921456
4.95903464
4.95885475
4.95867491
4.95847431
4.95827375
4.95787784
4.95748201
4.95708626
4.95669060
4.95629502
4.95589952
4.95550411
4.95510878
4.95471353
4.95446766
4.95411491
4.95379767
4.95385649
4.95400595
4.95415539
4.95430479
4.95442457
4.95420588
4.95398723
4.95376863
4.95355008
4.95349139
4.95333846
4.95331210
4.95330871
4.95339997
4.95336025
4.95324606
4.95287788
4.95250978
4.95257136
4.95263292
4.95269448
4.95275601
4.95284989
4.95295672
4.95282864
4.95270058
4.95257254
4.95244453
4.95222051
4.95199653
4.95177260
4.95154872
4.95132489
4.95110110
4.95087736
4.95065366
4.95049243
4.95038476
4.95027711
4.95016948
4.95006188
4.94982655
4.94970754
4.94950030
4.94936151
4.94924518
4.94912887
4.94901259
4.94874012
4.94846771
4.94819536
4.94828536
4.94829596
4.94830654
4.94831713
4.94817253
4.94802796
4.94788342
4.94773891
4.94759443
4.94744999
4.94730557
4.94747534
4.94764507
4.94781478
4.94807416
4.94826320
4.94845220
4.94864116
4.94883008
4.94891595
4.94884783
4.94877972
4.94871163
4.94864355
4.94862728
4.94861101
4.94844785
4.94828473
4.94816955
4.94805440
4.94774146
4.94772519
4.94770893
4.94769267
4.94767641
4.94766016
4.94764391
4.94762766
4.94776793
4.94790817
4.94804838
4.94818856
4.94832871
4.94846884
4.94858396
4.94851579
4.94844763
4.94856550
4.94868334
4.94855703
4.94843075
4.94830450
4.94817827
4.94805207
4.94792589
4.94779974
4.94754321
4.94728673
4.94703030
4.94714933
4.94726833
4.94728869
4.94740090
4.94731426
4.94730513
4.94747747
4.94760929
4.94774109
4.94771444
4.94774719
4.94781447
4.94782036
4.94782625
4.94783214
4.94791717
4.94817807
4.94850239
4.94872963
4.94893400
4.94913834
4.94934262
4.94954687
4.94967308
4.94949809
4.94949329
4.94928994
4.94908664
4.94888339
4.94868017
4.94853723
4.94839431
4.94821243
4.94803058
4.94773495
4.94743938
4.94714387
4.94684843
4.94655304
4.94625771
4.94596245
4.94566725
4.94547625
4.94526883
4.94506146
4.94487700
4.94469259
4.94452570
4.94435884
4.94419202
4.94402523
4.94393297
4.94381554
4.94369977
4.94358403
4.94346831
4.94337709
4.94328589
4.94319471
4.94314936
4.94346412
4.94377881
4.94409343
4.94440799
4.94459249
4.94468624
4.94486420
4.94504212
4.94522000
4.94533296
4.94516212
4.94493943
4.94471678
4.94449418
4.94428708
4.94408001
4.94369566
4.94335796
4.94302033
4.94268277
4.94244241
4.94218223
4.94192211
4.94169911
4.94152572
4.94135237
4.94117905
4.94123129
4.94125203
4.94127277
4.94129350
4.94131423
4.94153345
4.94164709
4.94176070
4.94204491
4.94240266
4.94276034
4.94298819
4.94321600
4.94335228
4.94348854
4.94375256
4.94397906
4.94442730
4.94487544
4.94532350
4.94577146
4.94621933
4.94667480
4.94714588
4.94761686
4.94800071
4.94830726
4.94861374
4.94879744
4.94882755
4.94875487
4.94868221
4.94894933
4.94923928
4.94952916
4.94969059
4.94979825
4.94990588
4.95003049
4.95027698
4.95052341
4.95076979
4.95088801
4.95100622
4.95112439
4.95129216
4.95122039
4.95116271
4.95110504
4.95104739
4.95104889
4.95109474
4.95105657
4.95101841
4.95097236
4.95092632
4.95093100
4.95093567
4.95094035
4.95102980
4.95111924
4.95120865
4.95129805
4.95106974
4.95109304
4.95114237
4.95119170
4.95124102
4.95129032
4.95133962
4.95138891
4.95153963
4.95141874
4.95129787
4.95122360
4.95114935
4.95110429
4.95083619
4.95056814
4.95015962
4.94975119
4.94934284
4.94903656
4.94873034
4.94842418
4.94811809
4.94781206
4.94750609
4.94721951
4.94693298
4.94675521
4.94657749
4.94639980
4.94633832
4.94630654
4.94627476
4.94615011
4.94602547
4.94568419
4.94547685
4.94527907
4.94508133
4.94488362
4.94468005
4.94458010
4.94469043
4.94480454
4.94491863
4.94487835
4.94494594
4.94505123
4.94511603
4.94518082
4.94524559
4.94533612
4.94542662
4.94558451
4.94574237
4.94546610
4.94518989
4.94491373
4.94463763
4.94436159
4.94408560
4.94380967
4.94366294
4.94351625
4.94318649
4.94294041
4.94285905
4.94277771
4.94299861
4.94304646
4.94302508
4.94300901
4.94292639
4.94293452
4.94315566
4.94337676
4.94359781
4.94381881
4.94362571
4.94360836
4.94360351
4.94359867
4.94359382
4.94355987
4.94352594
4.94381357
4.94410114
4.94442492
4.94480137
4.94518203
4.94560662
4.94603113
4.94645555
4.94687989
4.94733227
4.94765644
4.94798055
4.94830459
4.94862856
4.94889913
4.94899474
4.94904536
4.94906359
4.94908182
4.94910004
4.94938748
4.94983158
4.95020646
4.95067128
4.95090855
4.95097080
4.95088081
4.95079083
4.95070087
4.95059774
4.95078096
4.95090960
4.95103822
4.95116682
4.95129538
4.95147068
4.95164594
4.95182116
4.95199635
4.95226353
4.95253066
4.95279773
4.95306475
4.95312911
4.95308682
4.95305003
4.95301326
4.95297649
4.95293973
4.95314409
4.95334840
4.95355268
4.95375691
4.95380186
4.95366134
4.95365905
4.95365676
4.95365448
4.95365219
4.95364991
4.95364762
4.95352789
4.95339079
4.95320092
4.95301109
4.95275090
4.95249076
4.95223068
4.95209643
4.95190620
4.95171600
4.95164356
4.95157114
4.95133795
4.95125043
4.95124446
4.95123849
4.95123253
4.95122657
4.95109737
4.95096821
4.95064417
4.95047919
4.95062475
4.95077029
4.95104671
4.95123433
4.95142190
4.95160943
4.95179693
4.95178381
4.95177068
4.95157741
4.95138418
4.95140137
4.95134560
4.95133560
4.95123433
4.95113307
4.95089793
4.95069048
4.95043966
4.95010286
4.94976612
4.94942945
4.94934088
4.94925233
4.94916380
4.94912961
4.94931681
4.94950397
4.94969109
4.94985939
4.95002767
4.95019590
4.95028182
4.95022848
4.95017515
4.95012726
4.95015639
4.95018552
4.95004271
4.94989992
4.94986460
4.94982929
4.94972783
4.94957361
4.94952263
4.94953957
4.94955650
4.94949288
4.94959188
4.94969087
4.94971182
4.94969277
4.94971983
4.94974688
4.94974196
4.94975791
4.94977385
4.94974718
4.94979844
4.94994527
4.94984691
4.94990958
4.94994170
4.94993610
4.94993050
4.94992490
4.94980714
4.94968940
4.94957168
4.94942650
4.94928497
4.94914346
4.94900198
4.94887670
4.94875146
4.94862623
4.94850103
4.94837586
4.94806444
4.94783592
4.94760745
