1.00000000
1.00000000
1.58881906
1.88322859
2.05987430
2.39418853
2.63298441
2.97012517
3.29585807
3.55644438
3.81128481
4.02365184
4.20334702
4.35737145
4.35272757
4.53207308
4.66296027
4.77930444
4.88340185
4.97708952
5.12119603
5.21824150
5.30684823
5.32713931
5.34580711
5.43413518
5.57806770
5.71171932
5.81509936
6.00726476
6.16288564
6.29593788
6.34893584
6.39881628
6.42148175
6.43308899
6.44406881
6.46080278
6.47667861
6.49176064
6.50610696
6.55270068
6.59712726
6.60677614
6.61599619
6.65827831
6.62411493
6.59137502
6.56421307
6.48558551
6.45898599
6.38233454
6.34666928
6.28898031
6.22774180
6.23039247
6.23295014
6.23541961
6.23780538
6.24011161
6.25573149
6.24193984
6.24354265
6.22520031
6.20575674
6.17664897
6.17581128
6.16575962
6.15599930
6.11588684
6.07766074
6.04049648
6.00435041
6.00371988
6.01932888
6.03002850
6.04045020
6.00791022
5.96278488
5.91878766
5.87587680
5.83401254
5.79315706
5.74606425
5.72096702
5.69445144
5.69804361
5.71431362
5.69192806
5.69738365
5.70271934
5.70793903
5.71134821
5.70045198
5.66801347
5.63579815
5.62618906
5.61677608
5.60755325
5.60266871
5.59788089
5.59318694
5.59630048
5.59935414
5.58031639
5.56163784
5.54330842
5.52531844
5.50929112
5.49615789
5.48301093
5.48106824
5.46581178
5.45912986
5.45256414
5.43716424
5.42202758
5.40714748
5.37031926
5.34700124
5.33301919
5.31926635
5.30573713
5.29059890
5.27570287
5.26104330
5.24661458
5.23241131
5.21842824
5.20466030
5.19380687
5.18311789
5.17258964
5.15925260
5.14611315
5.13316693
5.12040970
5.10299336
5.08582762
5.06774415
5.04991718
5.03234130
5.01501123
4.99792186
4.99357122
4.98928019
4.96366302
4.95251150
4.93850107
4.92467746
4.92447471
4.91019715
4.90797370
4.90577914
4.89857729
4.88614330
4.87386770
4.86174749
4.84977974
4.84206033
4.83925405
4.82317471
4.79705551
4.78532987
4.77374637
4.77643377
4.76400663
4.75531466
4.75154458
4.74781885
4.73936238
4.73100424
4.73018547
4.72937611
4.72857600
4.72932022
4.73086598
4.73979836
4.74863094
4.74662926
4.73613133
4.72574876
4.71299576
4.70038138
4.68952395
4.67268027
4.65601674
4.63953048
4.62824249
4.62928807
4.62529379
4.62134112
4.61410188
4.61863657
4.62614386
4.62537538
4.62461471
4.62386172
4.62618830
4.61949562
4.61328352
4.60713292
4.60104293
4.60862459
4.60898023
4.61079072
4.60784237
4.60644792
4.60506681
4.60369885
4.59743113
4.58975722
4.58215536
4.56829606
4.56529595
4.56232363
4.55868583
4.56399393
4.56925357
4.57768550
4.58822393
4.60448849
4.62060719
4.63683088
4.64574486
4.65457995
4.66949664
4.69038497
4.70933524
4.72812073
4.74459930
4.76093581
4.77684391
4.78279351
4.77921977
4.77567632
4.76245002
4.74933487
4.73883839
4.72842938
4.72679369
4.72517152
4.72579174
4.72674220
4.72686395
4.72698470
4.72710448
4.72722329
4.73068891
4.72644064
4.72222622
4.71192135
4.71052046
4.71017201
4.70976977
4.70937068
4.69648907
4.68370731
4.67102426
4.65843876
4.64594971
4.63355599
4.63031025
4.62688902
4.62349361
4.62012373
4.61677909
4.61345941
4.61174265
4.60822430
4.60473192
4.60568982
4.60664069
4.60185749
4.59710908
4.59239507
4.58351838
4.57525920
4.56705922
4.56258363
4.55813989
4.55372768
4.54956367
4.54542898
4.54132331
4.53724635
4.53319780
4.52315107
4.51998653
4.51490036
4.50984915
4.50483253
4.49985016
4.49885948
4.49787551
4.49689819
4.49592745
4.49496323
4.49914813
4.49995683
4.50461782
4.49944089
4.50125171
4.50581815
4.51035465
4.51486150
4.51933899
4.52378740
4.52820702
4.53259813
4.53777100
4.54032541
4.54952656
4.55866910
4.56775359
4.57678059
4.58575063
4.59385701
4.60191257
4.60519115
4.60491699
4.60348704
4.60206595
4.59900872
4.59597030
4.58781610
4.58161949
4.58492279
4.58820600
4.59265547
4.58983247
4.58609537
4.58238072
4.57868831
4.57501795
4.57136943
4.56774257
4.56930871
4.56759097
4.56617030
4.56475796
4.56335389
4.56195800
4.56057022
4.55919049
4.55781874
4.55645489
4.55509888
4.55151509
4.54795179
4.54164816
4.54001021
4.54708732
4.55412444
4.55620402
4.55827193
4.55361448
4.54786136
4.54214028
4.54084105
4.53884575
4.53686148
4.53846137
4.54005247
4.53988456
4.53971757
4.53955150
4.53579764
4.53206413
4.52748098
4.52292254
4.51838861
4.51387899
4.50424835
4.49901128
4.49380207
4.48989999
4.48601855
4.48215759
4.47831695
4.47288173
4.46747496
4.46209643
4.45674590
4.45142318
4.44929992
4.44718763
4.44508622
4.43765894
4.43267931
4.42772515
4.42279626
4.41789246
4.41301355
4.40815934
4.40586562
4.40358346
4.40131276
4.40325485
4.40171827
4.40018935
4.40136128
4.40252740
4.40653756
4.41014506
4.41373478
4.41715479
4.41998106
4.42279351
4.42559224
4.42669854
4.43379596
4.44085901
4.44525910
4.45236391
4.45943456
4.46532457
4.46622552
4.46751242
4.46879319
4.47006787
4.47483776
4.48248982
4.49010578
4.49768590
4.50502954
4.51233878
4.51915014
4.52592975
4.53238584
4.53881197
4.54033886
4.54185870
4.53825037
4.53465864
4.53108338
4.53250744
4.53392499
4.53233757
4.52905282
4.52578297
4.52252791
4.51928755
4.51606179
4.51285052
4.51832133
4.52376766
4.52418923
4.52987733
4.53728740
4.54466461
4.55200917
4.55932131
4.56660123
4.56890495
4.57119856
4.57601145
4.58493927
4.59382819
4.60267846
4.61149034
4.61965101
4.63157598
4.64012289
4.64863303
4.65464205
4.65643495
4.65822019
4.65859690
4.66078790
4.66598162
4.67115334
4.67630319
4.67832103
4.68250736
4.68464012
4.68894653
4.69077173
4.69258931
4.69439932
4.69620180
4.69592199
4.69124635
4.68953923
4.68783916
4.68418377
4.68054339
4.67691793
4.67086273
4.66826205
4.66567195
4.66200422
4.65682151
4.65165977
4.64888907
4.64498357
4.64488969
4.64479620
4.64470307
4.64538411
4.64228424
4.63919673
4.63791584
4.63664004
4.63536930
4.63645134
4.63752911
4.63650723
4.63383216
4.63643446
4.63902657
4.63685678
4.63469545
4.63254253
4.63039797
4.63193725
4.63741062
4.64399348
4.65055096
4.65671559
4.65611683
4.65552037
4.65492619
4.65433428
4.65186256
4.64940023
4.65096188
4.65287517
4.65478123
4.65592706
4.65628368
4.65669575
4.65710628
4.65751526
4.65792272
4.65832866
4.65419218
4.64896618
4.64375958
4.63857226
4.63340412
4.62825979
4.62313440
4.61802786
4.61294006
4.60787089
4.60480147
4.60548753
4.60511702
4.60588273
4.60966190
4.61342739
4.61965131
4.62255461
4.62229758
4.62204149
4.62075211
4.62038923
4.62002765
4.61966737
4.61936695
4.61931275
4.61828217
4.61809360
4.61790569
4.62294364
4.62264963
4.62002982
4.61741921
4.61481776
4.61222543
4.60964216
4.60706790
4.60278990
4.60354143
4.60345111
4.60336110
4.60101432
4.59706546
4.59668805
4.59757354
4.59855306
4.59952923
4.60195483
4.60437213
4.60678119
4.60918204
4.61157472
4.61581671
4.61482110
4.61188904
4.60896689
4.61081043
4.61299788
4.61517797
4.61735075
4.62454454
4.63171428
4.63957913
4.64693376
4.65473551
4.66251133
4.66812987
4.67504993
4.68008292
4.68495509
4.68981121
4.69465135
4.69886764
4.70316856
4.70637434
4.70956964
4.71357645
4.71757020
4.71836606
4.71915933
4.71995004
4.71547811
4.71102063
4.70591929
4.70083439
4.69813820
4.69545066
4.69464638
4.69384468
4.68859378
4.68335963
4.67814215
4.67294126
4.66775688
4.66258894
4.65743734
4.65230203
4.64718291
4.64344246
4.63971377
4.63599678
4.63229145
4.62859772
4.62824354
4.62789046
4.62559355
4.62167713
4.62088099
4.62008733
4.61929612
4.61950316
4.61970956
4.61757163
4.61544028
4.61500285
4.60972527
4.60701298
4.60430899
4.60161325
4.59892573
4.59624638
4.59476548
4.59298001
4.59119996
4.58782659
4.58167141
4.58118009
4.58069025
4.58246973
4.58424387
4.58703125
4.58981028
4.58789082
4.58597708
4.58281795
4.57855596
4.57392443
4.57340377
4.57376799
4.57253363
4.57352458
4.57780306
4.58206893
4.58363755
4.58520157
4.58676101
4.58831587
4.58968217
4.59487787
4.60005842
4.60522389
4.60898193
4.61272906
4.61646533
4.61934685
4.62222005
4.62508496
4.62794161
4.63079004
4.63363029
4.63481418
4.63485435
4.63323630
4.63162287
4.63001405
4.62840981
4.62681014
4.62521500
4.62253932
4.61923688
4.61594378
4.61265999
4.60807764
4.60350821
4.60199328
4.60048261
4.59897617
4.59732521
4.59567887
4.59403712
4.59239996
4.59115352
4.59297065
4.59786965
4.59877944
4.59968671
4.60201912
4.60434509
4.60666465
4.60897781
4.61149445
4.61400418
4.61650702
4.61900300
4.61964904
4.62365386
4.62809026
4.63550689
4.64081637
4.64559558
4.65081320
4.65683861
4.66105743
4.66526485
4.66672122
4.66955134
4.67189197
4.67317795
4.67446048
4.67525938
4.67605615
4.67565001
4.67524495
4.67484097
4.67195182
4.66936734
4.66678973
4.66421895
4.66705666
4.67075337
4.67410149
4.67744078
4.68145631
4.68749731
4.69293690
4.69526014
4.69757729
4.69988838
4.70219342
4.70449244
4.70773114
4.70908506
4.71043546
4.71178235
4.71312574
4.71542690
4.71772210
4.71916021
4.71705795
4.71598533
4.71491546
4.71384835
4.71163439
4.70854205
4.70718861
4.70583863
4.70719036
4.70715639
4.70436717
4.70158505
4.70138995
4.70119535
4.70029519
4.69939731
4.69850170
4.69663874
4.69448560
4.69233789
4.69019558
4.68805865
4.68592708
4.68380086
4.68167995
4.67956436
4.68036178
4.68239396
4.68442107
4.68499060
4.68555872
4.68612543
4.68669073
4.68562698
4.68456586
4.68378237
4.68536025
4.68669909
4.68870226
4.68814695
4.68759300
4.68549204
4.68377961
4.68392818
4.68407639
4.68618775
4.68829397
4.69146326
4.69181666
4.69046903
4.68932758
4.68756283
4.68580235
4.68424004
4.68211938
4.68000382
4.67789336
4.67578796
4.67368763
4.67159233
4.67069831
4.66726809
4.66508270
4.66290253
4.66072755
4.65798612
4.65525121
4.65561544
4.65632901
4.65430456
4.65228491
4.65027003
4.64825990
4.64625452
4.64388224
4.64147000
4.63906342
4.63666249
4.63515386
4.63536260
4.63557086
4.63577863
4.63598592
4.63619272
4.63739902
4.63745016
4.63848860
4.63952463
4.64021561
4.64225995
4.64351969
4.64398926
4.64445775
4.64492516
4.64646478
4.64800086
4.64953341
4.65177522
4.65514918
4.65804236
4.66092892
4.66380890
4.66438197
4.66495372
4.66240722
4.66339672
4.66452484
4.66533613
4.66754486
4.66974859
4.67044656
4.67114295
4.67183777
4.67310788
4.67437514
4.67563955
4.67690112
4.67815986
4.67941578
4.68024731
4.68234393
4.68234993
4.68235592
4.68254135
4.68321761
4.68389238
4.68293352
4.68269850
4.68246400
4.68064679
4.67781147
4.67917766
4.67792462
4.67667435
4.67666192
4.67664951
4.67663714
4.67489538
4.67346527
4.67315913
4.67523026
4.67615025
4.67585416
4.67555871
4.67354019
4.67197871
4.67042061
4.66886590
4.66877856
4.66869141
4.66860445
4.66851768
4.66843110
4.66512042
4.66181687
4.65852043
4.65523107
4.65194877
4.65011648
4.64828812
4.64646367
4.64498138
4.64350225
4.64202627
4.64055344
4.64165756
4.64237549
4.64189470
4.64141493
4.64250329
4.64358934
4.64499771
4.64582881
4.64665815
4.64682045
4.64973423
4.65264189
4.65554344
4.65987854
4.66287931
4.66532546
4.66740275
4.66947570
4.67229674
4.67511190
4.67753809
4.67995922
4.68081666
4.68033320
4.68248308
4.68462850
4.68549127
4.68804589
4.68937717
4.69049336
4.69044820
4.69040314
4.69035817
4.68948696
4.68861753
4.68774989
4.68688403
4.68601994
4.68515762
4.68429706
4.68343826
4.68352200
4.68360558
4.68368898
4.68244166
4.68119687
4.67995460
4.67645282
4.67563756
4.67496551
4.67467355
4.67438217
4.67409138
4.67546754
4.67307467
4.67004706
4.66984977
4.66965289
4.66772690
4.66580477
4.66388649
4.66213154
4.66218430
4.66220617
4.66328987
4.66277078
4.66225272
4.66173569
4.66216158
4.66258663
4.66301083
4.66343419
4.66385672
4.66360179
4.66065893
4.65730282
4.65395331
4.65061039
4.64727404
4.64483122
4.64239319
4.63995993
4.63753144
4.63510769
4.63310541
4.63110703
4.62911255
4.62951906
4.62931225
4.62910585
4.62715484
4.62498612
4.62282160
4.62095020
4.61908241
4.61721824
4.61670551
4.61619378
4.61365174
4.61111460
4.60945998
4.60780854
4.60616028
4.60543142
4.60470397
4.60397791
4.60535970
4.60673886
4.60811539
4.60948929
4.61199382
4.61596060
4.62053786
4.62614045
4.62901296
4.63164790
4.63399895
4.63667584
4.63934767
4.64201446
4.64325178
4.64448678
4.64571945
4.64822308
4.64818701
4.64815101
4.64811508
4.64838997
4.64936137
4.65033095
4.65138914
4.65244536
4.65349960
4.65455188
4.65449502
4.65443826
4.65325476
4.65207345
4.65089434
4.64971741
4.65018305
4.65091509
4.65164579
4.65324056
4.65478760
4.65633178
4.65551985
4.65162073
4.65008392
4.64854993
4.64638736
4.64333627
4.64029078
4.63878171
4.63727540
4.63577184
4.63427102
4.63277294
4.63127759
4.62978496
4.62829505
4.62680784
4.62661402
4.62642055
4.62791441
4.62950577
4.63077601
4.63089634
4.63101644
4.63113633
4.63130867
4.63148070
4.63054850
4.62961798
4.62868913
4.62776194
4.62683642
4.62458795
4.62267656
4.61965473
4.61698595
4.61620038
4.61541622
4.61463344
4.61444326
4.61425342
4.61406392
4.61387475
4.61368591
4.61431753
4.61309970
4.61188401
4.61067048
4.60945909
4.60824983
4.60760566
4.60516464
4.60272792
4.60029548
4.59953184
4.59876954
4.59800858
4.59866446
4.59901176
4.59935847
4.60076173
4.60352996
4.60549801
4.60697318
4.60844578
4.60876432
4.60897550
4.60697102
4.60497001
4.60483922
4.60470866
4.60442287
4.60391374
4.60340548
4.60402727
4.60464799
4.60535742
4.60606562
4.60532843
4.60244371
4.59956395
4.59937104
4.59894593
4.59852154
4.59671786
4.59720900
4.59684011
4.59647184
4.59610421
4.59573720
4.59477878
4.59382199
4.59286683
4.59232881
4.59179171
4.59311703
4.59310505
4.59309309
4.59308115
4.59306923
4.59228950
4.59151109
4.59073399
4.59027372
4.58981422
4.58935549
4.58889753
4.58844034
4.58798392
4.58698083
4.58545329
4.58385244
4.58250494
4.58115970
4.58164885
4.58185368
4.58237183
4.58288912
4.58337604
4.58386215
4.58434745
4.58409531
4.58384359
4.58359229
4.58334140
4.58248300
4.58259153
4.58203003
4.58094524
4.57986224
4.57758083
4.57740451
4.57752018
4.57625767
4.57499723
4.57373886
4.57248255
4.57122830
4.56997609
4.56872594
4.56830962
4.56789398
4.56747902
4.56706473
4.56665112
4.56623818
4.56582591
4.56519202
4.56455916
4.56392732
4.56329650
4.56204631
4.56079813
4.55955197
4.55830782
4.55706568
4.55582554
4.55538096
4.55493708
4.55449393
4.55405148
4.55413718
4.55445670
4.55596381
4.55733273
4.55878614
4.55937994
4.55997279
4.56201787
4.56405970
4.56832243
4.57185754
4.57550087
4.57982304
4.58473465
4.59016500
4.59475700
4.59837692
4.60139082
4.60439995
4.60740432
4.60960500
4.61180220
4.61343392
4.61562193
4.61680173
4.61797968
4.61812248
4.61834603
4.61856923
4.61977932
4.61981618
4.61985298
4.61938099
4.61890974
4.61969172
4.62099166
4.62209813
4.62320288
4.62430590
4.62662389
4.62893828
4.63019387
4.62934557
4.62849859
4.62765293
4.62621495
4.62477920
4.62419033
4.62414094
4.62211574
4.62009367
4.61807471
4.61706154
4.61604994
4.61525008
4.61603517
4.61681905
4.61784147
4.61886231
4.61968727
4.62051096
4.62057726
4.62064346
4.62070956
4.62077556
4.62084146
4.62090726
4.62147489
4.62263280
4.62378896
4.62494336
4.62636313
4.62778076
4.62954307
4.63070835
4.63245982
4.63503010
4.63708705
4.63914089
4.63981224
4.63999577
4.63857618
4.63715874
4.63562510
4.63409376
4.63305810
4.63202399
4.63237282
4.63167711
4.63179535
4.63191341
4.63188725
4.63146987
4.63193832
4.63182965
4.63172114
4.63088374
4.63082205
4.63076045
4.62977451
4.62879004
4.62786328
4.62657308
4.62661354
4.62724778
4.62788108
4.62758046
4.62721378
4.62591789
4.62514892
4.62430652
4.62502193
4.62546062
4.62595373
4.62577605
4.62559864
4.62450105
4.62340507
4.62231069
4.62121792
4.62012675
4.62055536
4.62098334
4.62141069
4.62000470
4.61860075
4.61719885
4.61579899
4.61440117
4.61300538
4.61161163
4.61021989
4.60883018
4.60744248
4.60605679
4.60467311
4.60449320
4.60431355
4.60413416
4.60299245
4.60124542
4.60009879
4.59889925
4.59770144
4.59650535
4.59531099
4.59582648
4.59673495
4.59783664
4.59893676
4.60003530
4.60344241
4.60684465
4.61036169
4.61387371
4.61639413
4.61916191
4.62221486
4.62526346
4.62830772
4.62975239
4.63060247
4.63145134
4.63225329
4.63305410
4.63385378
4.63465232
4.63544973
4.63633183
4.63721269
4.63809230
4.63934907
4.64095347
4.64053034
4.64042395
4.63905732
4.63888863
4.63872018
4.63878264
4.63884502
4.63890731
4.63896951
4.63903162
4.63909365
4.63901356
4.64078472
4.64204235
4.64307274
4.64410168
4.64545265
4.64680173
4.64768847
4.64857398
4.65093845
4.65211113
4.65328218
4.65445161
4.65602198
4.65977066
4.66351414
4.66725245
4.67186373
4.67646864
4.68194935
4.68741020
4.69125647
4.69446349
4.69766610
4.70191891
4.70616588
4.71040701
4.71464231
4.71887181
4.72248295
4.72514566
4.72780473
4.73046016
4.73311196
4.73576013
4.73840469
4.74229763
4.74618525
4.74780063
4.74886083
4.74991959
4.75002002
4.75122016
4.75300851
4.75339011
4.75385916
4.75432758
4.75337358
4.75242087
4.75146945
4.75051932
4.74957047
4.75014607
4.75029881
4.75045134
4.74943860
4.74800697
4.74657727
4.74514949
4.74475466
4.74436036
4.74406213
4.74376430
4.74346686
4.74316983
4.74091839
4.73866997
4.73833030
4.73880163
4.73928661
4.73921954
4.73722155
4.73522622
4.73323355
4.73124352
4.72925614
4.72727140
4.72752317
4.72777460
4.72802570
4.72827646
4.72852690
4.72784882
4.72715508
4.72843777
4.73079947
4.73315805
4.73531843
4.73747596
4.73906520
4.74051929
4.74198431
4.74258373
4.74199823
4.74087142
4.74100109
4.74113059
4.74200181
4.74299557
4.74357919
4.74527223
4.74696305
4.74719683
4.74552647
4.74385829
4.74381455
4.74390277
4.74399088
4.74407887
4.74416675
4.74425451
4.74434216
4.74442969
4.74451712
4.74467832
4.74483932
4.74500011
4.74575011
4.74574439
4.74573868
4.74483208
4.74392665
4.74302238
4.74332252
4.74362228
4.74499029
4.74635654
4.74772104
4.74908379
4.75044479
4.75082460
4.75120392
4.75160024
4.75293040
4.75257266
4.75221538
4.75206179
4.75190840
4.75175520
4.75160220
4.75144939
4.75156708
4.75168461
4.75180200
4.75091264
4.75114810
4.75138327
4.74985291
4.74832449
4.74659343
4.74618583
4.74577875
4.74511810
4.74445829
4.74464573
4.74615755
4.74766746
4.74917547
4.75184160
4.75371254
4.75431033
4.75490737
4.75550366
4.75609921
4.75669400
4.75685361
4.75783347
4.75919275
4.75970332
4.75941666
4.76033124
4.76139296
4.76245334
4.76501370
4.76757087
4.77084692
4.77251516
4.77418133
4.77584542
4.77750745
4.77814467
4.77933748
4.77847694
4.77761747
4.77593927
4.77426315
4.77258910
4.77091712
4.76924721
4.76741364
4.76558232
4.76375327
4.76192647
4.76054762
4.75917046
4.75779500
4.75642124
4.75504916
4.75367877
4.75347400
4.75254031
4.75095112
4.74936388
4.74777858
4.74619522
4.74651554
4.74720932
4.74790225
4.74880711
4.74971088
4.74978827
4.74986558
4.74944897
4.74950962
4.74954360
4.74957755
4.74961145
4.74964531
4.74967913
4.74971291
4.74974665
4.74978035
4.74981401
4.74984763
4.74988120
4.74894829
4.74694158
4.74493730
4.74293544
4.74093599
4.73893895
4.73768394
4.73643045
4.73560399
4.73477852
4.73395405
4.73313056
4.73081984
4.73007904
4.72938121
4.72868422
4.72798806
4.72729273
4.72659824
4.72590457
4.72406743
4.72223247
4.72039971
4.71983504
4.72034306
4.71863996
4.71776281
4.71688670
4.71586246
4.71542275
4.71498357
4.71516689
4.71535000
4.71560988
4.71559719
4.71558450
4.71557183
4.71555918
4.71554654
4.71553391
4.71525517
4.71497676
4.71469867
4.71321280
4.71143061
4.71137891
4.71132728
4.71050996
4.70969360
4.70782074
4.70693952
4.70605932
4.70518016
4.70364253
4.70210670
4.70057266
4.69904042
4.69750997
4.69598131
4.69445443
4.69292933
4.69140601
4.68988446
4.68884985
4.68781645
4.68678424
4.68632154
4.68585937
4.68672519
4.68749505
4.68826403
4.68779830
4.68733310
4.68686845
4.68640433
4.68594075
4.68641547
4.68718994
4.68758884
4.68798728
4.68838526
4.68898306
4.68958017
4.69017660
4.69077234
4.69136739
4.69210477
4.69228882
4.69270086
4.69230438
4.69190836
4.69151279
4.69155948
4.69100211
4.69102011
4.69118101
4.69134172
4.69150224
4.69129585
4.69258424
4.69464922
4.69671184
4.69885677
4.70073407
4.70260923
4.70508639
4.70756074
4.70981563
4.71206796
4.71324700
4.71408302
4.71491809
4.71630235
4.71713552
4.71727113
4.71756734
4.71786322
4.71872259
4.72026611
4.72180789
4.72217336
4.72253842
4.72219868
4.72185932
4.72208013
4.72185186
4.72181369
4.72108659
4.72036031
4.71975598
4.71915233
4.71744934
4.71667406
4.71600872
4.71534412
4.71468026
4.71248295
4.71028810
4.70924255
4.70982060
4.71039800
4.70979053
4.70918374
4.70857762
4.70807486
4.70757266
4.70642453
4.70584650
4.70526911
4.70469236
4.70411625
4.70354078
4.70296594
4.70239174
4.70181818
4.70124525
4.70198271
4.70271937
4.70315660
4.70302254
4.70288863
4.70309390
4.70307528
4.70305668
4.70412154
4.70518523
4.70596511
4.70702555
4.70808483
4.70821419
4.70834341
4.70917741
4.71001049
4.70977797
4.70884605
4.70692327
4.70632432
4.70572602
4.70583737
4.70430633
4.70277696
4.70124926
4.69972322
4.69819884
4.69706721
4.69485247
4.69356626
4.69189288
4.69016806
4.68844511
4.68672403
4.68500482
4.68328746
4.68157197
4.67985833
4.67814654
4.67784232
4.67665167
4.67546231
4.67427423
4.67308743
4.67190191
4.67041555
4.66940783
4.66840120
4.66739564
4.66639117
4.66680262
4.66721363
4.66762420
4.66675669
4.66583017
4.66570660
4.66619164
4.66666063
4.66728348
4.66790567
4.66846644
4.66902662
4.66894419
4.66945890
4.66949276
4.66952659
4.66956038
4.66980500
4.66972332
4.66964173
4.67031151
4.67056269
4.67081360
4.67116752
4.67152106
4.67143293
4.67134489
4.67103795
4.67073134
4.67042506
4.66962786
4.66883151
4.66803599
4.66724132
4.66644748
4.66565448
4.66486232
4.66316848
4.66278344
4.66348718
4.66419018
4.66489244
4.66456926
4.66419876
4.66309842
4.66251402
4.66193022
4.66304388
4.66362168
4.66419887
4.66477545
4.66541302
4.66641376
4.66673630
4.66705851
4.66779801
4.66853674
4.66883419
4.66868083
4.66852763
4.66837459
4.66920757
4.67003968
4.67087092
4.67068410
4.67169881
4.67271247
4.67372509
4.67484793
4.67665445
4.67845910
4.68026188
4.68206280
4.68258829
4.68227475
4.68137598
4.68056758
4.68022813
4.67871466
4.67720274
4.67569238
4.67464001
4.67399867
4.67422158
4.67371717
4.67380308
4.67388890
4.67430961
4.67468346
4.67505693
4.67543001
4.67578727
4.67614417
4.67784900
4.67967009
4.68148933
4.68436919
4.68577547
4.68718031
4.68858372
4.69024776
4.69191011
4.69357077
4.69424327
4.69491508
4.69571367
4.69649955
4.69728464
4.69806893
4.69767628
4.69728403
4.69804456
4.69880432
4.69956331
4.70006475
4.70056568
4.70051310
4.70046058
4.70043478
4.69990827
4.69960453
4.69930109
4.70005504
4.70116658
4.70227699
4.70267541
4.70307342
4.70347103
4.70386825
4.70426506
4.70459097
4.70430454
4.70367342
4.70304294
4.70335618
4.70270283
4.70205014
4.70139810
4.69977723
4.69855262
4.69732925
4.69573946
4.69415127
4.69256465
4.69244980
4.69127341
4.69025376
4.68935160
4.68845034
4.68754997
4.68781957
4.68955715
4.69129301
4.69330775
4.69489691
4.69518767
4.69534829
4.69550876
4.69553616
4.69556353
4.69559088
4.69688795
4.69832688
4.69953143
4.70073478
4.70297064
4.70520430
4.70743575
4.70910373
4.71000897
4.71091331
4.71138973
4.71186569
4.71208572
4.71230553
4.71183822
4.71066617
4.70975679
4.70884830
4.70794070
4.70714877
4.70614121
4.70513462
4.70412903
4.70312441
4.70212078
4.70220539
4.70203768
4.70076087
4.70020751
4.70037728
4.70054689
4.70055882
4.70057074
4.70058265
4.70059455
4.69993159
4.69928348
4.69841519
4.69673358
4.69505359
4.69337524
4.69169851
4.69061860
4.68938322
4.68814904
4.68664110
4.68513461
4.68362957
4.68212599
4.68062386
4.67912318
4.67762395
4.67612616
4.67462982
4.67313492
4.67164145
4.67014942
4.66865883
4.66716967
4.66568194
4.66542017
4.66515866
4.66548085
4.66580273
4.66688068
4.66861826
4.66988469
4.67111666
4.67276560
4.67441296
4.67605875
4.67777952
4.67949864
4.68121612
4.68287988
4.68335610
4.68429656
4.68567640
4.68705492
4.68874365
4.69043077
4.69307957
4.69438027
4.69490473
4.69522251
4.69553998
4.69585716
4.69584094
4.69484365
4.69384729
4.69368525
4.69352336
4.69336162
4.69320003
4.69363896
4.69501827
4.69688271
4.69868325
4.70029061
4.70226268
4.70423289
4.70650821
4.70799176
4.70947392
4.71094864
4.71242197
4.71389391
4.71544099
4.71698661
4.71766526
4.71752959
4.71739406
4.71725865
4.71712337
4.71733113
4.71753869
4.71787051
4.71810374
4.71833675
4.71935236
4.72036703
4.72181913
4.72326988
4.72471928
4.72616732
4.72784932
4.72916180
4.73047306
4.73178310
4.73307332
4.73350160
4.73370273
4.73393967
4.73523267
4.73653044
4.73829514
4.74058309
4.74385471
4.74688674
4.74991598
4.75294241
4.75596605
4.75829962
4.76085816
4.76325231
4.76600020
4.76778341
4.76960693
4.77142878
4.77325170
4.77519091
4.77747121
4.77951640
4.78161761
4.78400904
4.78639826
4.78878530
4.79117015
4.79438906
4.79814088
4.80188927
4.80532877
4.80914749
4.81144670
4.81374380
4.81488232
4.81582940
4.81670628
4.81758236
4.81845765
4.81814161
4.81797412
4.81780678
4.81709007
4.81735011
4.81742555
4.81750092
4.81757622
4.81854306
4.81950902
4.82011130
4.82034833
4.82058514
4.82082174
4.82060985
4.82039815
4.82018665
4.81997534
4.82008569
4.81996518
4.81984478
4.81972449
4.81960431
4.81858339
4.81863107
4.81955367
4.82011256
4.81952397
4.81923944
4.81837831
4.81844237
4.81829376
4.81796795
4.81764243
4.81699461
4.81634738
4.81570073
4.81477416
4.81504279
4.81531118
4.81557934
4.81696522
4.81767519
4.81797767
4.81716052
4.81635535
4.81565583
4.81495693
4.81398220
4.81300833
4.81166937
4.81033161
4.80899504
4.80792709
4.80686009
4.80579404
4.80572272
4.80565147
4.80558028
4.80550915
4.80543808
4.80536780
4.80529759
4.80529892
4.80530025
4.80530158
4.80467303
4.80404504
4.80275970
4.80147549
4.80019242
4.79891049
4.79762968
4.79713842
4.79664759
4.79539493
4.79414338
4.79289293
4.79164358
4.79039533
4.78894184
4.78748962
4.78603868
4.78458902
4.78314063
4.78169351
4.78024766
4.77880308
4.77735976
4.77690308
4.77644680
4.77599092
4.77553544
4.77508035
4.77462567
4.77417138
4.77371749
4.77326399
4.77234631
4.77142943
4.77051336
4.77015509
4.76979713
4.77103658
4.77227496
4.77409566
4.77490097
4.77493851
4.77525896
4.77557913
4.77555606
4.77557212
4.77558817
4.77597563
4.77619555
4.77641528
4.77645418
4.77649305
4.77653188
4.77657068
4.77606446
4.77555869
4.77622924
4.77689922
4.77764833
4.77804772
4.77844676
4.77884546
4.77812424
4.77751104
4.77709869
4.77668668
4.77673572
4.77678472
4.77683368
4.77688260
4.77572026
4.77455892
4.77339858
4.77294540
4.77177102
4.77059765
4.76942528
4.76825392
4.76708357
4.76591421
4.76474585
4.76357849
4.76241213
4.76124676
4.76008239
4.75891902
4.75775663
4.75699145
4.75622691
4.75546303
4.75469980
4.75393721
4.75366452
4.75334920
4.75342359
4.75349792
4.75357219
4.75340687
4.75223038
4.75105488
4.74988038
4.74870688
4.74753437
4.74743007
4.74732587
4.74722175
4.74711773
4.74701379
4.74734667
4.74767928
4.74801160
4.74789935
4.74778719
4.74781980
4.74785238
4.74705179
4.74557524
4.74436038
4.74314653
4.74193371
4.74105723
4.74018150
4.73930649
4.73843223
4.73755869
4.73668589
4.73581382
4.73494248
4.73384985
4.73297404
4.73209896
4.73122462
4.73108908
4.73095365
4.73158420
4.73221422
4.73177299
4.73133212
4.73089162
4.73045149
4.73001172
4.72957233
4.72913329
4.72875645
4.72837993
4.72800371
4.72762781
4.72750494
4.72749461
4.72676497
4.72603594
4.72511126
4.72558039
4.72604913
4.72695565
4.72772015
4.72848401
4.72960904
4.73051653
4.73160546
4.73269349
4.73345717
4.73422022
4.73469549
4.73544591
4.73705511
4.73926880
4.74148068
4.74339132
4.74404520
4.74469855
4.74669144
4.74925451
4.75138598
4.75351570
4.75534341
4.75630210
4.75700990
4.75771713
4.75842377
4.75912984
4.75924259
4.75935526
4.75872753
4.75853847
4.75834957
4.75812961
4.75790983
4.75736094
4.75681250
4.75626451
4.75571696
4.75549430
4.75527182
4.75504951
4.75482739
4.75460545
4.75414016
4.75285490
4.75264645
4.75141933
4.75019322
4.74898071
4.74776919
4.74640447
4.74504085
4.74367834
4.74231694
4.74095663
4.73959744
4.73910363
4.73923002
4.73867085
4.73811214
4.73764686
4.73742813
4.73686877
4.73557947
4.73429121
4.73300399
4.73171781
4.73085429
4.73044595
4.73003795
4.72963027
4.72922292
4.72881590
4.72840921
4.72800284
4.72722620
4.72645017
4.72643003
4.72640990
4.72638978
4.72636968
4.72538216
4.72439543
4.72340949
4.72270843
4.72266591
4.72131704
4.71996924
4.71933144
4.71951567
4.71949691
4.71950470
4.71951248
4.72021523
4.72091743
4.72161907
4.72232015
4.72302067
4.72372063
4.72422633
4.72504329
4.72518709
4.72438700
4.72424266
4.72378325
4.72332421
4.72286553
4.72240722
4.72194926
4.72206032
4.72199793
4.72193559
4.72187329
4.72181105
4.72174885
4.72181158
4.72187426
4.72193688
4.72199946
4.72206199
4.72203872
4.72212628
4.72278758
4.72257281
4.72231082
4.72206013
4.72217296
4.72228571
4.72199787
4.72171025
4.72142286
4.72113570
4.72080301
4.72047058
4.71983374
4.71919739
4.71856155
4.71862404
4.71849711
4.71834761
4.71793129
4.71837300
4.71881436
4.71966706
4.72006992
4.72125932
4.72196293
4.72219046
4.72192717
4.72166409
4.72140121
4.72113853
4.72065511
4.72087673
4.72112426
4.72081650
4.72050898
4.72020170
4.71989466
4.71991899
4.71994330
4.71996759
4.71999186
4.71946363
4.71893581
4.71840839
4.71788139
4.71735479
4.71696845
4.71658240
4.71552200
4.71446242
4.71340366
4.71286611
4.71179751
4.71110606
4.71006467
4.70902409
4.70798431
4.70694533
4.70590715
4.70486978
4.70383320
4.70258832
4.70134439
4.70039396
4.70092296
4.70145154
4.70197972
4.70250749
4.70303486
4.70356182
4.70378747
4.70401295
4.70434276
4.70506882
4.70579432
4.70651927
4.70724367
4.70789869
4.70806999
4.70824115
4.70852127
4.70880117
4.70908086
4.70936033
4.70940078
4.70944120
4.70911896
4.70913925
4.70915953
4.70877185
4.70872769
4.70792663
4.70712619
4.70632635
4.70552712
4.70434031
4.70315440
4.70196938
4.70169225
4.70141533
4.70113862
4.70082858
4.70051878
4.70020921
4.70018865
4.69983175
4.69895531
4.69807953
4.69720442
4.69632997
4.69640238
4.69576362
4.69512535
4.69448756
4.69385025
4.69321342
4.69168382
4.69119614
4.69056877
4.68994188
4.68977296
4.69029050
4.69037360
4.69012951
4.68958871
4.68843311
4.68742562
4.68707177
4.68646881
4.68586631
4.68526426
4.68478926
4.68376102
4.68273356
4.68161796
4.68120605
4.68079446
4.68135163
4.68190838
4.68240588
4.68162329
4.68084128
4.68005985
4.67927901
4.67849875
4.67814198
4.67840258
4.67866299
4.67892321
4.67889234
4.67853294
4.67817380
4.67775729
4.67734530
4.67642572
4.67550682
4.67453841
4.67357073
4.67307224
4.67257411
4.67207636
4.67157898
4.67120213
4.67082557
4.67044929
4.67007329
4.66955752
4.66904214
4.66852714
4.66801252
4.66749828
4.66818801
4.66779909
4.66770920
4.66761937
4.66785860
4.66809765
4.66842761
4.66875732
4.66908679
4.66950732
4.66915427
4.66880148
4.66844895
4.66813773
4.66782675
4.66676798
4.66571619
4.66466518
4.66437083
4.66407670
4.66418411
4.66486982
4.66644447
4.66835014
4.66988589
4.67113920
4.67206027
4.67318618
4.67470747
4.67622765
4.67667396
4.67711995
4.67722504
4.67703787
4.67685083
4.67697427
4.67709762
4.67726715
4.67743655
4.67760584
4.67742811
4.67725626
4.67708453
4.67691294
4.67762979
4.67794436
4.67825870
4.67857282
4.67885141
4.67927927
4.67970682
4.68013407
4.68056100
4.68082748
4.68127717
4.68172654
4.68217558
4.68262429
4.68329000
4.68410273
4.68533129
4.68655896
4.68778574
4.68946348
4.68993521
4.69040660
4.69090298
4.69161072
4.69280339
4.69399519
4.69516604
4.69716747
4.69903540
4.70067541
4.70231425
4.70382654
4.70476315
4.70569910
4.70682249
4.70794507
4.70906685
4.71028066
4.71205153
4.71311258
4.71304873
4.71313014
4.71321149
4.71329279
4.71337403
4.71252285
4.71167228
4.71134375
4.71101546
4.71010669
4.70919857
4.70829110
4.70738428
4.70647810
4.70557257
4.70466769
4.70376345
4.70409825
4.70443281
4.70476713
4.70512523
4.70548308
4.70584068
4.70608110
4.70682429
4.70670418
4.70658414
4.70667542
4.70617509
4.70567512
4.70587274
4.70607022
4.70547803
4.70488626
4.70429491
4.70370398
4.70364072
4.70288209
4.70250635
4.70213087
4.70175566
4.70138071
4.70100603
4.70063162
4.70025746
4.69988358
4.70013684
4.70068124
4.70028171
4.70015059
4.70001956
4.69988862
4.69939516
4.69890205
4.69802487
4.69749117
4.69813783
4.69901489
4.69989133
4.70076716
4.70117376
4.70210327
4.70299503
4.70388616
4.70477668
4.70669630
4.70792565
4.70835196
4.70892331
4.70949426
4.71074277
4.71122892
4.71248460
4.71373941
4.71405978
4.71448613
4.71491956
4.71535269
4.71578552
4.71621804
4.71643690
4.71665561
4.71687416
4.71753418
4.71803832
4.71854211
4.71838163
4.71822126
4.71798470
4.71774831
4.71712186
4.71630543
4.71548957
4.71467427
4.71385955
4.71304538
4.71253956
4.71203409
4.71152897
4.71062381
4.70971928
4.70897081
4.70822286
4.70747542
4.70672850
4.70578170
4.70483556
4.70389007
4.70355138
4.70321293
4.70287471
4.70270704
4.70253948
4.70260133
4.70342844
4.70388207
4.70358655
4.70329123
4.70319204
4.70309293
4.70299388
4.70331819
4.70364227
4.70459237
4.70635881
4.70757879
4.70902056
4.71120126
4.71308687
4.71441423
4.71647472
4.71872245
4.72124254
4.72376090
4.72627754
4.72879246
4.73076874
4.73274367
4.73471726
4.73668949
4.73866038
4.74113054
4.74359902
4.74606581
4.74853092
4.75099436
4.75345611
4.75588521
4.75828683
4.76089091
4.76349322
4.76588230
4.76826281
4.77049588
4.77230674
4.77411638
4.77592478
4.77773195
4.77984263
4.78162914
4.78394906
4.78626741
4.78858418
4.79089939
4.79333564
4.79494006
4.79601472
4.79670982
4.79722165
4.79744549
4.79799748
4.79898739
4.79997663
4.80107009
4.80211762
4.80330406
4.80424875
4.80474782
4.80524655
4.80589732
4.80729815
4.80801127
4.80949720
4.81083790
4.81212050
4.81340225
4.81468313
4.81567287
4.81666194
4.81723314
4.81780396
4.81837439
4.81843326
4.81849209
4.81816251
4.81695144
4.81618001
4.81540910
4.81511046
4.81500414
4.81489790
4.81545885
4.81632662
4.81666364
4.81700042
4.81733699
4.81767332
4.81800944
4.81834533
4.81865542
4.81896531
4.81842610
4.81788725
4.81707738
4.81626804
4.81545925
4.81465099
4.81438407
4.81411733
4.81385077
4.81386641
4.81388203
4.81353085
4.81317990
4.81282918
4.81247869
4.81212844
4.81153715
4.81094626
4.80984137
4.80873722
4.80763379
4.80653110
4.80542913
4.80512208
4.80481524
4.80450859
4.80420215
4.80389591
4.80358987
4.80328403
4.80297840
4.80267297
4.80236773
4.80221963
4.80207162
4.80225849
4.80213483
4.80207454
4.80201429
4.80181547
4.80161679
4.80141824
4.80089152
4.80036514
4.79983911
4.79931342
4.79878808
4.79784945
4.79691144
4.79612993
4.79534894
4.79456846
4.79378848
4.79374184
4.79369522
4.79366708
4.79363896
4.79281543
4.79199243
4.79196285
4.79193328
4.79147830
4.79062898
4.78994491
4.78926128
4.78857809
4.78789536
4.78679517
4.78569571
4.78473308
4.78404386
4.78335510
4.78346449
4.78357381
4.78300869
4.78244394
4.78187956
4.78131555
4.78075190
4.78018862
4.77979186
4.77985428
4.77978630
4.77929033
4.77879468
4.77834023
4.77788608
4.77743222
4.77697865
4.77698606
4.77699346
4.77700085
4.77700824
4.77701563
4.77702301
4.77703038
4.77716946
4.77701080
4.77694253
4.77691830
4.77700479
4.77649236
4.77551060
4.77452947
4.77354897
4.77256911
4.77158987
4.77061126
4.76963329
4.76890060
4.76811659
4.76770629
4.76729626
4.76688649
4.76647698
4.76606773
4.76553086
4.76499433
4.76502808
4.76506182
4.76509553
4.76512921
4.76516288
4.76578984
4.76688725
4.76798397
4.76871223
4.76944003
4.76976348
4.76990383
4.77004409
4.77029717
4.77055009
4.77113573
4.77166951
4.77220295
4.77273605
4.77256598
4.77223527
4.77125005
4.77093241
4.77061496
4.77029772
4.76998069
4.76966385
4.76934721
4.76851960
4.76769251
4.76733789
4.76698349
4.76672773
4.76589168
4.76505616
4.76442954
4.76380331
4.76317748
4.76255205
4.76192701
4.76130237
4.76134854
4.76229252
4.76341479
4.76430979
4.76520422
4.76609809
4.76627935
4.76646049
4.76744349
4.76842587
4.76940763
4.77002518
4.77064233
4.77175414
4.77322871
4.77470235
4.77617507
4.77764686
4.77911772
4.78029588
4.78118385
4.78207127
4.78295813
4.78384443
4.78401295
4.78436397
4.78471477
4.78506535
4.78541571
4.78518237
4.78507040
4.78434503
4.78336598
4.78238753
4.78138932
4.78039173
4.78085395
4.78206298
4.78292353
4.78337273
4.78382165
4.78478074
4.78465373
4.78452680
4.78439995
4.78427317
4.78414648
4.78401987
4.78410792
4.78419591
4.78428385
4.78482022
4.78448614
4.78415226
4.78346953
4.78278722
4.78210533
4.78245849
4.78281143
4.78316415
4.78353120
4.78389802
4.78426461
4.78443566
4.78507953
4.78532716
4.78557464
4.78582197
4.78626416
4.78670607
4.78798192
4.78925698
4.79053125
4.79180473
4.79335451
4.79516456
4.79697349
4.79807876
4.79921601
4.80102992
4.80284271
4.80465438
4.80646493
4.80741742
4.80811173
4.80954561
4.81028791
4.81102976
4.81177116
4.81266835
4.81330307
4.81397088
4.81463827
4.81511065
4.81558273
4.81605452
4.81623198
4.81556683
4.81490209
4.81423775
4.81381315
4.81352752
4.81324207
4.81295679
4.81267169
4.81228819
4.81190493
4.81161658
4.81135185
4.81059284
4.80983429
4.80957452
4.80949696
4.80927741
4.80905800
4.80883872
4.80802361
4.80720900
4.80651970
4.80589559
4.80527185
4.80464850
4.80402552
4.80340293
4.80350025
4.80274548
4.80262023
4.80249506
4.80236996
4.80319585
4.80402123
4.80484611
4.80532036
4.80579432
4.80543264
4.80507118
4.80470994
4.80399997
4.80329043
4.80258132
4.80159253
4.80060433
4.79961673
4.79862973
4.79764333
4.79665752
4.79567231
4.79468770
4.79411709
4.79354682
4.79334530
4.79314391
4.79294263
4.79274148
4.79274816
4.79301347
4.79327863
4.79354362
4.79380845
4.79403492
4.79468532
4.79524924
4.79592695
4.79660426
4.79694222
4.79732045
4.79716692
4.79701349
4.79686014
4.79677519
4.79625279
4.79573070
4.79520893
4.79476403
4.79478118
4.79445463
4.79412828
4.79322019
4.79231264
4.79225470
4.79219680
4.79213893
4.79233512
4.79334099
4.79434626
4.79485762
4.79536868
4.79587944
4.79638988
4.79672786
4.79616892
4.79603838
4.79590793
4.79607282
4.79623762
4.79650909
4.79731901
4.79812844
4.79864080
4.79897723
4.79931345
4.79956026
4.79969345
4.79891660
4.79856591
4.79821543
4.79786515
4.79774930
4.79784386
4.79793837
4.79803281
4.79851686
4.79882912
4.79914120
4.79898343
4.79871802
4.79845276
4.79818767
4.79792272
4.79744720
4.79697196
4.79649700
4.79604509
4.79517391
4.79430325
4.79343311
4.79256347
4.79239758
4.79255311
4.79264696
4.79274076
4.79283450
4.79296006
4.79308554
4.79332980
4.79357391
4.79403403
4.79374043
4.79376127
4.79423841
4.79517955
4.79612014
4.79706017
4.79734850
4.79752262
4.79769664
4.79766808
4.79808591
4.79850349
4.79892083
4.79956315
4.80020509
4.80084666
4.80120073
4.80155460
4.80190826
4.80131683
4.80072574
4.80013500
4.79954460
4.80002583
4.79970264
4.79937965
4.79864176
4.79790429
4.79719457
4.79614670
4.79582363
4.79550074
4.79550180
4.79550286
4.79550392
4.79550498
4.79568879
4.79615575
4.79646910
4.79678226
4.79709523
4.79661590
4.79613684
4.79565807
4.79517957
4.79428921
4.79339938
4.79251005
4.79162125
4.79073296
4.78984519
4.78895793
4.78807118
4.78718705
4.78666510
4.78614345
4.78561890
4.78489877
4.78417906
4.78391869
4.78365846
4.78339838
4.78313846
4.78286007
4.78258185
4.78230379
4.78202589
4.78174815
4.78147057
4.78130410
4.78113773
4.78043398
4.77962890
4.77882429
4.77875070
4.77867715
4.77984123
4.78131557
4.78226232
4.78295713
4.78281343
4.78266982
4.78287282
4.78269099
4.78289336
4.78317007
4.78244470
4.78160887
4.78077352
4.77993865
4.77910426
4.77827034
4.77743691
4.77720852
4.77698025
4.77664777
4.77642052
4.77575504
4.77510559
4.77475159
4.77470183
4.77465209
4.77465382
4.77462831
4.77460282
4.77457734
4.77455187
4.77452642
4.77428697
4.77420986
4.77406245
4.77391511
4.77378529
4.77365555
4.77283865
4.77269081
4.77294704
4.77286047
4.77249854
4.77213681
4.77177529
4.77098388
4.77019293
4.76911695
4.76827692
4.76794885
4.76762097
4.76737743
4.76639219
4.76535202
4.76497986
4.76460791
4.76423617
4.76386464
4.76349333
4.76312222
4.76275132
4.76238063
4.76239901
4.76241738
4.76243574
4.76262445
4.76281306
4.76300157
4.76285681
4.76271213
4.76256754
4.76251345
4.76245939
4.76207974
4.76170031
4.76132109
4.76129623
4.76061829
4.76027627
4.75993443
4.75959279
4.75917835
4.75876414
4.75835016
4.75793642
4.75784131
4.75774625
4.75754164
4.75733715
4.75675063
4.75616443
4.75557857
4.75499303
4.75440782
4.75382294
4.75323839
4.75265416
4.75207027
4.75148670
4.75163406
4.75178135
4.75192855
4.75252154
4.75311420
4.75392144
4.75492463
4.75637288
4.75782032
4.75920782
4.76059454
4.76179956
4.76300391
4.76409959
4.76521601
4.76584796
4.76647955
4.76723454
4.76798912
4.76848316
4.76890106
4.76931872
4.76969060
4.77000669
4.77042366
4.77121010
4.77164416
4.77230839
4.77336258
4.77441620
4.77473135
4.77504633
4.77583310
4.77666781
4.77750745
4.77834663
4.77951352
4.78055732
4.78160054
4.78179153
4.78137708
4.78125921
4.78161719
4.78197498
4.78257490
4.78296206
4.78334901
4.78302891
4.78294869
4.78377634
4.78460354
4.78543028
4.78595718
4.78696249
4.78811887
4.78961703
4.79084600
4.79130725
4.79117667
4.79104617
4.79091574
4.79055177
4.79069181
4.79100961
4.79132724
4.79093133
4.79053564
4.79014016
4.79001317
4.79013179
4.79071111
4.79154547
4.79216623
4.79278664
4.79351622
4.79369706
4.79359756
4.79338350
4.79316956
4.79295573
4.79221424
4.79147315
4.79073246
4.78999219
4.78950302
4.78901412
4.78852548
4.78845866
4.78751670
4.78657526
4.78635758
4.78553547
4.78471381
4.78389260
4.78307184
4.78225152
4.78143165
4.78061223
4.77979325
4.77897473
4.77815664
4.77810341
4.77817908
4.77825470
4.77833029
4.77840583
4.77854612
4.77868633
4.77882646
4.77855194
4.77827757
4.77800335
4.77772928
4.77745536
4.77718158
4.77690796
4.77663448
4.77673190
4.77664685
4.77656185
4.77696097
4.77742123
4.77786840
4.77809080
4.77812221
4.77846212
4.77939023
4.77999952
4.78041258
4.78148062
4.78254809
4.78358822
4.78430672
4.78502482
4.78574254
4.78645755
4.78750462
4.78822915
4.78895328
4.78967702
4.79040037
4.79033303
4.79026573
4.79019846
4.79025543
4.79031238
4.79036929
4.79099869
4.79129378
4.79173279
4.79222700
4.79272095
4.79309857
4.79337409
4.79364947
4.79365967
4.79366986
4.79368005
4.79304490
4.79233147
4.79161843
4.79090577
4.79019348
4.78945046
4.78925896
4.78923750
4.78921605
4.78915399
4.78914103
4.78911111
4.78900503
4.78836324
4.78772179
4.78708068
4.78643991
4.78579949
4.78515941
4.78451967
4.78388027
4.78329191
4.78270387
4.78250829
4.78231281
4.78274767
4.78353055
4.78431301
4.78555389
4.78679412
4.78728116
4.78708760
4.78689415
4.78670080
4.78630889
4.78558358
4.78503732
4.78449135
4.78394567
4.78340028
4.78285519
4.78181678
4.78105399
4.78029162
4.77952964
4.77876807
4.77800691
4.77724615
4.77648578
4.77572583
4.77533297
4.77494032
4.77454787
4.77415564
4.77376361
4.77346232
4.77316118
4.77286020
4.77257031
4.77228057
4.77130426
4.77044151
4.77050053
4.77055952
4.77061848
4.77067742
4.77125325
4.77198354
4.77252871
4.77307359
4.77340368
4.77285835
4.77231330
4.77176855
4.77122408
4.77067989
4.77042480
4.77016985
4.76991502
4.76966033
4.76940578
4.76915136
4.76953978
4.77027245
4.77091983
4.77148241
4.77204470
4.77292757
4.77380997
4.77440316
4.77421382
4.77402457
4.77383543
4.77364639
4.77345745
4.77305948
4.77243087
4.77180259
4.77123954
4.77069611
4.77015296
4.76961010
4.76906752
4.76852523
4.76798322
4.76744149
4.76690004
4.76635887
4.76581799
4.76527739
4.76497380
4.76465615
4.76433865
4.76402132
4.76418188
4.76398248
4.76375063
4.76351890
4.76328728
4.76351391
4.76378022
4.76404639
4.76387806
4.76360879
4.76333965
4.76261027
4.76188126
4.76166914
4.76145713
4.76124524
4.76123725
4.76126526
4.76129325
4.76132123
4.76097007
4.76064429
4.75978908
4.75956602
4.75934308
4.75912024
4.75889753
4.75867493
4.75854898
4.75837514
4.75820140
4.75795454
4.75770782
4.75746123
4.75721476
4.75696842
4.75672220
4.75647611
4.75612806
4.75578019
4.75577438
4.75550850
4.75524275
4.75497715
4.75549950
4.75616125
4.75682265
4.75776490
4.75870667
4.75930676
4.75987277
4.76101697
4.76168807
4.76235882
4.76294827
4.76352788
4.76436536
4.76520241
4.76659394
4.76799744
4.76861990
4.76924204
4.77006033
4.77087821
4.77169566
4.77217050
4.77264508
4.77311943
4.77359353
4.77406739
4.77454101
4.77501439
4.77478166
4.77454904
4.77427931
4.77393459
4.77359003
4.77324566
4.77290146
4.77255743
4.77221358
4.77186991
4.77152641
4.77118308
4.77151217
4.77184109
4.77216984
4.77264922
4.77329563
4.77394170
4.77461978
4.77518298
4.77534446
4.77530087
4.77525731
4.77521377
4.77517026
4.77512676
4.77508329
4.77503984
4.77499641
4.77465282
4.77430941
4.77396618
4.77362311
4.77328023
4.77293751
4.77259497
4.77225260
4.77191041
4.77156839
4.77122654
4.77088486
4.77054336
4.77047503
4.77040674
4.77033848
4.77027025
4.77020206
4.77013933
4.77007663
4.76932475
4.76857324
4.76794751
4.76732209
4.76707917
4.76683638
4.76659370
4.76596878
4.76542412
4.76496729
4.76451069
4.76405431
4.76358910
4.76312413
4.76224768
4.76184356
4.76143963
4.76110940
4.76077934
4.76044943
4.76011970
4.76038475
4.76143804
4.76249080
4.76354303
4.76490315
4.76607770
4.76651621
4.76665114
4.76678600
4.76755990
4.76783572
4.76811716
4.76814909
4.76806356
4.76797808
4.76789264
4.76750037
4.76710830
4.76671642
4.76652734
4.76633835
4.76643926
4.76654011
4.76619167
4.76548051
4.76476970
4.76437579
4.76398208
4.76376011
4.76353825
4.76336704
4.76319591
4.76340118
4.76343282
4.76346444
4.76349605
4.76409262
4.76508449
4.76566949
4.76625419
4.76683860
4.76742272
4.76762807
4.76783332
4.76803847
4.76824352
4.76862733
4.76946178
4.76957348
4.76964050
4.76970749
4.76977445
4.77035180
4.77092886
4.77150564
4.77208213
4.77197798
4.77239731
4.77319287
4.77442044
4.77457161
4.77472270
4.77513813
4.77555336
4.77634214
4.77713054
4.77791854
4.77870616
4.77949339
4.78028023
4.78061095
4.78094151
4.78127190
4.78160214
4.78180051
4.78199879
4.78228484
4.78257075
4.78285651
4.78256469
4.78227300
4.78187637
4.78138262
4.78183304
4.78225309
4.78267293
4.78295324
4.78323342
4.78286218
4.78249112
4.78212025
4.78174956
4.78137905
4.78139226
4.78140547
4.78124393
4.78091247
4.78058118
4.78045800
4.78081825
4.78117833
4.78153823
4.78153656
4.78171605
4.78173209
4.78174813
4.78176416
4.78178018
4.78142898
4.78107795
4.78134864
4.78162324
4.78189770
4.78167239
4.78201041
4.78231956
4.78262856
4.78293740
4.78298089
4.78272757
4.78247437
4.78222130
4.78196835
4.78142287
4.78087765
4.78033270
4.77978802
4.77924568
4.77870360
4.77816178
4.77762023
4.77707894
4.77653792
4.77602612
4.77587616
4.77604966
4.77613919
4.77631609
4.77663275
4.77694926
4.77726561
4.77780334
4.77834081
4.77887802
4.77906244
4.77924678
4.77943102
4.77961518
4.77969938
4.77978538
4.78033458
4.78044398
4.78055333
4.78055489
4.78055644
4.78055799
4.78052705
4.78060443
4.78105992
4.78119882
4.78143582
4.78209256
4.78219673
4.78230085
4.78225428
4.78179277
4.78169488
4.78202298
4.78235093
4.78267872
4.78289717
4.78247557
4.78205418
4.78163300
4.78147189
4.78131087
4.78114992
4.78077920
4.78117193
4.78156447
4.78165661
4.78174870
4.78192880
4.78210882
4.78159038
4.78107219
4.78055424
4.78003655
4.77951910
4.77900190
4.77869810
4.77839444
4.77791257
4.77783989
4.77814508
4.77845011
4.77875501
4.77905975
4.77949116
4.78017174
4.78021390
4.78028332
4.78035271
4.78076850
4.78118410
4.78118433
4.78101756
4.78085086
4.78073760
4.78083014
4.78086229
4.78089441
4.78131727
4.78218488
4.78240666
4.78262834
4.78284990
4.78307137
4.78328957
4.78350766
4.78372565
4.78408425
4.78444268
4.78498842
4.78553390
4.78623091
4.78677931
4.78745825
4.78878039
4.79014522
4.79105146
4.79195727
4.79286265
4.79430754
4.79509199
4.79590506
4.79680817
4.79780472
4.79814641
4.79804773
4.79778341
4.79723575
4.79668834
4.79614119
4.79553444
4.79492798
4.79432181
4.79384508
4.79336857
4.79279085
4.79236848
4.79194631
4.79152434
4.79110256
4.79062960
4.79015686
4.78968434
4.78989557
4.79074843
4.79105911
4.79163234
4.79220531
4.79246495
4.79272447
4.79298386
4.79316841
4.79306608
4.79296380
4.79286157
4.79296712
4.79307263
4.79334345
4.79344139
4.79353929
4.79395844
4.79437740
4.79452170
4.79493915
4.79519758
4.79539413
4.79609562
4.79679678
4.79749762
4.79807104
4.79864418
4.79962201
4.80018976
4.80075724
4.80132445
4.80276105
4.80419697
4.80565898
4.80712030
4.80878123
4.81044138
4.81246209
4.81453351
4.81638776
4.81779416
4.81919990
4.81985002
4.82037668
4.82058576
4.82108839
4.82159079
4.82169884
4.82163300
4.82105374
4.82047475
4.81989604
4.81982806
4.82004526
4.82000862
4.81988964
4.81977072
4.81967185
4.81957302
4.81947425
4.81936272
4.81925125
4.81913983
4.81920965
4.81927945
4.81886794
4.81845663
4.81804551
4.81812391
4.81820227
4.81828060
4.81835889
4.81813629
4.81773571
4.81733531
4.81693510
4.81650279
4.81656291
4.81662301
4.81668308
4.81674312
4.81661314
4.81648322
4.81575158
4.81535604
4.81496068
4.81456551
4.81417051
4.81377570
4.81338107
4.81333876
4.81329647
4.81325420
4.81275282
4.81242062
4.81208858
4.81168058
4.81127277
4.81139011
4.81150739
4.81078598
4.81006490
4.80934415
4.80862374
4.80841240
4.80830993
4.80820751
4.80800132
4.80779523
4.80817221
4.80886425
4.80955597
4.81024738
4.81106237
4.81187700
4.81269124
4.81350512
4.81394615
4.81387328
4.81380044
4.81372763
4.81365486
4.81358213
4.81314160
4.81311160
4.81308162
4.81286619
4.81276345
4.81250569
4.81224805
4.81199052
4.81173141
4.81147241
4.81117477
4.81087726
4.81106154
4.81057043
4.81007954
4.80958888
4.80884225
4.80809596
4.80735001
4.80660440
4.80585913
4.80563937
4.80577772
4.80582898
4.80571446
4.80607719
4.80643976
4.80680216
4.80716440
4.80752648
4.80788839
4.80825013
4.80879676
4.80953621
4.81010525
4.81067402
4.81109972
4.81152522
4.81149467
4.81146412
4.81090515
4.81037141
4.81016571
4.81035068
4.81053556
4.81072036
4.81114656
4.81126736
4.81190736
4.81254708
4.81282804
4.81260301
4.81237808
4.81215326
4.81192853
4.81214608
4.81236352
4.81320142
4.81403895
4.81487426
4.81570919
4.81654374
4.81737792
4.81818671
4.81899513
4.81974369
4.82023639
4.82051521
4.82079391
4.82107248
4.82116810
4.82146823
4.82187551
4.82196641
4.82236443
4.82276227
4.82251954
4.82276598
4.82301230
4.82343322
4.82385396
4.82427450
4.82458440
4.82490968
4.82523481
4.82545428
4.82567364
4.82589291
4.82651510
4.82713702
4.82794233
4.82835775
4.82864398
4.82888498
4.82915708
4.82943754
4.82936526
4.82968584
4.83000627
4.83032655
4.83066462
4.83100254
4.83090447
4.83080645
4.83070847
4.83061053
4.83051264
4.83041479
4.83031698
4.83036523
4.83041345
4.83046165
4.83050983
4.83055799
4.83034643
4.82985758
4.82936894
4.82888053
4.82868412
4.82848780
4.82841994
4.82831659
4.82818146
4.82773988
4.82793735
4.82813473
4.82833202
4.82852923
4.82872634
4.82897416
4.82922186
4.82946946
4.82971694
4.82996432
4.83021159
4.83045874
4.83070579
4.83076528
4.83082475
4.83088418
4.83097988
4.83081228
4.83064475
4.83047730
4.82992474
4.83006832
4.83021183
4.83035528
4.83049867
4.83023667
4.82997478
4.82971301
4.82989637
4.83007965
4.83026285
4.83063473
4.83118515
4.83173534
4.83228528
4.83245553
4.83262570
4.83262414
4.83314033
4.83365631
4.83417205
4.83468756
4.83520285
4.83571791
4.83623275
4.83653300
4.83666372
4.83679437
4.83689669
4.83699896
4.83735383
4.83770855
4.83766674
4.83788178
4.83809672
4.83831157
4.83794842
4.83758543
4.83722259
4.83685992
4.83649740
4.83595483
4.83569412
4.83547544
4.83525685
4.83555654
4.83636359
4.83666694
4.83667509
4.83665323
4.83654857
4.83644395
4.83633938
4.83623485
4.83559773
4.83496088
4.83474484
4.83452889
4.83431304
4.83390391
4.83349496
4.83308618
4.83252324
4.83203855
4.83194132
4.83247293
4.83261215
4.83275131
4.83289041
4.83306745
4.83324442
4.83342131
4.83359813
4.83377486
4.83421607
4.83465708
4.83510242
4.83549524
4.83588789
4.83628037
4.83644958
4.83675797
4.83645374
4.83613857
4.83582354
4.83550865
4.83519390
4.83487928
4.83456480
4.83425045
4.83405543
4.83411812
4.83432331
4.83452841
4.83473342
4.83493834
4.83514317
4.83534791
4.83555257
4.83575713
4.83578691
4.83581667
4.83569398
4.83557135
4.83544877
4.83527926
4.83510982
4.83494045
4.83477115
4.83497418
4.83526147
4.83529218
4.83532287
4.83535355
4.83599621
4.83633126
4.83666617
4.83700093
4.83733555
4.83703644
4.83673747
4.83643862
4.83613990
4.83566413
4.83518856
4.83497497
4.83476213
4.83454938
4.83433673
4.83381379
4.83362700
4.83344028
4.83325365
4.83269279
4.83241242
4.83213217
4.83201106
4.83197973
4.83231313
4.83264639
4.83259665
4.83264228
4.83298381
4.83332519
4.83329293
4.83326069
4.83311760
4.83297457
4.83283161
4.83268870
4.83280406
4.83277660
4.83283598
4.83289533
4.83253852
4.83228744
4.83182496
4.83145280
4.83108081
4.83070897
4.83051761
4.83032634
4.83013514
4.82994403
4.82994291
4.82994179
4.82956355
4.82918549
4.82880758
4.82842983
4.82778747
4.82714538
4.82650357
4.82586203
4.82522076
4.82483443
4.82427410
4.82371401
4.82315416
4.82283337
4.82225938
4.82207699
4.82193647
4.82198660
4.82214862
4.82231058
4.82247247
4.82241331
4.82189607
4.82137906
4.82086226
4.82034569
4.81982933
4.81951980
4.81921040
4.81890113
4.81859199
4.81871273
4.81931496
4.81991693
4.81979110
4.81966532
4.81920187
4.81902128
4.81884077
4.81859119
4.81834171
4.81809234
4.81784308
4.81759392
4.81734487
4.81709593
4.81684709
4.81659835
4.81634972
4.81648322
4.81700227
4.81752109
4.81828722
4.81925734
4.81978199
4.82062595
4.82111656
4.82160697
4.82234810
4.82285173
4.82335515
4.82385835
4.82433600
4.82421588
4.82393289
4.82364720
4.82382391
4.82400055
4.82428789
4.82430581
4.82459478
4.82488364
4.82561805
4.82635215
4.82710062
4.82758217
4.82806351
4.82914357
4.83022318
4.83130234
4.83238104
4.83345929
4.83466704
4.83587428
4.83708101
4.83828724
4.83960071
4.84083715
4.84207307
4.84318124
4.84428895
4.84506497
4.84577126
4.84647725
4.84686016
4.84724292
4.84762551
4.84854128
4.84945667
4.84992157
4.85063403
4.85096861
4.85130304
4.85187063
4.85227728
4.85268376
4.85330516
4.85392630
4.85440747
4.85488844
4.85539117
4.85589369
4.85639601
4.85715960
4.85792288
4.85843846
4.85895382
4.85904915
4.85914445
4.85977154
4.86039836
4.86102065
4.86110090
4.86118110
4.86126128
4.86073915
4.86021723
4.85999084
4.85976454
4.85953834
4.85939485
4.85920704
4.85901930
4.85828852
4.85755805
4.85721455
4.85687118
4.85652797
4.85600244
4.85547713
4.85505386
4.85493132
4.85495914
4.85498696
4.85457471
4.85416263
4.85375071
4.85376751
4.85378430
4.85374277
4.85370127
4.85402507
4.85466106
4.85529680
4.85659566
4.85788835
4.85923936
4.86073834
4.86223671
4.86395275
4.86557285
4.86703678
4.86766362
4.86829021
4.86870882
4.86888247
4.86905606
4.86922957
4.86929193
4.86935427
4.86956229
4.86949357
4.86928000
4.86906652
4.86885168
4.86863693
4.86842227
4.86768246
4.86725715
4.86683202
4.86640706
4.86623894
4.86656446
4.86686185
4.86726407
4.86770318
4.86823291
4.86888661
4.86954003
4.86997757
4.87041494
4.87085212
4.87105240
4.87134819
4.87187595
4.87235133
4.87292853
4.87322913
4.87410457
4.87465246
4.87495822
4.87507525
4.87512624
4.87517722
4.87522817
4.87527910
4.87533284
4.87527136
4.87520992
4.87514850
4.87508710
4.87502573
4.87505087
4.87531686
4.87558275
4.87604307
4.87643200
4.87682077
4.87720938
4.87737842
4.87754740
4.87771631
4.87788515
4.87805392
4.87822263
4.87839126
4.87855982
4.87872832
4.87917569
4.87974932
4.87955410
4.87935896
4.87933488
4.87874715
4.87814760
4.87754829
4.87713905
4.87672998
4.87659099
4.87645204
4.87655999
4.87655626
4.87634729
4.87613842
4.87592962
4.87572091
4.87551229
4.87530375
4.87509530
4.87459621
4.87409733
4.87388750
4.87360610
4.87391749
4.87437797
4.87439481
4.87410859
4.87382249
4.87353650
4.87329303
4.87307850
4.87286405
4.87295741
4.87305074
4.87321344
4.87304153
4.87286970
4.87269793
4.87252624
4.87214524
4.87176440
4.87138371
4.87100318
4.87062280
4.87061884
4.87027622
4.86943354
4.86886715
4.86845085
4.86803471
4.86761874
4.86720294
4.86678731
4.86637184
4.86595654
4.86554141
4.86512644
4.86471165
4.86429702
4.86388255
4.86346826
4.86305413
4.86247677
4.86189965
4.86204425
4.86231022
4.86257608
4.86325875
4.86389616
4.86463378
4.86537110
4.86578967
4.86620807
4.86662630
4.86656091
4.86639164
4.86630868
4.86645518
4.86662722
4.86730926
4.86771523
4.86812103
4.86832331
4.86874095
4.86903651
4.86933195
4.86962727
4.87006806
4.87030647
4.87054478
4.87108983
4.87117900
4.87165761
4.87213602
4.87261425
4.87351541
4.87401072
4.87450582
4.87500387
4.87551219
4.87627356
4.87706343
4.87785298
4.87861065
4.87936803
4.88012510
4.88135142
4.88242540
4.88349896
4.88483768
4.88635148
4.88834016
4.88991674
4.89149269
4.89306802
4.89434867
4.89562881
4.89703504
4.89803966
4.89904388
4.90006465
4.90108005
4.90203758
4.90314325
4.90424847
4.90559128
4.90693355
4.90827529
4.90946620
4.91068452
4.91156655
4.91244824
4.91332958
4.91396291
4.91462507
4.91528696
4.91594860
4.91637310
4.91677111
4.91716896
4.91689711
4.91662538
4.91635375
4.91665591
4.91696130
4.91652651
4.91662088
4.91626768
4.91591461
4.91556169
4.91520891
4.91508833
4.91518906
4.91528976
4.91539041
4.91549102
4.91555952
4.91562799
4.91580714
4.91583576
4.91561848
4.91540129
4.91542165
4.91544201
4.91546235
4.91590535
4.91634817
4.91681675
4.91702777
4.91723872
4.91744957
4.91760599
4.91767080
4.91773559
4.91795222
4.91801006
4.91782237
4.91763476
4.91744723
4.91734890
4.91680953
4.91627037
4.91573143
4.91514775
4.91463175
4.91411595
4.91338679
4.91265792
4.91192933
4.91120103
4.91047302
4.91001775
4.90956267
4.90910776
4.90865303
4.90819848
4.90774411
4.90728992
4.90727455
4.90725919
4.90671695
4.90617493
4.90563312
4.90509152
4.90493223
4.90477301
4.90450615
4.90469085
4.90536446
4.90585870
4.90629714
4.90673542
4.90697266
4.90720981
4.90744686
4.90768383
4.90774217
4.90824084
4.90890256
4.90973603
4.91056917
4.91153506
4.91250059
4.91331867
4.91413644
4.91490710
4.91594643
4.91635003
4.91687307
4.91739591
4.91794879
4.91850146
4.91900418
4.91911069
4.91921717
4.91925157
4.91928597
4.91985150
4.92011165
4.92079134
4.92176433
4.92273694
4.92370917
4.92419085
4.92465630
4.92512158
4.92558667
4.92598191
4.92678534
4.92710551
4.92742555
4.92765682
4.92814983
4.92827468
4.92787344
4.92747236
4.92694365
4.92641515
4.92588684
4.92541064
4.92493462
4.92462036
4.92421763
4.92381506
4.92341264
4.92301038
4.92260828
4.92220633
4.92180454
4.92140290
4.92100141
4.92060009
4.91999662
4.91982913
4.91960488
4.91947676
4.91971240
4.91991334
4.92011420
4.92074089
4.92136734
4.92199354
4.92261951
4.92324524
4.92375477
4.92426410
4.92477324
4.92528218
4.92579093
4.92629948
4.92643012
4.92656071
4.92618684
4.92581312
4.92543953
4.92506609
4.92469280
4.92398787
4.92358111
4.92317451
4.92337692
4.92366669
4.92395635
4.92450828
4.92508117
4.92536689
4.92519194
4.92501705
4.92506897
4.92455549
4.92404220
4.92352911
4.92301621
4.92324252
4.92306535
4.92248505
4.92205141
4.92161794
4.92118464
4.92075150
4.92045680
4.92002556
4.91959448
4.91916356
4.91873430
4.91852159
4.91830896
4.91781383
4.91747376
4.91713382
4.91675073
4.91636778
4.91598498
4.91560233
4.91534348
4.91508472
4.91478377
4.91448292
4.91419931
4.91375004
4.91330094
4.91302012
4.91273941
4.91245881
4.91217832
4.91189793
4.91161765
4.91133747
4.91158925
4.91186370
4.91207141
4.91273256
4.91378517
4.91510257
4.91641948
4.91773588
4.91934215
4.92094781
4.92255285
4.92430126
4.92604901
4.92712332
4.92819723
4.92924785
4.93029808
4.93058801
4.93095771
4.93132726
4.93160765
4.93159606
4.93158447
4.93164969
4.93158525
4.93098713
4.93038923
4.92979155
4.92942075
4.92912549
4.92858404
4.92838663
4.92818930
4.92805155
4.92791385
4.92746662
4.92701955
4.92657266
4.92626812
4.92596370
4.92565939
4.92547699
4.92561908
4.92548500
4.92535097
4.92521699
4.92508306
4.92494918
4.92494276
4.92493635
4.92438454
4.92425113
4.92382656
4.92340215
4.92314340
4.92288476
4.92213934
4.92139421
4.92064936
4.91990478
4.91916049
4.91876837
4.91837640
4.91798458
4.91759290
4.91720137
4.91726156
4.91736976
4.91709568
4.91682170
4.91654782
4.91668815
4.91682843
4.91735382
4.91794472
4.91847782
4.91881199
4.91937422
4.91984482
4.92046715
4.92089930
4.92133129
4.92176312
4.92214678
4.92253030
4.92291368
4.92299970
4.92308569
4.92326341
4.92344105
4.92381898
4.92419676
4.92457440
4.92479688
4.92485132
4.92485624
4.92484527
4.92483430
4.92519154
4.92554865
4.92573257
4.92631125
4.92714700
4.92798245
4.92893105
4.93029731
4.93164593
4.93299404
4.93422909
4.93493819
4.93564703
4.93585833
4.93618664
4.93651482
4.93715172
4.93792569
4.93869937
4.93938292
4.93998969
4.94059624
4.94096251
4.94132864
4.94189857
4.94246828
4.94273420
4.94300002
4.94326575
4.94341050
4.94354375
4.94436190
4.94517975
4.94609151
4.94669964
4.94730753
4.94796609
4.94862441
4.94883834
4.94905220
4.94900092
4.94894966
4.94889842
4.94872121
4.94858292
4.94844469
4.94794830
4.94745209
4.94695607
4.94646023
4.94620797
4.94595994
4.94571200
4.94546416
4.94521640
4.94491892
4.94462155
4.94430526
4.94398909
4.94344784
4.94290678
4.94250734
4.94188900
4.94127089
4.94065301
4.94003536
4.93941794
4.93917862
4.93880187
4.93846457
4.93846230
4.93846003
4.93845776
4.93845549
4.93845322
4.93824523
4.93803732
4.93786532
4.93769339
4.93780610
4.93775978
4.93738278
4.93700592
4.93668508
4.93636435
4.93607881
4.93579337
4.93575362
4.93571388
4.93571717
4.93586914
4.93573402
4.93559896
4.93546394
4.93543386
4.93540380
4.93537374
4.93548137
4.93558897
4.93552841
4.93557218
4.93534330
4.93523774
4.93513222
4.93504397
4.93495576
4.93485308
4.93489142
4.93491918
4.93494694
4.93497468
4.93501333
4.93505197
4.93504441
4.93466457
4.93417712
4.93368986
4.93320277
4.93271585
4.93222912
4.93174257
4.93125619
4.93076999
4.93071304
4.93065612
4.93059921
4.93054233
4.93069069
4.93067227
4.93065386
4.93081222
4.93097053
4.93146079
4.93182630
4.93219168
4.93255371
4.93291561
4.93326309
4.93376559
4.93419675
4.93473542
4.93527388
4.93548379
4.93569363
4.93590339
4.93599010
4.93581189
4.93607780
4.93634362
4.93677804
4.93733634
4.93793490
4.93853325
4.93901413
4.93914393
4.93927369
4.93940340
4.93987636
4.94034914
4.94058894
4.94047822
4.94036754
4.94025690
4.94024145
4.93988307
4.93952482
4.93940055
4.93927631
4.93915213
4.93902798
4.93855639
4.93808497
4.93764152
4.93756636
4.93749123
4.93741613
4.93734106
4.93731032
4.93727960
4.93707004
4.93646461
4.93577713
4.93555072
4.93553347
4.93568187
4.93606649
4.93644336
4.93682009
4.93728438
4.93746990
4.93765536
4.93719738
4.93665705
4.93611692
4.93585898
4.93564314
4.93542737
4.93521168
4.93499606
4.93478053
4.93456507
4.93434969
4.93413438
4.93351414
4.93332961
4.93314514
4.93294681
4.93263354
4.93232039
4.93236113
4.93240186
4.93282159
4.93360898
4.93430950
4.93460274
4.93465509
4.93470742
4.93475974
4.93477371
4.93479925
4.93482479
4.93473858
4.93477568
4.93481276
4.93508763
4.93536240
4.93580262
4.93635806
4.93691330
4.93709411
4.93747494
4.93813755
4.93882407
4.93951476
4.93979622
4.94007758
4.94017041
4.94026320
4.94032779
4.94077435
4.94122075
4.94166699
4.94230133
4.94293545
4.94356933
4.94428833
4.94492737
4.94556617
4.94593659
4.94630688
4.94667704
4.94701488
4.94751444
4.94837772
4.94991353
4.95145634
4.95298189
4.95408012
4.95517796
4.95628350
4.95738864
4.95832984
4.95970158
4.96107284
4.96234555
4.96329754
4.96424920
4.96530993
4.96601357
4.96638389
4.96675409
4.96673753
4.96672098
4.96670443
4.96678544
4.96671315
4.96656119
4.96640929
4.96625744
4.96610564
4.96595390
4.96594086
4.96592783
4.96591480
4.96562615
4.96549000
4.96535390
4.96509268
4.96483156
4.96457053
4.96430959
4.96404874
4.96378799
4.96374768
4.96376212
4.96377655
4.96355292
4.96332936
4.96310588
4.96283649
4.96256719
4.96229798
4.96202887
4.96175986
4.96149094
4.96122212
4.96117911
4.96088520
4.96059139
4.96044265
4.96061799
4.96078555
4.96130389
4.96182204
4.96242933
4.96305560
4.96348540
4.96391505
4.96434454
4.96485874
4.96516704
4.96547524
4.96515798
4.96484083
4.96452380
4.96435062
4.96417751
4.96422469
4.96438145
4.96429362
4.96421701
4.96414043
4.96434833
4.96465047
4.96500983
4.96536907
4.96572818
4.96608717
4.96622404
4.96636086
4.96649763
4.96645111
4.96667840
4.96690561
4.96713801
4.96759016
4.96834501
4.96909959
4.96985391
4.97060796
4.97147333
4.97236313
4.97284441
4.97332553
4.97380648
4.97385809
4.97390967
4.97408127
4.97431378
4.97454622
4.97496575
4.97538513
4.97580437
4.97626114
4.97624939
4.97626323
4.97627706
4.97629088
4.97630470
4.97631851
4.97630254
4.97665283
4.97708504
4.97787153
4.97865775
4.97939141
4.97986279
4.97995261
4.98021839
4.98062338
4.98097961
4.98091254
4.98084549
4.98077846
4.98071146
4.98094336
4.98098866
4.98103395
4.98056815
4.98022942
4.97961718
4.97900515
4.97839333
4.97778172
4.97770718
4.97734777
4.97698849
4.97662933
4.97627029
4.97591139
4.97555260
4.97519394
4.97486740
4.97454096
4.97421464
4.97388843
4.97356233
4.97365759
4.97375498
4.97385234
4.97433088
4.97461436
4.97500884
4.97555520
4.97605413
4.97670429
4.97693239
4.97727476
4.97733695
4.97739912
4.97746127
4.97763844
4.97781555
4.97834301
4.97886618
4.97938917
4.97999555
4.98060172
4.98138895
4.98180096
4.98199920
4.98219737
4.98215274
4.98246249
4.98277214
4.98257861
4.98218716
4.98209189
4.98171702
4.98134228
4.98096768
4.98059320
4.98021885
4.97984463
4.97947053
4.97909657
4.97883467
4.97886756
4.97890044
4.97893330
4.97896616
4.97899900
4.97903183
4.97922841
4.97934207
4.97945569
4.97956927
4.98002235
4.98047527
4.98092803
4.98138064
4.98183309
4.98201100
4.98200505
4.98197392
4.98194281
4.98203050
4.98211816
4.98220578
4.98219686
4.98218795
4.98217903
4.98205024
4.98180386
4.98155756
4.98131135
4.98106523
4.98081919
4.98046988
4.98026203
4.98005425
4.97984654
4.97935465
4.97886292
4.97837137
4.97787998
4.97738876
4.97713072
4.97686950
4.97660837
4.97664786
4.97668733
4.97672679
4.97694309
4.97710174
4.97726034
4.97736047
4.97754739
4.97799221
4.97835054
4.97870875
4.97906683
4.97942480
4.97978264
4.98014036
4.98015993
4.97979802
4.97943624
4.97929165
4.97914712
4.97922822
4.97916975
4.97949893
4.97982800
4.98012607
4.98042404
4.98079375
4.98117352
4.98154638
4.98223507
4.98270786
4.98281457
4.98292124
4.98281860
4.98271598
4.98261341
4.98251087
4.98240836
4.98230589
4.98220345
4.98210105
4.98199868
4.98194560
4.98208547
4.98181951
4.98155364
4.98128786
4.98102216
4.98057597
4.98012992
4.97976666
4.97940352
4.97934035
4.97974655
4.98002272
4.98021291
4.98040303
4.98059309
4.98050862
4.98042419
4.98065611
4.98088796
4.98062636
4.98036486
4.98010344
4.97987815
4.97965293
4.97942779
4.97919113
4.97895455
4.97918961
4.97942458
4.97965947
4.97989429
4.97974868
4.97960312
4.97945762
4.97931216
4.97916675
4.97902139
4.97898891
4.97895644
4.97892398
4.97889154
4.97861893
4.97873778
4.97908112
4.97942434
4.97976745
4.98025945
4.98089686
4.98152762
4.98189914
4.98227054
4.98253741
4.98286372
4.98292316
4.98308011
4.98316773
4.98364605
4.98412421
4.98432284
4.98444707
4.98457127
4.98469542
4.98466118
4.98466397
4.98466677
4.98466957
4.98464089
4.98461222
4.98473127
4.98473138
4.98473150
4.98507695
4.98546755
4.98553877
4.98529099
4.98526323
4.98492648
4.98458984
4.98425331
4.98391689
4.98358059
4.98324440
4.98290832
4.98257235
4.98223209
4.98189195
4.98191168
4.98168460
4.98145760
4.98123068
4.98100383
4.98077705
4.98088073
4.98113993
4.98139903
4.98143568
4.98147231
4.98142140
4.98132647
4.98123158
4.98113672
4.98118154
4.98111117
4.98104084
4.98097053
4.98090024
4.98082218
4.98038835
4.97995466
4.97952111
4.97945927
4.97939745
4.97933565
4.97944499
4.97955429
4.97966356
4.97979273
4.97992185
4.98005093
4.97998784
4.97983635
4.97968491
4.97953352
4.97938218
4.97887206
4.97847245
4.97832364
4.97817487
4.97810243
4.97835400
4.97848728
4.97865387
4.97882041
4.97898690
4.97866793
4.97834907
4.97814115
4.97793330
4.97793789
4.97794249
4.97785001
4.97775756
4.97766514
4.97757276
4.97797180
4.97837072
4.97875870
4.97880172
4.97894963
4.97909749
4.97911494
4.97921282
4.97931067
4.97940848
4.97974900
4.97974759
4.97957043
4.97945481
4.97937563
4.97957397
4.97977225
4.97997046
4.98016861
4.98036669
4.98080925
4.98125168
4.98169395
4.98213609
4.98255358
4.98274850
4.98298982
4.98323106
4.98336343
4.98346930
4.98357512
4.98368092
4.98369368
4.98370643
4.98377416
4.98389698
4.98401976
4.98414250
4.98426520
4.98438786
4.98451048
4.98437696
4.98461280
4.98484857
4.98508426
4.98531988
4.98561381
4.98617150
4.98653151
4.98665005
4.98676856
4.98688702
4.98700545
4.98705185
4.98709825
4.98714462
4.98719099
4.98756753
4.98832726
4.98882549
4.98932355
4.98973750
4.99015131
4.99071303
4.99107463
4.99143611
4.99179747
4.99263985
4.99353883
4.99443751
4.99511480
4.99561235
4.99610975
4.99617999
4.99618927
4.99600068
4.99601849
4.99603629
4.99603785
4.99603940
4.99592878
4.99581819
4.99583987
4.99586155
4.99550101
4.99514058
4.99478027
4.99458678
4.99464052
4.99469425
4.99429747
4.99390082
4.99350430
4.99310791
4.99271165
4.99231551
4.99212126
4.99192708
4.99173295
4.99153889
4.99139888
4.99148660
4.99170978
4.99147477
4.99123984
4.99082032
4.99044948
4.99007876
4.98970816
4.98933769
4.98896733
4.98859709
4.98837436
4.98815170
4.98792911
4.98770659
4.98748415
4.98771286
4.98794150
4.98798184
4.98800199
4.98802214
4.98804228
4.98806241
4.98839046
4.98871840
4.98897428
4.98948887
4.99000329
4.99003398
4.99001587
4.98999776
4.99042744
4.99085698
4.99165361
4.99244999
4.99341451
4.99408338
4.99503414
4.99556725
4.99610020
4.99617430
4.99615650
4.99631935
4.99668248
4.99703304
4.99738349
4.99811287
4.99884202
4.99957093
5.00032777
5.00098324
5.00134707
5.00167544
5.00200369
5.00242996
5.00272123
5.00301240
5.00331180
5.00381283
5.00431369
5.00483444
5.00535501
5.00587542
5.00639566
5.00691573
5.00747041
5.00827267
5.00891006
5.00954724
5.01018422
5.01082100
5.01127108
5.01149711
5.01172306
5.01240005
5.01286900
5.01341895
5.01367167
5.01389557
5.01404151
5.01397434
5.01349383
5.01301348
5.01293221
5.01310769
5.01330689
5.01350602
5.01370509
5.01413263
5.01454526
5.01471019
5.01487507
5.01503990
5.01518240
5.01532485
5.01546726
5.01560962
5.01584342
5.01607714
5.01631080
5.01654437
5.01722976
5.01771944
5.01827256
5.01831042
5.01834826
5.01852873
5.01870913
5.01925429
5.01953532
5.01981625
5.02009710
5.02035829
5.02061939
5.02088041
5.02114135
5.02111922
5.02109710
5.02107498
5.02121315
5.02137183
5.02176682
5.02185638
5.02194591
5.02203541
5.02177355
5.02151176
5.02125006
5.02084782
5.02044571
5.02004372
5.01964186
5.01924013
5.01883853
5.01825894
5.01800580
5.01775274
5.01749976
5.01733560
5.01717148
5.01667673
5.01611539
5.01573825
5.01546907
5.01519998
5.01493097
5.01465350
5.01437612
5.01419475
5.01408202
5.01424370
5.01440533
5.01456691
5.01465283
5.01473872
5.01482458
5.01470254
5.01476393
5.01482530
5.01523933
5.01556129
5.01586637
5.01585640
5.01584644
5.01583647
5.01556679
5.01552586
5.01558802
5.01519747
5.01459053
5.01398378
5.01337722
5.01277085
5.01216468
5.01155869
5.01095291
5.01034731
5.00974190
5.00913669
5.00853167
5.00792684
5.00732220
5.00671775
5.00611350
5.00573106
5.00534876
5.00482202
5.00436765
5.00442582
5.00448398
5.00464273
5.00470990
5.00477706
5.00484419
5.00491130
5.00497839
5.00504545
5.00525194
5.00551568
5.00577934
5.00604292
5.00612659
5.00621025
5.00587539
5.00579572
5.00571608
5.00563646
5.00555686
5.00547729
5.00531885
5.00513194
5.00461931
5.00410683
5.00359451
5.00308236
5.00260315
5.00212409
5.00164518
5.00116642
5.00077508
5.00038387
5.00015919
4.99993458
4.99946399
4.99934055
4.99925484
4.99916917
4.99889117
4.99861325
4.99849671
4.99838020
4.99858473
4.99886957
4.99915432
4.99929981
4.99944525
4.99959064
4.99962082
5.00000376
5.00034937
5.00100292
5.00216754
5.00320958
5.00391883
5.00462786
5.00533666
5.00616123
5.00689845
5.00733889
5.00775183
5.00782968
5.00790751
5.00814507
5.00839957
5.00839037
5.00840380
5.00841723
5.00870718
5.00899703
5.00917902
5.00936095
5.00926685
5.00909591
5.00892502
5.00874696
5.00856895
5.00839099
5.00812181
5.00785272
5.00758371
5.00731478
5.00704594
5.00653917
5.00603255
5.00568980
5.00534715
5.00528356
5.00529342
5.00530328
5.00516385
5.00534061
5.00551731
5.00569396
5.00569975
5.00573961
5.00580078
5.00586192
5.00592305
5.00598415
5.00591946
5.00585478
5.00571129
5.00556786
5.00548431
5.00540079
5.00551740
5.00563398
5.00583343
5.00603283
5.00623216
5.00633942
5.00644665
5.00656814
5.00668958
5.00681100
5.00679346
5.00677593
5.00675840
5.00657965
5.00670355
5.00668131
5.00656002
5.00643876
5.00631755
5.00619637
5.00607523
5.00595413
5.00565035
5.00534667
5.00524445
5.00514227
5.00504012
5.00515368
5.00526519
5.00533679
5.00554886
5.00569834
5.00556363
5.00585105
5.00562836
5.00540573
5.00518317
5.00496068
5.00473826
5.00449837
5.00425855
5.00384947
5.00344052
5.00273220
5.00240548
5.00238633
5.00255983
5.00260661
5.00255451
5.00250242
5.00280120
5.00309988
5.00321797
5.00333602
5.00356392
5.00392155
5.00421356
5.00408614
5.00395876
5.00378305
5.00402796
5.00417287
5.00431773
5.00446255
5.00467114
5.00486414
5.00505708
5.00487764
5.00469825
5.00451892
5.00433964
5.00416042
5.00398126
5.00380215
5.00366816
5.00353421
5.00363004
5.00372583
5.00382160
5.00381889
5.00381619
5.00380339
5.00379059
5.00364716
5.00367250
5.00369784
5.00372316
5.00408420
5.00444513
5.00480594
5.00492305
5.00504011
5.00479708
5.00442665
5.00405633
5.00389507
5.00367255
5.00345010
5.00322772
5.00315949
5.00309129
5.00302311
5.00348129
5.00387394
5.00426647
5.00465888
5.00504209
5.00553052
5.00601880
5.00647723
5.00698798
5.00734435
5.00784083
5.00783710
5.00793075
5.00802438
5.00802854
5.00803270
5.00803686
5.00804102
5.00804518
5.00836075
5.00835449
5.00832233
5.00834345
5.00866131
5.00864383
5.00826460
5.00788548
5.00750649
5.00712760
5.00707897
5.00707465
5.00707033
5.00706601
5.00707319
5.00724564
5.00741804
5.00759039
5.00776269
5.00766094
5.00744039
5.00721990
5.00699948
5.00677913
5.00664088
5.00663940
5.00649742
5.00640195
5.00617227
5.00619952
5.00622676
5.00625399
5.00622589
5.00604312
5.00586042
5.00567777
5.00549517
5.00556443
5.00563367
5.00550679
5.00537995
5.00525315
5.00512639
5.00475995
5.00439362
5.00446828
5.00454291
5.00461752
5.00433866
5.00405989
5.00378120
5.00350260
5.00337377
5.00314145
5.00290921
5.00267704
5.00240879
5.00214062
5.00187254
5.00160453
5.00133661
5.00124018
5.00114378
5.00101112
5.00091315
5.00107407
5.00123493
5.00130633
5.00106817
5.00083008
5.00075569
5.00068132
5.00060697
5.00053265
5.00052796
5.00052328
5.00051859
5.00051391
5.00050923
5.00050455
5.00049987
5.00053964
5.00057939
5.00067855
5.00077768
5.00103992
5.00132303
5.00152793
5.00173277
5.00197870
5.00222454
5.00247031
5.00271601
5.00296164
5.00297130
5.00301101
5.00305070
5.00307381
5.00309691
5.00305181
5.00300673
5.00305033
5.00309391
5.00313748
5.00278541
5.00280665
5.00282788
5.00284911
5.00287033
5.00281972
5.00270377
5.00258786
5.00247199
5.00235614
5.00220698
5.00205786
5.00168088
5.00134769
5.00151537
5.00168299
5.00179791
5.00153797
5.00127811
5.00101833
5.00075862
5.00049900
5.00023945
4.99997998
4.99989349
4.99986321
4.99964595
4.99942874
4.99921161
4.99933249
4.99951938
4.99970621
4.99966753
4.99961853
4.99956955
4.99952058
4.99942333
4.99932611
4.99922892
4.99913175
4.99903462
4.99903667
4.99903873
4.99904078
4.99894080
4.99874109
4.99878079
4.99902293
4.99908154
4.99894200
4.99877420
4.99831891
4.99786376
4.99768413
4.99750456
4.99745500
4.99740546
4.99735593
4.99730642
4.99725693
4.99718665
4.99711639
4.99704615
4.99697593
4.99671601
4.99650105
4.99649647
4.99649188
4.99648730
4.99634639
4.99620553
4.99606471
4.99593127
4.99579787
4.99566451
4.99553120
4.99539792
4.99524375
4.99508963
4.99493556
4.99468015
4.99448307
4.99428605
4.99408909
4.99363809
4.99318722
4.99313233
4.99307747
4.99302261
4.99293476
4.99290239
4.99287002
4.99277683
4.99250876
4.99254977
4.99216746
4.99209027
4.99201310
4.99193595
4.99185882
4.99178172
4.99170464
4.99162758
4.99171957
4.99171277
4.99170596
4.99169916
4.99169237
4.99168557
4.99213596
4.99258622
4.99309664
4.99340614
4.99393036
4.99421783
4.99450521
4.99465184
4.99507991
4.99527513
4.99515597
4.99465931
4.99426339
4.99386759
4.99366957
4.99347162
4.99327372
4.99307588
4.99280671
4.99253761
4.99223290
4.99192827
4.99176224
4.99146645
4.99117075
4.99087513
4.99057961
4.99028417
4.98998881
4.98973458
4.98972611
4.99007566
4.99042511
4.99068939
4.99095359
4.99121772
4.99147389
4.99138222
4.99129057
4.99130775
4.99162940
4.99195095
4.99227241
4.99246305
4.99265363
4.99257807
4.99262459
4.99248443
4.99238862
4.99247698
4.99256533
4.99278858
4.99262170
4.99245486
4.99220512
4.99197341
4.99174176
4.99150902
4.99127634
4.99104373
4.99081119
4.99057872
4.99034632
4.99007434
4.98980245
4.98953063
4.98960104
4.98984042
4.98996562
4.99009079
4.99002937
4.98993984
4.98988733
4.98983484
4.98978237
4.98972991
4.98993946
4.99023433
4.99051384
4.99079326
4.99079434
4.99079541
4.99077043
4.99050938
4.99007267
4.98981308
4.98969205
4.98957104
4.98919863
4.98882632
4.98845412
4.98808203
4.98797675
4.98787150
4.98776673
4.98766200
4.98723820
4.98681452
4.98639097
4.98596754
4.98554423
4.98534022
4.98550375
4.98566723
4.98583066
4.98614965
4.98614004
4.98594071
4.98573456
4.98552848
4.98532245
4.98513399
4.98494559
4.98475724
4.98457924
4.98434099
4.98410280
4.98388653
4.98367033
4.98345418
4.98288138
4.98267703
4.98247274
4.98226851
4.98207912
4.98188978
4.98170049
4.98147851
4.98125659
4.98139117
4.98126088
4.98089472
4.98065925
4.98085907
4.98136321
4.98163532
4.98190735
4.98217930
4.98245117
4.98252938
4.98260758
4.98227932
4.98173519
4.98158491
4.98143467
4.98128448
4.98113434
4.98098423
4.98083417
4.98063578
4.98036870
4.98010169
4.98019061
4.98059603
4.98100132
4.98140650
4.98150795
4.98160937
4.98180483
4.98200024
4.98219559
4.98239088
4.98237389
4.98256247
4.98275101
4.98293949
4.98312791
4.98346082
4.98391485
4.98436875
4.98482252
4.98525911
4.98569559
4.98613193
4.98661163
4.98732829
4.98803585
4.98874321
4.98954373
4.99034402
4.99114408
4.99194391
4.99274351
4.99354288
4.99431467
4.99475232
4.99518983
4.99569053
4.99619108
4.99649111
4.99695768
4.99753500
4.99811215
4.99868913
4.99925108
5.00013982
5.00102831
5.00201261
5.00299663
5.00398036
5.00485863
5.00573665
5.00671204
5.00776058
5.00880882
5.00992621
5.01095600
5.01185888
5.01280489
5.01375062
5.01479156
5.01583221
5.01677095
5.01790051
5.01902975
5.01983493
5.02063987
5.02150354
5.02229627
5.02311419
5.02393188
5.02474934
5.02513231
5.02544339
5.02575438
5.02611469
5.02638197
5.02664917
5.02694915
5.02724904
5.02754884
5.02801992
5.02849087
5.02900369
5.02951637
5.03009939
5.03068225
5.03089924
5.03147752
5.03205564
5.03263359
5.03299300
5.03335231
5.03347406
5.03359578
5.03371746
5.03383911
5.03396072
5.03415957
5.03446659
5.03477353
5.03508038
5.03538715
5.03569382
5.03635319
5.03659369
5.03683411
5.03689054
5.03667705
5.03646362
5.03625025
5.03573300
5.03521589
5.03469893
5.03432165
5.03394447
5.03381338
5.03384079
5.03386819
5.03374909
5.03363001
5.03350684
5.03338370
5.03326059
5.03317438
5.03308819
5.03300203
5.03291589
5.03285907
5.03280227
5.03294201
5.03308171
5.03308890
5.03309609
5.03337090
5.03364562
5.03392027
5.03419484
5.03447890
5.03472485
5.03503267
5.03520748
5.03512972
5.03538749
5.03555236
5.03552124
5.03549013
5.03529665
5.03510321
5.03490983
5.03471651
5.03452324
5.03433003
5.03413687
5.03394376
5.03365633
5.03336897
5.03333698
5.03330500
5.03327303
5.03333254
5.03300469
5.03267693
5.03276488
5.03285280
5.03294069
5.03271015
5.03247968
5.03232839
5.03246366
5.03239880
5.03221995
5.03204114
5.03166681
5.03129258
5.03091846
5.03059465
5.03027093
5.02995660
5.02977315
5.02958975
5.02940639
5.02952672
5.02964702
5.02938693
5.02912691
5.02890511
5.02868338
5.02846170
5.02824009
5.02801854
5.02779705
5.02757562
5.02725218
5.02692884
5.02687424
5.02681965
5.02683717
5.02678262
5.02672808
5.02672445
5.02678603
5.02684758
5.02690912
5.02697064
5.02718234
5.02742082
5.02765923
5.02789758
5.02801823
5.02813884
5.02825941
5.02832702
5.02807385
5.02776185
5.02744994
5.02704543
5.02664103
5.02613013
5.02564521
5.02516044
5.02467579
5.02419129
5.02370692
5.02352817
5.02353514
5.02332239
5.02303106
5.02273982
5.02244865
5.02215757
5.02204912
5.02194069
5.02178547
5.02163029
5.02132621
5.02116434
5.02083523
5.02040340
5.01997168
5.01949096
5.01929935
5.01911584
5.01893278
5.01874976
5.01897631
5.01902600
5.01907568
5.01912535
5.01931051
5.01949562
5.01968068
5.01975316
5.01982562
5.01993941
5.02024399
5.02054849
5.02085290
5.02116608
5.02147917
5.02179218
5.02210509
5.02241792
5.02273067
5.02304333
5.02348840
5.02410358
5.02453724
5.02497078
5.02540420
5.02570496
5.02600564
5.02598832
5.02558429
5.02518037
5.02477656
5.02455749
5.02438628
5.02421512
5.02404400
5.02405345
5.02406290
5.02407235
5.02408179
5.02409123
5.02428855
5.02448581
5.02468301
5.02439287
5.02410281
5.02403597
5.02422444
5.02441287
5.02442802
5.02446745
5.02450686
5.02454626
5.02434890
5.02416397
5.02397909
5.02379426
5.02360948
5.02342475
5.02360631
5.02360600
5.02390717
5.02402639
5.02396482
5.02394584
5.02392686
5.02390788
5.02388891
5.02386995
5.02412154
5.02437305
5.02462450
5.02487588
5.02512718
5.02537842
5.02542574
5.02547304
5.02552033
5.02556761
5.02561487
5.02573168
5.02584845
5.02593736
5.02602625
5.02623218
5.02615529
5.02611550
5.02571886
5.02539189
5.02527171
5.02544751
5.02543853
5.02542956
5.02542060
5.02541163
5.02528591
5.02504600
5.02480615
5.02468784
5.02456955
5.02427782
5.02385987
5.02344203
5.02304441
5.02262799
5.02221168
5.02179548
5.02137940
5.02096344
5.02054759
5.02049368
5.02084382
5.02119385
5.02109163
5.02061221
5.02013291
5.01965375
5.01917472
5.01869582
5.01821706
5.01807071
5.01792441
5.01777814
5.01763192
5.01748574
5.01767685
5.01773929
5.01780172
5.01745241
5.01736456
5.01727674
5.01723629
5.01719586
5.01715544
5.01666368
5.01617205
5.01568056
5.01518920
5.01469797
5.01420688
5.01407332
5.01393979
5.01365828
5.01313597
5.01290162
5.01266733
5.01270484
5.01274233
5.01299634
5.01328912
5.01358182
5.01387444
5.01416584
5.01445716
5.01474840
5.01479017
5.01483193
5.01487368
5.01491542
5.01495715
5.01471811
5.01434681
5.01397561
5.01360451
5.01344119
5.01326865
5.01309615
5.01292370
5.01282109
5.01302267
5.01279114
5.01255967
5.01232826
5.01209692
5.01168441
5.01127273
5.01086116
5.01064713
5.01043316
5.01021925
5.01000539
5.00961702
5.00951087
5.00937312
5.00923541
5.00909774
5.00896010
5.00876736
5.00857467
5.00838203
5.00785818
5.00744460
5.00726084
5.00707712
5.00689345
5.00670983
5.00680180
5.00697898
5.00694923
5.00652775
5.00610639
5.00568515
5.00526402
5.00484300
5.00438672
5.00413097
5.00387530
5.00379670
5.00363232
5.00367398
5.00355105
5.00342816
5.00330529
5.00307266
5.00284009
5.00260758
5.00210293
5.00191651
5.00193214
5.00194777
5.00196340
5.00203126
5.00240875
5.00278614
5.00292781
5.00306944
5.00321103
5.00335258
5.00349409
5.00363557
5.00387318
5.00429088
5.00470847
5.00493480
5.00499309
5.00504273
5.00510858
5.00517441
5.00524022
5.00530601
5.00528669
5.00526738
5.00524807
5.00522876
5.00545882
5.00568882
5.00631792
5.00703769
5.00739229
5.00774680
5.00791906
5.00809127
5.00817702
5.00815890
5.00823312
5.00805076
5.00765106
5.00734258
5.00703418
5.00672586
5.00663066
5.00656445
5.00624537
5.00592638
5.00584480
5.00576324
5.00581917
5.00567962
5.00547974
5.00527993
5.00508016
5.00505195
5.00497297
5.00492017
5.00503133
5.00514246
5.00525356
5.00536462
5.00547566
5.00515669
5.00483781
5.00465473
5.00480610
5.00478607
5.00440894
5.00403191
5.00365499
5.00319999
5.00326931
5.00333862
5.00305553
5.00299764
5.00293976
5.00288190
5.00282405
5.00276622
5.00270841
5.00265061
5.00230380
5.00195709
5.00188776
5.00175672
5.00162572
5.00139831
5.00117096
5.00094368
5.00071645
5.00048928
5.00026218
5.00003514
4.99980815
4.99958123
4.99935437
4.99875382
4.99846809
4.99796015
4.99762505
4.99762813
4.99763121
4.99779730
4.99795175
4.99810615
4.99825049
4.99837943
4.99828342
4.99818743
4.99830986
4.99807551
4.99784122
4.99760700
4.99737283
4.99688447
4.99639623
4.99630980
4.99622340
4.99613701
4.99591582
4.99593066
4.99601912
4.99589839
4.99569875
4.99574172
4.99556794
4.99539421
4.99522053
4.99511416
4.99500783
4.99494034
4.99487287
4.99480541
4.99471638
4.99424883
4.99375077
4.99333811
4.99292555
4.99251311
4.99210078
4.99157494
4.99135889
4.99114291
4.99092125
4.99058112
4.99024108
4.99019022
4.99013936
4.98996851
4.98971106
4.98945369
4.98925172
4.98923362
4.98923614
4.98923866
4.98935614
4.98947358
4.98959099
4.98986365
4.98997364
4.99001651
4.99038472
4.99050019
4.99061562
4.99067830
4.99075086
4.99082341
4.99089593
4.99096844
4.99106475
4.99100466
4.99094459
4.99061952
4.99029453
4.98996963
4.98949296
4.98901641
4.98854000
4.98806371
4.98758754
4.98711150
4.98663559
4.98621956
4.98580363
4.98538782
4.98505445
4.98505416
4.98517932
4.98510022
4.98487520
4.98435005
4.98382505
4.98330018
4.98310732
4.98332811
4.98354883
4.98376950
4.98375403
4.98373856
4.98372309
4.98370764
4.98369218
4.98367673
4.98366128
4.98364584
4.98363040
4.98361497
4.98332271
4.98282186
4.98246403
4.98231836
4.98217272
4.98202711
4.98188155
4.98179273
4.98170394
4.98161517
4.98152642
4.98114952
4.98077272
4.98039603
4.98029830
4.98017057
4.98004287
4.97961193
4.97918111
4.97875040
4.97866626
4.97852570
4.97838518
4.97824470
4.97810426
4.97778708
4.97746999
4.97715297
4.97683604
4.97651920
4.97620244
4.97588576
4.97556916
4.97525265
4.97536907
4.97576558
4.97580350
4.97584140
4.97587929
4.97575662
4.97574390
4.97573118
4.97571847
4.97570575
4.97567378
4.97531865
4.97532595
4.97533325
4.97534055
4.97492870
4.97451696
4.97410533
4.97379443
4.97348361
4.97317287
4.97286222
4.97264741
4.97220549
4.97218651
4.97224347
4.97230042
4.97235735
4.97241427
4.97226816
4.97201985
4.97200444
4.97198903
4.97201910
4.97204631
4.97187751
4.97170874
4.97154003
4.97137135
4.97120272
4.97103414
4.97101278
4.97075703
4.97081652
4.97072077
4.97062506
4.97052936
4.97043370
4.97033805
4.97024244
4.97014684
4.96991590
4.96979605
4.96959826
4.96947660
4.96951405
4.96966717
4.96982025
4.96997329
4.97003015
4.97005948
4.96994061
4.96982177
4.96970296
4.96958419
4.96946544
4.96914511
4.96895096
4.96875687
4.96856283
4.96836883
4.96817489
4.96842021
4.96855175
4.96890431
4.96925679
4.96960917
4.96996146
4.97016078
4.97037870
4.97059655
4.97081436
4.97103210
4.97122349
4.97141483
4.97160612
4.97167062
4.97184238
4.97201411
4.97211926
4.97222440
4.97232950
4.97243458
4.97253963
4.97264465
4.97266214
4.97267962
4.97269710
4.97271457
4.97273204
4.97266787
4.97236700
4.97228609
4.97220519
4.97212432
4.97204346
4.97204193
4.97204039
4.97203885
4.97189740
4.97177313
4.97164889
4.97152469
4.97158064
4.97163657
4.97169248
4.97174839
4.97182228
4.97199446
4.97206321
4.97187908
4.97186867
4.97181703
4.97202799
4.97223889
4.97244973
4.97242312
4.97243414
4.97244517
4.97245619
4.97219180
4.97192749
4.97166324
4.97158837
4.97126545
4.97094261
4.97072084
4.97071037
4.97069991
4.97068945
4.97063232
4.97057521
4.97059838
4.97031857
4.97021010
4.97010165
4.96999322
4.97007424
4.97017963
4.97028500
4.97036498
4.97044494
4.97052488
4.97038170
4.97023855
4.97009545
4.96995237
4.96980934
4.96966634
4.96952338
4.96954333
4.96956326
4.96958320
4.96960312
4.96969083
4.96969552
4.96969762
4.96969972
4.96977675
4.96985375
4.97013406
4.97041429
4.97055927
4.97075047
4.97075505
4.97081030
4.97077683
4.97076534
4.97071596
4.97066660
4.97062799
4.97064860
4.97068873
4.97064419
4.97059967
4.97055432
4.97050898
4.97046364
4.97036717
4.97027073
4.96991196
4.96955328
4.96932204
4.96909086
4.96913010
4.96915701
4.96884614
4.96853536
4.96822466
4.96791404
4.96770864
4.96750330
4.96729802
4.96709278
4.96688760
4.96668247
4.96647739
4.96603307
4.96576248
4.96549438
4.96522636
4.96495841
4.96469052
4.96455557
4.96442065
4.96423733
4.96405406
4.96388593
4.96371783
4.96354978
4.96338178
4.96322610
4.96290952
4.96276232
4.96261516
4.96259514
4.96229945
4.96199942
4.96169946
4.96139958
4.96109978
4.96091280
4.96072588
4.96053900
4.96035216
4.96037961
4.96025680
4.96003944
4.95976889
4.95949840
4.95967445
4.95977567
4.95998670
4.96020368
4.96042061
4.96049385
4.96062997
4.96095598
4.96128190
4.96160774
4.96179848
4.96198917
4.96245805
4.96292681
4.96323448
4.96346139
4.96333216
4.96320295
4.96336909
4.96353519
4.96370124
4.96386726
4.96403323
4.96417951
4.96432575
4.96435216
4.96403390
4.96389772
4.96363785
4.96337805
4.96294990
4.96252187
4.96209394
4.96166612
4.96163606
4.96160602
4.96157598
4.96154595
4.96151593
4.96148591
4.96146285
4.96127821
4.96109363
4.96090909
4.96072459
4.96054014
4.96013829
4.95973654
4.95933490
4.95893335
4.95853191
4.95831764
4.95801701
4.95771646
4.95741599
4.95711559
4.95725286
4.95741821
4.95769626
4.95797424
4.95808437
4.95785802
4.95763172
4.95749892
4.95736615
4.95748815
4.95761011
4.95773204
4.95781557
4.95811174
4.95840784
4.95845221
4.95829976
4.95826790
4.95823605
4.95820421
4.95817237
4.95814055
4.95810873
4.95823986
4.95837095
4.95823720
4.95810348
4.95796979
4.95783614
4.95770252
4.95756893
4.95743538
4.95730186
4.95716838
4.95703493
4.95686527
4.95649798
4.95610302
4.95583426
4.95546135
4.95508854
4.95503206
4.95497559
4.95460586
4.95423623
4.95386669
4.95349724
4.95312789
4.95317453
4.95302307
4.95287166
4.95272027
4.95244568
4.95228581
4.95208685
4.95188794
4.95168908
4.95149027
4.95145261
4.95141496
4.95137732
4.95107190
4.95098103
4.95085001
4.95102984
4.95114464
4.95125942
4.95137417
4.95148889
4.95141292
4.95141680
4.95142067
4.95142455
4.95142842
4.95140151
4.95142994
4.95145837
4.95169554
4.95178633
4.95187711
4.95187587
4.95189292
4.95190997
4.95185374
4.95149656
4.95113947
4.95078247
4.95042556
4.95006874
4.94971200
4.94935536
4.94899881
4.94860922
4.94831794
4.94840507
4.94849217
4.94857925
4.94866631
4.94859574
4.94852518
4.94852968
4.94853099
4.94870095
4.94910554
4.94955060
4.94999554
4.95044037
4.95093220
4.95142391
4.95193143
4.95232037
4.95234635
4.95231475
4.95228315
4.95212423
4.95196535
4.95180651
4.95164771
4.95145326
4.95125885
4.95094065
4.95078226
4.95092490
4.95106752
4.95080094
4.95053444
4.95018352
4.94983270
4.94948196
4.94953508
4.94958818
4.94964127
4.94965781
4.94966993
4.94987100
4.94991880
4.94996658
4.95001435
4.95020392
4.95055838
4.95091276
4.95126705
4.95156415
4.95172826
4.95189233
4.95215694
4.95260294
4.95304883
4.95349460
4.95394027
4.95422110
4.95450187
4.95478256
4.95506319
4.95536729
4.95554773
4.95572812
4.95590847
4.95608878
4.95618392
4.95627905
4.95637415
4.95646922
4.95684403
4.95721875
4.95759337
4.95788636
4.95860692
4.95932730
4.96004020
4.96075293
4.96146547
4.96211282
4.96260027
4.96308761
4.96357482
4.96406191
4.96436681
4.96467164
4.96495652
4.96542843
4.96590023
4.96648596
4.96710885
4.96773159
4.96812086
4.96851005
4.96883407
4.96895460
4.96907510
4.96909475
4.96911439
4.96925652
4.96939863
4.96954069
4.96955158
4.96956246
4.96951509
4.96971720
4.96991926
4.97012128
4.97032324
4.97048949
4.97066841
4.97115536
4.97156307
4.97197068
4.97237819
4.97278560
4.97319291
4.97360012
4.97358723
4.97368636
4.97378545
4.97370423
4.97354870
4.97350380
4.97345892
4.97364691
4.97352920
4.97341153
4.97329389
4.97329530
4.97352324
4.97371261
4.97383738
4.97412693
4.97419371
4.97426046
4.97417073
4.97408101
4.97382925
4.97357754
4.97332590
4.97311202
4.97289818
4.97284961
4.97253286
4.97243589
4.97233716
4.97223846
4.97213979
4.97204113
4.97194251
4.97186554
4.97178860
4.97171167
4.97163641
4.97156117
4.97148595
4.97121396
4.97094205
4.97067020
4.97039842
4.97012670
4.97016674
4.96999157
4.96993874
4.96988592
4.96983311
4.96978031
4.96972752
4.96967475
4.96962199
4.96966261
4.96965130
4.96997904
4.97030671
4.97057383
4.97084089
4.97110788
4.97120742
4.97130694
4.97140643
4.97150589
4.97138353
4.97126119
4.97113889
4.97101661
4.97065450
4.97031519
4.96997597
4.96963682
4.96927379
4.96907843
4.96888311
4.96868785
4.96882170
4.96894304
4.96906434
4.96918562
4.96950571
4.96982572
4.97014565
4.97066765
4.97118952
4.97158838
4.97198715
4.97238581
4.97276352
4.97314114
4.97336258
4.97394068
4.97451864
4.97512707
4.97573534
4.97632890
4.97678649
4.97724397
4.97738070
4.97751739
4.97741877
4.97732018
4.97722161
4.97712307
4.97702454
4.97692605
4.97682757
4.97672913
4.97663818
4.97654725
4.97663350
4.97666229
4.97683009
4.97669910
4.97675395
4.97709851
4.97720596
4.97724130
4.97727663
4.97731196
4.97749544
4.97767888
4.97786337
4.97781860
4.97755586
4.97729319
4.97714515
4.97699714
4.97684917
4.97670123
4.97696863
4.97706629
4.97708317
4.97705156
4.97701995
4.97698835
4.97695676
4.97733746
4.97805446
4.97868773
4.97905639
4.97948242
4.98007142
4.98055905
4.98085630
4.98115349
4.98122712
4.98130074
4.98120551
4.98111031
4.98107784
4.98104538
4.98101293
4.98098049
4.98122430
4.98146805
4.98133812
4.98120821
4.98117201
4.98113581
4.98109962
4.98097205
4.98057707
4.98016613
4.97975530
4.97949269
4.97923014
4.97896765
4.97905233
4.97871170
4.97825997
4.97805133
4.97784274
4.97763421
4.97742572
4.97721728
4.97700889
4.97680056
4.97659227
4.97638404
4.97617585
4.97596771
4.97575963
4.97555159
4.97534361
4.97513567
4.97492779
4.97471995
4.97451216
4.97436336
4.97421460
4.97406587
4.97404095
4.97401604
4.97375854
4.97350111
4.97356664
4.97368032
4.97346100
4.97324173
4.97302252
4.97280336
4.97260679
4.97245702
4.97230729
4.97215759
4.97200793
4.97185830
4.97170871
4.97181896
4.97180649
4.97176719
4.97167261
4.97180131
4.97199194
4.97218252
4.97257113
4.97303366
4.97373353
4.97443324
4.97515564
4.97569422
4.97600089
4.97630749
4.97647144
4.97647485
4.97626573
4.97605665
4.97592506
4.97579351
4.97566198
4.97553049
4.97539666
4.97518258
4.97474679
4.97439176
4.97403681
4.97368194
4.97332717
4.97297247
4.97269175
4.97241110
4.97232991
4.97224874
4.97217324
4.97194176
4.97171034
4.97147897
4.97124766
4.97101641
4.97078521
4.97055406
4.97032297
4.97009194
4.96994393
4.97009565
4.97024734
4.97049410
4.97074080
4.97087388
4.97097081
4.97106772
4.97116460
4.97135042
4.97135589
4.97152383
4.97164698
4.97177010
4.97179062
4.97173715
4.97168369
4.97163024
4.97157680
4.97152337
4.97167708
4.97190088
4.97212462
4.97252763
4.97296533
4.97340294
4.97373934
4.97430654
4.97487360
4.97544053
4.97600733
4.97641146
4.97680350
4.97688852
4.97716525
4.97753822
4.97791110
4.97795703
4.97800295
4.97804886
4.97827279
4.97849667
4.97864818
4.97879965
4.97895108
4.97910248
4.97934856
4.97959458
4.97988705
4.98008978
4.98040253
4.98071521
4.98102782
4.98134035
4.98148037
4.98168237
4.98203172
4.98238098
4.98259917
4.98281731
4.98303539
4.98291740
4.98270875
4.98250015
4.98259891
4.98263570
4.98267247
4.98258153
4.98249060
4.98242682
4.98248077
4.98253471
4.98258863
4.98264254
4.98269644
4.98275033
4.98280420
4.98285806
4.98294355
4.98302902
4.98311447
4.98292776
4.98298535
4.98275394
4.98274981
4.98278789
4.98282595
4.98286400
4.98290205
4.98303454
4.98316700
4.98324844
4.98336637
4.98348427
4.98331246
4.98326846
4.98322448
4.98346361
4.98366703
4.98387040
4.98389366
4.98391691
4.98384753
4.98390475
4.98402081
4.98413685
4.98425286
4.98436885
4.98431443
4.98426002
4.98420562
4.98397755
4.98370944
4.98354410
4.98337879
4.98321353
4.98304831
4.98288312
4.98271798
4.98255287
4.98238780
4.98222277
4.98187789
4.98153310
4.98118838
4.98083914
4.98048999
4.98051484
4.98053969
4.98056454
4.98025695
4.97994944
4.97964200
4.97933463
4.97888454
4.97843457
4.97833880
4.97824305
4.97823210
4.97822114
4.97821019
4.97819924
4.97818829
4.97817735
4.97812431
4.97793962
4.97775216
4.97756474
4.97737736
4.97749979
4.97762219
4.97779526
4.97817823
4.97856111
4.97929078
4.97997762
4.98055216
4.98112657
4.98188076
4.98265858
4.98323720
4.98381568
4.98439403
4.98469214
4.98499017
4.98521105
4.98521312
4.98521520
4.98544779
4.98568033
4.98618155
4.98662744
4.98695075
4.98737621
4.98780158
4.98822684
4.98830451
4.98852989
4.98875521
4.98876827
4.98875562
4.98887738
4.98919976
4.98952206
4.98975487
4.98995157
4.99014821
4.99011963
4.99024169
4.99016214
4.99008261
4.98997181
4.98986103
4.98975029
4.98963956
4.98952886
4.98956807
4.98970695
4.98984579
4.99036717
4.99098501
4.99160271
4.99219657
4.99260362
4.99279849
4.99305197
4.99330538
4.99355874
4.99381204
4.99399475
4.99417743
4.99436006
4.99454266
4.99466865
4.99479462
4.99492055
4.99504646
4.99517233
4.99529818
4.99507114
4.99484415
4.99461721
4.99435107
4.99408500
4.99396294
4.99384092
4.99371892
4.99359695
4.99371770
4.99383842
4.99395911
4.99407977
4.99420041
4.99453719
4.99469436
4.99477904
4.99486370
4.99459696
4.99433028
4.99406366
4.99394855
4.99383347
4.99371842
4.99371179
4.99370515
4.99353203
4.99348435
4.99343668
4.99338902
4.99331848
4.99306479
4.99281116
4.99255759
4.99221452
4.99201010
4.99180573
4.99144409
4.99136106
4.99144823
4.99153538
4.99180259
4.99206973
4.99212651
4.99198260
4.99190993
4.99183728
4.99176464
4.99151116
4.99125774
4.99100438
4.99074912
4.99049391
4.99021432
4.99002773
4.99002254
4.98975024
4.98947799
4.98920581
4.98893369
4.98866164
4.98838964
4.98811771
4.98784584
4.98757404
4.98736069
4.98714739
4.98693414
4.98672094
4.98650779
4.98626042
4.98597487
4.98568939
4.98540525
4.98543230
4.98557156
4.98571079
4.98605806
4.98645366
4.98684918
4.98693598
4.98702275
4.98710951
4.98719624
4.98720258
4.98739874
4.98759485
4.98772584
4.98787596
4.98808206
4.98829605
4.98844583
4.98859559
4.98874531
4.98909188
4.98946093
4.98980722
4.99015343
4.99049955
4.99084560
4.99119157
4.99184675
4.99235832
4.99308173
4.99373503
4.99438818
4.99464999
4.99475171
4.99485340
4.99495508
4.99505673
4.99521007
4.99518223
4.99515439
4.99509519
4.99500692
4.99470097
4.99439509
4.99437034
4.99434560
4.99425176
4.99415795
4.99396445
4.99364394
4.99332350
4.99320736
4.99309125
4.99310858
4.99312590
4.99314321
4.99316052
4.99301697
4.99287345
4.99272997
4.99286331
4.99299663
4.99312991
4.99297154
4.99265252
4.99238332
4.99211419
4.99186673
4.99171591
4.99156513
4.99149505
4.99142499
4.99114487
4.99086584
4.99058687
4.99043966
4.99029249
4.99014535
4.98999825
4.98991952
4.98984081
4.98979861
4.98975643
4.98949113
4.98922589
4.98923598
4.98922727
4.98919856
4.98916986
4.98914116
4.98911247
4.98905358
4.98914585
4.98923809
4.98933032
4.98942253
4.98951471
4.98960688
4.98977697
4.99029181
4.99046501
4.99049364
4.99052226
4.99067127
4.99082025
4.99102405
4.99104511
4.99104420
4.99073159
4.99041905
4.99010659
4.98979419
4.98969330
4.98959242
4.98949157
4.98958935
4.98937949
4.98934339
4.98930729
4.98921913
4.98911957
4.98890466
4.98868979
4.98847496
4.98826019
4.98804547
4.98783080
4.98779525
4.98775972
4.98772420
4.98768868
4.98762143
4.98739268
4.98716397
4.98678247
4.98640105
4.98601972
4.98563848
4.98525733
4.98504107
4.98504972
4.98515282
4.98525590
4.98535895
4.98560861
4.98585821
4.98621761
4.98657693
4.98716827
4.98755677
4.98770538
4.98764769
4.98759001
4.98753234
4.98747469
4.98743539
4.98744639
4.98745738
4.98746837
4.98747936
4.98749035
4.98750133
4.98749718
4.98749302
4.98741712
4.98734123
4.98726536
4.98709480
4.98692429
4.98675381
4.98658336
4.98657816
4.98649135
4.98643237
4.98637341
4.98631446
4.98616791
4.98602139
4.98587491
4.98572846
4.98575596
4.98579688
4.98569823
4.98559961
4.98549988
4.98558783
4.98561863
4.98548852
4.98535845
4.98525440
4.98515038
4.98512212
4.98509387
4.98501438
4.98493492
4.98485547
4.98467124
4.98448705
4.98447659
4.98453153
4.98481362
4.98491990
4.98531981
4.98568857
4.98593038
4.98617213
4.98639112
4.98661006
4.98692643
4.98724273
4.98743043
4.98741228
4.98757989
4.98776663
4.98795332
4.98813997
4.98834353
4.98854703
4.98875049
4.98895390
4.98917399
4.98915054
4.98925522
4.98932557
4.98939589
4.98946620
4.98949432
4.98952242
4.98952570
4.98952898
4.98954299
4.98955700
4.98957100
4.98958500
4.98987646
4.99016785
4.99059187
4.99103642
4.99130374
4.99148457
4.99178699
4.99211161
4.99243616
4.99254101
4.99289167
4.99291644
4.99294315
4.99296986
4.99291125
4.99285266
4.99279407
4.99273551
4.99230590
4.99187639
4.99144698
4.99120758
4.99096823
4.99072894
4.99048970
4.99025051
4.99001138
4.98977230
4.98953328
4.98929430
4.98905539
4.98881652
4.98857771
4.98834945
4.98812124
4.98781743
4.98766680
4.98768090
4.98726507
4.98684933
4.98643369
4.98601814
4.98560268
4.98561799
4.98565496
4.98569192
4.98572887
4.98576582
4.98574451
4.98572321
4.98570191
4.98557462
4.98532024
4.98506591
4.98481385
4.98456184
4.98430990
4.98405800
4.98380617
4.98358235
4.98341199
4.98324167
4.98307138
4.98290114
4.98273093
4.98256076
4.98239063
4.98222053
4.98205047
4.98188045
4.98158085
4.98141188
4.98124295
4.98107405
4.98066459
4.98062008
4.98042959
4.98023913
4.98004872
4.97970780
4.97936696
4.97902619
4.97868550
4.97834489
4.97800435
4.97766388
4.97732349
4.97698318
4.97664294
4.97630278
4.97596270
4.97562269
4.97528275
4.97494289
4.97460311
4.97426340
4.97408113
4.97369926
4.97329276
4.97318726
4.97329634
4.97340541
4.97351477
4.97369240
4.97370772
4.97382739
4.97394704
4.97414823
4.97434938
4.97444698
4.97442151
4.97432818
4.97431318
4.97429818
4.97428318
4.97426818
4.97399747
4.97394684
4.97430114
4.97465535
4.97505761
4.97548513
4.97591257
4.97649649
4.97708028
4.97751498
4.97793793
4.97836079
4.97877329
4.97882790
4.97888251
4.97891928
4.97893570
4.97901829
4.97910086
4.97918342
4.97926596
4.97947028
4.97967456
4.97987879
4.98026968
4.98066048
4.98107800
4.98148775
4.98173707
4.98232573
4.98258363
4.98291564
4.98319984
4.98348397
4.98376804
4.98405204
4.98433598
4.98429699
4.98421247
4.98400697
4.98380152
4.98393176
4.98406198
4.98427966
4.98449728
4.98471485
4.98493238
4.98483068
4.98484789
4.98495284
4.98518581
4.98520495
4.98522408
4.98540464
4.98558517
4.98575077
4.98591634
4.98598043
4.98616311
4.98657966
4.98699611
4.98741248
4.98782876
4.98800386
4.98788924
4.98759736
4.98722024
4.98684319
4.98646623
4.98608936
4.98571256
4.98533585
4.98510587
4.98487593
4.98464605
4.98474205
4.98465170
4.98448787
4.98432407
4.98416031
4.98399658
4.98383290
4.98366924
4.98350563
4.98355372
4.98359066
4.98355103
4.98342676
4.98324845
4.98307018
4.98303326
4.98288072
4.98288286
4.98309095
4.98329898
4.98352084
4.98383845
4.98428619
4.98473383
4.98497913
4.98503284
4.98508654
4.98500097
4.98495907
4.98499386
4.98502864
4.98480299
4.98470859
4.98461421
4.98451984
4.98442550
4.98433118
4.98423688
4.98439919
4.98456146
4.98472369
4.98488589
4.98475311
4.98462036
4.98448764
4.98435495
4.98422228
4.98398002
4.98389181
4.98380363
4.98371546
4.98362731
4.98353919
4.98341088
4.98328260
4.98315435
4.98320797
4.98326157
4.98317789
4.98309424
4.98268926
4.98236639
4.98204359
4.98172086
4.98139820
4.98107561
4.98075309
4.98043065
4.98010827
4.97978596
4.97946373
4.97932141
4.97922920
4.97928941
4.97921002
4.97913064
4.97905129
4.97907697
4.97928532
4.97950418
4.97962222
4.97974023
4.97985822
4.98002387
4.98018949
4.98035507
4.98052062
4.98068613
4.98064183
4.98069457
4.98088271
4.98107081
4.98125887
4.98144689
4.98163487
4.98182280
4.98201070
4.98195660
4.98204677
4.98214027
4.98216537
4.98217007
4.98217476
4.98203466
4.98178674
4.98160250
4.98141830
4.98123415
4.98113104
4.98079503
4.98045910
4.98012324
4.97978745
4.97945173
4.97911609
4.97878052
4.97844503
4.97810961
4.97777426
4.97743898
4.97710378
4.97693629
4.97676885
4.97654621
4.97632361
4.97610106
4.97566577
4.97538656
4.97546218
4.97553778
4.97561336
4.97568893
4.97576448
4.97584001
4.97591553
4.97588037
4.97560762
4.97555547
4.97522222
4.97496971
4.97471725
4.97446484
4.97449561
4.97452637
4.97455712
4.97458787
4.97475364
4.97491938
4.97508508
4.97517326
4.97526143
4.97512392
4.97490915
4.97469442
4.97484176
4.97498907
4.97513634
4.97528359
4.97543080
4.97534328
4.97497827
4.97461333
4.97450189
4.97409665
4.97387295
4.97350515
4.97311017
4.97290308
4.97249262
4.97231690
4.97214121
4.97196557
4.97178996
4.97150331
4.97121673
4.97098090
4.97099124
4.97100158
4.97099184
4.97098209
4.97092154
4.97086100
4.97098067
4.97110032
4.97133199
4.97150928
4.97168654
4.97206570
4.97241524
4.97276470
4.97315137
4.97374031
4.97433245
4.97469182
4.97505111
4.97561308
4.97624757
4.97688192
4.97751614
4.97821767
4.97864792
4.97907808
4.97951364
4.97975636
4.97992650
4.97981316
4.97972954
4.97962650
4.97952349
4.97942049
4.97931038
4.97920030
4.97934912
4.97949792
4.97964668
4.97974760
4.97981886
4.97975471
4.97996691
4.98021105
4.98045514
4.98069918
4.98094317
4.98118711
4.98149130
4.98180190
4.98216268
4.98252338
4.98290528
4.98328710
4.98340597
4.98322861
4.98305128
4.98261733
4.98248601
4.98235472
4.98226986
4.98218501
4.98210019
4.98190971
4.98171927
4.98152887
4.98162995
4.98185117
4.98207235
4.98228259
4.98233738
4.98239216
4.98244692
4.98264948
4.98291505
4.98314970
4.98353035
4.98391093
4.98420647
4.98446993
4.98446772
4.98446551
4.98446330
4.98446109
4.98447128
4.98457293
4.98467455
4.98451084
4.98434151
4.98411918
4.98389691
4.98366433
4.98343181
4.98339405
4.98326307
4.98339269
4.98328432
4.98330893
4.98333354
4.98335814
4.98338274
4.98347126
4.98355977
4.98341370
4.98318608
4.98295851
4.98273099
4.98262991
4.98252885
4.98219241
4.98185605
4.98151976
4.98118354
4.98121911
4.98125468
4.98108651
4.98119504
4.98130355
4.98141203
4.98165802
4.98192253
4.98191214
4.98194053
4.98198054
4.98219238
4.98240419
4.98261892
4.98291347
4.98316192
4.98341031
4.98365866
4.98370711
4.98368143
4.98365576
4.98363009
4.98360443
4.98372038
4.98369726
4.98367415
4.98375658
4.98395935
4.98399971
4.98417745
4.98426284
4.98443997
4.98461707
4.98479413
4.98477047
4.98456766
4.98436490
4.98416217
4.98395949
4.98375686
4.98355426
4.98338356
4.98304426
4.98293731
4.98308663
4.98323593
4.98338519
4.98369030
4.98407199
4.98445361
4.98478903
4.98512438
4.98544695
4.98576945
4.98609188
4.98657868
4.98706538
4.98755198
4.98793922
4.98821644
4.98849361
4.98875481
4.98878595
4.98881709
4.98860305
4.98838906
4.98817511
4.98786607
4.98755710
4.98724914
4.98703060
4.98663744
4.98630135
4.98604782
4.98586915
4.98569051
4.98561033
4.98553016
4.98545001
4.98536987
4.98528976
4.98520965
4.98485432
4.98449905
4.98431865
4.98413828
4.98395795
4.98370411
4.98348190
4.98317084
4.98285985
4.98254892
4.98223806
4.98205986
4.98188169
4.98145295
4.98130425
4.98123325
4.98116225
4.98092195
4.98068170
4.98060361
4.98054512
4.98048665
4.98066443
4.98079953
4.98096239
4.98103894
4.98111547
4.98122736
4.98133924
4.98145108
4.98156291
4.98167471
4.98178648
4.98189824
4.98200997
4.98220134
4.98239267
4.98245232
4.98251196
4.98265104
4.98279011
4.98312714
4.98340838
4.98368956
4.98421299
4.98473631
4.98513296
4.98549094
4.98569916
4.98588270
4.98579270
4.98576086
4.98574835
4.98573584
4.98572333
4.98587072
4.98632765
4.98669202
4.98705631
4.98742053
4.98778466
4.98817808
4.98862402
4.98903520
4.98929902
4.98956278
4.98982650
4.98997486
4.99012320
4.99027151
4.99041978
4.99066579
4.99091174
4.99100436
4.99109696
4.99143302
4.99176901
4.99182494
4.99188085
4.99181286
4.99174489
4.99167692
4.99144597
4.99124747
4.99104902
4.99102687
4.99102899
4.99125640
4.99130000
4.99116247
4.99102497
4.99088750
4.99057133
4.99025524
4.98993921
4.98962325
4.98930735
4.98903593
4.98876456
4.98849326
4.98822201
4.98795081
4.98786671
4.98787480
4.98781884
4.98776289
4.98770695
4.98744559
4.98729396
4.98742334
4.98750021
4.98757707
4.98765365
4.98759888
4.98754412
4.98748937
4.98743463
4.98737991
4.98741509
4.98745027
4.98748545
4.98752061
4.98755577
4.98746999
4.98722363
4.98697732
4.98673107
4.98648486
4.98623871
4.98599261
4.98574656
4.98566281
4.98557909
4.98549538
4.98541169
4.98565141
4.98589108
4.98613069
4.98631575
4.98650076
4.98671528
4.98686320
4.98701109
4.98710481
4.98721445
4.98738736
4.98756023
4.98773461
4.98790894
4.98808325
4.98825751
4.98843174
4.98863602
4.98884026
4.98893111
4.98882684
4.98872258
4.98861835
4.98882676
4.98903512
4.98924344
4.98945171
4.98955462
4.98947194
4.98938927
4.98930662
4.98937028
4.98938113
4.98958945
4.98976949
4.98994949
4.99012945
4.99001578
4.98990213
4.98993863
4.98997513
4.99009644
4.99021773
4.99058800
4.99090742
4.99084912
4.99079084
4.99074424
4.99081639
4.99088852
4.99096064
4.99100376
4.99104688
4.99108999
4.99113309
4.99117617
4.99121926
4.99126233
4.99130539
4.99134845
4.99117946
4.99101050
4.99084158
4.99067270
4.99049210
4.99031154
4.99013102
4.98995053
4.98977009
4.98958968
4.98940931
4.98922897
4.98904867
4.98868677
4.98832494
4.98808947
4.98785405
4.98761867
4.98738335
4.98714807
4.98691284
4.98667766
4.98644253
4.98620745
4.98602050
4.98583359
4.98550084
4.98516817
4.98483556
4.98450303
4.98417056
4.98383816
4.98359211
4.98353169
4.98347129
4.98340417
4.98333708
4.98326999
4.98320292
4.98315174
4.98310056
4.98304940
4.98299824
4.98294116
4.98288410
4.98282705
4.98272315
4.98253350
4.98234388
4.98215519
4.98196653
4.98171225
4.98145803
4.98120385
4.98094973
4.98062998
4.98031029
4.97999067
4.97967111
4.97935162
4.97903220
4.97871284
4.97866695
4.97881198
4.97905525
4.97929847
4.97933167
4.97937125
4.97954286
4.97970318
4.97986346
4.97997866
4.98009383
4.98020898
4.98029311
4.98037722
4.98046131
4.98054538
4.98066746
4.98078951
4.98091154
4.98103355
4.98108826
4.98149123
4.98187189
4.98225248
4.98263298
4.98301340
4.98344907
4.98382951
4.98415205
4.98450050
4.98484888
4.98512263
4.98527959
4.98543651
4.98559629
4.98575603
4.98590276
4.98598357
4.98605013
4.98611667
4.98614579
4.98586068
4.98557564
4.98529065
4.98500572
4.98472085
4.98449838
4.98463278
4.98498230
4.98533175
4.98565045
4.98596908
4.98630488
4.98664844
4.98699194
4.98716259
4.98736087
4.98735454
4.98734100
4.98732746
4.98731393
4.98753224
4.98762046
4.98770867
4.98760763
4.98735307
4.98700759
4.98674482
4.98648212
4.98639066
4.98629921
4.98632596
4.98605071
4.98562173
4.98538373
4.98539423
4.98546612
4.98584253
4.98622373
4.98684839
4.98736968
4.98780893
4.98798134
4.98815371
4.98814140
4.98817505
4.98820869
4.98824233
4.98827595
4.98830957
4.98832127
4.98827314
4.98818078
4.98808845
4.98799613
4.98790384
4.98760088
4.98729799
4.98701685
4.98673576
4.98645473
4.98636702
4.98627933
4.98636478
4.98636330
4.98636182
4.98636035
4.98614858
4.98606984
4.98599112
4.98591242
4.98583374
4.98581683
4.98579992
4.98564495
4.98549002
4.98531907
4.98526950
4.98518517
4.98489483
4.98478276
4.98467071
4.98476189
4.98474210
4.98472231
4.98470252
4.98460243
4.98446920
4.98433601
4.98420283
4.98406969
4.98404996
4.98385980
4.98366968
4.98347959
4.98340592
4.98333226
4.98325862
4.98318499
4.98286770
4.98255049
4.98233100
4.98222816
4.98204684
4.98186557
4.98170247
4.98153940
4.98162474
4.98168135
4.98173795
4.98163461
4.98156026
4.98148594
4.98141162
4.98133733
4.98126304
4.98102051
4.98077803
4.98053559
4.98051861
4.98036088
4.98020317
4.98004550
4.97988786
4.97966305
4.97961200
4.97940342
4.97919489
4.97898640
4.97887707
4.97876778
4.97872001
4.97868603
4.97863736
4.97882301
4.97892211
4.97902120
4.97916109
4.97914493
4.97912877
4.97900563
4.97871593
4.97863157
4.97854722
4.97846288
4.97837857
4.97820710
4.97803567
4.97786427
4.97785759
4.97751546
4.97742525
4.97746081
4.97749635
4.97745731
4.97741255
4.97736780
4.97734929
4.97708130
4.97681335
4.97654546
4.97627762
4.97588316
4.97561785
4.97532957
4.97504135
4.97500801
4.97471720
4.97442644
4.97420173
4.97397706
4.97375244
4.97358745
4.97349084
4.97339425
4.97329767
4.97320112
4.97296915
4.97298130
4.97299344
4.97300559
4.97305099
4.97323718
4.97342334
4.97373317
4.97404294
4.97432534
4.97460770
4.97488999
4.97542536
4.97596062
4.97649578
4.97712750
4.97775910
4.97839057
4.97905669
4.97972267
4.98038853
4.98105425
4.98171983
4.98214286
4.98256580
4.98305992
4.98338576
4.98351036
4.98363493
4.98375947
4.98389449
4.98402947
4.98416443
4.98438549
4.98460652
4.98482750
4.98504843
4.98501628
4.98498413
4.98459424
4.98420443
4.98399278
4.98393552
4.98400092
4.98406630
4.98413167
4.98424262
4.98417809
4.98410112
4.98420954
4.98415754
4.98418128
4.98400200
4.98393077
4.98385955
4.98350954
4.98329766
4.98308583
4.98287404
4.98270017
4.98252633
4.98235253
4.98217876
4.98200503
4.98183133
