0.00000000
0.26214117
0.34952156
0.39321175
0.41942587
0.43690195
0.44938486
0.45874704
0.48155375
0.60059525
0.71300648
0.80668250
0.88594683
0.95388768
1.10827156
1.17949446
1.24233819
1.29626346
1.31348220
1.36289076
1.39522030
1.46601866
1.53066064
1.58991579
1.64136215
1.68885110
1.76258033
1.84673129
1.92237805
1.99298170
2.02529871
2.05559591
2.05600056
2.05220570
2.06600631
2.07904021
2.07317802
2.04587190
2.01996610
1.99101379
1.96347379
1.94958680
1.93634572
1.92370651
1.91162904
1.90007667
1.88901590
1.87841599
1.86824873
1.85154989
1.83892314
1.82714660
1.81581446
1.80658792
1.80897632
1.80695914
1.80501274
1.81243679
1.81960918
1.82651649
1.83319733
1.83966267
1.83597604
1.83809458
1.84014794
1.84818527
1.85598267
1.86168557
1.86722316
1.87260255
1.87783039
1.87144144
1.86527310
1.85472872
1.84446553
1.83447243
1.82473888
1.81733988
1.81012819
1.79708247
1.79285077
1.78872229
1.77900409
1.77355983
1.76824366
1.76089698
1.75371920
1.74670454
1.73984751
1.73032576
1.72101327
1.71245256
1.70634047
1.71005616
1.71369362
1.71725530
1.71867706
1.72148374
1.73042467
1.73581966
1.74110782
1.74513633
1.74286340
1.74315260
1.74818237
1.75311725
1.76000407
1.76676335
1.77120877
1.76493191
1.75707997
1.74936825
1.73919471
1.72919966
1.72293506
1.71677848
1.71072713
1.70477836
1.69809008
1.69246102
1.68692501
1.68147975
1.67276262
1.66584826
1.65904452
1.65173134
1.64453333
1.63744779
1.63047210
1.62648778
1.62410924
1.61956087
1.61782182
1.61468852
1.61738957
1.62005090
1.62267338
1.63189417
1.64067192
1.64991632
1.65902960
1.66084495
1.66455973
1.66822291
1.66854743
1.67235999
1.67803206
1.68456052
1.69031323
1.69162369
1.68895884
1.68213182
1.67960709
1.67711516
1.67648029
1.67585356
1.67374976
1.67004179
1.66735699
1.66133713
1.65539206
1.64952039
1.64372076
1.63799186
1.63233240
1.62674112
1.61947370
1.61229280
1.61047392
1.61017274
1.60987509
1.61624040
1.61946661
1.62265574
1.62372679
1.62705748
1.62803352
1.62896925
1.62989453
1.63080953
1.63171442
1.63260936
1.62918526
1.62579838
1.62244811
1.61674201
1.61109694
1.60551193
1.60248708
1.59949407
1.59653241
1.59367633
1.59084986
1.58385282
1.57692756
1.57007296
1.56328795
1.55657147
1.54992250
1.54334001
1.53682303
1.53037057
1.52398168
1.51765542
1.51139089
1.50518717
1.49904340
1.49295870
1.48693223
1.48096315
1.47977787
1.47860377
1.47679408
1.47500130
1.47322520
1.47146555
1.47136571
1.47280882
1.47423875
1.47565568
1.47705979
1.47446071
1.47238638
1.47033057
1.46829303
1.46627352
1.46427181
1.46228766
1.46032083
1.45837111
1.45528720
1.45222988
1.44919880
1.44623837
1.44441768
1.44447226
1.44413434
1.44379927
1.44287677
1.44091495
1.43896940
1.43945509
1.44020125
1.44094129
1.44565273
1.45078773
1.45539077
1.45706450
1.45872479
1.46037179
1.46200567
1.46328826
1.46342148
1.46355366
1.46420260
1.46276572
1.46317548
1.46358206
1.46392755
1.46071356
1.45752419
1.45435917
1.45121822
1.44810106
1.44920113
1.45299550
1.45735030
1.46209618
1.46183837
1.45770155
1.45446343
1.45124911
1.44805834
1.44489085
1.44174641
1.43862475
1.43552563
1.43244881
1.42939404
1.42680475
1.42423389
1.42168126
1.41989866
1.41844020
1.41699197
1.41555387
1.41476009
1.41518113
1.41840416
1.42160497
1.42513772
1.42864628
1.43023268
1.43180829
1.43337322
1.43492757
1.43647146
1.43800498
1.43952825
1.44104136
1.43896207
1.43689654
1.43462664
1.43169443
1.42878145
1.42471678
1.42067858
1.41666661
1.41717831
1.41634453
1.41551611
1.41647846
1.41743465
1.41686369
1.41679414
1.41672504
1.41665638
1.41658814
1.41652033
1.41689244
1.41726222
1.41514276
1.41303642
1.41300204
1.41296788
1.41233380
1.41018466
1.40804863
1.40592558
1.40381540
1.40171797
1.40033515
1.39832353
1.39632396
1.39433632
1.39195332
1.38916407
1.38639133
1.38461010
1.38283936
1.38465214
1.38645433
1.38902879
1.39158829
1.39290777
1.39467923
1.39644047
1.39819160
1.39993269
1.40237544
1.40399485
1.40478213
1.40556495
1.40634335
1.40711737
1.40986646
1.41260016
1.41644519
1.41873982
1.41990700
1.42163641
1.42335626
1.42716096
1.43094476
1.43470782
1.43712883
1.44102955
1.44490907
1.44974959
1.45627839
1.46277200
1.46744057
1.47010191
1.47160506
1.47310020
1.47458738
1.47606667
1.47753813
1.47900183
1.48277410
1.48802351
1.49335117
1.49673059
1.50009240
1.50526685
1.51041448
1.51509564
1.51975267
1.52256385
1.52536062
1.52814308
1.53092807
1.53253174
1.53531577
1.53685361
1.53838368
1.53844089
1.53953410
1.54062182
1.53949599
1.53928716
1.53907936
1.53887260
1.53904072
1.53920802
1.54115985
1.54226400
1.54320305
1.54380892
1.54229113
1.54078072
1.53842400
1.53607869
1.53374471
1.53358193
1.53312402
1.53120846
1.52930207
1.52740478
1.52551653
1.52363724
1.52025162
1.51790519
1.51690907
1.51501457
1.51312897
1.51125220
1.50938419
1.50752490
1.50509271
1.50267181
1.50177258
1.50096295
1.50015704
1.49935484
1.49796549
1.49658250
1.49480077
1.49410186
1.49564826
1.49718764
1.49872006
1.50024555
1.50015955
1.50007392
1.50041681
1.50188883
1.50341347
1.50279490
1.50094705
1.49910739
1.49859132
1.49739306
1.49708265
1.49665459
1.49720857
1.49764286
1.49689776
1.49615592
1.49483067
1.49351117
1.49219739
1.49088928
1.49031668
1.48881948
1.48732871
1.48584433
1.48442277
1.48300728
1.48225902
1.48148283
1.47969957
1.47792384
1.47615561
1.47439482
1.47264144
1.47390091
1.47654231
1.47917268
1.48198708
1.48663748
1.48968393
1.49271777
1.49674297
1.50005841
1.50285687
1.50614186
1.50941338
1.51410832
1.51857727
1.52272710
1.52746561
1.53486323
1.54184250
1.54714872
1.55168711
1.55620723
1.56070920
1.56648896
1.56993534
1.57356478
1.57663910
1.57894370
1.57920239
1.57922517
1.57924786
1.57927046
1.57929297
1.57992422
1.58099018
1.58463308
1.58890957
1.59316939
1.59844505
1.60259886
1.60603937
1.60862908
1.61120879
1.61377856
1.61633845
1.61979924
1.62324677
1.62751955
1.63165229
1.63576929
1.63987064
1.64265589
1.64601548
1.64936236
1.65346685
1.65807215
1.66335227
1.66880458
1.67263166
1.67541189
1.67818175
1.68245030
1.68670297
1.68906486
1.69100594
1.69293984
1.69511385
1.69580438
1.69550672
1.69521015
1.69491467
1.69373503
1.69255970
1.69138865
1.69022186
1.68905930
1.68795693
1.68685855
1.68576413
1.68451119
1.68326277
1.68201883
1.68077934
1.68156722
1.68030569
1.67930362
1.67937366
1.67913237
1.67789183
1.67665569
1.67560379
1.67388097
1.67216422
1.67045350
1.66874879
1.66705005
1.66600866
1.66437967
1.66324835
1.66212095
1.66069839
1.65928076
1.65786804
1.65629927
1.65414700
1.65200214
1.64983303
1.64767135
1.64551708
1.64337018
1.64123060
1.63909831
1.63697327
1.63530661
1.63364560
1.63199020
1.63034040
1.62869617
1.62705747
1.62605290
1.62505171
1.62405387
1.62305936
1.62333723
1.62361418
1.62276373
1.62191610
1.62107129
1.61993336
1.62005892
1.62018406
1.62069687
1.62055766
1.62038159
1.62020610
1.62003119
1.61975750
1.61948470
1.61980389
1.61937742
1.61895234
1.61852864
1.61810631
1.61764425
1.61789108
1.61813712
1.61838237
1.61965617
1.62092588
1.62219153
1.62246362
1.62273483
1.62300519
1.62327468
1.62287563
1.62241559
1.62195701
1.62247861
1.62338777
1.62285346
1.62217614
1.62229292
1.62240932
1.62234475
1.62088898
1.61943775
1.61799103
1.61635275
1.61570849
1.61413704
1.61257045
1.61100871
1.60945179
1.60789967
1.60722820
1.60784931
1.60846850
1.60908581
1.60970122
1.61056442
1.61142498
1.61228292
1.61313826
1.61399100
1.61484115
1.61441052
1.61398119
1.61295382
1.61214003
1.61115004
1.60923629
1.60732829
1.60542600
1.60352939
1.60163845
1.59975314
1.59787345
1.59599934
1.59413079
1.59226777
1.59041027
1.59025001
1.59031524
1.59038029
1.58968745
1.58899666
1.58830789
1.58762113
1.58693638
1.58696917
1.58713550
1.58736060
1.58758504
1.58780883
1.58803198
1.58825448
1.58920848
1.59015973
1.59110824
1.59205402
1.59222463
1.59239475
1.59226229
1.59213020
1.59227728
1.59182514
1.59189873
1.59072344
1.58955150
1.58788648
1.58637406
1.58486592
1.58406897
1.58327428
1.58298886
1.58110671
1.57922984
1.57735824
1.57616327
1.57497165
1.57302731
1.57108839
1.57023301
1.56864634
1.56706408
1.56548620
1.56391270
1.56260292
1.56129675
1.55999419
1.55869521
1.55739981
1.55610797
1.55481967
1.55353490
1.55229215
1.55105279
1.55017730
1.54930420
1.54843348
1.54756512
1.54644282
1.54532356
1.54379279
1.54226617
1.54074366
1.53922526
1.53810520
1.53698816
1.53621716
1.53629282
1.53636828
1.53633652
1.53726536
1.53790793
1.53854880
1.53911417
1.53947006
1.53982500
1.54006728
1.54031623
1.54056452
1.54081215
1.54070540
1.54016693
1.54044227
1.54094109
1.54129268
1.54222476
1.54315440
1.54290283
1.54263711
1.54237210
1.54210777
1.54168313
1.54201756
1.54139921
1.54064128
1.53988532
1.53913130
1.53855675
1.53798369
1.53741209
1.53684196
1.53627330
1.53637153
1.53646951
1.53719425
1.53791715
1.53816359
1.53840941
1.53833944
1.53935054
1.54035907
1.54136506
1.54236849
1.54246184
1.54255496
1.54204239
1.54111953
1.54070472
1.54029095
1.53953967
1.53845561
1.53737426
1.53629561
1.53521965
1.53416328
1.53310954
1.53205842
1.53100991
1.52996400
1.52892068
1.52787993
1.52757407
1.52864955
1.52846488
1.52828067
1.52809691
1.52753827
1.52703304
1.52683765
1.52664273
1.52621722
1.52589315
1.52558648
1.52528055
1.52497537
1.52490895
1.52484270
1.52558073
1.52546539
1.52535032
1.52549821
1.52611110
1.52591580
1.52572096
1.52431559
1.52381260
1.52331081
1.52281022
1.52366319
1.52451412
1.52657775
1.52783637
1.52925223
1.53066474
1.53207389
1.53347971
1.53398092
1.53313581
1.53255795
1.53222028
1.53127451
1.53052567
1.52977858
1.52942514
1.52907253
1.52946410
1.52985475
1.53020016
1.53084922
1.53149677
1.53214281
1.53197733
1.53199612
1.53280182
1.53360565
1.53466237
1.53571665
1.53676850
1.53781792
1.53842641
1.53903350
1.53994805
1.54086050
1.54191596
1.54379017
1.54496399
1.54655832
1.54836662
1.54954918
1.55004492
1.55053731
1.55018397
1.55001981
1.54985602
1.54952934
1.54893686
1.54950063
1.55178831
1.55375177
1.55702997
1.55998950
1.56231494
1.56329392
1.56427071
1.56509465
1.56567242
1.56624889
1.56612800
1.56600737
1.56612007
1.56623251
1.56634471
1.56587104
1.56539843
1.56492686
1.56500166
1.56589991
1.56679617
1.56706782
1.56733888
1.56866582
1.56998984
1.57131096
1.57262919
1.57394452
1.57586925
1.57780693
1.57898745
1.58016539
1.58134077
1.58290865
1.58447313
1.58504464
1.58561491
1.58618395
1.58613232
1.58608080
1.58602939
1.58597810
1.58578943
1.58560117
1.58563998
1.58567869
1.58461180
1.58362304
1.58280812
1.58140926
1.58001338
1.57862048
1.57723055
1.57584358
1.57547079
1.57445916
1.57344968
1.57244234
1.57159940
1.57087448
1.57015110
1.57018007
1.57033318
1.57052061
1.57107317
1.57225053
1.57342542
1.57399320
1.57455980
1.57512521
1.57568943
1.57625248
1.57608245
1.57591278
1.57574346
1.57582025
1.57589687
1.57597334
1.57550945
1.57504653
1.57458456
1.57488873
1.57519227
1.57516646
1.57514071
1.57511501
1.57528652
1.57490100
1.57438674
1.57356795
1.57329096
1.57325386
1.57281167
1.57295229
1.57242799
1.57184197
1.57163823
1.57143490
1.57123198
1.57102948
1.57066399
1.57029924
1.56993523
1.56957196
1.56920942
1.56884761
1.56848653
1.56812618
1.56761902
1.56711289
1.56660776
1.56610366
1.56628403
1.56646405
1.56629575
1.56692624
1.56767792
1.56819476
1.56870516
1.56839488
1.56808521
1.56777616
1.56809749
1.56841819
1.56873825
1.56906098
1.56943210
1.56944018
1.56987516
1.57026897
1.57044545
1.57029091
1.57056655
1.57016108
1.56975641
1.56919709
1.56948570
1.57025164
1.57093937
1.57162577
1.57232598
1.57302482
1.57372231
1.57516971
1.57681162
1.57845035
1.58058083
1.58342282
1.58586984
1.58831214
1.59074972
1.59318260
1.59567354
1.59815969
1.59923875
1.60013782
1.60103516
1.60170499
1.60128677
1.60078123
1.60052324
1.60017870
1.59983482
1.59916062
1.59848417
1.59780902
1.59713514
1.59646255
1.59568635
1.59513415
1.59439937
1.59366598
1.59293398
1.59224031
1.59132563
1.59041267
1.58950143
1.58875513
1.58801023
1.58726673
1.58652462
1.58578391
1.58504458
1.58430664
1.58357007
1.58283488
1.58211763
1.58094247
1.57976950
1.57859871
1.57743009
1.57640183
1.57516922
1.57393889
1.57271085
1.57148507
1.57026157
1.56904032
1.56782132
1.56660457
1.56574727
1.56489154
1.56403738
1.56318480
1.56233378
1.56148431
1.56063641
1.55979005
1.55894524
1.55851955
1.55809464
1.55767049
1.55776593
1.55786120
1.55795629
1.55773316
1.55751043
1.55734425
1.55717836
1.55766473
1.55737543
1.55698029
1.55626519
1.55555138
1.55481103
1.55407201
1.55333433
1.55259796
1.55152152
1.55044701
1.54937442
1.54830376
1.54723501
1.54616817
1.54510324
1.54404020
1.54297906
1.54175105
1.54052523
1.53930158
1.53808011
1.53686081
1.53564367
1.53442868
1.53321585
1.53200516
1.53096334
1.52992336
1.52888521
1.52784890
1.52801366
1.52858644
1.52915820
1.53025263
1.53119986
1.53214543
1.53263378
1.53312127
1.53360791
1.53359951
1.53380896
1.53417658
1.53417846
1.53369429
1.53321096
1.53212858
1.53104809
1.52996946
1.52889271
1.52781782
1.52674479
1.52594290
1.52620341
1.52696376
1.52772280
1.52848053
1.52936285
1.52946282
1.52915929
1.52885627
1.52944857
1.53003985
1.53066651
1.53129209
1.53118513
1.53093729
1.53141209
1.53137710
1.53072938
1.53008277
1.53030561
1.53094544
1.53009348
1.52924297
1.52839389
1.52754626
1.52670006
1.52585529
1.52501194
1.52471801
1.52458162
1.52444546
1.52430953
1.52351265
1.52279934
1.52208722
1.52137630
1.52066657
1.51995803
1.51959687
1.51923632
1.51887636
1.51851701
1.51815825
1.51780010
1.51718527
1.51657146
1.51595867
1.51534690
1.51490919
1.51479573
1.51468245
1.51514157
1.51600303
1.51736214
1.51871901
1.52007364
1.52062023
1.52116592
1.52171071
1.52228402
1.52314652
1.52332220
1.52349758
1.52367267
1.52384748
1.52402201
1.52419624
1.52387984
1.52324758
1.52266888
1.52209112
1.52151430
1.52093842
1.52019378
1.51945035
1.51870813
1.51796711
1.51773990
1.51794094
1.51889803
1.51985357
1.52109399
1.52258516
1.52407392
1.52556028
1.52704425
1.52847086
1.52963724
1.53080174
1.53213273
1.53407854
1.53558574
1.53709052
1.53863883
1.54020583
1.54177032
1.54341831
1.54422226
1.54502492
1.54582631
1.54605986
1.54736874
1.54897787
1.55045394
1.55188421
1.55331221
1.55463861
1.55596292
1.55708745
1.55757670
1.55726077
1.55694533
1.55635230
1.55576021
1.55492308
1.55408728
1.55382913
1.55400660
1.55410748
1.55394415
1.55443862
1.55489629
1.55500621
1.55464354
1.55428144
1.55391990
1.55405265
1.55378587
1.55351949
1.55325353
1.55316074
1.55301596
1.55385338
1.55468949
1.55479650
1.55490334
1.55501001
1.55529225
1.55557405
1.55620297
1.55608034
1.55553820
1.55497824
1.55441913
1.55364988
1.55288181
1.55234263
1.55180428
1.55139887
1.55099408
1.55058991
1.55018636
1.54978342
1.54972316
1.54966299
1.54961162
1.54956033
1.54950911
1.54945797
1.54940691
1.54935593
1.54974584
1.55013515
1.55089842
1.55172818
1.55205091
1.55229458
1.55158495
1.55087640
1.55016892
1.55019147
1.55077202
1.55121499
1.55154606
1.55190270
1.55228504
1.55269225
1.55310117
1.55334900
1.55359646
1.55469702
1.55579594
1.55644551
1.55697169
1.55819910
1.55942468
1.56047878
1.56153131
1.56258228
1.56390403
1.56562908
1.56735095
1.56895212
1.57055092
1.57214735
1.57374141
1.57533313
1.57671025
1.57822357
1.57990606
1.58203023
1.58415127
1.58652534
1.58866823
1.59080797
1.59237236
1.59393446
1.59549427
1.59650404
1.59752166
1.59777111
1.59785643
1.59792764
1.59774467
1.59724497
1.59705937
1.59687404
1.59668899
1.59598050
1.59527305
1.59456662
1.59386122
1.59331214
1.59352272
1.59373300
1.59394298
1.59472111
1.59549812
1.59627401
1.59697557
1.59767612
1.59769759
1.59769448
1.59780922
1.59777086
1.59736314
1.59695600
1.59654944
1.59614347
1.59573808
1.59596162
1.59554876
1.59503451
1.59400160
1.59297017
1.59194021
1.59091171
1.58988469
1.58946482
1.58901019
1.58838282
1.58775634
1.58713074
1.58650604
1.58588222
1.58525928
1.58463723
1.58401606
1.58339576
1.58277634
1.58252974
1.58194594
1.58136297
1.58089039
1.58041848
1.57986468
1.57931165
1.57868264
1.57805451
1.57742726
1.57680090
1.57679797
1.57680081
1.57683342
1.57625071
1.57566881
1.57508772
1.57455716
1.57402733
1.57391501
1.57348267
1.57297619
1.57238080
1.57178624
1.57119250
1.57059959
1.57014842
1.56988454
1.56962102
1.56935787
1.56909508
1.56865564
1.56821680
1.56777856
1.56740927
1.56704049
1.56667222
1.56661441
1.56655667
1.56649902
1.56644144
1.56565645
1.56487254
1.56408970
1.56385412
1.56307411
1.56229516
1.56201439
1.56173400
1.56145399
1.56117437
1.56137276
1.56185239
1.56233136
1.56318707
1.56399165
1.56553588
1.56651448
1.56749176
1.56846771
1.56944234
1.57034748
1.57176613
1.57318287
1.57380463
1.57423504
1.57385806
1.57348160
1.57306931
1.57265757
1.57224638
1.57178996
1.57172631
1.57166274
1.57159925
1.57184633
1.57194391
1.57204135
1.57248270
1.57292346
1.57380514
1.57511635
1.57642581
1.57773352
1.57871473
1.57953449
1.58083404
1.58188303
1.58293061
1.58357034
1.58433753
1.58510371
1.58548383
1.58586345
1.58644879
1.58685714
1.58726494
1.58711041
1.58723162
1.58735267
1.58725457
1.58715659
1.58722480
1.58738842
1.58755182
1.58714187
1.58673245
1.58632358
1.58591524
1.58530387
1.58477683
1.58425048
1.58360720
1.58318427
1.58292037
1.58265682
1.58208196
1.58179963
1.58151766
1.58123606
1.58178485
1.58219772
1.58199315
1.58156951
1.58114642
1.58072388
1.58030189
1.57988044
1.57958800
1.57910879
1.57863020
1.57815223
1.57738063
1.57661004
1.57584044
1.57577830
1.57571624
1.57501032
1.57430532
1.57360121
1.57289802
1.57219572
1.57153709
1.57150444
1.57198911
1.57211769
1.57224611
1.57237436
1.57204245
1.57195048
1.57146312
1.57097637
1.57049024
1.56997710
1.56946462
1.56895279
1.56844160
1.56819868
1.56796950
1.56781772
1.56726880
1.56672058
1.56617306
1.56562623
1.56509154
1.56455753
1.56402420
1.56385146
1.56306610
1.56228173
1.56149835
1.56071595
1.55994142
1.55916787
1.55854124
1.55791540
1.55729034
1.55666607
1.55604259
1.55565280
1.55505220
1.55445234
1.55412328
1.55369284
1.55326293
1.55320374
1.55314462
1.55308558
1.55302660
1.55296771
1.55290888
1.55285013
1.55248423
1.55218546
1.55202896
1.55210336
1.55227375
1.55238065
1.55228579
1.55219103
1.55209640
1.55200188
1.55145981
1.55090619
1.55035326
1.54980101
1.54923348
1.54885557
1.54885393
1.54885229
1.54833851
1.54804152
1.54774489
1.54744863
1.54762627
1.54756678
1.54750736
1.54744802
1.54745814
1.54680495
1.54615256
1.54555187
1.54549078
1.54542976
1.54536882
1.54530795
1.54511760
1.54526491
1.54532829
1.54528329
1.54511081
1.54486186
1.54455993
1.54425836
1.54395715
1.54432343
1.54468926
1.54505466
1.54503414
1.54490054
1.54532004
1.54573904
1.54615753
1.54754446
1.54884935
1.55026488
1.55167871
1.55342965
1.55529423
1.55714788
1.55898451
1.56081893
1.56294686
1.56507224
1.56719507
1.56950153
1.57180523
1.57394571
1.57608364
1.57822272
1.58027342
1.58251261
1.58480017
1.58708501
1.58936713
1.59141093
1.59325288
1.59509264
1.59693022
1.59875533
1.60057827
1.60228641
1.60399252
1.60603804
1.60808114
1.61033611
1.61258843
1.61446140
1.61576722
1.61703242
1.61825080
1.61946773
1.62127787
1.62308588
1.62463105
1.62617440
1.62781105
1.62935881
1.63052815
1.63116630
1.63169929
1.63227186
1.63258664
1.63229919
1.63198104
1.63129857
1.63067891
1.63005998
1.62944176
1.62882427
1.62864027
1.62836461
1.62808928
1.62770485
1.62711715
1.62653013
1.62594380
1.62519192
1.62495847
1.62464267
1.62432723
1.62401215
1.62434494
1.62467734
1.62500936
1.62534099
1.62582255
1.62659769
1.62737194
1.62814529
1.62878431
1.62931252
1.62969375
1.63007455
1.63045491
1.63032477
1.63020928
1.63009393
1.62997262
1.62985145
1.62976566
1.62967997
1.62959438
1.62977455
1.62993869
1.63031986
1.63070058
1.63070675
1.63071292
1.63071908
1.63104295
1.63136645
1.63182684
1.63228670
1.63274604
1.63354827
1.63486655
1.63618333
1.63749862
1.63881242
1.63980652
1.64079950
1.64179135
1.64279129
1.64364745
1.64402313
1.64428801
1.64389220
1.64349684
1.64340598
1.64331523
1.64322458
1.64313404
1.64305407
1.64351182
1.64396904
1.64462548
1.64519877
1.64519897
1.64519917
1.64519937
1.64519957
1.64497283
1.64494478
1.64452850
1.64411268
1.64369732
1.64328243
1.64282884
1.64231842
1.64180858
1.64129930
1.64079058
1.64083667
1.64104988
1.64126286
1.64124844
1.64123404
1.64113905
1.64170258
1.64202497
1.64284746
1.64366904
1.64448971
1.64530947
1.64642650
1.64733388
1.64824025
1.64913640
1.64969421
1.65030066
1.65116331
1.65202502
1.65223218
1.65243912
1.65264582
1.65295480
1.65311470
1.65323838
1.65336193
1.65328478
1.65297014
1.65267956
1.65238929
1.65209935
1.65180972
1.65152040
1.65123140
1.65170083
1.65218312
1.65266489
1.65314614
1.65349709
1.65398391
1.65460986
1.65523512
1.65585971
1.65659166
1.65747787
1.65842894
1.65931707
1.65990448
1.66049126
1.66107741
1.66166292
1.66224780
1.66283204
1.66328696
1.66374138
1.66405765
1.66407111
1.66372888
1.66338703
1.66287238
1.66236936
1.66186687
1.66154944
1.66123235
1.66091560
1.66056270
1.66031213
1.66006184
1.65968907
1.65931669
1.65917119
1.65926392
1.65935655
1.65911505
1.65887381
1.65863282
1.65839210
1.65826221
1.65813246
1.65800285
1.65787338
1.65761731
1.65736152
1.65710599
1.65698299
1.65686012
1.65673738
1.65661477
1.65649229
1.65680192
1.65711121
1.65742018
1.65769428
1.65796809
1.65824162
1.65851485
1.65833901
1.65816335
1.65797527
1.65825105
1.65875370
1.65950390
1.65995573
1.66040710
1.66065801
1.66112153
1.66180412
1.66222617
1.66264777
1.66306894
1.66306956
1.66317904
1.66348945
1.66380056
1.66411135
1.66411655
1.66441225
1.66470764
1.66500273
1.66580024
1.66660598
1.66709350
1.66756743
1.66818225
1.66879644
1.66890387
1.66925940
1.66949012
1.66992573
1.67036089
1.67081936
1.67139233
1.67196470
1.67253648
1.67310767
1.67395012
1.67475692
1.67505543
1.67563114
1.67637434
1.67660749
1.67699841
1.67738892
1.67771140
1.67810054
1.67870084
1.67930052
1.68001779
1.68068402
1.68134957
1.68201444
1.68315004
1.68428447
1.68526177
1.68623808
1.68721338
1.68781950
1.68839079
1.68896149
1.68972063
1.69047899
1.69123659
1.69197467
1.69337005
1.69476401
1.69631687
1.69790555
1.69923729
1.70108233
1.70292927
1.70463150
1.70633200
1.70803078
1.70972783
1.71124970
1.71235747
1.71356524
1.71485516
1.71627562
1.71769464
1.71911223
1.72052839
1.72246272
1.72480238
1.72689436
1.72855457
1.73021311
1.73216265
1.73384120
1.73538456
1.73718504
1.73898371
1.74049274
1.74200026
1.74346982
1.74484557
1.74586775
1.74688891
1.74816383
1.74899538
1.74982609
1.75075729
1.75168755
1.75261688
1.75355690
1.75449598
1.75570528
1.75661254
1.75774267
1.75888300
1.76002221
1.76095091
1.76187870
1.76211815
1.76235737
1.76304338
1.76372870
1.76441335
1.76509732
1.76578061
1.76646322
1.76714516
1.76762848
1.76823953
1.76847103
1.76858234
1.76869353
1.76880462
1.76891559
1.76899524
1.76907481
1.76915430
1.76954270
1.76993072
1.77007081
1.77015061
1.77016919
1.77018775
1.77020629
1.77018992
1.77040650
1.77060310
1.77045133
1.77006330
1.76967566
1.76928840
1.76857968
1.76787166
1.76716434
1.76645770
1.76601407
1.76609301
1.76617188
1.76625067
1.76614761
1.76636845
1.76617557
1.76570749
1.76523987
1.76477270
1.76452609
1.76427971
1.76403358
1.76378769
1.76356111
1.76303366
1.76259340
1.76215357
1.76171417
1.76140015
1.76115655
1.76053427
1.75991259
1.75929150
1.75867102
1.75805113
1.75743184
1.75701948
1.75646557
1.75591218
1.75535933
1.75512478
1.75520807
1.75550720
1.75568109
1.75546301
1.75512477
1.75478684
1.75433913
1.75389185
1.75344499
1.75299856
1.75255256
1.75210698
1.75167133
1.75123610
1.75080128
1.75036687
1.75007425
1.74954139
1.74900902
1.74847700
1.74794549
1.74740590
1.74686682
1.74632826
1.74579020
1.74525266
1.74471563
1.74417910
1.74364309
1.74319905
1.74260216
1.74200583
1.74141007
1.74081487
1.74033745
1.73991281
1.73966304
1.73947323
1.73950226
1.73953126
1.73958212
1.73963293
1.73966851
1.73970407
1.73973959
1.73962147
1.73964132
1.73966116
1.73958314
1.73950520
1.73942733
1.73951537
1.73933305
1.73901912
1.73870549
1.73839215
1.73807911
1.73759548
1.73714530
1.73669555
1.73624622
1.73579730
1.73534881
1.73490073
1.73449321
1.73408607
1.73367931
1.73327293
1.73306119
1.73288015
1.73263517
1.73222048
1.73180617
1.73139225
1.73109536
1.73068906
1.73051530
1.73017488
1.72983478
1.72949500
1.72917783
1.72903082
1.72855113
1.72807188
1.72759308
1.72711471
1.72697556
1.72674555
1.72679505
1.72684450
1.72689391
1.72710095
1.72746611
1.72783094
1.72794525
1.72805945
1.72792601
1.72791295
1.72816994
1.72874570
1.72932093
1.72986794
1.73065460
1.73144054
1.73203885
1.73239400
1.73259181
1.73278945
1.73298691
1.73318418
1.73373846
1.73429224
1.73470107
1.73484781
1.73519525
1.73580357
1.73631743
1.73668405
1.73704063
1.73714324
1.73747586
1.73783639
1.73819660
1.73842453
1.73861655
1.73878558
1.73880788
1.73883016
1.73885242
1.73887466
1.73913413
1.73939337
1.73965237
1.73991114
1.73984597
1.73953299
1.73918796
1.73884325
1.73838232
1.73792181
1.73765546
1.73707951
1.73650408
1.73633053
1.73615713
1.73571108
1.73526544
1.73482019
1.73437534
1.73390312
1.73344138
1.73298006
1.73251915
1.73205865
1.73155206
1.73136318
1.73117447
1.73089841
1.73062259
1.73034702
1.72987432
1.72940205
1.72893019
1.72883467
1.72876727
1.72902730
1.72928709
1.72954682
1.72949050
1.72965760
1.72985927
1.73006076
1.72978581
1.72963051
1.72947534
1.72932031
1.72897418
1.72844803
1.72792235
1.72743674
1.72734977
1.72726287
1.72717605
1.72708931
1.72747801
1.72786636
1.72826472
1.72885083
1.72943643
1.73002150
1.73060607
1.73102368
1.73154001
1.73152185
1.73150371
1.73148559
1.73146724
1.73144890
1.73143059
1.73188091
1.73233084
1.73302675
1.73364612
1.73391475
1.73418188
1.73444877
1.73479681
1.73519525
1.73575643
1.73622889
1.73632782
1.73649754
1.73666711
1.73683654
1.73700582
1.73697874
1.73685521
1.73673179
1.73645807
1.73618459
1.73591135
1.73563834
1.73561331
1.73531893
1.73502481
1.73473093
1.73443732
1.73414395
1.73385084
1.73355799
1.73326539
1.73297304
1.73268094
1.73238909
1.73225503
1.73212109
1.73198726
1.73168773
1.73138846
1.73108944
1.73076918
1.73024743
1.72972613
1.72920528
1.72868488
1.72828504
1.72788554
1.72744014
1.72699511
1.72655047
1.72610621
1.72566234
1.72527425
1.72488651
1.72423383
1.72358171
1.72293014
1.72285390
1.72275476
1.72299485
1.72324180
1.72370921
1.72450506
1.72536359
1.72622138
1.72723854
1.72799945
1.72875972
1.72942680
1.73020604
1.73066275
1.73122965
1.73186516
1.73250012
1.73286600
1.73323157
1.73359684
1.73404519
1.73436547
1.73453578
1.73480734
1.73493014
1.73505284
1.73517531
1.73529767
1.73541994
1.73558766
1.73578449
1.73592128
1.73591566
1.73591004
1.73590442
1.73586904
1.73583368
1.73579836
1.73576306
1.73572779
1.73569255
1.73531559
1.73501389
1.73446750
1.73392157
1.73342009
1.73297531
1.73253090
1.73208687
1.73164320
1.73119991
1.73087226
1.73056077
1.73024954
1.72975788
1.72926664
1.72875367
1.72824112
1.72772900
1.72721731
1.72670605
1.72619521
1.72568479
1.72517481
1.72466524
1.72415610
1.72364738
1.72323363
1.72282023
1.72240717
1.72199445
1.72158207
1.72117003
1.72075834
1.72042824
1.72009841
1.71976886
1.71946103
1.71915003
1.71883929
1.71852881
1.71821858
1.71786875
1.71751921
1.71716996
1.71682100
1.71647232
1.71612393
1.71577583
1.71535495
1.71499344
1.71452428
1.71405550
1.71369947
1.71344493
1.71319061
1.71293649
1.71281083
1.71242616
1.71206981
1.71171376
1.71130875
1.71090408
1.71049973
1.71009572
1.70969204
1.70928550
1.70884508
1.70840501
1.70815949
1.70791416
1.70754208
1.70716595
1.70676142
1.70635723
1.70595336
1.70554982
1.70514661
1.70476824
1.70439018
1.70436114
1.70444904
1.70455209
1.70470216
1.70485212
1.70500195
1.70515166
1.70530126
1.70538216
1.70549081
1.70522319
1.70490379
1.70463630
1.70436903
1.70401649
1.70371161
1.70349450
1.70327757
1.70306081
1.70280591
1.70305405
1.70330198
1.70332677
1.70335153
1.70337628
1.70358790
1.70358843
1.70358897
1.70357341
1.70353379
1.70349421
1.70330420
1.70311435
1.70292465
1.70273510
1.70254571
1.70235646
1.70219084
1.70202535
1.70186000
1.70169478
1.70152969
1.70112636
1.70072336
1.70078125
1.70049707
1.70021311
1.69992939
1.69964589
1.69936262
1.69907957
1.69866147
1.69824804
1.69801138
1.69805875
1.69846885
1.69898015
1.69949104
1.70000153
1.70051161
1.70086152
1.70121116
1.70154379
1.70142587
1.70143754
1.70124777
1.70105815
1.70086868
1.70067936
1.70049019
1.70028472
1.70035564
1.70041553
1.70034900
1.70028252
1.70021609
1.70014972
1.70034713
1.70054439
1.70061091
1.70067738
1.70074380
1.70067143
1.70059912
1.70052687
1.70045467
1.70038253
1.70031045
1.70006440
1.69981855
1.70003352
1.70024831
1.70072146
1.70119424
1.70142363
1.70156719
1.70191981
1.70227215
1.70282041
1.70336823
1.70362424
1.70358523
1.70365734
1.70372939
1.70380139
1.70387333
1.70394521
1.70413230
1.70431925
1.70454817
1.70477692
1.70474386
1.70471083
1.70467783
1.70464485
1.70461189
1.70457897
1.70492232
1.70522014
1.70561209
1.70600375
1.70628323
1.70632386
1.70644659
1.70656342
1.70664678
1.70673008
1.70681331
1.70690234
1.70701666
1.70713090
1.70684135
1.70645643
1.70607181
1.70568749
1.70530347
1.70518103
1.70505869
1.70493644
1.70481429
1.70469223
1.70457027
1.70473865
1.70494176
1.70490553
1.70486932
1.70499388
1.70511834
1.70524271
1.70536698
1.70541136
1.70545570
1.70519992
1.70494433
1.70468894
1.70443375
1.70417875
1.70392394
1.70414957
1.70424769
1.70434575
1.70420280
1.70405996
1.70418358
1.70418948
1.70429380
1.70439804
1.70433760
1.70427721
1.70445101
1.70453475
1.70473533
1.70493576
1.70513811
1.70534031
1.70530793
1.70527558
1.70524325
1.70520733
1.70517144
1.70513558
1.70509974
1.70470129
1.70430315
1.70394858
1.70359427
1.70324024
1.70286059
1.70239278
1.70192533
1.70171511
1.70150504
1.70129514
1.70114325
1.70126689
1.70139043
1.70123562
1.70091848
1.70060158
1.70028492
1.70012747
1.69997014
1.69981292
1.69998608
1.70010300
1.70021983
1.70047735
1.70073469
1.70071239
1.70072589
1.70074380
1.70079381
1.70071296
1.70063217
1.70015044
1.69966907
1.69918806
1.69870741
1.69822712
1.69774719
1.69756595
1.69738484
1.69720387
1.69702304
1.69684233
1.69673470
1.69670739
1.69675167
1.69642070
1.69608997
1.69575949
1.69542925
1.69509926
1.69497500
1.69485083
1.69472675
1.69460277
1.69447888
1.69435507
1.69423137
1.69410775
1.69398422
1.69382238
1.69366065
1.69358976
1.69343430
1.69300003
1.69256608
1.69213245
1.69169915
1.69177049
1.69187392
1.69162412
1.69137450
1.69116402
1.69110095
1.69103793
1.69097495
1.69092388
1.69087284
1.69082184
1.69069257
1.69057042
1.69044835
1.69046922
1.69041957
1.69052059
1.69030567
1.69017343
1.69015467
1.69013592
1.68963302
1.68913049
1.68900568
1.68888095
1.68873314
1.68858543
1.68851515
1.68844493
1.68837477
1.68830465
1.68823458
1.68830566
1.68837668
1.68844765
1.68819276
1.68793805
1.68768354
1.68742920
1.68722945
1.68702985
1.68683039
1.68637616
1.68592225
1.68546868
1.68501543
1.68456252
1.68445525
1.68434806
1.68427634
1.68420467
1.68412988
1.68392730
1.68372486
1.68352257
1.68331612
1.68303042
1.68302638
1.68254960
1.68207315
1.68185380
1.68151403
1.68129220
1.68092423
1.68064996
1.68037588
1.68010200
1.67968420
1.67926671
1.67909405
1.67899121
1.67935289
1.67971431
1.68007547
1.68043637
1.68079701
1.68115739
1.68151751
1.68159073
1.68166389
1.68173700
1.68181006
1.68174541
1.68156209
1.68137809
1.68119423
1.68111730
1.68055863
1.68000035
1.67944248
1.67888500
1.67832792
1.67777124
1.67721495
1.67665906
1.67619634
1.67573395
1.67527189
1.67481016
1.67434875
1.67413795
1.67392729
1.67351316
1.67346596
1.67306023
1.67265479
1.67233670
1.67201883
1.67170119
1.67138378
1.67106658
1.67074962
1.67043288
1.67011636
1.66980007
1.66948400
1.66904047
1.66859726
1.66829447
1.66799188
1.66768951
1.66768043
1.66767134
1.66766227
1.66771117
1.66761665
1.66752220
1.66749508
1.66742024
1.66746728
1.66751429
1.66795247
1.66857289
1.66907801
1.66958278
1.67008719
1.67059124
1.67109494
1.67164183
1.67218833
1.67302753
1.67353571
1.67388855
1.67424115
1.67434715
1.67451706
1.67465755
1.67475725
1.67472816
1.67508877
1.67530861
1.67552831
1.67566899
1.67580958
1.67616219
1.67651456
1.67701925
1.67743576
1.67763568
1.67754494
1.67745425
1.67736363
1.67727331
1.67718306
1.67709286
1.67700273
1.67691266
1.67686605
1.67681948
1.67677293
1.67672642
1.67659376
1.67646119
1.67632872
1.67619633
1.67609316
1.67599006
1.67588702
1.67574727
1.67609156
1.67631853
1.67631554
1.67605158
1.67578780
1.67533853
1.67488956
1.67444091
1.67423201
1.67410089
1.67376379
1.67354680
1.67332996
1.67348449
1.67390118
1.67431758
1.67470667
1.67502238
1.67541570
1.67574438
1.67607283
1.67640106
1.67672907
1.67678231
1.67687826
1.67714326
1.67740809
1.67776961
1.67813088
1.67849285
1.67885458
1.67921606
1.67957730
1.67993828
1.68039649
1.68066883
1.68060806
1.68054733
1.68071422
1.68088099
1.68097215
1.68084877
1.68107007
1.68094577
1.68082156
1.68069742
1.68053572
1.68037412
1.68017590
1.68019446
1.68021301
1.68042775
1.68092810
1.68101780
1.68120377
1.68126584
1.68132788
1.68099812
1.68085440
1.68040127
1.67994845
1.67949593
1.67950047
1.67907774
1.67881466
1.67855176
1.67828904
1.67802650
1.67776413
1.67750194
1.67748046
1.67750147
1.67741412
1.67726325
1.67689587
1.67656069
1.67638007
1.67635562
1.67606438
1.67577332
1.67575517
1.67573703
1.67596619
1.67619521
1.67646710
1.67676384
1.67700328
1.67724257
1.67748169
1.67802249
1.67856293
1.67907087
1.67957847
1.67993116
1.68028362
1.68063584
1.68081203
1.68102707
1.68141967
1.68181200
1.68203335
1.68231926
1.68255240
1.68278538
1.68284014
1.68295284
1.68296177
1.68269786
1.68254126
1.68238477
1.68222838
1.68207210
1.68189660
1.68172123
1.68165660
1.68142721
1.68119797
1.68096889
1.68080638
1.68076196
1.68071756
1.68047105
1.68022470
1.67997851
1.67973249
1.67991257
1.68009254
1.68022701
1.68043594
1.68059730
1.68075855
1.68091637
1.68097104
1.68102567
1.68108026
1.68113482
1.68118197
1.68122909
1.68101807
1.68080720
1.68054552
1.68028402
1.68002269
1.67979566
1.67978881
1.67959392
1.67939917
1.67920454
1.67901004
1.67881567
1.67862143
1.67871170
1.67887159
1.67924543
1.67935930
1.67906043
1.67879281
1.67852536
1.67858847
1.67872048
1.67911625
1.67957870
1.67976037
1.67978617
1.67981195
1.67983771
1.67986346
1.68025173
1.68077048
1.68132160
1.68203623
1.68275040
1.68342945
1.68420810
1.68493720
1.68580267
1.68666759
1.68742470
1.68818133
1.68893746
1.68978035
1.69055781
1.69133476
1.69222520
1.69311505
1.69355908
1.69400282
1.69449793
1.69481392
1.69512970
1.69530637
1.69551647
1.69577611
1.69603558
1.69625410
1.69647247
1.69626322
1.69605411
1.69607407
1.69609401
1.69634874
1.69647288
1.69671391
1.69695480
1.69724869
1.69734596
1.69709752
1.69688139
1.69666539
1.69644953
1.69623381
1.69591482
1.69559602
1.69527744
1.69495906
1.69464088
1.69432291
1.69400515
1.69382821
1.69365139
1.69347468
1.69343066
1.69361587
1.69365498
1.69369407
1.69348682
1.69327971
1.69307274
1.69286589
1.69265918
1.69245260
1.69224616
1.69203984
1.69183366
1.69165774
1.69148193
1.69130623
1.69102854
1.69075103
1.69066548
1.69078176
1.69097382
1.69116575
1.69135757
1.69142963
1.69150165
1.69171694
1.69192456
1.69241901
1.69286313
1.69323730
1.69355625
1.69381888
1.69408134
1.69452402
1.69466646
1.69481179
1.69497305
1.69513421
1.69540973
1.69568508
1.69574306
1.69580100
1.69587949
1.69595794
1.69613253
1.69660131
1.69678433
1.69669015
1.69659604
1.69623485
1.69587390
1.69558255
1.69529138
1.69500040
1.69470960
1.69453671
1.69430867
1.69408078
1.69413460
1.69418839
1.69425837
1.69432831
1.69448064
1.69439173
1.69445480
1.69451783
1.69458082
1.69481868
1.69505639
1.69540703
1.69568698
1.69596675
1.69624634
1.69667162
1.69709662
1.69740449
1.69751687
1.69762918
1.69763607
1.69764297
1.69769682
1.69739693
1.69709724
1.69714494
1.69716098
1.69717700
1.69711062
1.69704429
1.69697799
1.69673706
1.69655461
1.69637227
1.69619004
1.69600792
1.69597363
1.69593936
1.69566766
1.69547781
1.69528808
1.69509847
1.69478142
1.69446457
1.69414792
1.69406255
1.69405483
1.69418391
1.69431290
1.69444181
1.69457064
1.69453334
1.69449605
1.69445879
1.69442156
1.69420553
1.69398964
1.69377388
1.69355826
1.69334277
1.69312741
1.69291219
1.69260474
1.69251462
1.69242456
1.69233455
1.69224460
1.69197052
1.69169661
1.69142287
1.69114930
1.69100630
1.69086338
1.69072056
1.69057782
1.69053061
1.69066082
1.69070818
1.69075550
1.69080280
1.69074091
1.69067906
1.69042900
1.69017910
1.68986925
1.68978286
1.68967174
1.68967331
1.68954345
1.68941368
1.68928398
1.68948026
1.68918764
1.68889520
1.68856376
1.68835443
1.68814523
1.68793981
1.68781075
1.68768178
1.68755288
1.68742407
1.68733609
1.68718311
1.68739475
1.68767549
1.68771930
1.68776309
1.68780684
1.68785057
1.68777073
1.68762934
1.68756462
1.68749994
1.68739186
1.68735613
1.68732041
1.68713103
1.68694177
1.68675060
1.68655954
1.68651960
1.68649411
1.68646863
1.68628662
1.68630330
1.68635509
1.68640684
1.68645857
1.68626646
1.68612004
1.68597371
1.68589497
1.68581628
1.68577974
1.68574321
1.68570670
1.68544847
1.68523458
1.68502082
1.68479078
1.68456087
1.68434015
1.68411956
1.68389911
1.68354459
1.68319029
1.68283621
1.68264001
1.68264534
1.68251710
1.68234272
1.68222958
1.68202298
1.68180193
1.68158101
1.68136022
1.68113957
1.68085932
1.68057924
1.68025832
1.67993759
1.67961705
1.67929671
1.67897655
1.67870951
1.67849240
1.67827541
1.67805856
1.67773623
1.67741409
1.67709215
1.67686718
1.67664235
1.67638232
1.67612245
1.67586273
1.67581118
1.67575967
1.67560667
1.67545377
1.67539700
1.67529120
1.67518545
1.67507977
1.67497415
1.67469500
1.67441602
1.67413721
1.67383327
1.67352951
1.67341077
1.67329210
1.67322991
1.67325033
1.67360795
1.67419625
1.67450258
1.67451579
1.67448903
1.67420105
1.67410860
1.67401482
1.67394640
1.67413295
1.67448989
1.67484662
1.67484145
1.67483628
1.67483112
1.67502993
1.67522862
1.67542090
1.67561307
1.67585937
1.67622271
1.67654335
1.67676200
1.67694281
1.67710140
1.67725989
1.67724958
1.67722200
1.67719445
1.67716690
1.67713938
1.67718432
1.67704086
1.67713072
1.67735352
1.67736751
1.67750793
1.67765387
1.67778836
1.67767966
1.67785851
1.67781642
1.67777436
1.67773232
1.67750211
1.67728988
1.67707777
1.67686578
1.67665392
1.67644219
1.67623058
1.67609632
1.67592123
1.67574625
1.67541693
1.67527465
1.67513246
1.67505902
1.67498563
1.67491228
1.67483897
1.67476571
1.67469248
1.67499454
1.67509265
1.67519070
1.67514280
1.67509492
1.67504708
1.67499926
1.67492802
1.67486568
1.67468606
1.67450655
1.67421822
1.67390313
1.67355853
1.67321412
1.67293969
1.67254972
1.67215999
1.67177048
1.67138120
1.67099214
1.67060331
1.67021470
1.67001988
1.66982516
1.66952138
1.66928159
1.66904380
1.66894833
1.66875312
1.66868922
1.66852569
1.66843390
1.66864972
1.66877686
1.66883900
1.66900540
1.66930992
1.66961427
1.67011074
1.67046123
1.67081151
1.67116160
1.67125744
1.67135600
1.67139595
1.67142613
1.67130371
1.67120495
1.67110624
1.67100759
1.67083246
1.67064334
1.67045434
1.67026543
1.67010917
1.66996494
1.66982079
1.66984530
1.66980674
1.66975121
1.66969570
1.66964023
1.66948929
1.66919063
1.66889213
1.66859381
1.66829566
1.66807774
1.66785996
1.66784183
1.66782371
1.66780560
1.66778750
1.66776941
1.66775133
1.66768988
1.66779796
1.66802164
1.66824519
1.66858893
1.66874331
1.66870740
1.66874534
1.66878327
1.66863681
1.66849045
1.66834416
1.66810539
1.66786676
1.66755118
1.66723579
1.66699905
1.66676244
1.66671478
1.66653579
1.66635690
1.66617811
1.66599942
1.66582083
1.66564235
1.66557958
1.66551685
1.66548109
1.66530793
1.66513486
1.66496189
1.66478902
1.66473125
1.66459779
1.66446440
1.66438584
1.66430677
1.66422775
1.66424850
1.66426925
1.66428998
1.66441597
1.66449179
1.66456757
1.66438845
1.66420944
1.66385601
1.66350278
1.66314975
1.66279691
1.66244428
1.66209184
1.66173961
1.66138757
1.66103572
1.66068408
1.66033263
1.65998138
1.65963033
1.65927948
1.65892882
1.65857836
1.65822810
1.65787803
1.65752816
1.65717848
1.65708938
1.65680673
1.65654631
1.65628603
1.65602589
1.65576591
1.65550606
1.65524636
1.65509475
1.65494321
1.65479177
1.65464040
1.65429922
1.65395824
1.65361973
1.65339849
1.65332173
1.65297850
1.65263546
1.65229261
1.65203637
1.65178027
1.65152432
1.65126850
1.65102023
1.65081099
1.65065801
1.65071665
1.65083253
1.65108881
1.65148534
1.65212453
1.65276337
1.65318855
1.65355475
1.65392075
1.65428654
1.65478800
1.65520753
1.65554799
1.65575452
1.65576417
1.65577382
1.65591507
1.65610140
1.65628763
1.65643468
1.65655223
1.65672837
1.65708508
1.65742221
1.65778366
1.65814491
1.65845484
1.65877077
1.65923664
1.65970224
1.66016760
1.66069912
1.66121507
1.66173074
1.66239358
1.66283033
1.66329404
1.66351171
1.66372927
1.66394671
1.66416402
1.66410569
1.66404739
1.66390098
1.66375465
1.66356330
1.66337205
1.66318090
1.66298986
1.66297270
1.66292947
1.66288627
1.66284309
1.66279993
1.66271139
1.66262290
1.66244423
1.66233401
1.66222385
1.66233307
1.66244223
1.66227997
1.66208552
1.66183523
1.66168808
1.66154102
1.66128851
1.66103613
1.66078389
1.66053178
1.66027982
1.66002799
1.65977630
1.65952474
1.65927333
1.65903484
1.65879648
1.65855825
1.65832015
1.65808218
1.65784434
1.65760663
1.65738252
1.65715853
1.65693466
1.65681272
1.65665268
1.65652829
1.65647285
1.65643991
1.65639813
1.65635637
1.65629030
1.65622426
1.65613883
1.65626935
1.65639980
1.65673305
1.65726958
1.65771867
1.65814046
1.65816718
1.65819388
1.65810968
1.65802553
1.65784268
1.65765994
1.65728407
1.65720290
1.65712176
1.65704068
1.65711045
1.65746218
1.65754619
1.65763015
1.65771407
1.65779794
1.65773427
1.65771093
1.65767062
1.65763033
1.65759006
1.65754981
1.65776996
1.65798396
1.65819784
1.65821525
1.65805297
1.65789078
1.65761177
1.65733292
1.65705421
1.65677565
1.65668597
1.65659634
1.65643781
1.65627937
1.65612102
1.65596275
1.65585653
1.65575037
1.65594563
1.65609960
1.65625349
1.65623300
1.65621251
1.65617744
1.65609592
1.65576859
1.65544144
1.65511446
1.65502575
1.65488688
1.65507063
1.65529201
1.65557096
1.65578822
1.65600537
1.65622241
1.65643098
1.65653871
1.65660919
1.65667962
1.65680871
1.65693773
1.65721777
1.65727362
1.65732945
1.65749497
1.65730360
1.65711233
1.65708877
1.65706522
1.65697890
1.65689263
1.65680640
1.65695885
1.65702290
1.65707181
1.65698525
1.65694211
1.65704705
1.65707952
1.65711198
1.65714441
1.65717683
1.65720923
1.65752537
1.65794379
1.65836199
1.65877031
1.65917841
1.65986782
1.66044795
1.66106101
1.66136136
1.66153294
1.66138222
1.66123158
1.66108101
1.66093479
1.66078865
1.66064259
1.66054103
1.66040488
1.66030096
1.66019710
1.65996103
1.65972508
1.65948925
1.65925355
1.65901797
1.65896519
1.65891244
1.65894132
1.65912387
1.65917056
1.65922377
1.65949380
1.65976370
1.66003344
1.66030305
1.66057252
1.66060201
1.66069059
1.66077913
1.66086762
1.66091303
1.66095843
1.66079093
1.66048429
1.66017782
1.65987150
1.65956534
1.65934167
1.65909249
1.65884344
1.65861926
1.65839520
1.65821151
1.65802792
1.65784442
1.65761387
1.65738344
1.65718065
1.65697796
1.65677537
1.65657290
1.65637052
1.65616825
1.65596609
1.65576403
1.65540161
1.65503937
1.65467732
1.65431545
1.65395378
1.65359229
1.65323099
1.65286988
1.65250895
1.65241353
1.65231815
1.65222282
1.65210869
1.65199463
1.65189457
1.65188114
1.65186772
1.65176579
1.65176233
1.65175887
1.65171070
1.65166255
1.65161443
1.65156633
1.65135855
1.65115087
1.65083855
1.65052639
1.65021440
1.65017238
1.65045475
1.65062420
1.65054831
1.65047246
1.65039665
1.65032087
1.65024514
1.65002241
1.64989156
1.64976079
1.64987750
1.64999415
1.65011075
1.65015178
1.65008846
1.65002518
1.64980023
1.64957539
1.64930928
1.64904330
1.64868153
1.64831993
1.64811559
1.64799982
1.64779534
1.64759096
1.64738669
1.64721468
1.64704346
1.64687232
1.64670128
1.64671326
1.64672523
1.64673720
1.64674916
1.64676112
1.64677307
1.64683494
1.64689678
1.64695859
1.64720125
1.64744379
1.64768621
1.64792850
1.64818221
1.64833149
1.64848069
1.64870857
1.64901392
1.64926720
1.64966324
1.65005909
1.65045473
1.65085017
1.65116415
1.65142011
1.65167594
1.65192664
1.65205171
1.65217671
1.65230166
1.65242653
1.65255135
1.65261931
1.65268724
1.65261411
1.65262118
1.65262825
1.65283733
1.65320196
1.65325971
1.65331743
1.65311294
1.65290855
1.65267626
1.65260755
1.65253888
1.65259497
1.65265103
1.65258256
1.65251411
1.65238852
1.65226299
1.65213752
1.65203563
1.65177970
1.65152390
1.65126823
1.65108509
1.65090204
1.65093334
1.65130894
1.65153816
1.65176727
1.65179523
1.65187366
1.65191338
1.65193479
1.65184046
1.65174942
1.65194549
1.65214147
1.65240518
1.65236067
1.65219592
1.65213453
1.65207318
1.65201186
1.65214696
1.65228200
1.65218898
1.65212438
1.65205982
1.65190573
1.65184636
1.65179735
1.65185159
1.65202394
1.65219353
1.65244321
1.65270097
1.65275859
1.65281617
1.65297531
1.65282255
1.65266988
1.65265699
1.65264411
1.65267796
1.65271178
1.65276256
1.65281331
1.65286403
1.65291473
1.65292850
1.65294226
1.65278777
1.65263335
1.65255816
1.65248302
1.65240791
1.65233284
1.65226437
1.65236785
1.65247128
1.65261995
1.65276854
1.65301920
1.65303789
1.65305657
1.65307524
1.65309390
1.65311255
1.65313120
1.65314983
1.65319200
1.65323414
1.65327627
1.65342283
1.65360132
1.65371841
1.65378542
1.65367573
1.65354690
1.65341814
1.65328944
1.65327833
1.65326724
1.65322290
1.65317858
1.65313428
1.65309000
1.65304575
1.65300151
1.65313026
1.65325893
1.65332761
1.65330424
1.65328088
1.65325753
1.65323419
1.65305344
1.65296632
1.65304824
1.65313012
1.65334651
1.65356279
1.65380438
1.65398063
1.65415679
1.65433287
1.65450886
1.65465380
1.65489006
1.65526815
1.65564606
1.65596488
1.65645683
1.65693829
1.65750567
1.65807278
1.65863961
1.65920616
1.65970393
1.66013116
1.66048602
1.66112806
1.66176978
1.66230922
1.66269427
1.66289904
1.66310371
1.66319088
1.66312404
1.66305723
1.66299046
1.66289613
1.66280186
1.66265351
1.66250523
1.66248742
1.66246961
1.66252170
1.66257375
1.66266454
1.66275528
1.66282541
1.66275499
1.66260741
1.66240899
1.66221066
1.66201244
1.66194801
1.66188361
1.66181924
1.66175491
1.66169060
1.66160605
1.66152153
1.66143706
1.66139140
1.66129892
1.66116186
1.66083777
1.66051383
1.66019006
1.65986644
1.65954298
1.65940190
1.65920333
1.65915693
1.65894639
1.65873595
1.65863764
1.65860929
1.65858096
1.65862625
1.65868197
1.65898899
1.65918435
1.65937961
1.65957478
1.65976985
1.66027074
1.66067053
1.66107012
1.66146953
1.66192180
1.66250162
1.66322399
1.66396207
1.66477025
1.66557803
1.66638542
1.66692878
1.66735938
1.66777534
1.66814674
1.66840149
1.66865613
1.66904424
1.66918273
1.66927449
1.66934878
1.66933875
1.66932873
1.66927751
1.66926823
1.66912261
1.66888934
1.66865618
1.66856294
1.66849062
1.66823650
1.66798251
1.66772864
1.66746515
1.66720180
1.66693857
1.66667547
1.66641249
1.66620647
1.66600054
1.66579472
1.66558899
1.66538336
1.66518858
1.66488077
1.66457311
1.66426560
1.66395823
1.66369517
1.66343224
1.66323993
1.66287994
1.66252012
1.66216047
1.66180099
1.66144168
1.66108254
1.66072358
1.66036478
1.66000616
1.65964771
1.65928942
1.65893131
1.65857337
1.65821560
1.65814388
1.65804679
1.65799829
1.65788132
1.65776441
1.65769870
1.65763302
1.65757355
1.65741159
1.65733548
1.65715926
1.65698313
1.65680708
1.65649747
1.65626014
1.65602293
1.65573553
1.65544827
1.65525915
1.65507012
1.65491082
1.65474817
1.65465331
1.65444341
1.65423362
1.65402392
1.65381432
1.65357564
1.65333708
1.65309862
1.65308472
1.65303947
1.65300700
1.65285194
1.65269696
1.65267756
1.65265818
1.65260113
1.65235921
1.65211740
1.65187571
1.65163412
1.65139266
1.65115130
1.65091006
1.65066894
1.65042792
1.65018702
1.65010305
1.65017001
1.65023694
1.65020342
1.65016991
1.65010195
1.65010571
1.65010947
1.65024334
1.65042801
1.65061260
1.65079710
1.65078077
1.65069155
1.65060237
1.65051323
1.65038383
1.65025449
1.65012522
1.65010959
1.65000669
1.65009034
1.65017394
1.65025751
1.65034104
1.65042452
1.65041060
1.65024395
1.65007738
1.64991088
1.64974447
1.64964905
1.64957419
1.64949938
1.64942460
1.64943260
1.64944060
1.64944859
1.64945659
1.64928301
1.64910950
1.64887260
1.64872555
1.64865792
1.64854185
1.64842584
1.64830988
1.64819397
1.64807812
1.64796232
1.64775283
1.64749432
1.64723593
1.64697766
1.64671951
1.64659195
1.64646446
1.64628612
1.64610786
1.64592969
1.64575160
1.64557359
1.64539566
1.64521782
1.64509538
1.64497299
1.64485066
1.64472839
1.64460618
1.64442130
1.64423650
1.64426874
1.64430095
1.64442683
1.64446971
1.64439504
1.64432041
1.64424581
1.64417125
1.64404842
1.64392566
1.64380295
1.64365861
1.64339550
1.64313252
1.64286966
1.64280462
1.64285117
1.64276419
1.64298690
1.64314604
1.64337133
1.64370452
1.64403756
1.64440304
1.64480286
1.64513234
1.64575599
1.64638345
1.64701063
1.64786902
1.64861914
1.64933859
1.64988424
1.65042964
1.65097480
1.65129671
1.65161847
1.65183155
1.65217745
1.65252318
1.65261476
1.65263542
1.65272056
1.65280566
1.65289073
1.65291553
1.65305246
1.65298326
1.65291410
1.65281622
1.65268122
1.65254628
1.65241141
1.65227660
1.65212388
1.65197122
1.65181864
1.65166613
1.65150252
1.65136250
1.65128487
1.65120727
1.65112971
1.65105218
1.65087141
1.65072306
1.65056057
1.65037094
1.65025395
1.65013701
1.65002012
1.64990328
1.64982863
1.64976576
1.64970291
1.64964009
1.64967671
1.64995539
1.65023393
1.65051235
1.65051897
1.65052558
1.65044353
1.65036151
1.65027953
1.65014528
1.65001110
1.64987698
1.64974292
1.64960892
1.64967046
1.64976250
1.64985450
1.65012331
1.65030451
1.65048563
1.65066667
1.65084763
1.65079522
1.65075904
1.65072287
1.65068672
1.65065059
1.65061448
1.65057838
1.65047194
1.65036555
1.65020390
1.65026965
1.65003984
1.64981015
1.64968532
1.64956054
1.64946406
1.64932139
1.64917879
1.64902225
1.64886857
1.64871496
1.64856141
1.64851877
1.64852961
1.64863930
1.64892824
1.64921706
1.64951704
1.64981690
1.65023830
1.65046784
1.65056346
1.65065904
1.65079337
1.65092764
1.65106185
1.65119600
1.65133009
1.65139242
1.65140856
1.65139995
1.65117785
1.65102476
1.65081287
1.65060108
1.65056228
1.65035451
1.65014683
1.64993924
1.64972713
1.64959443
1.64952496
1.64954097
1.64965159
1.64972455
1.64979747
1.64984081
1.64988413
1.64992743
1.64993609
1.64994474
1.65007725
1.65020971
1.65040839
1.65060699
1.65085874
1.65114589
1.65143291
1.65174733
1.65203281
1.65231816
1.65253063
1.65265762
1.65280727
1.65295686
1.65310637
1.65325582
1.65342328
1.65334952
1.65331626
1.65333968
1.65315913
1.65297866
1.65279828
1.65261797
1.65243774
1.65225759
1.65208740
1.65185976
1.65163221
1.65140476
1.65142867
1.65153867
1.65155630
1.65157391
1.65159666
1.65167804
1.65175939
1.65182808
1.65171033
1.65159263
1.65150294
1.65144799
1.65133194
1.65121595
1.65110001
1.65098411
1.65105431
1.65112448
1.65119462
1.65126472
1.65150070
1.65173657
1.65197233
1.65209304
1.65198788
1.65185028
1.65171275
1.65154254
1.65137240
1.65120233
1.65095533
1.65070844
1.65046166
1.65021499
1.64996843
1.64972198
1.64947563
1.64936412
1.64925266
1.64914125
1.64902989
1.64880819
1.64858657
1.64836506
1.64814364
1.64796325
1.64778294
1.64776246
1.64774199
1.64774916
1.64774700
1.64786021
1.64797338
1.64810263
1.64823183
1.64818427
1.64813674
1.64808923
1.64782465
1.64758676
1.64734897
1.64711129
1.64687371
1.64663624
1.64642157
1.64620700
1.64594777
1.64568865
1.64542965
1.64517076
1.64496517
1.64479625
1.64462740
1.64446039
1.64429344
1.64412657
1.64395977
1.64379305
1.64357856
1.64336416
1.64314986
1.64297623
1.64280267
1.64262919
1.64245579
1.64228246
1.64210921
1.64193603
1.64176293
1.64156983
1.64137681
1.64140602
1.64143292
1.64145981
1.64148669
1.64151356
1.64139900
1.64128449
1.64107864
1.64088497
1.64069139
1.64049789
1.64030447
1.64011113
1.63991789
1.63972472
1.63953164
1.63938234
1.63925821
1.63897372
1.63881059
1.63858907
1.63830207
1.63801519
1.63772843
1.63744180
1.63715530
1.63686891
1.63658265
1.63629652
1.63601050
1.63572462
1.63543885
1.63515321
1.63486769
1.63458229
1.63429702
1.63401187
1.63391524
1.63381866
1.63360498
1.63335120
1.63313945
1.63298425
1.63282911
1.63281707
1.63274961
1.63268218
1.63261478
1.63251272
1.63249281
1.63261348
1.63291301
1.63321241
1.63351168
1.63364884
1.63378595
1.63392299
1.63433467
1.63474618
1.63514234
1.63580254
1.63646246
1.63714249
1.63782223
1.63850168
1.63918084
1.63987150
1.64052761
1.64127756
1.64202719
1.64288060
1.64370949
1.64453802
1.64530490
1.64602596
1.64670965
1.64710656
1.64744535
1.64778400
1.64807747
1.64819520
1.64801511
1.64783511
1.64773168
1.64761535
1.64737062
1.64712599
1.64688147
1.64671850
1.64655559
1.64639276
1.64622999
1.64606730
1.64582246
1.64557774
1.64533311
1.64508859
1.64504409
1.64499962
1.64488668
1.64472732
1.64456713
1.64432833
1.64408962
1.64385102
1.64361252
1.64337412
1.64313582
1.64289763
1.64265953
1.64242154
1.64218364
1.64194585
1.64170816
1.64147057
1.64123308
1.64099569
1.64075840
1.64052730
1.64029631
1.64006541
1.63993527
1.63980519
1.63962615
1.63944720
1.63926832
1.63908951
1.63891079
1.63873213
1.63858027
1.63850174
1.63842324
1.63835886
1.63829450
1.63823017
1.63816587
1.63810159
1.63788907
1.63788920
1.63765049
1.63741187
1.63717336
1.63693494
1.63670016
1.63647277
1.63624548
1.63623852
1.63623157
1.63627230
1.63637748
1.63648261
1.63678576
1.63689973
1.63705391
1.63705280
1.63706933
1.63708586
1.63714963
1.63730534
1.63723021
1.63734156
1.63755482
1.63768782
1.63765246
1.63761712
1.63758179
1.63747375
1.63736575
1.63725780
1.63714990
1.63704204
1.63700125
1.63687985
1.63678094
1.63668206
1.63658322
1.63648443
1.63638850
1.63644511
1.63650168
1.63656999
1.63663826
1.63671758
1.63669357
1.63655039
1.63639464
1.63628674
1.63613225
1.63597782
1.63582346
1.63565690
1.63549041
1.63544807
1.63540574
1.63535680
1.63530787
1.63541881
1.63552969
1.63561561
1.63600057
1.63636783
1.63673493
1.63710187
1.63756291
1.63802375
1.63833545
1.63864703
1.63895848
1.63926980
1.63958099
1.63989205
1.64020298
1.64067750
1.64105928
1.64130188
1.64124768
1.64119366
1.64123057
1.64133311
1.64152199
1.64180071
1.64207735
1.64235388
1.64257192
1.64280895
1.64299920
1.64325906
1.64351881
1.64377845
1.64399711
1.64433738
1.64461269
1.64488789
1.64516297
1.64536639
1.64556373
1.64572704
1.64586534
1.64599582
1.64625197
1.64654037
1.64677196
1.64702899
1.64733673
1.64764434
1.64788763
1.64813082
1.64837391
1.64861690
1.64886366
1.64914609
1.64951835
1.64993473
1.65035094
1.65070731
1.65106354
1.65149584
1.65186682
1.65225674
1.65268723
1.65317705
1.65347323
1.65376614
1.65384101
1.65391586
1.65399068
1.65406547
1.65414022
1.65439807
1.65465582
1.65491346
1.65521214
1.65551070
1.65580913
1.65598737
1.65616554
1.65611068
1.65605584
1.65600103
1.65588948
1.65577799
1.65570459
1.65563123
1.65545630
1.65528144
1.65510665
1.65493193
1.65475729
1.65461750
1.65448697
1.65435651
1.65431856
1.65428064
1.65424273
1.65420483
1.65416696
1.65419265
1.65424660
1.65430052
1.65435443
1.65431453
1.65427465
1.65405945
1.65384434
1.65365451
1.65346477
1.65327510
1.65331690
1.65335869
1.65342457
1.65350751
1.65359042
1.65380555
1.65402058
1.65420459
1.65440708
1.65454104
1.65477181
1.65476319
1.65478471
1.65466659
1.65454852
1.65455397
1.65453542
1.65463265
1.65472984
1.65479654
1.65487284
1.65499671
1.65512052
1.65524429
1.65523339
1.65522248
1.65521158
1.65525535
1.65529910
1.65522678
1.65523384
1.65524089
1.65524794
1.65522444
1.65520094
1.65517672
1.65496533
1.65475403
1.65454281
1.65428011
1.65401751
1.65384665
1.65367585
1.65350512
1.65362046
1.65373576
1.65385101
1.65409455
1.65433799
1.65443523
1.65440447
1.65437371
1.65429546
1.65425499
1.65421454
1.65425498
1.65429540
1.65433580
1.65447829
1.65448961
1.65458068
1.65448067
1.65436156
1.65424250
1.65412350
1.65400453
1.65388562
1.65376676
1.65364794
1.65358490
1.65352900
1.65355261
1.65349030
1.65344450
1.65339872
1.65335295
1.65321632
1.65311892
1.65312572
1.65307688
1.65302806
1.65308681
1.65331363
1.65351243
1.65371114
1.65390977
1.65410832
1.65429393
1.65465680
1.65488633
1.65511577
1.65537792
1.65562758
1.65567756
1.65572753
1.65566317
1.65570477
1.65571585
1.65572693
1.65580797
1.65600499
1.65628455
1.65643961
1.65659848
1.65664484
1.65677646
1.65690024
1.65703330
1.65714722
1.65711956
1.65709191
1.65706427
1.65703664
1.65698184
1.65683912
1.65669645
1.65655385
1.65636329
1.65617281
1.65598241
1.65584320
1.65570405
1.65559483
1.65532630
1.65505786
1.65478954
1.65463123
1.65446955
1.65430793
1.65414638
1.65398489
1.65382956
1.65367429
1.65366860
1.65366292
1.65365724
1.65365157
1.65374199
1.65383237
1.65403831
1.65424416
1.65428219
1.65432020
1.65435820
1.65439619
1.65443416
1.65445926
1.65443819
1.65470617
1.65497406
1.65524183
1.65525273
1.65526363
1.65522840
1.65519318
1.65510521
1.65501614
1.65484036
1.65466464
1.65448899
1.65431341
1.65413790
1.65396246
1.65371288
1.65367478
1.65349187
1.65330904
1.65312628
1.65301679
1.65291060
1.65280445
1.65261712
1.65253172
1.65249305
1.65245440
1.65243126
1.65257832
1.65272532
1.65281127
1.65299298
1.65317463
1.65327107
1.65335749
1.65328075
1.65320403
1.65323764
1.65324453
1.65329308
1.65318844
1.65308384
1.65297928
1.65285285
1.65270662
1.65256045
1.65251329
1.65267519
1.65283703
1.65308566
1.65333419
1.65347824
1.65375739
1.65388944
1.65413530
1.65438106
1.65467799
1.65489468
1.65501685
1.65513897
1.65526104
1.65538307
1.65534712
1.65525483
1.65516257
1.65507036
1.65497323
1.65476306
1.65463338
1.65450376
1.65437419
1.65424467
1.65416595
1.65409676
1.65406880
1.65404086
1.65392237
1.65380393
1.65360518
1.65340652
1.65320793
1.65319476
1.65313835
1.65304313
1.65283221
1.65262151
1.65247891
1.65233637
1.65214310
1.65194991
1.65175679
1.65156375
1.65135013
1.65113659
1.65093461
1.65073270
1.65053087
1.65032912
1.65027725
1.64998358
1.64969002
1.64939658
1.64910325
1.64881004
1.64869319
1.64857638
1.64845961
1.64834290
1.64822622
1.64817699
1.64819561
1.64821421
1.64809531
1.64797646
1.64785766
1.64775476
1.64765191
1.64765787
1.64766383
1.64766979
1.64760443
1.64753909
1.64747377
1.64740848
1.64728060
1.64712493
1.64696933
1.64700593
1.64704251
1.64707909
1.64705645
1.64689314
1.64672989
1.64669414
1.64665841
1.64660654
1.64655468
1.64631788
1.64608117
1.64584455
1.64560802
1.64537158
1.64513523
1.64489897
1.64466280
1.64442673
1.64429686
1.64409906
1.64390133
1.64370369
1.64350612
1.64330862
1.64326698
1.64322535
1.64323952
1.64325368
1.64326784
1.64328199
1.64328944
1.64320740
1.64319635
1.64324124
1.64328612
1.64322403
1.64311611
1.64300823
1.64309984
1.64319141
1.64336714
1.64354279
1.64377600
1.64400911
1.64416994
1.64433070
1.64449141
1.64465205
1.64483392
1.64494380
1.64507895
1.64529811
1.64547738
1.64566511
1.64585276
1.64604035
1.64608241
1.64618689
1.64637637
1.64636493
1.64635350
1.64634206
1.64623283
1.64612363
1.64585746
1.64581284
1.64573142
1.64558137
1.64543138
1.64522403
1.64501675
1.64480956
1.64460840
1.64440732
1.64420631
1.64391467
1.64362313
1.64333171
1.64304040
1.64274920
1.64245811
1.64216713
1.64187626
1.64163000
1.64147532
1.64132069
1.64116613
1.64101163
1.64085718
1.64074890
1.64064066
1.64053246
1.64038879
1.64024517
1.64017186
1.64025430
1.64033671
1.64057485
1.64088865
1.64145784
1.64200278
1.64254752
1.64301347
1.64347923
1.64372440
1.64403107
1.64436640
1.64468538
1.64500424
1.64531119
1.64561802
1.64565223
1.64568643
1.64572062
1.64575479
1.64562217
1.64549181
1.64536149
1.64523122
1.64510101
1.64497084
1.64484072
1.64469481
1.64454896
1.64441772
1.64428654
1.64435687
1.64428648
1.64425201
1.64433187
1.64436221
1.64436411
1.64436601
1.64417763
1.64398932
1.64380108
1.64361291
1.64342482
1.64323679
1.64304883
1.64286095
1.64267314
1.64248539
1.64229406
1.64210280
1.64191161
1.64172049
1.64156118
1.64140193
1.64123322
1.64106458
1.64089600
1.64072748
1.64055902
1.64052095
1.64048290
1.64044486
1.64027979
1.64011479
1.63990561
1.63969651
1.63948749
1.63927854
1.63907564
1.63894367
1.63881174
1.63874995
1.63860187
1.63845385
1.63828213
1.63811047
1.63792546
1.63774052
1.63755565
1.63737084
1.63718611
1.63719398
1.63712452
1.63705508
1.63700454
1.63695402
1.63690352
1.63687033
1.63683715
1.63680398
1.63677083
1.63665031
1.63652983
1.63640940
1.63628902
1.63616868
1.63604838
1.63592813
1.63587875
1.63582938
1.63578002
1.63570989
1.63563978
1.63554612
1.63554888
1.63566343
1.63576934
1.63587520
1.63592611
1.63597699
1.63602786
1.63601607
1.63600428
1.63599249
1.63618698
1.63639129
1.63659552
1.63679968
1.63713410
1.63747945
1.63784903
1.63821847
1.63851710
1.63881562
1.63927356
1.63963760
1.64007327
1.64059136
1.64098475
1.64147242
1.64184780
1.64216474
1.64246676
1.64276867
1.64315503
1.64354126
1.64373889
1.64388046
1.64400608
1.64425516
1.64437644
1.64471540
1.64504233
1.64532353
1.64551579
1.64566469
1.64585846
1.64603084
1.64620527
1.64640014
1.64659494
1.64663319
1.64667141
1.64670963
1.64666999
1.64663037
1.64648128
1.64633224
1.64618326
1.64603433
1.64604506
1.64608693
1.64606184
1.64613695
1.64631579
1.64649951
1.64668315
1.64694366
1.64720652
1.64741905
1.64759987
1.64759454
1.64758921
1.64758389
1.64757857
1.64757325
1.64738110
1.64718902
1.64699700
1.64680506
1.64661318
1.64642138
1.64622965
1.64609556
1.64603074
1.64592063
1.64582887
1.64586663
1.64590438
1.64583931
1.64593471
1.64614277
1.64635075
1.64657028
1.64678974
1.64691686
1.64704393
1.64721067
1.64735578
1.64747794
1.64762334
1.64765980
1.64770294
1.64774606
1.64773766
1.64803117
1.64824959
1.64835806
1.64846181
1.64844632
1.64843083
1.64841534
1.64826025
1.64810521
1.64796537
1.64782558
1.64770831
1.64759108
1.64747389
1.64735675
1.64714838
1.64694009
1.64673187
1.64652372
1.64631566
1.64617979
1.64602313
1.64586654
1.64571000
1.64566353
1.64568770
1.64555742
1.64536959
1.64518183
1.64499414
1.64488301
1.64471375
1.64454455
1.64437541
1.64424878
1.64412220
1.64399683
1.64387151
1.64366767
1.64353121
1.64342736
1.64332355
1.64321978
1.64311605
1.64301235
1.64290869
1.64280507
1.64270149
1.64259794
1.64247797
1.64235804
1.64226110
1.64216419
1.64206732
1.64218291
1.64236212
1.64238212
1.64240210
1.64225065
1.64209925
1.64194791
1.64176451
1.64158118
1.64139791
1.64121471
1.64103158
1.64084851
1.64066550
1.64048257
1.64029970
1.64011689
1.63993415
1.63975148
1.63956887
1.63938633
1.63920385
1.63908877
1.63911874
1.63912793
1.63913712
1.63897698
1.63883914
1.63867849
1.63867273
1.63860948
1.63854625
1.63839533
1.63824446
1.63808959
1.63793478
1.63793186
1.63797381
1.63801386
1.63798716
1.63799409
1.63808921
1.63816093
1.63823450
1.63833444
1.63843434
1.63833370
1.63823309
1.63814256
1.63804891
1.63795530
1.63786172
1.63776817
1.63767466
1.63758118
1.63753147
1.63753873
1.63743561
1.63733598
1.63723639
1.63713683
1.63707309
1.63702296
1.63699399
1.63696504
1.63690953
1.63685404
1.63679857
1.63675884
1.63672502
1.63669121
1.63665134
1.63661148
1.63648502
1.63635860
1.63624968
1.63624494
1.63632417
1.63644933
1.63657528
1.63670410
1.63697403
1.63705116
1.63712827
1.63719780
1.63726730
1.63733677
1.63724878
1.63716081
1.63707288
1.63711138
1.63714986
1.63715188
1.63715826
1.63716465
1.63717103
1.63730284
1.63743460
1.63747619
1.63751777
1.63755710
1.63780388
1.63805057
1.63844803
1.63879263
1.63910800
1.63942326
1.63981864
1.64014429
1.64046983
1.64069310
1.64091038
1.64106853
1.64109256
1.64111657
1.64125355
1.64153793
1.64187356
1.64220907
1.64257524
1.64291301
1.64319666
1.64357253
1.64380921
1.64411419
1.64441906
1.64472383
1.64490463
1.64516473
1.64514855
1.64502105
1.64496404
1.64481044
1.64465689
1.64450339
1.64434995
1.64419656
1.64404323
1.64388995
1.64373673
1.64358356
1.64335471
1.64312594
1.64289725
1.64266864
1.64244011
1.64236570
1.64229132
1.64215931
1.64202734
1.64189541
1.64176353
1.64163038
1.64149726
1.64136420
1.64123118
1.64109821
1.64096528
1.64083241
1.64081494
1.64079747
1.64094935
1.64110118
1.64125296
1.64137677
1.64142278
1.64146878
1.64152994
1.64159109
1.64169796
1.64167173
1.64164550
1.64154405
1.64156523
1.64158641
1.64160758
1.64162874
1.64164990
1.64168762
1.64172533
1.64172554
1.64173156
1.64173758
1.64174360
1.64174962
1.64175563
1.64176165
1.64171383
1.64166602
1.64160928
1.64155256
1.64149585
1.64143917
1.64133353
1.64122692
1.64111005
1.64099322
1.64084290
1.64069264
1.64050901
1.64050033
1.64045659
1.64056961
1.64054527
1.64052095
1.64041478
1.64030864
1.64020255
1.64009649
1.63997451
1.63985258
1.63973069
1.63960885
1.63948704
1.63936528
1.63924356
1.63912189
1.63903882
1.63895578
1.63894523
1.63893469
1.63894335
1.63895201
1.63886085
1.63872987
1.63859894
1.63846806
1.63835401
1.63824000
1.63812603
1.63801210
1.63789820
1.63778435
1.63767054
1.63755676
1.63744303
1.63747327
1.63750351
1.63734629
1.63718913
1.63704403
1.63690306
1.63676214
1.63656306
1.63636406
1.63620923
1.63605446
1.63589974
1.63575287
1.63560605
1.63545928
1.63531256
1.63516589
1.63501927
1.63485789
1.63469656
1.63453528
1.63439310
1.63421676
1.63417894
1.63414113
1.63410334
1.63409930
1.63413193
1.63421412
1.63410169
1.63398929
1.63387693
1.63389308
1.63394824
1.63402087
1.63407732
1.63400519
1.63393308
1.63386100
1.63380524
1.63378430
1.63376338
1.63367388
1.63353086
1.63338789
1.63337279
1.63343671
1.63350061
1.63356448
1.63362833
1.63367899
1.63374953
1.63377891
1.63383095
1.63391064
1.63388168
1.63385272
1.63374533
1.63366635
1.63366159
1.63365682
1.63365206
1.63364731
1.63368140
1.63371548
1.63387259
1.63402965
1.63418665
1.63437273
1.63451182
1.63458839
1.63472975
1.63488934
1.63504887
1.63523412
1.63541079
1.63544867
1.63536226
1.63529351
1.63526561
1.63534835
1.63546211
1.63555079
1.63550674
1.63546272
1.63541870
1.63537470
1.63525927
1.63515305
1.63504687
1.63494072
1.63483461
1.63471883
1.63460309
1.63448739
1.63437173
1.63425611
1.63415610
1.63405613
1.63399996
1.63394111
1.63385544
1.63386468
1.63385654
1.63384840
1.63364056
1.63343280
1.63322511
1.63317224
1.63310053
1.63302885
1.63296758
1.63289704
1.63282653
1.63287422
1.63279563
1.63271707
1.63263853
1.63256002
1.63248154
1.63240308
1.63245057
1.63250813
1.63251796
1.63245806
1.63231036
1.63213849
1.63196667
1.63179491
1.63162321
1.63156942
1.63166668
1.63167501
1.63168334
1.63169166
1.63159040
1.63144247
1.63129459
1.63114676
1.63097975
1.63081280
1.63070570
1.63059863
1.63049160
1.63038461
1.63027765
1.63017073
1.63000073
1.62983080
1.62965845
1.62948616
1.62931393
1.62922156
1.62913693
1.62905232
1.62889892
1.62879670
1.62869451
1.62859442
1.62849437
1.62839435
1.62829436
1.62826893
1.62811273
1.62795657
1.62780047
1.62764442
1.62748842
1.62733248
1.62717659
1.62703001
1.62683794
1.62664592
1.62645398
1.62626209
1.62607028
1.62587852
1.62568683
1.62549521
1.62545421
1.62541323
1.62537227
1.62533132
1.62519219
1.62510676
1.62503522
1.62508435
1.62505857
1.62503280
1.62490757
1.62478239
1.62466873
1.62455510
1.62447940
1.62429716
1.62411498
1.62397027
1.62381468
1.62370173
1.62358881
1.62348752
1.62338418
1.62325055
1.62321457
1.62317860
1.62314264
1.62324432
1.62334595
1.62344756
1.62354913
1.62344887
1.62338089
1.62331293
1.62330717
1.62325962
1.62321208
1.62316455
1.62310242
1.62304031
1.62298164
1.62292300
1.62286437
1.62291787
1.62279812
1.62267840
1.62259762
1.62251241
1.62242722
1.62234206
1.62240448
1.62246687
1.62246552
1.62240128
1.62233706
1.62227287
1.62220869
1.62214454
1.62199429
1.62184408
1.62163898
1.62143395
1.62129183
1.62115200
1.62090592
1.62065993
1.62041401
1.62016818
1.61992243
1.61967676
1.61950971
1.61932599
1.61914233
1.61895873
1.61877519
1.61859172
1.61840830
1.61822495
1.61806709
1.61790928
1.61785502
1.61780077
1.61774470
1.61768865
1.61759955
1.61751048
1.61743617
1.61736188
1.61747174
1.61747751
1.61743819
1.61735672
1.61717945
1.61700223
1.61685341
1.61667736
1.61650137
1.61632544
1.61617475
1.61602412
1.61599394
1.61596377
1.61590766
1.61585158
1.61575987
1.61566819
1.61550003
1.61533194
1.61526976
1.61520760
1.61514546
1.61508334
1.61509480
1.61510627
1.61507567
1.61513369
1.61527417
1.61529323
1.61531229
1.61521030
1.61511713
1.61502398
1.61493087
1.61490641
1.61480719
1.61491749
1.61500177
1.61528035
1.61555883
1.61576642
1.61597394
1.61620037
1.61647167
1.61674586
1.61705170
1.61735463
1.61760969
1.61786467
1.61811957
1.61837438
1.61855948
1.61877478
1.61901586
1.61925687
1.61942454
1.61959217
1.61975974
1.61989390
1.62002801
1.62016208
1.62029611
1.62050617
1.62065955
1.62081288
1.62096615
1.62111938
1.62127255
1.62142568
1.62154810
1.62167048
1.62179283
1.62191513
1.62203739
1.62204520
1.62205301
1.62183860
1.62162426
1.62140999
1.62119579
1.62098166
1.62076760
1.62055360
1.62033968
1.62012583
1.61991205
1.61969834
1.61948470
1.61927113
1.61905762
1.61891395
1.61877031
1.61868677
1.61852233
1.61835795
1.61820511
1.61805232
1.61789958
1.61774689
1.61760744
1.61744095
1.61727451
1.61713170
1.61698893
1.61689829
1.61680645
1.61671549
1.61658957
1.61646369
1.61646752
1.61649459
1.61652164
1.61654868
1.61662055
1.61669239
1.61678025
1.61686808
1.61695588
1.61708587
1.61721582
1.61734573
1.61747559
1.61756899
1.61766235
1.61775568
1.61784899
1.61788739
1.61792578
1.61779129
1.61765683
1.61752243
1.61738806
1.61736737
1.61720196
1.61703660
1.61699168
1.61694677
1.61687762
1.61680848
1.61673937
1.61674844
1.61675751
1.61674999
1.61674247
1.61673496
1.61671317
1.61675327
1.61675410
1.61665433
1.61668491
1.61664275
1.61660060
1.61655847
1.61654864
1.61640897
1.61626936
1.61628683
1.61630429
1.61632175
1.61624531
1.61625525
1.61632616
1.61643796
1.61654176
1.61665679
1.61677177
1.61688672
1.61705896
1.61700847
1.61693532
1.61686218
1.61678908
1.61657649
1.61636397
1.61615152
1.61593913
1.61572682
1.61551457
1.61530239
1.61516904
1.61506341
1.61495782
1.61485226
1.61474674
1.61464125
1.61453579
1.61443207
1.61432838
1.61422472
1.61412110
1.61415350
1.61415013
1.61414675
1.61414337
1.61419172
1.61424172
1.61435303
1.61446429
1.61457552
1.61475600
1.61505171
1.61528317
1.61534617
1.61538497
1.61534996
1.61531497
1.61521723
1.61511952
1.61502185
1.61493565
1.61484949
1.61476335
1.61483890
1.61491442
1.61487246
1.61490280
1.61505968
1.61509183
1.61510068
1.61510952
1.61511837
1.61512721
1.61525065
1.61528645
1.61532223
1.61530176
1.61527450
1.61514225
1.61501005
1.61487789
1.61487374
1.61489086
1.61483674
1.61478264
1.61467408
1.61464650
1.61452393
1.61440140
1.61427891
1.61415646
1.61403404
1.61391167
1.61394862
1.61412207
1.61410566
1.61408925
1.61407285
1.61405646
1.61397249
1.61384318
1.61371391
1.61358467
1.61345548
1.61332633
1.61323521
1.61314411
1.61309210
1.61297696
1.61286187
1.61274681
1.61263179
1.61251680
1.61240186
1.61238566
1.61237357
1.61236150
1.61242356
1.61247951
1.61255187
1.61262046
1.61261248
1.61276398
1.61291543
1.61306009
1.61305728
1.61315014
1.61324297
1.61342456
1.61342805
1.61337787
1.61331273
1.61312782
1.61294296
1.61275816
1.61266625
1.61257437
1.61253187
1.61249796
1.61244499
1.61239204
1.61231014
1.61222826
1.61221142
1.61219458
1.61229177
1.61238607
1.61258277
1.61277941
1.61297895
1.61317843
1.61337785
1.61340611
1.61340920
1.61334541
1.61331319
1.61328098
1.61324878
1.61319983
1.61315090
1.61306700
1.61301392
1.61296086
1.61290781
1.61285478
1.61280177
1.61262389
1.61244606
1.61230581
1.61216560
1.61207805
1.61196005
1.61184208
1.61172415
1.61178158
1.61174383
1.61170610
1.61166837
1.61163310
1.61162506
1.61152968
1.61143432
1.61133575
1.61123720
1.61106659
1.61089603
1.61076043
1.61067787
1.61059534
1.61051283
1.61043035
1.61034789
1.61032402
1.61030016
1.61028269
1.61026523
1.61024778
1.61023033
1.61027057
1.61039828
1.61052595
1.61069011
1.61068391
1.61067771
1.61073339
1.61078905
1.61089520
1.61100132
1.61122804
1.61140399
1.61162909
1.61180057
1.61201388
1.61219591
1.61237788
1.61251763
1.61243291
1.61234822
1.61234511
1.61234199
1.61242938
1.61241790
1.61235424
1.61229060
1.61220738
1.61222026
1.61223313
1.61224600
1.61226477
1.61234027
1.61241574
1.61249119
1.61256661
1.61261100
1.61265538
1.61280719
1.61295895
1.61311067
1.61321094
1.61334681
1.61348263
1.61361841
1.61388280
1.61414711
1.61448948
1.61476133
1.61503309
1.61515863
1.61528413
1.61540958
1.61545411
1.61562270
1.61584321
1.61599669
1.61615012
1.61629953
1.61644888
1.61659820
1.61675175
1.61690526
1.61700458
1.61710387
1.61719222
1.61723720
1.61730387
1.61737052
1.61737626
1.61738200
1.61738773
1.61739346
1.61724178
1.61709014
1.61697126
1.61688217
1.61678301
1.61668387
1.61661367
1.61654349
1.61647333
1.61640319
1.61632320
1.61624323
1.61626199
1.61625292
1.61612677
1.61600065
1.61587457
1.61574853
1.61562252
1.61551667
1.61541084
1.61530505
1.61519929
1.61509356
1.61498786
1.61488220
1.61477606
1.61466995
1.61450824
1.61436285
1.61421750
1.61404465
1.61387185
1.61378120
1.61369057
1.61359997
1.61354879
1.61349763
1.61344649
1.61339536
1.61334425
1.61336355
1.61338284
1.61339189
1.61336712
1.61334010
1.61331309
1.61328263
1.61319657
1.61311053
1.61302453
1.61293854
1.61285259
1.61276666
1.61268076
1.61259488
1.61245486
1.61231487
1.61217493
1.61203504
1.61189518
1.61170987
1.61167508
1.61161146
1.61160924
1.61160701
1.61160479
1.61160257
1.61161452
1.61162645
1.61163839
1.61169827
1.61174177
1.61176952
1.61172569
1.61168188
1.61163809
1.61162633
1.61161457
1.61163378
1.61164857
1.61166335
1.61167813
1.61157516
1.61147223
1.61136933
1.61126646
1.61116362
1.61100883
1.61080528
1.61060178
1.61039835
1.61028624
1.61017417
1.61010461
1.61003508
1.60996556
1.60989607
1.60982659
1.60975714
1.60974470
1.60973225
1.60971982
1.60970738
1.60971282
1.60965456
1.60959631
1.60963348
1.60960856
1.60969040
1.60977222
1.60985401
1.60981871
1.60985091
1.60988310
1.60991998
1.61000096
1.61012412
1.61025342
1.61037059
1.61053095
1.61073816
1.61080173
1.61095063
1.61109949
1.61123148
1.61139237
1.61155323
1.61171403
1.61193467
1.61215524
1.61239079
1.61262628
1.61286169
1.61309703
1.61335481
1.61347774
1.61359820
1.61380955
1.61418502
1.61456039
1.61490328
1.61524608
1.61583668
1.61632912
1.61682140
1.61731354
1.61764272
1.61790781
1.61816119
1.61823942
1.61821415
1.61818888
1.61815412
1.61811937
1.61808463
1.61804990
1.61804480
1.61803971
1.61788372
1.61785324
1.61782277
1.61779231
1.61774965
1.61772178
1.61764746
1.61757317
1.61749889
1.61746502
1.61743116
1.61738706
1.61739530
1.61739219
1.61730328
1.61721440
1.61712555
1.61703672
1.61690495
1.61681711
1.61672930
1.61664151
1.61655375
1.61651397
1.61647419
1.61643444
1.61639064
1.61624081
1.61609102
1.61594171
1.61588052
1.61581935
1.61576676
1.61571419
1.61566163
1.61557238
1.61545697
1.61534160
1.61522627
1.61511097
1.61499570
1.61488047
1.61481399
1.61474753
1.61468110
1.61456771
1.61456072
1.61456092
1.61465074
1.61474054
1.61483031
1.61506824
1.61530610
1.61540919
1.61552230
1.61563537
1.61574841
1.61586142
1.61597439
1.61605967
1.61614493
1.61623016
1.61631537
1.61640055
1.61646865
1.61653673
1.61667783
1.61673983
1.61680181
1.61684188
1.61692605
1.61701019
1.61705372
1.61700465
1.61705063
1.61705465
1.61706600
1.61704366
1.61702668
1.61712096
1.61717829
1.61717197
1.61704442
1.61691690
1.61678942
1.61668811
1.61672541
1.61676270
1.61679998
1.61670448
1.61660901
1.61651357
1.61641816
1.61632277
1.61620458
1.61612984
1.61606907
1.61610559
1.61614136
1.61598862
1.61581353
1.61563849
1.61556761
1.61549676
1.61542593
1.61535512
1.61528433
1.61526592
1.61528905
1.61527166
1.61525422
1.61518032
1.61511009
1.61503987
1.61487425
1.61470866
1.61458395
1.61445928
1.61433465
1.61417482
1.61401504
1.61385531
1.61367955
1.61358912
1.61349871
1.61352258
1.61349159
1.61346060
1.61342962
1.61350671
1.61347452
1.61344234
1.61341231
1.61344301
1.61345351
1.61354741
1.61357478
1.61365719
1.61373957
1.61369927
1.61362979
1.61360075
1.61357172
1.61354271
1.61351370
1.61348470
1.61345570
1.61342672
1.61339775
1.61336878
1.61333606
1.61330336
1.61327066
1.61323798
1.61330409
1.61326647
1.61322886
1.61310562
1.61298242
1.61285926
1.61273613
1.61261304
1.61248998
1.61239108
1.61229221
1.61219337
1.61209455
1.61212024
1.61206129
1.61192346
1.61178566
1.61167659
1.61160438
1.61153218
1.61146000
1.61144534
1.61146739
1.61158298
1.61168907
1.61175796
1.61182682
1.61199408
1.61209883
1.61212908
1.61215933
1.61218956
1.61221979
1.61225000
1.61228021
1.61239973
1.61232650
1.61225329
1.61218010
1.61210694
1.61203379
1.61196067
1.61196663
1.61197260
1.61188595
1.61179456
1.61170319
1.61161185
1.61152054
1.61142925
1.61141179
1.61141175
1.61141170
1.61150860
1.61153852
1.61156843
1.61159833
1.61162822
1.61165811
1.61168798
1.61171895
1.61174992
1.61178087
1.61171861
1.61165632
1.61159404
1.61163260
1.61167115
1.61170969
1.61174822
1.61178673
1.61182524
1.61186373
1.61190221
1.61194068
1.61197914
1.61201759
1.61206767
1.61211773
1.61202817
1.61193863
1.61195174
1.61196484
1.61202285
1.61222089
1.61244335
1.61266574
1.61276652
1.61286728
1.61298517
1.61311288
1.61324055
1.61336819
1.61351685
1.61366547
1.61381405
1.61396258
1.61411107
1.61422970
1.61447758
1.61472539
1.61484539
1.61481643
1.61478748
1.61475854
1.61479668
1.61483480
1.61489721
1.61492787
1.61499688
1.61500755
1.61496908
1.61493062
1.61489217
1.61497718
1.61506401
1.61513539
1.61521143
1.61528745
1.61542697
1.61556644
1.61551047
1.61545452
1.61539859
1.61526168
1.61521486
1.61519746
1.61508757
1.61497772
1.61486790
1.61475811
1.61464835
1.61452315
1.61439798
1.61427286
1.61418024
1.61400617
1.61383215
1.61365818
1.61366040
1.61379516
1.61404417
1.61420196
1.61435970
1.61453210
1.61473226
1.61493235
1.61518874
1.61560364
1.61601841
1.61643307
1.61678347
1.61699719
1.61721084
1.61742443
1.61763796
1.61802347
1.61840886
1.61879414
1.61917931
1.61954753
1.61991565
1.62028366
1.62051769
1.62070527
1.62091241
1.62093506
1.62100556
1.62107604
1.62119357
1.62132284
1.62145208
1.62160390
1.62181578
1.62202622
1.62223934
1.62245637
1.62250382
1.62259017
1.62286602
1.62301643
1.62316679
1.62331711
1.62355353
1.62378989
1.62402617
1.62436307
1.62476269
1.62516219
1.62551836
1.62571217
1.62590594
1.62609964
1.62627470
1.62629183
1.62625482
1.62626350
1.62627218
1.62628086
1.62627477
1.62626869
1.62623123
1.62619764
1.62616405
1.62605556
1.62587074
1.62575709
1.62564347
1.62559343
1.62554341
1.62545229
1.62536119
1.62526217
1.62516318
1.62515178
1.62514039
1.62510723
1.62507408
1.62511712
1.62516014
1.62518602
1.62528756
1.62538907
1.62549055
1.62557503
1.62552738
1.62547974
1.62543211
1.62538450
1.62533690
1.62528932
1.62524174
1.62514033
1.62503894
1.62493758
1.62483625
1.62482290
1.62480955
1.62479621
1.62478287
1.62474065
1.62470389
1.62469269
1.62461497
1.62453728
1.62445960
1.62437589
1.62429219
1.62422406
1.62415594
1.62408784
1.62413244
1.62417704
1.62422162
1.62426618
1.62431074
1.62435528
1.62423826
1.62412127
1.62395197
1.62383944
1.62376745
1.62362340
1.62347939
1.62333542
1.62322118
1.62310698
1.62305006
1.62307624
1.62311586
1.62314173
1.62316760
1.62312210
1.62321861
1.62331509
1.62341154
1.62347315
1.62353474
1.62350140
1.62356869
1.62363597
1.62370322
1.62377046
1.62383768
1.62389648
1.62395526
1.62401402
1.62407277
1.62419622
1.62431963
1.62450412
1.62477987
1.62508515
1.62539033
1.62576139
1.62590845
1.62605546
1.62606954
1.62608361
1.62609769
1.62611175
1.62608048
1.62604921
1.62608053
1.62602592
1.62600770
1.62598948
1.62593034
1.62588989
1.62584945
1.62585695
1.62584953
1.62584211
1.62596971
1.62610858
1.62632959
1.62655054
1.62666905
1.62678753
1.62690598
1.62702439
1.62716012
1.62728568
1.62741121
1.62739626
1.62746439
1.62741559
1.62736681
1.62731803
1.62729322
1.62730083
1.62736741
1.62743398
1.62750362
1.62757323
1.62774369
1.62779475
1.62787002
1.62794526
1.62802049
1.62809569
1.62817088
1.62812621
1.62808155
1.62803691
1.62794853
1.62786018
1.62778254
1.62770492
1.62762733
1.62762461
1.62751288
1.62743877
1.62728763
1.62713654
1.62698548
1.62682366
1.62666188
1.62650014
1.62642302
1.62634591
1.62617831
1.62601076
1.62584326
1.62567580
1.62550839
1.62534103
1.62517371
1.62500644
1.62483922
1.62467204
1.62464180
1.62461156
1.62462111
1.62463066
1.62457135
1.62451205
1.62442408
1.62427597
1.62412393
1.62409471
1.62406549
1.62406698
1.62406847
1.62406995
1.62402420
1.62397846
1.62390786
1.62375757
1.62365765
1.62355777
1.62345791
1.62332341
1.62318895
1.62305452
1.62292013
1.62278578
1.62267522
1.62256469
1.62245540
1.62234614
1.62230149
1.62225686
1.62232202
1.62238716
1.62241923
1.62245130
1.62261300
1.62277466
1.62306920
1.62327927
1.62348928
1.62376772
1.62403648
1.62429487
1.62470704
1.62511910
1.62553105
1.62583494
1.62613874
1.62644246
1.62674610
1.62696529
1.62706345
1.62697094
1.62695377
1.62688300
1.62674653
1.62661010
1.62647371
1.62628350
1.62609334
1.62590324
1.62577695
1.62561703
1.62555280
1.62548480
1.62543900
1.62539321
1.62531495
1.62523671
1.62515849
1.62511492
1.62507955
1.62504419
1.62500884
1.62497350
1.62493817
1.62491043
1.62478726
1.62466412
1.62454102
1.62441795
1.62429491
1.62417191
1.62405968
1.62394747
1.62383529
1.62372315
1.62360459
1.62348606
1.62336757
1.62326522
1.62312852
1.62307389
1.62301929
1.62302854
1.62301998
1.62297053
1.62289694
1.62282308
1.62275047
1.62263723
1.62252402
1.62241084
1.62228256
1.62215430
1.62202608
1.62198775
1.62194943
1.62191112
1.62187283
1.62186534
1.62180172
1.62173811
1.62177773
1.62170945
1.62164119
1.62157294
1.62150250
1.62145011
1.62139772
1.62134536
1.62122488
1.62115228
1.62107970
1.62102405
1.62096841
1.62093512
1.62090184
1.62086857
1.62070592
1.62054331
1.62038074
1.62021962
1.62015133
1.62008306
1.62001481
1.61987132
1.61976638
1.61967092
1.61957549
1.61949270
1.61939850
1.61920736
1.61901628
1.61898693
1.61901755
1.61899543
1.61884101
1.61868663
1.61853230
1.61837800
1.61822375
1.61817183
1.61811993
1.61806320
1.61796951
1.61778615
1.61760283
1.61741956
1.61723635
1.61705318
1.61687007
1.61668700
1.61650399
1.61632102
1.61613811
1.61595524
1.61577242
1.61558966
1.61540694
1.61522428
1.61504166
1.61498503
1.61492842
1.61490261
1.61487598
1.61484935
1.61480214
1.61475495
1.61470776
1.61463378
1.61451299
1.61439224
1.61427153
1.61415084
1.61417284
1.61403093
1.61390933
1.61378776
1.61366623
1.61354473
1.61342326
1.61330182
1.61327905
1.61319122
1.61310340
1.61301561
1.61292875
1.61284310
1.61288846
1.61296670
1.61303505
1.61311803
1.61326830
1.61351508
1.61378813
1.61403387
1.61430503
1.61457611
1.61484300
1.61510982
1.61533219
1.61550617
1.61568010
1.61585399
1.61612338
1.61639271
1.61666196
1.61693114
1.61720025
1.61731067
1.61742106
1.61753142
1.61764188
1.61775230
1.61786166
1.61791571
1.61803450
1.61815327
1.61827200
1.61839070
1.61853230
1.61867386
1.61870424
1.61873461
1.61872790
1.61872119
1.61863935
1.61859679
1.61845242
1.61830809
1.61816379
1.61801954
1.61787532
1.61773114
1.61772430
1.61772919
1.61765282
1.61757646
1.61750013
1.61735638
1.61721267
1.61706900
1.61692537
1.61679051
1.61669687
1.61661206
1.61652728
1.61644252
1.61635778
1.61627306
1.61618298
1.61599783
1.61581273
1.61569123
1.61556977
1.61544835
1.61532696
1.61520560
1.61508427
1.61497010
1.61490901
1.61484794
1.61479145
1.61478370
1.61477594
1.61490031
1.61493863
1.61497693
1.61496361
1.61501843
1.61507323
1.61518900
1.61530474
1.61529616
1.61530010
1.61528373
1.61526737
1.61525101
1.61523465
1.61524853
1.61522958
1.61520630
1.61518303
1.61505714
1.61493129
1.61480548
1.61469445
1.61458346
1.61457524
1.61450513
1.61443504
1.61436498
1.61430096
1.61423697
1.61421259
1.61418822
1.61416386
1.61413142
1.61410018
1.61406895
1.61403772
1.61400096
1.61406722
1.61413347
1.61419969
1.61423377
1.61426784
1.61444165
1.61461542
1.61470110
1.61473861
1.61477611
1.61466281
1.61463010
1.61470761
1.61479066
1.61487370
1.61505940
1.61525320
1.61544696
1.61564066
1.61581984
1.61601232
1.61621781
1.61642324
1.61651568
1.61658396
1.61665223
1.61672048
1.61664047
1.61660330
1.61656614
1.61652899
1.61647787
1.61637059
1.61626335
1.61615614
1.61604895
1.61599734
1.61594574
1.61598632
1.61602688
1.61609970
1.61622171
1.61634369
1.61648238
1.61662103
1.61665499
1.61668894
1.61672289
1.61675682
1.61687417
1.61697007
1.61706593
1.61716178
1.61725759
1.61731002
1.61742217
1.61753430
1.61764640
1.61767266
1.61771079
1.61770071
1.61769064
1.61768464
1.61759877
1.61751292
1.61741910
1.61738393
1.61747806
1.61766393
1.61781732
1.61805166
1.61828594
1.61859066
1.61889530
1.61922905
1.61956271
1.61989628
1.62022976
1.62055651
1.62088316
1.62123396
1.62158466
1.62193527
1.62230355
1.62278267
1.62326083
1.62392262
1.62443396
1.62493007
1.62532989
1.62572960
1.62612921
1.62652871
1.62689372
1.62725862
1.62762343
1.62798815
1.62830662
1.62862501
1.62888859
1.62933143
1.62983317
1.63028914
1.63061655
1.63112949
1.63156246
1.63199533
1.63251250
1.63302954
1.63354645
1.63406321
1.63457984
1.63497504
1.63537014
1.63576513
1.63616002
1.63644958
1.63673907
1.63702849
1.63723063
1.63750951
1.63778210
1.63801180
1.63824144
1.63847101
1.63870053
1.63875058
1.63880062
1.63886447
1.63883060
1.63879674
1.63874893
1.63870114
1.63874346
1.63878577
1.63882808
1.63878171
1.63873535
1.63871510
1.63869254
1.63866999
1.63863019
1.63859041
1.63856687
1.63850450
1.63849971
1.63843503
1.63839452
1.63831923
1.63825943
1.63824039
1.63822135
1.63825022
1.63831759
1.63833464
1.63839187
1.63849399
1.63849233
1.63849066
1.63848900
1.63838291
1.63831961
1.63825633
1.63832429
1.63839223
1.63844399
1.63849573
1.63843081
1.63836590
1.63839903
1.63837611
1.63836613
1.63827241
1.63817871
1.63812851
1.63807833
1.63802816
1.63797800
1.63792785
1.63781003
1.63769223
1.63757286
1.63745351
1.63733420
1.63726906
1.63714995
1.63710719
1.63706800
1.63692348
1.63677899
1.63663454
1.63653353
1.63645335
1.63637318
1.63629304
1.63621292
1.63613281
1.63602568
1.63591857
1.63581149
1.63570443
1.63560401
1.63558057
1.63554511
1.63562958
1.63556008
1.63547261
1.63538861
1.63524483
1.63510110
1.63495740
1.63481373
1.63467011
1.63452652
1.63438297
1.63423945
1.63410217
1.63391441
1.63379419
1.63367400
1.63355384
1.63341772
1.63323048
1.63304328
1.63285614
1.63266904
1.63248199
1.63229499
1.63210804
1.63192114
1.63182869
1.63180346
1.63168761
1.63157179
1.63152858
1.63146820
1.63142758
1.63138697
1.63134636
1.63117195
1.63099758
1.63082326
1.63067710
1.63053097
1.63038489
1.63023884
1.63009283
1.62994686
1.62978390
1.62962099
1.62945811
1.62930931
1.62929649
1.62928368
1.62927087
1.62925807
1.62924527
1.62924412
1.62924298
1.62924422
1.62924547
1.62924671
1.62924795
1.62922923
1.62921052
1.62923575
1.62930137
1.62939923
1.62948000
1.62956076
1.62964722
1.62975294
1.62979187
1.62985099
1.62978580
1.62973380
1.62968182
1.62962984
1.62945673
1.62928366
1.62911064
1.62893766
1.62876472
1.62859183
1.62841899
1.62832904
1.62823912
1.62826174
1.62838622
1.62841545
1.62837192
1.62832840
1.62825763
1.62818689
1.62811616
1.62804545
1.62804370
1.62811130
1.62824376
1.62852351
1.62880319
1.62908280
1.62930058
1.62940247
1.62942073
1.62943899
1.62952155
1.62959810
1.62967462
1.62974357
1.62981251
1.62988891
1.63000435
1.63019496
1.63039336
1.63058523
1.63062133
1.63065742
1.63077315
1.63083274
1.63091132
1.63095484
1.63104091
1.63112695
1.63121297
1.63117509
1.63113721
1.63101861
1.63090059
1.63078259
1.63069338
1.63060391
1.63066049
1.63069333
1.63067484
1.63065356
1.63063230
1.63054838
1.63055438
1.63056039
1.63056639
1.63049724
1.63046333
1.63042944
1.63039555
1.63027226
1.63014900
1.63002577
1.62993746
1.62978554
1.62963365
1.62948180
1.62940719
1.62930855
1.62920994
1.62912079
1.62903167
1.62895225
1.62887285
1.62884897
1.62882509
1.62876645
1.62878712
1.62880777
1.62887136
1.62884790
1.62881026
1.62889394
1.62897759
1.62914714
1.62940905
1.62963475
1.62982382
1.62988979
1.62995575
1.63002169
1.63008762
1.63015352
1.63013992
1.63011101
1.63008211
1.63005322
1.62993170
1.62981021
1.62977215
1.62980119
1.62983022
1.62980969
1.62975395
1.62975357
1.62975318
1.62973194
1.62971071
1.62970553
1.62966851
1.62983432
1.63000008
1.63016371
1.63038810
1.63045884
1.63061111
1.63064233
1.63067355
1.63070475
1.63077264
1.63084051
1.63086291
1.63084274
1.63082053
1.63076408
1.63073510
1.63070612
1.63067715
1.63064819
1.63061924
1.63059029
1.63056135
1.63052193
1.63048253
1.63045152
1.63042051
1.63031191
1.63020334
1.63010861
1.63006977
1.63014950
1.63010061
1.63005174
1.62992182
1.62979193
1.62966208
1.62953225
1.62940247
1.62927271
1.62914299
1.62901330
1.62888364
1.62875402
1.62862442
1.62849487
1.62836534
1.62823714
1.62810897
1.62801732
1.62792569
1.62781087
1.62765821
1.62758512
1.62751206
1.62741074
1.62730945
1.62729954
1.62728963
1.62721824
1.62714685
1.62707549
1.62700908
1.62694269
1.62687632
1.62672971
1.62663836
1.62654703
1.62648784
1.62642867
1.62640236
1.62634657
1.62629080
1.62619238
1.62609399
1.62599562
1.62589727
1.62588102
1.62586478
1.62584854
1.62583230
1.62576198
1.62569169
1.62552443
1.62535722
1.62519005
1.62502292
1.62489416
1.62476542
1.62463672
1.62458393
1.62453116
1.62436199
1.62419286
1.62402377
1.62385473
1.62376473
1.62367475
1.62358480
1.62349487
1.62340496
1.62333878
1.62327262
1.62320343
1.62315341
1.62319575
1.62322810
1.62326044
1.62328594
1.62331729
1.62334862
1.62337995
1.62344655
1.62351313
1.62354297
1.62358569
1.62362840
1.62364184
1.62365003
1.62365821
1.62355998
1.62346177
1.62341681
1.62337186
1.62327055
1.62316926
1.62306800
1.62296676
1.62291322
1.62284690
1.62270749
1.62256812
1.62242878
1.62228948
1.62215021
1.62206248
1.62197477
1.62197642
1.62197807
1.62197972
1.62198136
1.62189038
1.62179942
1.62170848
1.62161757
1.62158692
1.62155627
1.62152563
1.62146967
1.62138452
1.62129938
1.62122523
1.62115109
1.62107697
1.62100287
1.62095185
1.62096010
1.62097021
1.62098032
1.62105796
1.62106925
1.62108054
1.62112668
1.62117281
1.62121894
1.62126505
1.62141301
1.62156093
1.62180712
1.62215821
1.62252040
1.62288249
1.62322066
1.62362338
1.62408676
1.62455002
1.62490247
1.62525484
1.62560712
1.62599068
1.62637414
1.62675751
1.62714078
1.62756244
1.62796310
1.62831214
1.62866109
1.62898298
1.62941831
1.62980124
1.63024859
1.63069584
1.63111931
1.63151790
1.63191638
1.63231477
1.63262092
1.63291721
1.63312276
1.63330696
1.63351901
1.63384379
1.63417849
1.63449706
1.63481554
1.63513395
1.63553372
1.63593339
1.63633296
1.63673243
1.63713728
1.63749911
1.63786086
1.63815474
1.63844854
1.63861610
1.63878833
1.63896051
1.63903774
1.63918625
1.63920958
1.63923291
1.63918045
1.63912801
1.63907558
1.63901948
1.63896339
1.63890312
1.63885741
1.63881171
1.63876603
1.63884644
1.63888928
1.63886296
1.63884382
1.63882469
1.63878824
1.63867183
1.63860606
1.63854031
1.63847457
1.63840885
1.63834315
1.63827746
1.63821179
1.63816216
1.63809413
1.63796419
1.63783427
1.63770751
1.63765035
1.63757912
1.63749561
1.63741212
1.63732866
1.63725233
1.63718451
1.63711670
1.63707835
1.63704002
1.63700169
1.63696337
1.63694454
1.63683328
1.63680657
1.63694720
1.63708779
1.63704500
1.63700222
1.63695945
1.63697900
1.63699854
1.63703672
1.63707489
1.63713482
1.63719474
1.63720694
1.63721894
1.63718001
1.63714109
1.63710218
1.63705163
1.63700324
1.63695485
1.63690648
1.63686893
1.63683139
1.63679386
1.63676606
1.63673826
1.63671047
1.63668269
1.63658933
1.63649600
1.63637416
1.63631587
1.63625759
1.63614451
1.63603146
1.63593193
1.63585666
1.63580248
1.63574830
1.63574406
1.63564691
1.63554978
1.63543145
1.63531315
1.63519488
1.63511493
1.63503500
1.63495508
1.63487110
1.63472135
1.63457164
1.63442196
1.63427232
1.63419996
1.63411602
1.63400476
1.63389353
1.63378232
1.63368006
1.63357782
1.63350330
1.63342413
1.63346506
1.63350598
1.63349094
1.63347591
1.63333879
1.63328524
1.63323171
1.63317819
1.63312468
1.63311554
1.63302358
1.63291986
1.63280237
1.63268491
1.63256747
1.63239004
1.63221265
1.63203530
1.63185800
1.63168074
1.63150352
1.63132635
1.63114922
1.63113959
1.63114176
1.63112177
1.63110178
1.63108180
1.63101710
1.63095242
1.63088775
1.63082311
1.63080111
1.63077913
1.63067324
1.63056737
1.63046153
1.63035572
1.63024994
1.63014418
1.63004215
1.62993691
1.62983170
1.62972652
1.62963047
1.62964439
1.62967400
1.62970360
1.62973319
1.62973374
1.62973428
1.62972188
1.62968111
1.62957923
1.62946107
1.62934295
1.62922485
1.62914733
1.62906983
1.62899234
1.62891488
1.62883743
1.62876001
1.62868260
1.62857064
1.62845871
1.62834680
1.62825184
1.62815690
1.62811187
1.62806685
1.62802184
1.62797685
1.62789257
1.62780831
1.62772407
1.62765430
1.62758454
1.62751481
1.62740075
1.62725195
1.62710318
1.62706256
1.62711851
1.62717444
1.62719579
1.62727190
1.62736881
1.62753524
1.62759640
1.62767024
1.62774407
1.62781788
1.62780162
1.62781969
1.62783776
1.62780886
1.62775582
1.62765833
1.62756086
1.62746782
1.62737481
1.62724078
1.62710679
1.62697283
1.62683890
1.62670500
1.62657114
1.62646501
1.62642535
1.62638570
1.62651006
1.62668382
1.62685754
1.62703121
1.62720484
1.62737844
1.62745402
1.62752958
1.62760513
1.62763628
1.62766743
1.62769661
1.62769594
1.62769526
1.62764959
1.62764002
1.62763046
1.62762089
1.62756744
1.62746311
1.62735880
1.62725452
1.62709308
1.62693168
1.62677032
1.62660900
1.62644772
1.62645443
1.62651497
1.62648671
1.62650175
1.62651679
1.62653182
1.62654685
1.62656187
1.62657689
1.62659191
1.62660693
1.62651950
1.62652606
1.62653262
1.62655685
1.62655059
1.62654432
1.62653807
1.62645099
1.62634958
1.62622935
1.62610914
1.62598897
1.62586883
1.62576081
1.62565283
1.62551129
1.62536978
1.62522830
1.62508686
1.62498276
1.62487868
1.62478896
1.62476542
1.62474188
1.62481931
1.62489672
1.62497411
1.62510553
1.62523691
1.62536394
1.62549358
1.62562319
1.62575277
1.62588231
1.62594734
1.62601235
1.62607735
1.62614233
1.62620104
1.62618689
1.62615974
1.62613260
1.62610546
1.62607833
1.62605121
1.62599374
1.62593629
1.62587885
1.62582142
1.62576401
1.62572175
1.62567950
1.62553885
1.62539823
1.62525764
1.62511709
1.62497657
1.62485527
1.62473400
1.62461276
1.62449154
1.62437036
1.62424055
1.62411077
1.62398102
1.62392630
1.62389080
1.62374137
1.62359197
1.62344261
1.62326202
1.62308148
1.62290098
1.62272052
1.62254010
1.62235973
1.62217940
1.62199911
1.62181887
1.62163866
1.62145851
1.62127839
1.62109832
1.62091829
1.62073830
1.62055835
1.62050863
1.62045893
1.62038170
1.62027778
1.62017390
1.62007003
1.61996620
1.61986973
1.61977329
1.61967687
1.61958047
1.61948410
1.61938775
1.61928932
1.61925616
1.61925248
1.61918267
1.61916459
1.61909368
1.61902278
1.61893026
1.61883777
1.61874530
1.61865285
1.61859374
1.61853464
1.61847556
1.61837992
1.61828430
1.61818871
1.61809314
1.61798038
1.61786765
1.61775494
1.61764226
1.61752961
1.61741699
1.61731459
1.61723410
1.61715363
1.61714761
1.61713765
1.61712769
1.61711774
1.61696201
1.61692511
1.61687150
1.61681790
1.61675165
1.61668541
1.61663656
1.61655086
1.61646517
1.61637951
1.61629387
1.61620824
1.61612811
1.61605746
1.61598683
1.61591752
1.61580870
1.61564829
1.61559219
1.61553611
1.61552421
1.61551232
1.61550044
1.61549170
1.61548297
1.61548180
1.61551757
1.61563710
1.61564826
1.61565941
1.61563955
1.61561969
1.61559983
1.61557998
1.61549157
1.61540318
1.61532108
1.61533801
1.61535493
1.61542574
1.61537582
1.61532591
1.61535565
1.61536766
1.61534261
1.61523459
1.61512659
1.61501862
1.61489658
1.61480958
1.61471080
1.61461204
1.61451331
1.61441460
1.61431391
1.61423261
1.61415132
1.61407005
1.61398880
1.61390758
1.61382636
1.61374828
1.61365750
1.61357760
1.61350145
1.61349978
1.61342285
1.61330509
1.61318735
1.61306964
1.61295196
1.61279824
1.61274443
1.61277962
1.61281481
1.61284998
1.61288515
1.61292031
1.61295546
1.61299060
1.61306260
1.61316343
1.61329604
1.61339419
1.61349233
1.61356692
1.61364149
1.61357371
1.61350594
1.61343818
1.61337045
1.61330273
1.61323502
1.61316797
1.61310094
1.61303429
1.61291463
1.61281280
1.61271100
1.61260921
1.61247029
1.61233140
1.61219254
1.61205371
1.61191491
1.61177615
1.61163742
1.61149872
1.61136006
1.61122142
1.61108282
1.61098871
1.61095513
1.61090170
1.61084829
1.61079489
1.61066976
1.61059212
1.61051965
1.61041911
1.61039806
1.61043384
1.61046961
1.61050537
1.61054113
1.61057688
1.61045486
1.61033287
1.61021499
1.61009713
1.61006138
1.61006103
1.61006068
1.61003291
1.61000515
1.60992274
1.60984137
1.60976001
1.60972065
1.60968068
1.60964072
1.60951390
1.60938711
1.60926035
1.60913751
1.60901469
1.60889190
1.60876914
1.60864640
1.60863021
1.60861403
1.60859784
1.60857933
1.60856082
1.60854231
1.60854150
1.60852369
1.60850590
1.60855108
1.60859624
1.60864140
1.60868654
1.60868446
1.60868237
1.60855417
1.60842599
1.60829784
1.60816972
1.60804163
1.60793627
1.60783093
1.60772561
1.60762032
1.60751505
1.60742862
1.60734222
1.60722232
1.60710244
1.60698259
1.60686277
1.60674297
1.60662321
1.60656033
1.60646919
1.60637807
1.60628697
1.60619589
1.60610484
1.60601381
1.60603873
1.60603635
1.60603398
1.60603160
1.60604323
1.60605485
1.60612017
1.60618548
1.60627589
1.60636627
1.60645664
1.60654698
1.60663731
1.60667786
1.60660041
1.60652298
1.60644557
1.60631134
1.60617713
1.60607018
1.60596325
1.60585634
1.60572608
1.60572183
1.60571757
1.60579528
1.60580028
1.60577421
1.60566283
1.60555148
1.60544924
1.60534703
1.60525213
1.60515726
1.60506241
1.60495181
1.60484123
1.60473068
1.60462016
1.60450966
1.60439919
1.60428874
1.60417832
1.60405847
1.60391578
1.60377312
1.60363050
1.60348791
1.60340874
1.60332958
1.60330202
1.60334256
1.60345092
1.60355926
1.60366310
1.60376692
1.60386040
1.60395386
1.60404730
1.60414072
1.60424736
1.60435398
1.60446057
1.60454086
1.60468492
1.60482061
1.60495627
1.60507139
1.60518649
1.60526469
1.60534286
1.60543139
1.60556742
1.60562616
1.60571783
1.60580947
1.60582365
1.60583783
1.60585200
1.60583490
1.60576881
1.60570574
1.60564269
1.60557966
1.60550114
1.60542264
1.60534417
1.60523226
1.60512038
1.60500853
1.60489670
1.60478490
1.60467312
1.60463107
1.60458903
1.60454700
1.60450497
1.60462795
1.60471658
1.60484788
1.60490062
1.60495335
1.60500607
1.60507036
1.60505777
1.60505413
1.60505048
1.60504683
1.60504318
1.60503954
1.60506219
1.60512641
1.60521673
1.60525288
1.60528903
1.60532516
1.60542006
1.60547358
1.60556295
1.60565317
1.60581548
1.60588041
1.60593791
1.60588348
1.60582905
1.60574985
1.60568143
1.60561302
1.60557567
1.60549540
1.60539590
1.60527512
1.60515438
1.60509853
1.60501743
1.60495393
1.60489045
1.60479992
1.60466577
1.60453164
1.60439754
1.60426347
1.60412944
1.60399543
1.60386145
1.60372751
1.60359359
1.60345971
1.60332586
1.60319203
1.60305824
1.60292448
1.60279074
1.60265704
1.60252337
1.60238973
1.60225612
1.60212254
1.60198899
1.60185547
1.60172198
1.60158852
1.60145509
1.60132169
1.60118832
1.60105499
1.60092168
1.60085343
1.60077347
1.60074838
1.60074279
1.60071927
1.60069576
1.60067225
1.60064875
1.60062525
1.60060176
1.60057827
1.60064357
1.60063985
1.60048203
1.60032426
1.60016652
1.60000881
1.59985114
1.59969351
1.59953591
1.59937834
1.59922082
1.59906332
1.59898395
1.59898321
1.59898248
1.59898175
1.59898101
1.59898028
1.59897955
1.59898359
1.59898764
1.59899168
1.59899545
1.59905990
1.59914827
1.59919351
1.59912823
1.59906297
1.59899773
1.59893250
1.59886728
1.59880208
1.59891087
1.59901963
1.59912837
1.59923708
1.59940808
1.59949223
1.59957636
1.59970054
1.59971000
1.59971946
1.59983842
1.59991012
1.60002053
1.60013091
1.60025909
1.60037927
1.60059478
1.60080401
1.60099428
1.60118451
1.60137469
1.60166143
1.60186880
1.60207612
1.60235362
1.60263106
1.60286841
1.60310572
1.60320348
1.60323994
1.60327640
1.60326629
1.60320692
1.60315377
1.60313800
1.60318693
1.60323584
1.60328475
1.60333364
1.60333076
1.60332857
1.60332637
1.60334625
1.60333628
1.60337657
1.60341685
1.60353455
1.60360247
1.60367038
1.60368777
1.60370516
1.60368347
1.60366179
1.60364011
1.60361843
1.60355990
1.60350138
1.60346350
1.60344920
1.60344809
1.60347885
1.60350961
1.60354036
1.60358248
1.60362459
1.60366477
1.60370494
1.60374509
1.60377065
1.60379621
1.60382176
1.60383007
1.60388039
1.60389765
1.60393105
1.60396445
1.60399784
1.60403122
1.60401702
1.60396135
1.60389038
1.60381943
1.60374850
1.60370119
1.60365389
1.60361522
1.60367086
1.60360713
1.60354342
1.60359293
1.60359296
1.60350429
1.60341564
1.60332700
1.60323839
1.60314980
1.60310418
1.60312730
1.60315303
1.60313395
1.60311487
1.60301017
1.60290550
1.60278621
1.60266694
1.60254770
1.60242848
1.60230930
1.60219013
1.60207100
1.60196033
1.60184968
1.60173906
1.60162846
1.60151789
1.60140734
1.60137811
1.60134888
1.60131967
1.60124341
1.60116716
1.60124381
1.60142708
1.60157078
1.60182419
1.60203185
1.60216505
1.60229822
1.60243137
1.60256448
1.60269756
1.60289162
1.60308563
1.60327959
1.60355614
1.60383262
1.60405645
1.60428023
1.60450397
1.60475102
1.60492013
1.60509413
1.60516384
1.60519690
1.60522995
1.60526299
1.60529603
1.60537209
1.60546477
1.60555743
1.60565007
1.60573330
1.60579204
1.60585076
1.60590947
1.60596816
1.60595217
1.60593618
1.60598619
1.60604503
1.60610386
1.60616268
1.60616841
1.60603625
1.60590411
1.60577201
1.60563994
1.60550790
1.60537588
1.60534070
1.60518609
1.60503152
1.60487698
1.60472248
1.60456801
1.60441357
1.60425917
1.60410481
1.60405197
1.60399915
1.60390862
1.60381812
1.60377671
1.60369442
1.60361216
1.60352991
1.60344769
1.60331537
1.60318308
1.60305081
1.60291087
1.60277096
1.60271436
1.60265776
1.60260118
1.60254461
1.60246028
1.60246308
1.60246588
1.60249939
1.60249089
1.60248240
1.60249327
1.60250415
1.60251503
1.60252590
1.60255860
1.60259130
1.60266483
1.60273834
1.60283731
1.60295741
1.60308637
1.60321531
1.60326361
1.60331189
1.60330768
1.60330347
1.60329926
1.60321297
1.60325801
1.60333732
1.60352559
1.60378887
1.60398490
1.60415480
1.60432466
1.60447449
1.60462429
1.60477405
1.60492379
1.60504385
1.60518334
1.60539649
1.60548791
1.60557932
1.60567755
1.60578203
1.60580531
1.60590775
1.60601017
1.60607792
1.60607415
1.60608186
1.60608905
1.60609623
1.60610342
1.60611060
1.60615186
1.60618190
1.60620820
1.60629134
1.60633229
1.60637323
1.60641417
1.60645509
1.60649600
1.60662542
1.60675481
1.60688417
1.60701350
1.60709742
1.60718133
1.60737125
1.60754229
1.60774215
1.60776590
1.60778389
1.60783166
1.60783836
1.60784505
1.60782482
1.60786018
1.60789010
1.60792001
1.60798251
1.60804499
1.60805800
1.60807100
1.60808400
1.60800099
1.60791799
1.60794929
1.60788504
1.60782080
1.60773685
1.60765291
1.60756899
1.60748509
1.60740120
1.60739510
1.60733718
1.60721636
1.60709556
1.60697479
1.60685404
1.60674793
1.60664184
1.60655358
1.60646534
1.60633028
1.60619525
1.60606025
1.60592528
1.60579034
1.60565543
1.60552055
1.60538570
1.60530618
1.60522667
1.60514718
1.60507883
1.60499018
1.60490155
1.60481294
1.60472435
1.60463578
1.60454723
1.60445870
1.60437078
1.60428922
1.60420768
1.60412616
1.60404466
1.60404521
1.60404576
1.60411421
1.60418264
1.60420580
1.60422895
1.60425210
1.60424524
1.60420856
1.60417190
1.60413524
1.60409860
1.60405203
1.60402763
1.60400324
1.60392357
1.60380482
1.60368610
1.60356740
1.60351418
1.60346097
1.60340777
1.60335458
1.60330141
1.60324824
1.60319509
1.60314195
1.60308965
1.60308367
1.60307769
1.60307171
1.60306573
1.60305976
1.60305378
1.60304781
1.60304184
1.60299238
1.60294294
1.60289351
1.60284408
1.60275260
1.60266113
1.60256968
1.60247826
1.60238685
1.60229546
1.60220409
1.60221499
1.60220001
1.60218502
1.60217004
1.60208626
1.60211092
1.60213556
1.60216020
1.60214007
1.60203211
1.60192418
1.60181627
1.60170838
1.60160052
1.60149267
1.60138486
1.60130764
1.60123045
1.60113221
1.60103399
1.60093580
1.60092313
1.60091047
1.60089781
1.60088515
1.60082880
1.60081247
1.60084060
1.60086873
1.60092004
1.60097593
1.60103182
1.60112879
1.60122575
1.60132268
1.60141959
1.60151648
1.60161335
1.60174214
1.60187090
1.60200023
1.60212952
1.60225079
1.60241124
1.60257165
1.60273203
1.60295679
1.60318151
1.60342074
1.60365991
1.60389903
1.60426355
1.60465153
1.60503943
1.60540057
1.60576163
1.60612261
1.60640913
1.60667333
1.60688812
1.60710287
1.60731757
1.60753213
1.60781919
1.60810618
1.60839489
1.60862185
1.60884876
1.60912254
1.60936334
1.60960408
1.60988422
1.61017730
1.61046736
1.61070774
1.61089309
1.61115601
1.61143632
1.61171658
1.61196178
1.61223012
1.61238317
1.61253619
1.61279379
1.61305133
1.61330794
1.61358287
1.61384714
1.61404214
1.61423709
1.61443201
1.61462688
1.61477036
1.61486150
1.61489379
1.61491686
1.61484217
1.61476751
1.61470243
1.61460500
1.61450758
1.61441019
1.61431282
1.61421546
1.61411813
1.61402082
1.61392353
1.61382627
1.61370036
1.61357448
1.61343217
1.61328988
1.61314762
1.61300539
1.61286320
1.61272103
1.61257890
1.61243679
1.61238728
1.61230088
1.61219027
1.61207968
1.61196911
1.61184596
1.61172283
1.61159973
1.61148940
1.61137910
1.61126882
1.61116736
1.61106591
1.61096449
1.61087054
1.61077660
1.61077865
1.61078070
1.61078276
1.61078481
1.61078686
1.61076682
1.61074565
1.61072548
1.61067735
1.61062924
1.61055116
1.61046066
1.61037018
1.61027972
1.61018928
1.61015910
1.61013453
1.61010997
1.60998594
1.60998575
1.61001249
1.61003921
1.60999222
1.60994523
1.60991652
1.60988781
1.60995240
1.61000881
1.60998890
1.61000664
1.60998372
1.60996080
1.60993022
1.60981979
1.60968269
1.60964197
1.60960125
1.60956054
1.60945846
1.60935640
1.60925436
1.60915234
1.60905035
1.60894838
1.60885370
1.60878094
1.60870820
1.60866024
1.60860208
1.60854392
1.60845848
1.60849967
1.60852939
1.60855911
1.60858882
1.60861853
1.60863201
1.60864550
1.60866672
1.60870104
1.60867895
1.60865687
1.60858113
1.60850540
1.60848451
1.60846363
1.60840003
1.60834289
1.60828575
1.60824491
1.60812951
1.60801413
1.60790643
1.60779875
1.60774224
1.60768573
1.60767530
1.60766487
1.60765445
1.60764403
1.60756720
1.60749039
1.60741360
1.60734206
1.60727053
1.60719901
1.60713304
1.60706708
1.60700113
1.60695976
1.60691839
1.60687704
1.60683309
1.60678916
1.60667953
1.60656992
1.60646033
1.60635077
1.60623242
1.60611410
1.60599580
1.60587753
1.60575928
1.60572440
1.60568135
1.60574891
1.60569301
1.60563974
1.60558648
1.60554786
1.60550925
1.60547065
1.60543206
1.60539348
1.60537607
1.60531836
1.60526760
1.60514587
1.60502416
1.60490247
1.60478081
1.60465918
1.60453757
1.60441599
1.60429443
1.60417290
1.60405140
1.60392992
1.60380846
1.60373523
1.60366202
1.60358882
1.60351048
1.60343216
1.60335385
1.60332674
1.60329630
1.60326586
1.60323543
1.60320501
1.60317459
1.60314418
1.60305913
1.60302561
1.60288023
1.60273488
1.60258956
1.60244427
1.60238061
1.60231695
1.60235723
1.60230965
1.60217117
1.60203272
1.60189430
1.60175590
1.60172216
1.60160265
1.60153567
1.60151141
1.60148716
1.60149547
1.60154229
1.60160166
1.60166101
1.60172035
1.60177968
1.60180913
1.60176765
1.60172618
1.60168473
1.60164328
1.60160183
1.60153039
1.60145896
1.60138725
1.60131555
1.60124386
1.60124633
1.60121804
1.60115430
1.60109057
1.60105850
1.60103596
1.60101343
1.60099089
1.60093551
1.60088013
1.60086683
1.60084785
1.60082887
1.60080990
1.60080709
1.60071892
1.60065172
1.60058452
1.60046743
1.60035036
1.60021493
1.60012186
1.59996920
1.59981658
1.59966399
1.59951144
1.59935891
1.59920642
1.59905396
1.59890153
1.59874913
1.59859677
1.59859700
1.59859724
1.59859747
1.59859770
1.59860729
1.59861688
1.59855039
1.59848392
1.59841745
1.59835100
1.59834431
1.59833761
1.59835080
1.59836399
1.59837717
1.59838104
1.59845943
1.59853316
1.59862434
1.59876165
1.59884963
1.59895402
1.59895424
1.59895407
1.59899411
1.59913885
1.59928673
1.59939702
1.59949533
1.59959362
1.59969132
1.59974721
1.59980308
1.59974454
1.59968602
1.59962751
1.59956901
1.59953694
1.59950488
1.59939604
1.59928722
1.59917842
1.59906965
1.59896090
1.59885217
1.59880136
1.59875057
1.59873618
1.59872202
1.59862613
1.59855813
1.59848611
1.59842075
1.59835540
1.59829007
1.59822475
1.59821775
1.59820377
1.59818979
1.59814231
1.59809485
1.59804739
1.59801110
1.59799003
1.59796897
1.59793101
1.59789306
1.59785511
1.59781981
1.59775712
1.59769445
1.59764952
1.59760461
1.59755970
1.59753219
1.59750469
1.59747719
1.59744970
1.59735311
1.59725653
1.59715998
1.59706345
1.59696694
1.59683956
1.59671220
1.59658487
1.59655862
1.59653238
1.59647951
1.59641553
1.59635156
1.59628761
1.59622366
1.59612917
1.59603470
1.59592051
1.59580634
1.59569219
1.59561815
1.59554412
1.59547010
1.59537235
1.59527462
1.59529747
1.59538432
1.59537631
1.59550416
1.59563580
1.59576740
1.59586420
1.59594018
1.59601496
1.59608972
1.59614247
1.59612724
1.59611201
1.59606833
1.59602466
1.59598099
1.59591047
1.59583997
1.59576947
1.59565757
1.59560064
1.59559144
1.59560400
1.59561655
1.59562910
1.59564165
1.59565420
1.59566674
1.59568145
1.59569616
1.59571086
1.59572556
1.59574026
1.59578487
1.59585699
1.59592908
1.59605354
1.59617797
1.59623006
1.59628215
1.59637544
1.59648516
1.59659485
1.59669352
1.59668057
1.59666762
1.59665468
1.59664173
1.59657791
1.59651410
1.59645031
1.59638653
1.59633850
1.59629048
1.59624247
1.59619447
1.59614648
1.59609850
1.59605053
1.59600257
1.59595462
1.59590668
1.59590705
1.59584124
1.59574194
1.59564267
1.59558564
1.59555348
1.59547159
1.59537555
1.59527953
1.59522358
1.59516764
1.59511751
1.59506285
1.59504568
1.59501557
1.59498547
1.59490494
1.59482443
1.59474394
1.59466346
1.59458300
1.59452985
1.59453111
1.59453238
1.59453365
1.59453491
1.59453618
1.59453745
1.59453382
1.59453020
1.59452658
1.59457308
1.59461956
1.59460522
1.59450356
1.59440191
1.59436849
1.59439826
1.59442803
1.59446636
1.59451891
1.59457146
1.59454816
1.59455867
1.59446998
1.59438131
1.59438399
1.59438667
1.59433390
1.59428113
1.59420376
1.59419383
1.59418389
1.59417396
1.59414400
1.59411405
1.59408410
1.59405416
1.59402423
1.59397267
1.59390700
1.59384135
1.59378230
1.59370879
1.59369118
1.59365717
1.59358286
1.59350857
1.59343429
1.59336003
1.59328578
1.59321155
1.59313925
1.59307348
1.59300773
1.59294200
1.59295388
1.59296576
1.59291516
1.59286457
1.59284795
1.59286460
1.59288125
1.59289790
1.59298505
1.59312056
1.59319436
1.59326814
1.59334191
1.59341566
1.59347838
1.59354109
1.59360378
1.59368723
1.59370124
1.59368601
1.59367079
1.59366162
1.59374881
1.59383598
1.59392693
1.59401786
1.59410878
1.59415342
1.59419805
1.59424267
1.59428728
1.59424843
1.59420958
1.59415640
1.59410324
1.59407078
1.59403834
1.59399966
1.59396100
1.59392234
1.59390036
1.59387839
1.59385643
1.59383447
1.59383623
1.59375857
1.59368092
1.59360329
1.59363401
1.59364804
1.59366207
1.59368387
1.59370566
1.59372745
1.59374923
1.59378234
1.59383939
1.59389643
1.59393245
1.59396847
1.59400448
1.59394454
1.59388461
1.59387327
1.59386193
1.59394738
1.59395265
1.59394167
1.59393070
1.59380458
1.59367848
1.59355241
1.59342637
1.59330035
1.59317436
1.59304839
1.59292245
1.59279653
1.59267064
1.59254477
1.59241893
1.59229312
1.59216733
1.59204156
1.59191582
1.59191771
1.59191959
1.59179288
1.59166620
1.59153954
1.59141291
1.59133942
1.59126595
1.59119249
1.59111905
1.59104562
1.59097525
1.59090488
1.59091586
1.59099215
1.59112883
1.59123957
1.59135028
1.59146097
1.59165271
1.59191112
1.59216948
1.59242779
1.59257394
1.59272005
1.59286614
1.59302620
1.59318624
1.59335749
1.59352871
1.59372974
1.59394353
1.59415728
1.59427979
1.59440226
1.59452472
1.59461593
1.59465463
1.59468380
1.59462673
1.59460795
1.59458919
1.59457042
1.59459823
1.59464137
1.59469173
1.59474209
1.59479243
1.59484277
1.59491902
1.59505178
1.59518450
1.59528730
1.59539007
1.59549283
1.59559556
1.59569827
1.59583564
1.59591768
1.59599971
1.59609558
1.59619954
1.59634303
1.59655193
1.59677403
1.59691300
1.59702180
1.59713057
1.59712634
1.59704286
1.59694729
1.59685657
1.59682774
1.59679892
1.59677179
1.59674467
1.59671756
1.59669045
1.59656298
1.59643553
1.59630811
1.59618072
1.59608519
1.59598968
1.59593640
1.59588314
1.59582989
1.59575557
1.59568126
1.59560697
1.59553269
1.59545843
1.59537555
1.59531738
1.59529942
1.59524540
1.59517759
1.59510979
1.59504200
1.59500776
