x	y	z
-1.38582767	 -1.98448081	 -4.61306597	 
-1.40211997	 -1.41333719	 0.89796952	 
1.40682505	 -1.19735010	 8.59926767	 
-7.14254756	 -2.68701849	 -7.69229975	 
-2.64698650	 -1.71939660	 3.13527437	 
2.22728091	 -1.45492164	 -2.96112058	 
-1.01086876	 -1.08406787	 -4.86029761	 
-0.90232827	 -1.61339703	 -2.08294564	 
3.11732784	 -3.61037469	 -5.26708085	 
3.20750874	 0.57746498	 -1.73904866	 
1.87354205	 1.46229485	 -2.64976891	 
0.63825722	 1.84335951	 -2.90980029	 
4.01364433	 1.01337572	 -3.43677190	 
-1.43301799	 -1.49911687	 -3.21943389	 
-0.50468467	 -0.01702722	 -2.21298438	 
-1.66962048	 1.96428745	 -6.65040495	 
-1.99435482	 2.37709494	 -4.39607129	 
-1.10314677	 2.03982089	 1.89934448	 
-3.62790465	 4.51529771	 -5.93788607	 
1.59099570	 -1.06600356	 3.39439628	 
0.02658823	 3.89481237	 -4.24156264	 
-2.24003695	 -1.26509224	 3.61699678	 
13.26199392	 3.61395678	 9.41466815	 
-1.52598668	 -4.61392059	 -2.39293380	 
0.11609735	 3.08697109	 1.99896619	 
-3.44252043	 -0.18233478	 1.29162646	 
0.57550975	 3.55477394	 -8.82860703	 
-4.49365979	 1.72278637	 -4.06551209	 
1.23226206	 2.37864710	 -5.01692497	 
-0.64797537	 1.27428225	 -3.17601700	 
0.84210683	 -0.55873550	 -1.61170248	 
-1.20718400	 -0.07117403	 -2.79055698	 
-3.62948068	 7.49446459	 6.51206280	 
-0.88850950	 3.57703542	 4.87696897	 
-0.67041406	 -0.42328830	 -6.62058953	 
1.01644150	 1.76976122	 1.71040405	 
1.47230743	 1.62145675	 2.88457498	 
-0.10439070	 -0.73198585	 2.41452967	 
0.40437674	 1.74640022	 -3.07334297	 
0.51986207	 2.59386969	 -1.89846485	 
-2.67262936	 -0.33753617	 3.47276110	 
-1.41157133	 -1.99834433	 -3.74108656	 
0.71692387	 -1.16944458	 1.92326468	 
0.16075303	 -3.58426294	 4.28721601	 
-3.14463022	 0.48509824	 -4.12156900	 
0.46214456	 2.14237184	 2.34959598	 
-3.39411732	 -0.48610015	 -1.03096301	 
-0.18009472	 3.63162732	 -2.66868550	 
1.60971646	 -2.81405871	 -4.17627723	 
0.58764145	 5.64626573	 6.04954913	 
4.64869590	 -0.59993103	 4.83766738	 
4.19399934	 0.96607803	 -4.19863618	 
0.35455474	 -1.08659581	 6.67933598	 
1.14284983	 -0.87350508	 2.54640630	 
-1.81368944	 2.80552592	 2.46989411	 
0.30386497	 2.01622450	 -4.62976696	 
-1.47793010	 -2.54611959	 1.87108830	 
1.38015345	 -0.57842473	 -5.34112476	 
1.81049873	 -1.89930710	 5.47371426	 
-2.96176625	 -1.53653089	 3.90211568	 
-8.79761503	 -2.61794097	 -5.13916683	 
2.27465157	 1.37487315	 3.85454180	 
0.37787261	 -0.23645097	 3.85830800	 
0.28987425	 1.27566330	 2.93982929	 
3.20963439	 -1.54676134	 -3.26660417	 
0.90899599	 0.07243366	 3.10058673	 
-0.68654769	 1.04170918	 -4.53179920	 
2.49803627	 -2.16726046	 4.90394279	 
4.46123190	 -3.55708340	 -4.10961544	 
-1.67060866	 -0.59192092	 -2.91525083	 
-0.21608915	 -1.88262804	 -1.93787930	 
-1.94573864	 1.09014347	 5.92363003	 
0.98099225	 -1.66099159	 -1.91596127	 
-3.47693318	 3.39582654	 -3.06297938	 
3.06459247	 1.83203765	 -5.56511589	 
1.38333049	 -1.27737283	 -2.30719899	 
-2.11578834	 2.76336285	 2.40999464	 
-0.95505653	 -3.77446555	 3.54653416	 
-1.82966022	 -0.85260269	 2.28007901	 
-5.55866734	 -7.41998886	 -5.93764092	 
-0.76922480	 -0.57771435	 -4.11920063	 
-1.41051718	 0.09599106	 3.68687254	 
-2.41567176	 0.66679837	 3.08569635	 
1.10092443	 -0.07026986	 -0.56114376	 
1.50516605	 6.24917296	 5.16731192	 
-3.10298012	 -1.04657166	 5.96741369	 
-1.03883310	 1.34159890	 4.29519068	 
-1.48666426	 -1.01568704	 -1.42736670	 
1.14029888	 -1.78090118	 -5.78861661	 
-2.54798795	 -0.84506550	 -6.22110847	 
0.56279826	 -1.20269562	 -5.05001030	 
2.91688922	 -0.57663705	 -2.71716021	 
1.93173784	 -1.05798911	 3.00399362	 
-3.03284697	 -3.98327139	 -2.24077732	 
1.62754423	 -0.94442455	 -1.61366618	 
-0.70298918	 1.78330496	 -5.33105100	 
5.93600723	 2.29322639	 -3.03694975	 
-0.42285759	 -1.51341115	 2.52148027	 
0.57146558	 1.68385537	 3.17246368	 
0.84262998	 -0.69325209	 -2.15921946	 
0.99111239	 -5.28506097	 -3.85906076	 
-2.19741854	 2.59064009	 4.47698302	 
-2.37475491	 -0.57514678	 1.98460422	 
-0.75715251	 -1.90870126	 5.52186001	 
1.37363173	 2.09447485	 -3.35186318	 
-1.12955363	 0.09126225	 3.68917184	 
-0.15443153	 -0.39851605	 -2.30203382	 
7.09278402	 5.25395661	 -4.02317015	 
-1.25987198	 -0.56664042	 2.79863259	 
-0.65315680	 -0.73034414	 -1.22049951	 
-1.17766261	 -2.55044569	 -1.28000108	 
4.08062344	 -0.63659249	 -6.28041173	 
4.85279455	 7.09373701	 6.07961546	 
-3.49893740	 0.28575137	 -1.89593236	 
0.42546084	 3.19598405	 -2.76338570	 
-0.17767328	 -3.04853620	 -4.89548046	 
0.95253338	 -1.19408742	 2.17524638	 
-0.57291116	 0.30497464	 -3.31014197	 
1.02663207	 2.43307967	 -3.70398267	 
-0.03671835	 -0.07240167	 2.96885114	 
0.43195893	 0.56755395	 2.99350546	 
-0.17096393	 -0.23641391	 -1.67851078	 
0.88568436	 1.83933737	 4.34535498	 
-0.14173928	 -0.07860924	 -1.39035291	 
-2.74648941	 -1.82755512	 4.63930237	 
0.60499455	 -2.56943375	 -3.28200570	 
2.74359584	 -0.48349057	 -3.46386672	 
-1.31991075	 -1.95580424	 3.90282608	 
-3.33497362	 -0.23598337	 -1.31767062	 
1.07473670	 3.60869640	 2.75955386	 
1.44484464	 -0.34337431	 -4.90642862	 
0.22742209	 -0.64095024	 -1.95249982	 
2.48106638	 1.33913556	 -4.44864213	 
0.77299269	 0.09438303	 -3.45969343	 
-0.62225182	 1.51198178	 -1.84748419	 
-0.51305147	 -0.65403484	 2.14377909	 
-2.71489929	 -2.84035505	 -3.46176893	 
-4.77932385	 6.83826795	 -8.18029774	 
2.16853091	 -6.02763138	 -6.44813597	 
-0.75216229	 -1.80412565	 -2.93653770	 
-1.17466966	 3.10380474	 -3.41628354	 
-3.35950827	 -2.79439304	 5.09545398	 
0.07998716	 0.74968815	 -5.41723016	 
2.85942772	 2.62965112	 -3.07611437	 
0.02686252	 2.05386489	 -8.79473410	 
0.70423677	 0.70247857	 -4.26278688	 
0.70380288	 -1.27692652	 4.70496947	 
0.88307565	 1.55063456	 -1.52176437	 
-1.04243032	 -0.72817551	 -6.05366212	 
-1.49604674	 -1.67121567	 -2.91640040	 
0.69910730	 1.13196273	 3.01581859	 
-0.61963820	 5.08052670	 1.10120512	 
3.64570332	 -2.69774329	 1.42073513	 
1.04227502	 -1.16107636	 -4.19968173	 
0.16022041	 -4.85810115	 -4.44105370	 
-2.58428067	 -2.39328746	 4.16953747	 
3.92032908	 1.97462760	 3.37024994	 
-2.42388532	 0.70059600	 -9.22028458	 
1.19708072	 -0.29000519	 3.22826757	 
0.33316267	 1.61957500	 -6.05274505	 
2.18212215	 4.30287669	 -3.63801496	 
-0.47472129	 0.10783293	 -3.79818489	 
0.27453366	 2.94205463	 6.08083581	 
1.18222462	 1.29409479	 -4.63143642	 
2.91124596	 -0.81992253	 2.92940754	 
0.84575258	 1.25096572	 2.04876668	 
-1.02073763	 0.10491170	 -5.61647247	 
-5.83010904	 1.02625124	 3.88331633	 
2.57247246	 -1.72702549	 -3.09264744	 
-0.66775893	 0.22392457	 0.97223346	 
0.87665507	 -1.79438750	 3.92204542	 
0.76188424	 1.09504527	 2.09021001	 
-0.09432659	 2.38695382	 -1.21781003	 
-2.80754654	 -0.21628509	 -2.17328041	 
0.83736834	 -1.58433099	 -2.13309767	 
-1.50237519	 2.03102878	 -3.35935689	 
-0.02250396	 0.44712286	 -3.65990879	 
-6.18153218	 -0.48649586	 3.03734179	 
-2.39659958	 -2.42923514	 13.10212102	 
-2.66645800	 -1.75635675	 -3.04862068	 
3.22247017	 4.89569511	 1.14504506	 
2.06606455	 -1.57064486	 -1.00364232	 
2.10054171	 -3.01894334	 11.11615420	 
-1.83112954	 -1.62868998	 1.78235416	 
5.62873533	 -0.58016401	 -4.21540140	 
3.47280331	 -1.80454673	 3.06363518	 
0.03868305	 1.66331905	 -2.45481626	 
-2.49022920	 -0.88732206	 -3.56314986	 
1.38695208	 3.59499897	 -5.80790338	 
-2.12685542	 -0.55156202	 6.30110350	 
-0.05720692	 -0.39562561	 -2.26107869	 
-0.86955299	 0.94105642	 -3.50977812	 
-0.94662351	 1.44775769	 3.70762789	 
-2.49028048	 -1.43881692	 3.49991851	 
-1.19416879	 0.38353988	 2.39045992	 
1.58383280	 -0.99111919	 -3.76438001	 
-0.42158957	 -1.22936028	 1.61970612	 
-3.42122696	 2.47127085	 -5.33919315	 
-2.89808329	 -0.96257620	 5.60664724	 
0.56249081	 1.52124221	 -4.97209280	 
3.34670314	 3.08805790	 -4.59978200	 
1.23149840	 -0.82840384	 -5.87014095	 
1.02130693	 -3.35851212	 -2.42774460	 
-0.65934017	 1.44963991	 1.22525228	 
-1.53111031	 0.49617106	 -4.31595770	 
1.97135463	 2.78564223	 -2.07844213	 
1.66888975	 -2.36383716	 2.44001291	 
0.09218628	 1.10719740	 0.77679566	 
-0.09385341	 1.86721968	 3.80830695	 
1.33932268	 1.13134684	 0.71077642	 
-0.79044367	 -2.75850906	 5.67063012	 
-1.86829365	 2.18160941	 -5.55747310	 
-1.69043279	 1.18674384	 -1.23452277	 
0.63962956	 4.81162594	 3.00443691	 
-0.57071656	 0.78341593	 0.56622730	 
3.67635726	 4.73073532	 5.61179587	 
-1.04313208	 2.26520363	 4.85409715	 
-2.79434413	 -0.92401132	 4.88487491	 
0.15944833	 -5.28799035	 -3.00801432	 
1.69864774	 0.86610064	 6.64108885	 
-0.33543626	 -0.58666489	 3.73567178	 
3.44974259	 -1.80126462	 -4.14825187	 
-1.04099497	 1.28866072	 -2.41882480	 
-0.73369887	 -0.02350964	 2.59214365	 
-3.25204991	 -3.34373892	 -1.90891216	 
-1.49089354	 -2.21535537	 -4.26477840	 
-2.26222022	 0.86098962	 3.45981877	 
0.29939612	 -6.93914634	 1.80022209	 
-5.60186340	 1.11757728	 -1.93936118	 
0.40286713	 4.36652531	 2.58176850	 
0.80174307	 -0.42303718	 -5.03104708	 
-0.23076877	 0.79663866	 7.21416107	 
0.10310738	 1.16329631	 -2.60233892	 
1.39504786	 -0.10543179	 -1.81232274	 
-1.94028460	 1.93023939	 -7.99667029	 
0.65289188	 0.46805080	 3.63264825	 
6.48332801	 0.10285159	 -8.11178370	 
-1.48249368	 -0.13619006	 2.92494631	 
-0.73621605	 -3.10896015	 -4.78921991	 
-0.22853227	 -0.86651083	 -2.06626180	 
-8.21996600	 -2.73391083	 -4.54592311	 
-0.58852129	 2.17101294	 6.68976334	 
0.97307473	 1.13026004	 -5.02636936	 
-3.33714343	 0.21922744	 -2.50535477	 
-2.61826551	 2.62326545	 2.80820085	 
-2.91381800	 0.42514621	 -1.89226548	 
3.04954619	 0.59894565	 4.33411992	 
1.46135965	 1.95821818	 -3.65897376	 
-2.96089457	 1.92337377	 -6.83136688	 
-0.50233381	 2.40504410	 1.51591572	 
-1.29882697	 -2.92584090	 1.46265626	 
1.25220653	 -1.03651143	 -3.64046117	 
-2.61631126	 -1.54152160	 4.03612621	 
1.73967975	 -4.54476121	 -4.02010028	 
-2.49941875	 -1.25768615	 4.84369956	 
3.60989673	 -0.83839182	 3.16942292	 
-0.54609475	 -3.67511712	 5.89752918	 
-4.38188238	 -2.18501903	 4.98220860	 
-6.50294082	 3.47083391	 -3.60131905	 
-3.21498516	 0.52233470	 5.94183831	 
-0.05314482	 -2.55421475	 -2.76136221	 
-2.05181190	 -5.15399550	 -4.49765408	 
-1.25503789	 0.45911809	 -1.40740134	 
-3.11285390	 -0.39458273	 -6.82026591	 
-0.79288928	 -1.42664927	 1.93448579	 
-2.61722357	 1.32056979	 4.41879853	 
-8.14361212	 -1.67675956	 3.04588419	 
3.87127887	 5.32453257	 4.45581895	 
-1.33888144	 -3.07263975	 8.30615484	 
4.40800769	 0.28015492	 -4.02435501	 
1.06925730	 -2.74649232	 3.28016469	 
-1.56036076	 -0.04077121	 3.77481053	 
-0.93563299	 -2.61496333	 -10.65991900	 
6.33083849	 -1.92451073	 -5.00044011	 
2.66070408	 -0.28877411	 -1.57725107	 
-4.13088593	 2.04386408	 -4.47497279	 
-0.24324806	 1.04470643	 2.09217481	 
2.82589151	 -3.45786636	 -4.75480635	 
-0.39104977	 0.97381555	 1.59945826	 
3.03667509	 -1.18569657	 5.02550968	 
-2.71753760	 0.02794526	 -2.18883640	 
2.81462168	 -0.77714622	 -5.16857516	 
1.03628192	 2.59075105	 5.45814322	 
0.82006179	 -2.39462976	 -2.20925251	 
0.13928848	 -3.16868360	 3.53563082	 
3.55028217	 -4.06193547	 -3.72756939	 
-5.27402529	 0.14864299	 4.93427705	 
4.93941739	 4.96217795	 3.30090506	 
-1.74211570	 -0.46043767	 2.18644314	 
-3.61669144	 -0.62409977	 4.84333885	 
-1.83973750	 4.64564825	 1.88713710	 
1.18745354	 2.19573414	 4.83960741	 
-0.77814194	 -0.90860257	 -0.94147990	 
0.17277634	 -2.24601094	 2.37521090	 
0.68757440	 3.52657264	 2.54463335	 
-1.76942589	 -0.13883026	 2.45719497	 
-3.22622884	 -1.71640232	 4.58903496	 
2.62175454	 0.35558611	 4.15799910	 
-0.53660358	 -1.66496965	 1.94400797	 
1.32652611	 1.44276267	 -2.45614182	 
-3.82990659	 4.12903446	 6.44323446	 
-3.68584499	 0.66935675	 3.01992447	 
-3.51243557	 -1.39287866	 6.46788571	 
-1.65562102	 -1.45578086	 -1.69979985	 
0.19837904	 -0.34197281	 -1.46975394	 
-1.94959117	 -1.36735602	 4.76868558	 
0.45561571	 -0.07475597	 3.37728765	 
1.11753549	 -0.05662065	 3.95699486	 
2.88924475	 -1.45890860	 2.27750742	 
1.70852511	 -5.16890278	 -4.48704110	 
-1.03523369	 -1.11871311	 -4.06536500	 
-2.47926386	 -1.38115352	 -1.55703834	 
1.54604641	 -1.14475548	 2.34549074	 
-0.40569265	 1.70672855	 -4.45090299	 
3.33396900	 0.52450293	 -3.45075207	 
-5.83358833	 3.49160834	 5.20731241	 
-0.64470093	 5.51351973	 -5.78739494	 
-1.72885369	 6.52535912	 -3.96856822	 
1.52883629	 1.46358424	 2.50171940	 
-2.31711697	 -3.21990080	 2.11765315	 
-3.64772727	 -3.06255692	 3.07738555	 
-1.62336036	 0.41210192	 3.41521343	 
-1.00388220	 -0.73869295	 -2.34186908	 
-0.55757342	 0.92846923	 7.64753983	 
0.92895015	 2.56209759	 -3.16928290	 
-3.95049353	 -3.76214519	 -6.82232727	 
-1.18228262	 0.33365360	 -3.91755717	 
3.20063770	 -0.13075155	 -2.48127555	 
-3.29621038	 -1.60417210	 8.43247639	 
-2.05550815	 1.32216673	 4.78844391	 
0.70696000	 -3.91051606	 2.70110055	 
4.37117533	 -1.70251440	 -2.54230486	 
-1.98024974	 3.30141677	 6.48070320	 
-0.80507908	 1.28355236	 2.45335942	 
-4.13140734	 2.62804377	 1.96259237	 
1.07880795	 -0.62898397	 -5.03532489	 
4.23906895	 -2.77439154	 4.27502489	 
-3.82907656	 3.92884675	 -3.25868782	 
1.07406193	 -1.95580118	 -2.45097168	 
1.31281411	 1.59901880	 4.52668466	 
1.10270743	 0.22166028	 -2.03017281	 
2.44831021	 1.33764365	 3.85707583	 
-0.31578294	 -2.33882653	 2.13939767	 
2.03221902	 0.36405003	 4.71589486	 
-0.65009733	 0.21911375	 3.02414357	 
1.52340243	 5.17080827	 3.54631020	 
-1.10255294	 -0.55445091	 1.09461677	 
0.08229011	 2.60094807	 -7.47609073	 
0.63314145	 -0.89550205	 -2.99233308	 
-0.59071143	 2.05904258	 3.09416475	 
0.36546498	 2.08414812	 5.71063867	 
-0.04717912	 -0.35216528	 0.82197025	 
2.76648329	 2.36813014	 3.63547122	 
-0.62435016	 0.57371551	 -3.98853222	 
-2.58438638	 -0.21862104	 -5.98367615	 
0.70184370	 1.15140952	 -2.31398666	 
0.78112998	 1.58955825	 6.18941658	 
8.70586075	 1.77624908	 -5.45016738	 
2.36291893	 -0.94038851	 0.70043040	 
-3.42084732	 -0.15428454	 4.33944803	 
-1.15586904	 -0.22832727	 -3.15616911	 
2.17055831	 -1.88922693	 4.02238578	 
2.41022019	 2.05975049	 -4.73606494	 
-1.73439248	 -0.64170775	 -3.61462690	 
0.04059783	 -0.28450050	 -2.31557588	 
-2.32196745	 -3.07146098	 -3.31262688	 
0.10562198	 0.49967571	 -2.99730393	 
-2.72760750	 -2.83267761	 -2.87612038	 
-2.00015753	 -0.60902006	 -5.72700329	 
-9.45502809	 3.47365459	 -8.50849130	 
-1.48059419	 -1.74296509	 2.86180167	 
-2.58057074	 1.26920958	 7.14336959	 
1.25895082	 0.76803108	 2.30982704	 
-3.84913967	 2.90751570	 -9.15005351	 
-0.57290248	 3.13157029	 0.20559068	 
-1.29522521	 -0.95324185	 -5.57826964	 
-5.91621380	 0.31168854	 -4.66950613	 
2.50563343	 0.15591135	 2.93512978	 
1.14953437	 -0.28996988	 -1.82943146	 
0.49197986	 2.69983011	 4.15668566	 
-1.13005685	 1.01573691	 -3.64840262	 
0.29851289	 -0.92026837	 -3.48613302	 
-0.17374211	 2.07038100	 -1.64658893	 
-0.44621653	 5.12112534	 -8.80925185	 
0.54258388	 1.06929196	 -3.12772909	 
-4.31445177	 -1.03411789	 -1.76523148	 
2.02989023	 0.28595253	 4.00432578	 
1.45144548	 1.31136010	 -1.87691827	 
2.57207434	 -0.72814307	 4.14833499	 
3.26024101	 -1.64615086	 2.21907036	 
-3.78491538	 1.73641782	 -3.25437530	 
0.45851105	 -1.19231572	 -3.46272828	 
-1.69476219	 -0.25303149	 1.07409441	 
-6.59655180	 -3.98975242	 -1.40757334	 
-0.59375627	 1.66449020	 -4.71951302	 
1.78393831	 -0.29668773	 6.59540130	 
2.21964130	 -0.24547475	 1.46869945	 
-0.39139931	 -2.17962727	 -3.83827530	 
0.89708401	 -0.27118766	 -1.80995238	 
-1.60703934	 -2.15129690	 8.11511735	 
0.85298672	 1.00818109	 -2.06262769	 
-0.97373146	 -0.36716967	 3.70663602	 
-2.60702209	 -2.06557043	 2.58917853	 
-3.07063373	 1.14247968	 3.81612698	 
-0.83298913	 1.21375018	 -1.31488204	 
-2.81727385	 -1.67951906	 0.64134513	 
-5.71488871	 4.34409902	 -2.49098021	 
-0.98605180	 3.43266861	 1.57065959	 
1.26058739	 -0.11268702	 5.70153916	 
-2.53246089	 -3.84576090	 4.76218059	 
0.08142933	 -0.50427846	 -1.45710982	 
-0.12347824	 -0.28203661	 1.61253823	 
-0.65889938	 2.63380907	 -7.32302210	 
-0.10297954	 0.41018859	 1.80963298	 
2.74610062	 0.11798132	 3.32635191	 
3.44413225	 1.14035994	 3.49953523	 
-2.27367856	 0.87188701	 2.61127111	 
-0.90923393	 -1.93525450	 5.03846430	 
-1.37288697	 0.42998144	 2.31907096	 
0.20030268	 -2.82541409	 6.44579089	 
0.70231662	 1.66657339	 -1.99270712	 
0.74721688	 1.81383384	 -5.32805935	 
-0.91697342	 1.48366051	 -3.78638649	 
0.29267136	 2.64467478	 9.85806841	 
-1.50922366	 -4.66334642	 5.61519110	 
-0.72752248	 1.09809338	 -3.64949039	 
-2.68978380	 3.95129756	 -9.88810927	 
2.54729729	 2.33005675	 -3.23079833	 
1.45866165	 -0.76733279	 -2.48250990	 
3.12917427	 -2.55839495	 -2.31234389	 
-2.27657284	 -1.94711489	 5.30193850	 
-4.46118366	 0.00693093	 -6.40678904	 
1.90884903	 -4.22651296	 2.35235905	 
-0.36549169	 0.64231103	 -4.55805128	 
-0.34024708	 1.11691916	 3.82003872	 
-0.05866066	 -0.14407166	 3.00872184	 
-0.86924027	 -0.87586180	 2.82624962	 
-2.24763282	 -0.94161527	 4.35516667	 
2.60098767	 2.94945952	 2.10069807	 
1.70928534	 -1.30276208	 4.52571698	 
-0.43499147	 1.72484820	 0.81089446	 
2.27137155	 -0.28185609	 -3.59358320	 
-1.03503655	 -0.04305612	 -0.66641435	 
-3.75965817	 2.67937198	 5.99414819	 
-5.46150006	 -4.02392943	 4.61680435	 
-2.62518981	 -0.10957421	 -2.48856357	 
-1.69486255	 -6.10829543	 -4.35777951	 
-0.17810471	 -4.11912924	 -2.44285217	 
-0.75497364	 2.63283663	 -5.02823997	 
-1.38259017	 1.11366812	 3.93845436	 
0.38395199	 0.34152335	 -5.35124055	 
-0.77794901	 3.37915416	 -6.82775372	 
1.02044193	 -2.07245233	 -0.92098531	 
-1.74351977	 0.33245268	 4.73541593	 
-0.29719512	 -1.91882056	 2.79683059	 
6.26850310	 2.36384087	 6.20147022	 
-0.12302970	 5.95691967	 2.98436386	 
1.57173729	 1.58750657	 7.39709356	 
3.03960779	 0.34112648	 -4.17097400	 
-0.69946749	 2.69413148	 3.01756983	 
8.67797233	 -7.08509105	 3.57753815	 
-0.03239407	 -0.28521345	 -2.17954502	 
-0.81852604	 0.69202597	 1.77004986	 
0.15303435	 -0.68082503	 -2.63925111	 
-0.45459542	 0.86682740	 4.17213407	 
0.96331126	 -2.08991391	 -1.15129201	 
-0.89360829	 1.01303122	 -5.36552023	 
3.05583540	 1.18641778	 -3.42041947	 
-1.32701974	 -2.58321312	 -6.32208209	 
1.55098914	 -3.11006389	 3.37962191	 
2.15835658	 2.09045535	 -3.37720096	 
-0.32812473	 -3.66757909	 3.34283116	 
1.94403893	 -0.88683642	 2.37162238	 
3.08793147	 -0.81710660	 -0.47877446	 
-2.92259941	 -1.07013360	 6.12343095	 
-0.07365794	 1.95451086	 -1.38851234	 
0.29440161	 1.56776035	 2.77368575	 
-0.12805325	 -0.63400262	 -1.03366608	 
1.12472793	 0.14661589	 1.22271382	 
-1.09072630	 -3.94365822	 -7.99805388	 
-1.92156173	 -3.26441545	 -2.30508688	 
0.32892395	 2.23629615	 -2.49823259	 
-0.54868497	 -1.56946978	 -1.34922116	 
-0.08952388	 1.55677282	 -4.85546952	 
-0.07186148	 -6.10173256	 -5.33252330	 
-1.07236358	 -0.29739928	 -3.27715828	 
1.84309561	 2.10321811	 2.76227936	 
-0.19449382	 -2.34603632	 1.28085182	 
2.40284338	 0.22325892	 3.80387222	 
0.76940639	 2.39366072	 0.91129603	 
2.11678136	 -1.28617411	 3.20169410	 
-2.66176537	 -0.81010719	 -3.26263796	 
1.44687472	 0.90469693	 4.69429801	 
-0.36993561	 -0.12111126	 -1.67586702	 
3.81878153	 -0.79217164	 -4.81249122	 
-2.16202846	 0.62840785	 -3.46566211	 
-0.34753988	 -1.38542703	 2.26644165	 
-0.74079378	 3.09020096	 5.50133817	 
2.76549716	 1.99718296	 3.57431965	 
1.51428178	 1.07010289	 1.37141254	 
7.23875157	 -0.43190354	 3.93731504	 
-2.01713011	 1.33095572	 2.63416475	 
5.38764911	 6.27961059	 -7.32956119	 
-0.92271209	 1.53486257	 2.55142537	 
-0.53200384	 1.26343319	 -2.28390856	 
1.03131641	 -2.05644946	 -2.32378525	 
-1.77971021	 1.17424047	 -2.77030061	 
-3.45466038	 5.58378511	 -3.20929366	 
-1.87570025	 -0.70911755	 1.74244598	 
-2.36031930	 -0.60857818	 6.99524692	 
-0.69492117	 -1.22310406	 -4.67498026	 
-1.76005377	 -1.84313226	 -3.60365877	 
-2.36723889	 -0.50912052	 3.42754045	 
-0.20980348	 1.89985904	 2.50596501	 
0.40854948	 4.66501879	 10.71160062	 
0.17249097	 0.76894541	 -4.18086433	 
1.34261713	 -3.51010577	 3.51383696	 
1.91655512	 0.11185432	 -1.90778555	 
3.95852423	 4.87860868	 2.27244481	 
-2.15437876	 -0.51853024	 -4.43625648	 
-0.29203659	 -0.50097066	 3.98432121	 
-1.99421247	 3.65377817	 1.50121554	 
5.33720462	 2.10106172	 3.01730547	 
-1.24892445	 0.13881963	 1.96838279	 
0.17063763	 -0.90167908	 1.01976411	 
-4.44114800	 -1.46988193	 -2.71164120	 
-4.14068305	 6.02999831	 -5.15446235	 
4.90477379	 4.31890315	 5.49590578	 
-4.60709298	 1.71447367	 1.20572239	 
-0.42841453	 -2.53130856	 -4.94690210	 
2.00090607	 0.37425467	 2.65626335	 
-1.97786928	 -1.59945806	 -4.17945440	 
0.66518133	 -1.76107874	 -1.49202600	 
-3.21802737	 -1.44884469	 -4.86845504	 
-3.33472620	 1.07987590	 -3.77638662	 
2.32832837	 -1.63752563	 -2.81649797	 
-2.86051893	 0.08127932	 4.17370902	 
-2.94797066	 -1.25061258	 -3.78497560	 
-1.86388905	 0.17210045	 1.97427820	 
-1.49425215	 -5.35514704	 -3.11099368	 
-1.00135971	 -4.55041583	 -3.39376455	 
-3.16557890	 -0.43862276	 -3.35383236	 
1.30437616	 -3.20076802	 -3.94454008	 
0.20409523	 -3.04843746	 -7.08430493	 
2.19691064	 1.94852619	 -4.09969133	 
0.49442582	 -0.18363341	 0.21895387	 
-0.41349712	 -5.21402761	 0.80432695	 
-1.80817707	 -4.53548613	 -5.71511591	 
1.32993297	 -0.08449323	 -1.43401015	 
4.63204398	 -2.46583588	 5.02296984	 
2.49181028	 1.46382931	 -2.26569018	 
-1.78946937	 -1.44076259	 -3.07570216	 
0.76517898	 5.83522437	 1.93654569	 
-0.35363529	 2.25424533	 -3.78189027	 
0.79706532	 1.96478810	 1.88461566	 
0.50649436	 0.30000370	 4.78915837	 
-3.85894725	 -1.55155946	 3.73328423	 
-0.04512586	 -0.54785650	 -3.22230982	 
2.98172888	 -3.53086191	 2.08425352	 
0.29311536	 -2.58151038	 3.20072261	 
-2.66054788	 0.97409546	 5.65801754	 
1.82338336	 -0.41582668	 2.65339791	 
3.43728403	 -5.55182892	 3.51896101	 
-0.94809881	 1.42895936	 -2.95090288	 
-0.20837637	 -0.99957236	 -3.61705892	 
-0.19480378	 0.54246787	 5.10887265	 
3.85563740	 1.11010910	 -1.70501354	 
-0.27610594	 1.05395245	 2.21052893	 
3.14368266	 1.29563550	 -3.42619303	 
0.20797011	 1.03706000	 1.65247980	 
-0.69485383	 0.01111231	 4.11299523	 
3.47992686	 0.37821568	 1.65776887	 
-0.37948628	 0.78714159	 -2.36725529	 
1.30031666	 0.51793814	 -2.77220665	 
3.08220092	 2.26681784	 -3.82936914	 
3.16914657	 -0.78124151	 -3.24496411	 
3.71434078	 -4.36335063	 5.36734159	 
4.36398815	 0.10520651	 2.83774948	 
-0.50578274	 -1.15406846	 -2.92800365	 
-1.66544139	 2.30140906	 -2.86282582	 
3.72440133	 0.15711057	 4.17747779	 
-0.34744302	 -0.14958134	 3.02846471	 
-0.90501477	 1.65543720	 2.67157493	 
-1.57072550	 -3.97409695	 4.09185533	 
-3.08597285	 -1.58169418	 -4.00891241	 
2.30845957	 -1.66134617	 3.83845209	 
-2.23414252	 -1.18744540	 5.20411179	 
2.08220707	 1.02089623	 -3.54096954	 
-1.20049638	 4.04689088	 -7.58924405	 
-0.67370782	 -0.60507829	 1.70928844	 
-2.88477536	 -2.26357827	 -4.00834969	 
-3.39967552	 -0.14195099	 4.44239440	 
1.24899218	 3.67948161	 3.93696957	 
0.29274697	 -1.47858354	 -3.63431440	 
-1.17848725	 -4.47564904	 -2.40301582	 
-2.58416836	 5.93218508	 -6.62524093	 
-0.38342782	 1.92483174	 3.54802686	 
-3.71198668	 3.94733990	 3.72436916	 
1.21821959	 -0.84354786	 -4.16014206	 
-0.03001356	 -1.00766105	 -2.87583527	 
-0.63032967	 1.90174232	 3.78553272	 
-2.39218309	 0.85877419	 3.52061092	 
2.13143905	 2.03567433	 -2.51066914	 
-0.96987803	 -1.06676411	 -1.15356115	 
0.86698043	 1.31572382	 5.63137464	 
-0.74506004	 3.69480137	 -5.40715257	 
1.29856146	 -1.63584599	 3.08543448	 
1.94382598	 -2.72046185	 -4.76968341	 
-1.67400742	 1.09964354	 -4.99336131	 
-2.66541230	 1.90621726	 3.92913466	 
-2.40940062	 0.31161096	 -2.33623341	 
-2.57785554	 -3.11562541	 11.31956942	 
2.26900584	 -2.57703918	 5.80517364	 
1.34576299	 -0.69343605	 -2.78586180	 
-1.36969985	 -1.53496754	 -3.17644668	 
-0.59202443	 2.29662621	 -3.77664715	 
0.56937602	 0.39543407	 -2.15904317	 
1.14514684	 5.72957207	 -5.35832456	 
4.23337872	 -3.73175377	 -2.77213365	 
-1.16620057	 2.39391078	 4.07506891	 
-1.85313981	 0.12301042	 3.62979763	 
-3.57195862	 -5.50840595	 -6.28189430	 
1.63710002	 -2.59687133	 -2.25229999	 
0.94478343	 -0.44919843	 -2.25581634	 
0.64029367	 -0.96585914	 3.94127420	 
2.87788833	 1.99054025	 4.01060379	 
0.81502083	 -2.11642079	 -2.35710486	 
-1.51641931	 1.87264269	 1.65422828	 
-0.85421696	 4.93253974	 3.79474689	 
-2.17094573	 1.85077022	 -2.77189756	 
3.44996165	 0.73469029	 6.09340036	 
-2.24725885	 -2.36114677	 -1.76142378	 
-1.23339182	 2.04151241	 2.66389053	 
-2.18354235	 -0.57244105	 1.19335004	 
3.34507207	 -6.44790147	 3.04966662	 
1.19246522	 -0.62606912	 -0.74636045	 
-1.63266317	 -0.12891366	 -1.87349566	 
-2.98400620	 -2.94346653	 -3.57110664	 
4.02698267	 -0.82388598	 7.21007040	 
-2.55821826	 -0.96000970	 3.98586428	 
-0.18643884	 -1.74678109	 0.71510777	 
-2.28759623	 -2.37563000	 4.10760805	 
2.05164304	 -2.21603449	 -1.50010563	 
-6.27114420	 -0.48947433	 -6.23910583	 
3.32370157	 -4.47366736	 -6.86454918	 
6.14964201	 -2.52201383	 -8.33114038	 
7.03503020	 -1.66925608	 7.66866973	 
8.00989083	 2.36282296	 5.13448675	 
1.69845033	 -1.17678529	 2.16881934	 
1.33333896	 1.40609284	 -2.87866717	 
1.31372420	 3.41072704	 -2.88642773	 
0.39553516	 -0.69928534	 5.55117256	 
2.45567997	 1.83826951	 -2.29995056	 
0.88397271	 -2.17610123	 -1.92339951	 
0.89357513	 0.90865125	 -2.14948459	 
0.61052743	 -1.36677611	 2.82384432	 
-4.78086097	 -4.44453473	 -5.49722358	 
4.72690225	 5.26403840	 -6.04918849	 
1.28100194	 -2.66244289	 5.00453549	 
2.73549622	 1.28943874	 4.19845478	 
0.11001405	 1.65615610	 -2.81600756	 
2.96968112	 -1.01018613	 -3.21904362	 
2.37859990	 -0.67364637	 4.70885484	 
1.96007850	 3.21577572	 -5.10902502	 
2.09032287	 0.51734131	 10.34515911	 
4.24433920	 3.52857761	 -5.93083884	 
-0.38191234	 3.21876931	 -1.47656090	 
-0.66363819	 0.80585035	 -0.29200226	 
1.04014072	 -0.90864379	 -1.41554364	 
2.75160056	 0.33777840	 2.14657862	 
-1.46790744	 3.22000503	 2.52675359	 
0.75411492	 -0.38397943	 6.11014641	 
-3.41990733	 0.13544425	 -4.87998297	 
-0.80434966	 3.43283447	 -4.53911125	 
-3.29144185	 3.15210724	 1.29929110	 
-1.42994085	 -1.71331410	 -7.41793138	 
-0.08800564	 1.42212318	 -0.86909715	 
-2.39715555	 2.82048954	 6.87624396	 
3.58567513	 6.04403972	 -4.96407895	 
-2.96564673	 0.95550987	 -1.85641381	 
-2.39868863	 2.03410569	 -4.79136058	 
0.63017334	 -3.55683726	 3.08292483	 
1.42013090	 1.37879887	 -4.62318442	 
-0.51032024	 0.77007510	 2.42151070	 
2.17659046	 0.57501288	 -2.11200422	 
-1.52149617	 -2.36671360	 -3.82429623	 
-1.68706439	 -0.90762109	 4.53064675	 
-2.47303052	 1.90981650	 3.42930875	 
1.54776693	 0.28698326	 1.50004675	 
2.73383477	 -2.06987865	 -5.72198795	 
0.14206541	 0.40097875	 5.14215015	 
3.23705826	 -0.37333289	 1.86013708	 
-0.16986771	 -3.65613320	 -4.68449066	 
0.74913093	 -1.56680487	 -7.90847427	 
0.15676752	 -0.93030665	 2.85393000	 
0.64820576	 1.38081598	 1.65154138	 
-2.81149952	 -2.66179721	 -0.61645128	 
-0.55908371	 0.70384242	 -1.61528196	 
1.33902089	 -0.30979153	 2.42194389	 
-0.07093895	 -3.95197580	 -3.13718574	 
0.25357862	 -3.68880257	 -3.40045624	 
4.26798127	 0.95924021	 2.20400194	 
-0.52661548	 3.01811482	 3.16877064	 
0.07582622	 1.25914917	 -2.91017141	 
-0.94935736	 2.20796637	 -3.24873030	 
4.26491839	 -4.47448604	 5.94638327	 
-0.12818764	 -1.13911851	 -3.54946809	 
2.47458772	 -2.20055181	 -2.96223054	 
1.54613290	 -0.40122327	 -2.80379944	 
-1.69799549	 -1.06612461	 1.40832341	 
-1.30940151	 -3.57384184	 2.62179284	 
3.56577312	 0.19544048	 -1.32266745	 
-1.11336676	 -0.53788826	 2.53452987	 
1.47793482	 0.25018219	 -1.06845824	 
0.23764373	 0.14768981	 -2.22463759	 
0.68152873	 2.26516600	 -5.29205609	 
-1.27833703	 0.11093192	 3.87368819	 
2.46309263	 -0.12488870	 2.29756846	 
-2.98709519	 -0.52726105	 3.50996240	 
-0.64852575	 -0.76909576	 -2.64418877	 
-3.35308909	 -3.77263895	 -5.55966526	 
-0.29212893	 0.82922358	 -4.52512427	 
-2.38946713	 3.44035927	 -2.77558928	 
-0.24337344	 0.16839674	 -2.93426535	 
-3.46974253	 -6.64286070	 1.95523477	 
0.22190494	 4.39086331	 8.53508018	 
-1.11189675	 1.35270436	 -1.82125472	 
5.11060006	 5.01046963	 -1.72004990	 
0.56846845	 -3.60412917	 3.53811401	 
-2.05984117	 0.73588645	 -1.69653033	 
-2.95035711	 0.31482328	 3.73020114	 
2.21665301	 0.09284632	 2.99910547	 
0.87587227	 0.39788029	 1.04877824	 
1.65628386	 1.30605861	 1.38632537	 
1.24770986	 0.65533408	 3.35754011	 
1.70368420	 -4.47072842	 0.92013980	 
-1.77393960	 1.88760779	 2.03391734	 
-0.86761221	 -1.29066905	 -7.95160684	 
2.89855958	 1.65500041	 -1.72125318	 
-1.15723065	 1.30153089	 2.71049587	 
0.53386177	 -2.49914485	 -2.42877954	 
0.85216431	 -0.23566540	 -1.37916161	 
1.84902503	 0.45742994	 4.15505014	 
0.40715326	 -4.30614469	 -7.75577399	 
-0.89490167	 3.22052456	 -5.30289373	 
-2.72566331	 0.20457830	 5.03574006	 
-0.46074143	 0.79849223	 4.25774026	 
3.76310175	 2.74077665	 -3.23926387	 
-0.11125302	 -3.85866306	 -9.28914686	 
-1.73737960	 2.82150257	 2.93215268	 
0.57331443	 1.23750463	 1.56130105	 
-4.52095220	 0.82333497	 6.12573200	 
0.31932287	 0.97404857	 4.38563618	 
-1.09837940	 -0.07463048	 6.64667036	 
0.70425979	 4.20006923	 -3.93497801	 
-2.76583771	 -1.45396319	 3.18365430	 
1.54748964	 -4.59909047	 3.66933567	 
-1.82787020	 -0.71337487	 2.34861605	 
1.21493400	 -3.95851464	 5.68503635	 
-1.45546720	 2.88198493	 -5.85972178	 
4.09543659	 1.13264242	 4.82916602	 
1.51771510	 -4.67546233	 -4.74221689	 
-2.64330878	 -0.81657019	 -6.42217878	 
-0.52982844	 1.04236944	 2.89324430	 
1.09948795	 -0.87061787	 1.72886860	 
-1.50799443	 -2.28750401	 3.21998643	 
1.29329692	 1.07357969	 -3.48763002	 
-1.52804194	 -2.50218573	 3.07494601	 
1.03398625	 -0.68182533	 -2.36563705	 
-0.82751499	 -2.25640883	 -3.49840409	 
-2.43535943	 -2.37492686	 4.10659717	 
-3.06164097	 0.62659531	 3.10371733	 
-5.57723953	 0.42220555	 -8.11663132	 
-0.16520803	 -2.14931607	 2.49128397	 
0.40088910	 -0.25440198	 1.64738149	 
-2.24321481	 4.84399008	 -3.33864366	 
1.68855352	 4.68850770	 -4.22411692	 
2.10273129	 -0.96676661	 3.50347376	 
-6.00953226	 4.01660681	 -4.92756421	 
-1.57052491	 -0.59150324	 -3.46551530	 
2.90145368	 2.52354287	 -3.07028673	 
4.01644984	 1.43533155	 6.04834547	 
-2.52416035	 -2.67715268	 3.79385742	 
-0.61787984	 -2.31189872	 4.77488675	 
-0.23025453	 -2.39761562	 -3.20666837	 
-2.80068794	 -0.55793887	 2.65828840	 
1.22921975	 0.83276672	 -1.06401447	 
4.19067130	 -0.47231792	 0.57350731	 
-2.28044818	 1.29149510	 -1.76190271	 
-4.44571845	 -1.38639250	 4.67658223	 
-0.18234030	 0.34924407	 2.83242007	 
-1.79315788	 0.71151893	 4.84558904	 
-1.92650934	 -1.73714657	 5.65546185	 
1.35815951	 -9.62822630	 -3.00509354	 
0.60840582	 2.28976812	 3.57374715	 
3.33623678	 1.98381796	 -3.49861732	 
-3.42068424	 3.08519888	 -3.76225822	 
-1.90938328	 -1.27510278	 3.54141124	 
0.12698813	 0.63768820	 -4.00639708	 
0.19814754	 -0.78129702	 -1.88113128	 
-0.45690824	 -1.63680250	 -2.03591983	 
3.76542579	 -2.95932633	 4.90849983	 
2.80640819	 -2.82885767	 2.69407895	 
-1.52776999	 -5.45721232	 7.27981949	 
-0.16852224	 2.54540133	 -3.28793639	 
-0.59280061	 0.21906060	 -3.46730999	 
-1.90782411	 -1.00031271	 -1.34294931	 
1.56304233	 -0.25049217	 5.46226784	 
0.07095903	 -0.15824403	 2.07627046	 
4.62903341	 -2.49081001	 -5.93365703	 
-3.08613884	 -0.54581983	 -4.90691172	 
-5.13259285	 -1.92226256	 -8.39522316	 
-4.77665016	 6.24473794	 -2.76695332	 
0.74173109	 4.78257868	 1.64561953	 
-1.17441064	 2.96999694	 3.08088998	 
-4.45299558	 -3.40840525	 -6.38441006	 
1.62859374	 0.00984101	 2.38769761	 
-0.84565212	 -2.48718736	 -2.14297677	 
2.21230963	 -2.70133077	 -3.00617751	 
2.68165015	 1.81075574	 -2.88661890	 
1.23718113	 2.58124640	 -1.60293362	 
-2.01012132	 -0.12122889	 -7.05092550	 
0.19824742	 1.01747706	 -1.76588965	 
-7.64602459	 1.90625567	 5.47379572	 
-5.21726597	 3.91600465	 -3.01366626	 
2.33917585	 -1.45902377	 3.60717852	 
1.48351439	 0.63977882	 -1.50291069	 
-0.90943320	 1.06997659	 3.29376034	 
6.20721076	 -2.61365172	 5.51712970	 
0.83172120	 -0.95995022	 5.18240774	 
-0.75217522	 2.81758512	 -2.78165597	 
1.30035092	 1.71448714	 -6.29506668	 
-2.04152319	 1.36761491	 -2.05779226	 
0.56708215	 0.36056943	 0.63384984	 
-2.15002517	 4.02591385	 -4.78263793	 
2.70119645	 -5.69767319	 4.21097024	 
0.06475168	 1.02566494	 5.58978347	 
2.27916266	 6.03526082	 -6.15283410	 
0.88021929	 -1.39482920	 -3.87751370	 
-4.20903527	 1.20054660	 -3.61643273	 
-3.86220464	 -2.60567143	 2.98677738	 
-0.17898627	 0.23476744	 -1.31479829	 
3.86842738	 -4.58279517	 -1.47307607	 
-3.38827660	 -1.97262990	 3.99894745	 
0.61786341	 -1.04300403	 4.59623211	 
-0.52109778	 -1.56153096	 -2.58987979	 
-3.75773704	 -2.59033315	 -3.12933654	 
1.95831782	 1.44394950	 3.74525777	 
2.42895403	 -0.19398057	 -3.58484821	 
-4.27967116	 0.82499237	 2.71654093	 
-2.64286055	 -0.12893585	 -2.20678773	 
-1.78837732	 -0.84227067	 -5.18615793	 
1.62263516	 3.93015239	 -9.34829132	 
3.30524789	 -0.25617833	 5.77777819	 
0.31464944	 -0.80909616	 -3.97042714	 
-1.50671794	 0.82281226	 2.05680348	 
1.98408603	 1.52558053	 -2.42982807	 
3.07805437	 -5.94546302	 -2.05210315	 
-0.22854508	 -1.37513314	 3.71353962	 
-2.48456959	 0.11626104	 6.97952350	 
3.03391239	 1.16805872	 5.82734308	 
1.32900765	 -0.56248300	 3.53038403	 
2.27549042	 -0.30346037	 -2.36458221	 
0.74332021	 3.74912915	 -3.91379726	 
-2.86205636	 5.59366231	 7.82029213	 
3.63304621	 -0.42547933	 7.25801966	 
0.13411231	 1.74551006	 -1.57719209	 
-1.37041563	 1.01078715	 1.53469579	 
-0.95254796	 7.16443626	 -3.25303177	 
-4.68308720	 0.01521368	 5.52080451	 
-0.42119143	 1.93919042	 -3.22091902	 
0.38264104	 -0.18967646	 2.87740346	 
0.74687607	 -2.02804363	 -3.76622361	 
-2.05832601	 -4.58602793	 3.64732690	 
1.79374511	 6.81384725	 5.53982926	 
0.71023316	 -1.95547284	 4.85123651	 
0.11650631	 -1.66367162	 -4.82098258	 
-2.17185650	 -0.15008083	 -4.68563214	 
3.09691461	 -0.94209299	 -1.34756291	 
-0.28557540	 -2.26671841	 -3.78395012	 
3.13238849	 2.08678654	 -2.91796973	 
0.34139958	 -2.87041921	 5.43638828	 
-0.04579488	 2.03095868	 1.94413910	 
2.69305556	 3.28701699	 -3.89773062	 
0.42739221	 0.36955601	 -1.19860851	 
1.00453207	 4.02726875	 1.57221019	 
2.66893881	 -2.32326687	 2.85518845	 
2.39208562	 -0.79892254	 2.37629550	 
0.68790843	 -1.97230007	 -3.88423725	 
-0.51742641	 -2.12282499	 -3.26302152	 
3.56994973	 2.13985684	 -6.19881201	 
-3.86045624	 -3.91030431	 7.54659921	 
1.92978526	 -1.89187321	 4.26661739	 
0.15335252	 1.37738913	 -2.16055397	 
0.73202070	 0.51349101	 -2.69451449	 
1.10193672	 -1.64699904	 3.99431869	 
2.05708703	 -2.23914374	 -1.96071565	 
0.14725385	 -2.26560429	 -2.39352568	 
1.13097699	 -2.33332373	 2.86127441	 
0.59075876	 4.21392535	 4.69396071	 
3.56668520	 -1.53218109	 -3.42699636	 
-0.02168770	 3.06898866	 -4.65837650	 
-1.62416545	 1.79394568	 -6.57297310	 
-0.79013261	 -3.24248771	 -3.59312072	 
-3.37959851	 0.37404539	 1.82764561	 
-2.15779650	 6.28786022	 -6.60869867	 
-0.19860787	 1.56937446	 3.22599543	 
6.38814074	 0.99472408	 6.95490506	 
-0.67989743	 0.56904615	 1.95285089	 
7.86291181	 9.99120604	 7.24818193	 
1.30482692	 2.63096532	 -3.71378690	 
0.18811961	 1.29909730	 -4.31397151	 
2.21240667	 -4.46858760	 -9.93442120	 
5.46270232	 0.74753024	 -2.06420257	 
-1.30876506	 4.91007777	 7.05627896	 
0.41419343	 0.18124691	 -2.38538542	 
-0.42471166	 -0.20323831	 -2.32632620	 
-0.28288006	 2.74349988	 1.97995167	 
-4.82770877	 -1.00975370	 -7.31044467	 
-0.29862544	 -0.81829601	 1.55659751	 
2.07111791	 -2.58024171	 4.80708192	 
-0.95357355	 1.34217507	 -4.48756615	 
-4.38521946	 2.96392642	 -2.38554383	 
-0.89722499	 0.68486486	 2.08620877	 
-0.81040394	 -0.01646949	 -0.85503065	 
1.76474037	 0.58218302	 5.05671799	 
3.41364648	 -2.65173858	 2.13251736	 
0.83582656	 -1.71544392	 -0.36787561	 
-0.21670384	 -0.35654744	 4.03533938	 
1.52722403	 -0.78811716	 -4.23202904	 
-1.44202002	 -2.29218426	 3.01362973	 
2.50471273	 -1.41064022	 -3.73392518	 
-5.18198913	 -0.97892666	 -6.02447102	 
-1.99662368	 -2.04143388	 -1.57770045	 
1.85819626	 -2.59891332	 -1.92924658	 
-2.75750322	 -2.16186521	 -2.75025204	 
-3.43405880	 -5.51446060	 3.43274441	 
-2.33427427	 0.41957616	 -1.65936440	 
-2.57402107	 1.90401366	 -7.27003475	 
0.66785904	 -0.07740558	 3.84118686	 
0.07322741	 -2.52688864	 2.43778509	 
-0.81772622	 0.29008770	 3.96785246	 
-3.02823187	 5.03181652	 -5.57962582	 
1.59000407	 1.27989223	 -1.88932097	 
1.18482808	 2.20785881	 -2.31721196	 
0.25475408	 -3.20029858	 1.71753333	 
-3.37062585	 -1.62904798	 -7.06941606	 
0.94760001	 2.22886252	 -4.63436722	 
0.08841069	 -0.33604514	 3.91864571	 
2.19589382	 0.96369098	 -2.81484681	 
-1.97988114	 -1.63287964	 2.02262416	 
3.43243361	 0.62436633	 -4.51175425	 
-1.71731486	 1.75042378	 -1.03942063	 
3.70940813	 -1.62548232	 -2.46040283	 
-0.66734023	 -1.60603276	 -2.31721866	 
-1.98376602	 -3.88527037	 5.06245086	 
-3.36857396	 -0.04433380	 -2.76841722	 
1.38466441	 -0.02289384	 -5.18486082	 
-0.06604568	 -1.47176503	 3.79017705	 
-2.71310674	 0.14313050	 -5.43546597	 
5.13718881	 -1.99128447	 5.96670287	 
-2.38570940	 -1.37588158	 1.66001608	 
1.72855018	 -0.40086276	 2.46082965	 
1.98303182	 1.59661568	 -4.62914623	 
-2.76054932	 -1.33308038	 -3.92347127	 
-1.27042784	 -0.60264862	 -3.93918953	 
-0.88538365	 1.08932737	 -4.34630677	 
-3.01592619	 2.04097188	 -3.28637391	 
-1.23890515	 0.09091354	 2.47432703	 
1.27808050	 0.97962870	 1.20892984	 
0.12125883	 0.10630244	 -5.73510596	 
-0.88361016	 -0.95720467	 1.26446024	 
-0.59244739	 2.65716034	 4.84217464	 
3.96762359	 2.16384041	 -3.43222959	 
0.78293375	 -0.68270874	 -1.26387397	 
1.73151159	 2.39643307	 3.02289638	 
2.70674059	 -3.79443821	 -3.12927568	 
1.06642098	 -0.01514124	 -0.90410459	 
0.12995794	 0.62794117	 3.39043425	 
-0.05480208	 -0.40529486	 -1.86480338	 
-1.05100909	 -0.58544366	 2.14688486	 
0.97667801	 3.07304581	 4.98035124	 
1.01022684	 -0.86282039	 4.98169169	 
0.87342944	 -0.80131839	 3.56014375	 
-4.67803196	 1.03888906	 -1.95850221	 
-1.47847006	 -4.03638173	 3.66672383	 
-1.48732871	 -5.57152949	 5.20500219	 
0.59422071	 0.83264399	 4.24527442	 
2.36362669	 3.25104345	 4.76874693	 
1.28976377	 -4.03584115	 -3.04776466	 
-0.19445072	 -0.91062051	 -2.96896632	 
-0.80252785	 1.51647924	 -2.54979590	 
4.93573707	 -4.12588361	 5.33756866	 
-0.40078128	 -0.75238860	 3.00447927	 
1.43033176	 -0.12441645	 2.83330687	 
-0.37327162	 0.44944878	 3.58740986	 
-4.96639198	 -0.31561253	 -3.94374617	 
0.39996148	 3.12986055	 2.59178350	 
3.77948034	 2.93082533	 -7.53760501	 
-0.21359283	 1.41950195	 -2.10262097	 
1.04036174	 0.37556520	 -4.17155826	 
-0.57859180	 -0.48425007	 -4.45437153	 
4.74080708	 -5.18912176	 4.15865306	 
-1.61887747	 1.89418556	 3.07745580	 
-4.19259091	 -4.41998394	 4.20128803	 
-2.07893869	 1.74941395	 2.56349477	 
-4.80679168	 -2.19942269	 -5.23818340	 
5.94641366	 -1.74554974	 4.81309518	 
-1.17120135	 3.93668021	 2.11911647	 
-0.36455029	 3.72236452	 9.28009372	 
-1.33798618	 -1.09730951	 2.18776806	 
-0.38923897	 -2.93595084	 -7.24516067	 
1.22483189	 -0.46147641	 -1.43284049	 
0.88149121	 -2.01488500	 2.78385460	 
1.11167385	 0.42048454	 3.30936781	 
0.63148784	 -2.02767582	 1.56399732	 
-0.22646017	 -0.56112692	 -2.35923752	 
0.99179625	 -0.83295250	 -1.06343885	 
0.09614693	 -2.16809418	 -3.45454768	 
-0.07951437	 -3.58283063	 6.73913811	 
1.16386640	 -1.54997301	 2.52891094	 
2.39134482	 0.45575947	 -3.92517316	 
4.43033075	 -4.60328539	 -5.33269049	 
-0.00563725	 3.43984646	 -2.67783928	 
6.03214385	 6.75368904	 -4.00385191	 
-0.25980370	 -2.44258082	 1.49496786	 
0.78768468	 -0.75262839	 4.41440880	 
-0.66892428	 1.74995303	 1.05065411	 
-0.22918757	 0.57233982	 2.77659454	 
2.97279094	 0.19309604	 -3.82563013	 
0.32238822	 -0.28086550	 2.72738746	 
0.78905565	 -3.38797991	 1.59356014	 
2.43775831	 7.71905708	 -3.06295289	 
-3.28847369	 -3.82035733	 -2.39267968	 
1.45516758	 0.95575480	 1.60794383	 
-1.80660490	 0.59499266	 3.19427600	 
-1.34274569	 0.77027704	 -4.57086801	 
-0.41432740	 -0.31455660	 1.03362692	 
-0.75569464	 0.08100304	 4.16358287	 
-6.04575603	 -4.35304510	 -3.01718452	 
-1.09368858	 0.98266886	 9.72734660	 
-0.02289363	 -1.43343209	 3.41646124	 
0.82529591	 -4.69545917	 -3.03008772	 
-0.45612026	 -0.19536405	 -1.75595009	 
1.52614721	 1.78290809	 4.11253330	 
-1.72666031	 -1.79741363	 4.13149442	 
1.99350672	 -0.54345708	 4.51252898	 
0.51682574	 0.31362173	 4.69829103	 
-0.61958613	 0.54314916	 4.21524590	 
-0.03345467	 2.64874270	 2.89158245	 
-4.11447895	 0.71860660	 3.71682902	 
0.92646790	 0.07939321	 -2.13343041	 
-1.94236032	 -5.16532330	 -3.26353091	 
1.23995074	 -0.57902801	 -3.98020128	 
-0.06547921	 -5.27692723	 -2.02088914	 
-0.34857077	 -0.73427696	 1.10257506	 
-1.60625000	 -0.36105774	 2.09034009	 
-0.53788273	 0.25228491	 -1.98481438	 
2.77282262	 -2.84167777	 -3.83280049	 
-2.37840898	 1.39267512	 1.25388094	 
-3.10304279	 0.23979724	 0.43596408	 
0.59467835	 0.62896022	 -3.07639051	 
-3.53418177	 -0.73964443	 -4.99395906	 
0.64859323	 -1.63502589	 -3.21173276	 
-4.18316726	 1.93747001	 6.42210938	 
-3.45048400	 1.02050334	 2.28550398	 
0.28713071	 0.00649119	 -2.84606776	 
-1.26364125	 1.12936515	 -6.60312091	 
0.61973269	 0.42731304	 -1.00132990	 
-4.64042921	 7.25500795	 1.97536127	 
-1.53576643	 -1.42989881	 -4.86713773	 
-0.57783845	 3.03202950	 -5.45490991	 
0.75928847	 -4.15288370	 -3.44223086	 
1.37939921	 -1.71265044	 -2.78261162	 
1.11704229	 -0.75217838	 -3.32005379	 
0.28984916	 0.91334704	 -5.75453496	 
0.97371654	 0.75559976	 -1.73478377	 
0.10616654	 6.12734069	 5.76576141	 
0.74401712	 -0.35291911	 2.72737571	 
1.23829303	 2.16169542	 -4.11921816	 
-1.43931193	 -0.50301924	 3.52555787	 
0.87367518	 -1.56672711	 -4.06859451	 
0.50662041	 0.70435022	 1.92019683	 
3.69840972	 3.79537250	 4.36571640	 
1.53905856	 -1.49391154	 -2.06569170	 
-1.33613703	 1.94861091	 -6.58681384	 
1.83075101	 -0.49071945	 -4.72149585	 
-3.77110338	 -4.14946437	 5.11238893	 
0.42188729	 -1.84248201	 0.42912242	 
-2.64001816	 -2.75463444	 2.67684062	 
-0.33213395	 -1.37862779	 1.78129705	 
0.05141866	 0.43310035	 -3.00580867	 
1.08411797	 2.22430965	 -5.24484340	 
2.39608373	 0.90960539	 -6.16064852	 
-1.97907814	 -1.19693666	 3.45668029	 
0.82860894	 1.93089971	 -2.66676987	 
-0.00980436	 0.38679157	 -1.06522938	 
2.28997991	 -0.30043654	 -3.25918425	 
-2.57100012	 0.68976386	 -1.94523833	 
0.35396866	 0.64618743	 -1.62257987	 
4.54620024	 -5.28048938	 -3.63825846	 
-0.65887709	 -2.25597029	 -2.90819452	 
-6.18224223	 0.04611815	 2.46706767	 
1.65048037	 -0.64365508	 -3.56595529	 
-0.93489354	 2.92064079	 -6.09442138	 
3.97228765	 3.16823780	 -1.52091240	 
1.80774848	 2.09081427	 4.59365046	 
-3.05928380	 -1.55928753	 -4.33277028	 
-0.00153743	 -4.02373276	 -6.01879480	 
-2.00458888	 -0.09936331	 -3.97623780	 
1.16392823	 -0.74812607	 -1.22983215	 
-2.44389275	 4.41617627	 3.34103254	 
-2.41957156	 -0.49007728	 3.29765707	 
-3.14092779	 3.20409353	 -3.39877462	 
0.67231235	 0.07973283	 -2.01916200	 
5.24757032	 -4.59165173	 -3.03741750	 
-0.36115639	 -4.33666819	 4.31759889	 
0.33786201	 -0.78109170	 2.61612149	 
1.42508050	 4.46928063	 -4.51458602	 
0.17852205	 -0.33551078	 3.51993905	 
-0.62980178	 0.08056381	 -3.35572016	 
-1.08234584	 0.57658235	 3.75023148	 
2.90861509	 -3.33509467	 6.29520582	 
2.10137325	 -0.39552582	 -3.24291646	 
-0.45103983	 -0.72832689	 -1.44770698	 
-2.11749020	 -0.08543356	 -8.58154374	 
3.24222074	 -1.60712323	 3.91997780	 
-0.20990384	 0.26516674	 0.61688801	 
-0.82105982	 1.85432304	 -2.41410072	 
-0.21920592	 -1.64993847	 1.74344998	 
-2.12739215	 0.82841369	 -3.45379310	 
2.07710238	 2.36925181	 2.95474957	 
-1.03956878	 0.57982659	 -3.57435838	 
-6.10292949	 0.63025763	 3.70454079	 
2.56481206	 -1.94623212	 4.19819070	 
0.37031577	 -3.32891512	 -4.48682274	 
-1.09359062	 0.68946581	 -1.21441243	 
-2.78924509	 -2.19100126	 0.97793898	 
0.09704671	 0.49462620	 -0.86990378	 
-0.53706352	 0.35793333	 3.69190002	 
1.44875499	 2.69607424	 1.59695024	 
-1.89637125	 2.07173804	 3.31025467	 
-1.14076589	 2.71950988	 -1.18914399	 
-2.44777709	 -0.42297810	 -1.81430475	 
-3.27403075	 -0.10899965	 -2.26954436	 
2.89203283	 0.63104116	 -4.15208095	 
0.74026125	 1.45750983	 -1.63082361	 
3.65775477	 -2.27374023	 4.85882522	 
0.70516087	 0.28381011	 2.10385187	 
0.56476762	 0.78657756	 0.41895747	 
-0.49561917	 1.71383660	 -4.29566153	 
1.00736465	 -1.34827762	 1.09656324	 
1.96548534	 2.31570058	 -3.85422987	 
-0.43689168	 0.15147395	 -1.48903714	 
-0.82094927	 -1.90878549	 0.47151219	 
3.34001293	 -0.44820643	 1.53000658	 
0.15147126	 2.31237735	 -1.58440543	 
0.89424908	 2.09398091	 -5.77322614	 
3.71886724	 -0.56456651	 -1.75149335	 
4.34076934	 1.79896741	 -2.27060725	 
-0.78768986	 -1.44344988	 -4.35993510	 
-0.39868846	 2.56539396	 1.93042394	 
0.76688761	 2.38897970	 -2.00740958	 
-3.65552924	 -1.52705763	 5.45354038	 
2.25383402	 -0.58433587	 5.51875841	 
0.45283681	 -0.70081286	 -5.66496135	 
1.18422111	 0.75616350	 -1.26147546	 
-2.00110138	 1.08212353	 3.87970489	 
0.14489094	 3.23131518	 -4.06280688	 
-0.18607274	 0.27015774	 1.32933344	 
3.24363532	 -2.04465683	 8.52811959	 
0.38388064	 0.21307038	 5.53629235	 
0.66957543	 -3.08236683	 4.76206060	 
2.84660900	 -1.60032216	 7.17370449	 
0.11005923	 -0.30801314	 -5.44652616	 
-1.70983286	 1.50791627	 -4.48022330	 
2.36620261	 1.89948812	 2.58116673	 
1.62175418	 4.57786088	 -9.79902239	 
-0.19278263	 0.54026678	 -4.86344688	 
-0.31156498	 1.46830795	 4.39960619	 
-1.37104042	 1.27355961	 -1.78262674	 
2.24902403	 2.25891327	 1.62111071	 
1.23492711	 -1.47480454	 2.51827248	 
-1.33568262	 2.37328348	 3.31587084	 
1.29987605	 0.48009210	 -5.16702325	 
0.64470114	 0.76120275	 2.05742705	 
-0.52854334	 2.91533701	 5.30354728	 
2.15994126	 1.89060380	 -1.03425932	 
-0.37260958	 1.50997910	 -4.41231670	 
-0.55233532	 -0.60289946	 -5.93865011	 
3.78450784	 4.62139209	 -5.79713408	 
5.40728579	 -2.42777604	 3.75343449	 
-3.29541646	 -5.38432450	 10.06754356	 
1.42038970	 -2.07404455	 3.47136957	 
0.89669668	 3.67307309	 3.89131377	 
0.80451429	 -3.24271764	 7.72212209	 
-3.39563887	 -4.07224696	 -6.56499638	 
1.58882250	 -0.66594092	 2.39753014	 
2.97189370	 -3.21398538	 6.02300603	 
4.97816184	 -5.48866746	 3.32985141	 
-0.18825584	 -0.46321714	 7.74953908	 
1.47187634	 2.93272950	 2.36430522	 
3.39925715	 -2.39230936	 -3.70688904	 
-1.42745014	 1.20329547	 -2.60261154	 
2.67650139	 1.43149400	 3.27724419	 
-3.23255966	 -4.16888165	 4.20323488	 
-1.88505746	 -0.37149033	 6.32825441	 
-2.37693514	 0.65484894	 -3.68894908	 
-1.68221636	 0.86732902	 -2.03584905	 
-0.84868254	 -1.74933499	 6.45363569	 
-3.44862776	 1.32042187	 -2.76258038	 
-1.62358007	 -0.11730857	 3.18714330	 
-1.37433641	 0.31987311	 -4.32896088	 
-3.23974889	 -1.25776324	 3.18772617	 
0.99687966	 -0.19528261	 2.61016912	 
-2.14726351	 -2.48205997	 6.92420712	 
1.64319954	 0.67421019	 -2.93228284	 
-1.14307203	 -3.84688532	 4.36728174	 
1.96324675	 0.05009851	 4.65341274	 
-0.51470823	 -0.26812974	 0.85993018	 
-0.27842372	 0.52489908	 -4.40429795	 
0.37568931	 2.17926497	 5.44960363	 
-0.57050169	 -0.06454804	 -4.43878355	 
-1.75311666	 1.25623331	 -3.80570026	 
0.93113498	 2.98725154	 -3.82441673	 
0.00039062	 -2.42055985	 4.52907755	 
-1.96138252	 1.11387050	 -0.83230801	 
1.82698238	 -3.13170744	 -4.92776615	 
-0.01769338	 4.46722844	 -1.95965321	 
-2.36943920	 2.00463110	 -3.74066915	 
-0.35877979	 -1.36161643	 2.25742877	 
-1.67968372	 -0.45186028	 2.80627823	 
-1.88379943	 -0.60431079	 1.53015572	 
-4.57654420	 1.02301913	 3.05731262	 
1.04833088	 -0.43475138	 -6.43449325	 
1.96802250	 -1.16008022	 4.50749231	 
-1.48074976	 7.12205158	 -8.09196769	 
1.95507051	 1.19819378	 3.53274608	 
4.33323483	 -1.19144547	 3.87549483	 
1.59398657	 0.14024610	 -1.98355711	 
-4.09205992	 2.37033671	 -2.81903700	 
0.17447965	 1.45589742	 -1.11391766	 
3.68259937	 -4.18731949	 -3.29102830	 
0.99531531	 1.57255836	 -2.79001767	 
-0.41476798	 -0.44727446	 -1.74954573	 
3.08090457	 -2.75859902	 6.20535721	 
2.29062812	 -1.38885847	 1.96370766	 
-0.81780586	 2.21996112	 3.22043859	 
0.92384005	 -0.23303452	 2.57345105	 
-3.42112909	 -2.48189046	 -6.00758012	 
-4.45451544	 -4.17018880	 4.67295980	 
-0.16771116	 0.73997939	 2.78424544	 
-0.42710640	 -1.48316681	 0.60558954	 
3.51671137	 -1.13021497	 -3.28881310	 
-3.00852041	 -2.90569310	 -1.81774855	 
-0.58332045	 1.97612496	 2.33965251	 
1.85634372	 1.99029901	 3.01659578	 
0.67517891	 4.08174367	 4.94678017	 
-1.40700159	 -1.50621279	 -1.43325555	 
-0.58398878	 -1.01812122	 -6.74715181	 
-0.22688797	 -0.57553788	 -6.30536265	 
-1.99394430	 1.78935221	 6.27334032	 
-5.52676799	 -2.56750602	 3.13852005	 
5.23845270	 0.19164019	 -8.26463740	 
-1.21899867	 2.01864186	 -0.84001348	 
0.94663181	 1.17066098	 1.02663088	 
-0.95615514	 -2.25931748	 -3.23988527	 
0.07199731	 -3.25726451	 4.87443252	 
2.44742199	 -3.61811170	 -2.63478402	 
0.06788161	 2.36078749	 2.40729088	 
-1.96522380	 -1.84620371	 7.34279349	 
-0.32827621	 0.91782209	 6.06218101	 
-2.10536796	 -2.81361872	 3.97306217	 
-1.73192724	 0.54846720	 1.64794761	 
1.25613946	 -0.97643453	 1.57723023	 
-1.01998928	 0.09975607	 4.68329526	 
-2.91453372	 1.91947023	 1.96125383	 
-2.82438541	 2.19444214	 3.77975019	 
-0.85095272	 -4.20238327	 -4.59231367	 
1.66574717	 -3.64069623	 -2.80952912	 
-3.23886114	 -2.05499487	 1.87937689	 
1.31945734	 -0.69787911	 -1.93865730	 
1.39555243	 -0.53991727	 4.95560655	 
0.46649808	 -0.85143391	 0.60563245	 
1.04188008	 0.02697734	 -2.82315043	 
2.76596432	 0.07778750	 -4.30179607	 
0.83829232	 -2.98591364	 2.64253653	 
0.30727516	 -0.72860674	 2.38680752	 
-0.89969028	 -2.61066103	 1.52930610	 
-0.69640825	 -0.95124205	 3.53948364	 
-0.98806297	 -1.80221507	 1.92218269	 
-0.66521389	 0.35429233	 -1.83412066	 
5.86440382	 -3.96084208	 -5.92371839	 
-0.26552098	 -2.31077431	 -4.75278767	 
-2.54709003	 -0.09264437	 -2.77704621	 
-0.17315317	 -2.57432456	 -4.22567205	 
-1.12327805	 5.78845719	 5.40243935	 
-0.67141020	 0.27817565	 6.79990029	 
0.59422850	 -6.24395053	 -2.57256788	 
-2.94132215	 1.88339428	 -8.62076967	 
3.76269371	 2.76685988	 6.84441148	 
0.65917960	 -0.66774582	 4.73800093	 
5.23946379	 -6.60779367	 -2.57940807	 
4.22663866	 -1.48732087	 3.04014812	 
-3.24041513	 -6.12441475	 -2.53433046	 
3.58457345	 -3.22707513	 2.39270231	 
-4.64733141	 1.78383023	 -3.24429910	 
-2.65159924	 -0.00118601	 -5.31185113	 
-1.96166960	 2.87357596	 -3.64057749	 
-1.67460590	 2.71000999	 -0.94616072	 
-0.43511305	 -2.23540208	 2.92569858	 
0.28630520	 1.55804977	 3.57610318	 
-3.15934992	 3.50079778	 4.25576830	 
4.16273065	 2.63167465	 6.56907667	 
-2.19748401	 6.23430265	 -1.38269871	 
-1.28746123	 -3.82539756	 -6.22424249	 
0.92623496	 2.15778370	 -3.25163418	 
0.44111444	 -2.20231983	 3.06698799	 
-0.64152172	 1.01485256	 -1.57771442	 
0.81968668	 1.03562566	 2.85500867	 
0.97261511	 1.80205489	 -1.93752242	 
1.76538599	 2.87594940	 2.30306749	 
-1.97795687	 2.41364630	 1.60372643	 
-1.29588429	 -1.24039892	 3.13373783	 
-0.42860888	 -3.67972129	 -3.12263430	 
-0.33383251	 2.17168105	 2.73667010	 
-3.46277360	 0.08591265	 0.10780473	 
-0.81559688	 -3.12590733	 -7.52354611	 
-0.20578358	 -2.73398027	 2.15044672	 
-1.08426009	 1.60561373	 -7.83196419	 
3.07770311	 -2.23673699	 3.87347407	 
-1.56582917	 -0.50158838	 -1.42841244	 
-1.23372659	 -0.53037545	 -2.52862341	 
3.35826759	 -1.43774596	 7.18552524	 
-0.15958895	 2.86818801	 5.20578302	 
-3.98302868	 -0.71962884	 2.81871681	 
3.54374125	 3.50675153	 -1.04759750	 
-1.76291706	 -2.00138116	 -5.85850179	 
-0.10296405	 -2.25168049	 2.16861644	 
-0.61515705	 1.25720373	 -3.07323437	 
2.42552359	 -1.44574517	 4.41257291	 
4.27843935	 0.74982193	 -3.37762448	 
0.57016152	 -0.48687559	 -1.80578291	 
0.96173632	 -0.99909381	 -1.68632332	 
3.35796938	 0.36810300	 -3.61077913	 
-5.91398857	 -1.88147491	 -2.92834563	 
-1.00707693	 -3.63068458	 -6.84885290	 
-0.31859504	 -7.87864067	 2.50179774	 
-1.02376278	 1.50811301	 -7.02609017	 
0.42359040	 -3.02907698	 4.37252790	 
1.03660850	 -0.08626257	 -3.00651463	 
2.55009119	 0.47397656	 4.12154196	 
-0.80631594	 -0.24268750	 -3.52002414	 
-0.06574601	 0.04775442	 2.66362930	 
-2.72241399	 -1.45884877	 -2.08222684	 
-0.80061319	 0.01209478	 6.31385147	 
-1.19682600	 1.39158172	 3.97493679	 
1.13396364	 1.15175698	 6.98142883	 
0.73134900	 0.62672412	 5.89091719	 
-0.67867655	 -0.38815271	 -1.68758133	 
0.97919590	 -1.63182550	 3.93218729	 
0.26770648	 -2.35577649	 5.82911336	 
-0.02335481	 -0.49829019	 -2.32333798	 
-3.26246085	 -1.07847801	 6.08230933	 
-0.28419278	 -2.25038926	 3.73977849	 
2.51362985	 -2.39853570	 2.51302481	 
-2.06607290	 5.16232478	 -3.83473667	 
8.50277614	 6.03016007	 -3.49754371	 
-2.78560483	 -1.13361474	 3.75571270	 
0.93972899	 1.37801516	 7.61891682	 
-0.47144668	 -0.38874871	 1.38548313	 
1.78514828	 1.04000064	 -4.67702475	 
2.56452102	 4.29849402	 -5.44299116	 
-1.54646728	 -0.07315983	 -6.51385786	 
2.34232083	 1.58400287	 8.25951115	 
-1.21684799	 5.78077602	 -3.71364863	 
-3.07828633	 2.67575918	 2.53767477	 
-0.31101251	 0.58014030	 -1.97548312	 
0.39803286	 0.07914488	 -10.48638631	 
0.43735555	 2.63083557	 -4.07992752	 
-0.21294391	 -2.15211556	 -7.75940600	 
-6.34585996	 1.21011401	 -2.50384389	 
-1.72828573	 3.18638852	 5.59814471	 
-1.18443186	 -1.49393583	 3.34725182	 
-2.00422103	 -1.64031572	 -7.81523882	 
-0.70863394	 0.00646546	 2.75008184	 
-4.93367102	 -2.03430935	 5.23224554	 
0.02136971	 2.68171399	 -1.00578557	 
0.85513103	 -3.41462833	 -7.75181288	 
0.36054479	 0.87358787	 -4.70272545	 
1.14927922	 1.30575243	 -1.98505370	 
-0.40037131	 2.30886946	 6.00694751	 
-0.10697795	 -4.85603720	 2.73312773	 
2.44897117	 -1.66478985	 8.42661761	 
-0.68946224	 -0.50786333	 4.73292396	 
2.31429963	 -1.70878079	 -4.76272794	 
2.34786329	 1.35689385	 3.62164121	 
-1.30870855	 -0.13901436	 1.27767572	 
-1.78490826	 0.84103111	 -4.54812606	 
6.15752846	 -0.40252039	 -3.25246594	 
-3.63498090	 2.90406228	 -2.01004501	 
-0.90191072	 -3.60714080	 7.84701701	 
-1.83431107	 -1.29962772	 -6.24844387	 
-0.44874187	 -0.17189774	 -7.09473757	 
-0.84763173	 -2.53956185	 3.57992218	 
-3.11385195	 3.48756855	 3.21897621	 
3.79015844	 4.31586050	 8.32734027	 
-0.41521379	 -0.90043593	 -2.82716221	 
-1.12843302	 1.09499336	 5.58047789	 
1.18360040	 -3.98028872	 -2.98497239	 
-2.27997010	 -1.13971127	 2.92707442	 
0.61921214	 2.15579059	 2.00957073	 
-0.51208794	 -1.36785105	 -1.86790257	 
3.17988739	 -0.41957631	 4.25594802	 
2.99460845	 -0.61849962	 3.86218670	 
1.84427658	 -3.01508946	 7.93612074	 
-0.43893431	 0.96443343	 -0.99256404	 
-0.82431034	 0.68549652	 -0.83814404	 
-1.96952939	 1.14757933	 -6.70793068	 
2.12663960	 3.67407685	 1.73539972	 
-0.27132784	 -0.92882830	 -3.72865499	 
3.01404455	 1.55604293	 5.39155445	 
1.82009067	 0.79795249	 2.97942958	 
0.21966389	 1.52226620	 -5.39100616	 
0.69948721	 -2.33526939	 10.32953800	 
1.14908377	 2.47934949	 -3.95300671	 
1.42508530	 -2.06397015	 -1.60943044	 
-3.12518806	 3.20559869	 -6.70825877	 
-2.30846815	 4.01289389	 4.25300586	 
-0.25460304	 0.10581125	 -3.33778956	 
-5.92060017	 0.98105010	 5.53803680	 
-0.44878150	 3.91747480	 -4.21473739	 
-0.82309387	 0.42820449	 -3.76077812	 
-0.89129351	 -3.67204773	 -8.12755326	 
-0.19618031	 1.33035205	 -3.58791264	 
0.42432805	 2.55356190	 2.38787732	 
-3.70877881	 -7.39423142	 3.30068198	 
-0.56298407	 1.94624951	 2.13162848	 
-0.34786729	 -3.85117935	 1.77251425	 
-3.33522442	 4.54931374	 2.54614054	 
0.85853952	 1.41091155	 -2.20303421	 
-0.03290454	 0.23271521	 -5.38611217	 
-0.12776420	 3.86552389	 -3.87886868	 
3.06599658	 -1.27733162	 -1.32685235	 
-4.15627174	 -1.06207179	 2.15964715	 
-5.32115876	 0.28119746	 4.18698168	 
2.99933420	 4.40129986	 13.30886891	 
0.85743764	 3.52480932	 -4.44753535	 
-1.26350386	 6.01498169	 -3.91582667	 
-5.31524262	 -0.69534885	 2.98874344	 
-1.39032053	 -0.30676241	 4.22254642	 
0.08515087	 0.20388991	 2.00684925	 
-2.63014173	 -3.23806362	 1.88097137	 
2.40048977	 -3.40026911	 -3.76205396	 
0.51948688	 1.20059456	 -5.67765577	 
-1.73261316	 -0.72877877	 -4.48915921	 
1.86639256	 -2.26236751	 -3.08604900	 
-1.71882534	 2.89355029	 -4.50932919	 
0.03439882	 -0.77068383	 -1.66746621	 
-2.15263071	 2.09368889	 8.73129576	 
0.87092101	 1.32742826	 3.32929911	 
2.51816021	 -1.18383526	 -1.79601991	 
-1.73706177	 0.85813359	 -8.46106844	 
-0.39637456	 -1.76491749	 2.39371296	 
1.84116800	 -0.88134643	 -1.11862053	 
-3.82583885	 1.01974307	 -4.89472955	 
1.42768242	 -0.17635164	 3.83857952	 
-3.15232819	 -2.19566494	 -1.82044318	 
-4.21813156	 -0.20774370	 -4.16058487	 
2.00839760	 -0.11770922	 1.40929394	 
-3.57323471	 -3.58104564	 1.30082886	 
0.73236416	 1.82962975	 -4.73168942	 
1.10774964	 -2.03209098	 -1.19085824	 
1.42605877	 0.44131115	 -3.13284111	 
-1.42606969	 -1.51617843	 2.52739510	 
-0.76888931	 -0.35329252	 7.81602066	 
0.17635733	 3.45426462	 -2.37413707	 
8.21834838	 -2.03506539	 3.50925619	 
-1.71506371	 0.13552639	 4.77803934	 
-0.98779762	 -7.00041042	 7.21293050	 
-1.72165270	 -0.31802003	 2.94527203	 
-0.08262820	 1.31542185	 -2.43386068	 
4.61456215	 0.61659883	 -7.91787288	 
-0.44412085	 -5.07784877	 -3.56736696	 
-0.01642090	 -9.35503057	 6.19028844	 
0.52769360	 -0.75881460	 -3.76339497	 
5.81400580	 -3.47482398	 -5.35491671	 
0.39067805	 -0.84163970	 -5.62322880	 
0.97030151	 5.72075155	 7.73943555	 
2.14192641	 -0.50141460	 3.56075395	 
1.79459503	 -0.07038132	 1.92973761	 
-0.20310003	 -1.43784776	 -1.97277039	 
-1.33479192	 -3.32439458	 -5.47745594	 
-0.25178305	 1.22980435	 -3.28234742	 
-0.15211349	 3.60838496	 -2.35924016	 
6.66010469	 3.40282360	 -2.89410683	 
-0.67273660	 -2.18050175	 -2.60743336	 
-1.87122746	 3.38177192	 -5.31307054	 
0.43967612	 -2.16678006	 2.18771873	 
3.11848838	 0.67048707	 5.44457836	 
1.21615732	 0.75413825	 -1.68195771	 
2.63473572	 -0.41890773	 3.91955817	 
-1.49752444	 -1.55636695	 3.67334786	 
-0.14786233	 -1.88916730	 -3.28300813	 
-0.59093699	 2.10881244	 -5.40698272	 
-0.73688608	 0.58702632	 -3.81322022	 
0.06188416	 1.36707675	 3.10361884	 
-1.78821488	 2.88035680	 4.84823339	 
-0.89973506	 0.26868800	 -1.50808807	 
2.05098728	 -2.63716703	 -3.75669591	 
-1.86771572	 -6.10870991	 -9.72165550	 
-3.85696094	 -4.25862250	 0.39909502	 
0.22628626	 -2.32276928	 5.75845648	 
-0.26034780	 -1.37256997	 5.81769219	 
2.25284287	 3.93071610	 4.26474494	 
-3.89436749	 -3.83131168	 -3.61975314	 
2.00088165	 -1.84956348	 5.00385791	 
-0.47508830	 2.53990080	 3.50197449	 
-0.75508726	 -4.04580704	 -5.36188077	 
-2.04210066	 -1.70630866	 1.56644938	 
2.75957052	 3.22793798	 5.97252666	 
-0.65369189	 -0.02683524	 3.08861063	 
-0.07735994	 0.37291278	 -5.29733386	 
1.55246014	 -0.22219598	 -2.30872631	 
2.96827967	 -0.63915197	 -2.04633431	 
-0.02961619	 -0.09222725	 4.01436109	 
-2.57347584	 -1.12623195	 6.39460987	 
-0.01870939	 -3.64706213	 3.82399720	 
3.00150647	 4.97029653	 -5.40749832	 
-0.29107178	 -2.37389099	 -3.82432547	 
-1.96022734	 0.83213401	 1.62397730	 
1.27926202	 -6.35566045	 2.35401644	 
-2.25834974	 -0.03433300	 5.00175434	 
-6.59625918	 2.29901611	 9.19023512	 
2.53899914	 -2.70517870	 2.00066911	 
3.76271904	 0.68660473	 6.36366939	 
1.83137598	 -2.54342554	 -3.42805070	 
-2.13095096	 -1.95192853	 -6.18706347	 
0.76542802	 -0.12931526	 -2.83290744	 
-0.10752685	 -3.53710587	 -2.00054873	 
1.71150401	 8.14426561	 -8.09422864	 
-3.93746375	 -0.78172341	 3.37140310	 
2.81358786	 -2.26615586	 -3.95608195	 
0.47806889	 -4.35459154	 -6.28125997	 
-0.50700537	 0.92493049	 -1.20842229	 
1.36461091	 5.20917329	 -5.10240081	 
1.33525854	 2.00353072	 -2.82833780	 
1.55876694	 -2.61609663	 4.06706091	 
0.09999752	 -0.96466577	 -3.09643897	 
7.13354863	 -0.35298957	 5.13441135	 
-4.77937473	 1.40892786	 4.89085733	 
1.27737036	 1.66995310	 -3.17128760	 
-1.83336369	 -4.61836394	 5.28782084	 
2.27883807	 -1.06244695	 3.08184484	 
-1.70853872	 -6.59631283	 -2.14664496	 
-3.96852488	 0.82794725	 -3.07367721	 
0.11846251	 -0.65660706	 -6.64246665	 
-2.79036579	 3.74012812	 -3.31317822	 
0.79627258	 -2.97873551	 -4.59769425	 
-2.58056176	 0.66920360	 -7.26658355	 
5.65323956	 -1.95641597	 -1.19738815	 
0.75434705	 2.11351785	 -5.14940971	 
-0.62302921	 0.86213068	 -1.73209207	 
-1.95797396	 4.42660300	 -3.87518068	 
-3.20673840	 0.40923952	 7.41311208	 
1.11034707	 -1.55006543	 2.04696958	 
-1.45743142	 2.88960497	 -3.60873259	 
-3.73701360	 0.76425858	 -3.50599178	 
-1.22721793	 0.89153898	 2.82275802	 
0.47572410	 2.44284359	 9.28076777	 
0.96552053	 -8.45210225	 -7.63284052	 
0.09929856	 -3.64837195	 -6.67339461	 
-0.74646349	 1.76897160	 4.81231067	 
-2.12503485	 -3.18018954	 -5.39983720	 
4.22200243	 -2.31445192	 -10.68227849	 
0.97615588	 1.65991568	 2.27477389	 
-2.52920969	 1.97257957	 -4.08714532	 
-1.63819166	 -0.23121350	 3.77464931	 
1.75647412	 0.22025847	 6.14406321	 
-0.76400167	 2.58853028	 -2.56392679	 
4.60166393	 -1.03914094	 7.22139768	 
4.36585187	 -4.72368477	 6.16244435	 
-0.00678085	 -5.00629001	 -3.60474356	 
-0.76109666	 4.01744746	 -0.59086937	 
1.08186668	 -2.79171978	 2.24161983	 
-1.43066997	 1.56181285	 -3.86217146	 
-3.56997547	 0.08919123	 3.51740754	 
-0.75876390	 -0.52856980	 3.38333364	 
0.46026646	 1.49378701	 3.53362034	 
0.88160530	 3.25559923	 -1.72159608	 
1.08924731	 0.22566678	 -3.78504747	 
6.56047688	 6.26892713	 -4.14523569	 
-0.90524195	 -2.68197837	 -5.96897252	 
0.71010834	 1.22717094	 2.70589702	 
0.74253315	 -1.61577253	 2.12651636	 
4.02997212	 -0.58314070	 -2.50698155	 
-1.41024227	 -3.22384297	 -4.98947052	 
6.68144603	 -4.20239488	 -3.83285555	 
0.67062327	 0.46616129	 -2.76752116	 
1.67080914	 3.81377858	 3.76829121	 
0.94477108	 1.43011497	 -1.01350529	 
-0.92836047	 2.51685433	 -2.13722600	 
-0.63374718	 6.17179903	 -1.77142256	 
-0.34305849	 2.59996653	 -3.94068445	 
2.54892131	 -0.34819093	 1.41686620	 
1.65693229	 0.04993583	 -1.81646648	 
-0.66561133	 -1.80437603	 3.91579222	 
0.22082029	 0.83829185	 -4.04883437	 
1.33013975	 -0.53244389	 -1.27329317	 
-0.28010178	 0.29990018	 -5.06563593	 
-2.66407038	 3.24122648	 -3.22804574	 
0.74604603	 0.57852066	 -5.88053596	 
0.79972664	 2.96965403	 -5.05663806	 
-2.09110887	 -4.50780311	 -5.49127943	 
1.22012807	 2.22522799	 3.56413704	 
2.88983391	 1.71709991	 -5.16659296	 
4.53086962	 1.72713234	 -4.06048269	 
1.56278748	 1.38903878	 1.18061035	 
-0.60924738	 2.21697801	 -3.84035089	 
-1.35728034	 -0.78764908	 -3.76194581	 
0.84574987	 -2.73366120	 -1.77259162	 
-2.62862114	 2.53285126	 3.01571120	 
-2.71328086	 -3.06587237	 -3.36652643	 
0.56302786	 0.24257534	 -5.46056108	 
1.96357908	 4.14086679	 7.91170571	 
0.22593813	 -2.41572241	 2.47719293	 
1.78243280	 -1.79505237	 -8.09690686	 
4.06898812	 6.78188532	 1.67225679	 
2.62510763	 2.26198969	 2.69065324	 
1.80945163	 1.93791889	 -1.39918702	 
-0.07427281	 -3.24190492	 4.76081051	 
-2.08441868	 4.20078754	 -3.46877307	 
-0.29735913	 -0.31638442	 -3.93901401	 
1.14638646	 1.76858827	 3.10473166	 
1.52150868	 -0.19076329	 3.05366172	 
1.01339893	 2.11212964	 1.93676373	 
-0.77200288	 1.01345532	 0.68027649	 
-3.08865202	 -0.60626366	 -4.78864021	 
-0.43965710	 -1.47243908	 1.37733180	 
-5.48836404	 1.08146180	 9.52748666	 
2.53637931	 -0.74035762	 1.75258940	 
-5.04311395	 -0.20581966	 -2.40355846	 
-0.36289503	 -1.50622052	 5.67007958	 
1.44437566	 1.79898501	 1.95863460	 
-0.64094371	 1.80511127	 2.94335283	 
3.02350383	 0.68256170	 2.55561061	 
-1.15822194	 1.69765277	 -6.24033561	 
-0.03340021	 -1.27962073	 -1.27305871	 
-0.35778253	 -0.57309009	 -1.52063946	 
0.11649805	 -0.17985105	 3.61374553	 
-3.00848243	 -0.99289718	 -0.82920560	 
-7.89176081	 5.80877160	 -5.52155161	 
-2.64265268	 1.17442430	 -4.28261284	 
0.82143106	 -0.82760311	 -6.56379060	 
1.60118859	 0.44589374	 2.89268604	 
0.98645340	 -1.94100562	 -5.74323477	 
-0.48321165	 -0.65431341	 -3.46033538	 
0.84213800	 -0.51337822	 -2.91547466	 
0.04803507	 1.53149756	 3.19258940	 
-1.94088570	 2.04984654	 8.16937544	 
0.83606198	 0.81491332	 -2.82230179	 
0.93402676	 2.11603034	 -2.45874603	 
0.46380077	 -3.84508361	 4.95394039	 
3.80139248	 0.39221731	 4.02589736	 
-1.85454102	 0.46797265	 5.01204538	 
-0.57900458	 2.61872532	 1.12235054	 
-1.54910092	 -1.37515619	 -5.31230642	 
-0.79355171	 -1.34542877	 -1.43351463	 
-1.98422116	 -2.34456355	 2.52766201	 
1.64638717	 -4.18515854	 8.58527877	 
0.35250513	 -0.22492886	 -3.31939280	 
2.07930049	 3.77952699	 -3.33372701	 
0.44974688	 0.42729265	 5.34568228	 
1.22746928	 -2.32087813	 -3.63845414	 
-1.55869414	 0.44320233	 -2.64946079	 
-6.49264300	 -0.38866329	 4.57903337	 
1.98502149	 4.40069660	 7.55716204	 
0.52413681	 2.66863493	 -1.29034203	 
3.37271867	 1.82867275	 -7.04967114	 
-2.31417048	 2.41060915	 2.02526529	 
-1.71792799	 -4.24684903	 8.45054243	 
0.96549390	 3.72406281	 3.79732062	 
-0.18938852	 -0.75295953	 4.47750332	 
1.00204921	 1.29116623	 3.25219199	 
0.70033562	 -0.28043771	 1.49942756	 
-0.04228406	 -6.08910041	 4.12548656	 
-0.92266695	 1.17142544	 6.07597806	 
-5.48031671	 -3.17473894	 -1.78137253	 
2.22618117	 1.33913721	 -1.84240505	 
0.25975470	 0.98595229	 3.45970235	 
1.62945914	 1.45683222	 4.87225135	 
-3.30073138	 -0.22854235	 -4.81092565	 
0.77048620	 6.14124767	 -2.69733155	 
1.08089600	 -3.38868849	 -3.18168359	 
1.05882694	 1.50165041	 3.28761451	 
2.48890254	 -1.26774559	 -4.54848766	 
1.43672621	 0.58839931	 4.47011008	 
0.77245452	 0.18074942	 1.93669078	 
-1.12414647	 3.72600353	 3.33139220	 
0.24588347	 0.54523175	 3.22992655	 
-0.11831215	 1.79900290	 3.78122846	 
-2.50440536	 -0.16410199	 -7.26373718	 
3.52694956	 -2.21306732	 2.27455537	 
-2.25415971	 -2.17842847	 -2.84015543	 
2.67910221	 0.43809608	 -4.49652816	 
-1.36547946	 -2.01664959	 2.92413048	 
5.58732316	 -6.50226677	 -1.57164216	 
2.22578788	 1.67879868	 -4.86833754	 
-10.38635604	 -3.48428414	 10.58012050	 
2.34061940	 -0.12859483	 2.51221741	 
-1.74058149	 2.68365742	 3.50456650	 
0.33810534	 0.27575081	 -0.74928398	 
0.68306918	 -2.46058776	 -1.05718572	 
-2.11366362	 -0.96912820	 -2.53603237	 
-1.85248460	 -1.58119410	 2.76989827	 
0.51140210	 0.87621265	 -3.57677648	 
1.54355304	 2.59258811	 -2.48786994	 
0.28550387	 -0.20711155	 3.22956543	 
0.42487752	 -2.43360080	 -2.77990195	 
1.52722317	 -2.47815789	 4.62597196	 
1.62437181	 -1.32434932	 4.20426977	 
-2.81076000	 -1.70720697	 4.52180310	 
-1.53337806	 -0.10526399	 4.64688729	 
1.44419496	 -1.00343716	 6.21252363	 
4.22936512	 -2.38335499	 -3.67809583	 
-2.04550642	 -0.10222576	 -2.11861713	 
-2.89108571	 -0.52826131	 4.87598089	 
0.16449291	 1.49550307	 -1.89376031	 
1.18072081	 -1.25577888	 6.02941700	 
-0.11584911	 -1.18248055	 -1.30074219	 
-0.87245902	 -1.16356175	 3.54371755	 
-3.31736003	 -1.11167100	 4.36030144	 
1.47217634	 -0.95937830	 -2.97598243	 
2.70341727	 0.80696632	 -2.48000710	 
3.09970989	 -3.16979428	 3.82296256	 
-0.46060373	 2.02399875	 -2.99980261	 
1.33744611	 -3.16079404	 4.86681509	 
-2.28194045	 0.13787799	 -2.22361556	 
0.06063290	 0.90559473	 3.32424085	 
1.26212100	 -0.34737770	 -9.67844810	 
0.15659111	 2.15425868	 5.57995881	 
-0.92206689	 2.64535704	 -3.37839270	 
0.59399020	 2.88048997	 2.60598335	 
2.30001230	 -0.16616326	 3.25570585	 
-0.03120138	 0.25373791	 3.30499263	 
-0.62671893	 -0.22254695	 4.54006691	 
3.82132357	 -0.43535136	 5.77701499	 
-3.90932481	 -3.39401213	 -3.68057333	 
0.09338365	 -0.49407775	 -2.58933011	 
1.45098748	 -1.36311478	 -0.66030015	 
2.34511340	 2.77410631	 3.91014171	 
-0.14980720	 -2.50795608	 -6.05380735	 
-1.96796926	 -0.33507361	 3.45713120	 
-0.03799392	 0.26444537	 2.95939948	 
-2.12367831	 -3.62507395	 3.44400180	 
0.74382562	 -3.27449932	 -6.20243410	 
-0.93311128	 -0.64463857	 -3.18395852	 
3.08364125	 1.53103721	 2.20931245	 
0.17100747	 6.90735625	 4.08445805	 
1.20052828	 -1.29611577	 -1.45246459	 
-1.11192187	 -0.28777700	 -5.24373786	 
-1.74622304	 1.09037129	 2.21912510	 
1.13802917	 0.67401644	 3.38987587	 
2.55826380	 -0.91239385	 -2.91912098	 
-1.45299257	 -1.04776326	 -2.51872361	 
-1.11919233	 -0.21990661	 3.28208449	 
1.55215303	 0.92301289	 -0.64514097	 
0.00805584	 -4.37021167	 4.02677047	 
-5.64758383	 -3.37317358	 2.99497057	 
2.00625474	 -2.02576375	 4.59742458	 
-1.89149120	 -0.59541305	 0.57129751	 
-0.07372361	 -2.55751549	 -1.81123329	 
2.69692271	 -0.52191630	 -4.86024496	 
1.53471302	 0.54278364	 -1.75651754	 
-0.36607789	 0.30196044	 -3.47019841	 
-4.11224854	 -0.83867902	 1.86007071	 
-2.45872139	 -1.59113352	 -1.39801095	 
0.09064782	 1.48209302	 2.75194347	 
-8.64486901	 1.58467923	 4.83851715	 
1.89403368	 -1.15980517	 2.80409770	 
-0.93733379	 -0.63640205	 1.59575048	 
5.14357201	 0.06087910	 -10.77860887	 
2.33829316	 0.87024327	 -2.18880912	 
0.19291909	 -0.45931018	 -3.60275557	 
-1.94089371	 -1.04120497	 1.47537563	 
-1.54848689	 -0.17291269	 -2.06913876	 
2.65527304	 -3.79003104	 2.15127631	 
-2.75584367	 -6.49918619	 1.69210144	 
-0.25880834	 -3.82694463	 -5.35770979	 
-2.16337824	 4.29546827	 -4.32971205	 
1.38580982	 -1.09252343	 4.13181986	 
0.36205911	 1.45259841	 -0.87323614	 
-0.23342311	 2.56999945	 6.92465320	 
0.89741447	 -4.66711241	 2.66177895	 
-1.04807027	 -3.16269025	 -3.01797971	 
-4.72743531	 -0.07829616	 6.14406090	 
-1.57864852	 -0.83562059	 7.50079648	 
2.47379597	 -3.07279728	 -2.40976946	 
-1.53928926	 1.36634528	 -2.97980412	 
2.34709809	 -4.18527578	 -4.47747507	 
-2.81349908	 -0.05422378	 -2.66152875	 
-3.62700841	 2.65112212	 4.10322689	 
0.54916698	 -1.76876139	 2.47145317	 
1.56481085	 -0.37754300	 -1.74752065	 
2.02043902	 -2.02111364	 -3.86154039	 
-0.01922296	 1.68618837	 1.63819112	 
0.38075407	 1.92719864	 -3.76025371	 
0.71722980	 -1.86424680	 2.24669858	 
0.14875253	 0.67263871	 6.06267551	 
0.15277660	 -1.72284232	 4.83342449	 
-2.57950770	 -0.69022637	 -2.44413184	 
0.88027478	 -3.24550546	 4.04640557	 
0.66637888	 2.68272594	 -3.69747107	 
0.99336648	 -0.44107941	 -3.14555265	 
0.29783713	 -0.89240047	 2.69101476	 
-0.50590790	 0.96840477	 -5.80604432	 
1.23966723	 -0.50546845	 -3.41981775	 
-0.55631943	 -4.03062907	 0.94802751	 
-1.79604427	 1.33139725	 2.96683717	 
-0.91762148	 3.37147584	 -4.01415886	 
1.46397468	 -6.39614784	 -7.23651258	 
-0.63294186	 1.30608194	 7.53455813	 
0.43127971	 -0.48411070	 -1.26162816	 
0.52501877	 0.07400819	 11.95923475	 
1.88896580	 -4.08361521	 3.44014647	 
-1.75251395	 2.01117146	 12.27543234	 
1.86544692	 -1.80587396	 -5.21627012	 
-1.91269742	 -1.03573852	 1.88419884	 
-0.82771644	 -0.77082239	 -2.69850847	 
-2.26329045	 -1.18581715	 5.41160079	 
-3.24936413	 1.76609973	 3.54815135	 
4.42933746	 -0.00532623	 3.21296053	 
-1.64063744	 -1.58820826	 -3.57925422	 
-3.44725589	 -2.85877961	 5.19848370	 
-0.69428097	 0.71965829	 -2.85999258	 
2.02594751	 -1.13808415	 -2.03521519	 
1.16907527	 -0.96864993	 -3.10094829	 
-2.42205009	 -0.00968571	 3.37185331	 
0.40714574	 0.64266854	 1.05836546	 
4.32582864	 2.06990155	 5.32105607	 
2.88572218	 3.43411141	 4.09274954	 
-1.13018443	 -0.89726309	 -4.99300501	 
0.20941442	 0.05659871	 1.99343535	 
4.58898433	 1.95749422	 -4.99753709	 
-1.17223755	 -3.41901043	 -2.84924846	 
-1.77775538	 1.00899027	 -1.88804964	 
2.39765340	 1.12221277	 -0.66278861	 
-3.03065502	 -0.53427181	 4.61333061	 
-2.67328948	 2.63853775	 4.78606927	 
3.58628082	 0.14019759	 -2.34701934	 
-2.81347359	 -3.62046410	 2.19655840	 
-0.00340710	 0.80781736	 -2.61285908	 
-0.34643904	 -0.06580152	 -4.59168362	 
-1.62124714	 -1.41977868	 2.47465928	 
0.67327880	 -1.22976690	 1.92351715	 
1.25386124	 -2.97775280	 3.41112794	 
-0.39231350	 -10.77741525	 7.03103977	 
-3.72201044	 0.27804647	 2.39235597	 
0.41678523	 -0.66186036	 5.97040322	 
-7.03997566	 0.83053081	 7.12233097	 
3.52324132	 2.54644612	 2.84338767	 
2.79924972	 -0.31316552	 -3.78669406	 
-0.66080069	 -0.58618268	 -4.43989656	 
-1.07073166	 -3.49924411	 2.29007919	 
-2.34754630	 1.19875290	 -3.11611966	 
-0.08741300	 2.61330413	 -4.74622762	 
0.37076771	 0.23735178	 0.92803656	 
0.96073884	 -0.10142778	 -2.50345656	 
-0.42205235	 2.27619845	 -2.52114836	 
-2.05914382	 0.88878596	 2.56149721	 
-3.29271595	 2.93567071	 -2.83197684	 
3.05387111	 2.72812643	 -2.98849621	 
4.43146535	 -3.84101565	 -5.28356603	 
-4.59566227	 -0.27318423	 -4.83011865	 
-3.01957374	 1.01173849	 3.48495545	 
-1.10820857	 0.22668178	 -3.60865163	 
-1.88600316	 0.19182310	 3.19560299	 
-6.77899669	 3.35344266	 -4.23411414	 
1.15448820	 -7.12203706	 -4.75526470	 
1.52615076	 0.21426879	 -3.55744782	 
4.55361819	 4.45623065	 2.35768840	 
1.11356930	 1.16099296	 -4.78024156	 
0.68624112	 -2.27105398	 -3.54396990	 
1.67578939	 -6.28202779	 -6.55851892	 
-0.78053817	 -2.57968551	 -2.67107242	 
-0.00097105	 1.17104129	 5.08825770	 
1.52138028	 -1.44203461	 -3.56585072	 
5.13610269	 -4.57698332	 4.76446944	 
2.02935633	 -5.37467567	 10.87874399	 
2.89443871	 -2.38625861	 5.89468839	 
-1.21141035	 -0.63390672	 3.49430838	 
-7.15941765	 3.88078828	 7.14238971	 
-1.74631231	 3.90668467	 -6.53774561	 
0.71760021	 -0.45083164	 2.81870361	 
1.13718427	 -1.36649951	 -1.73820648	 
1.36505141	 -0.44255467	 3.51005273	 
1.30410525	 2.19767393	 2.40350372	 
0.61789427	 2.82957820	 8.29801905	 
1.06260058	 -1.50753702	 -1.36920883	 
1.86422899	 -4.70717967	 -2.31881372	 
0.52144102	 1.33649954	 7.77706735	 
-3.76096567	 2.21534100	 -4.92705433	 
0.44680278	 -1.44912623	 1.40162543	 
-0.99012125	 0.71308715	 2.14725298	 
0.20385418	 -3.41345096	 -2.50128382	 
3.59296392	 2.53406405	 2.69729966	 
2.90387005	 -2.47944184	 4.46216828	 
-5.91589531	 7.40508091	 4.40541370	 
5.32144616	 1.00593560	 4.79475676	 
-5.85963674	 2.47590417	 6.36501357	 
0.57387953	 -0.26391698	 -2.53305411	 
0.54920099	 0.16489815	 2.78019604	 
1.08260625	 -1.97732797	 -2.25279270	 
4.52553293	 -5.09092194	 -7.67339411	 
-1.55475460	 -5.16164719	 3.69849465	 
-0.12506271	 -2.43179500	 -0.77673347	 
-0.85228765	 -3.03193670	 5.24500845	 
0.67276357	 0.81407249	 -2.83000287	 
-0.46200684	 0.28645930	 1.54426973	 
0.59747347	 -0.28396509	 2.78985635	 
0.72429027	 -0.10716697	 8.13434005	 
-4.69010858	 0.26967112	 4.90159741	 
-0.32282301	 1.67937711	 -0.88507294	 
-1.60247457	 1.35202677	 -3.73720049	 
4.08286581	 -1.24266848	 -9.25422697	 
1.93000770	 1.01147026	 7.13148169	 
1.34668248	 -1.83371074	 1.01185559	 
3.12264911	 3.51777681	 -7.93591629	 
-2.51234620	 -5.28957544	 1.60881195	 
3.03669872	 -1.26351253	 2.50831397	 
-1.75434670	 -1.78880852	 6.58965764	 
-1.26144932	 -4.26311262	 -3.38633992	 
-0.28410067	 -5.41198127	 -8.10142708	 
-3.53450591	 3.03775649	 -3.21017141	 
1.06502128	 -2.16763020	 2.70701334	 
1.03227043	 0.86213269	 -4.41829151	 
-0.24534607	 -2.80070354	 -2.61307194	 
0.63627419	 0.36610011	 -3.55601947	 
0.24495702	 2.23580673	 3.10836958	 
-0.86292543	 0.80708661	 -1.41489297	 
2.46741469	 4.22311751	 -5.02207735	 
0.15688226	 -1.21611002	 2.18330017	 
1.87812639	 -1.05073861	 2.98739948	 
1.93292845	 -0.45281036	 2.95191962	 
3.65218637	 -4.05744227	 -4.30253451	 
1.66555884	 3.18955410	 5.80523415	 
0.49192288	 -1.61240730	 -3.13257836	 
1.71003640	 1.75698215	 2.47447614	 
-0.56511191	 -4.96656248	 3.90469687	 
-0.76003410	 1.79614809	 3.95033959	 
0.59171605	 -3.31650242	 -2.56892249	 
-0.57204969	 -1.62670961	 1.46008699	 
-1.15819593	 -0.14732062	 3.38383991	 
-1.34526378	 -2.68947827	 1.55733695	 
-3.83170305	 1.27566399	 5.33284613	 
4.94340014	 -0.33596149	 5.01999865	 
0.35295562	 0.17947247	 5.44067943	 
1.82524560	 0.19865122	 -6.09909611	 
1.41966939	 1.12595573	 -1.85813145	 
0.60478125	 0.34337008	 -2.78974216	 
7.91939868	 0.99020140	 1.77401736	 
-0.03943159	 1.14846351	 -2.05260346	 
1.70940851	 0.32495275	 -5.35506899	 
-1.00393706	 -4.58124508	 2.71158845	 
1.90673218	 3.14536513	 1.52045527	 
-3.19537217	 -1.70704420	 -4.93804759	 
1.63885399	 -0.50053395	 3.04831695	 
0.59613439	 0.29783569	 3.94104385	 
2.29197670	 0.81499145	 3.12919330	 
0.10599555	 -0.91087229	 -3.75293695	 
-0.41795938	 -2.20371988	 2.72776930	 
-4.86642868	 0.53695756	 2.60394054	 
-1.24114276	 -4.28267695	 2.34897675	 
-2.30516183	 -1.87606684	 5.73191361	 
-1.46077503	 -4.58498101	 -7.00189611	 
-3.67198340	 -0.91571197	 5.78758769	 
0.72213167	 -0.61289486	 -0.79106092	 
0.92407756	 -0.30266129	 -1.46729267	 
2.59882253	 -6.10896913	 6.60664908	 
2.41350859	 -1.47800762	 2.11021777	 
3.61617311	 1.12680875	 1.03194585	 
-2.64554731	 1.98431509	 3.51260050	 
-4.39408040	 -0.17504519	 3.56430626	 
0.25294991	 -1.23853500	 -2.44754564	 
4.47137445	 -0.45809713	 8.79265677	 
3.29222521	 1.22642976	 -5.65560194	 
0.59727798	 -0.93645726	 -7.01224308	 
0.57509981	 3.50863627	 -6.28946468	 
-1.54330646	 -4.23097375	 2.19535923	 
-5.33546359	 -4.72639278	 -5.10815837	 
1.04746198	 -1.33634738	 3.50725872	 
0.46231036	 -0.18600968	 -3.70258767	 
-0.53231949	 0.05287122	 -1.49455852	 
0.06593107	 1.32351168	 -2.83477244	 
1.20799713	 0.82369695	 -2.27217565	 
2.08870886	 -0.82370890	 -2.43594460	 
-1.07632849	 -0.97492414	 -3.54123284	 
-1.64452712	 -0.37469720	 -3.38611602	 
-0.11780955	 -0.70703762	 3.71090857	 
-1.32172203	 0.85589643	 3.30149668	 
5.10937203	 2.99803677	 1.40653738	 
-1.62632801	 2.47325812	 1.35366366	 
-4.57199431	 0.14854855	 2.10064227	 
-1.54493757	 -2.54494166	 2.25076002	 
2.51679235	 5.52021226	 -3.26050056	 
2.20583118	 3.56772613	 5.12434924	 
-3.57878450	 -1.68295712	 -1.94741815	 
-1.01093293	 -0.54307713	 -3.39082484	 
-2.19669261	 -1.86722983	 3.04828748	 
2.53267611	 2.94707053	 -5.00244703	 
-6.70092062	 1.06330679	 8.13740183	 
-0.81128127	 -1.29873878	 5.85508300	 
-1.25969701	 -3.74055504	 6.35224009	 
-1.19526960	 0.00543895	 1.37747536	 
0.70481240	 1.50759721	 -4.12651111	 
1.74982179	 -0.18749974	 3.90887315	 
-3.12994106	 1.67442239	 4.70157764	 
0.45045812	 -5.18956410	 -5.05918309	 
0.50537671	 -5.96658518	 7.78625739	 
-1.23276225	 1.15002715	 -4.22161550	 
-1.82606708	 1.01324810	 2.89706704	 
0.11874644	 -1.13267012	 4.13171189	 
-2.23383427	 3.63680938	 -6.68672919	 
-0.86012610	 -0.09140204	 -2.34416976	 
7.52744728	 -4.37468637	 -5.94021839	 
0.05201106	 -0.64794070	 -5.73437612	 
-2.17786383	 -2.28437448	 5.45208567	 
-3.91233745	 -4.74014628	 10.93893850	 
-0.06040518	 -1.68110898	 0.40496168	 
-2.72403595	 0.09544254	 4.37759799	 
3.29458437	 0.24145658	 7.01110578	 
1.46004634	 2.64513067	 5.07239481	 
0.63591542	 1.08526509	 -3.57247699	 
-1.20346191	 1.69281392	 -6.39043013	 
-1.43973875	 1.68169323	 -5.47688478	 
0.06178851	 2.76173686	 3.84216381	 
3.06891251	 -1.54612607	 -1.10897497	 
0.50823692	 -0.73258000	 -3.75885587	 
-2.78962044	 -1.30746578	 -4.33932038	 
-0.66123401	 4.49146842	 7.15568553	 
1.56500260	 1.50271005	 1.71287447	 
-0.37042443	 -0.34412086	 1.88552113	 
-0.65221357	 -1.73897187	 8.29545466	 
-0.31121163	 -1.13166024	 3.95626741	 
1.14264026	 -1.78064655	 -6.65134986	 
-1.01606849	 0.12942534	 1.56726182	 
2.48991941	 0.97037564	 4.28977372	 
-0.52157045	 -3.32311498	 -3.94005000	 
5.27313410	 -3.28048596	 4.02892890	 
0.36458516	 -0.60804895	 -1.49871934	 
1.54654119	 1.25748427	 5.31279473	 
-1.62349583	 -2.10756674	 5.11010279	 
-0.64664850	 0.41953775	 -7.23434054	 
1.51206768	 2.64346876	 3.31170581	 
1.49999453	 7.55191602	 -0.94585442	 
1.48134312	 -3.69451763	 -8.19417884	 
1.62245167	 3.11713959	 -6.14792669	 
1.82353859	 -2.97159753	 4.76735097	 
2.57748772	 1.54655394	 -2.87922744	 
-0.44620589	 -2.39142606	 4.01923264	 
-2.89120766	 -0.70404188	 2.54248530	 
0.08226232	 -5.24668181	 1.93138629	 
1.48682724	 -1.05165684	 4.09056208	 
-3.38811488	 -0.28394761	 -2.34980855	 
0.00239077	 2.02960503	 -7.46967065	 
0.31947453	 -0.68903112	 -2.15416400	 
-3.23763934	 3.01249608	 5.59040236	 
-1.09872185	 -0.03547430	 2.58331056	 
0.12632764	 1.18377485	 -1.30710666	 
0.20522368	 -2.65894799	 1.55575040	 
-9.53612236	 -3.08780826	 -2.72269968	 
-1.81914622	 3.15754861	 -8.81351316	 
1.46700990	 -0.41463525	 -7.64079546	 
-4.18202281	 6.93998034	 -3.52172703	 
0.78215854	 -0.23963287	 -1.57528027	 
0.33373593	 6.04152473	 1.91447496	 
-3.21556399	 -1.22003885	 -1.43772547	 
0.49062615	 -0.70055425	 4.99852173	 
1.71200977	 -3.38766330	 -2.63097120	 
1.59272289	 -2.32170443	 -3.05458252	 
-1.21718108	 -1.81746255	 -2.76389805	 
-0.58698506	 -0.62933607	 6.93096264	 
-3.87994644	 3.02013136	 -4.74798041	 
-3.00381685	 -2.37652460	 -2.33415374	 
-0.06005754	 -0.01004723	 -2.84353982	 
-2.99613530	 -0.07344431	 1.24136156	 
2.49710397	 1.47175302	 1.78918817	 
4.37639720	 0.31289519	 2.85300228	 
-2.53076910	 0.01829442	 -6.46520788	 
-1.56365650	 7.55499180	 -2.20546761	 
1.42759752	 -1.80902185	 -5.02567664	 
-2.36624540	 -4.24295364	 -6.00827717	 
1.60902734	 -5.10829947	 -2.81531986	 
-5.17893842	 5.71372773	 5.68969496	 
-0.05063991	 0.52778094	 -0.86760078	 
-0.78279169	 -0.02414929	 1.07585009	 
2.08866686	 -1.28198309	 4.25013518	 
0.15176895	 -1.26886179	 3.81144845	 
2.31318849	 0.89121387	 -4.71820220	 
2.13187572	 4.30299845	 2.37071429	 
4.19627021	 -1.96382273	 2.35297919	 
0.61193472	 2.20546721	 -6.05191561	 
-1.09610680	 -1.58652792	 -2.56010037	 
-0.27302176	 -0.32649941	 -3.07325598	 
-3.02746541	 -0.62186475	 -1.49303985	 
-0.39410075	 -0.10886765	 0.71806076	 
-3.21087141	 0.27080789	 -2.20622490	 
5.01559976	 3.94420260	 -1.39417300	 
2.25239577	 1.32352819	 -1.38857808	 
4.83048805	 -3.17776209	 2.30972913	 
1.88338457	 -1.12154142	 -2.21785563	 
1.52708332	 -0.70812394	 -2.47508502	 
2.89129402	 3.13876062	 4.63068343	 
-1.38541373	 0.46780441	 1.18768618	 
1.96332955	 0.73260749	 -7.72153214	 
-0.92843916	 -5.18667447	 -3.03656101	 
-6.96661847	 0.36051519	 -2.71960155	 
0.94625369	 -1.48346630	 -2.87989213	 
-3.26031949	 2.14140056	 -4.30057128	 
-3.75292341	 3.76668912	 4.47565834	 
-0.79071124	 -2.94749616	 -2.11723280	 
1.45381124	 3.80342645	 7.50406660	 
-0.75927654	 2.28496519	 -1.13759763	 
0.92981609	 -2.55932768	 -1.97470244	 
-0.34373719	 -3.56656948	 -3.25463158	 
-2.21473743	 -0.80632532	 -3.60447781	 
-3.84188716	 -0.95019827	 -2.77473240	 
0.62994859	 1.20598704	 -1.21851897	 
3.59579063	 3.19931957	 3.28715978	 
-1.06894245	 -0.63274255	 -2.25035864	 
-1.15655449	 -0.59600930	 -2.24980967	 
2.65135268	 -6.81268122	 -3.72030726	 
2.56213138	 4.86350056	 8.36980031	 
-1.77894576	 0.83622719	 -1.48039099	 
1.72775985	 -2.57307239	 -4.11305207	 
1.97516334	 2.62633482	 -4.51993818	 
3.30136444	 -2.24295032	 -1.76333386	 
-0.12314558	 1.06478594	 -7.81940831	 
-0.37436509	 1.41841013	 1.61129786	 
-0.46471095	 -1.34682133	 -3.66020470	 
1.28446674	 2.49405377	 -0.27951643	 
-0.15481055	 -2.48222715	 6.79932800	 
-0.41199757	 0.30174681	 3.65217580	 
-0.50410808	 1.68549376	 1.69202889	 
0.39136392	 -0.77891377	 1.82961481	 
0.16261638	 -1.82336365	 8.65497749	 
-0.28895065	 -0.25449647	 6.39878445	 
-2.71816355	 1.87612330	 -3.05842624	 
-0.61598804	 1.48242885	 -3.25837354	 
1.89893276	 -2.07281453	 -2.54862910	 
0.53989738	 0.02530164	 0.83555234	 
-4.50052357	 2.70139755	 -4.32407570	 
2.30505428	 -3.80267419	 -8.87962227	 
0.17489852	 -3.18344551	 -1.94712767	 
4.00271840	 -4.90284899	 3.14596973	 
-0.67504186	 0.75409038	 -3.30307522	 
2.96167406	 0.65053010	 -2.48943279	 
0.14482984	 2.12888520	 7.36236460	 
1.31520735	 -0.63984610	 -7.91373328	 
-2.64540295	 2.91947650	 -1.92672802	 
-0.12007076	 2.07552659	 -2.54969710	 
7.12436118	 0.97159987	 3.09741900	 
2.40764746	 2.73185447	 0.97357236	 
0.88070915	 -1.97204490	 -1.86849381	 
-0.22779476	 2.41087005	 3.39303711	 
0.45591284	 0.42435638	 1.27882685	 
-1.44753674	 -2.44835720	 -3.90580933	 
0.98081821	 0.54170837	 -4.50029466	 
-6.14739647	 0.76984950	 5.69147140	 
-0.82593845	 3.29865515	 -2.57274056	 
-2.32562581	 0.78913154	 -2.69778985	 
3.05113903	 0.91336157	 3.44962176	 
-1.66182139	 0.82166953	 4.55250973	 
-1.44809529	 1.10241776	 2.74083357	 
1.43765936	 1.29099519	 3.85010339	 
0.64590196	 -0.61056300	 -4.69897628	 
-1.91022326	 4.56683403	 6.65506510	 
0.34507667	 -7.20256158	 -2.81769178	 
7.28248100	 6.34635333	 6.50454356	 
1.46934894	 -0.10124929	 2.10811019	 
-2.41015518	 1.34193141	 1.82555268	 
-2.11663240	 -0.08779678	 -3.17612517	 
-2.81261286	 -5.95398340	 -14.37963130	 
3.29456369	 0.18237129	 -5.34068793	 
-0.52462639	 0.44771884	 -1.86764829	 
-0.59374498	 -2.24826916	 -4.89655693	 
1.14937714	 -2.97058945	 -4.55255539	 
-3.78134613	 -4.21684638	 -3.00955234	 
0.22743590	 -1.00476788	 3.93395893	 
-2.74534311	 3.08115835	 1.06293963	 
-3.31419796	 -0.75822127	 -1.99651001	 
0.94008151	 0.56246280	 2.22033588	 
0.29086411	 -1.76251238	 1.74199111	 
5.53629727	 -1.91700943	 7.54468815	 
-0.82139973	 -0.78133495	 1.65698644	 
1.08051604	 0.69560342	 -3.29519892	 
-3.12714575	 0.27735427	 3.41252411	 
0.44187725	 -4.43353739	 3.85416573	 
-0.29801970	 3.07308028	 -4.65995474	 
4.43047353	 -4.39828758	 3.42732490	 
3.46746745	 -1.49086469	 2.77551940	 
1.02701834	 2.69038479	 -3.59011367	 
3.87128057	 -1.74537124	 -5.57501370	 
-1.96401007	 3.33139933	 -3.65807783	 
-0.68707993	 -9.00074690	 10.45400375	 
-2.51911869	 -1.17871043	 -7.63166737	 
-1.55241308	 1.65230173	 -0.82982614	 
1.03590083	 -0.68170515	 0.72965934	 
0.20909355	 -2.57868394	 -5.80824415	 
-1.00549642	 -1.54637822	 4.08373527	 
1.68854739	 -1.43879462	 1.69590546	 
-0.54469169	 2.08903042	 1.85421926	 
-2.61685214	 -1.27210078	 2.01734580	 
-0.35581476	 3.19126657	 5.58097466	 
-2.17323026	 -1.54020523	 5.27605609	 
0.76838838	 3.05225516	 5.54336220	 
4.19717568	 0.76259863	 -7.10749874	 
3.62898061	 2.23367143	 2.62886159	 
-0.83331763	 0.66032202	 -4.45030854	 
0.99518436	 0.54019302	 -2.30477103	 
-8.23917863	 -1.74246888	 -5.30395927	 
3.20100944	 -4.17547786	 2.17230419	 
3.78645746	 0.66356989	 5.62621472	 
0.13829996	 0.30083104	 -1.85812763	 
-0.38265948	 1.36229138	 2.43297439	 
-1.50799502	 -1.60306103	 -2.39063222	 
1.20146493	 -0.86116207	 -2.16922172	 
-6.49981427	 2.31177728	 -5.22614252	 
-0.57739460	 1.11237190	 5.23146593	 
1.30980654	 2.76941179	 2.44811156	 
0.71712577	 -0.74915268	 -3.21955406	 
-0.78729931	 -2.13050153	 3.05178559	 
-0.22672848	 -2.50443041	 -3.64952186	 
-2.37406246	 -1.74217301	 -2.15412916	 
0.38978943	 1.81963771	 -3.30732532	 
0.02329543	 -0.65969609	 -2.11660552	 
-0.92976575	 -0.69969385	 4.02838496	 
0.15350090	 1.64403148	 -3.78064347	 
-1.66252374	 -3.99704680	 3.17721842	 
-2.04783601	 -2.54685890	 -6.68579993	 
-1.67978712	 0.68264520	 1.30596365	 
-0.89442444	 -2.24227497	 -1.37877180	 
3.98029113	 -1.06109359	 -5.33048015	 
1.82431731	 -3.73347423	 4.23129759	 
1.59394228	 -0.82517846	 3.54695381	 
-1.54182965	 -0.89559094	 -2.79417989	 
1.42580008	 0.60342015	 -4.12099862	 
-0.13732092	 2.59134039	 -6.90377889	 
4.87353697	 -4.52145997	 2.10562980	 
0.26405796	 -0.87703095	 -2.10140241	 
-1.34454528	 -4.43579255	 2.92469679	 
1.35272220	 5.22116303	 0.95822395	 
2.37073258	 0.69595216	 -2.82216009	 
1.79819919	 1.67641025	 -3.20595236	 
-2.18366142	 -2.16442866	 -4.15084681	 
0.27113826	 0.98550299	 3.58618385	 
-1.98742310	 -1.30198129	 -2.99268695	 
-0.86271633	 0.23891296	 -4.73604494	 
-0.20997321	 1.78297293	 -5.43829034	 
2.16676058	 -0.28689865	 5.31735809	 
0.88267627	 1.47204874	 7.13773867	 
1.25257164	 1.75112628	 1.53708256	 
1.95186178	 -0.44362082	 -4.17550329	 
-1.37477397	 -0.32893859	 5.04546691	 
-3.13781895	 -2.65361245	 -4.45157589	 
2.73529707	 4.04206128	 -1.38880613	 
4.32666006	 -2.55701423	 -2.52192680	 
2.96727682	 3.26108987	 4.04717395	 
0.39978162	 1.17208258	 -5.81471984	 
-2.78509469	 1.21733459	 -4.72778722	 
2.40437433	 -1.46007538	 -5.50299193	 
3.41121967	 -0.17235018	 -1.49428766	 
0.49180436	 2.45465725	 -2.91635958	 
-2.12419669	 0.25477868	 -1.01367794	 
1.93614747	 -0.23768882	 3.62107092	 
-6.02030155	 0.65953089	 -6.82892985	 
-0.14320318	 -0.05617911	 3.25454080	 
2.34382299	 0.83749324	 3.53971209	 
3.85019298	 4.13250614	 3.31699002	 
1.26407728	 -1.14909316	 3.71927668	 
0.42926760	 1.04667101	 -2.25463723	 
-2.31462424	 3.49396954	 4.05774582	 
-4.86031002	 -5.64586203	 5.52484521	 
-1.07128719	 1.61866454	 -2.54408190	 
-1.18978020	 2.59996095	 -3.29526367	 
-1.07897744	 -0.37654741	 -4.90545287	 
-1.78990792	 0.72444251	 2.76766286	 
-4.50121559	 1.89299371	 5.20801048	 
-0.41327361	 -0.83225617	 -4.89028426	 
-1.19493101	 0.04390382	 3.91603635	 
0.48584548	 3.53509867	 -4.00577743	 
-2.95959008	 1.01026092	 2.74544178	 
-1.97368078	 -1.72816195	 2.30688435	 
1.06192014	 1.56831284	 -1.79067613	 
-1.89527062	 -2.61283762	 -6.67669160	 
3.59639758	 0.97646794	 5.29223112	 
-0.52069427	 2.50579007	 4.22340278	 
-0.29063831	 1.41458372	 1.53512815	 
6.11672344	 -6.13759659	 6.51280860	 
-3.08140622	 -0.77153936	 -6.73186790	 
1.59302961	 -1.34313376	 -3.94257610	 
-2.04343211	 -0.31960399	 3.24698177	 
0.96038937	 -0.10650082	 4.23684772	 
-4.58245969	 -0.63445774	 -2.73468291	 
0.87972909	 0.29456439	 1.63145431	 
1.60062099	 0.10991322	 1.57263328	 
2.72938196	 1.58121116	 -2.09892819	 
1.20719076	 -3.99585223	 -6.69022317	 
0.64379656	 -1.20978269	 -1.97497806	 
1.16340144	 -1.01489539	 -1.74819200	 
2.18778542	 -2.93478856	 -2.37106988	 
-0.70316912	 2.93952689	 -4.00264587	 
-1.70615194	 -0.92144323	 -2.79242364	 
0.63679435	 -0.93083704	 5.40818549	 
-1.07035892	 0.57480679	 -2.50630469	 
1.63510512	 1.40480505	 2.46242355	 
1.43012756	 1.48602993	 6.74938317	 
0.47705764	 1.11940146	 -1.34366741	 
1.00347926	 0.47498970	 -5.09431221	 
0.19159558	 3.43417832	 4.22748328	 
-3.66752812	 -1.48946365	 -3.64482284	 
-1.11317013	 -2.43304782	 5.36483842	 
0.69702379	 -0.01331806	 -2.56775518	 
-1.51654888	 -2.06634551	 2.17277445	 
-1.62307467	 -1.37783971	 1.85970311	 
-0.37777184	 0.04448893	 -6.74631914	 
1.52828267	 -4.27389702	 3.52241253	 
2.06621712	 1.86234954	 -4.99427594	 
-0.07676851	 5.41307492	 -5.24537687	 
-1.76559564	 -0.00637777	 7.72421574	 
0.54657204	 4.25077240	 -4.60267036	 
4.49093050	 -7.29674160	 -7.28895493	 
-0.03166269	 1.88091601	 6.09191172	 
0.41632781	 5.40770215	 -1.99877543	 
-1.04124903	 1.17451939	 -3.32197402	 
-2.40042105	 -1.28721053	 -1.12519159	 
-0.60016598	 -1.94113574	 -1.33437090	 
-0.68323075	 -1.14091259	 -1.64562700	 
3.72284162	 1.16955518	 -5.19529059	 
1.76566528	 -0.17403495	 -4.19836060	 
-4.65878891	 1.83653066	 -2.91618536	 
-3.03181005	 0.24365606	 1.19883364	 
-2.19524265	 -2.30984339	 4.67479787	 
2.01705792	 -1.61277037	 -1.69072964	 
3.16048219	 -5.69127430	 2.05280620	 
-1.31304741	 -1.22021862	 3.20268434	 
0.28363492	 0.16527032	 2.57617119	 
-0.00072896	 -0.09655669	 1.38415653	 
-1.59731226	 4.35176724	 -4.82917349	 
-1.10885605	 -1.13445060	 -0.41053348	 
-2.21073522	 0.47502715	 -4.44352821	 
-1.46099328	 1.35749155	 -4.82078909	 
1.38021749	 0.02283483	 3.09837763	 
1.89665766	 0.50792966	 2.79149857	 
-0.31504360	 -0.72406956	 1.90182433	 
-1.57810825	 -1.91829927	 -7.64303873	 
3.93522617	 -6.80485951	 -1.45079747	 
-0.24549402	 -1.05157576	 2.23146579	 
-1.28150005	 -0.62024222	 -1.15134928	 
-5.83787035	 1.39492273	 -3.45322224	 
0.36405316	 -0.99373100	 8.36013517	 
-0.66105261	 0.39175401	 3.98364605	 
-4.62241404	 1.81273407	 -5.53750281	 
-0.36626291	 -2.07913423	 -4.43225712	 
0.09676828	 -4.65560759	 2.83290784	 
-2.68583259	 -1.97454687	 5.34523540	 
1.03968862	 0.33146893	 -0.37911120	 
0.47163937	 1.29557542	 5.86885661	 
-3.13900887	 -0.57672724	 1.92641753	 
-0.86398464	 -0.14528786	 -2.52119583	 
4.12722907	 3.55279996	 -3.70266931	 
-3.86743751	 -2.58674661	 -8.35445405	 
0.44804455	 3.02722765	 2.66911922	 
0.63591735	 -4.49055810	 3.47460333	 
-9.12373831	 0.63408219	 8.14560334	 
-1.17396130	 1.92217899	 1.82719194	 
-0.68933959	 -1.04634167	 -2.02459006	 
1.05933725	 -4.18990725	 -2.55418701	 
-1.09848441	 -0.59767024	 -5.26303707	 
0.12692590	 4.52451500	 3.32007465	 
2.49765511	 -0.27433516	 -0.58739838	 
2.96588643	 -0.68609085	 -4.49687584	 
0.02001294	 2.65044582	 -2.85289247	 
-0.35578117	 0.55267710	 2.92845789	 
-0.15118620	 -2.06197956	 1.97045203	 
0.93472698	 5.42629396	 -9.23468099	 
-1.86423329	 -2.65391142	 -1.16144450	 
-0.34409056	 1.70949794	 0.67821765	 
0.67283006	 -3.18616657	 -1.67419947	 
2.42472994	 -1.35082042	 -6.25885859	 
-4.40870317	 -0.31392525	 3.57217241	 
2.36906841	 3.62828868	 -3.49645954	 
-0.48129056	 4.78727666	 5.11137636	 
-1.53822579	 -2.37394436	 3.64877549	 
1.16953293	 -0.63464628	 -2.77263398	 
-5.72381064	 -0.30942102	 12.41254576	 
4.83868716	 2.59769273	 -5.28931681	 
1.30176362	 -1.49669546	 -2.18134093	 
0.73262606	 -0.58130612	 4.75962942	 
2.42139858	 -3.18558557	 9.27353251	 
0.26496549	 1.50260900	 -4.07970055	 
-5.31825112	 1.93652694	 5.43467398	 
0.93387171	 -2.91915845	 2.36062256	 
-2.81908041	 2.47997351	 -3.31488787	 
0.44294586	 1.25774530	 2.46407737	 
-1.80035712	 1.13224818	 6.10110458	 
2.37419098	 -1.88414150	 -2.46984727	 
0.92937362	 0.43639759	 3.79019623	 
2.20146422	 1.18380328	 4.86082639	 
-1.16688453	 -0.52001785	 1.23883190	 
-3.45628463	 1.40646761	 -10.74859009	 
0.77513736	 -0.98413739	 1.41122573	 
4.24645632	 -1.51459881	 4.83738561	 
-1.08752701	 0.15252267	 1.28021847	 
-1.65153702	 0.14657941	 -5.18113198	 
-0.05004278	 3.05261371	 -5.52606519	 
1.83702824	 0.18742603	 -1.38798708	 
2.51337078	 -0.08215708	 1.37261956	 
3.35771904	 -0.99891397	 4.01606737	 
-3.09187548	 0.03500785	 7.40191603	 
-0.06393319	 0.21563023	 -3.91194462	 
1.85352050	 1.07326125	 -2.72990371	 
-0.88640547	 2.15288663	 -2.98391618	 
-1.76735367	 -1.14634463	 -1.59815116	 
0.49850272	 0.64976613	 4.24037038	 
2.20299639	 -2.50355670	 -7.51308933	 
-4.67760428	 0.53737411	 2.05271215	 
-0.58720904	 0.61470809	 1.75533368	 
2.79859352	 2.79922559	 -4.39029194	 
-3.55062206	 -6.73112941	 3.82728755	 
-0.55916664	 0.92762862	 4.37464025	 
-2.08865928	 1.23382843	 7.92202470	 
1.02469880	 -1.31599816	 1.31074306	 
-0.40620906	 1.41101477	 2.82715687	 
0.41376775	 -2.53207227	 1.28642516	 
1.59070845	 -1.15803832	 -7.47984011	 
-0.48760250	 3.02117502	 3.99065265	 
-2.77670548	 -1.26457817	 4.59889505	 
-0.44482281	 -3.06110592	 -3.67246897	 
-0.96350128	 -0.55597191	 3.68263420	 
2.42131142	 1.42094209	 2.54954692	 
2.20823305	 1.62964762	 6.65778756	 
-1.13594926	 0.91038703	 -1.89767927	 
-4.59539139	 1.82102213	 -6.60593823	 
-0.22499815	 1.53861286	 1.66444021	 
-0.93300715	 -0.36401039	 -1.00302815	 
-2.09666181	 2.76731116	 2.01308973	 
-3.27545181	 -1.97279895	 -4.38155739	 
1.41079969	 1.65316768	 3.85721826	 
-0.74238115	 -0.32007423	 2.91932097	 
-3.72377912	 4.66490406	 5.50361983	 
3.85290625	 1.93354985	 4.15194886	 
0.86687972	 -0.43781531	 -1.66681636	 
-0.63798970	 -0.43264591	 3.39070446	 
4.18269343	 -2.97252356	 -3.60279287	 
2.37746985	 -2.25178684	 -0.72863765	 
0.77598622	 2.94893656	 4.57192727	 
2.84849132	 0.35501426	 6.31555038	 
2.32670446	 2.37780034	 -2.90780096	 
-0.97974734	 -2.82232576	 -5.93512993	 
-1.58859595	 -0.30615339	 1.99620726	 
-0.17932794	 1.49947563	 4.66641766	 
0.15171340	 -0.29157100	 -3.39522352	 
-1.01506614	 -4.57874345	 -3.53335812	 
1.82615354	 0.81215463	 0.83246295	 
4.25538810	 -1.83882290	 -5.39493219	 
0.43484419	 1.52922491	 5.29011549	 
-0.86101307	 -1.45183519	 6.86898893	 
1.08333289	 1.08502805	 5.71697702	 
-4.14782868	 -1.72335086	 4.10472289	 
-2.28831805	 -1.04717294	 2.32589745	 
1.29887333	 -0.18419240	 -1.81341534	 
-2.87955019	 0.32166106	 -1.28465813	 
0.81491906	 2.52264183	 5.19752174	 
-2.11386823	 -4.46609759	 0.96354737	 
2.16512954	 3.13408809	 -3.78204018	 
0.97465159	 -3.06431684	 5.73593553	 
-0.60705222	 3.26018778	 -2.36858451	 
-1.16161272	 -2.22995644	 2.19491968	 
2.54600801	 0.73404813	 2.91904262	 
0.11215582	 -1.29115852	 -3.01057507	 
-0.74213555	 -0.99509068	 -1.97916331	 
1.19307288	 -0.32212428	 1.44277953	 
-0.63353768	 0.24727926	 5.26223733	 
1.27618483	 -1.69089852	 2.65291057	 
2.96247147	 1.40611916	 2.97507400	 
0.28626370	 0.81349747	 4.03324827	 
-5.58946296	 -5.15579027	 1.11397414	 
0.24906556	 0.95912887	 3.69527720	 
4.80182339	 -6.08180180	 -4.40588249	 
0.21899135	 -4.04629004	 -4.34975302	 
1.00679738	 -0.39103730	 -4.90967040	 
1.20484941	 -0.92922238	 -0.60587480	 
1.63807235	 -0.40023873	 -1.48905955	 
-2.28839998	 0.98121031	 -3.57180832	 
1.62668947	 -1.59761387	 -3.32012714	 
3.81525880	 4.29154331	 3.50927651	 
-2.73805559	 -3.03062580	 -0.40078067	 
-0.75033902	 -3.57085875	 -6.69694694	 
1.82535009	 -1.75804087	 -2.42446125	 
-3.86842125	 3.59115968	 5.81280924	 
1.73649480	 2.26882590	 8.40390989	 
-1.92866946	 0.00667643	 -2.49786076	 
3.10773247	 1.31044173	 2.78614330	 
-1.80872935	 1.59663231	 1.47440773	 
0.36653423	 -2.84078284	 -2.50756245	 
0.66950787	 2.57190956	 -4.00903335	 
1.00283796	 -5.84905672	 4.31544162	 
0.41275749	 1.03059093	 3.65084173	 
-3.17090563	 3.70268724	 1.38392144	 
3.51951939	 3.61208687	 -2.08026086	 
1.59815379	 3.99739351	 3.30341066	 
-5.37267106	 2.48283742	 -3.20811096	 
-1.94557779	 0.40730892	 1.49335511	 
-2.68499101	 -2.63433817	 5.65650859	 
-4.26600766	 0.32361936	 2.13823108	 
-1.27837784	 0.28379117	 2.26896313	 
-1.96925879	 0.52020534	 4.63385663	 
-0.45728021	 0.15232055	 -0.91771611	 
-1.12868437	 -2.64313398	 -2.12600382	 
1.14893871	 3.60717401	 -6.73687238	 
-0.85230328	 -1.84795081	 2.34156034	 
2.91721974	 1.67555884	 -2.46511158	 
0.68219664	 -2.19511361	 -2.57640334	 
-0.99580145	 2.37773075	 -3.15945950	 
0.74310015	 3.13080512	 3.17829455	 
2.91165764	 -0.08169772	 4.26239565	 
0.47024682	 1.00502595	 -0.90130349	 
1.62864769	 -2.38302280	 2.95562109	 
-1.30720728	 -1.19546496	 6.95741090	 
2.94522297	 2.74723626	 1.75396648	 
-1.12218847	 1.79672189	 2.58507978	 
-2.99263484	 3.54432110	 5.57389822	 
2.26563742	 3.06151679	 5.58612598	 
-1.23781814	 2.03974858	 -1.83593598	 
0.94744364	 -1.05534579	 2.57722512	 
-2.45451622	 -1.37031416	 -5.84198482	 
-5.37821674	 2.76537477	 3.46504863	 
-0.36625555	 1.67378719	 3.87177245	 
0.19782771	 0.87581839	 -3.39882187	 
3.36279713	 -2.71422222	 -7.10236995	 
2.51740056	 -2.61538738	 0.95623739	 
-1.10652476	 -0.15587053	 -2.26070059	 
2.78225730	 -2.36520563	 4.04778904	 
-1.99814807	 0.50411411	 3.46875455	 
1.82933102	 -1.37705255	 -2.72969687	 
-1.24961960	 0.52544320	 -4.97225119	 
0.59293242	 -4.23348310	 -3.60292254	 
0.70201862	 -1.77324962	 0.96892718	 
4.62851758	 -6.27669338	 -4.44934619	 
-4.19250405	 0.54198534	 5.33852424	 
-8.30165263	 1.03317146	 -6.84065721	 
-0.49958063	 0.74830802	 2.79299908	 
-1.40831172	 1.18883645	 -3.13158922	 
6.58927426	 0.30160205	 -5.95474687	 
0.08751178	 -1.36149737	 1.82696359	 
0.49888218	 -0.39583820	 1.08073613	 
0.76468387	 -0.62510119	 3.51957543	 
3.73550167	 2.08417849	 6.90190979	 
-2.33282008	 0.43886137	 2.08606417	 
0.00573044	 -0.26410981	 -3.31823221	 
-1.55846429	 1.96703050	 2.29118138	 
-0.57020841	 0.49165867	 2.41648320	 
-2.38958911	 -5.79685216	 -2.84975588	 
-4.86409614	 1.68309498	 -3.77650263	 
-0.61837667	 0.33761598	 -2.46166572	 
3.33858570	 0.69601094	 -6.06626135	 
-0.21100384	 1.19776956	 -1.88936096	 
-0.87187808	 0.29580835	 4.67235844	 
4.35530825	 1.08225710	 -3.48533699	 
1.95900522	 -0.41563168	 -5.36081308	 
0.34349221	 2.19386276	 -3.53287933	 
0.65621527	 -1.17873824	 -3.08292019	 
-0.15030357	 0.70845695	 -1.11304876	 
-0.96484173	 -1.65753291	 -5.13687832	 
6.41449995	 -4.25888748	 6.95659105	 
1.40796421	 2.04295713	 -3.46507926	 
-1.03007610	 5.45337395	 5.45750865	 
-2.29407535	 -1.76014584	 7.46740261	 
-1.26631490	 4.60635941	 3.57331446	 
-0.96513687	 -1.42499400	 -2.38890271	 
-0.41840438	 1.09837533	 -0.81279340	 
-1.16942985	 1.65332315	 -6.61976232	 
0.96125314	 0.11938793	 6.11214982	 
-2.90966435	 1.59422334	 -2.82851062	 
1.14998576	 -0.40708766	 1.05228384	 
-0.39380158	 0.27036332	 2.24591364	 
-3.24540551	 6.34626568	 -5.66414992	 
-7.08325223	 -2.74559493	 3.14539404	 
0.37901872	 1.22898687	 -2.79722823	 
4.54195683	 0.73762013	 -7.97352320	 
0.62348476	 -2.04386285	 3.87070076	 
-3.41857787	 -3.48536918	 -4.43082908	 
0.65577369	 1.75542729	 -1.88481644	 
0.22638212	 -1.25101530	 4.78039851	 
-1.86692251	 -0.76182173	 3.67110722	 
6.24726239	 8.17472166	 3.90829836	 
-2.00377966	 0.77446840	 -2.86221976	 
-1.78251124	 0.12283931	 -2.27562885	 
-4.62145619	 1.50040136	 3.75012959	 
-2.16495748	 4.23571420	 -3.46955878	 
5.54057678	 3.55496455	 3.48638590	 
0.52526755	 -4.19086094	 1.47093322	 
-5.87567493	 -1.98956480	 -6.62679929	 
-0.42371326	 -0.99576561	 1.71835434	 
-0.31939528	 -3.57272099	 -2.34457262	 
-0.33268414	 -3.39436712	 3.02987141	 
-1.02974063	 -0.59943362	 -2.47083979	 
0.78725137	 -0.55064692	 4.40152495	 
-2.31723301	 2.12965964	 -3.41683059	 
5.87502992	 -2.12115106	 -3.73038303	 
-1.49107777	 0.11790715	 2.82253080	 
-0.62364631	 -2.46900926	 3.55150799	 
-0.49794645	 -1.34732161	 3.32977777	 
1.05837204	 0.28195643	 -4.74253483	 
-0.17659695	 -1.52118194	 1.16719032	 
2.05318616	 3.05787343	 -3.24326876	 
1.80546889	 -1.07377786	 -4.86077196	 
0.15961069	 -0.75627888	 -6.72827740	 
-4.11291176	 2.01919913	 -3.13616128	 
-1.34860318	 4.10304835	 3.28869091	 
-0.37191894	 -0.59065003	 -5.62160929	 
1.95069569	 0.65269699	 -2.45264206	 
-1.51751597	 -2.31667610	 1.60535976	 
-1.18194516	 2.68117491	 3.64594831	 
0.81990640	 0.57670251	 -4.96249377	 
2.68879597	 1.11526711	 4.92399376	 
-0.07642325	 0.52813527	 1.89451561	 
-0.05204455	 -0.75625279	 3.43694376	 
-4.51801011	 -2.09652913	 2.39784515	 
0.79764104	 4.80458615	 -7.50960408	 
-0.24371071	 -0.86205950	 0.84317672	 
-4.44278679	 1.11138616	 -3.94349270	 
1.72929156	 2.47072829	 -5.69874295	 
-3.55355378	 -1.87310492	 -6.72362947	 
-1.90604028	 -0.78125834	 -3.05618883	 
0.06630737	 1.21013700	 4.60764681	 
-0.05768325	 -1.12359981	 -1.74114340	 
0.03287191	 1.66949473	 -4.55758297	 
1.09713991	 -1.70634852	 -2.86897508	 
-0.20001455	 -1.42975622	 -1.68996271	 
3.07209741	 1.98537399	 5.27424498	 
-0.62793835	 3.79833690	 -1.42675191	 
3.15716136	 5.42549924	 7.90364729	 
1.83934345	 -0.48065957	 -4.62136324	 
0.29222998	 0.81709546	 -3.95275349	 
-0.16993471	 1.53957185	 -2.36799430	 
1.34543046	 -4.05847954	 -7.78504738	 
0.49110282	 -2.38853802	 1.63335748	 
0.82506552	 -1.71000217	 3.30396636	 
-1.37191884	 -0.27656508	 -1.95656161	 
-0.71530092	 -0.31922146	 -2.26513158	 
-1.78068240	 -2.34111547	 -2.33820974	 
-0.57108119	 -2.99724312	 2.11675966	 
-2.89582120	 -0.36082332	 -3.12761347	 
1.01467846	 -0.44701818	 -2.10961991	 
-3.96635938	 1.37463910	 -6.21552246	 
4.56249170	 5.79715633	 3.64567226	 
-3.65074260	 -1.40479231	 4.21998154	 
2.60359159	 -2.90721352	 -0.39577044	 
-0.16455388	 2.74743073	 -2.37925969	 
1.07263857	 -1.06484755	 1.69758556	 
4.99274534	 1.84227236	 -4.69736700	 
-0.08446346	 1.23392676	 -2.97264699	 
-0.48710112	 0.60190053	 -2.48906133	 
8.02622947	 -1.70737656	 2.27277990	 
0.81182583	 2.11213107	 3.14598897	 
-0.76474577	 1.76404872	 -2.38326825	 
3.57636044	 -2.27149500	 -7.05480721	 
0.22010456	 2.14657435	 -1.05648547	 
-0.46454557	 0.31642970	 -3.31220651	 
3.00850991	 -1.06180323	 -8.56253876	 
-0.59629963	 -0.30496239	 4.59972253	 
1.06755589	 0.40337636	 2.06936125	 
-0.00267193	 0.20015501	 -6.01518474	 
-3.37977566	 -1.05523757	 2.67340198	 
0.84082498	 5.57209787	 3.41980530	 
2.18987276	 2.71706046	 4.92570659	 
2.59587185	 2.54128144	 -3.90184516	 
-2.30763766	 1.21587165	 5.72569907	 
-2.64177818	 0.96175155	 2.58351446	 
0.24564733	 -2.66789242	 -3.43821779	 
-3.47736488	 -2.05336532	 4.57203580	 
0.67458344	 1.04096635	 3.65665727	 
-1.67008962	 1.30163178	 -1.54992556	 
0.91307571	 1.97941242	 -5.44674600	 
-1.54568812	 -2.59370048	 -1.69387366	 
-3.40058719	 -3.29957292	 -1.83954097	 
0.73347183	 -0.33737276	 -2.64282350	 
-0.06136758	 -1.03934139	 2.99551759	 
-1.75025752	 -0.33476045	 -5.03651952	 
0.38972734	 -0.89005702	 4.71116617	 
2.73742522	 2.04498468	 -3.52854562	 
-1.73147047	 -1.82321639	 4.04601603	 
-3.48637192	 -3.98708215	 5.36375102	 
-0.75749749	 3.18062432	 -2.30851667	 
0.92906828	 0.76248206	 3.80974213	 
1.40171759	 0.23959762	 -1.33303603	 
2.54676132	 2.98788526	 -3.04226593	 
-2.04915220	 4.81396593	 -1.28310396	 
-1.95068614	 -0.80640377	 -4.27725563	 
-4.74173598	 -1.84068048	 -2.94952935	 
5.29861664	 1.95959087	 3.38906887	 
-2.77437684	 -2.31860173	 6.57572493	 
-4.55171492	 1.85159368	 -4.32599579	 
2.13079930	 -0.59341164	 -4.02579857	 
-0.11415072	 2.03692237	 3.20552817	 
-2.61518504	 4.21997237	 -11.84309868	 
0.31149161	 -1.08760911	 -4.61390237	 
-0.89774272	 4.28324849	 -3.25519586	 
0.11195701	 2.50390529	 3.07126621	 
-0.73008823	 2.68842652	 -2.37168024	 
3.01030342	 -4.14919951	 -1.82816713	 
-0.44566432	 3.32606888	 -5.27056643	 
0.83231220	 -2.97309869	 -4.10276772	 
0.91912774	 1.59115438	 2.95698524	 
0.60467339	 -1.29926579	 1.27595140	 
1.28169243	 -3.03733305	 -2.69485002	 
-0.68367259	 0.31757331	 -4.32145369	 
2.78843169	 1.85371831	 4.22845957	 
3.99588439	 1.02052724	 -3.63934667	 
-1.55422684	 -2.77637979	 -3.39237769	 
-4.07405868	 2.62648685	 3.25053194	 
-2.66831244	 4.84253696	 3.28599135	 
0.33000345	 -3.34684982	 -0.47870372	 
-1.29049415	 -0.68728805	 3.27939267	 
-0.32839255	 1.34790489	 2.43279961	 
-3.17090933	 -0.25063983	 2.09876641	 
1.10295469	 0.61028836	 -1.24657702	 
1.48448405	 1.33626768	 -3.65075775	 
-2.22860348	 -0.87976413	 1.97351927	 
0.07674500	 -0.74112648	 1.86724271	 
-1.35789305	 1.00489703	 4.63931461	 
-6.53019116	 -2.15861600	 -4.76144864	 
-4.25654425	 1.84938646	 0.83891007	 
1.75609606	 0.78997900	 2.74172417	 
1.66037078	 -2.12988086	 -6.75877617	 
3.86232340	 -4.91041280	 5.88260074	 
1.43525917	 -0.57714528	 1.05288293	 
-0.04479909	 -0.88489883	 4.53328853	 
-1.68741053	 3.16634125	 -1.61628371	 
0.09672789	 0.41193922	 3.10776979	 
0.29556549	 -1.35786486	 -1.27580972	 
-1.61001007	 3.10856046	 3.90188052	 
-1.47047900	 0.55770401	 1.86099648	 
-0.38241204	 0.01060809	 -4.47120997	 
5.69110182	 -1.23913947	 5.00033985	 
0.39715733	 -2.38695124	 -1.94213525	 
-3.14737340	 -1.81934026	 -3.72304140	 
4.97317293	 -1.53063233	 -6.62279137	 
0.09113234	 -1.98091148	 -0.69694998	 
-0.86625225	 -3.90565659	 6.69378136	 
-2.54678992	 1.04798966	 -5.60542843	 
-3.97037758	 5.00723933	 -3.92160362	 
2.38803450	 1.57003716	 -2.60668939	 
0.65808079	 -0.44128088	 -5.92955728	 
-1.38963065	 -1.46701453	 -0.83104212	 
-0.44308502	 -2.57525864	 -2.16040162	 
4.53366748	 2.36740187	 -7.62845540	 
-0.83752647	 2.60836165	 6.07566967	 
-0.93314930	 -1.65774713	 3.47641737	 
-0.10418675	 -1.93229380	 5.01277671	 
-0.21984249	 0.10041724	 -2.14406507	 
-1.89204058	 1.89940655	 4.17852062	 
0.20691836	 2.33674562	 9.35846493	 
3.27484206	 3.57083713	 -4.43025485	 
2.55417672	 -1.21239772	 4.54197766	 
-1.28129864	 -0.60933749	 0.91659726	 
-3.14728358	 -2.12607992	 -0.85210345	 
0.80390384	 2.05773214	 3.05016367	 
1.31873301	 2.38574078	 2.74321529	 
2.02784667	 -1.55902260	 0.63557773	 
-0.47375216	 -5.93365490	 2.85155808	 
0.15006838	 0.46196081	 2.36424423	 
-1.07092722	 -0.51072921	 2.30206869	 
-0.12808876	 -0.07179801	 -1.76426317	 
0.81318860	 -1.95100460	 6.31131390	 
-2.51233657	 0.87546896	 -3.72908446	 
1.60055512	 -1.58939731	 -4.37025541	 
1.15859582	 0.17799465	 -5.35089804	 
-3.34067507	 -3.76740737	 5.72372418	 
1.69137923	 -1.56577995	 -7.49440843	 
4.54763215	 -3.11569634	 3.52819847	 
0.04836251	 -0.28353511	 -4.82583582	 
0.56839463	 -2.55499864	 2.21511958	 
1.62414461	 0.03740470	 -1.90538592	 
1.51856597	 0.80945005	 -2.35635794	 
3.21003232	 -6.41493045	 -5.44701682	 
-0.46808843	 -0.80709091	 2.77534489	 
0.06284685	 -2.56877676	 4.84496299	 
2.08968170	 -0.95831176	 4.68639631	 
-1.96397197	 -1.87075709	 4.27095992	 
-1.48757988	 -0.56854601	 -4.86367734	 
4.62668013	 -0.21545106	 -4.38934567	 
1.35367243	 -0.20875369	 2.57894506	 
1.62867732	 -0.23715369	 2.16384978	 
-0.04897793	 1.31368471	 -3.33261639	 
-2.39955380	 0.44213230	 -3.54521618	 
-0.37253090	 -3.87223342	 -4.99579593	 
2.06726604	 -3.05906193	 3.70899586	 
1.05091592	 -0.89683096	 5.61177102	 
1.10245935	 2.85875996	 4.93985623	 
1.27893307	 0.02907060	 -3.60764091	 
-0.52596618	 1.25918001	 -3.00324098	 
-0.31781042	 -1.19351481	 3.39384794	 
-3.14365917	 -0.96419151	 -5.10845504	 
-1.14448202	 -0.13556181	 -7.39818995	 
-0.98303521	 1.44371005	 -4.31146511	 
-3.50144547	 -6.03729001	 4.18289377	 
2.64144257	 -1.08264725	 -2.31888385	 
2.43519168	 0.15193525	 5.44998637	 
4.96872902	 -0.12350603	 -1.06535978	 
1.03210190	 0.52702855	 1.13217350	 
1.24328429	 0.93368692	 -1.74205458	 
2.66938249	 0.17731439	 -2.24251207	 
-6.09612349	 -6.04926461	 6.13497603	 
2.66163429	 -1.01242438	 -2.13697580	 
3.72114873	 -2.47284386	 -3.89877386	 
4.30477189	 0.88905293	 6.70373601	 
-0.53074106	 -0.15405486	 1.83251273	 
2.16004027	 -2.07124939	 -5.96190105	 
0.25350831	 -3.11821055	 -3.12111129	 
0.17973827	 -0.17361897	 -1.57932645	 
4.41623401	 -2.69888231	 -5.12378468	 
1.12752860	 2.34127301	 2.22766085	 
-2.57441211	 1.76063985	 -5.37953923	 
-3.21920394	 0.45606936	 -2.41988481	 
2.40797666	 -2.42547380	 1.43609332	 
1.72990870	 -0.62572918	 -1.66199466	 
-1.44085311	 -2.16670240	 -3.61231060	 
0.50811915	 1.97180354	 2.19331062	 
1.16592858	 0.07383566	 4.71161242	 
3.40344929	 -2.17092192	 1.00493951	 
5.90709771	 -6.45682478	 5.58797321	 
1.53546581	 0.18834477	 2.25251147	 
0.18603943	 -1.24753102	 1.44964636	 
-2.08585464	 -1.37370687	 2.37291273	 
0.44970868	 -0.72347902	 4.01854789	 
1.07729023	 -1.84417574	 -5.92971971	 
-0.42292612	 -1.42419390	 -3.18389641	 
-0.88880168	 -1.09430225	 -4.09386484	 
-0.02914728	 0.71547809	 6.66786405	 
-2.72618323	 -2.44128440	 2.10442571	 
0.68625332	 -1.18687412	 -1.65128640	 
3.45346665	 4.62805430	 -2.98969192	 
-0.30636338	 1.74909343	 3.32918271	 
0.36945893	 0.63749725	 1.24257005	 
0.07228507	 1.15759572	 -0.35105910	 
-4.92910706	 1.08285789	 3.11876305	 
-1.40437046	 -1.12096624	 1.25651278	 
4.47628229	 -2.59915063	 -5.41546947	 
-1.63955071	 0.44128273	 -1.81756476	 
-2.55871807	 2.56202992	 -2.27395148	 
3.47999805	 2.80310090	 -4.81394430	 
-0.68564178	 -0.73048332	 0.60560640	 
1.76334687	 0.24464741	 2.10114704	 
-4.84957000	 -1.46059204	 2.84308523	 
-0.51456244	 -2.87190314	 2.75089901	 
1.60828342	 -2.53726360	 3.11463870	 
-0.14141641	 -0.25838547	 -2.46134001	 
-0.51439644	 -0.60313978	 1.37353777	 
1.77884780	 -1.14300630	 1.05845977	 
1.83514181	 0.04696106	 -2.96221900	 
0.92521965	 -1.19987666	 0.91229510	 
-2.57207970	 -1.03573633	 9.74930451	 
0.19645512	 2.45396975	 1.30501606	 
-1.31399857	 3.69414149	 3.54776143	 
-1.22680093	 -1.42291587	 4.13814934	 
0.57908940	 -0.46176462	 -1.81731644	 
-0.95131629	 -2.33551299	 5.58790788	 
-1.58447130	 -0.70571249	 -4.09119746	 
0.38251161	 -2.21540001	 8.34022284	 
-2.81249026	 1.66056374	 -2.33624005	 
2.26427222	 -2.12290071	 -2.26432123	 
3.87379210	 1.42585047	 -2.05763527	 
0.80663989	 -2.15779042	 -1.75281181	 
0.90684158	 3.26166555	 1.76162229	 
0.08852683	 -3.03910448	 2.18621555	 
3.71475126	 0.62886404	 6.79412724	 
3.40989720	 2.97427175	 3.73286030	 
-0.58468376	 -0.84353207	 -2.92078252	 
1.94726538	 -2.09839411	 6.10259208	 
-1.13241057	 -0.59813120	 -2.17377225	 
1.01690559	 1.80207031	 1.83745626	 
3.95358267	 6.26246934	 12.78547677	 
0.77109054	 0.66120707	 2.26465442	 
1.71004950	 3.40372638	 3.56840292	 
1.32329975	 2.28450684	 1.48536541	 
0.67939764	 -0.47293380	 -1.59703013	 
-0.31962348	 -2.61499080	 3.53668581	 
-4.40993923	 -1.91258164	 5.18915453	 
-0.29363667	 9.97138955	 6.25373576	 
-3.56406917	 2.57444853	 10.36840531	 
-1.13850274	 0.62027911	 -2.96701799	 
-1.44432540	 -0.14356262	 4.23272653	 
-1.30678640	 3.69469299	 3.66027064	 
-6.15704403	 3.56616200	 8.78921287	 
1.41887042	 1.96414171	 5.60210998	 
-1.15863118	 -1.78312027	 1.25719350	 
0.51442251	 -1.19089639	 0.52396481	 
6.86494834	 0.21825319	 3.64729101	 
-0.34278902	 -0.14010174	 -2.27875943	 
0.71066194	 3.18559629	 -4.59880537	 
-0.46222790	 0.89886787	 -2.86097916	 
2.56996653	 3.15044407	 3.54754283	 
-1.62721808	 -0.05308419	 4.25286753	 
-1.07788965	 -1.12413373	 3.06942795	 
3.48119649	 -0.31586221	 -7.35669991	 
3.44726994	 -6.11630531	 4.95749967	 
0.01004494	 -0.57008468	 -2.16152362	 
-0.91254382	 3.12960825	 -2.40183845	 
-1.27742964	 -1.26543210	 2.53167329	 
-1.00387038	 0.90035964	 -5.96667694	 
-3.62879328	 -1.56359012	 -3.80369545	 
-2.23610488	 0.96904317	 -4.30570848	 
0.81911417	 -0.21208011	 2.25594814	 
0.96304941	 4.45163643	 2.33972037	 
-4.87406558	 0.29653177	 -1.57360638	 
1.28287586	 2.54419235	 -3.16434358	 
1.12315820	 0.88277784	 -3.22926269	 
1.35892270	 0.31744282	 -1.06802425	 
4.18208230	 -2.05357272	 3.12279172	 
-0.76973718	 0.25147256	 -4.61354132	 
1.38408147	 -0.79244982	 2.39975284	 
-4.22566672	 -5.38007125	 -8.24815849	 
-6.69514435	 -2.61097991	 -3.06206780	 
1.25933699	 -2.62385776	 1.90992397	 
0.40745527	 2.25697517	 1.75966522	 
-2.45094898	 -3.82470614	 -4.62907355	 
-2.12890697	 -2.74998746	 -5.81137582	 
3.17796095	 -1.39138518	 -4.87027796	 
-2.54115173	 -0.16244135	 4.15833489	 
6.26027568	 -2.02130912	 -3.65409448	 
0.99062728	 0.74222767	 2.27131805	 
-2.70293770	 -1.39158697	 -2.16331297	 
6.99774732	 -0.09613412	 3.39063922	 
-0.74805048	 2.35570945	 -6.57727237	 
0.27297677	 -0.97824619	 -0.85589135	 
-1.40554765	 -0.57918365	 -2.32842815	 
-0.31062104	 -4.91176462	 5.86379935	 
1.80681446	 -3.09766170	 9.62638678	 
0.55343389	 -1.39643911	 -1.66715853	 
-0.29317940	 0.06518915	 0.85301843	 
-1.15313389	 -1.81344365	 1.79006466	 
0.53835124	 1.15560996	 -5.70019640	 
2.20748234	 0.05113679	 5.97555387	 
-0.53275041	 -0.73553819	 -2.12638847	 
1.90425980	 3.39244737	 -3.14567480	 
1.39922231	 2.81703618	 -4.89804191	 
-0.76066163	 1.66593605	 3.97212353	 
1.66388225	 0.74202378	 -3.25830622	 
-2.10321292	 0.28904888	 -2.24410758	 
2.15570559	 3.14671418	 6.84519011	 
-0.90177450	 -3.59794630	 3.91709453	 
-3.79512887	 0.05059785	 4.46696909	 
-3.33318388	 2.67965129	 3.21488386	 
1.35158920	 5.04237317	 -3.29572545	 
4.44826325	 -0.01178292	 -3.88154073	 
-4.90482631	 2.25777682	 1.65799901	 
-1.91136108	 3.38268649	 4.49184450	 
-1.71344129	 1.42063002	 1.90578175	 
-2.27732604	 -1.05882573	 2.02207255	 
-0.27898681	 -0.88804046	 -4.14325319	 
1.24735532	 0.51083584	 -1.20738570	 
-2.86266498	 -2.38426809	 -3.67110181	 
1.76463741	 2.08138875	 4.24651829	 
3.22628618	 -2.46622093	 1.81573006	 
-0.64812182	 3.41318458	 2.39655009	 
0.86872409	 -0.05982984	 -3.78109921	 
-5.33433677	 0.54874187	 2.52996399	 
-1.81625560	 1.08609755	 4.58006340	 
0.40764524	 -0.73471767	 -2.24354824	 
0.07486828	 0.11491379	 -3.41429246	 
-3.61503723	 -0.42071051	 0.71830069	 
3.13058477	 -2.55838691	 2.89781173	 
0.25811920	 -3.17459017	 -9.02793786	 
-2.90380547	 -0.49788602	 5.46092182	 
0.63341166	 -0.70310527	 -2.36478977	 
2.48239710	 0.59999560	 -4.06850844	 
0.83613513	 -1.62040387	 -2.60733933	 
0.85791132	 0.01689932	 -2.97794007	 
6.75995686	 0.27782852	 -2.93404907	 
1.76062684	 -0.41477157	 -3.27699796	 
1.29296942	 0.10921680	 4.51113022	 
2.52195289	 -2.30594844	 -5.80865637	 
4.76781396	 -3.27673680	 -8.33583655	 
1.27196382	 2.55174448	 -3.92784725	 
0.70149069	 0.31587501	 -2.51193386	 
-3.86967522	 2.44633999	 -5.52671851	 
-0.13503566	 -0.46687521	 -3.18665577	 
-4.48247855	 -2.48364321	 6.15085440	 
-2.62979896	 -0.82439002	 -2.10068586	 
0.49771621	 1.87599593	 0.53399373	 
-1.83862891	 1.32406766	 5.22517347	 
1.64435058	 -0.33584822	 0.80427817	 
-0.59532933	 0.92227196	 2.75726659	 
1.57558264	 -3.70489855	 -4.04913302	 
-2.12668712	 1.47495643	 3.13661506	 
-0.88795366	 2.46220051	 -6.62195890	 
2.20864699	 -1.91657385	 -3.98773262	 
-3.47014772	 0.47313779	 5.20734840	 
-0.37492889	 -1.66688081	 -2.66730774	 
-9.59652282	 -7.35482392	 -4.66117934	 
3.82500724	 1.40726612	 4.43846661	 
-5.15024480	 -1.76762824	 6.08160067	 
2.05761100	 0.17619098	 -1.72967017	 
0.69313552	 1.41870057	 -5.54850919	 
0.83909223	 -0.53992266	 -6.37929554	 
-0.17727700	 -1.54914045	 0.87175216	 
3.63100090	 3.95805180	 4.84947365	 
-0.82823270	 -1.27271546	 1.06055846	 
-3.26939430	 0.10005970	 5.71083532	 
3.70491472	 1.47148802	 -7.26144020	 
1.61162263	 3.09487103	 4.27608610	 
-3.21320251	 -2.77477779	 3.99869307	 
-0.17933494	 1.85137221	 3.63723858	 
-0.99310322	 -0.26682713	 1.51391854	 
0.74020827	 0.41395956	 -4.17857285	 
3.92823045	 -10.64478005	 -7.39140677	 
3.73313529	 1.10792706	 -4.26580905	 
-2.90764703	 -2.09271429	 -4.86925832	 
-1.58107199	 1.56573798	 3.08986126	 
0.66982277	 0.48417368	 -2.90807174	 
-5.15768676	 0.29316524	 3.89066505	 
0.58367817	 -3.35703607	 -2.02047744	 
0.31646404	 1.85250891	 9.98749282	 
1.01934310	 3.23935375	 -0.86163828	 
-0.04287600	 -1.21371849	 2.45613713	 
-2.66768641	 -1.62315490	 3.23763491	 
-2.49842468	 1.56611417	 4.27016901	 
3.28252396	 -6.64377504	 -8.59825046	 
1.88541585	 1.58292608	 4.69001216	 
-3.03175242	 2.04473088	 -4.66579549	 
5.32952598	 -0.75682217	 1.32043745	 
-3.30188665	 -0.44880633	 3.56115849	 
0.68208968	 0.91399732	 1.25924107	 
4.42073726	 -2.50487355	 4.59508204	 
-1.07095052	 0.72400710	 5.74998976	 
-3.10025452	 -2.26632346	 3.88864718	 
-1.21541977	 -3.03676071	 1.76986815	 
0.52680538	 1.96474973	 4.56767376	 
0.99256674	 2.88668500	 2.73140765	 
-2.32232336	 4.60010973	 2.31781722	 
10.11104259	 5.10061296	 -3.00788453	 
2.44739079	 -0.92917831	 -6.17436649	 
-0.97407058	 2.32971015	 -2.79513438	 
-0.05748056	 1.32534071	 -3.66243004	 
-1.60026803	 0.01863010	 1.33509213	 
-5.90386357	 -4.04433051	 -3.86584592	 
2.25748800	 3.49396699	 -6.25958502	 
2.52497274	 -0.69090906	 -4.44576281	 
-3.86287668	 2.34034846	 -6.32165319	 
-2.85041751	 0.08320206	 2.48528987	 
-0.39127196	 0.95923829	 -4.83035171	 
-0.84738559	 -1.74262531	 6.06695440	 
-4.46491535	 -0.34827417	 2.95632291	 
2.90849918	 1.45491721	 1.76411307	 
-0.43597024	 -4.30227369	 -1.61260255	 
2.25525120	 -0.68626017	 -7.21790576	 
1.54598821	 -2.08190113	 -6.70610711	 
-3.29794917	 -1.75188695	 1.64840711	 
2.46836115	 1.52582864	 3.62950447	 
-0.56833719	 0.70697978	 -3.53674428	 
1.34356131	 1.62059512	 -7.90518719	 
2.46787661	 3.04833867	 -6.95270443	 
-0.22347884	 1.57125402	 -2.16920996	 
-2.82459375	 -0.48751298	 3.29144023	 
-3.13146255	 -2.65872892	 2.89841173	 
0.85060908	 -0.98040312	 -2.74858300	 
0.43760743	 -0.10260312	 2.00835699	 
1.95098270	 -0.12092730	 -9.47791270	 
0.50491333	 0.42193306	 3.54828295	 
-0.75916806	 -1.26274764	 -2.89752349	 
0.77043585	 -5.20132519	 2.77581812	 
-0.62752475	 2.33191876	 -3.99064794	 
0.17365205	 -0.81922450	 1.61316220	 
-1.48433839	 0.09349297	 -5.29243323	 
-5.41726104	 -0.59445495	 3.40140288	 
-1.04839084	 0.29085747	 -2.81584612	 
-0.21697549	 3.52438313	 -3.57884803	 
-0.62956959	 3.77482291	 4.45260680	 
1.70800383	 1.54185725	 2.26756918	 
-3.90922995	 -1.05423564	 6.32949743	 
4.08162189	 -1.74018454	 2.49849482	 
1.27937116	 -0.54824118	 5.38687761	 
-0.55163895	 1.08561292	 2.82766148	 
1.95255962	 0.58443985	 5.31522846	 
-2.59681668	 0.93776912	 -3.26045384	 
0.65007950	 -0.52240154	 -5.09060245	 
-2.97384101	 0.26336125	 -6.89317940	 
0.82470614	 -1.41928479	 1.75335811	 
1.74668316	 -3.43894348	 8.12091898	 
2.15278419	 -0.45973218	 2.63155940	 
1.60708274	 -2.39920878	 -2.91671421	 
-2.92707484	 -0.69530779	 -9.00915176	 
-0.85493997	 -0.32569843	 -2.48445839	 
-0.60695720	 2.50206692	 -3.66469849	 
-1.26255731	 -0.94933577	 2.94110205	 
6.91170280	 2.45270187	 -5.83450558	 
1.44009231	 -4.05109725	 4.73926596	 
-0.29843533	 6.52994103	 6.08192975	 
-2.64117364	 4.79360756	 2.78729726	 
-3.28897194	 -0.09184209	 -2.06763011	 
-0.11643130	 -0.77110127	 -3.39361012	 
-0.12143556	 -0.60487495	 -3.42466907	 
-1.46627280	 -1.09236511	 -2.68543770	 
3.45698640	 -1.18828088	 1.83237888	 
1.82741584	 -0.84936900	 -11.40783454	 
0.47507195	 0.30869492	 -4.91611786	 
-0.19572645	 0.08515361	 -1.85192228	 
-1.56890478	 0.47163210	 -3.92775484	 
0.49575194	 1.40557779	 -2.80568053	 
1.32619450	 -4.80958388	 6.67146310	 
0.94190035	 0.16688160	 -3.74678863	 
-0.70338687	 1.29944140	 2.43316715	 
-0.44821445	 0.08325457	 -2.92229673	 
0.19900753	 -0.09249698	 -1.82896578	 
-0.37647996	 -0.44171168	 -3.18199570	 
-0.42842581	 3.57698980	 -3.73274687	 
-0.24070203	 -1.94537742	 -3.95161198	 
-1.42323322	 0.25703022	 -2.54028796	 
-3.63200788	 -0.31696513	 3.46059960	 
2.09835414	 0.69178167	 1.25484693	 
-0.54183032	 3.11443870	 4.56998955	 
-1.71367569	 6.13752650	 2.77507917	 
1.24624786	 -0.41118015	 2.37800300	 
-0.75982250	 -2.65050874	 0.87544466	 
0.90747247	 1.21300894	 5.10696098	 
-1.39242564	 -0.21893750	 -2.86472559	 
-2.98980133	 -0.39572988	 -3.93321099	 
-1.25301361	 0.48798875	 -2.33914563	 
-4.69484639	 5.59906946	 4.45224648	 
2.89248193	 0.16995269	 -3.93774865	 
-2.29318992	 1.99337744	 -2.32743208	 
2.08461589	 -4.64743327	 -5.28617843	 
4.96945898	 1.25558856	 2.29129018	 
-3.80031863	 1.39325995	 2.98766237	 
-3.12647787	 -1.23010177	 1.82832878	 
-0.62417108	 0.49132325	 4.08955327	 
0.58614573	 0.40679795	 2.51467305	 
0.39203580	 -0.10606803	 -0.89212139	 
-1.66170195	 1.44664398	 3.34317775	 
4.78425305	 2.50425463	 2.12187027	 
-1.63310635	 1.28176480	 -7.14376009	 
-0.72231782	 1.59208548	 -4.40041713	 
-3.11738845	 -0.18017761	 -4.26801736	 
2.05133714	 -1.18563807	 5.24457756	 
1.75299260	 -2.80321265	 8.71853996	 
2.31486074	 -0.19996795	 -4.28196348	 
-0.80307575	 -0.33137083	 -2.37962576	 
0.43143662	 3.13997319	 2.07122786	 
2.30537938	 2.85214775	 4.79928688	 
-3.70996012	 1.61733739	 -5.53253399	 
-1.42232152	 0.78812106	 4.90903211	 
0.22715622	 -1.85917699	 3.60945950	 
-0.76006222	 0.03450461	 6.20064639	 
-2.13272129	 -0.48874905	 1.61637157	 
-2.88569415	 0.62473733	 -4.20889401	 
-1.15275015	 -0.02736168	 -2.77110080	 
-2.56423637	 -6.07858464	 1.66376580	 
1.96449652	 0.26945382	 2.19438780	 
1.11204617	 -2.69688455	 2.54903493	 
6.04129676	 3.33084399	 -4.77668682	 
0.48678346	 1.83139867	 2.46027155	 
-2.66981817	 0.89876038	 -2.19603495	 
1.73630783	 -1.45584102	 3.35325251	 
1.44508966	 1.26328250	 3.80688325	 
0.86136379	 0.75748434	 -3.68113968	 
-0.29548693	 2.09402026	 -3.84877967	 
1.47209390	 -4.13037593	 6.31362902	 
-0.43405262	 3.82615633	 -4.14010385	 
-3.26514449	 -2.56222114	 -5.31333428	 
0.46769407	 0.28107653	 -3.23062753	 
3.05549832	 -0.79762250	 3.14774143	 
-1.47884533	 -4.08079949	 -2.32743629	 
-0.15514284	 1.91125497	 -2.53710902	 
-3.13517814	 3.64278127	 3.93403596	 
-2.91822318	 -1.49387004	 -12.46080983	 
-0.85630309	 2.57708424	 4.11174972	 
-4.03569816	 -0.23427251	 -6.72444298	 
-0.51834062	 -1.00477750	 2.06197224	 
0.06792723	 0.21677830	 -6.08827722	 
-2.60769265	 4.52185686	 -4.69644291	 
0.09197475	 2.04132669	 -4.69098805	 
-3.32874596	 -2.63825247	 -2.72402133	 
-1.89074035	 0.89208107	 -2.35171816	 
2.66669637	 -0.19938416	 -7.18472286	 
-3.07944189	 2.78909394	 -4.92732131	 
-0.72698059	 0.44447868	 -0.86114282	 
-5.57571745	 -1.48044315	 1.65786483	 
7.65090699	 4.23406100	 -3.85445100	 
-0.58133706	 -0.78490437	 1.44917258	 
-3.19456475	 0.07370368	 -2.97354962	 
-1.52707796	 -4.18764847	 -1.64982173	 
0.85706013	 -0.97235109	 4.14920011	 
-2.42864686	 -0.06567300	 -3.92314165	 
-1.06212370	 -0.43291939	 -6.78971958	 
0.19370356	 -1.06539644	 1.11199879	 
-1.41310046	 0.83289295	 -5.49321888	 
0.52123299	 3.14435223	 -4.64027473	 
4.21991962	 1.57543145	 3.31037574	 
-1.88427331	 1.09969503	 3.43511139	 
0.41066210	 -0.78924853	 3.71790875	 
4.42063678	 3.02131255	 7.72165006	 
2.24192003	 3.32539827	 8.50955287	 
-0.56566479	 2.37706657	 3.09310980	 
4.82127067	 3.87282429	 -5.98514197	 
-3.06807985	 3.67253915	 3.22289192	 
3.07802414	 0.48405965	 5.02097901	 
-0.49929400	 -0.53852021	 3.66744788	 
3.34814953	 -0.38903824	 -6.73672431	 
-0.28642549	 -0.53013158	 3.34048155	 
-3.33237645	 -0.93428617	 -9.40685838	 
-0.85342344	 -2.16463165	 9.51429801	 
2.74552049	 -0.48280029	 4.70108535	 
2.28939084	 -9.03861934	 6.22932419	 
-0.59669889	 -0.30822747	 3.37140145	 
1.42888535	 5.07263932	 1.91084773	 
4.53304714	 1.06391859	 -6.31121966	 
1.91427471	 -2.78544776	 -2.60652223	 
-2.51486576	 -0.40218511	 1.68081300	 
-3.50269083	 -2.99015707	 1.56082639	 
-1.77580585	 4.81768701	 1.39320027	 
-1.69594379	 -4.96998276	 -3.06093947	 
0.91269339	 -0.90892876	 8.65980941	 
5.78498489	 3.84329911	 4.18272656	 
-2.93677705	 0.67398105	 -3.32034098	 
-5.31881748	 11.20183470	 -5.55351872	 
-0.38107052	 1.29968804	 2.07926429	 
0.45190100	 1.83764377	 2.56068484	 
1.26956379	 0.63851931	 3.01142085	 
1.65340185	 0.49938546	 5.26492573	 
-0.35609205	 1.50450097	 -1.49051477	 
2.30028553	 1.21443763	 3.73124989	 
-2.60281298	 -1.81627483	 -4.84275265	 
-1.75790059	 -0.72616166	 -7.40425746	 
-1.56127730	 -1.61602387	 4.00947639	 
1.71675438	 -0.37506213	 -8.19788172	 
1.41403620	 -3.08087451	 -3.84348163	 
0.32731101	 -1.12929245	 2.06262680	 
-0.83080817	 2.74325823	 -5.74572577	 
-0.94463366	 -4.08947843	 3.52111784	 
-1.38934892	 0.08447745	 -3.78570707	 
0.48961065	 0.14167271	 -2.88964197	 
0.26990775	 3.05776467	 3.49011785	 
-0.55675311	 1.19457136	 2.48792289	 
-0.79330717	 -2.05954658	 -7.96489688	 
0.95159709	 0.69337730	 -5.11694116	 
-2.50404434	 1.44127064	 2.01605682	 
2.74727301	 3.37140291	 3.26215833	 
2.69301068	 -1.98731903	 5.52283352	 
0.32723528	 3.00311880	 3.72041035	 
2.93705690	 0.07553298	 -3.19792260	 
6.02642572	 -0.02306692	 -4.64324022	 
-5.79275661	 0.38265874	 -4.27708853	 
1.08322718	 -0.34277678	 8.56661172	 
6.01754810	 -2.66272209	 -4.79647916	 
-0.22623884	 2.51326467	 2.30276608	 
-0.37210574	 0.34118130	 -0.40481884	 
-2.63291833	 -2.09636881	 1.14315176	 
1.85322119	 4.41052905	 -1.91425128	 
0.96718364	 1.17264342	 1.91308706	 
1.80164828	 0.17040314	 5.28916936	 
-0.49936342	 -1.26650554	 -1.44451783	 
1.90988166	 -5.17746669	 5.97763827	 
7.37813454	 -2.64074176	 -3.54187544	 
2.58061144	 2.19335754	 6.25524200	 
1.42738480	 0.08972620	 -1.58357991	 
1.03535025	 -3.10797453	 5.45167741	 
-0.97342387	 3.42541945	 -9.28396457	 
-2.68610565	 2.63174810	 1.76059683	 
-2.41776057	 1.65271998	 -2.20518336	 
3.00604383	 -1.13899024	 -5.24357375	 
2.94096768	 -2.48360754	 -3.45116933	 
-6.24760718	 3.59381444	 6.55690494	 
1.24551041	 3.04814496	 -5.96627456	 
-1.16354194	 -2.27549878	 4.74171529	 
-2.57918836	 3.04609651	 -3.24586814	 
4.54782822	 -2.35645610	 -4.79812083	 
-2.52576594	 1.78593580	 -1.96719023	 
-1.28505108	 1.50792449	 -6.41764607	 
-2.29921594	 -3.99156346	 -2.88561159	 
1.71451919	 -5.18053843	 -8.77141049	 
-2.08534386	 0.29618772	 7.33812094	 
-0.79246105	 0.01011837	 1.11486704	 
1.18608121	 -2.14089223	 2.85018831	 
1.96393785	 1.57571065	 3.05519965	 
-1.35164918	 -2.24308967	 2.68157235	 
-0.98407217	 2.32501789	 -2.32085007	 
0.35808402	 3.31242011	 -3.93800161	 
-0.50877874	 1.44021612	 -2.29627138	 
0.53734740	 1.32620663	 1.75263444	 
-3.28027157	 -0.25159260	 2.33984267	 
-3.32098770	 -2.98747855	 4.58926652	 
-3.09456549	 -1.00362710	 4.52307618	 
-0.19522098	 -1.33237698	 -5.21813433	 
-2.32861840	 -0.90104201	 -5.13738759	 
-3.51017742	 -9.22501452	 -1.17187024	 
2.27730271	 3.36782028	 6.03364334	 
-1.35007065	 2.82784407	 -3.18469124	 
0.67701991	 -0.33061831	 3.81550081	 
7.75164072	 1.39415396	 -6.27897200	 
-1.91573709	 1.93847992	 2.39532893	 
0.22670620	 -6.90136798	 2.32948380	 
2.78271967	 0.23229863	 11.27215132	 
-1.86441281	 3.18521857	 -1.86637851	 
-0.07939511	 -0.66774949	 -1.51073628	 
0.46501333	 -2.07848596	 2.03936632	 
0.61789068	 -0.23525294	 -3.40881027	 
1.37422500	 -1.30618855	 2.06002892	 
-1.68629328	 -5.26593422	 1.40187021	 
-2.50932097	 0.69064054	 3.64501567	 
-1.68449898	 -0.77589946	 -2.50264270	 
-5.91539145	 2.73562566	 -3.47738472	 
1.45121580	 -0.23629165	 3.94546273	 
0.71436515	 -4.34920481	 -1.83777652	 
2.09346041	 -1.92484629	 -2.18485170	 
1.79613375	 0.60885012	 2.49845494	 
-0.42765466	 -1.92898977	 -1.00233278	 
2.12278166	 -1.15798442	 -2.56793460	 
2.52207123	 0.58474402	 5.67148929	 
0.18959604	 0.21861890	 -3.71996761	 
2.55425710	 -0.82612480	 4.21610956	 
-5.84739593	 0.79763854	 9.70549590	 
-1.34255171	 -1.68340912	 4.63501313	 
2.26159414	 0.86681210	 1.52571614	 
-0.92492309	 -0.50322136	 3.27228930	 
0.58775697	 0.15861044	 -1.57310759	 
2.76436299	 2.56666881	 6.48810229	 
-3.03138941	 0.07933436	 4.16984448	 
1.39490264	 1.06282643	 -4.12063614	 
2.45176434	 -2.04037296	 4.24815572	 
0.06559981	 2.38131324	 -3.63156390	 
-3.15291548	 -1.94287827	 -6.20719746	 
-0.54976064	 -0.97032619	 1.13167864	 
1.02962743	 1.61929108	 -3.90079779	 
-2.32518133	 -0.42521348	 4.63314710	 
0.02551100	 -1.21683004	 4.40730920	 
0.24595530	 4.87991325	 -3.15571068	 
5.31185143	 -2.18780164	 -3.83751358	 
-1.79615835	 -1.01690250	 -5.04754655	 
1.57904768	 -6.34828572	 7.95495768	 
-2.96377440	 4.94863486	 -5.31487813	 
0.58586626	 0.76920953	 -2.51290169	 
1.63794702	 2.20543884	 -4.41580806	 
1.66668088	 5.27580920	 -5.79690046	 
0.40281044	 0.17372754	 -3.19696356	 
-1.15179624	 -0.66574566	 -5.70277027	 
1.91084798	 1.87523364	 0.97323610	 
-2.47677384	 4.20015763	 -2.97108747	 
-1.03291910	 2.36220745	 -2.12490225	 
6.47255051	 -4.35710070	 8.94652647	 
0.60218734	 -1.95871516	 -2.29822431	 
0.04663499	 -4.24226057	 9.76924563	 
-1.99365394	 3.59791892	 -3.69268361	 
1.81263225	 0.95544092	 -2.83141728	 
3.45451459	 2.83181174	 -2.16824481	 
0.61546256	 0.50932762	 6.32858180	 
-0.29999680	 1.97100089	 -1.73895557	 
-0.83589315	 -1.30151264	 5.45832280	 
-4.38736887	 -0.02880352	 8.68915188	 
1.96105780	 0.06385032	 -2.60231262	 
1.41729580	 -0.55626383	 2.01934439	 
-0.46273630	 0.91309165	 5.71195564	 
-4.58900894	 6.46384490	 -5.91729408	 
-2.22503468	 5.36209162	 3.59173463	 
0.04815199	 -0.09364236	 -2.57147926	 
-0.86412636	 0.07467450	 -3.48761068	 
2.09951455	 -3.44263557	 3.70779077	 
0.60231413	 2.53947067	 -4.05548184	 
-2.11708747	 2.03023980	 -7.26477475	 
-0.16444993	 -0.38407444	 5.23951206	 
-2.54194606	 -3.25378855	 -1.28686470	 
1.07711164	 -0.27257641	 -8.33481939	 
-0.56867157	 -0.96691233	 5.12177856	 
2.68256180	 -1.31491323	 -4.35748809	 
5.46725605	 2.91197974	 6.12176489	 
3.18562751	 5.26176691	 1.34094969	 
1.51189744	 -0.26255727	 8.56189624	 
0.88095275	 2.79429622	 -5.41260498	 
1.80431320	 -2.56968659	 5.34078491	 
1.97389927	 1.56434395	 -5.64967055	 
-0.32465439	 2.50187449	 3.41734413	 
3.79874670	 -0.44439927	 3.30704350	 
1.56705895	 -0.62590870	 -1.64933514	 
-0.45253807	 -0.16303059	 -3.10591081	 
1.08950731	 2.04992402	 -3.38736772	 
-9.30774069	 -5.12971812	 6.72195157	 
1.09108688	 2.52665283	 1.72186216	 
-0.74108354	 -1.89302990	 6.08332615	 
-2.97498330	 1.59825329	 -2.93810250	 
1.18700312	 -1.36960139	 1.90713134	 
-2.83832905	 1.92376287	 -2.16753118	 
-1.12972408	 -0.61542471	 3.47491304	 
3.13819736	 0.57668647	 -6.26007652	 
-3.04451152	 -0.10203126	 4.81267790	 
3.30860911	 1.37643002	 -2.90611450	 
-1.53211383	 1.45191364	 -2.74899323	 
-2.88454043	 1.17229459	 -4.49868679	 
3.12811748	 1.36263845	 -4.02455135	 
0.35975360	 1.51580570	 2.64118547	 
2.24458200	 3.58593726	 4.16479669	 
0.13377724	 1.08467460	 -1.19524896	 
1.03170076	 0.66980112	 3.45470785	 
-0.94666284	 0.43177636	 2.28108732	 
-1.44820820	 -1.81982272	 -2.83221798	 
-0.01416676	 -1.49779048	 5.18892770	 
3.31091082	 -3.77733482	 -3.07975456	 
0.92858594	 -2.11358096	 -5.44702821	 
2.21481487	 -1.88793569	 -3.72479822	 
-1.00804709	 0.11629922	 4.87468507	 
2.60812010	 2.01079858	 4.17615315	 
1.25911178	 -0.65708950	 2.98448118	 
1.50807626	 -2.93940283	 3.17709802	 
-2.75489571	 0.07133328	 3.78510098	 
-0.69106900	 -1.61716588	 -2.66352213	 
2.70102929	 3.93443853	 1.74978857	 
4.62221287	 3.43115528	 -2.37546880	 
-2.26425415	 -1.64249443	 5.92034715	 
-4.75772198	 0.99590870	 3.95331544	 
2.94122789	 6.39875350	 -3.47328094	 
1.05150978	 -0.94860259	 -2.44174437	 
1.49594818	 2.38739367	 -4.00781065	 
-3.94074886	 -3.32321784	 -2.19247284	 
0.32263243	 -0.74440227	 1.81168757	 
3.57734435	 0.30945250	 -3.20344801	 
0.84474446	 -0.75611588	 -1.60676250	 
-2.66476607	 1.97477524	 4.75582119	 
-0.39547148	 -0.10635450	 -2.62660490	 
-3.55446324	 -3.82299751	 9.21847362	 
-0.85480284	 -1.96838727	 4.84373367	 
1.99596118	 -1.37293947	 -6.46816390	 
3.64695678	 -0.12076436	 4.79769467	 
1.68149126	 0.62728416	 7.73108999	 
-2.91119737	 2.01523216	 2.04014958	 
1.34830688	 -0.88297006	 -2.00456693	 
-0.47538832	 1.11111958	 2.38252503	 
-0.73741482	 4.06335668	 3.51430149	 
1.68492821	 0.18931256	 -7.69339156	 
1.91645545	 -0.46938491	 -1.46500356	 
4.83492543	 -0.32657244	 -4.83457224	 
-0.97355119	 -0.14454563	 1.69059208	 
-1.48495571	 -0.97932867	 -4.94427948	 
-0.05382128	 0.00321279	 3.17252139	 
-0.77763821	 2.28428876	 0.70619412	 
-2.10908853	 -0.14773543	 -4.86085310	 
-1.41344229	 0.45850068	 -0.59765570	 
-0.16341310	 -2.30809291	 3.84885701	 
-1.52786530	 -3.90788256	 1.27255840	 
-4.02668233	 -0.32877971	 -1.48033812	 
-0.65551081	 -1.62197600	 2.15677271	 
-0.26652649	 -0.42818511	 4.29711725	 
2.03196851	 0.43839392	 -2.58634529	 
0.53455895	 -3.59159002	 2.09189709	 
-3.94854087	 0.18722721	 4.29734664	 
0.35213486	 -5.42578690	 -3.56980727	 
-2.23562789	 1.48496014	 4.68643484	 
1.29372774	 -0.27114656	 2.51594428	 
-2.82042280	 -2.70111796	 5.50470987	 
0.99131959	 -0.37305591	 -1.09786597	 
-0.76861027	 2.68097079	 -3.80492025	 
3.06419796	 2.86801226	 2.50554713	 
1.11976792	 0.65094263	 1.95207409	 
-0.48395109	 -0.07810882	 4.48864568	 
1.34041606	 -1.56372075	 -2.98622048	 
-0.73871775	 2.52335551	 6.13538479	 
-5.08228792	 5.43023359	 -7.21924284	 
1.13983368	 1.07937682	 -3.01812152	 
0.90127005	 1.85383176	 6.03835293	 
-0.80515681	 0.39322868	 3.87839053	 
4.00695965	 0.14951802	 -3.47872143	 
2.57119652	 -2.27955078	 -3.32161112	 
-3.80053164	 -0.57842206	 -5.15931370	 
2.56301757	 -1.05651609	 -4.29512496	 
1.38186061	 1.11139559	 0.94106270	 
-2.07738266	 0.80153224	 4.28860776	 
2.75498742	 2.77606232	 4.17926335	 
0.00301180	 -4.94409990	 -4.19986194	 
0.31403169	 -2.61035400	 7.09339664	 
-0.02058282	 2.36535510	 -4.91268256	 
1.18340678	 -0.09240763	 -4.76408046	 
0.74492891	 2.66863653	 -3.21510935	 
-0.87434777	 0.71764989	 -2.62664309	 
-1.56273050	 -0.19276863	 -6.43816118	 
-0.81588919	 0.98580647	 -3.98191262	 
-1.66125755	 1.08343328	 3.65880131	 
1.58418483	 0.35544766	 -2.54853604	 
1.47316245	 2.90351019	 -5.20587963	 
0.21162971	 -0.19470469	 -3.35443829	 
0.29470274	 0.89319691	 2.60465898	 
-3.57215356	 -0.65361468	 -3.06471950	 
1.74529415	 1.04793495	 -6.85651453	 
-1.42501241	 2.13243741	 2.76641050	 
-1.18957591	 -5.76307237	 5.37275552	 
-3.14474015	 -2.15810961	 2.14556006	 
-5.72950798	 -0.65401494	 5.32929994	 
-0.44289656	 0.14638500	 0.79053299	 
-1.81599623	 0.75858530	 -3.01789655	 
-0.79136486	 1.11615619	 4.19519363	 
0.10392474	 -4.04041390	 4.61374265	 
0.75975948	 1.67884549	 3.82086874	 
0.47195338	 5.53333733	 3.58273116	 
4.92695874	 -1.93601622	 -2.28146017	 
2.33426390	 -2.56754034	 -4.02868486	 
-2.54513445	 -2.91907159	 2.34286921	 
-0.68602244	 0.69582535	 4.90995077	 
0.26307686	 -0.80630133	 1.89869402	 
0.06032838	 -0.33820410	 4.72628996	 
-0.59029295	 -5.48383353	 2.47947986	 
-2.56318736	 -4.24746701	 -1.72824740	 
-0.98975945	 -0.19789918	 -2.83331433	 
-0.63165712	 5.42078692	 -4.02667679	 
2.63807967	 -0.06721553	 6.19187629	 
-1.21850539	 -2.85606538	 -1.32492785	 
-0.35484867	 -1.49865469	 -4.22280894	 
0.40627701	 -4.18238399	 -4.14607271	 
-1.03646295	 -1.98165527	 -2.45067959	 
-1.48093178	 -0.05540831	 2.10942892	 
-1.48350734	 2.59126868	 2.79799419	 
3.62138120	 -0.95683384	 1.64181014	 
-0.37837149	 -1.46167978	 1.57039938	 
-2.30024572	 -1.23863479	 3.56219057	 
-4.18201372	 3.12700732	 -2.19033676	 
1.02722177	 0.70362267	 1.40920713	 
2.04742998	 1.57299836	 -3.68236183	 
-0.23707837	 5.67620755	 5.92269763	 
2.64962582	 -0.14721581	 3.85319086	 
-0.67114064	 4.90601490	 2.45517193	 
2.77511392	 4.99117826	 6.25934052	 
-0.25544954	 3.40380336	 6.00090276	 
-5.93743100	 0.69103788	 -3.79695006	 
-0.47831646	 1.93925309	 6.28357988	 
0.09459228	 -0.61515370	 -1.65747694	 
-1.31301808	 -3.60598433	 -6.19630707	 
1.37427522	 -0.36868530	 0.98901186	 
-0.09499146	 -1.41356851	 -3.96869637	 
-1.28302165	 0.27115582	 -1.42909689	 
3.01727573	 1.95453941	 -4.94191343	 
1.18559066	 1.70298587	 2.27428263	 
2.24106874	 3.29383571	 -0.92867504	 
0.22867707	 -1.26195984	 -3.39770248	 
-0.22539654	 -0.90041885	 -2.95114246	 
-1.14821834	 0.47765331	 -1.93442896	 
-3.63689798	 2.03866919	 -2.30162502	 
2.34658313	 2.17068135	 6.52908643	 
-0.55702054	 3.61307634	 3.66586345	 
0.71090551	 3.92774554	 4.78058078	 
-2.22617812	 6.68104757	 8.25286935	 
4.83876195	 -0.88150843	 5.21127572	 
-0.97171348	 -0.01925479	 -5.54772215	 
3.21146152	 -1.78675991	 5.45360061	 
0.90003730	 -2.22535810	 -4.10473602	 
-1.36931036	 2.10119006	 2.55403880	 
0.58883898	 0.22776689	 1.43609380	 
4.59531984	 3.10145049	 -6.48142160	 
-0.70560419	 0.67689369	 2.39242771	 
-0.83726614	 0.07032300	 -1.37005141	 
-0.16083875	 -0.86680033	 -1.36899767	 
-0.19768084	 -0.63856639	 -1.83182345	 
-1.06586879	 -0.53003354	 -2.45805535	 
-1.14554472	 -1.48520235	 6.08449560	 
0.68558712	 -0.54822748	 8.00917559	 
0.58543501	 -0.48126540	 -4.00181366	 
0.02915256	 2.17876720	 -4.90936378	 
-6.72272993	 -2.34428538	 6.31569344	 
-3.20881482	 -0.67952217	 3.37189667	 
1.30694750	 -0.00778045	 2.13655533	 
-1.52663879	 -0.36276319	 4.13426662	 
-4.59161924	 0.58199859	 -1.86634605	 
-0.44543076	 -0.14248875	 1.01261393	 
-4.31922969	 -5.30406359	 6.64586712	 
-0.16257233	 -1.57105104	 -5.25741896	 
-1.42994392	 2.29624491	 -6.32901980	 
3.57894963	 -1.26494768	 -5.49943068	 
0.34895231	 3.70863392	 4.74218306	 
1.81435543	 -3.50257090	 -5.74087130	 
-0.87875089	 1.47280280	 2.00565557	 
-1.15968660	 -0.57543051	 4.63575532	 
-2.13543930	 -0.40416883	 -2.37774669	 
-0.44538007	 -6.40249004	 -4.80187358	 
-0.47760400	 1.47819462	 2.72277820	 
-2.47751168	 -2.43266745	 4.07392210	 
-1.15159436	 -1.13593272	 2.11885001	 
2.72422833	 -2.16129372	 3.23708434	 
0.78722198	 0.18058853	 -1.07634845	 
-3.99183402	 1.95727539	 10.25325194	 
0.31965198	 1.46355482	 -2.02285645	 
3.05823679	 1.13302364	 2.96850241	 
3.17491386	 0.79817467	 2.13089749	 
0.19364130	 1.41594485	 -2.09878614	 
1.79896505	 -0.38580478	 4.94971519	 
3.86534123	 1.60270079	 2.21443885	 
-0.99301859	 -0.41656523	 -2.14274329	 
2.66805529	 -0.13130499	 -5.54977947	 
-5.09972218	 -0.08292504	 -2.65258241	 
-3.38727181	 1.94304637	 3.08420583	 
-0.69552448	 -0.11567382	 2.92080772	 
-2.83474368	 -1.19535930	 -8.92919036	 
1.63931260	 -2.75344935	 -3.42126324	 
1.74070406	 2.07003322	 -1.38363680	 
0.54416411	 0.35914643	 1.99691619	 
-0.09354958	 -4.11157887	 -4.59617579	 
2.81742664	 0.76161378	 -5.42544889	 
0.34525323	 1.39258186	 3.65971785	 
-2.26573464	 3.23726004	 -1.38880558	 
0.44138826	 0.16146165	 -3.17949456	 
3.61795853	 -4.38056172	 2.82605378	 
0.90319383	 -0.77503058	 1.64914529	 
-0.46347169	 -2.69478584	 5.27618717	 
3.73289976	 1.19595666	 -1.77050351	 
-1.62124027	 -2.33997321	 -4.16186147	 
-0.35427067	 0.19175231	 4.17061515	 
1.59968583	 0.28079129	 6.51462823	 
-4.85585674	 0.34312968	 3.84858303	 
-3.29474519	 0.91966473	 3.45943005	 
-3.99106469	 4.32071235	 -8.61706373	 
-2.26523115	 0.57707186	 0.84867391	 
-2.51692988	 0.72037836	 3.77697542	 
0.12766527	 -4.05152566	 5.18702699	 
0.89189965	 1.15331870	 -4.64159048	 
1.05282447	 -1.26387376	 5.27817175	 
1.20546893	 -0.65196012	 1.56738501	 
0.12203360	 0.86121654	 1.88900027	 
0.36046005	 0.59846859	 1.22783509	 
0.89912157	 2.62571484	 2.90068752	 
-0.98565457	 -0.83948874	 6.57227712	 
-0.47931404	 -0.54383444	 2.33110752	 
-1.26959541	 -1.71172710	 -0.87468691	 
-0.33495704	 -2.89992047	 3.60817432	 
-1.95276790	 -0.46291609	 3.05533191	 
1.39949627	 -0.37506141	 -2.63165110	 
1.54037625	 2.02262726	 -6.40528626	 
-1.22239348	 2.15297320	 1.21573296	 
6.55349093	 4.13632216	 -3.65807646	 
-1.35314508	 -0.39196792	 0.47758577	 
2.08168620	 -3.32231961	 -5.21820495	 
-0.54895673	 -1.59480247	 4.71737365	 
0.54878161	 1.85470253	 -1.67224586	 
-1.62057477	 0.41892630	 4.24721568	 
2.16332951	 -2.94307489	 -3.11390358	 
0.22880379	 5.40542849	 -3.70584662	 
-3.15990685	 4.51772949	 -3.33541791	 
-1.02721776	 1.19524192	 2.16476618	 
3.97254769	 0.07934237	 3.19072011	 
-0.16364379	 2.64367209	 6.72737362	 
-0.17759970	 -4.07969134	 5.99205879	 
0.40310296	 0.42747255	 -3.61342117	 
2.54734314	 1.76764412	 -3.63392953	 
2.18351302	 -1.04862742	 2.14455318	 
-3.55139847	 -0.35300209	 -8.60076503	 
-1.49076148	 1.59461515	 7.87544927	 
2.48119216	 2.95049409	 -3.49937051	 
7.53785899	 3.09762197	 -7.55768761	 
1.09166638	 1.26577033	 -2.64047624	 
0.63147405	 2.47769022	 1.10377658	 
-0.80426663	 0.95676775	 -2.82111591	 
-0.56640888	 1.25410959	 -2.73693484	 
-1.88352841	 -4.87280369	 -1.37187311	 
-1.29073316	 1.69588662	 7.39133624	 
-0.94987763	 -1.22617016	 -3.52574305	 
-0.48015598	 -1.73375851	 -5.40384614	 
2.99875098	 1.92876920	 3.58992763	 
0.00443951	 4.83423894	 -6.30577481	 
0.03327531	 -2.50598607	 -3.76460968	 
2.14796916	 -1.93376179	 -2.58391061	 
-0.79747711	 0.88147005	 2.91645180	 
-0.39618967	 -1.84070276	 4.87622521	 
0.55357083	 0.33644685	 -0.70642760	 
-2.27929648	 -1.97968934	 1.77881279	 
4.51082669	 3.35190247	 1.90138820	 
-0.75558404	 0.41581497	 4.25374929	 
2.98730085	 -4.18355724	 4.91588394	 
3.17164524	 0.98425090	 4.66500449	 
1.65022402	 7.55155704	 -4.17610284	 
-0.15164052	 -1.17807359	 3.69873523	 
0.51116430	 2.93398004	 -0.83954993	 
-0.79055820	 0.41468737	 -2.13267615	 
-4.08154155	 0.81425309	 2.63314990	 
1.13809398	 -1.99360129	 -2.95333090	 
0.04230622	 0.11310572	 -2.78944116	 
2.02961598	 1.80075575	 -5.89346230	 
-1.91948135	 0.39786125	 1.15346055	 
1.73119385	 -1.64398259	 -3.40500781	 
1.48659115	 -2.85436847	 -3.17136203	 
-0.00689166	 1.14115336	 -2.15510445	 
-3.77744314	 0.73836035	 -2.27594646	 
-0.00793041	 2.04496623	 3.48553323	 
3.71740997	 -3.49126829	 3.85471890	 
-2.33713278	 -0.39167427	 3.46341122	 
-0.70724231	 0.50574110	 7.57365897	 
5.13748894	 -2.14999144	 -3.69607605	 
0.35947552	 -2.90336022	 3.34386513	 
1.11190492	 1.41104794	 -2.22885020	 
-1.31820346	 4.19220023	 -3.53272671	 
-2.06086301	 -1.77218479	 -4.82578835	 
-3.49993740	 2.43667580	 7.43933023	 
1.11407060	 -0.07021719	 -1.22740160	 
-0.18922077	 -1.78603042	 -2.94120518	 
1.86705703	 1.39445482	 1.91868938	 
0.53250762	 -1.85403573	 -5.15042476	 
1.95751817	 4.74923434	 5.21278205	 
-2.05547050	 -1.07400951	 -6.44082445	 
-0.03757533	 1.46895437	 3.30635541	 
-3.38262909	 7.00829211	 4.66257099	 
0.59793611	 -1.37497948	 -4.12366863	 
-1.03639531	 0.06733889	 -3.86429423	 
2.62465134	 1.12787433	 -2.62695519	 
-0.45347244	 -1.77732901	 -3.67136091	 
2.60224081	 1.96142862	 -1.69070491	 
-0.58380848	 -1.40183378	 3.55324521	 
0.49339642	 0.12700373	 -1.82051746	 
4.90828348	 -1.94635465	 -4.83005069	 
1.89114956	 0.37695469	 -2.80035881	 
-4.49270117	 0.30265969	 -4.22290752	 
-1.63059429	 -3.50483346	 -2.72504790	 
-2.78632852	 5.94508986	 6.18519140	 
0.25814759	 -1.83330899	 3.11393364	 
-0.42363153	 -0.13249691	 -7.51485897	 
-0.68799336	 5.84968891	 6.02257611	 
-0.67761339	 3.99120345	 -1.92486740	 
0.73310554	 0.08760564	 -3.00306439	 
-5.58369635	 0.82080723	 -5.04544783	 
1.61427572	 -0.84233835	 -5.55313421	 
0.43953584	 -2.75268566	 -2.72558880	 
2.53833428	 1.05875915	 -1.71089410	 
-0.11945572	 -5.23823797	 -2.98877859	 
-5.07548722	 -2.31178597	 -1.49182058	 
-3.45957461	 -2.29220218	 3.05889079	 
0.76244762	 1.28719170	 -2.30701562	 
-0.38876931	 -1.93722619	 1.20142780	 
-7.04441252	 -2.99686054	 -3.51130750	 
2.73978916	 -5.02476835	 -5.40333992	 
-3.14191009	 -4.25064360	 -7.20247068	 
-0.17210365	 -2.65251894	 -4.33450800	 
-0.79649699	 1.29542096	 -4.14301314	 
-3.43446562	 3.38555735	 3.73247222	 
-0.29839228	 -2.22249858	 2.61678346	 
2.89479788	 -0.45617155	 -4.27323447	 
2.82174718	 1.45595736	 6.09673775	 
-3.52389492	 -3.45454161	 5.40411664	 
-0.57212608	 0.42641986	 -2.79893042	 
-1.92139943	 0.43108618	 2.88529375	 
-1.65988634	 -1.00553548	 3.79681423	 
2.69394878	 2.22811665	 -1.98374521	 
7.18003179	 2.12115001	 -6.18100607	 
-0.00086754	 -2.24950175	 -10.08619426	 
1.65545538	 1.99888400	 -4.33913765	 
-1.39587428	 -1.35777091	 2.10819461	 
3.53774068	 -5.94117379	 1.89745905	 
1.03639026	 1.66540524	 5.22383651	 
1.60901837	 2.34682141	 1.83743489	 
1.65540232	 4.50745721	 -2.56173016	 
-4.10609158	 -1.34958759	 6.71960616	 
-2.72910817	 -1.51048869	 -4.05586657	 
1.10337453	 1.26009736	 2.46118743	 
-0.19892012	 -0.82956775	 -1.14460600	 
-4.44152260	 3.89698023	 -3.18411139	 
4.07556216	 4.23177606	 -3.67375924	 
-0.20337462	 1.78542229	 2.59806917	 
-1.58460703	 1.34582038	 -3.45785890	 
0.53292566	 -0.36218499	 2.44161717	 
1.53413657	 -4.51309125	 1.44068053	 
-2.29758990	 -0.76673541	 -2.08716576	 
1.45842884	 1.13571338	 -1.28202648	 
-1.57286010	 2.28591618	 4.17722367	 
-0.83719962	 -0.75566623	 4.35154309	 
0.49471175	 1.34182505	 7.91358621	 
-2.22283946	 -0.43002954	 1.37114579	 
0.37690032	 -0.36354133	 -9.22933586	 
-0.55273099	 -0.21007283	 6.51812087	 
3.28232614	 1.30547278	 4.15484236	 
-2.28017351	 -2.36840808	 7.70772018	 
3.50092489	 -2.39411398	 5.38078781	 
6.21257773	 -2.62493594	 -5.17685191	 
0.14876211	 -0.49285906	 2.27336121	 
-1.80473556	 -0.20907516	 -3.60525257	 
-0.12767827	 0.39927631	 4.02592187	 
-0.40930334	 -0.33196187	 1.57625431	 
-4.15674953	 0.87174944	 -2.06301944	 
0.55485323	 -0.64047911	 -2.67170596	 
-0.36337631	 2.40859440	 2.63854516	 
1.24992784	 -2.04021271	 2.72963402	 
-0.63080884	 -0.12522248	 5.29997430	 
0.88986415	 -4.48290914	 2.70361834	 
-4.31471706	 -1.06244516	 2.60199285	 
1.52081761	 -1.87802751	 -1.59690498	 
-1.85822651	 -0.75444912	 4.59572311	 
3.14855667	 -1.55281126	 2.47486763	 
0.23818709	 -0.03155277	 -1.57268122	 
-2.16359520	 -0.71658784	 2.92411888	 
2.05345975	 -2.54229512	 -4.71958707	 
0.73361906	 -0.20708722	 2.28922242	 
2.88410651	 0.41630687	 -4.81623357	 
0.18924738	 -7.92492134	 5.82943719	 
1.44763276	 1.89190310	 4.34683535	 
-0.90770660	 -0.31186186	 2.33061146	 
-3.23304075	 -2.21801059	 -2.38865357	 
-0.31965876	 0.62295165	 -4.49021897	 
-1.68531776	 -5.48160904	 8.56308530	 
-4.32945948	 1.68251702	 -3.25467757	 
-1.23031265	 0.40165729	 1.07776338	 
-1.75373700	 -2.58092297	 -2.03047764	 
-3.22098017	 1.54157425	 -3.01184644	 
-3.40927112	 -0.05543099	 -6.52424092	 
1.74493055	 0.27589173	 1.43085292	 
-3.22910640	 4.20304940	 3.06950347	 
0.20654141	 0.76338809	 2.10914406	 
-0.45256669	 2.53851623	 -4.65782770	 
3.45645763	 0.12472063	 4.39945948	 
0.25530199	 2.88709625	 3.85800720	 
1.94053551	 -3.70354651	 2.06766842	 
-0.37126012	 -1.88915186	 -5.79124351	 
2.56030002	 1.20146242	 -3.80388282	 
-0.30303248	 1.58396904	 1.43630815	 
1.69167259	 1.67847481	 -2.79586256	 
-1.21937696	 -2.15446488	 -5.91742148	 
1.55430915	 1.03393511	 6.60770929	 
3.52681259	 -2.01999809	 -6.08411791	 
4.16763762	 -4.46415669	 -9.31422157	 
-2.68068547	 1.46187522	 -2.51112842	 
0.91155619	 -4.23714631	 -4.57024185	 
-1.57719247	 -2.24428566	 -6.45734614	 
1.67647800	 0.99783159	 -4.06853775	 
0.17138294	 -2.08103088	 -1.60911085	 
3.42910124	 4.15790617	 -7.42398382	 
1.08973711	 -0.31439980	 4.03352966	 
-4.40410005	 1.17487722	 -4.66873106	 
-0.86862139	 -3.39552365	 5.75031650	 
-3.36505289	 2.49016427	 2.88174968	 
-0.70604581	 -3.89741142	 -1.63970486	 
0.79964772	 8.12172286	 -5.80350793	 
-1.08136989	 0.61275706	 3.14944120	 
-0.26284724	 -0.19428727	 1.71721575	 
0.85297318	 -1.12921399	 -7.23774716	 
-1.26690085	 -2.75425632	 2.05311692	 
-1.15388370	 1.88252002	 -5.27746505	 
2.17931905	 0.21304782	 -1.42698787	 
-3.72994668	 2.27283429	 4.28099696	 
-2.45910862	 1.40567149	 -2.35064824	 
2.28401287	 -1.24597086	 -3.27514281	 
0.03154753	 -1.84794023	 -3.39417010	 
-2.31002354	 -0.32462655	 -1.08425953	 
-3.00651914	 -9.03590124	 -4.17457844	 
-0.36858277	 -2.14156989	 3.93454153	 
0.42900123	 -0.00515466	 -3.94487821	 
-2.64879296	 -2.95873229	 -2.49580584	 
2.12195073	 3.09059450	 -5.45551291	 
0.26461032	 5.68419281	 -4.95671882	 
1.52709303	 -0.33693871	 -2.88998241	 
0.44685483	 1.63778599	 -6.36751909	 
-2.77393911	 2.71013501	 -12.75317924	 
-4.89191270	 -4.09707234	 5.16804636	 
2.64593697	 -0.98674058	 -3.39445844	 
-0.88202065	 -2.83365292	 -1.65458815	 
3.75279047	 -0.66928166	 3.31474464	 
0.00619023	 -0.30277905	 -9.12336642	 
-2.48184065	 -2.65319386	 2.90600066	 
0.15509463	 0.54441120	 1.96056321	 
-1.12829327	 -0.52386022	 -6.15483604	 
1.25616502	 -0.17682937	 -2.29008514	 
-0.44341931	 1.50831604	 1.69513215	 
-2.83341071	 -5.86833979	 -3.66189714	 
3.70329795	 0.47978006	 -2.37318243	 
2.51807011	 3.85066062	 5.83473987	 
-2.82990380	 -1.01036758	 2.31699092	 
5.50755511	 1.63845757	 -1.90237913	 
4.85315053	 -2.81607283	 -3.91462566	 
-3.08747918	 0.82808393	 -4.25555176	 
0.17442750	 1.35298116	 4.26240001	 
0.79582086	 1.53073145	 -2.19099193	 
-1.65292853	 -1.11803437	 -3.33569652	 
-1.15530708	 1.28277910	 -2.84631088	 
1.62706831	 5.64502251	 5.75395680	 
1.13691255	 -1.54528761	 6.22324002	 
1.46885194	 0.57496165	 1.85860647	 
1.13761127	 0.87116722	 3.01479619	 
-1.01901304	 0.32891375	 -1.84179433	 
-1.73390883	 -0.25809267	 -3.40079627	 
3.15117762	 2.51580066	 1.55057002	 
0.69206354	 -0.31441154	 3.24446692	 
3.40002151	 1.27348510	 5.77644839	 
-3.41598211	 -5.98739772	 -6.05353507	 
-2.23121622	 1.92965317	 -3.29329523	 
0.09511895	 -0.55848506	 -4.76898896	 
1.26572349	 3.23459303	 -3.96248209	 
-0.87902963	 2.74623789	 -3.42129899	 
0.86516542	 -2.87740854	 5.37743028	 
-0.17948076	 2.67422599	 -1.75965266	 
0.98135825	 -1.52409106	 -1.00776854	 
0.60875196	 1.35706139	 -3.27374367	 
0.65976111	 0.49160313	 5.28612255	 
-1.18956396	 2.35412026	 6.60493064	 
-0.88640732	 0.78236574	 -3.84485025	 
-1.65265102	 1.25999203	 -4.36983311	 
-0.42736860	 -0.89025681	 1.65814995	 
0.69581313	 -2.54361453	 0.82884862	 
-2.24692029	 3.18218101	 -6.33002628	 
-3.22092029	 -1.01188833	 -0.39426281	 
-0.14245277	 -0.70916492	 -9.48191371	 
-1.75160659	 3.66582285	 -3.35637299	 
1.62362717	 1.69266253	 -4.12469636	 
-3.21847518	 0.80839046	 4.44720558	 
2.06246097	 9.80267034	 -6.28494075	 
0.40470543	 1.17471698	 -3.39830613	 
4.88836384	 0.03347055	 -4.34657138	 
-0.93845371	 -0.22494965	 3.58945649	 
-1.36128651	 3.58847541	 -2.55880906	 
-1.03300975	 2.05398004	 4.41724323	 
-1.69208241	 -1.79745767	 3.51218214	 
-2.75411283	 1.00507168	 3.24531478	 
-3.09390779	 -1.54066638	 -3.61835797	 
-3.56934293	 2.83004798	 -2.58064809	 
3.10565589	 4.59880950	 -5.67777158	 
0.93586713	 1.20639605	 4.56084973	 
-1.61664868	 -0.16933028	 2.05825856	 
-0.99786084	 -0.71802209	 3.76161481	 
2.11820163	 2.42686354	 2.17344930	 
-0.24342779	 3.61884369	 -2.30312371	 
1.55028354	 1.29592897	 -5.62731070	 
-2.70368106	 0.16527734	 -4.57254205	 
-0.06409753	 -0.07849537	 -5.36159262	 
1.71155232	 4.35042368	 -1.69592889	 
2.06096708	 2.19271069	 -5.45441972	 
3.19741934	 9.60184624	 -7.02068937	 
-1.87419018	 -0.34900821	 -3.23169167	 
-0.97220918	 -0.67852897	 2.89514294	 
-1.40824804	 -0.25184951	 -4.15067884	 
-1.17076391	 -2.15520538	 2.34238314	 
0.87361885	 -0.82625546	 -6.44965811	 
-1.03959224	 -9.17029298	 -3.16552376	 
1.04678525	 -1.91479045	 2.09403686	 
2.11706966	 -0.32857053	 2.95601763	 
0.12439096	 0.69614671	 1.12806651	 
1.71074794	 -1.82327028	 3.82683261	 
-1.07648507	 -0.76792211	 2.23182508	 
1.37992981	 -1.44878951	 -1.47526166	 
2.97562210	 -2.13273857	 5.65932403	 
2.01139009	 -1.95872261	 2.35551111	 
-1.57668811	 -2.88491756	 6.31524916	 
-2.48455187	 3.07612223	 7.12082919	 
0.73265613	 1.09642259	 -6.78534348	 
3.35007555	 2.00813095	 2.36663523	 
1.92854124	 1.29546507	 -2.73560188	 
-3.24899999	 -1.56649725	 -2.38819281	 
-0.13015028	 -0.42544575	 3.50122486	 
-1.21745909	 -3.79699412	 4.34002533	 
0.65277495	 2.11979954	 -1.47867750	 
-0.46340071	 -1.68241838	 -3.61794593	 
1.24426278	 -0.64074465	 1.85787881	 
-2.56641173	 1.78318438	 2.57202037	 
-0.72933093	 -3.45276531	 3.23726525	 
-0.00197146	 -3.10896339	 3.20574061	 
0.62460038	 0.33948071	 -3.60620014	 
-1.34360017	 0.08174772	 -3.42025883	 
-0.92913077	 -1.27903287	 -5.25036284	 
-2.06720523	 0.89382310	 -1.69749866	 
2.46214027	 -1.39080856	 4.28945486	 
-4.05079331	 0.03068877	 3.64691573	 
1.58864811	 -0.62331273	 5.05383766	 
-1.40221152	 -1.47607261	 5.41590548	 
-3.86020590	 -5.27327493	 5.91603539	 
1.10059849	 -1.33362557	 -2.10495883	 
-0.61771400	 0.02922023	 -1.89707338	 
-0.99720354	 -2.24187522	 -1.57736001	 
-0.53180912	 -2.26502869	 4.08415552	 
-1.23368562	 -2.07850940	 1.01096003	 
0.23081154	 1.93391919	 2.30444626	 
-0.71424824	 0.24040197	 -3.72712921	 
-1.60694471	 -1.35728271	 -2.51542974	 
-0.45328546	 -2.71796789	 -7.69286603	 
-0.34332292	 1.06188920	 4.07053498	 
-4.22082089	 2.36725949	 3.44834695	 
-0.64997739	 1.12202199	 -1.64325697	 
-2.07023989	 0.41390350	 -3.25064038	 
1.82109873	 -0.30059979	 4.67241226	 
-3.51314132	 1.22802924	 -4.50245184	 
-1.23177265	 -1.88069577	 3.16927557	 
-0.62530434	 1.46729966	 0.71226942	 
-0.11139089	 -1.51293019	 -1.77822738	 
-0.47061635	 -2.36163401	 1.23769166	 
12.36699589	 7.19125270	 13.89791928	 
0.28639059	 1.45670692	 3.58998458	 
3.83988953	 0.43018669	 2.49920452	 
-0.88787108	 -1.25198854	 4.83847931	 
3.71055038	 -3.83917639	 -2.20662291	 
0.25727544	 -0.17934607	 0.72848360	 
0.58821158	 -0.15597604	 1.95563868	 
1.06706994	 2.66065171	 3.31642694	 
-2.68405469	 -2.44594910	 -9.21177023	 
-1.11199669	 -2.90083258	 -6.69074709	 
-0.71821850	 3.09377963	 -7.67849602	 
-1.15222888	 -5.19921174	 -3.83870542	 
0.13659775	 0.35612536	 -4.18104829	 
-1.88985518	 -1.46562379	 0.94581961	 
0.55812514	 1.33891189	 -3.91938308	 
0.59024540	 2.74118816	 5.36787673	 
2.52836232	 -0.75341691	 1.81300215	 
-2.70787583	 1.33272089	 -1.41242247	 
5.38595042	 4.56044270	 -8.20786664	 
1.70461446	 2.95048608	 -4.99376941	 
-0.86691675	 -1.68390726	 -2.72893745	 
-0.57860938	 3.02925357	 4.22319229	 
-0.47151470	 -1.76448629	 4.91885262	 
-0.38252381	 -1.90701643	 -2.74176736	 
0.14958491	 5.71987870	 -4.33667426	 
-0.18296914	 -1.24428813	 -0.94790710	 
5.11615912	 -1.88760352	 4.67632438	 
-0.09275071	 2.54865135	 -2.40526403	 
-0.92448679	 -4.22242997	 5.75214594	 
0.67578925	 5.40622007	 4.54665446	 
3.20887532	 1.76539607	 5.86124850	 
-0.07074654	 -1.98757931	 -2.71812056	 
1.52334528	 -0.48086195	 3.31295334	 
-1.93458717	 -1.39880675	 3.10284132	 
1.37116027	 1.14619818	 2.27468450	 
5.07107268	 0.63119850	 2.41321108	 
2.36900942	 0.61245711	 6.86702416	 
4.68575183	 5.21720120	 -4.72561962	 
2.07766008	 1.94714999	 -9.55730309	 
0.10785604	 0.85510548	 -2.71081196	 
2.23616987	 -3.55044079	 1.66677108	 
-4.43887141	 0.03600340	 -3.46708157	 
-6.65889272	 2.00717074	 -8.30944338	 
-1.23250824	 2.76343216	 -3.29504046	 
-0.40082078	 0.21884454	 -1.35907520	 
0.83135631	 -0.20627869	 -1.88929164	 
-3.99152651	 -1.47040174	 4.53446931	 
-0.92319667	 -2.06632189	 1.74013132	 
-4.41897269	 -3.15075135	 -3.35745046	 
-1.41805991	 3.08777635	 3.73772459	 
6.88252286	 -0.39631687	 3.22573591	 
0.54795390	 -1.42634336	 2.51691903	 
4.43719002	 1.77851775	 -3.37078717	 
5.65843058	 -0.20671611	 -8.78231108	 
0.94663680	 -0.73991277	 -5.22968445	 
-1.12325964	 0.62341392	 -3.04873037	 
0.22568039	 0.16217714	 -2.23596346	 
2.85697360	 -2.38616859	 2.41464642	 
-3.09843096	 0.25626993	 -7.15355601	 
-0.97225134	 -2.54294216	 1.35454790	 
-5.52315135	 -3.03732357	 4.04274805	 
0.66316152	 1.31687674	 -0.41208263	 
4.07965775	 2.47642171	 -5.32376328	 
1.25718431	 -0.94719367	 1.55857736	 
3.96431973	 3.33821311	 -4.77416177	 
2.97095707	 -1.35635829	 3.94598854	 
-0.96236122	 -1.69193146	 -4.49962815	 
2.42264595	 -0.19467481	 -7.50923739	 
-2.91037733	 1.26018778	 -7.12383135	 
-2.68582862	 -0.86271164	 -3.48851379	 
8.65943637	 -1.49820917	 -2.62838233	 
0.38525840	 0.78825214	 -4.66746048	 
-2.66241943	 -1.61944123	 -3.46466109	 
-3.46266713	 1.00920650	 -1.82592682	 
0.38678978	 0.26370875	 -1.76423127	 
-1.57745409	 -0.52512342	 -1.87854411	 
-1.37213837	 2.71126705	 -3.20503890	 
-3.27759219	 -2.88807278	 0.87374525	 
-1.39474566	 1.05798938	 -3.11051988	 
3.80433822	 3.04807453	 -6.56854850	 
0.49196299	 -5.78933355	 -3.44444384	 
-0.05005478	 2.20984422	 -2.60779091	 
-1.55960076	 -3.18849020	 1.20511901	 
-0.37299368	 -1.02063201	 6.25107701	 
0.29321114	 -1.45620913	 4.91314610	 
-0.08085264	 -2.75157400	 5.68730872	 
-0.08876451	 -1.28934214	 8.53682072	 
4.91314671	 1.35844005	 6.02951005	 
1.59201664	 2.97693205	 5.50592051	 
-3.34581435	 5.27567901	 -4.12209109	 
2.28882226	 0.89504429	 -5.38288096	 
-0.47427228	 -5.96416513	 -2.34227887	 
-1.98474265	 -0.60183002	 6.06098351	 
-1.74249702	 -0.75683535	 -9.18497729	 
-0.10587839	 2.63989924	 -4.26395827	 
-0.66617819	 2.72572917	 -2.05434381	 
-0.00418550	 3.39327488	 2.83791876	 
2.27848616	 -3.03304545	 -3.72088452	 
-0.07972358	 -3.58598228	 -3.40530959	 
-1.07186679	 4.49502691	 -6.02175496	 
4.96031434	 3.74070948	 -2.66293376	 
-0.25920527	 -2.77557759	 3.19836854	 
-0.49707256	 4.49078202	 3.36358107	 
0.17461139	 0.19949340	 -5.47332334	 
-1.24082941	 7.43595015	 6.76637632	 
-1.11206954	 1.33372118	 -5.81007552	 
1.08099161	 -1.03179935	 -1.53569727	 
4.67092245	 -0.21664033	 -5.20764804	 
-0.04343248	 -1.52689135	 1.05481596	 
-1.80985258	 3.12333977	 0.87860983	 
-0.37761310	 -2.12547785	 -0.28932647	 
-1.61108213	 3.04221112	 4.06975038	 
0.70798706	 -0.08068896	 -1.93769511	 
1.71462731	 -1.74548601	 1.51288804	 
2.98557255	 3.29299473	 -3.15674495	 
0.37171773	 -1.69799737	 -2.64325382	 
-1.33990417	 0.70615562	 -3.25109074	 
3.59044726	 2.19412717	 -6.16657492	 
-1.94246778	 -0.78346395	 6.60740642	 
-7.22816525	 -2.36813064	 -2.26654288	 
-0.72944802	 -0.31298235	 0.98851628	 
1.91361811	 1.79485521	 2.61550799	 
10.12014290	 3.98651676	 7.86577602	 
-2.35731557	 1.05324114	 3.04640489	 
-2.60122510	 -1.63555975	 -7.07866115	 
0.96252514	 6.19289419	 -4.46239080	 
4.00690622	 -0.35565272	 -2.15781018	 
1.44210546	 -0.87145028	 4.83134111	 
0.62272587	 -1.47143242	 -4.89950187	 
-4.65801610	 -0.08027614	 -5.58462528	 
-5.19532247	 -3.04172302	 -3.10542752	 
-0.11754936	 0.03454162	 -1.83388899	 
-0.35599947	 -1.51329891	 -1.64461242	 
-1.36424840	 0.67654999	 -1.50459875	 
-6.09399065	 4.74459584	 -7.61916281	 
0.40207427	 -0.38466591	 -2.42326331	 
-0.46911431	 0.78338588	 -1.79499448	 
0.12501033	 0.19846887	 -1.90415478	 
-0.66432658	 1.27737858	 3.31414296	 
2.12072221	 -1.71697100	 5.55214051	 
0.65678157	 -1.80452601	 -4.06378492	 
0.18547508	 1.99581605	 -2.78369319	 
-0.17055737	 -1.54832924	 -7.55260794	 
-2.28505948	 -0.98231457	 5.88641720	 
3.74682945	 0.03319569	 -1.92930872	 
1.91232257	 2.80514944	 -3.83218521	 
-0.31939588	 1.79956513	 2.36037410	 
-0.25487492	 -1.85305617	 -6.11417311	 
1.63595637	 1.06914052	 -2.13320610	 
-0.28031605	 0.94352870	 2.91213119	 
0.26443666	 -1.78741791	 9.08258518	 
-5.15239513	 -1.08810886	 5.83687978	 
1.96527873	 1.10915731	 -2.12305717	 
1.70725888	 -2.58926731	 2.68314579	 
1.82557272	 0.33901392	 -4.78696890	 
-3.19817572	 -0.38316651	 -3.41402829	 
4.68925748	 -4.35573183	 3.76002264	 
-1.60228021	 2.58291093	 2.47841405	 
2.83996173	 0.40010174	 -3.38895824	 
2.46221933	 1.58406279	 1.49866259	 
-0.54195034	 0.58164475	 -4.46186812	 
-3.46082634	 0.37492355	 -4.57339195	 
0.81280317	 3.96314194	 -4.93745945	 
-0.40082275	 1.60626712	 3.90001013	 
2.54818758	 1.89139334	 2.98915437	 
4.69862830	 1.25027994	 3.69228224	 
0.74147597	 3.22754387	 6.20929425	 
2.67957665	 0.60269918	 5.63084662	 
-1.23977923	 -4.44746009	 9.01179711	 
-1.92616787	 -0.02013808	 -1.45443225	 
2.04909858	 -0.32411127	 -7.82108123	 
1.43407891	 -4.28688532	 4.92935532	 
-2.44576610	 1.48275895	 2.66603703	 
2.09866089	 2.35584991	 -3.32778863	 
0.79867481	 1.96158444	 -1.79758023	 
5.20841653	 -2.06187342	 4.01644485	 
-0.48150817	 -1.71015953	 1.07908362	 
0.98537493	 -0.20640760	 3.28032171	 
0.25986926	 -1.78926833	 5.23896875	 
-1.01184546	 -2.95530804	 3.16253840	 
-1.13605752	 -2.14344110	 4.17253100	 
-4.04652545	 0.97448848	 5.29137296	 
-3.19423331	 -0.95691252	 -2.98844261	 
0.75722302	 0.70815860	 -1.32347768	 
2.01669925	 3.27674133	 -2.54629330	 
-4.56217252	 -5.02129620	 -3.23208113	 
0.40053283	 0.42916750	 -2.88768045	 
1.32950362	 5.33469180	 2.71799856	 
-0.14897504	 0.45245698	 3.85466108	 
1.57350464	 -0.35685013	 1.24232828	 
-0.68516203	 2.61490660	 5.48945216	 
-1.83103935	 0.59064875	 -5.21389062	 
1.28813784	 1.14492142	 -5.05074472	 
0.34522905	 0.69535437	 -0.74167828	 
-1.13527553	 0.49971505	 -1.90559459	 
-0.43863720	 3.52010910	 -6.11206685	 
-0.36625850	 1.94058998	 3.71508368	 
2.16034342	 -2.86396971	 -2.85483519	 
-1.36242952	 4.22106206	 7.39078854	 
4.45275798	 4.08671512	 -6.75918417	 
-1.62065471	 1.59714435	 -3.79621462	 
4.53854552	 3.13692814	 -5.21430389	 
4.57031885	 -0.99300663	 -1.14647644	 
1.47731190	 -5.45293802	 4.52672737	 
-4.56098968	 1.72848359	 6.43485154	 
1.49761474	 -0.99619018	 2.66259316	 
0.52170204	 -1.13306756	 -5.92893929	 
2.72965645	 -0.60496798	 -4.32550447	 
3.86530777	 5.63481838	 2.93808861	 
-1.46706388	 -0.27731745	 -4.78004351	 
1.05398952	 1.00211388	 -2.94681191	 
8.59353285	 -2.10640149	 -9.17625428	 
-0.53080227	 1.06554722	 -2.55631670	 
-0.38574018	 0.54737308	 1.62279292	 
5.53485528	 -4.82356218	 5.53884393	 
-1.67533454	 0.69062636	 -1.58982333	 
0.60199935	 3.90332937	 5.75323149	 
-1.83710821	 -0.78635303	 2.07702068	 
-1.40653245	 -1.54517666	 5.28566885	 
1.03613752	 0.02719433	 1.59133504	 
-0.22506938	 0.50648665	 0.65668674	 
-2.67644543	 -7.05801936	 -3.78523426	 
0.58113945	 -1.97505107	 1.59240949	 
-0.07645275	 -0.00434336	 1.24404033	 
0.07172477	 -2.08200506	 -4.35857585	 
2.00793819	 -1.03533443	 -4.59387822	 
0.80862367	 -2.14130238	 3.62808047	 
4.54463400	 -0.04110907	 -7.00234786	 
1.71134082	 -1.16563582	 -2.27867790	 
0.86480601	 -4.64559064	 4.41508276	 
0.07899836	 -0.44134472	 -2.21030080	 
-0.80732281	 1.44851225	 -1.75362684	 
-0.03394954	 -3.11806163	 2.31852626	 
2.76922081	 -0.31414490	 -4.97574217	 
2.59934247	 3.94720157	 4.88422592	 
-2.88336593	 2.17901135	 2.23412727	 
-2.46111019	 -4.46105417	 -2.71821343	 
2.05777992	 -3.52196752	 -5.11552349	 
0.59298688	 2.31454377	 -1.44405754	 
-0.37092508	 -0.81901942	 -2.66643235	 
-1.36111741	 -1.43435200	 -2.93391850	 
-1.48104333	 -2.58807560	 -5.51572047	 
0.54361918	 -1.62862391	 2.34914466	 
2.32413820	 -0.38494564	 2.77496975	 
1.17579174	 0.54725171	 6.67031974	 
2.22666518	 6.11876144	 6.21098650	 
0.78957442	 -2.54811030	 -5.51863508	 
2.55308062	 -2.89423104	 -2.89175480	 
-2.04221534	 2.42635827	 -3.92070901	 
1.93082457	 3.46293593	 8.70108854	 
-4.82313905	 0.97573437	 2.97115992	 
1.83338821	 -0.49849576	 -4.11853368	 
-0.63072592	 -2.46060588	 5.36601928	 
2.40518996	 -3.27561591	 -2.65743759	 
1.34909577	 -0.99669870	 3.00131516	 
-0.79601348	 0.15042769	 -4.27505338	 
0.35936085	 6.23442753	 -2.81015379	 
2.26872039	 0.31208722	 -4.48235807	 
1.83327865	 2.38562412	 3.85006586	 
1.82628765	 1.08883577	 -3.86169050	 
0.08309957	 -2.46882524	 -4.79146204	 
2.96445552	 -3.48723683	 2.45508931	 
5.91415702	 4.74215661	 1.57239705	 
-2.20816771	 3.81385504	 -4.26498130	 
-1.10339524	 -0.94062251	 -0.87329236	 
0.57559439	 0.30070504	 1.67048046	 
-0.06687565	 0.29363828	 4.64176911	 
-2.21838158	 1.06217483	 1.85415286	 
0.58619119	 0.93941340	 2.51992305	 
0.33106747	 1.09655106	 -2.29849268	 
0.47332541	 1.57213081	 -5.04625773	 
1.65790354	 7.74854195	 -7.80490248	 
0.10984966	 3.15083925	 2.71902444	 
4.57746536	 -4.65995577	 -2.67485226	 
-1.78512840	 -2.70310456	 4.71478701	 
-1.05468659	 -0.80131534	 -4.20018940	 
-2.14506402	 -0.68200527	 -4.95653506	 
0.58676826	 1.04743728	 -1.75651560	 
0.65733116	 1.03637957	 3.51821493	 
-4.42329827	 -1.66791506	 9.52708410	 
-0.24067681	 -1.37660012	 3.48639177	 
0.10310729	 0.58876963	 -3.77691723	 
-1.80317145	 0.18265150	 -2.93217770	 
-0.28081427	 -1.20301920	 2.08580521	 
-1.30730362	 -1.31664811	 -5.36138690	 
0.47228858	 0.78774700	 -2.68876981	 
0.61427343	 -2.71258473	 -3.50970552	 
6.51825013	 2.36615838	 -5.40192894	 
5.75301902	 0.07506169	 -4.51663050	 
-2.89678829	 1.73453342	 -1.34766237	 
-0.93320072	 1.96896014	 2.73376664	 
-2.48299556	 4.80523759	 2.26498810	 
-1.76258408	 2.01867333	 -5.28192591	 
-0.78818806	 2.28636986	 -1.56831454	 
-1.88064754	 -0.01123648	 -1.81946106	 
1.56889750	 0.65913815	 2.94094977	 
2.74258090	 -0.25621453	 -2.50212805	 
-3.25629964	 -3.42640695	 2.17129379	 
-0.84666599	 0.07461023	 -0.39509346	 
4.92878147	 1.15803339	 -4.44623076	 
-5.37652660	 1.91915833	 3.79689074	 
-0.27191695	 1.91296304	 2.00795993	 
-3.05529265	 -4.30679008	 -3.97109678	 
-1.67051338	 -1.83713857	 2.58717018	 
-1.31700055	 1.69267475	 4.36446363	 
-0.42720902	 3.20007307	 3.81385561	 
-1.43923462	 -1.81371917	 -5.63545792	 
-1.81057461	 -0.00383066	 1.45523225	 
2.76249865	 -0.80535391	 2.59857735	 
-2.38424140	 -2.10574275	 -3.41934792	 
-2.09934041	 0.36876852	 6.58959995	 
1.45256625	 -0.61170051	 -3.51642151	 
-0.22000432	 1.92226327	 5.71797788	 
1.23321328	 0.73522139	 3.28495285	 
0.19273639	 -0.35164816	 -4.72317218	 
0.78952975	 -0.56877034	 4.96786028	 
-1.49268952	 1.49136772	 -2.96719889	 
3.18777550	 -3.53439034	 -3.37375927	 
-2.21843617	 0.85999099	 -3.00023914	 
0.84597223	 -1.02197144	 2.06970215	 
-1.72277312	 2.85325660	 8.21604096	 
1.17137669	 -1.19858433	 -3.05084044	 
3.84106921	 0.43159450	 -3.82953827	 
1.97874518	 -3.57863722	 2.74666841	 
0.17643031	 0.23171815	 3.36167535	 
0.61499786	 1.67620785	 3.04811067	 
-1.15587641	 2.99438233	 3.07500710	 
-1.12399327	 4.51183532	 6.39108860	 
-0.33434137	 -0.15474893	 4.67163007	 
-1.70189972	 0.39486306	 3.81926440	 
-0.55209832	 -3.88144349	 5.80600411	 
-2.05920297	 -2.30182264	 5.84326336	 
2.83120735	 0.54567997	 -2.38129160	 
-2.21669208	 -4.01401494	 5.76748542	 
-0.00672770	 -2.63136268	 2.63853058	 
-3.22181630	 0.20609207	 4.91603964	 
-2.46834614	 1.29044365	 4.96809911	 
1.29516046	 -0.54876199	 -5.02959098	 
-0.15460657	 -1.59232776	 1.68238881	 
-2.63436831	 -1.64702255	 2.65291588	 
1.37240550	 1.07030799	 1.23977331	 
-2.76814843	 1.06477952	 -7.38551014	 
1.33402265	 -0.02984394	 1.90188273	 
-1.17311480	 -1.08959557	 -3.85267535	 
-0.16879221	 1.71195684	 1.34133249	 
0.93985017	 -0.70487572	 2.83459122	 
-1.62542863	 -0.24283272	 2.02652659	 
0.12575241	 -1.63964099	 0.45128432	 
-1.07362903	 -6.46244243	 -9.85203366	 
3.15567331	 -3.16051580	 -3.84912724	 
-3.42260638	 -0.38529890	 -2.81414319	 
2.34013027	 -2.85567383	 -1.90354889	 
-2.23682124	 -1.86602384	 5.89067602	 
2.54959871	 -1.01043051	 -3.89442447	 
0.44638729	 -1.90260372	 4.11618160	 
1.99698909	 -0.02047967	 3.74940359	 
-3.98564254	 -0.73851915	 10.64818095	 
1.09710530	 -5.17505375	 2.55212746	 
-2.89391494	 -0.05796857	 -2.16073449	 
-0.11455047	 1.12877869	 -4.55385597	 
3.78906801	 3.38935362	 -10.09868295	 
-0.65357709	 -3.71675723	 4.74402126	 
0.98454945	 2.99433498	 -3.18683158	 
0.22198203	 1.73211293	 5.16994398	 
-1.67222976	 -0.88036677	 1.14287627	 
-5.96697509	 -3.51731218	 -4.30880623	 
0.39765969	 -1.30916151	 3.05682650	 
-3.53622715	 1.81303557	 2.82005192	 
2.46584119	 3.20975469	 -5.71975352	 
1.47307541	 -0.04811353	 2.99780023	 
1.25858800	 -1.15211355	 4.27312030	 
0.24957711	 1.91386836	 5.11246629	 
-1.12321067	 1.12419945	 2.91646858	 
-5.12483177	 0.60057115	 -5.28972080	 
-4.35874842	 -0.35145747	 2.85077584	 
0.16144694	 -1.43703547	 -5.48901047	 
0.36494423	 1.78033450	 2.97076810	 
1.02869074	 -0.98309267	 -1.38886542	 
-0.44301806	 -1.73810499	 -0.76494174	 
2.03739420	 -1.20883032	 -1.52853231	 
1.04156394	 -0.54991528	 -9.21719198	 
-2.54151833	 -0.55483215	 -4.03955087	 
-0.73209888	 0.88400093	 -3.18851610	 
-3.24279675	 -5.80883906	 2.02166479	 
2.31713978	 0.80139458	 -3.02131619	 
-0.09009550	 -6.24376885	 4.87932321	 
0.24173361	 0.07360197	 3.73209866	 
-1.90005365	 -2.11768541	 4.20101317	 
-1.63282987	 0.42342489	 7.57356988	 
-0.16591655	 0.19272462	 -2.46367997	 
1.82851132	 0.41759220	 -3.36654285	 
-0.54885188	 -0.46088055	 6.57371281	 
0.12813899	 1.28818215	 2.87490782	 
-0.58041302	 5.21966765	 3.83970868	 
-0.29213976	 3.22780621	 -2.13846303	 
0.48129524	 -2.51098799	 2.43689441	 
2.47382028	 2.51722268	 4.52648722	 
-0.53865404	 2.57152814	 1.68258888	 
0.07770492	 -2.66088980	 -2.56313311	 
0.44962432	 0.80126708	 2.26842634	 
-2.12938602	 4.24348202	 -2.24266045	 
2.38645402	 0.06953267	 2.19599066	 
1.16014030	 -0.99364009	 -3.98383882	 
-0.10665481	 1.81651902	 -4.63935813	 
-3.83255564	 -1.80495120	 4.48093416	 
-1.71839814	 2.69571977	 5.30841818	 
-2.53201535	 3.81878945	 3.67354738	 
-0.08404163	 0.42194047	 -2.88095805	 
-0.40318227	 4.43780188	 4.43434019	 
-1.20464467	 3.43942230	 6.97752639	 
1.87040752	 -2.79208695	 6.84323352	 
-2.24594924	 -1.19733316	 4.15402885	 
0.77702811	 0.12002978	 -2.53204592	 
-0.71758286	 -0.37861090	 -3.06714808	 
-0.82894275	 -0.61823498	 7.90344060	 
-2.91951438	 0.48958113	 -5.22174116	 
-0.12464446	 1.29971116	 -4.00423549	 
-0.41886182	 3.80038632	 3.41598454	 
-1.70318259	 1.14104530	 -3.47088165	 
0.87539841	 1.95028964	 -6.13249667	 
-0.17861170	 5.28741324	 4.20717410	 
-0.63930271	 2.12513672	 1.33591208	 
1.05210394	 -0.58424572	 1.29499390	 
2.90094417	 -3.76551294	 4.16806485	 
-0.66434110	 -2.53489248	 -1.61381425	 
6.61077438	 -2.47418302	 5.84796121	 
-0.07703785	 1.01136222	 2.34870183	 
0.25218859	 1.24939308	 2.79636751	 
4.63266865	 -1.98726295	 2.58734636	 
2.45776971	 2.66998741	 -8.16897988	 
-0.23961837	 2.63917408	 -4.20450395	 
-3.30355162	 0.24776364	 -2.12472415	 
-0.25388969	 -4.30850627	 -3.87618816	 
1.13562673	 3.23281809	 -1.60429670	 
0.49537365	 -2.20490713	 3.13775779	 
4.73116419	 -0.20217686	 -3.08762477	 
-0.50738491	 -2.16523074	 -3.64449371	 
1.45467404	 0.59591722	 3.49624498	 
0.64221043	 -2.96278445	 -2.72684223	 
-1.25421548	 -2.75829343	 2.01764875	 
-0.39999418	 2.03133026	 4.01857387	 
0.10668461	 -0.31251251	 -1.94544842	 
-4.79248982	 -1.73267873	 -5.02186976	 
2.66088428	 -5.19749467	 4.46209688	 
1.25484441	 0.24560764	 1.52642564	 
-1.54822584	 -0.30435281	 -1.47341245	 
2.03394968	 4.69389218	 -0.96412016	 
-2.45534136	 2.21969829	 -3.16984825	 
1.29430820	 -2.04629732	 -6.96760496	 
2.27027308	 0.83318235	 10.53721040	 
3.14226767	 -0.89627751	 -0.99495172	 
-2.87531524	 5.51365009	 -6.21812336	 
-3.09987146	 -3.19147919	 -3.05745270	 
1.99286261	 0.99927347	 -2.12694555	 
1.67503711	 0.80245981	 -3.41430704	 
-2.54472506	 -0.48570710	 -6.04567597	 
0.45920429	 -0.10123649	 -4.82597157	 
0.24986459	 1.09632499	 2.55367628	 
3.06416805	 4.06184703	 2.60629380	 
-1.24597349	 1.61133413	 -3.74821375	 
0.94072407	 -0.05536964	 5.07526201	 
-0.94847703	 1.10290065	 4.39073332	 
2.84307602	 -3.52746995	 3.27798729	 
-3.56593139	 0.54726804	 3.29185980	 
1.44834905	 3.52194894	 -4.37859171	 
1.03571910	 -1.71332524	 4.47624394	 
2.72053880	 0.87400296	 8.33582195	 
-1.14523890	 2.57714735	 3.03120294	 
-1.77454411	 2.09725718	 -2.84351332	 
2.08535188	 -3.71322347	 8.69521590	 
-5.81959074	 -2.50629655	 1.35585511	 
-0.53851642	 -3.14358704	 -5.16108934	 
2.80085643	 3.45706990	 1.90770647	 
-4.25993146	 3.10051389	 -3.64745500	 
-1.82344535	 2.51478031	 -2.58575507	 
-1.29117550	 1.67972232	 -2.93056048	 
-1.21118325	 -0.39303107	 0.52538111	 
-3.29131433	 0.35781724	 1.82680409	 
-0.94469733	 2.41366890	 1.03154272	 
2.01421246	 -0.24785138	 3.43412377	 
5.44921972	 4.27798748	 4.48531264	 
-1.68816481	 -3.99276092	 -3.34108205	 
-1.06329199	 0.96946902	 -2.03045276	 
-2.24430834	 2.58914643	 -2.57296748	 
-0.60986300	 -1.97446886	 -6.24147864	 
-0.52694143	 -5.52335770	 10.40733937	 
0.68511715	 1.24593110	 -3.92616633	 
-2.55506298	 -1.75917460	 3.23722050	 
-2.21738015	 1.59458028	 -3.77075423	 
0.05065689	 -0.30889235	 -2.33618284	 
0.40412615	 1.71391450	 -2.59044190	 
0.23071288	 0.56038942	 -2.14813659	 
3.44530786	 3.61972976	 -2.35689581	 
-0.23504018	 -1.45359059	 -3.15084896	 
-1.61534417	 1.44919099	 -2.54442005	 
-0.33016936	 0.25513425	 -4.90661337	 
-1.02276249	 -0.64236628	 -7.83622538	 
-0.89338383	 -1.29107817	 1.84857071	 
3.63609857	 -2.44740302	 3.10801387	 
2.96286970	 -0.98985167	 4.72162757	 
-0.77128862	 -1.98542329	 -4.74315968	 
-1.34816866	 -0.09951158	 5.02980409	 
-1.17518676	 0.92919944	 1.95485095	 
-2.39452124	 -0.48222180	 -2.00209569	 
-3.02665622	 1.59444258	 -4.46249256	 
-0.91735934	 -1.87697735	 0.74346541	 
0.33002027	 -3.96377355	 1.84736337	 
1.70243064	 -1.89409711	 -4.09681464	 
-1.15614181	 4.16658234	 -2.65635673	 
-1.49641783	 1.63907425	 -4.78339218	 
-0.50682657	 -2.92487472	 2.83218135	 
-0.17772195	 2.28943064	 2.58208195	 
2.71493359	 1.13274663	 -5.24752698	 
-0.12986436	 -0.35614924	 1.73959596	 
2.06048762	 -0.57937823	 3.50846157	 
6.18696678	 -1.10515788	 4.89923396	 
-3.59879835	 3.13222494	 -0.97091776	 
-2.39655209	 0.45933384	 -6.65147210	 
-0.33796470	 -2.12359378	 5.99812180	 
-0.06049840	 -2.41889669	 3.77742928	 
-2.23669066	 -2.91822582	 -2.44577261	 
1.39101530	 -0.82160553	 -2.44691529	 
-0.99664523	 2.88428354	 -4.50014411	 
-4.05818278	 -0.54048013	 9.23168060	 
3.97978189	 1.43005752	 -3.64432175	 
-1.67997436	 -6.99844245	 2.93180092	 
-2.30879445	 -3.26309291	 7.55608383	 
1.71369728	 -2.80288854	 -2.75493395	 
1.69067996	 0.75426959	 -0.42351199	 
3.87148485	 1.31684710	 -3.67459680	 
2.04341222	 0.65088050	 -6.14067198	 
-2.93357707	 1.47168531	 -1.64444057	 
-1.50581286	 0.94064489	 -0.62687803	 
2.68232294	 1.66643215	 6.28715970	 
-0.66902149	 3.20687544	 -4.28413071	 
1.30719831	 1.15860269	 7.74384712	 
-1.03403462	 0.54515791	 3.42681044	 
-4.83613261	 -0.90480155	 0.92783098	 
-1.46009229	 0.71283541	 -6.25810231	 
-3.33647886	 -1.82856982	 2.64934063	 
-1.26049023	 -1.83466416	 -4.50886873	 
0.07785499	 2.70793961	 0.61664970	 
-1.70279662	 -1.88370691	 -1.32573394	 
-1.63669363	 1.50618721	 1.44949413	 
2.44487740	 -2.62576492	 2.77584445	 
-2.22472325	 1.49210981	 1.18747711	 
-0.41527384	 0.74065056	 -3.04536839	 
-3.04652397	 -0.00656531	 -2.09526947	 
-0.68494637	 -1.25105347	 1.45279804	 
0.09614588	 0.65512196	 2.76786276	 
6.21780384	 2.63767625	 3.01311067	 
-2.39036984	 0.97552577	 -2.53074287	 
1.41384126	 0.43661197	 -3.89873599	 
-0.83884020	 -1.12963297	 -1.20415535	 
-0.77573073	 -4.11540069	 2.94121412	 
-0.58659697	 2.10394139	 -5.95744924	 
-0.45593222	 -0.59814501	 2.28711626	 
4.68317466	 2.70655580	 2.34506821	 
-0.70190727	 -3.72174587	 -0.84307079	 
2.45935397	 -2.56343261	 -2.56061228	 
-3.57742877	 -0.45176120	 2.91791677	 
2.42254464	 -0.15042763	 -2.49281172	 
-2.67706825	 3.11600724	 7.60216267	 
4.35965067	 -1.29330687	 5.01670731	 
1.19663332	 -1.37544643	 -4.61777878	 
-3.56984052	 -3.31326835	 -7.29969671	 
1.09312321	 1.89687381	 2.41291167	 
1.43350616	 -0.33881105	 -1.25427343	 
2.10503929	 0.54423096	 1.24759735	 
-5.36103693	 -2.44911085	 5.29369989	 
0.71081032	 -0.58398183	 2.81070846	 
8.89637401	 8.55943567	 3.87889324	 
-1.38214876	 2.31244421	 -4.19075249	 
-2.88899514	 1.82905788	 -1.08586612	 
1.78978875	 0.44150430	 -2.69441086	 
-6.68582131	 7.37458192	 -4.97001853	 
0.67113438	 1.53455505	 1.51349851	 
-1.76848616	 0.43161491	 1.61014009	 
-3.11900946	 1.46175546	 5.69549553	 
1.94443968	 -0.93481332	 -4.19046785	 
1.90082816	 0.74079952	 -2.50307050	 
-2.76493384	 0.56353952	 -5.45220531	 
-0.84622076	 -2.64683516	 3.05544163	 
-0.80908414	 0.27769841	 3.37236963	 
1.41891485	 0.27057544	 4.27281559	 
2.05436500	 2.54196016	 -4.71309245	 
1.73017063	 0.88067123	 -2.87515087	 
-1.10147964	 3.11296409	 -0.59225390	 
5.21351532	 0.55468199	 -5.46731301	 
2.10464808	 0.54264538	 -6.52323243	 
-2.98621232	 -2.75202124	 -2.51486988	 
-0.44346168	 -2.98108923	 -4.74454076	 
-3.00253760	 0.44365745	 -2.16822493	 
-3.64859044	 0.77992505	 -4.00089617	 
0.31397639	 1.30461851	 -3.65285487	 
4.04389675	 -1.36082672	 -5.26653121	 
1.22175667	 2.00336667	 -3.86839578	 
-0.52683044	 -1.87005714	 -3.17912231	 
-0.16158390	 -0.16775980	 -2.82403992	 
-3.95163674	 -0.35157537	 4.53302050	 
0.75245328	 -0.02339613	 7.38208574	 
-1.38458261	 -4.56852478	 -1.78334848	 
-1.74832846	 0.48973402	 -3.65173270	 
-0.58259080	 2.96934641	 -1.68622813	 
-0.76537348	 -2.81275963	 7.91432410	 
-0.97908337	 -0.27965212	 -1.02734067	 
-4.67728337	 -0.53403063	 2.53455988	 
-2.72363280	 -0.46440495	 5.14003817	 
-2.06724434	 1.34558920	 3.44923330	 
2.14922230	 6.19811406	 -3.75574013	 
-0.42797260	 1.87805394	 6.73819098	 
2.24914215	 -1.68961267	 1.65387300	 
-5.02459951	 3.83174476	 4.57064058	 
0.84370991	 -1.40332365	 1.02536252	 
0.18697302	 0.12672480	 -7.11923679	 
4.85374508	 -2.67146755	 -3.08699094	 
0.81496572	 0.11470349	 -1.73988800	 
-1.57460666	 1.67107235	 3.30831540	 
1.48208581	 1.20943170	 3.47186432	 
1.75234778	 1.16566771	 -2.69064319	 
0.02738270	 1.21918220	 -3.45148275	 
-0.26007174	 3.67096781	 -2.89833395	 
0.64393932	 -2.21658276	 -1.78828159	 
-1.50391502	 -1.34123537	 4.86754489	 
0.94442909	 -0.74500358	 1.73024519	 
-2.63385276	 0.88388958	 -4.53162781	 
0.84695801	 -1.80157575	 3.90858324	 
3.12614658	 -3.50427075	 2.74091495	 
1.87440300	 -5.08718381	 -3.13120571	 
-0.39604435	 1.82492792	 -4.09023749	 
-1.14457713	 0.19581453	 0.65011306	 
-1.95365435	 -1.10092987	 -3.50152512	 
1.50296970	 1.90223466	 -6.72025573	 
2.08333392	 1.91418216	 2.39009974	 
-0.73521601	 0.26026152	 3.34350031	 
-1.92638237	 0.08596898	 3.68774354	 
2.05463565	 -1.00540498	 3.85280353	 
2.71611407	 0.27392358	 2.23341410	 
-2.00868416	 -1.53833018	 4.10370738	 
2.74264729	 -2.57939000	 -3.71509912	 
1.29332318	 -1.03177089	 2.64795317	 
-0.12641846	 2.86685757	 -7.78753870	 
0.23545472	 -1.85140207	 -4.50134442	 
-1.96800256	 0.10197960	 -2.58435978	 
0.88227624	 0.43287653	 -1.43522858	 
-0.71134250	 0.28274940	 -2.24193388	 
-5.96388235	 -1.02839754	 3.72288372	 
0.53726498	 1.60949068	 -2.96597461	 
1.99491279	 -3.37597462	 -2.28547099	 
1.11076448	 -2.24303955	 -3.69390055	 
-0.59395566	 -1.73463358	 -9.26700965	 
0.30099439	 1.39545835	 -1.48668691	 
-0.12226160	 -2.56746798	 4.00168316	 
3.07929854	 2.05514179	 -4.16919413	 
0.43136717	 -0.20181474	 -2.41800055	 
-1.45062851	 -1.19238779	 0.72551968	 
-0.74991562	 0.35879175	 6.87607266	 
2.24671705	 3.28058057	 -2.86472031	 
0.12148091	 0.49081244	 3.76773246	 
-3.94904152	 1.59141689	 6.74814205	 
-0.37062218	 -0.15396580	 1.51604861	 
2.46889019	 -6.77792620	 4.05163950	 
-1.63347623	 0.55002951	 3.42040737	 
2.56634850	 2.64026725	 1.97804064	 
2.36321007	 3.24969591	 -3.16416714	 
1.68985194	 -1.19504256	 6.37602168	 
1.32763364	 1.72185184	 1.83781693	 
1.18769617	 -1.99967412	 -1.48311036	 
-4.37896543	 4.46381907	 2.50264112	 
2.98665693	 -0.63108792	 -6.23945247	 
-2.10137611	 -0.05532936	 4.59784976	 
-3.96702502	 -1.42904789	 2.87954019	 
0.78711039	 0.96171658	 -2.34551618	 
-0.29922071	 2.05268133	 1.49736090	 
-2.52878635	 1.23773024	 -5.48619246	 
-4.20482879	 0.64098780	 9.33954267	 
-1.06301449	 -1.07728737	 -4.17084290	 
-1.74024953	 -1.70819728	 0.93567641	 
-0.94767822	 -4.38707075	 2.24497989	 
5.01422246	 -0.03315044	 3.23209521	 
0.39058241	 2.27888949	 3.15569676	 
-2.20292378	 -3.19556279	 3.11512142	 
1.29275701	 0.85700403	 -1.69818707	 
2.07594981	 0.14342100	 4.07807079	 
-0.16529763	 -3.75209098	 2.94109367	 
-0.95255420	 0.34507648	 2.44952191	 
3.09228343	 -0.25180405	 -3.48555921	 
-0.05422744	 -0.68136272	 -4.78403668	 
2.44910072	 1.30795793	 2.04699444	 
1.22860934	 -0.06203286	 -2.49292159	 
2.26447719	 -3.94671952	 -7.08537694	 
-1.19655138	 -3.01208877	 -7.39080538	 
0.77123236	 -0.84615456	 3.88743915	 
0.25750418	 -0.35621683	 1.52509779	 
-3.36042719	 3.82186931	 4.06166857	 
6.50973324	 0.56009386	 -1.92766259	 
-0.54490666	 1.95720091	 -3.65644062	 
-0.00768906	 -1.02347557	 0.67560358	 
2.32610882	 0.75157228	 3.68101323	 
3.24175506	 -4.26268902	 3.13889570	 
1.61296855	 -1.64214681	 4.89832128	 
-2.94823744	 -0.41498792	 -3.87828329	 
-2.74910701	 0.80346926	 3.82194851	 
-3.40726247	 -0.67593888	 1.78377116	 
-0.93741925	 1.51872202	 0.86461371	 
1.35430273	 -0.14503854	 4.09176533	 
0.88064551	 -1.19051294	 2.18518902	 
1.12196867	 -0.62803230	 4.85822427	 
-1.83956172	 1.32728733	 -6.06088080	 
1.61176818	 1.41020054	 3.61419700	 
-1.36415120	 4.02848444	 -6.27201188	 
0.35905565	 -2.30671717	 4.23758846	 
0.41126894	 -0.28022304	 0.76595625	 
3.70163690	 -0.46643485	 2.61929929	 
-0.98548346	 -1.29904340	 7.69407063	 
1.18326333	 -0.95215815	 -4.35116569	 
2.75940131	 -2.67795986	 3.41779491	 
-2.82234094	 -2.70830320	 -7.66674715	 
-0.00990619	 -1.38421542	 1.63493046	 
-0.84281716	 0.85052531	 2.48127384	 
1.06470088	 -0.16329073	 0.99383645	 
-0.63465868	 2.55735436	 -5.34933117	 
-0.11574143	 0.92972227	 -1.72547967	 
4.15872056	 -3.56572307	 -3.23523396	 
-4.18143686	 1.73883101	 2.00117587	 
-3.15531895	 -1.22263306	 2.64415476	 
1.32285302	 2.06510958	 2.42261813	 
1.97681846	 -3.29829944	 -2.83115707	 
-4.55403855	 8.30177367	 3.49375405	 
-1.08683496	 -1.25461106	 -2.62364887	 
1.01644274	 3.05558774	 -2.17562524	 
-1.85535183	 1.30119915	 2.28539041	 
-0.90386997	 -1.62894624	 -2.60096518	 
1.33459512	 -1.02559830	 -1.87105857	 
2.14145457	 2.29660418	 0.74574858	 
3.29638468	 0.84829718	 2.73559586	 
-0.59143737	 0.67796817	 -6.53252687	 
3.71393182	 2.78497607	 -3.93966911	 
0.63578705	 -4.31104443	 5.11444650	 
1.36882790	 3.31781529	 -1.58328151	 
0.81687485	 -2.84143115	 -3.97501592	 
-0.09439812	 -3.02441293	 4.63827483	 
-1.84809813	 1.74362802	 4.32133610	 
0.04181168	 2.13850000	 -2.83473368	 
-1.67167462	 3.03658309	 -1.04155034	 
-1.77190469	 9.98766185	 6.71723259	 
0.12883624	 -1.43648616	 -3.71521181	 
1.64349578	 -1.73385181	 -1.86637295	 
-0.64234909	 -2.74665809	 4.49060054	 
-0.35366315	 0.13746910	 -1.09824505	 
-2.92335504	 -0.09301166	 -3.15638930	 
-3.49920801	 -0.57148486	 -3.32157939	 
-1.91614013	 0.44698103	 2.41966000	 
-2.70229326	 5.18943483	 -2.32272650	 
2.16328763	 1.80693100	 -4.55325134	 
1.47538595	 -0.84267971	 -4.09488768	 
4.91244013	 0.71932282	 -4.10380185	 
1.36720113	 3.14217778	 2.86165763	 
1.28369202	 -3.78365952	 -1.99303733	 
0.90247321	 -0.97398411	 3.10043880	 
-4.68786316	 -3.03542146	 -4.23335673	 
3.66068217	 -5.37618881	 3.18500326	 
-1.47134206	 -1.05100872	 -2.74614731	 
3.31920447	 1.46702374	 -6.13599692	 
0.59412862	 -3.18637023	 -3.56882273	 
1.55611938	 2.52616265	 -3.37945900	 
-4.35084229	 -0.98987711	 3.02820408	 
-1.46620596	 -0.49797114	 2.17177282	 
-2.17253366	 0.85280297	 -0.91988985	 
0.38509872	 3.17217570	 -4.17335792	 
3.80457620	 -0.19258759	 5.70492456	 
2.91685564	 -1.27451769	 -3.27342019	 
-1.73294618	 -2.15099621	 3.71986978	 
3.66338924	 -3.98854003	 -3.60353233	 
2.39033901	 4.01629566	 4.02320189	 
-2.25792273	 1.13513673	 5.22155145	 
0.19978973	 -1.93315899	 -7.09200978	 
-0.74500680	 -3.65424327	 2.86513794	 
-7.15695253	 0.07410340	 5.59275469	 
0.51592914	 0.17339827	 -2.28075992	 
-1.22077427	 -0.33766463	 -3.69269111	 
-3.05117091	 0.04281882	 2.59750735	 
0.89876506	 -1.69725470	 3.26497006	 
-3.19522751	 0.44176121	 4.50278981	 
-0.62570052	 -2.03888734	 -0.64386875	 
-3.39035885	 1.84677350	 -2.00112053	 
1.02586895	 -0.61945718	 -0.95403496	 
2.43241050	 0.55273598	 -3.45680016	 
3.39683477	 -3.04862003	 6.16255008	 
1.17483037	 -2.04325097	 -3.07866577	 
-0.76837750	 -3.51160261	 -2.59312400	 
8.00915249	 -3.21561498	 -4.24848119	 
-2.09126060	 3.59207304	 -4.08866178	 
-0.00041190	 0.46681027	 2.54311278	 
-0.28889908	 0.32085355	 7.03516316	 
-0.88511397	 6.01385139	 -4.78379891	 
1.06422628	 2.49695968	 2.91318602	 
-5.37937754	 -5.04162300	 -6.19084899	 
-2.06978941	 -2.20379706	 -2.47312784	 
-0.64250485	 0.98223202	 7.81758525	 
0.39007236	 -0.74195473	 3.61918574	 
0.22769621	 -3.53903535	 5.80367007	 
-1.84640408	 2.72209766	 2.58182068	 
-4.39238486	 4.69910021	 -6.24839945	 
3.25522823	 0.30981589	 -6.38110988	 
0.68249919	 1.77060420	 5.26254638	 
-0.08784396	 -1.86675002	 -2.43049003	 
-2.82998009	 0.01335222	 -1.95130590	 
0.28116979	 -2.65239074	 3.12351709	 
-2.08933272	 -0.60463356	 -4.89164838	 
1.24663472	 -1.16753307	 4.45580540	 
-0.09007439	 -2.69497802	 5.19698914	 
-0.04094931	 -1.34549302	 4.06061024	 
1.80676378	 3.23585762	 -3.57139219	 
3.11998474	 2.21646038	 1.85969034	 
0.73537229	 1.47128511	 -3.21423617	 
-7.37597476	 -2.83918854	 6.69097533	 
-2.91341980	 0.88972440	 -2.52784724	 
-0.07979423	 -2.94190253	 4.56373473	 
-3.16047720	 3.31115572	 -1.86140010	 
-1.25983431	 1.18518454	 -3.83967280	 
2.90441076	 4.06423553	 7.78744057	 
2.23073122	 2.51352094	 1.24915830	 
-0.29116524	 -1.92870648	 -2.35846215	 
0.32463262	 1.83024631	 -3.26990576	 
4.51987817	 -2.74208286	 2.74414611	 
1.50271953	 -2.45430903	 6.00175256	 
2.13137031	 0.05706933	 3.38651070	 
1.22514107	 1.04347369	 -2.67106415	 
-0.13861445	 1.98742748	 -3.63212606	 
-0.14832124	 -1.98173860	 2.13302021	 
0.79574225	 -0.74773317	 1.64721993	 
-0.66736107	 0.02652006	 0.89753562	 
-0.62853053	 -1.02987158	 4.16897727	 
3.92148887	 -4.41440864	 9.42288054	 
4.56851410	 -0.49529041	 -4.62042078	 
0.64957967	 0.43169232	 -2.11514524	 
0.87018085	 -0.55221757	 -0.51228413	 
-2.66296832	 -1.43144844	 -4.00728509	 
0.61293730	 -0.64973689	 -3.88337752	 
0.15397271	 1.90880958	 4.74256885	 
-2.52745875	 0.15112342	 -4.45154270	 
2.43135153	 -1.19418369	 2.03806161	 
1.00571850	 -2.41112397	 2.96738457	 
5.42341591	 -3.89841012	 3.83413728	 
1.00477999	 -0.20010015	 5.57909977	 
-1.81425990	 2.32770894	 -1.46973795	 
-2.30177953	 -3.41688586	 2.72473159	 
-0.46820536	 1.16719012	 -1.58383161	 
-1.26118504	 1.99546776	 4.08618614	 
5.13698927	 1.44001263	 -2.84759453	 
0.17023398	 1.70001919	 -3.74740266	 
-1.10261229	 0.56664775	 0.91330433	 
-0.20584279	 -0.53314438	 -3.48672341	 
-2.25307894	 -0.37542874	 2.34859520	 
-0.60642476	 -2.46236969	 -3.59895813	 
-2.33139670	 -3.10729106	 -2.76971538	 
0.15759060	 1.68869643	 2.65785250	 
1.98732517	 -0.37654504	 -2.31879347	 
-0.93659024	 1.47126876	 0.68090287	 
2.12525456	 -0.65382562	 1.53834064	 
-4.27757990	 -2.93867678	 -7.31608853	 
-5.70192861	 -0.64111580	 -8.80719457	 
-0.94387956	 -1.13992326	 -4.09532568	 
-1.63702473	 -5.15639147	 6.06242859	 
2.82294319	 -0.27666688	 5.14250714	 
-0.43936062	 -2.24814967	 -2.03679060	 
1.92781259	 0.41061984	 4.60255876	 
2.97788055	 4.90146470	 -2.35709146	 
-0.89151736	 -5.95736254	 10.56255565	 
4.11411123	 1.01438830	 -1.54336733	 
2.87636744	 -3.08911462	 -1.79839005	 
2.96265450	 3.89948583	 -1.48670041	 
-1.38199161	 0.38428945	 -5.71451990	 
2.23046522	 0.72043251	 1.94281232	 
1.34974952	 1.75624472	 -10.51792043	 
1.86578396	 2.04180122	 -1.20597942	 
-1.42104652	 0.93304176	 3.03468801	 
-5.74138560	 -2.83398130	 3.34777319	 
-1.43351205	 5.38126636	 6.65165405	 
-1.95435654	 -2.86832734	 -5.38848540	 
-3.77752489	 -6.41331449	 -1.81551529	 
-2.52605987	 -1.60529636	 -1.85895102	 
-1.45716744	 -1.17577901	 -0.92502671	 
2.79248659	 6.39143206	 5.82332481	 
-0.66454420	 -0.88203239	 -4.04864875	 
2.74954349	 -0.19419725	 -5.10416223	 
0.17570203	 -0.08467218	 -4.95659359	 
-1.17919468	 -0.45894245	 2.71802155	 
3.35902579	 -0.50380856	 -4.33099859	 
3.97067273	 -0.58643646	 -6.27997787	 
-4.10228957	 -4.60541632	 6.39895069	 
0.35095199	 1.23408986	 3.06695965	 
3.97354118	 4.49212979	 -2.89903163	 
-0.82410712	 2.76560121	 1.96456799	 
0.32000077	 -1.62163283	 3.06977096	 
1.47285628	 1.82881741	 -1.14592481	 
-0.09171239	 2.18221548	 -3.01904224	 
2.24999510	 -1.28922214	 -5.17184570	 
-1.84477949	 1.28709024	 -4.99318613	 
0.39165558	 -5.35067973	 -2.89606368	 
0.03428765	 -4.74182990	 2.16600693	 
-1.33761395	 -3.74031169	 -4.59628794	 
-2.86350372	 2.95787472	 -2.66619014	 
-1.30720729	 -0.07361067	 -3.02131485	 
0.25911203	 0.14792584	 -1.99728568	 
3.07838086	 0.09502637	 1.18451062	 
-0.05531820	 0.23550850	 3.97577735	 
8.31197332	 3.25686641	 -3.34504212	 
0.32655611	 -2.86712544	 3.10385250	 
5.24608944	 -5.30828814	 -5.80466662	 
0.31855015	 2.08639804	 -6.71750240	 
-0.22052210	 -1.24821364	 -4.30188497	 
-0.75716032	 0.43171340	 -4.02556597	 
0.93714490	 -3.46509083	 4.71936506	 
3.74453895	 -0.92389604	 3.23220269	 
0.65835611	 -0.02739337	 -5.99028810	 
2.42780363	 0.64185932	 -3.87331634	 
-0.61187728	 -0.61969793	 -3.23245700	 
-1.14694326	 -2.94402772	 4.66367913	 
-0.05013508	 -0.82933588	 -2.65961127	 
-0.04828633	 0.10790040	 1.47168546	 
5.40426352	 -3.52141788	 -4.09530044	 
0.84667360	 3.70615107	 -3.78277917	 
-2.28730513	 2.29889431	 3.45646451	 
-3.06067828	 2.29650496	 5.13635810	 
-0.09546085	 1.31515367	 5.97342817	 
0.69874426	 1.06341265	 4.84545489	 
-1.89066162	 1.52350528	 2.78034968	 
0.97065029	 1.40455518	 -1.91179373	 
0.63978575	 -1.15865660	 1.54786339	 
-5.06340243	 2.37551469	 -4.97260562	 
-2.52643045	 2.04713224	 -4.38115099	 
0.14461657	 1.23256053	 -8.73257894	 
-5.37763451	 0.92066734	 -4.77107394	 
-1.10696831	 -4.36041765	 -4.46604706	 
-0.50206635	 -0.06683864	 -1.10137223	 
-4.21963138	 -0.54582549	 -4.16106830	 
3.29427809	 3.11048958	 -4.16889555	 
-0.09728175	 -2.20557340	 -2.38534381	 
2.18878867	 0.95241944	 3.36508823	 
1.17998901	 0.57397567	 -1.84544925	 
-1.25659993	 -6.63835174	 -1.38229849	 
-2.04868804	 -1.06568029	 3.86835210	 
2.92519324	 -0.53227024	 6.14102135	 
-0.51249779	 2.05825365	 -5.77352499	 
-0.69176855	 -0.38313203	 5.43905750	 
1.27490011	 -1.62684707	 -2.30803241	 
-1.69127712	 -1.73030744	 -3.17416770	 
3.44895698	 -1.94144011	 3.04550271	 
-0.39200183	 -1.91853260	 6.51272982	 
-0.51783278	 -0.37233381	 3.11232249	 
1.20218551	 0.70662286	 -0.30887459	 
-0.61314630	 0.82230444	 4.65002528	 
1.58624948	 -1.70503953	 3.54430625	 
2.39481639	 -0.48223413	 4.91034665	 
-2.78346346	 0.38534127	 3.92461861	 
0.59917201	 -0.07325946	 7.59529370	 
-2.34264112	 -4.64331029	 0.84636042	 
3.90729351	 1.58376547	 -1.47599313	 
-3.61101520	 -3.04735741	 -2.49909972	 
-0.19154283	 0.19573396	 -1.44568218	 
0.45066544	 -0.11028788	 1.68361008	 
0.24033954	 -0.82190791	 3.61204072	 
0.46185073	 1.25170746	 4.94539320	 
2.15814436	 1.66767202	 -2.52516654	 
-0.70232627	 -3.28699898	 5.67433403	 
-0.86608136	 -6.38711824	 -3.53878059	 
-0.93488887	 -0.80830950	 2.18444493	 
2.93131878	 -5.42118771	 2.01659029	 
-2.61516067	 3.11394197	 -2.11374812	 
-0.90507650	 0.34511027	 3.21164926	 
-0.21192433	 3.02227794	 -7.56449066	 
-0.51093912	 6.36999968	 7.70875774	 
-2.75521882	 2.31134340	 2.66782607	 
1.12983304	 0.74410047	 2.37866086	 
-3.55433223	 -2.45935410	 4.13690541	 
0.28180563	 -1.26270893	 -1.67227585	 
-0.39679977	 -0.33097990	 2.23309507	 
-1.41236134	 0.89318779	 -4.69089502	 
2.52774360	 0.32883689	 -8.07355045	 
-0.92687378	 2.17926724	 1.80895737	 
-3.17816144	 -0.58971299	 -0.60953670	 
2.99578000	 -0.84926765	 -4.75509507	 
1.80769001	 0.19267521	 3.38039817	 
-3.91934129	 -4.02921328	 4.40766658	 
-0.03277387	 -1.70946653	 0.83876464	 
1.32113942	 -0.49646036	 -2.85720286	 
-2.38797912	 -0.70755993	 -2.12043197	 
6.87672021	 1.99521596	 2.36825281	 
0.44456532	 1.23071575	 -3.09538407	 
0.39967235	 -2.63703569	 5.05003196	 
0.01723519	 0.14819185	 2.59772733	 
0.59657935	 -2.41986561	 -2.30468388	 
2.78470482	 0.62360215	 8.24021284	 
-0.95469656	 -1.37219949	 -2.27019186	 
1.38493951	 -0.13464986	 -1.20537227	 
-0.25766088	 -2.09369028	 2.60410984	 
-3.15977077	 -6.48540561	 1.18638544	 
-0.47662902	 -5.62834587	 5.16414094	 
3.49497926	 -2.31275553	 2.36551014	 
0.53261851	 -2.06507378	 4.56970113	 
-3.50306841	 -3.40223436	 -5.07103393	 
1.30833864	 0.55301989	 -1.96146245	 
0.93509054	 6.88507212	 -5.75361428	 
-1.22171467	 4.81976982	 -6.41312240	 
-2.19915300	 -2.24931098	 -2.81762842	 
1.74070074	 -2.52077033	 2.55754884	 
-1.82864874	 -6.55511622	 7.97807668	 
-4.63349498	 1.16329574	 1.00275405	 
3.77156718	 0.43323046	 7.96274794	 
0.73706456	 3.55003049	 3.60172773	 
0.10531636	 -1.82383801	 3.04968827	 
0.25729802	 0.89539172	 7.96330039	 
-8.72884058	 5.20195314	 6.40470199	 
-2.59554263	 1.99450529	 1.61800680	 
0.36553105	 -0.32485601	 3.90521048	 
-2.44145174	 1.51710740	 5.20155029	 
-0.96617940	 -0.82540532	 -1.73013075	 
-2.11010729	 0.73727547	 -1.98229528	 
-0.77878159	 3.77672760	 -3.70131149	 
1.17970533	 -0.96404573	 1.73379456	 
-0.08610089	 0.00727176	 -2.12716323	 
-3.66547264	 4.45570272	 3.46816410	 
-1.00402206	 -1.12891314	 1.40949103	 
-4.01488355	 3.55084961	 2.91724334	 
4.12331283	 2.03103435	 -4.22649428	 
-4.11576220	 -3.14929143	 6.76147660	 
2.06015996	 -2.30844295	 -2.11424012	 
-1.92679882	 -3.18612282	 2.20685656	 
-2.34040267	 0.04250050	 -2.00652950	 
1.78711894	 6.68416689	 -4.37143593	 
-1.67644955	 -4.12449463	 -2.21181780	 
-1.37300084	 0.59141289	 -0.85716832	 
0.98055902	 -1.94566517	 -5.19444841	 
-3.59166557	 -0.30678513	 1.58797569	 
2.25855522	 1.36313330	 4.87092815	 
4.59372741	 2.84953255	 -5.96924802	 
1.49455136	 0.31660125	 -0.96710376	 
1.83972465	 3.74690495	 -2.36978410	 
-2.40519700	 1.68768197	 3.06385497	 
1.23132957	 -0.17716697	 5.63965348	 
-0.12932990	 2.35493412	 4.09960047	 
-3.91662000	 -0.64281289	 6.28290820	 
0.47520589	 -0.38323619	 4.66866581	 
-4.16599533	 -1.71449796	 -6.41945231	 
2.36132577	 -1.59857346	 -2.50105118	 
-1.22933738	 2.49103713	 3.13077604	 
0.88091853	 -0.89028581	 2.40041106	 
0.32664859	 -0.72770159	 -4.30562681	 
-2.31837757	 -4.09550284	 -5.06800302	 
1.41616467	 -1.05158813	 3.08720543	 
-1.42974960	 -2.79795562	 4.33952434	 
-3.83529602	 0.91436485	 2.70259453	 
0.29893496	 0.28024150	 -0.85436679	 
0.01096308	 -2.96715515	 2.27561988	 
-10.57516229	 0.12631167	 6.83099902	 
2.01350067	 0.51687505	 6.30983150	 
2.22114099	 1.72242152	 5.54578922	 
1.01977032	 0.41055236	 -2.56813698	 
-2.74357325	 0.32880696	 3.98279732	 
-2.01652140	 0.23527827	 6.98721627	 
2.78173311	 -1.96636044	 4.03639106	 
3.22761939	 4.31204512	 -6.07559547	 
-1.13420090	 -0.05700220	 4.11017051	 
-2.88786608	 2.76614189	 -2.66270702	 
1.79815030	 -1.25476506	 3.12858790	 
-0.60085847	 0.10811733	 1.84052395	 
1.63948828	 0.53309262	 -6.01456428	 
3.47535120	 0.60411810	 -7.30914683	 
0.74173505	 2.66628267	 -1.59917750	 
0.40127325	 0.65416578	 -4.23866814	 
2.58932087	 -0.65404884	 -2.93754038	 
-1.15848608	 -3.47864326	 2.38100478	 
-2.61958189	 -5.03867188	 4.50402073	 
0.78658325	 -0.70340095	 3.80072449	 
-0.76563512	 -1.43764060	 2.99505780	 
-1.76032578	 -1.45476197	 -1.94045642	 
2.14454239	 -0.23977578	 -2.37115069	 
-1.36219281	 -0.68883027	 3.38654466	 
-2.96720537	 0.02757814	 -1.33747576	 
1.12492866	 0.44524308	 2.21838753	 
0.50502267	 -0.00299205	 -3.15215597	 
-2.63984099	 3.15558333	 -3.00136147	 
-0.26602791	 -0.96319354	 4.65265562	 
1.51149031	 0.01915649	 1.02865658	 
-2.78806582	 -0.97815456	 -2.87864684	 
-5.09998918	 -1.21138057	 7.33826309	 
5.24127073	 2.68544123	 -8.01478437	 
0.94910320	 1.49328949	 2.93117384	 
3.00331425	 -6.27593095	 6.31271547	 
-1.73608653	 -2.53526733	 -6.22160609	 
5.78486193	 1.75191755	 -5.58041149	 
0.19910760	 -0.46509961	 1.78595622	 
4.64174798	 -1.59084448	 -2.55212283	 
-2.98785580	 1.72930443	 4.40618658	 
-2.55337719	 -0.12900827	 3.01198809	 
-1.53609612	 1.81367036	 -1.33787469	 
3.77058692	 3.06611699	 -2.57149959	 
-0.49737670	 0.32492771	 -1.78362651	 
-4.54646292	 5.63407618	 3.53667453	 
0.54461329	 0.15379057	 -3.85584868	 
2.64677659	 -0.80706188	 4.59892243	 
-0.78356983	 0.33657402	 2.00323295	 
-0.04431731	 0.47792690	 7.51798031	 
-0.54594539	 -4.74970139	 -2.73124569	 
0.98516218	 -0.40290680	 2.86676964	 
-0.76880193	 -1.15383825	 2.42325736	 
2.28053703	 1.51618149	 -3.37789954	 
-2.81769173	 1.91453488	 -1.18448471	 
0.55678984	 0.11839431	 1.06135418	 
-2.80421830	 -5.61200794	 4.37838020	 
-3.88704119	 5.65098437	 9.76992985	 
-5.87217754	 1.05173888	 -14.24244171	 
-1.29623176	 -3.22741449	 -1.57645871	 
-3.25303292	 3.29610993	 4.43058162	 
-4.76143163	 -4.00919633	 3.38392011	 
0.87825065	 -0.26743442	 4.02778816	 
-0.05644947	 -0.04826074	 -4.96227895	 
-0.38047577	 2.62168949	 3.36626281	 
-5.89400065	 -1.71951933	 -5.77886135	 
0.34560287	 -1.18064209	 1.26712015	 
-1.80028707	 -0.78084899	 10.65356053	 
-0.65417313	 5.54822970	 8.21488390	 
-1.88573666	 -0.77158527	 -4.42432468	 
-0.79925991	 2.65191603	 1.56520822	 
10.37007733	 0.20534822	 4.94653184	 
0.68063302	 -0.88087665	 3.93755088	 
1.99339273	 -1.15210499	 -4.39500673	 
0.39381391	 -1.51846173	 -3.12845216	 
-2.37618785	 2.55285608	 -5.71580110	 
-1.85774007	 3.26870146	 2.56268385	 
1.43953431	 -0.03598167	 3.11085229	 
1.80094953	 2.33476059	 5.53745780	 
3.04304349	 1.99692864	 1.76681208	 
-0.06798745	 -1.59908464	 4.00979063	 
0.23437307	 1.49065721	 -3.52163042	 
-4.47837913	 -0.73913396	 -3.58485403	 
-1.31722789	 0.44688837	 -3.94407689	 
0.86789667	 -1.07251549	 1.97060700	 
1.38807188	 -0.98618267	 -3.06358531	 
1.04639088	 1.46293563	 1.53344796	 
-1.41827453	 -1.06213189	 1.90472985	 
-0.08967110	 -0.46890465	 1.88051083	 
1.67840396	 -3.35248926	 -4.07359207	 
-1.21675269	 5.27966680	 4.70497000	 
-1.78214840	 0.55892534	 -3.12921235	 
1.14257416	 -0.94968484	 -0.89707906	 
0.67547133	 3.07071989	 -5.87405757	 
6.19521490	 0.12504770	 2.86393344	 
-2.93422724	 0.48681903	 1.47205903	 
3.96357530	 -1.66000076	 3.65078077	 
2.38382497	 -2.47112961	 -5.71651271	 
-0.95104277	 -1.01282308	 2.29970680	 
-1.81498262	 -4.07518028	 4.76765624	 
-2.18151081	 1.59163792	 -3.04549660	 
-8.12888568	 0.07870960	 4.72391934	 
0.07664209	 0.01684216	 -2.93189822	 
2.24935840	 0.57089534	 4.52548646	 
-0.16447627	 -2.25869391	 -6.02833853	 
0.63493940	 3.29043117	 -7.33137925	 
-0.73619351	 -0.11666663	 2.46263816	 
0.07758775	 -4.73406048	 2.68449295	 
0.24752781	 0.26699861	 -3.55016866	 
-2.17436396	 1.11070235	 2.60619325	 
-4.22237326	 -2.08764150	 1.25583620	 
3.94691707	 -0.45900155	 5.78850914	 
1.05534181	 2.65814991	 2.30930290	 
-1.99126389	 0.56442120	 2.92542627	 
0.48042757	 0.47258662	 0.83948530	 
0.54078214	 -1.63720713	 -4.96505605	 
-0.67878959	 -1.72974924	 1.30153434	 
0.48592093	 8.24231890	 -3.22543326	 
-1.66478555	 0.31057378	 -3.74549797	 
-0.10090798	 -2.14638022	 -4.80102797	 
-0.24794962	 -2.97577650	 -4.36679288	 
1.78476534	 2.22943980	 -1.90887174	 
7.55135396	 -0.77457153	 -2.53132077	 
0.55452076	 0.13444196	 -3.06092838	 
-3.08136734	 -1.03304787	 3.24970995	 
-0.44106172	 -0.96799624	 5.59903616	 
-2.03979833	 1.06907625	 5.09781054	 
-3.76736756	 3.09454437	 6.56757126	 
-2.89546633	 -0.05036125	 -6.83835470	 
2.88849599	 0.02906924	 1.53065893	 
-0.33201024	 -6.48865274	 -4.90733760	 
1.34272834	 -3.02700426	 1.68244026	 
0.42249364	 3.32557066	 2.37041144	 
-0.54174157	 3.98596008	 3.28591109	 
-3.48858940	 -0.02099068	 -4.04503563	 
-0.71284323	 1.08911531	 -3.34446809	 
2.56015543	 0.94804577	 2.73621542	 
-2.93875984	 1.69095842	 2.12011088	 
-0.41137005	 -2.23062332	 4.77084652	 
0.63174371	 1.01798778	 1.32434590	 
4.20847774	 1.03024827	 -6.42142875	 
0.15610267	 -2.85157347	 4.72711238	 
-3.40599068	 2.73464959	 -3.72337622	 
4.09127641	 -1.28070075	 1.50671998	 
-1.02643075	 0.10990913	 -2.55962489	 
-1.26262278	 -1.82203504	 2.33208300	 
0.19255125	 -1.48945180	 2.20619259	 
-2.30801372	 3.09756226	 0.91224863	 
2.77418163	 -2.34591190	 -4.33968315	 
0.36844241	 -1.20358956	 4.83439638	 
-3.28863396	 3.87579943	 3.17444613	 
-0.15598944	 4.93354231	 -8.05242523	 
-4.02756107	 -4.37350670	 -5.71711433	 
-0.11703463	 -5.12518237	 -3.39937324	 
1.21029222	 2.53133764	 -5.62732510	 
1.61246441	 -1.04903974	 1.86768409	 
2.06302579	 -0.84364485	 5.01491220	 
0.63246840	 0.16584448	 0.92676279	 
-0.42263041	 -0.55008343	 3.22821817	 
2.38751750	 -0.43705746	 5.31569185	 
0.19302130	 -1.39064050	 2.57797103	 
0.87870361	 -1.07133307	 -1.94438933	 
0.34798493	 -1.13782285	 -0.97179708	 
-0.36943888	 0.07687019	 2.83119203	 
2.09441822	 0.20789182	 6.03505623	 
-0.09459707	 0.09357624	 1.00618745	 
-1.02447287	 -0.97617480	 3.22515045	 
-3.84640943	 -3.09612852	 3.16960851	 
-1.70065719	 1.07180063	 6.88427209	 
-3.46597458	 1.22942678	 -1.95591567	 
-1.98625685	 -0.74521104	 7.06520254	 
-4.32594739	 1.51376595	 2.73070661	 
-0.96712786	 0.28440100	 -1.19143894	 
0.22765740	 -1.51932356	 6.17256051	 
-1.51169843	 -2.70819007	 3.05187484	 
4.29989251	 -2.05697044	 6.64593133	 
0.23075260	 0.08589127	 2.02860494	 
-1.11168948	 -2.67645609	 2.49867356	 
0.40855353	 1.79454124	 -4.56189651	 
-1.57195420	 -0.39237789	 -3.42523967	 
-0.46729846	 -2.14901312	 -2.57134364	 
-4.89318050	 5.08609238	 7.20223476	 
1.85137046	 -2.60462344	 -6.13390076	 
-1.64276235	 -0.30804756	 2.82314458	 
-1.79505594	 0.83780224	 1.59561850	 
0.70932466	 0.34058011	 2.96862659	 
-1.05665742	 3.31754418	 -5.05651423	 
-0.17507227	 2.24336092	 -3.08611547	 
1.37169742	 1.76796638	 -8.80431860	 
1.81539945	 -3.83969253	 -4.16493395	 
-5.74460952	 0.12591025	 3.03392339	 
-2.35318826	 -1.17497991	 -5.88635463	 
-3.27566904	 2.67849334	 -3.19328956	 
2.18894528	 -3.54029866	 -3.37298491	 
-3.40937017	 -0.45951126	 2.51465248	 
-5.15378963	 -0.69659333	 1.82713966	 
-2.82230903	 -2.84436524	 -5.12077552	 
0.68424222	 2.16616207	 -1.82855083	 
1.98304622	 1.86560325	 -2.93400304	 
-1.01322439	 1.55229095	 -2.56609919	 
-1.50854391	 -1.29655882	 -1.56937280	 
-4.43682204	 2.86347027	 -3.76725680	 
4.31350757	 2.21490153	 3.64067160	 
-1.03350888	 2.90149529	 3.30792661	 
-2.29628415	 1.58178050	 4.92745876	 
-0.09248487	 0.64582521	 2.75449336	 
-3.40948202	 0.11922750	 5.72997168	 
-2.97690210	 -4.19467015	 4.43789712	 
-2.34271803	 -0.50497815	 -1.21487537	 
-0.98261059	 -0.18579440	 2.07074877	 
-0.80058819	 1.09169881	 -3.17029041	 
0.20123753	 -1.23125966	 -2.17790844	 
0.10426120	 -0.28266192	 -2.36183403	 
-1.70828754	 0.53987844	 -3.77550236	 
2.32674968	 -3.22030868	 3.34011014	 
0.10559550	 1.86766302	 1.68711428	 
-4.48695146	 2.28065773	 -2.06742528	 
0.21492510	 -1.46672956	 -4.00857061	 
5.20349318	 1.49598800	 -3.14663549	 
1.40234816	 3.17329080	 -4.60861900	 
5.67275500	 -2.47073796	 3.96106051	 
-2.19804943	 0.72054543	 1.94519869	 
4.78178047	 -0.20919386	 -5.56221184	 
0.53886620	 -1.25894888	 1.76233379	 
2.12933429	 -0.52052899	 5.09313558	 
-1.09668715	 -2.11306429	 2.57920460	 
0.16830347	 0.78220725	 3.05261703	 
1.39913061	 2.31946689	 -2.82009133	 
-2.10781735	 0.43713046	 7.34870767	 
2.73226874	 1.18828810	 -4.66180341	 
-1.20326419	 1.44386331	 -1.54907453	 
3.10415387	 -2.46098292	 -3.50022329	 
-1.34307200	 0.80334310	 -2.23039267	 
2.62568588	 -2.87453662	 -6.54922306	 
1.19219993	 -2.96372156	 -1.90621680	 
-0.63302909	 -0.24872360	 -5.51368903	 
0.90965179	 1.29946251	 0.88368994	 
-1.81471669	 0.27503301	 2.99701600	 
0.43389612	 -2.24471556	 -1.14290391	 
-6.87860757	 -1.89352582	 -1.05873576	 
0.82014572	 3.71064083	 -7.35534019	 
-0.76070100	 -2.12649090	 3.77434551	 
-0.00765199	 0.50937723	 -4.16467471	 
-1.17417078	 -3.30560699	 2.94875839	 
0.69743408	 2.34115614	 -2.23085727	 
0.54219509	 0.94925594	 5.68828055	 
0.55160714	 -0.08977144	 0.98333725	 
-1.84196854	 -2.07887677	 -2.83886768	 
-1.17305090	 3.05442836	 4.67554236	 
0.93099556	 -2.65771384	 5.73362459	 
-4.15181810	 0.46497460	 -5.11329379	 
0.34930775	 -0.87807914	 -3.21761743	 
1.09662590	 -0.91731719	 -2.54344641	 
-1.57048163	 1.14109372	 -2.18471559	 
2.85735401	 3.55298481	 5.95419458	 
1.30929206	 -0.01030932	 -1.03459988	 
0.94076089	 -1.38115445	 3.34169842	 
0.99076133	 0.20743562	 -5.60348387	 
4.93007766	 3.69099410	 5.15109951	 
2.84547675	 -5.46190332	 -2.82393326	 
-2.42328329	 3.39257911	 -4.83774131	 
-1.07487069	 -1.71868660	 -1.01335381	 
-0.74181981	 3.79471180	 -4.50085433	 
7.78839855	 -3.45570541	 9.53662076	 
4.03550474	 1.46762115	 -1.94064670	 
-3.76960269	 2.21684110	 -3.64731184	 
3.55215148	 1.84581101	 4.71449621	 
0.78162316	 0.15975019	 2.45799213	 
1.15245319	 -0.59781225	 2.27416709	 
0.63874085	 2.15616786	 1.85978098	 
2.58726926	 1.14117904	 -3.49290167	 
0.16062949	 -2.42360820	 3.44223800	 
0.95016016	 2.73823750	 -3.98886480	 
-0.84122412	 -2.03433534	 -4.15673205	 
1.90086911	 0.55607623	 -3.85171680	 
2.60992160	 1.38705984	 2.83452174	 
-0.18849951	 -1.12726780	 -3.10040022	 
-1.98829769	 3.03318702	 6.74236788	 
1.83493008	 -1.37906338	 -2.74005906	 
1.05097495	 1.70257169	 -3.71186655	 
4.36603845	 -2.01526755	 -2.82745117	 
-0.16606270	 -0.83624843	 6.58911827	 
-1.55243410	 2.45260194	 -2.31145447	 
1.23506131	 -2.37016629	 -2.26430991	 
-3.02097170	 -1.75867863	 3.78623176	 
2.95277411	 -0.02939095	 2.61245381	 
1.31600685	 -0.31375863	 -3.65443740	 
-0.41602978	 5.20073743	 -9.63548454	 
1.45693375	 1.65059822	 3.42482863	 
-1.14722795	 -1.02705677	 5.81263230	 
-2.48270388	 -3.25219656	 -3.83231361	 
-2.54872239	 0.17666239	 -2.54819514	 
0.54237283	 -4.10983250	 -2.63711730	 
-0.50998320	 2.39590109	 -3.27760129	 
-2.67944855	 -0.87727198	 -1.90604531	 
1.21780194	 3.32853639	 5.11106249	 
1.04353842	 -0.84378014	 2.98375960	 
1.51765020	 -3.79472604	 6.13602022	 
-0.30158270	 -3.32013478	 5.75199122	 
-4.53442330	 -3.81760899	 3.72465498	 
-1.04168149	 -3.81798095	 4.47633621	 
0.75065034	 -3.40730104	 -2.38894075	 
0.40182494	 -1.60071227	 -3.09798238	 
-0.04008561	 -0.94690661	 2.47398548	 
0.63165809	 2.29328394	 8.84219373	 
-4.82741366	 0.25901355	 -7.66151227	 
-0.99742892	 1.20497529	 2.30913686	 
-2.06396000	 -0.77497029	 -1.44929068	 
-0.12127919	 -1.01903094	 2.06183042	 
1.51662392	 3.22073693	 9.41535078	 
3.87778171	 0.55327091	 -5.55173101	 
-0.64793822	 -1.06904236	 4.02541936	 
-2.54781767	 0.99457052	 -4.35204041	 
-5.33846538	 -2.50090820	 -6.28052030	 
2.11315032	 2.74830608	 -2.51360083	 
0.59002612	 0.91556543	 -1.61294069	 
0.96666167	 -0.79870634	 -3.86220727	 
-0.90891820	 0.84975836	 -1.78592792	 
-3.29911093	 -0.52507639	 2.95479478	 
2.19930260	 1.77268067	 -7.61564561	 
-0.02347917	 -2.60346551	 2.27961022	 
1.88804619	 -1.65237086	 -6.09046720	 
-3.51620572	 -3.40597795	 -1.50483580	 
-0.25017948	 0.26855374	 -1.22786599	 
0.53635659	 0.81210470	 1.74307946	 
2.16483650	 -2.46876460	 -1.87080275	 
2.40316239	 2.08822937	 5.72427358	 
0.40834147	 -1.52121001	 2.56979411	 
-1.30733434	 0.68365981	 -4.66709816	 
-1.40767083	 -0.66867565	 -2.34040505	 
-0.85896303	 -0.43130768	 -2.19634588	 
0.81725471	 0.42652360	 0.76934159	 
-2.71425660	 2.40678750	 -4.98517580	 
2.25923686	 3.66441662	 -1.84417168	 
5.71397227	 -2.22941384	 1.33729273	 
-0.73098217	 -0.71101647	 1.79925662	 
-0.99362955	 0.97869163	 3.46537104	 
0.24737070	 -0.76274655	 0.96243684	 
-2.04876600	 1.96250749	 -3.88028878	 
-1.62280954	 -0.99080114	 4.26925501	 
-1.77650611	 0.61192207	 5.04929566	 
2.58590015	 6.07515554	 5.91982322	 
-4.51511033	 0.78994871	 5.14837955	 
2.62378767	 -0.02324774	 2.59768956	 
2.41718013	 -0.35138475	 -3.15849863	 
0.35788974	 -0.72084806	 5.05259776	 
-1.33074228	 -1.54383756	 2.63974087	 
-3.05864034	 3.36189721	 1.85140115	 
0.10597059	 3.38830704	 -1.92014835	 
7.51974372	 -2.98324535	 -6.30390407	 
2.70281404	 -2.98592531	 -2.92388496	 
2.16651371	 -0.23794681	 1.29022350	 
-2.57482790	 3.62716193	 -1.00507764	 
0.65864029	 4.12307462	 -3.32940221	 
2.29628750	 0.44661505	 -5.22538350	 
1.51410769	 -5.50311087	 -2.86746266	 
6.62920646	 3.38351943	 3.40462203	 
-0.80650304	 -0.28338581	 -2.47998358	 
1.66044826	 1.89697044	 4.49241936	 
3.90310011	 -1.85020162	 2.06430979	 
1.56501815	 -2.24892670	 -2.83699678	 
-2.13970877	 -1.44217435	 1.31630785	 
0.32260212	 0.32759819	 0.68131811	 
-2.19404546	 3.15107922	 2.66718529	 
0.62644438	 4.49599382	 -4.05853904	 
1.36276462	 0.12252675	 -4.23461635	 
0.70890501	 1.65830785	 1.84277061	 
-0.51924802	 1.38210477	 -0.92796346	 
2.89240462	 1.46504794	 -4.84748885	 
0.05879186	 -3.40194070	 -7.39460771	 
-0.84482416	 -0.78650299	 2.03602238	 
0.98937045	 2.25451570	 -0.92675070	 
-2.50127409	 -1.90518079	 -5.54790355	 
-0.39240769	 2.49947869	 -2.84455757	 
-1.55033009	 -1.30619681	 -0.88421902	 
3.95979932	 -1.34387850	 4.72769997	 
-0.26774685	 2.70038798	 -10.20570358	 
3.24627229	 -0.19347437	 -2.42577577	 
0.69102138	 3.88973603	 -7.17982756	 
-0.09492062	 -1.88169022	 -3.85188246	 
-2.63779083	 -5.22268278	 0.74079269	 
-0.62272157	 -1.11339122	 -1.17397274	 
0.52562991	 -2.05387376	 -3.44322001	 
0.66782046	 -1.35850623	 7.89835299	 
-0.74020471	 -1.31606036	 -5.02390593	 
-1.21409014	 -0.35557165	 1.83108861	 
7.02444332	 -6.66358611	 -3.25510810	 
-1.29976486	 -4.99777833	 -3.98854286	 
2.17033073	 -1.38099349	 -4.83443384	 
3.42508442	 4.85550641	 -4.28304221	 
0.03014867	 -2.78157326	 -2.02163408	 
-3.33004232	 0.83693967	 2.35614647	 
4.67020535	 0.29447343	 2.75546335	 
1.19329500	 -0.92882003	 -5.85997662	 
-2.74529791	 -2.74565246	 -8.30190872	 
-2.70387141	 1.45825193	 3.29970509	 
1.82225847	 0.85308622	 7.51061230	 
-0.38428415	 -1.04208083	 2.05010133	 
0.45836992	 0.54433144	 4.17711678	 
1.56311308	 -2.17433294	 4.90512568	 
-0.31106913	 0.85021020	 -2.66159775	 
1.91897205	 -0.90322391	 -1.95599566	 
-2.19596286	 2.19152465	 -4.35350714	 
-1.06511218	 2.41811897	 -1.36716301	 
3.28829624	 0.27766991	 1.44220119	 
-1.17259804	 1.14877539	 5.84980646	 
5.73078817	 -1.55889426	 4.58010350	 
-4.34951071	 4.04593347	 3.79263648	 
-2.30242409	 -0.01922787	 3.71519534	 
-1.07950583	 2.21052846	 -2.83926325	 
1.94683283	 -1.92447241	 4.15801298	 
1.35858227	 -2.23974483	 3.98239672	 
-2.63781770	 0.07041983	 -6.54296348	 
1.48720209	 -2.53888549	 -6.50588879	 
-1.13048590	 0.54508160	 -4.33208137	 
2.50449467	 0.02288885	 -1.31105813	 
0.02773744	 -1.79159090	 0.75027613	 
-2.20134648	 1.04634721	 -2.72242825	 
5.83256023	 1.68938604	 -5.72013350	 
2.35588224	 -1.10197244	 -1.60338940	 
-4.50315388	 4.47799097	 -2.54868064	 
1.38880675	 0.48427739	 1.45208076	 
0.64959353	 1.57271850	 -4.42131113	 
1.58516639	 -3.40288855	 -5.18265950	 
0.24748228	 2.42338789	 -2.64071988	 
-0.75792910	 -1.81091173	 3.16873053	 
6.18742722	 -2.95753097	 6.37741677	 
-0.49659505	 -2.32979280	 5.18417716	 
2.76949310	 -1.21515981	 3.15716622	 
-0.11638934	 -0.30028773	 3.57690770	 
-3.19866288	 -1.13855774	 -5.66661644	 
-0.74705652	 -0.05538510	 -1.63668807	 
1.59684006	 -1.90169086	 4.07096889	 
5.95833056	 -0.06680851	 -11.64650201	 
-0.20716396	 1.45334789	 2.05807803	 
-2.38939864	 -1.07477858	 3.88161458	 
-3.47301391	 1.24654649	 -3.04505432	 
-1.78672775	 0.07660906	 -0.67031065	 
-1.69433210	 2.65931714	 -6.86149789	 
-3.20829819	 -0.32486231	 -2.19362718	 
0.10622743	 -1.44502212	 2.36286708	 
-0.99032803	 3.65984599	 7.66418108	 
-3.43328430	 2.84524902	 3.75209466	 
-4.30309782	 -0.77140302	 4.29270290	 
2.18941622	 -4.30531875	 2.93386437	 
-1.93785916	 -3.06674285	 6.95875475	 
4.27555891	 -2.00963315	 -5.37479926	 
-6.39767793	 -0.40366144	 -8.23410720	 
2.09692066	 4.73673793	 5.49624412	 
-3.12562315	 1.97087097	 6.47293414	 
2.79341783	 1.03208994	 1.32007435	 
-0.53420038	 2.47380664	 4.26509279	 
-2.54698528	 -0.70613581	 2.85377178	 
-2.44996143	 1.16725265	 2.25195720	 
6.92496745	 -2.91845786	 8.09547278	 
-1.92660715	 5.45632955	 2.38251702	 
-0.66774746	 2.15514601	 3.31776430	 
-0.05087782	 -1.82352636	 8.19908607	 
-0.67363477	 -1.50913869	 -0.58504877	 
0.73765713	 -1.30596100	 -2.04670762	 
-2.28107668	 -5.29341483	 3.39827857	 
1.33378419	 0.02090818	 -3.87189204	 
-0.92316117	 2.60031216	 -1.95032387	 
-2.55022349	 -2.15958431	 2.50841622	 
-0.65304844	 -1.33882147	 -2.16206635	 
3.43012708	 0.26386760	 5.58157456	 
1.13030212	 -0.89740078	 3.83481289	 
1.49232573	 -3.02328568	 6.49773252	 
0.16344897	 -0.69981202	 4.44653014	 
-0.90949602	 0.89293541	 -1.89394760	 
-3.61661677	 -1.18932480	 0.75158932	 
-2.75638923	 -1.23414737	 4.06597336	 
0.83169384	 0.59602123	 -1.08027340	 
-1.50319461	 -4.31276624	 -4.21175122	 
0.54212957	 -1.45750664	 -1.11923155	 
2.68527367	 -0.35639670	 -1.03685096	 
-2.12253492	 -1.80390126	 -3.17074895	 
2.29696917	 6.09360820	 5.44732430	 
1.33348744	 -2.04416078	 -4.31371320	 
6.23039754	 -0.31964661	 10.26679454	 
-4.32361036	 -1.04534591	 -3.87594573	 
0.44454025	 -4.87722645	 -3.53361839	 
-1.43931324	 1.69781614	 2.10118143	 
2.20406875	 -2.19903495	 1.47355898	 
0.13485268	 0.86048286	 4.43377679	 
-1.69744224	 -1.38613299	 -5.05119776	 
0.91165349	 0.33128208	 2.41128058	 
-1.11941209	 -2.17776851	 -2.54706462	 
-1.60128103	 -0.35528546	 2.62694756	 
-3.21050512	 0.40591731	 5.01782719	 
0.74658672	 -2.72967297	 -5.61502982	 
-1.25658209	 1.16164868	 -2.32755306	 
-0.45278787	 -1.21422554	 -3.34857231	 
-2.56168696	 -2.00306311	 -11.00293815	 
0.56269050	 2.97919354	 -3.98222358	 
-1.31946982	 -0.04356611	 3.28092841	 
5.07584615	 2.45778044	 1.05157888	 
-1.23187973	 -1.31390120	 1.05224035	 
6.10872907	 3.54935723	 8.05625022	 
-0.94273773	 0.06194917	 2.72245200	 
-0.48396353	 -0.00085426	 2.49688022	 
-6.03705838	 -0.50035635	 -1.26272902	 
4.86019390	 1.59598897	 5.04483139	 
-0.43008791	 2.27233271	 -4.04752251	 
-3.89820739	 1.29152826	 2.73569100	 
-4.31481085	 -0.61387938	 3.10235589	 
-0.36435728	 -0.09713560	 1.43593895	 
-0.74373449	 -3.57105840	 2.23997400	 
-0.43625423	 -1.60998157	 -2.84058819	 
-1.97940397	 6.84583322	 -5.79783573	 
-2.84876423	 0.21121155	 -4.07739072	 
-1.44663471	 1.34783036	 -2.96478965	 
0.34885917	 0.25474292	 -1.59331715	 
-4.94566339	 -1.07771242	 3.44690999	 
-1.21335629	 2.61933628	 4.23823352	 
-2.62338656	 -0.94553745	 2.01794590	 
0.99932794	 0.69291424	 -1.85269502	 
-3.21849681	 -2.46153362	 -1.87527971	 
1.22158897	 -1.18405168	 2.63642277	 
-5.71415157	 -2.61351874	 -4.71671474	 
0.08043504	 -0.22405307	 2.54520626	 
3.30979572	 0.62735103	 0.79051902	 
0.27173323	 -0.57989030	 0.96099176	 
-1.54864551	 -3.31443119	 2.64947263	 
0.94131099	 3.94522781	 -3.07893855	 
0.64628493	 -1.33716312	 4.97862699	 
2.13137368	 1.36881393	 -3.60538776	 
-1.78004411	 1.25005748	 -3.21513941	 
-3.52260208	 -0.81080765	 -2.93308137	 
0.73280072	 -0.91339235	 -1.97386039	 
2.73136911	 1.55954462	 -2.59953249	 
6.81867199	 -4.19131225	 -5.65014296	 
0.36274662	 1.38750073	 -2.38011696	 
0.17544661	 -1.50872475	 -2.44889699	 
0.47348696	 -2.56387617	 4.96996156	 
0.71659755	 1.35497985	 -2.47299798	 
-1.45616881	 -4.45409319	 4.57207687	 
-0.60817847	 0.90214980	 -0.91448470	 
-3.51430830	 1.67427951	 4.91223608	 
-1.28075478	 -0.34255091	 4.74342534	 
2.25061893	 -0.44056338	 4.65358365	 
-3.26609969	 0.39804055	 -4.18183258	 
0.70351487	 1.13249828	 -6.04901945	 
0.03405934	 1.02954359	 -3.94680941	 
-0.81608604	 -0.43322047	 3.38109179	 
0.88076906	 -2.78061897	 5.30088872	 
-0.20613279	 -5.70042254	 -4.94369817	 
-0.39594975	 5.54857320	 2.30698006	 
0.43972807	 2.40886726	 2.00543503	 
-0.09314047	 -0.99185920	 5.03194759	 
-0.61093183	 -1.17318821	 5.69713466	 
-2.60081241	 -4.89017383	 -5.88541559	 
-2.81110188	 0.39562027	 6.01067112	 
0.03451896	 -2.60345184	 -4.80007215	 
-1.08747940	 2.10490171	 3.88773665	 
1.25088454	 -2.35740838	 1.84499674	 
3.90135562	 -1.40951252	 3.76489605	 
1.33043047	 -0.28143658	 -4.15808917	 
-1.15700663	 -4.28831430	 -1.29694489	 
-0.96246801	 0.19075095	 0.71969968	 
-0.95451399	 -3.95881934	 3.39894919	 
2.39770894	 -1.04389570	 -3.77821350	 
3.07879731	 -4.23448174	 2.66770432	 
-4.76256514	 0.24214339	 2.11379168	 
-0.49211597	 -1.61933386	 -3.77188791	 
4.74414968	 2.83070754	 1.28083229	 
-0.35590166	 0.06599441	 -3.08568517	 
2.23616335	 -0.80107434	 2.66070806	 
-2.26193444	 2.70382143	 -1.68383634	 
0.66957689	 1.92315095	 3.38012270	 
2.31170175	 0.01999082	 -1.15254941	 
0.82747422	 -2.81558480	 1.96499280	 
-0.88332328	 -3.77578777	 -2.74805328	 
-1.20407413	 3.23317585	 6.45157550	 
-0.57021873	 -1.04351979	 -5.81599793	 
0.56005354	 -1.67911853	 -2.39110789	 
-2.07725658	 0.47140588	 0.52304746	 
-6.86062520	 2.42132971	 -10.02389912	 
-2.63979376	 2.28097846	 4.09913808	 
0.26415029	 0.42171841	 -3.37389358	 
-2.83432316	 4.76000792	 -1.74591586	 
-1.44355453	 -3.20082006	 -1.36476164	 
2.04130678	 0.35304167	 -2.51061018	 
-1.88872479	 1.11670834	 3.65094002	 
0.87830408	 0.70742216	 2.43605264	 
0.67484103	 2.08796975	 -3.91187494	 
-0.77182210	 -4.66220911	 -7.05945666	 
-10.20127777	 -2.76654824	 -7.79623520	 
0.57644492	 -0.41715001	 -2.75514469	 
1.13821030	 0.66552865	 2.46594335	 
-1.05633279	 -0.25189933	 -3.78497888	 
2.40870001	 -3.79127373	 -4.11216184	 
-1.16163806	 1.28818951	 8.76256425	 
0.48872843	 -0.27336804	 0.58427719	 
1.59409998	 -2.21984043	 1.56206299	 
2.68058926	 0.40051730	 0.62883955	 
-2.83513505	 2.61431605	 4.15533329	 
3.77492724	 -1.29700964	 2.09465826	 
-3.94679299	 1.57293909	 1.87222224	 
-1.56636856	 0.66933557	 2.21205997	 
-0.85838613	 -0.48628671	 3.22902439	 
1.35963179	 -0.32112565	 3.70593395	 
1.72893143	 3.31854512	 2.72986648	 
-0.71164133	 1.25293114	 1.99331905	 
-2.33313797	 1.14150426	 3.30758973	 
-2.26726606	 -0.89526876	 -4.03720802	 
-4.34274186	 1.56741642	 -1.11608390	 
2.09320375	 -4.81121789	 -2.07794682	 
-6.41105116	 3.47227823	 -5.57955060	 
0.10702191	 1.03399955	 3.86821822	 
-0.56321407	 1.97097735	 -2.10436053	 
-2.98936681	 -3.70193407	 2.47509391	 
-0.58225581	 2.95832295	 5.16750651	 
3.67214288	 -1.89011367	 2.22104747	 
2.91688350	 -7.07335032	 -8.94037651	 
0.49243533	 -0.36368057	 1.96445674	 
-1.11938099	 0.35737922	 -2.39035185	 
-0.05353871	 4.34199289	 -2.67704276	 
-1.24919302	 -1.60897224	 -1.45268863	 
-0.14248289	 -3.49357384	 -0.31343291	 
-3.15680464	 0.92138663	 -9.95369720	 
0.39240939	 0.07159398	 9.09752234	 
1.20613200	 1.84900795	 -5.62862689	 
1.69636601	 8.04204642	 -4.25851003	 
3.81316849	 0.32446852	 5.39191709	 
-0.32641125	 -0.91306327	 -1.89231255	 
-0.79555965	 -2.75647238	 -7.38513291	 
1.55259097	 0.93195800	 3.54648066	 
1.49495391	 1.32798089	 4.77239569	 
-1.31043141	 1.08680507	 6.72722220	 
-3.52303769	 -3.54255660	 2.52263968	 
2.06868777	 -7.42336015	 3.47034961	 
-2.61999604	 3.55647612	 4.22419942	 
-0.41088338	 3.22981487	 4.18217997	 
-3.90726485	 1.10922108	 2.58120608	 
-2.57114799	 -0.69898192	 5.79673392	 
2.37436886	 -2.76126453	 -4.35350219	 
-4.50508279	 1.45171816	 1.07354926	 
-1.38267673	 -0.55245638	 2.34333346	 
-0.01927633	 -0.45179552	 0.59172181	 
-0.23084359	 0.62935746	 1.68486382	 
-2.12357712	 1.02305461	 1.21937098	 
3.18125277	 -0.26537507	 2.65970031	 
-1.07271571	 9.57164559	 4.96717424	 
0.47215248	 1.70819601	 4.07632985	 
0.76835472	 -2.07158958	 3.96702124	 
-0.35402614	 1.21846990	 6.05076187	 
-2.85617144	 2.09552247	 3.07669568	 
-0.25817359	 1.26516050	 0.98786327	 
-1.81564743	 6.63824689	 6.76589174	 
0.39660274	 2.84890750	 3.30303596	 
-1.57003962	 -0.99346759	 -1.77262778	 
2.04619371	 0.11803530	 3.52983392	 
-1.08708594	 -0.45872380	 -1.90091831	 
1.44225615	 3.70064138	 5.16701266	 
3.92103848	 -0.54592492	 -2.94987445	 
-4.78303209	 -5.66418307	 -2.13876692	 
-1.43017522	 1.21633173	 -2.64203409	 
-1.16983642	 -0.48155380	 -6.91967498	 
-0.37845706	 3.13372982	 2.51831576	 
-0.23804779	 1.72162650	 -0.87220239	 
3.33261288	 4.79488487	 -5.41337594	 
1.97421987	 1.08393235	 -5.15063152	 
1.04901621	 -0.64679201	 2.44721963	 
-0.51661999	 -1.80582851	 2.64391225	 
-1.84093083	 -0.96357225	 -5.13751531	 
0.70019345	 2.56345121	 7.30390565	 
1.37174143	 -1.44474278	 -1.91254249	 
-0.65478949	 -0.77379590	 0.85307308	 
2.01274448	 0.26417799	 -3.21944660	 
0.95302957	 3.88548232	 4.15244513	 
-0.95685126	 1.65395970	 2.56885346	 
-4.51170119	 0.19939311	 2.25927246	 
-0.11126151	 1.34557398	 2.75785800	 
-0.53753916	 0.05144483	 -2.16129177	 
-0.25659155	 -1.33467276	 -1.53783645	 
-0.08912439	 -1.07330608	 1.46052028	 
4.07553092	 1.77632799	 -2.90422084	 
4.29620642	 1.84192280	 -5.29695361	 
-4.01586787	 -3.99561176	 -6.09619055	 
0.11085198	 1.49637823	 -1.02152491	 
3.23863636	 -0.74859528	 -2.93312194	 
-0.48969655	 1.00965492	 6.31719808	 
-1.22882648	 0.55444223	 -2.76040729	 
1.05155329	 1.80104280	 -6.19666829	 
-0.97389485	 -4.27190537	 -1.38495113	 
-0.73853787	 -0.66251267	 3.07529407	 
2.49992645	 -3.35989409	 4.19743892	 
-1.50395066	 0.64213708	 0.63409516	 
-4.77536708	 -2.09983180	 -3.10194277	 
-1.75008080	 -2.26093123	 -3.71013631	 
2.87922390	 -0.07176960	 -4.20486360	 
-2.29471803	 -2.40050827	 6.47539350	 
-5.87346831	 -3.76938597	 7.54001505	 
1.01832250	 3.46420613	 -3.96478438	 
9.27316098	 -3.15577298	 -6.27162785	 
1.47170897	 4.00364154	 5.51186499	 
-4.28761013	 2.70051698	 -2.75369679	 
-2.29308227	 0.30976446	 2.38957410	 
-1.21380492	 1.39784103	 -3.78879035	 
1.76280157	 -0.72449182	 1.32096732	 
2.20709023	 -3.23023008	 -5.67773226	 
0.05518732	 -0.79143096	 4.03488646	 
-0.95805153	 0.27999727	 -2.12954922	 
3.02970028	 5.06149884	 4.91148423	 
-1.64937155	 -2.82112519	 -5.99758680	 
-0.42861394	 -1.47635499	 -1.53268691	 
0.05795354	 -0.57631650	 -4.34291360	 
-2.28355102	 -0.94885152	 4.21570947	 
-2.67142099	 0.73705910	 -7.38507137	 
2.46879504	 -2.22845880	 2.05300339	 
-0.46643848	 -0.61224501	 0.94628820	 
-2.07585069	 1.35207771	 -5.80895829	 
3.20452114	 0.22970813	 -3.33539436	 
-0.70003259	 0.27434174	 -2.36537958	 
0.69032620	 0.54260121	 -3.25964823	 
-1.29216742	 -1.52655966	 2.62653008	 
-0.45916009	 1.24376531	 5.03608704	 
0.46182813	 -0.41155173	 -2.43857593	 
0.67620236	 3.07845369	 -4.67654414	 
-0.01948163	 0.54941711	 -2.54610207	 
-0.13803457	 -1.10174691	 2.80834024	 
4.70790174	 -2.91037284	 -4.29710798	 
-0.70728271	 1.55417334	 -2.80568215	 
-1.27946041	 1.68951419	 1.72625871	 
1.26672499	 -0.46534995	 -1.04857412	 
-3.27586904	 2.27931603	 4.45192461	 
2.89495018	 1.16591410	 2.21657651	 
0.64304135	 -0.46624593	 4.15697067	 
2.67687206	 -3.36373465	 -4.61513242	 
-0.19377311	 -1.95847188	 2.15772528	 
-1.75168623	 1.42048058	 3.19241585	 
2.29327321	 -3.78237807	 2.51525039	 
-1.22653264	 -3.86454041	 2.41423930	 
1.67013088	 -0.32404395	 4.68941859	 
-1.21053464	 2.52325791	 -1.50010333	 
-1.65501652	 0.00198037	 5.33253069	 
-1.02181597	 -0.65519009	 4.62483858	 
-3.17570811	 1.03222575	 8.11474999	 
0.74651180	 2.46361694	 -5.96970780	 
-3.96251290	 1.85087084	 3.43394613	 
0.22161271	 4.15581999	 8.32928013	 
-1.18859215	 2.22985070	 3.80303085	 
-4.08229911	 3.00785607	 2.48168604	 
-3.87349425	 0.15167171	 2.79006931	 
-3.91822501	 0.94377302	 4.37162318	 
-2.29082151	 -1.69360618	 2.57466760	 
1.70143362	 1.09168939	 -1.42105339	 
-2.36215952	 2.05367631	 1.82293097	 
-1.46728116	 1.00534047	 -3.48038139	 
-0.20342814	 -1.08758594	 1.28507260	 
1.04732292	 -0.44188551	 5.62598824	 
-0.78807295	 0.42996864	 2.90035788	 
1.50807367	 2.35688612	 -1.36714698	 
-0.31381939	 -0.23259015	 2.33910668	 
-1.91071834	 -2.03592921	 -9.99574243	 
0.46544557	 4.17187140	 -4.95830909	 
1.57053958	 2.27504712	 4.71897791	 
2.27736437	 -0.75510283	 2.25774223	 
0.66665431	 -0.04704925	 2.09455067	 
-3.06857713	 -0.61050297	 -7.13640256	 
-1.08748781	 3.72364682	 -0.71741469	 
-0.46926299	 6.33703027	 -8.60083755	 
1.25506493	 4.69676989	 -6.74180447	 
-1.25484046	 1.08104476	 -5.24230074	 
-0.85961521	 2.52185454	 -4.54374634	 
-0.43542556	 1.96135395	 4.11001585	 
-1.37549645	 3.49800424	 1.71023445	 
-0.72961997	 1.02916342	 5.41991834	 
-1.58918429	 1.54106003	 -4.31294278	 
4.09869883	 -3.12668537	 5.54265182	 
-0.49929157	 0.00594402	 2.45917740	 
1.72401416	 2.43210383	 1.79348892	 
-3.73436400	 -3.25306197	 4.40466348	 
0.34763350	 0.97597331	 6.23331660	 
1.19266753	 1.53441785	 0.77174851	 
-1.59721013	 -0.29371343	 3.37614172	 
0.57431180	 2.52553273	 8.96794314	 
1.57067473	 -1.19774807	 -5.46144938	 
-0.85465566	 0.66233217	 -5.34703506	 
-2.25348702	 -0.86903071	 6.28752785	 
2.67851613	 2.70134227	 -2.44524887	 
3.40390808	 -0.94696864	 -2.23779883	 
-4.33872245	 0.78083646	 -5.74956121	 
0.73253498	 -0.58369325	 5.20144975	 
2.00313530	 -1.51859983	 -5.74038104	 
3.05934877	 -1.17260114	 -6.25869013	 
-0.34224991	 3.78619163	 -3.48166005	 
-2.28938245	 -4.40309926	 1.11474395	 
2.57916776	 -0.14686589	 -4.34913129	 
1.71489986	 3.39967206	 -4.97128149	 
-1.03092933	 1.18055962	 8.29114076	 
-1.80896772	 1.80126655	 -0.96709746	 
0.90825039	 0.62835243	 2.89658126	 
1.91248709	 0.28764900	 -6.32696333	 
-1.43343034	 1.24755151	 6.40998295	 
2.98075631	 1.99350773	 -2.47371117	 
0.29523287	 2.58442549	 -5.37536610	 
-0.31019262	 2.91677115	 1.89131019	 
2.16561825	 -1.63620304	 -3.48198130	 
0.28726749	 2.52059124	 -3.94975146	 
0.68489182	 -0.69623048	 -3.71084290	 
-3.37776329	 0.18993066	 4.28230738	 
-1.05622606	 0.56194444	 -6.37784472	 
2.13500518	 1.71482688	 -2.69354813	 
1.83870334	 4.38604591	 -1.88341920	 
1.16954805	 -3.48937605	 -0.89850455	 
0.71923262	 -1.76009243	 -0.93261901	 
-3.07923400	 2.41223081	 5.96348469	 
1.99506917	 0.02994153	 6.16754064	 
4.50457610	 3.70925472	 2.93227094	 
-1.24646425	 -5.39132045	 -2.89876994	 
-1.34929883	 0.11882577	 -0.95571047	 
-1.43584576	 2.06731159	 1.56712838	 
-0.63909497	 3.56946896	 3.49131474	 
-0.36609175	 3.08167789	 -1.82795611	 
-0.92260044	 -2.79490093	 4.81221814	 
3.59528608	 -3.03754339	 -5.15870570	 
0.54953820	 1.31187871	 -7.43002170	 
0.80354780	 0.36328442	 -1.21421115	 
3.08792852	 -1.42111932	 -3.33008433	 
-4.79117016	 1.65921544	 4.99640070	 
0.36284561	 -2.05948942	 4.04642014	 
-0.09540668	 0.92673886	 1.30412696	 
0.03174061	 1.53360600	 4.17641478	 
-4.09202216	 9.25542013	 4.13318553	 
0.75822212	 0.61449807	 -1.98882050	 
-0.87613451	 -0.37456075	 5.52169645	 
-1.90783753	 0.14436939	 -4.17074221	 
-1.51323076	 -2.00989430	 -2.04907788	 
-0.51706448	 -3.24680159	 4.22865687	 
1.67297009	 -0.21008494	 1.34536537	 
-0.03938662	 1.60863525	 -5.66765609	 
2.20311119	 1.89227480	 -1.15815498	 
-2.53250925	 0.13211321	 2.09383183	 
0.76803911	 -0.20752808	 1.24850595	 
0.60578358	 -0.49985344	 2.06878547	 
3.99903230	 0.56865625	 5.20532756	 
-3.66074793	 -1.37707109	 5.22089131	 
-4.16872373	 -0.42958818	 3.09355917	 
1.29678747	 0.24366168	 4.18041703	 
1.87212834	 1.21580858	 1.38834580	 
0.32546355	 2.25027026	 -3.89857032	 
-0.14815123	 0.38514767	 -1.90317940	 
2.06353896	 0.84445024	 -2.94051731	 
1.80621184	 -0.86310361	 4.18494476	 
3.25014423	 5.60124999	 -4.35591307	 
0.96876667	 2.02215171	 -2.26889988	 
-3.98517198	 0.03210425	 4.18884437	 
-1.72018589	 0.84485784	 1.91018048	 
0.87890626	 -1.64715819	 6.22864802	 
-0.89042210	 -1.27121170	 1.97880981	 
1.14426004	 3.74979357	 -4.79609370	 
5.53760294	 0.29641529	 1.38392968	 
4.41387795	 -2.92059250	 -2.69023280	 
3.88430655	 3.36374916	 1.31619951	 
-0.24728547	 -4.05172259	 4.17637706	 
1.47949766	 3.33502543	 -8.06614617	 
-1.28837225	 -2.63180442	 -1.50909028	 
1.30781398	 2.72903894	 2.22332891	 
0.44217389	 1.80924662	 4.81628087	 
1.96547535	 0.99690378	 4.65883326	 
1.45092606	 1.37770736	 0.70431709	 
-1.25018676	 2.30632076	 -5.18853987	 
0.93386594	 -1.61224488	 5.73023884	 
-4.22020452	 3.55695862	 3.75098479	 
-0.54621311	 -0.27378584	 -3.46805183	 
-0.54892851	 -0.89451027	 2.84284325	 
-1.77620103	 -1.18228966	 -2.83444688	 
-1.50228963	 -1.03377670	 3.04998381	 
-3.54529899	 0.32216193	 5.45147711	 
-0.16229777	 -0.39942598	 0.96136717	 
-3.58282999	 -2.39414350	 7.62916504	 
0.12163009	 -0.21009593	 -1.60131335	 
-3.64553666	 0.61118808	 -4.15586806	 
1.17325587	 -0.25850635	 1.36688962	 
-1.35660460	 0.93509360	 3.44746153	 
-1.13901764	 -1.27715808	 -2.86233155	 
0.76028245	 -2.96970612	 2.02514701	 
3.44160093	 -1.94561007	 -2.38442199	 
3.52351711	 0.13372743	 2.85212487	 
-1.28932172	 0.43839926	 -2.81481008	 
1.89081461	 -0.35860357	 6.37431207	 
0.30232988	 1.71571006	 -2.85124462	 
-0.37197157	 1.86862252	 -4.26738789	 
0.94551727	 -4.20458439	 5.75728865	 
0.34092079	 0.72338071	 -5.02447610	 
-0.39923831	 -2.52790649	 2.71852102	 
-0.67209968	 -4.53191971	 -3.62096745	 
-6.83986072	 1.50093161	 -8.01206589	 
-0.32615551	 1.06553459	 -1.17521481	 
2.55658562	 -2.33149157	 -6.50408286	 
-0.83556278	 -1.71110950	 4.81659547	 
-0.97430404	 1.81250807	 -1.91510960	 
2.70261055	 -0.97518492	 -1.59305297	 
-0.66949052	 -2.23642255	 4.32741402	 
-2.78095739	 -1.05780015	 3.93264675	 
1.94364935	 1.87065960	 3.51885339	 
-4.27754389	 1.39874106	 4.31310432	 
4.73470052	 3.32387679	 -5.84152429	 
-3.69611188	 -2.41983797	 4.31021444	 
-0.56687981	 -0.88345616	 2.40622442	 
-1.16361019	 3.54783200	 -2.35599079	 
0.93010414	 -0.20111014	 -7.10587836	 
2.69684119	 0.50729400	 3.30314557	 
1.90722982	 -0.11961254	 -4.20114750	 
-0.19141815	 2.63276183	 -1.53876871	 
1.91150993	 -2.19864851	 -3.95531757	 
-0.35582546	 0.45137076	 3.30483579	 
-2.28506524	 -1.23977532	 -2.03952072	 
1.56218899	 0.44326829	 -2.31861330	 
0.83508604	 1.69014788	 -2.83709432	 
1.57238250	 0.92929702	 7.29769204	 
0.00084940	 1.86499259	 -1.33364627	 
-0.43428693	 -3.88655148	 -5.81701420	 
-0.09665159	 -0.17507929	 3.92992070	 
1.57243813	 1.27193390	 6.01611148	 
2.05300634	 -0.91450706	 -3.65176678	 
-5.26966533	 -0.89439080	 -8.17299413	 
-1.25689096	 -3.88459738	 6.91458461	 
-0.16990407	 -0.97341118	 1.64940151	 
0.31500384	 -6.40652272	 3.29867682	 
-0.52188109	 -3.32976497	 5.22912327	 
-3.74523335	 -5.11784749	 -3.91638021	 
-7.02860255	 -2.44231663	 5.90455980	 
-1.11596344	 0.36229332	 -4.77665712	 
8.68260161	 -2.42148478	 -5.57791040	 
1.51197302	 5.72835112	 2.65578451	 
0.23194928	 3.25730729	 -2.33754534	 
3.08282196	 -4.14566071	 5.67896357	 
-0.01315808	 2.43239149	 1.77290381	 
-1.40650389	 -2.87694293	 -2.94039553	 
4.31248890	 1.30409572	 -3.29000422	 
-1.15932651	 -1.23461426	 -2.85101613	 
-0.74090696	 3.43176547	 -4.30221041	 
0.91706522	 -3.56851065	 3.43532074	 
0.14855401	 1.51309264	 -2.78505767	 
0.68624758	 -0.99388351	 2.73873777	 
1.32583700	 -1.55563533	 -5.45131319	 
8.11628937	 0.23136166	 -5.47011410	 
0.77607585	 1.86227108	 -0.94067140	 
-1.48964697	 4.96534051	 -4.45400483	 
2.53137961	 -1.95359095	 -2.90785419	 
1.60584481	 0.71973303	 4.47807866	 
0.32185328	 1.64057787	 -2.81319577	 
-0.24236217	 -3.35056942	 -3.36962883	 
-0.47233803	 -3.47946194	 -3.58491112	 
1.09164904	 0.70332384	 4.53338569	 
-0.25990952	 -0.36384717	 1.85836075	 
0.31095488	 2.85860741	 -1.17377370	 
1.47895387	 -1.77443528	 -3.95519967	 
-0.06961799	 1.48472343	 -0.72234863	 
-0.21254387	 -1.09031848	 5.04426944	 
-1.00613080	 -0.29225279	 2.30238517	 
1.59482446	 1.45569270	 2.67183630	 
-5.87203290	 -2.99690159	 2.10979590	 
-0.87959287	 -3.59775606	 6.07913018	 
-0.51973298	 1.38648374	 -2.96201442	 
-1.66898453	 3.44977947	 1.29601433	 
-3.46193029	 -6.18997497	 -5.34395973	 
-1.20223526	 -0.30106081	 -0.56912339	 
1.62310139	 1.76320440	 -1.90640263	 
1.70433513	 -2.04443582	 -1.72883605	 
-0.43093153	 -0.53732013	 1.82573335	 
0.00365598	 -4.11388247	 -2.14692073	 
1.78261427	 6.79777729	 -5.59802431	 
-0.15588043	 -0.14347045	 -1.52593075	 
-0.63784638	 -2.93700962	 -0.80079695	 
1.78796097	 6.61121213	 -0.80149266	 
-2.15694857	 -5.60458057	 10.12090764	 
2.72799503	 0.47132388	 5.90426213	 
-0.67322491	 0.45507956	 -1.14360994	 
-1.28790987	 6.28920469	 -4.99728089	 
3.60964667	 -0.32092355	 1.93505953	 
0.75241963	 -1.63450579	 3.31587476	 
-0.30048373	 -2.15986392	 5.85009255	 
1.06836950	 2.86958541	 -4.08305318	 
4.79345369	 0.22147968	 -2.92524884	 
-3.58418237	 -2.72728775	 -0.62206421	 
0.06325704	 0.08533705	 -0.72591922	 
2.20359378	 -1.08978143	 -3.68134168	 
2.26102757	 6.79876444	 5.48119202	 
-0.34154288	 0.31777912	 1.36850240	 
-0.55147336	 2.76236713	 -1.71174834	 
0.19225267	 1.25991853	 -2.58538478	 
3.04879399	 -2.90555364	 -4.42497027	 
1.75627482	 -1.79086296	 -5.17252837	 
0.13524319	 -5.12383297	 -3.65020430	 
1.81937478	 -3.43072345	 1.47157898	 
-1.79117963	 2.75510873	 3.28177673	 
-4.34567888	 3.08389336	 2.88480838	 
-0.85408799	 2.25000605	 -3.88478709	 
-2.78535366	 2.02593176	 2.95767269	 
-0.67908387	 -0.25422384	 -3.26791056	 
1.78379465	 0.05143204	 2.11340430	 
6.57562842	 5.97213492	 -7.22298968	 
5.28241973	 1.86863303	 -3.77531254	 
-0.57180745	 1.47163750	 2.19617910	 
-1.08184758	 -1.16784212	 5.40208724	 
-2.97616184	 2.29964800	 3.26148533	 
-1.19511517	 -0.58923916	 -6.59228206	 
1.26569440	 -1.73959471	 7.63879255	 
-5.77451041	 -3.79308918	 -4.49797402	 
-2.19908366	 1.02435097	 4.22419842	 
-2.05222586	 -1.50050563	 -3.94500163	 
0.54780162	 -0.32341615	 -2.24164145	 
3.21135890	 -1.71944042	 -7.66771578	 
0.74115248	 1.09697096	 -2.57947127	 
1.83036488	 -0.47115969	 -3.08930574	 
-3.48379527	 -0.19098130	 8.29381487	 
1.69494737	 -0.62359947	 2.47831414	 
-2.10984799	 5.66761901	 -5.28617453	 
-1.83360848	 1.21922212	 0.56330409	 
-0.34747746	 2.00007106	 2.58052634	 
0.89254832	 0.16939521	 7.19924389	 
-0.75125222	 1.53611808	 6.64040895	 
-4.98959618	 -0.31800548	 1.12133002	 
-2.18848065	 -1.01239733	 -7.22341761	 
-2.50813538	 -1.48109639	 -3.14008078	 
-1.94815938	 -0.86328588	 2.49261693	 
-1.01198461	 -1.75734598	 -3.44832587	 
-0.54153017	 1.64084504	 4.36474340	 
-0.87542610	 0.55308639	 1.22353003	 
3.24168843	 0.47436470	 -2.19869162	 
-7.71283378	 0.07121070	 -4.90980341	 
-0.77429559	 0.61269657	 -2.91066085	 
1.90731450	 -0.41471733	 2.05742002	 
1.04570326	 0.36971299	 -5.33226237	 
0.50867591	 2.34208148	 -3.67456318	 
-3.28200050	 -5.56304746	 5.18555570	 
-2.83926591	 -4.07846450	 -4.47535918	 
-1.39553432	 -0.85260175	 1.62274675	 
2.95058922	 -0.27357803	 5.58995612	 
4.91859924	 2.57340458	 2.16764221	 
-1.36250997	 -2.92984710	 1.95923375	 
-3.56825837	 0.68125815	 -5.34539899	 
-3.48417233	 -2.60816406	 3.71563731	 
-4.90818575	 -4.08041741	 10.70208895	 
-5.75718398	 0.91472872	 4.57078684	 
0.73363668	 3.08323271	 -3.01373174	 
2.36807239	 -3.77914615	 1.84755417	 
-2.00295201	 -0.93903465	 2.12894219	 
2.59947317	 1.55022175	 -1.75396685	 
1.84545776	 2.33368358	 -1.82179201	 
1.22377109	 0.46124907	 -1.05864256	 
-3.35318010	 3.78392204	 -1.64937275	 
3.64718182	 5.61586349	 4.38798805	 
-1.62905968	 1.60605013	 4.47671580	 
-1.79546851	 0.16511324	 2.39316398	 
1.12313633	 -3.69850213	 -3.60165873	 
0.34037000	 -2.04847553	 2.43665844	 
2.90834120	 -3.16524631	 3.56544139	 
6.04337744	 5.04301959	 4.71736316	 
-2.28646841	 -3.17959086	 -2.69950757	 
1.31389578	 3.89916227	 5.02521276	 
1.88808099	 1.46582892	 -2.53564573	 
0.40427082	 -0.60947381	 -3.65045533	 
-0.31153377	 -1.43461995	 -1.65294805	 
-0.44137195	 -1.19813781	 -1.61157141	 
-4.47934962	 1.28256275	 -5.52912236	 
-0.26346796	 5.81703520	 -9.69176317	 
4.35522268	 1.10289335	 3.57156910	 
2.27551929	 -0.39488489	 3.36939521	 
2.14820919	 0.31553811	 5.15735340	 
6.03142655	 -1.11908097	 -3.45647228	 
2.01017279	 1.54680118	 -1.84623109	 
-2.29390887	 -0.95161594	 -5.77389136	 
2.44576938	 3.63921084	 2.00123412	 
2.02272597	 2.32111687	 -4.44927067	 
3.35993720	 0.89635053	 -5.48158299	 
1.20214621	 4.68241971	 2.71386596	 
1.80051807	 0.05573186	 5.45078133	 
1.59537701	 -2.07962747	 -3.39826190	 
-2.25294126	 -0.25318090	 -5.17521342	 
1.98662369	 4.03277560	 -4.56492627	 
-1.52445806	 -0.46046607	 1.25210150	 
0.20439891	 1.78287596	 3.49013582	 
3.03780940	 -0.59466885	 -1.29356699	 
3.69680792	 0.07589061	 6.63112090	 
0.26642557	 1.80273613	 2.06250932	 
0.42017474	 0.00572894	 4.93014913	 
0.75760627	 -1.66205666	 2.27335986	 
-0.41516362	 -0.49717665	 -1.99596240	 
-0.47691783	 -0.39313210	 4.05342610	 
1.97383947	 4.77288936	 -3.70967785	 
-0.08782576	 1.68231598	 3.58652151	 
2.13775782	 3.25658458	 4.96783378	 
3.31363546	 0.47775075	 2.50143168	 
0.79202929	 0.34603038	 -2.03750961	 
2.22241244	 0.41977859	 5.06853501	 
0.84702592	 6.02566236	 -4.14990537	 
-0.52153836	 -1.14243699	 3.80236696	 
0.17467371	 0.67324241	 -0.30385995	 
-3.21288762	 0.17576270	 3.61253341	 
-1.59837456	 0.07996057	 -2.85801019	 
-0.39363242	 1.05459427	 0.91163071	 
2.77769761	 0.35705245	 -5.50682468	 
1.38894784	 -3.28214991	 3.66167018	 
-2.15535771	 0.40572405	 -1.87498871	 
-1.88401559	 0.51486894	 -5.37112471	 
3.58655515	 0.60942541	 -2.49033606	 
-6.19358863	 0.56689830	 6.32003719	 
5.81611442	 -1.29915917	 7.15281396	 
0.20377857	 2.87701903	 -7.21569684	 
-1.75180435	 -1.97686385	 5.24180944	 
3.05984462	 -4.81771857	 2.59410195	 
-0.74866174	 4.49534093	 -1.25356355	 
-1.35292258	 -0.06109579	 -4.87407483	 
2.55350561	 1.32241251	 -1.80629335	 
2.11077724	 3.31421868	 -3.87358955	 
-0.95609032	 -4.31767346	 -4.85604573	 
-1.04754640	 -0.05342310	 -2.59202391	 
1.24050014	 -0.69542077	 -2.86260339	 
0.32567328	 -2.36775261	 5.58045739	 
-0.21914192	 -1.27345138	 1.84541047	 
-0.42141220	 -3.21529732	 0.97744475	 
-2.53455071	 0.38651134	 -5.28746992	 
0.51773803	 0.98633047	 1.02209338	 
-3.28936764	 0.46224959	 5.40101809	 
0.81926283	 -0.15291477	 -3.13054200	 
-6.48139052	 -1.85855503	 -7.61879271	 
-0.78462416	 1.74474418	 -2.35573848	 
-1.78374164	 0.39936733	 -4.50497512	 
1.04561877	 3.82604319	 -3.06764445	 
-2.88480438	 1.21527298	 -2.53194293	 
3.13287032	 -1.54975537	 6.12461002	 
-1.65857523	 -1.68647362	 -3.62179023	 
-0.02236373	 -0.80038989	 3.58663696	 
-0.42578677	 -3.91937032	 4.02156948	 
-2.46552852	 -0.77206848	 4.21493800	 
-3.76686585	 -7.34481321	 -4.74721013	 
5.32407033	 -0.48161938	 3.80261955	 
-2.14917808	 5.04158020	 4.56371247	 
-2.38942899	 0.95355450	 1.75640731	 
1.75137299	 -0.97774483	 3.56073079	 
-3.42434567	 -0.14764729	 3.19585934	 
-1.90187794	 -0.53912306	 0.96498567	 
-1.63410364	 -1.45726746	 -1.02029829	 
-1.50822713	 1.86946039	 2.93315495	 
-0.21127039	 -0.29294989	 -3.86562986	 
-0.42472273	 4.45536965	 5.23182898	 
-2.08377086	 0.76522628	 2.14168773	 
0.09381099	 -0.67790555	 7.31431289	 
1.00508311	 2.82301960	 3.05630234	 
-0.80034888	 -1.27735702	 -3.07641846	 
3.55677479	 0.76589449	 8.46113768	 
-4.02445121	 0.04516252	 -1.60872905	 
-0.87826180	 -1.43187864	 1.89931850	 
1.13202131	 -1.17105389	 0.96455561	 
-0.41788382	 -2.04839572	 -6.20903887	 
2.51178830	 -0.05888550	 -2.33570655	 
0.79032433	 -0.10995908	 0.89002999	 
0.63905288	 0.64434546	 -2.08710539	 
-5.86714383	 7.26991756	 -6.95189245	 
0.19642711	 -1.55621737	 -1.48468248	 
1.00115106	 0.28351193	 1.75170828	 
-2.00238889	 1.42462521	 2.78358449	 
-0.81205482	 -1.88960628	 6.52774670	 
2.78703094	 -2.31984778	 1.55125547	 
1.29409595	 -0.02550475	 3.83213703	 
-1.78301205	 -2.19720880	 2.53692627	 
0.01585879	 3.54167260	 -1.63923450	 
1.42493046	 -1.54866250	 -1.71112864	 
-2.34951905	 0.01461582	 -2.01157915	 
-1.06508972	 1.26243489	 -1.64137934	 
0.01057694	 2.37551991	 0.96045381	 
-3.10079664	 1.69197123	 4.59561674	 
-1.48174766	 -0.08442692	 2.94153291	 
-2.16802018	 -1.89788005	 -8.53120404	 
-0.08444920	 2.10516548	 5.60656482	 
-4.37906855	 -5.19919689	 4.17016409	 
-0.89384363	 -0.30190897	 4.53829077	 
2.27027298	 -1.71626416	 4.40757872	 
-0.02666003	 1.94754157	 -4.47493008	 
1.22053827	 -0.50503236	 -8.43659133	 
1.39274887	 -1.56265132	 -6.00147193	 
-0.61271577	 1.12541430	 -2.39245931	 
-1.04729798	 0.23261541	 1.76244359	 
1.59260630	 -0.59130951	 1.49521306	 
-2.35241415	 2.59646663	 1.92961723	 
1.85933796	 -0.55832056	 -2.31404621	 
-0.39645310	 -0.64898418	 3.03106547	 
-1.07604787	 -0.59971676	 -1.33109901	 
1.01610308	 3.33942128	 -2.47357050	 
1.17467323	 -0.41619881	 1.28460372	 
1.20010157	 -1.06483266	 -2.88309932	 
-1.01883025	 0.21175445	 -1.07270290	 
0.71686696	 -2.29360524	 5.48790788	 
2.11781084	 6.13850003	 3.43549204	 
4.56694040	 4.49952494	 -4.81388143	 
-2.65708701	 -8.43794643	 -7.98458331	 
-1.03965802	 -1.75210341	 -7.37476310	 
-0.64274639	 -0.11337300	 -0.60429909	 
-0.20804465	 -1.53477534	 -4.70199716	 
-0.42858848	 1.15591407	 -1.30243161	 
0.11930185	 1.33443938	 2.58918832	 
8.08141999	 1.06972647	 -2.29166228	 
1.09240191	 -0.02446347	 4.98247244	 
-1.73747462	 1.24610826	 -1.88120185	 
-0.40222301	 -0.18912593	 -1.56321587	 
1.90327317	 0.18797689	 6.32758478	 
-0.38285882	 1.39706404	 -3.91786901	 
-2.79213355	 -4.12071056	 -5.22745305	 
-0.62087864	 9.17533680	 -13.54919564	 
-0.76410103	 0.56445470	 -2.98740679	 
-0.12785561	 -0.32087010	 -2.92741669	 
-3.09567255	 -1.01259382	 1.83765271	 
-0.41064702	 1.86151027	 -2.49166245	 
-2.12302610	 3.10213922	 -2.52484401	 
-0.69799834	 1.14166135	 -3.82743942	 
0.60448075	 -1.87251630	 6.33792986	 
1.23699132	 -2.72412029	 4.63140064	 
-3.31923675	 -0.67502904	 6.17639284	 
-0.39210915	 -0.79264503	 0.49219652	 
-6.99420527	 4.15696454	 -7.94511027	 
-0.06185298	 0.48915514	 -1.78563959	 
1.43735783	 2.91833376	 4.80112138	 
-1.28348178	 -1.55980258	 -2.17707899	 
-0.96273414	 0.39140099	 3.69515998	 
3.85084142	 -1.09482040	 -1.55656001	 
-1.41200239	 -2.29480351	 -5.83629914	 
-0.62187078	 1.43007386	 -5.35027518	 
7.95743350	 -4.76452091	 4.58408925	 
-0.28001062	 -0.67793542	 -1.95267833	 
-3.48486625	 1.25575639	 5.24202414	 
-0.24330475	 1.01296925	 -6.80125912	 
-0.08856457	 -1.87690778	 -1.83760269	 
0.91230265	 0.96085729	 3.21397740	 
1.89046869	 -1.92723055	 -7.99793445	 
3.11615946	 -5.03283544	 2.04090766	 
1.01717281	 -0.13743049	 3.59238671	 
2.78387329	 -1.51162201	 2.79353150	 
1.80156413	 -0.08765823	 2.82777184	 
5.67793307	 -1.50434567	 2.36372345	 
0.72792450	 3.31896690	 5.33517062	 
-1.49123400	 -0.92845392	 3.86202689	 
1.99019605	 2.29791202	 -5.66485748	 
-1.09809168	 -3.01457641	 6.72585473	 
0.68325395	 -1.81591325	 -2.31340301	 
-4.33764524	 -5.95862308	 -5.84407867	 
-1.51972421	 0.47651761	 -3.30555314	 
-1.13773388	 2.53259574	 -3.30697055	 
4.48386801	 2.15410868	 -3.31614189	 
-2.11734652	 5.33079625	 7.87039041	 
-0.27289323	 -0.31438454	 -1.97267146	 
-1.02832088	 3.02504821	 4.65925533	 
0.85515733	 0.53393575	 -4.17296461	 
0.25676707	 -0.52137044	 1.29746674	 
-1.44191990	 2.25029848	 1.43778483	 
0.62339501	 -4.24166909	 4.98186613	 
0.03968650	 -2.74082240	 3.82990268	 
-2.44781558	 -1.15236409	 2.28696895	 
0.68251528	 0.78186400	 4.06202548	 
-1.14782529	 2.80281290	 1.36439110	 
5.79537090	 2.39536368	 -1.49614195	 
-1.10137169	 1.89959594	 3.80964873	 
-0.72559802	 -0.47601642	 2.25898812	 
2.51291721	 -4.17099123	 3.42704739	 
3.99881926	 2.57745398	 7.16091171	 
5.34518341	 -0.79782564	 2.90392849	 
-1.19232123	 -3.15373803	 -0.37186457	 
3.31788607	 -1.76012615	 1.76407531	 
1.41189770	 -2.65988394	 2.40587217	 
-2.20350413	 0.13687764	 -4.40072500	 
-0.30287938	 -1.28711259	 4.14158965	 
-4.13127790	 5.59025576	 5.28594653	 
-2.45553166	 -6.75555286	 -5.07044527	 
5.08606508	 -2.36042003	 7.59452643	 
-5.37522545	 3.01898441	 4.50734677	 
-2.11051773	 -1.52751542	 -12.29098038	 
-0.76745531	 0.78074155	 4.02492014	 
-4.23736186	 0.71368872	 2.17811460	 
-4.86380559	 2.00094524	 -3.92003259	 
1.16368888	 0.70219257	 3.39392591	 
-0.20280364	 -1.83587207	 4.58236741	 
2.07987792	 -3.62677853	 4.30023648	 
1.63155035	 -0.68932394	 -5.78076916	 
-1.79559561	 -5.44821658	 -6.02633085	 
-0.19557229	 0.06884212	 3.90306485	 
-0.27813036	 0.51474012	 2.52361809	 
3.25125929	 -2.78078082	 -3.04735515	 
-2.95997299	 0.62136814	 1.22194563	 
1.62812158	 1.22201141	 -3.28378797	 
-2.15605027	 -0.61675887	 -1.64279349	 
0.36871489	 0.68148655	 -5.03325960	 
0.89082665	 1.11926448	 -3.47922723	 
4.35448228	 7.37759427	 -4.40445614	 
-0.16184537	 1.45556616	 5.03625107	 
0.37054607	 3.89232125	 -3.13756356	 
2.32899561	 1.94865887	 -2.70387032	 
-6.35683950	 -0.46808767	 6.16659784	 
0.95064026	 -1.06561021	 2.20384322	 
-0.81327454	 4.09013608	 -2.22021657	 
-0.27924632	 0.14153698	 7.75116716	 
-3.99059307	 -2.05678237	 4.77581017	 
-1.02650831	 -2.31085496	 -2.57971051	 
-0.83722988	 1.03525826	 -3.62692279	 
1.54205618	 -3.05241870	 0.49865611	 
2.96133131	 -1.20396545	 -2.14102209	 
-0.50435180	 -4.50068259	 -4.13923624	 
0.33572150	 -1.10069344	 2.12271219	 
-1.56521222	 -2.96444863	 5.02274587	 
0.19553568	 0.52864184	 -5.51288386	 
0.43505218	 -0.18957450	 -5.96357125	 
5.09589051	 1.89358822	 3.46458587	 
2.98048782	 1.21415116	 -3.69345241	 
-2.67686879	 1.26406485	 -5.96815538	 
0.21047649	 -1.25997252	 -4.99086341	 
0.93394559	 2.49982529	 4.29098725	 
-1.54510205	 3.89290905	 4.93165800	 
-2.18488767	 1.23892504	 1.45042417	 
5.25013924	 -4.74676322	 -1.66589599	 
2.12720245	 4.05430672	 -10.06655346	 
4.96485462	 -0.47293943	 -3.67682901	 
-4.92557702	 1.32724782	 -4.26554529	 
2.18557504	 0.05829203	 -1.34371377	 
0.34076774	 -0.60999864	 -6.34807433	 
3.71982920	 -3.29705160	 2.24486907	 
1.63947028	 -1.19049907	 -1.05558917	 
-1.36027281	 3.64722083	 3.25882656	 
-4.98096728	 -3.65749831	 -6.03759572	 
-1.63579501	 -6.35125188	 -2.53004685	 
-0.69324960	 -2.94667873	 4.97867710	 
-0.20229448	 1.51395995	 2.00613677	 
-0.14272403	 -2.47849358	 -6.75243452	 
-3.44075948	 0.60829950	 6.58297558	 
2.45382553	 0.99951097	 1.82086552	 
0.86510097	 -4.79519121	 -3.77566071	 
0.26836146	 -0.31641519	 2.28300630	 
2.64621072	 4.02012503	 1.40855259	 
-0.20234897	 -1.70708758	 3.18100692	 
0.00039771	 1.64597802	 -0.77592796	 
1.29933224	 -0.22028069	 -4.77736958	 
-4.44933574	 2.84693780	 3.11962813	 
-0.37571768	 -1.55061346	 -2.34970177	 
-1.15813473	 1.18285960	 8.15432221	 
0.26859885	 0.61461287	 1.75528337	 
0.16064231	 2.66664150	 -3.72141883	 
2.62245583	 -0.71860774	 2.83011021	 
2.67783342	 0.35972199	 -2.98318140	 
-2.60485391	 -4.85857184	 2.33366941	 
-6.02969313	 -1.10866209	 -9.54501443	 
-2.76932743	 -4.44967600	 3.16314710	 
3.54904873	 0.70631376	 -4.24410883	 
3.83991113	 -4.06487993	 -5.97031253	 
-0.13982967	 -1.26166697	 9.99980764	 
-0.04640983	 0.32931039	 1.90065626	 
0.18909379	 2.07378401	 2.58107642	 
-0.85466018	 0.39937443	 -2.82523068	 
-2.83577893	 0.60516505	 -2.11364826	 
1.04040942	 -2.53291022	 4.98214154	 
-3.64647175	 3.12939793	 7.52821348	 
-0.69967811	 1.66127617	 4.12053165	 
2.37900700	 0.10216588	 2.61152832	 
-0.28498543	 -0.46781265	 -1.76993209	 
-0.65008742	 -2.59675008	 -2.97143266	 
-0.75798843	 -0.11215818	 6.17183134	 
0.00665487	 -1.11256343	 4.86191032	 
-3.50351415	 0.67290617	 3.77690666	 
-1.04738240	 4.84960627	 -2.87533128	 
1.28039890	 -1.01045463	 -3.15672825	 
-5.47433775	 0.99540185	 4.10524267	 
-0.70675397	 -0.85383710	 -1.73004684	 
-3.39311924	 -0.15756668	 5.75820011	 
7.34509033	 3.35340550	 2.59079825	 
-1.76588101	 1.94128302	 4.27501322	 
-0.70102218	 3.78745343	 -2.00096885	 
2.88550257	 0.45997246	 -1.32286786	 
2.17683830	 0.82610078	 2.34052967	 
10.24594563	 -4.22931427	 -13.10713962	 
0.44473831	 2.11727617	 -3.76441698	 
-0.36574601	 0.35112710	 -3.07257498	 
2.12904982	 -1.84580505	 -2.27120063	 
2.43857203	 2.03787822	 3.23267487	 
3.90380303	 3.40469635	 3.09892110	 
-4.10550546	 2.29583643	 1.71180333	 
-1.16298252	 2.39827675	 -4.73880127	 
-3.49896563	 -2.72218096	 3.75372449	 
2.41402224	 -2.54603659	 -7.29054807	 
-2.11563020	 -0.59285406	 3.66275457	 
4.19275598	 -1.39268286	 -2.27723106	 
-4.51318863	 -3.48299979	 -5.31485556	 
-1.67170771	 0.30340291	 -4.07620195	 
1.79119917	 -1.22684067	 4.38581982	 
-1.51909029	 -0.16362629	 -2.54512329	 
2.33315262	 -0.20147150	 -0.81497993	 
0.65015953	 -5.73359173	 -1.45874066	 
-1.71866587	 0.62343256	 -4.60290827	 
-0.38907649	 -2.08309328	 2.55442080	 
-0.78797167	 -3.64085159	 -3.97701199	 
-1.01381500	 -0.93195738	 3.97559711	 
3.83486480	 -2.69042071	 -5.55926664	 
-1.75201423	 1.91435736	 -4.98817313	 
-1.44815788	 -0.69054255	 1.05795857	 
2.06372321	 -5.79366227	 -4.55570512	 
-3.82906454	 -4.34807641	 -9.90689171	 
-2.36819967	 -0.19815248	 4.45244977	 
-0.77192761	 0.31254166	 -2.68848943	 
-2.31793996	 -1.98892501	 3.68662548	 
-5.98545599	 -6.47887749	 -12.20636412	 
-3.84215541	 -0.46281643	 4.99225071	 
-1.02672280	 2.30984141	 -2.39131435	 
3.01823466	 -0.38959939	 2.24862190	 
-0.84236495	 3.56509160	 -4.95755194	 
-1.30698208	 0.18227013	 1.00871656	 
-2.84122825	 -3.47074935	 -1.12653792	 
-4.10542232	 3.82669276	 3.10528564	 
-4.56028579	 -0.23156464	 6.17544482	 
-0.88781292	 -3.58554566	 5.81094824	 
-4.20929785	 -6.62710172	 1.27554821	 
0.74693449	 -1.81334676	 -3.09753729	 
-0.23845340	 2.75714670	 4.54036604	 
1.33639695	 2.06476593	 -4.83985618	 
0.66303370	 1.71163577	 -1.77719325	 
-1.72501022	 -0.80448300	 -2.53340758	 
-1.54699834	 -0.87324822	 -2.14283469	 
1.16658161	 2.36549267	 -0.63195427	 
5.31597055	 -4.49035934	 3.12156042	 
-0.12624687	 -1.77459576	 4.41256630	 
-2.22354325	 0.45039861	 1.59218878	 
-0.41521377	 1.36706205	 2.23452982	 
-1.44133250	 -1.28211667	 1.40487854	 
2.99611310	 1.69536402	 3.02166850	 
-0.67493312	 -0.22224094	 -1.60192694	 
2.00711269	 -0.00793893	 -2.94057558	 
0.82821413	 -2.66365364	 1.45414646	 
0.65371196	 -4.56248602	 -2.18430048	 
1.82859853	 -0.72257751	 -1.41667290	 
0.46463088	 5.21042321	 -0.52521265	 
-0.16662152	 -3.80042819	 3.71595111	 
-0.43749407	 -0.56571232	 4.11356439	 
-2.50196803	 0.60278053	 0.91652001	 
-5.51005341	 -1.38710681	 -3.32420463	 
-0.80458649	 -2.34498397	 -5.77578297	 
-1.27009722	 0.63150662	 2.99309470	 
-0.79001570	 -1.55302079	 -1.73265487	 
-1.92033793	 1.24986817	 -5.46094935	 
-3.71364625	 5.53524761	 4.42488350	 
-0.75259659	 -1.79790398	 1.72203157	 
1.93973854	 -3.49151671	 -2.91913380	 
-3.08352693	 2.00286324	 3.21505648	 
0.82229188	 -2.33759685	 3.87674293	 
2.46733084	 -0.80494325	 -2.68280318	 
3.17145313	 -3.29518013	 -2.99442892	 
-0.53888492	 -2.41986497	 1.88703973	 
-2.72853312	 0.14951277	 3.01153291	 
-0.87314127	 -1.83490775	 3.35772693	 
0.48127005	 -0.29133484	 -1.15312692	 
1.03133797	 0.17129768	 -3.07407164	 
-1.72682250	 0.40903425	 -1.82568569	 
-1.18028716	 -4.77845534	 5.48855610	 
1.25064393	 -0.55150910	 -4.09089339	 
-1.11757050	 -0.28489888	 2.99184557	 
3.00368829	 -0.21732110	 -8.48854922	 
-4.26115373	 0.25535338	 5.75054327	 
2.95907729	 -1.19346466	 3.37652847	 
-3.27867963	 -1.17632683	 3.79535535	 
1.55344754	 -3.69622782	 -5.31089639	 
-1.69128307	 -0.43244122	 -1.95889182	 
0.12539017	 -0.69279215	 -3.42423981	 
-2.49433306	 6.30582437	 -5.14471057	 
2.63949963	 -1.66928991	 5.32414932	 
-2.66955996	 1.62514124	 4.45624259	 
-2.00209574	 0.72254298	 1.92103691	 
1.16526398	 1.30976100	 1.93880945	 
-1.19914269	 3.97034161	 3.91680692	 
-3.12849059	 1.12612924	 -5.63050142	 
-3.71455696	 0.91377787	 3.84167784	 
-3.20046056	 0.62688538	 4.30377839	 
-0.72390264	 -2.80147022	 -7.36287268	 
0.98126086	 -2.08851971	 6.21445552	 
1.61846940	 0.98765654	 4.64369887	 
0.44601953	 -2.21871664	 -2.73933708	 
-2.40981288	 -1.88824210	 -6.21067583	 
2.99226122	 -1.87405641	 -5.50665183	 
0.49957447	 -1.87414487	 2.61363397	 
-0.13349550	 -1.10250801	 -2.80055935	 
-0.88165613	 -1.13416137	 -0.53314830	 
1.68905125	 -1.42045573	 -3.87309253	 
1.64076152	 -0.63900832	 2.79997990	 
-1.40695448	 -4.11627365	 6.54720587	 
-1.96587189	 -1.59197351	 4.81780708	 
1.62016861	 -1.21257853	 -4.53728096	 
0.68849332	 0.25677264	 -3.66026059	 
-2.92552404	 -1.53953098	 -3.19132171	 
1.71924663	 0.20707112	 3.40666014	 
-1.25246507	 3.38471915	 -3.60450957	 
4.28486706	 -2.02072402	 -6.15598213	 
-1.26445713	 4.45999266	 1.63646680	 
1.62674912	 0.77993527	 -4.27112045	 
-2.42824757	 3.90386670	 -6.45238439	 
1.71573218	 -2.68157711	 -2.81120837	 
3.89118990	 -1.29240578	 8.75064382	 
-1.29391286	 -1.25960553	 -1.74351927	 
-2.54183681	 -0.59747147	 3.86207656	 
-3.60774856	 1.09739204	 -4.33237052	 
-0.65866423	 -1.34658381	 -4.87950553	 
-1.05778178	 0.25590824	 3.22480958	 
3.28413064	 3.24701640	 0.93731045	 
1.24425330	 -1.26619841	 -1.50455818	 
-3.60493045	 5.63526344	 -3.65965643	 
-3.80430667	 -4.60886258	 -2.48912448	 
-1.31787330	 -0.92775279	 2.66865663	 
-0.44609453	 0.40833453	 -2.21949199	 
1.10072382	 2.20400027	 -4.01096065	 
0.42099225	 -1.94357321	 2.02390342	 
-2.02914579	 -3.93780751	 4.01054699	 
-1.72738460	 -0.99847450	 1.58674742	 
-0.61669156	 0.67210038	 -1.84069938	 
-0.14700723	 -6.69434298	 6.80431581	 
-0.28832192	 2.49672699	 -6.82041604	 
-7.42026667	 -5.09989680	 4.39761418	 
-0.58016952	 0.42126590	 1.97864637	 
-2.36648836	 -0.21705564	 -2.37924124	 
0.10191141	 2.89799362	 -3.18421115	 
-0.73119109	 0.39071855	 0.81433808	 
1.89136028	 -0.17644439	 -6.12395496	 
1.12106035	 2.25471919	 5.75027901	 
0.64063669	 0.35971199	 3.16396108	 
1.13055746	 -1.90633572	 -2.36910324	 
-1.11011137	 -0.13855881	 3.44829206	 
-3.17014445	 -1.34793965	 -1.77270161	 
0.83014605	 -1.62851519	 3.66422283	 
0.10822329	 2.33727960	 -0.90061375	 
0.77879315	 -4.74110400	 2.80100740	 
-1.67729636	 -0.04151777	 -4.35308193	 
-2.82836689	 -2.94048071	 -3.84735981	 
5.02291092	 1.85214984	 8.61151232	 
-0.51479723	 -0.53185762	 -3.62430182	 
-2.07428781	 0.48744282	 2.85858216	 
2.22413373	 2.56313394	 -6.28099122	 
0.72741921	 -0.03223363	 3.34355055	 
1.07981094	 2.06759795	 -4.60187469	 
-1.61741484	 0.54879063	 5.47780511	 
4.10323323	 0.84630077	 7.18083405	 
-1.74494174	 0.12485429	 4.91942814	 
-3.29922230	 2.86596057	 -5.09270594	 
0.18895751	 0.70165971	 3.97644136	 
2.66244605	 1.08706291	 4.39010715	 
-1.14099002	 -0.39263551	 -2.52334891	 
3.78242705	 0.12343319	 -4.10872347	 
0.85376972	 0.29449328	 6.13241065	 
3.70069145	 -1.20555503	 2.23188745	 
-0.41636155	 -1.46114869	 -2.30923750	 
-3.40561070	 0.26402601	 -3.21351078	 
-3.57278056	 -8.96630418	 8.21663020	 
3.94074465	 -2.10211865	 -7.55261169	 
-0.73467152	 -2.66184152	 -0.58718482	 
2.30434304	 -2.17225167	 -2.34208685	 
3.89494596	 0.92455810	 5.13294342	 
1.04275626	 0.38321263	 3.80210711	 
4.23461660	 -1.63917754	 5.07487252	 
-2.20936160	 0.96651856	 11.82382117	 
-1.35893849	 1.33657540	 2.95242079	 
0.13346936	 2.39011778	 1.80257850	 
1.70088992	 -2.89404527	 -1.66679655	 
-1.00063334	 4.71746900	 -9.29615835	 
5.09618535	 -2.24456657	 -0.63621278	 
2.06903960	 -0.06863882	 3.74746653	 
11.42908464	 2.93433418	 -9.91645286	 
-1.13179689	 2.03200142	 6.36999494	 
-1.16422714	 6.23447625	 9.29099905	 
-0.90080988	 -0.42416178	 -1.21784958	 
3.48643479	 0.09006202	 1.27203399	 
1.42859205	 2.85574893	 -3.68517852	 
4.63093943	 -1.11405592	 5.76645637	 
-1.60101399	 -1.38157352	 5.78703218	 
1.33313597	 0.29168460	 -6.21126572	 
-0.48572029	 -1.84572663	 -1.55430389	 
4.11078928	 -2.82521540	 7.38087887	 
2.82449463	 -0.42337374	 2.62532303	 
0.12964201	 -0.44112453	 -2.55858230	 
2.69033555	 -0.72558667	 2.57997968	 
-2.05556072	 0.90250301	 2.31424225	 
1.67186106	 1.83748618	 1.24497182	 
2.05318081	 5.80237703	 2.96936181	 
1.81575689	 -0.91960671	 3.65394534	 
0.65231044	 0.22158806	 -5.30368252	 
-4.95450599	 6.25526653	 -3.77042492	 
1.15486949	 -3.58032324	 -3.70968885	 
4.77962668	 1.36851267	 -3.16403887	 
-0.58416479	 0.91640067	 -4.24617118	 
2.70407020	 -0.53649980	 2.00177626	 
1.23784724	 -0.40141225	 4.97880220	 
0.27184764	 -1.98281841	 4.60030319	 
0.06945049	 -0.52282967	 4.28718140	 
-3.01988623	 2.45213739	 6.31929681	 
0.81151932	 -2.24756723	 -5.64276074	 
0.18137721	 2.43043845	 -3.22234612	 
0.70270655	 -0.48501270	 1.50774973	 
5.46042558	 -3.87268857	 -3.53452614	 
-5.99145748	 1.61522881	 -3.28965122	 
4.51933194	 -2.07982099	 -4.80765435	 
-1.85765635	 -1.71072562	 -2.93109307	 
3.47829618	 0.48189210	 -8.79271639	 
-1.74677692	 -0.33939014	 3.48128523	 
-0.54454795	 -3.77797853	 7.49365089	 
-0.64311602	 0.11576673	 2.91297170	 
0.98159603	 -1.65733601	 3.09887303	 
1.82887427	 5.34322232	 6.40737917	 
3.70995629	 -0.30620843	 4.23927549	 
-2.69523013	 -1.07056181	 -2.31504949	 
-0.10803529	 -1.55385292	 -1.79065660	 
-7.71214413	 3.13688063	 7.40883404	 
-4.05703400	 -3.39280862	 -2.65457930	 
0.66591867	 3.10659448	 2.83333412	 
1.80961600	 1.59198125	 -6.36996355	 
1.57529995	 2.82282238	 -4.97410646	 
1.13206782	 1.39217586	 6.10493516	 
-6.92910861	 1.14822340	 3.93242247	 
1.13625293	 2.39868384	 -3.29472956	 
2.25209047	 0.43523069	 -4.88725123	 
1.78974950	 -1.48266291	 1.59747938	 
0.15736068	 6.31686047	 -3.10917770	 
-1.54170970	 -2.78578076	 -1.24000972	 
0.17167696	 1.39625731	 3.50725525	 
0.38313593	 -0.27515421	 5.37531991	 
-2.18886853	 -0.31134919	 4.41092159	 
-2.35837030	 -1.87314587	 -2.31936670	 
4.16632153	 1.62114218	 1.86485480	 
-0.83634456	 -3.33351457	 5.29212637	 
-1.68268745	 3.17884754	 1.65960909	 
-5.06575706	 -0.01157186	 -8.06235136	 
-1.62632308	 2.21804492	 3.33987392	 
0.06408739	 -1.97766306	 5.08995159	 
1.70124009	 2.95888547	 3.21372635	 
0.89756256	 -1.81168244	 -3.38539174	 
1.49358614	 -0.25983161	 -1.36103783	 
-0.23280168	 1.64856565	 -5.79052892	 
2.12278249	 -2.63259835	 -3.59482627	 
2.36285097	 2.39922088	 -4.43675209	 
2.05455875	 -1.53363948	 -10.17780599	 
-7.85401975	 0.53010092	 3.38882126	 
2.61062177	 -0.54383459	 -2.03269996	 
0.78418894	 -1.07366664	 1.87562803	 
0.38031025	 0.66202764	 -4.62434340	 
0.38135051	 -0.97538132	 -8.58463396	 
-3.38543725	 2.99413190	 -3.86110347	 
-3.05588793	 2.93636124	 6.10939022	 
0.74554031	 6.05888366	 1.94003258	 
0.54892693	 -0.02862236	 -2.46889527	 
2.85521676	 -0.13320833	 1.41162391	 
0.00689275	 0.52122400	 -6.10426603	 
-4.04598893	 -2.44577930	 0.50036148	 
-2.46598020	 2.25999673	 -6.27387821	 
-1.21249888	 0.92550072	 -4.00544914	 
-3.29957261	 2.14662345	 4.10898470	 
-4.19116415	 2.35493716	 3.88995148	 
-1.09437807	 1.21832706	 -1.79742329	 
-0.35078209	 -0.22506242	 -2.22336320	 
-1.71412430	 -2.52125491	 2.72783522	 
-3.43430997	 -2.63499089	 -6.27383234	 
0.83942496	 1.76219714	 -4.12658692	 
1.96828729	 -4.09279398	 -5.35073775	 
1.76335998	 0.15631078	 -3.87364498	 
3.94804066	 3.90643963	 -5.98105021	 
-2.34490154	 -2.40881154	 -2.66278781	 
-1.96897554	 -2.02518134	 1.73576033	 
-2.25556534	 0.79849273	 1.89591375	 
2.28645811	 -1.03846372	 1.86792469	 
-0.91949288	 2.22593280	 -5.70076092	 
-1.05173383	 0.17345115	 3.94094534	 
-0.27289226	 1.72556002	 1.66420762	 
-3.02472704	 3.46001767	 4.60111166	 
0.07106291	 -2.80601159	 5.11449265	 
-2.92052810	 1.16252848	 3.33772707	 
1.07000911	 1.95965839	 3.02988957	 
-2.90435293	 -4.80271675	 -2.67396866	 
-1.96498469	 -4.16018273	 -5.61345358	 
4.09611717	 -5.79121997	 -3.39440636	 
-0.54130836	 -2.30084673	 2.53596153	 
-0.35854178	 4.37630750	 3.96525026	 
1.52907713	 2.62299882	 -5.25662410	 
1.30176629	 2.15643794	 1.86406992	 
0.70680336	 -0.78798365	 -2.54341302	 
-1.75674030	 -2.03849770	 -1.96961183	 
-0.95777357	 -1.02235308	 -5.83229017	 
-1.64533728	 -2.17678841	 -7.42953721	 
1.61025119	 -3.66853896	 4.56326235	 
-0.93031125	 -2.75690932	 -1.70496244	 
-1.06906902	 2.84400480	 4.67273403	 
1.12330267	 1.66920496	 2.60958224	 
1.65307090	 -3.01694471	 -0.34603132	 
-0.21781226	 -2.73095971	 -1.90742967	 
-8.76467106	 5.38565883	 6.72235618	 
1.86662872	 -2.13627800	 -2.89235336	 
1.63904819	 0.70841620	 2.10784069	 
2.38126632	 1.88286872	 3.33019982	 
0.16934844	 0.15326333	 -3.41346909	 
-0.50755087	 -0.02042513	 -3.72752483	 
-2.85844772	 7.57530417	 -2.63913186	 
-2.57046155	 5.06394774	 -6.72376264	 
1.63090694	 -1.12133773	 1.78664370	 
3.46830347	 -0.46106772	 2.88923950	 
3.39589000	 0.34125463	 -7.59270726	 
1.99704528	 1.65234032	 -2.47847927	 
-4.48248948	 4.21341748	 3.37623928	 
-0.77915952	 1.94454563	 3.47462702	 
1.16993302	 -2.36779558	 8.23181187	 
2.95804962	 -2.33103756	 2.47404056	 
0.76333409	 3.36802095	 -4.68852767	 
-0.30958603	 -0.54434287	 -1.75778736	 
2.63404600	 -5.22215197	 -4.92481850	 
-4.95195041	 -3.85057942	 1.55489275	 
0.33770327	 -2.71727323	 -4.39495683	 
0.71517497	 -1.08888124	 4.84789899	 
0.19462283	 3.17164469	 2.26213351	 
1.75423414	 -1.15773089	 -4.97674768	 
0.45192793	 0.70161596	 2.68977852	 
-1.62213671	 -1.26844892	 0.98416746	 
-1.33446412	 -1.48819114	 3.99508562	 
5.49904086	 -3.30860792	 9.15834127	 
0.03957168	 4.00620206	 8.01713794	 
-1.09684092	 0.36717979	 -0.76623273	 
-2.11838089	 -4.19751659	 4.89384814	 
-4.08734957	 -0.48797035	 2.12136035	 
-1.49227986	 -3.57618136	 8.50395118	 
-2.54951161	 -1.92396779	 -1.94436626	 
-1.64924734	 -1.56522114	 3.84483108	 
0.86044313	 2.52204112	 2.31867791	 
0.11878497	 1.98486589	 3.77861420	 
0.11760486	 1.02702229	 -3.46628950	 
-5.88082132	 -2.02634158	 -3.17951562	 
-0.69525313	 5.73100425	 -2.79954360	 
-3.58461561	 -2.30977627	 -0.50106233	 
0.41916335	 0.78417497	 -2.57459475	 
-1.88826616	 0.63697004	 -1.67369829	 
-0.47811028	 -0.37325121	 -2.83407007	 
-3.82197934	 0.82047687	 -5.43541812	 
0.25971486	 -0.98185749	 5.14544320	 
0.76170502	 1.04208252	 -1.11435286	 
-5.05641867	 1.79236844	 4.70065998	 
-2.84207382	 -0.78938263	 5.41398315	 
0.40936947	 -2.38489401	 -2.78220870	 
0.07267593	 1.83901275	 0.84578372	 
-1.89576088	 5.76816530	 7.83368366	 
2.88909719	 0.31560204	 -1.20320416	 
1.10630368	 2.86385215	 -3.33483292	 
3.08742865	 -0.92443998	 1.24479899	 
4.84382283	 1.85675818	 -2.59669216	 
1.14265809	 2.27355157	 3.52552788	 
0.87671065	 3.68507566	 2.98922120	 
-1.07897266	 3.28768173	 -1.69385702	 
-1.57953227	 -1.16691537	 -2.63936731	 
0.99035658	 -2.98147283	 9.79058038	 
0.44219130	 -0.47742271	 -1.90065131	 
-0.47071104	 -0.35952622	 -4.58151459	 
4.85927708	 -2.95789633	 -6.12194410	 
4.33087694	 -0.21865479	 -1.71539900	 
3.31193687	 -0.43465111	 -3.80410042	 
-2.69746597	 4.30039982	 -2.94540242	 
0.62478157	 0.44064966	 -3.48115566	 
-0.79380416	 -0.64223906	 2.54470462	 
-2.30977316	 -4.20437361	 5.68387411	 
0.76907523	 0.27813382	 4.32596736	 
-2.29376710	 -1.82090468	 -0.96642497	 
-1.84080318	 -2.67316578	 -4.66168643	 
-2.55612701	 -3.12760799	 2.69965504	 
1.67041655	 2.58784299	 4.72120089	 
2.47108024	 -2.66543826	 -3.82730142	 
1.42258303	 1.09136377	 -4.00806408	 
-1.47210330	 1.20685647	 -6.57361994	 
-0.04499239	 0.32362406	 4.39811199	 
-1.30135179	 0.56926765	 1.49444015	 
2.92686039	 0.05668344	 -7.16651405	 
-1.20327493	 0.02449056	 -4.61784225	 
-7.06697906	 -1.60596427	 5.83768590	 
-3.06514248	 -2.75084444	 -5.62077140	 
4.45959022	 0.63030199	 -5.83526396	 
-0.68351362	 0.41671671	 5.42595784	 
-6.70396410	 0.91530813	 -8.05576149	 
1.82511303	 0.66147338	 -1.09756406	 
-1.06864931	 0.94740974	 -3.28004598	 
-1.05356353	 -2.23960427	 2.60534840	 
1.32311710	 -1.32335758	 -0.75790884	 
1.03329126	 -1.20482124	 -1.51349734	 
-1.57948608	 -1.05436160	 4.53651607	 
2.96239241	 4.12422901	 4.96584717	 
1.28686914	 1.73952172	 -4.83707836	 
-0.16617188	 0.93459878	 -1.31999190	 
0.38183795	 -0.05183637	 3.09761696	 
0.16993364	 -4.04268930	 5.45252051	 
-1.68090831	 2.63794819	 4.59374821	 
0.93254450	 1.10922485	 -1.92466516	 
-3.48345023	 1.87062334	 4.59124040	 
-3.42408514	 2.64599252	 2.80083041	 
-0.74046997	 2.66028013	 -2.05437714	 
4.43688076	 0.57027840	 5.11071325	 
-4.74769756	 -3.04488063	 4.03005657	 
-0.09010186	 -0.97440106	 -3.11643568	 
-2.20524151	 0.94241099	 1.76190033	 
-1.36253641	 2.54534998	 5.84563392	 
0.85003759	 -0.66122993	 -1.20190701	 
0.78833152	 -1.64778703	 -3.59389639	 
2.19422278	 3.95475239	 3.30321278	 
1.36436140	 -0.65669631	 -1.75054283	 
0.07311798	 -5.68072503	 -4.08415600	 
3.34759912	 -0.77271793	 -3.83305518	 
0.66478071	 -0.59187824	 1.34228112	 
-2.60309197	 3.45201277	 4.72193634	 
0.31063606	 1.85984914	 0.85304980	 
-0.65600796	 -0.03901023	 -3.61177417	 
0.07588971	 -1.56286809	 -3.24769407	 
1.26362206	 -0.25915005	 -1.07380099	 
1.49028750	 2.62728578	 -3.68931088	 
4.79695446	 -2.25744172	 4.62814194	 
-0.69916308	 -1.82869239	 2.75797415	 
-0.20136547	 -4.46947794	 -3.39500853	 
0.38547180	 1.08895141	 -2.46342547	 
-1.53514774	 0.63987969	 3.61877537	 
-1.83907741	 0.91561497	 -1.56712447	 
0.47176852	 1.88762718	 -2.43374135	 
-3.18610886	 0.18351312	 7.33725778	 
0.17575972	 -0.15626121	 2.08790396	 
1.37919306	 -5.17323706	 -2.23791891	 
-0.00727826	 -0.86548345	 8.59917823	 
0.54102501	 -3.89534183	 -2.24422518	 
-0.79860921	 -0.83557817	 3.42019811	 
1.58581148	 -2.28373411	 -4.76735247	 
-1.16555920	 0.16802996	 3.86842117	 
0.70181551	 -1.18994151	 1.15685036	 
0.31349159	 0.78048792	 -2.61000064	 
-1.13197569	 0.65467708	 -5.42226834	 
-0.47507048	 -2.56387743	 2.76601337	 
-3.54635037	 2.75882080	 0.97235370	 
-0.09445659	 1.79298314	 -2.16375260	 
-0.06542761	 -3.83694689	 -4.14735039	 
-0.22538041	 -0.56818301	 -3.92004578	 
0.59953525	 -0.45454529	 -4.50730589	 
-1.81218266	 -2.03319818	 10.22179010	 
-4.48304793	 0.78311297	 -1.30933869	 
2.70689607	 -3.05611585	 -5.06504125	 
-0.20938979	 -2.91487919	 -1.92749640	 
1.70293134	 -0.13372438	 -9.56353834	 
-3.96415559	 3.47043348	 1.59170980	 
-0.02874805	 0.19564927	 0.83510670	 
0.77742596	 -2.84626530	 -7.10297715	 
7.83206371	 4.81973936	 2.77721661	 
-2.46192725	 -1.59196982	 -2.36815756	 
1.77810199	 2.03549070	 -5.60165498	 
2.28808823	 -2.25651740	 -4.40297688	 
0.27604399	 1.58264811	 -1.33540953	 
1.46294462	 1.19005367	 -3.21021311	 
1.98194996	 -4.65840160	 -1.36167066	 
-1.77995898	 0.37231789	 0.82509239	 
1.99643613	 1.45265177	 -4.68261782	 
-4.24584055	 2.12347263	 2.88899391	 
-2.04790547	 -1.70572106	 2.88601727	 
1.15152017	 -4.32926943	 2.65669657	 
-0.03575901	 0.72354503	 0.89644164	 
-1.10445717	 0.79067285	 1.39973649	 
-0.48175947	 3.28789301	 -3.29501635	 
0.96580896	 -0.01189883	 -2.77682061	 
0.48308047	 1.33607489	 -3.23406385	 
-1.04819714	 -1.71993859	 -3.30553301	 
-0.29683397	 4.49028159	 4.32466533	 
-0.58099676	 -2.61630288	 -5.19743650	 
-3.68355176	 0.73668357	 1.42993587	 
1.30751247	 0.13089677	 0.88399390	 
2.01124684	 0.07429814	 -3.37313416	 
0.61124090	 0.61811022	 -2.08221989	 
2.93116136	 -0.80047553	 0.51629100	 
-1.34706086	 -2.07351956	 2.58592912	 
2.01421344	 0.48733255	 4.70392135	 
-3.44446381	 -0.93066523	 -5.44230115	 
-1.05320570	 0.79534715	 -4.68555462	 
0.33642735	 1.14395744	 -4.21639195	 
-2.00359810	 0.69655063	 -1.45771294	 
2.82695786	 0.76410201	 3.39053467	 
1.00282987	 4.79748198	 4.27311784	 
-6.46735942	 -4.99816156	 -3.13199682	 
0.28317356	 -3.21584579	 2.87356008	 
-0.56124410	 -1.75079205	 5.62865322	 
-0.87792955	 2.40616631	 3.55310371	 
3.51109588	 -0.47716330	 6.57231684	 
0.78186911	 3.95168517	 3.86630192	 
0.45609427	 0.50387930	 4.17439929	 
-3.53351374	 -1.31005182	 -4.21629823	 
-1.44868854	 -0.82997403	 2.71318029	 
9.37376847	 -3.08112790	 -5.44552285	 
2.51279615	 1.43731189	 7.86384325	 
0.10522665	 2.53608300	 2.30022284	 
1.11454918	 -0.30333197	 -1.87087995	 
3.98983359	 -0.79438179	 3.58657048	 
2.40262805	 -1.06280687	 -7.05651299	 
2.96141944	 0.59232532	 -5.48956824	 
2.52984508	 2.05106674	 -2.89434502	 
-1.57570113	 -0.33482560	 -3.71534342	 
-0.24940171	 -2.06209592	 2.53208396	 
-1.44670696	 1.89132203	 3.90466914	 
-2.48593699	 -0.08028184	 -3.95376040	 
1.53390296	 -5.43403473	 1.78950194	 
-3.75901315	 -2.47498110	 2.08423008	 
-3.71434015	 0.74475243	 4.60673508	 
1.26604619	 1.85455641	 -3.86533840	 
2.96784485	 0.20418813	 -8.59022687	 
1.84665168	 -0.92823712	 -4.11516027	 
0.00063354	 1.46093760	 -6.00750900	 
3.05380816	 -2.25239103	 -3.48617479	 
-0.93076855	 3.09065135	 2.07810808	 
1.36201670	 -1.39380353	 -2.01766107	 
-0.02271821	 -3.93983708	 2.69976957	 
4.80040017	 4.86655247	 -3.15946073	 
2.68342918	 -5.38654183	 -5.08244322	 
1.18872237	 0.38011454	 0.47394336	 
-1.20928755	 -0.22305989	 1.88588831	 
-1.41967263	 0.97123993	 -2.40376394	 
2.16053682	 1.10027712	 3.30302696	 
-0.29168067	 -2.27377259	 -3.02763145	 
-1.66237567	 1.58972181	 -3.79312592	 
5.41119800	 -1.89893891	 -10.68967425	 
-1.09159207	 -0.97861204	 4.91372571	 
1.66359308	 5.14830750	 -8.56896724	 
1.17633635	 -0.81837999	 -2.42592340	 
-0.85628249	 3.64577366	 2.36169333	 
-0.20648092	 4.42293046	 -4.11660612	 
3.12469643	 0.70199059	 -1.92605273	 
-3.44523424	 -0.74237720	 5.19268377	 
1.01948621	 -2.86825919	 -3.92367884	 
-0.47733458	 -2.19532396	 2.99973760	 
-2.17445759	 1.56242247	 4.73061554	 
2.75175597	 -3.18338303	 -5.62512472	 
-0.62776591	 -1.26870725	 1.62010699	 
0.89432895	 2.97173882	 -2.84244821	 
4.00435842	 -0.60367353	 6.13672070	 
1.96960735	 3.72836184	 -3.96643043	 
1.34486903	 -0.82140412	 4.43784681	 
1.62766330	 -0.02787647	 4.88088631	 
-1.18414382	 3.99125099	 -1.23759548	 
-1.77026352	 -4.66597899	 4.63504566	 
-1.66905809	 -0.52933804	 2.79877288	 
1.07798426	 -2.59065516	 2.03794449	 
-3.81920728	 -0.24314771	 -3.79586454	 
-0.56854578	 1.22735320	 -0.71918919	 
-2.65270170	 -0.09602304	 2.26096707	 
0.01988794	 3.32354230	 2.82449456	 
-0.78350739	 -0.45977883	 4.90259175	 
-2.94798820	 -0.99468509	 2.33844152	 
-0.59512569	 0.75597979	 -6.32659911	 
-5.19286901	 0.12975937	 -5.15158242	 
1.51907054	 1.01892568	 4.60210512	 
2.81265862	 5.02812734	 -5.51992545	 
-0.70598536	 0.16142665	 4.64851940	 
-0.57062876	 -0.31574687	 -4.60523626	 
1.00913453	 -0.15597347	 2.84351471	 
1.88642459	 -0.45387118	 2.71589580	 
-0.98937239	 1.89508069	 -4.02163961	 
1.95459083	 -0.18703843	 2.03394133	 
-1.18114106	 -1.15843742	 -3.63353670	 
4.40692738	 -0.03027519	 -3.52215446	 
-2.89138848	 -1.43589772	 -1.58229166	 
-0.74152595	 2.91942290	 -1.27151508	 
-2.33811596	 -2.40260666	 6.05915060	 
1.45906279	 -1.78629321	 -8.86786695	 
1.26710288	 0.39949747	 4.05465071	 
2.84610870	 -1.38294869	 4.10289973	 
-4.36006551	 -0.46012266	 -2.24617641	 
1.09476878	 -5.43083735	 -2.26522948	 
0.57771705	 0.20843621	 3.92471781	 
-0.37039136	 -5.74998263	 2.03835071	 
0.64921627	 3.52279271	 -5.39138432	 
1.55009719	 -0.77412625	 -0.74754083	 
4.19201651	 2.65731994	 1.36840758	 
1.68102356	 -1.92347584	 2.37785757	 
0.63278833	 -1.51660088	 -1.97176694	 
0.97869755	 0.40778789	 2.45335732	 
-0.89764243	 1.76950849	 4.38985041	 
-2.91271334	 -5.00778808	 2.79342995	 
-0.12679257	 0.73300358	 2.66957342	 
-0.13472721	 -1.31906332	 -5.65187009	 
3.84673148	 -0.69908436	 2.97729239	 
0.73269104	 2.14283480	 1.25869246	 
1.31669624	 -1.16255970	 0.94886881	 
2.42525825	 2.40577072	 -3.13456902	 
-2.95518785	 -2.40201056	 5.09563512	 
1.28099942	 -3.66107871	 6.72488418	 
3.50385429	 3.40396851	 -0.90454577	 
2.41233404	 -1.55177069	 0.83308922	 
-5.29861286	 -1.79599031	 -2.73630301	 
-0.03503885	 -2.28958904	 3.88838055	 
10.85932270	 2.78710779	 -8.34842178	 
6.13634474	 -0.34900463	 -5.92642278	 
0.40287660	 -0.51304382	 5.58943237	 
-1.55355744	 -1.23257250	 2.64403728	 
0.80880618	 -0.99922764	 -2.41040772	 
-0.83418128	 -4.26237435	 -5.20864622	 
-2.22791095	 0.44740104	 -5.22095330	 
1.34727996	 -0.52076534	 -1.40830860	 
2.28794837	 -0.40391810	 -5.56613169	 
-1.10068862	 0.36752405	 -0.43554683	 
-4.69297159	 -2.43908184	 5.16037159	 
-0.00812693	 -3.61667868	 4.76246575	 
-0.61004918	 -0.90729044	 5.79241319	 
-1.46476419	 2.18062972	 4.15693623	 
-1.77586030	 0.93370394	 -1.19828170	 
-1.68618844	 0.24768088	 1.66217839	 
1.48500020	 1.80241303	 2.47078650	 
0.69471600	 0.76952117	 -5.01991965	 
-6.71525103	 5.96365686	 1.77843614	 
-1.11115208	 1.98378515	 6.87323903	 
-2.48367925	 -1.42651576	 -0.96475319	 
-1.62343389	 -2.07766619	 -3.18700138	 
-6.26266145	 -3.93264849	 2.71370491	 
-2.41764642	 1.04652843	 -3.24887066	 
-1.72576302	 3.23599733	 -7.25414788	 
-4.82893272	 1.03952560	 -2.27265842	 
-4.45611973	 1.45519863	 2.45494673	 
-0.25694139	 0.05651772	 -0.53141923	 
-0.31280094	 -1.73763420	 -3.53359149	 
1.29931651	 -1.87114496	 2.08636797	 
-0.74549656	 -4.53980978	 -1.08476364	 
-2.55131716	 0.10930083	 2.95489277	 
1.08188325	 -1.30080342	 -7.91214682	 
1.98139112	 1.42514073	 -4.16729147	 
0.07951984	 0.99235514	 -6.13582001	 
-0.47398460	 -4.85253400	 9.48497974	 
0.94137244	 0.96678734	 2.37069691	 
1.08876444	 0.80299577	 -2.06392768	 
0.57990151	 0.86063262	 -3.36353222	 
0.82845912	 1.66623459	 1.72537777	 
-3.00938568	 -2.54672227	 5.36051401	 
1.28290721	 1.18808037	 1.21725199	 
-2.92980604	 -2.13083384	 0.65782482	 
0.09309440	 -1.09252245	 3.09847122	 
8.39473300	 -2.73968505	 4.92353423	 
0.34122522	 0.83314388	 3.27268552	 
3.77545003	 0.56749507	 -2.19980525	 
-0.92985225	 -2.96015331	 -3.66373473	 
-0.14168798	 -2.17348431	 4.05893043	 
1.56158135	 0.10489402	 4.39977865	 
0.52748087	 2.51194181	 2.80323977	 
-1.02247463	 -0.82497632	 1.70529456	 
-4.13267048	 4.43000872	 3.30506640	 
-0.77019933	 -0.43139012	 -4.42057585	 
-2.77848254	 1.28159301	 -1.13524410	 
1.75621062	 0.73895399	 -3.11720756	 
-1.08992664	 -0.49546511	 3.61809949	 
1.17423104	 0.29128212	 -6.05081307	 
1.91516929	 5.64616610	 -3.96354234	 
-5.25867827	 -0.59658018	 -3.32030885	 
-2.66114265	 -4.62059398	 -5.08505815	 
3.66790846	 0.25648444	 -8.48980836	 
0.28354138	 -2.04197875	 1.54316224	 
-1.53673398	 -1.49332131	 3.00463998	 
3.51434468	 -1.24220187	 -6.18232184	 
-0.64415303	 -0.08943151	 -2.80347125	 
-3.02849683	 2.41718552	 3.45696371	 
-0.36563402	 -5.02273651	 -5.65210494	 
1.28845145	 0.39108045	 3.54105338	 
0.59995242	 1.02887917	 -4.77106163	 
-2.87869524	 2.52181375	 -5.54070226	 
-1.20101085	 -1.11001888	 -3.27610114	 
1.15206276	 -0.66428185	 3.32950711	 
1.23252177	 2.64014508	 3.31877964	 
0.92879417	 -2.39807448	 1.85160754	 
-3.58718429	 -7.12718569	 4.86344653	 
3.28912858	 -2.54936734	 3.21635115	 
1.20959310	 -0.41146234	 0.55342124	 
0.12821799	 -4.35591346	 5.78871200	 
3.19915020	 -1.69968490	 2.39020273	 
-2.63105582	 2.39548709	 -3.66315343	 
0.36105425	 -0.00650322	 4.63589968	 
-0.75099419	 0.33491207	 -3.88140001	 
-0.46131859	 -1.15675634	 1.11400658	 
0.79125442	 -1.76340166	 -3.18714794	 
2.00922680	 0.01271608	 2.69656899	 
-0.93879400	 -0.13060775	 -1.39985928	 
3.34808436	 2.66893046	 -2.02765892	 
-1.13323191	 0.05955446	 4.72651032	 
1.15781377	 -2.79759429	 3.73776258	 
2.71329009	 1.33886082	 -5.59299623	 
-1.46383781	 -3.77567215	 3.61733189	 
2.51523830	 1.31679320	 -1.38292808	 
-0.39516989	 -2.58636209	 -7.21023060	 
-1.14380460	 3.47302216	 -2.45186021	 
-0.51805770	 -2.12002360	 2.50014739	 
-0.75553430	 -1.84358721	 5.89134001	 
-2.11834364	 -2.20169828	 4.81759147	 
-3.42318808	 2.09590260	 -2.46149779	 
2.85249752	 0.53055264	 -3.92134128	 
0.77818043	 1.48221014	 -0.88310638	 
1.31276764	 3.05735077	 1.97933427	 
0.04289206	 1.89304560	 2.91970596	 
-1.93961320	 0.19581028	 -0.48257836	 
-1.80295914	 1.68556893	 1.70308466	 
0.80554732	 -0.50488226	 1.52130697	 
2.69923796	 -0.08531022	 4.31324027	 
-0.59627957	 0.31993222	 2.09838076	 
-5.93792416	 -1.96753445	 3.57196273	 
0.53548505	 -0.07385846	 -2.63835412	 
1.02236386	 4.63905073	 -4.69191885	 
0.14407241	 1.70161611	 -4.25408295	 
-2.01930854	 6.35641703	 -9.10827370	 
-0.91005285	 -4.28367750	 -4.13679800	 
1.23469145	 -0.38795502	 4.12262786	 
-2.77619050	 0.98922431	 -7.89939997	 
-0.71687942	 1.81528781	 -3.29350808	 
1.44438533	 -1.70134279	 0.49377588	 
-1.88164811	 1.10290817	 -4.19228356	 
-0.34293661	 -2.13320240	 -3.14897683	 
-0.91819030	 3.34571779	 8.13031822	 
1.51324591	 7.07720337	 5.32437850	 
-0.53310534	 2.71171097	 -3.23765442	 
-0.79014871	 2.24340329	 -2.77567166	 
0.25905633	 0.82500150	 6.46610109	 
2.95276380	 1.37259921	 -1.87113641	 
0.11364832	 0.60434528	 2.58338055	 
-0.29413902	 -2.16771725	 3.13369778	 
1.69711276	 0.76097411	 5.55160110	 
2.75314255	 -2.65864024	 -1.77649300	 
0.19526922	 -4.96623111	 -7.09506657	 
-0.48574154	 -1.27157619	 1.95541607	 
-1.50298889	 1.71528740	 -4.39866612	 
3.41280564	 -0.72690554	 -3.14375113	 
-0.94603355	 -1.17056662	 2.36533313	 
-2.98389920	 1.13727798	 -2.97710484	 
0.73986850	 1.29038927	 -3.32860643	 
-0.39299124	 -3.75187792	 1.74273810	 
-1.69781080	 -0.61329759	 1.36267863	 
1.11023640	 -2.05304306	 3.60580060	 
2.16374484	 1.51849500	 8.44742567	 
1.68465721	 -1.69465559	 1.37376620	 
-3.37339680	 1.52517788	 4.27746260	 
5.39101380	 -2.34298238	 2.90649433	 
0.16584822	 1.13313385	 2.11010593	 
-1.18336172	 -0.21037597	 1.31397322	 
0.88385908	 -1.07444232	 -3.68911543	 
-1.16606333	 -2.19500618	 -4.68167924	 
-4.20324867	 -1.36302484	 3.03708892	 
0.44616984	 -1.15990432	 -2.42520251	 
-0.27926693	 -4.56596441	 5.69478099	 
3.11540532	 1.15381132	 2.66503945	 
0.64465014	 -0.62776306	 -5.59658566	 
2.50389915	 -3.28041875	 -5.78763109	 
0.66874659	 0.35444434	 -4.82945530	 
-1.62556881	 -0.85525950	 -3.74683566	 
-5.48074701	 2.06098627	 -4.15389231	 
1.34982066	 -0.10716941	 -2.19650325	 
1.76662204	 -5.78027767	 7.27637315	 
0.50753919	 1.11418822	 2.05555138	 
-1.38668001	 -6.52984641	 -4.56542902	 
-1.99282610	 3.33171494	 1.90756468	 
1.27242269	 -3.34204682	 -4.52303336	 
1.03070423	 4.46342935	 -2.75722876	 
-0.80685722	 0.47493140	 2.25023313	 
1.63640790	 0.84559850	 3.12430366	 
1.81878246	 -4.08286277	 3.86494240	 
3.73805791	 3.94060108	 -2.68583440	 
-1.24966983	 1.99070740	 -3.18105575	 
1.91398528	 0.59333736	 6.06056567	 
1.72629860	 1.68820913	 7.50072449	 
-4.98881868	 0.93278257	 -2.70620055	 
7.96526447	 -6.26581690	 5.57182944	 
1.36835594	 4.70229180	 4.76324117	 
-2.33545367	 -0.65791992	 -4.03710930	 
1.36511823	 1.80009207	 1.81216944	 
0.63731616	 -3.75124544	 -5.67563240	 
-0.66242859	 -0.04702279	 -0.65295904	 
-3.07141536	 -1.00109725	 -3.70389585	 
0.59888070	 1.79599001	 -2.39773343	 
-0.11487103	 -0.90149996	 -3.15583643	 
0.48725720	 0.08423282	 3.55260183	 
-1.34248780	 -2.07750725	 -2.03422416	 
-4.08442768	 -0.40763665	 -1.38856051	 
-0.91828254	 -0.20090576	 0.90051871	 
2.52073525	 2.41437091	 -3.91680190	 
-2.40496833	 0.99917371	 -4.39297861	 
-3.07264008	 -4.58659372	 -3.14431363	 
3.79183479	 -3.32772166	 3.92758763	 
1.33579227	 -1.75985433	 -5.09589257	 
1.03672919	 0.06982883	 -1.88404652	 
0.10876404	 -1.54621388	 1.89561306	 
-8.09539370	 5.06587719	 -5.37868697	 
1.13519474	 -2.76197206	 5.03600815	 
-4.09019295	 0.63445600	 3.44322396	 
0.14896637	 1.91227779	 -1.77135922	 
0.35622480	 1.95831438	 1.50352919	 
4.58010082	 3.11905715	 -2.43944580	 
1.17276387	 2.49359505	 -5.08296707	 
-1.24599819	 -2.11037521	 1.44134016	 
0.60712101	 -0.64855561	 3.85869019	 
1.08647531	 1.46052725	 1.58311393	 
-1.59619427	 -0.02880521	 2.09533838	 
1.98825853	 -0.47744950	 -4.47841534	 
-2.40406232	 -2.64505845	 2.32092651	 
-2.67698242	 1.65839825	 3.00861328	 
3.41382711	 2.47742903	 7.14556069	 
1.16033564	 -1.25588193	 -5.22954294	 
0.74014768	 1.66710824	 2.15156872	 
0.54239728	 0.57068480	 1.49153179	 
6.38808346	 1.60102543	 -5.66390236	 
0.44050795	 1.71000514	 1.62168270	 
0.09914842	 1.60186756	 2.27776901	 
-2.56248784	 0.37993553	 4.48703868	 
-1.20317538	 -2.62896995	 -2.29202736	 
-2.41923478	 -4.61058059	 7.15011617	 
0.61246609	 -2.51625652	 4.94543171	 
0.28350061	 0.05782876	 2.26901972	 
-3.04515475	 1.49205829	 -0.95619608	 
-1.16382329	 -0.90009904	 -5.65985559	 
1.14168680	 -0.77526242	 -2.70959820	 
0.91882625	 -0.30856997	 6.33723312	 
-1.42313391	 -1.96060964	 7.07590632	 
-3.75475679	 -1.40880148	 2.31363730	 
0.25753359	 0.92630200	 1.57676140	 
-3.36125509	 7.02821382	 6.96007480	 
5.55331519	 0.66997950	 6.80939162	 
2.99769144	 5.40766653	 -2.77150939	 
3.14745046	 0.46790758	 3.24211999	 
1.11328760	 -1.43342652	 1.82345568	 
0.09343464	 -0.14727080	 -6.08569924	 
-0.52923463	 0.23678720	 -2.22060288	 
-1.15505126	 1.92024637	 2.74762724	 
0.53060621	 0.56598030	 4.06214876	 
-0.97704674	 -0.39861488	 5.00712580	 
1.97236797	 -0.15446716	 2.95358327	 
1.45800229	 2.14344600	 -5.65379114	 
2.37075129	 -0.73377482	 4.78702919	 
-0.45709563	 -1.46776804	 0.59496248	 
-1.26989258	 -2.19404159	 6.94132024	 
2.83413379	 -1.92351557	 2.47579850	 
-2.80129672	 -1.79849446	 6.81951234	 
-0.09810746	 0.54280036	 -3.47657757	 
-3.25527377	 -2.49665262	 -4.20304526	 
-0.70620653	 -5.20883362	 -7.51306314	 
-2.27297716	 2.59802935	 3.49510096	 
5.42687054	 -3.26744872	 3.36222117	 
3.53100774	 0.90759023	 3.96253784	 
1.15662291	 -1.28968924	 4.99830824	 
1.23401673	 0.02090825	 -3.25247350	 
-4.87013753	 6.42381908	 -4.03127800	 
-1.63470320	 -0.97231861	 3.37492215	 
-1.80107394	 -3.13830160	 -6.05592759	 
-0.04307001	 0.09906394	 -2.55227826	 
4.01100449	 2.06101795	 9.69628673	 
-3.72801115	 1.18866879	 3.86603599	 
1.78220504	 -3.79709906	 -2.92100569	 
-0.75415791	 0.04961192	 3.76366250	 
0.92861483	 1.57091904	 -2.86196365	 
0.94598338	 3.05133962	 2.66810750	 
-2.05930444	 -1.25839966	 -2.70719683	 
0.48308383	 1.86246264	 -3.03803655	 
0.96792228	 -1.19081039	 -6.27342216	 
0.03842991	 1.14897361	 1.94012218	 
1.87771714	 0.87749972	 -4.16613238	 
1.19968254	 0.74153260	 3.48860957	 
1.39624326	 0.06146368	 2.35499886	 
0.71375239	 -0.00435264	 4.38674393	 
1.72042418	 -3.28774320	 -7.34078102	 
0.58344388	 0.72933525	 3.89038407	 
-1.68401243	 -2.68226630	 -7.99545638	 
1.11030840	 -4.23610439	 -1.86559853	 
-4.13729812	 -1.71833364	 -2.32629839	 
1.03117066	 6.66301481	 -3.75462891	 
-0.42741848	 0.01029228	 1.63542093	 
-2.68682272	 -1.56335410	 -7.39402102	 
0.81610169	 -6.55976428	 -3.32646045	 
0.87505148	 1.57307083	 -1.44415009	 
3.21895880	 -1.06009584	 4.46669589	 
-3.13026256	 -1.33682718	 5.13519323	 
-1.16771830	 -0.10026955	 0.49753568	 
1.00151822	 0.43258202	 3.56882455	 
-1.63590490	 -5.05931018	 -1.05300875	 
3.91081386	 5.13419068	 -6.69914736	 
-0.74911744	 -3.53066790	 -2.61986025	 
-0.01622542	 -1.01525703	 2.76995089	 
0.26787834	 4.38654816	 -11.55367597	 
0.17234992	 0.83352823	 3.21730924	 
2.11813367	 1.27870748	 5.00901643	 
-10.74863406	 -1.62910902	 -6.47145894	 
2.14970696	 -6.95477464	 -6.78484684	 
-1.40931766	 0.92389425	 3.92365009	 
-0.57514630	 -0.21918204	 -3.59591945	 
-3.29714224	 1.97415245	 -3.09843533	 
2.25839509	 3.81170809	 2.30465813	 
3.36054353	 1.87374969	 -3.53263066	 
-0.30399037	 3.25337377	 6.31770093	 
-1.39973700	 -2.78060825	 4.53936151	 
-0.99496817	 1.67717456	 2.88227769	 
3.54797269	 1.83011233	 3.00277322	 
-3.82738205	 4.42837645	 -5.23986098	 
-1.29523966	 -1.32503861	 -3.15343802	 
2.96435567	 1.24766622	 2.88871236	 
-2.12694600	 3.16574810	 -6.66678883	 
-1.81759254	 2.56334227	 1.19445026	 
-1.87795229	 -1.64201162	 -2.72259271	 
2.39794586	 0.44195429	 1.36438113	 
1.22420909	 -1.60753024	 2.04472157	 
2.01212397	 0.11720315	 -2.70099114	 
1.65757993	 1.74408047	 2.97080790	 
-2.93865276	 -1.91125452	 -3.60918663	 
-2.23491743	 0.81820925	 -2.19595374	 
0.35530919	 -0.65638914	 -4.61101454	 
-1.75415342	 -2.24014735	 -8.04911948	 
-0.49654891	 -1.02438017	 -2.31934266	 
-4.50226342	 -0.36341411	 -5.84401949	 
-5.61915776	 0.24931290	 -6.42981917	 
1.13326347	 -4.40086556	 -1.94180924	 
1.12483095	 0.49241086	 2.34294537	 
-2.15807601	 1.80902415	 2.87818481	 
2.21084202	 -5.20789462	 5.33622966	 
0.70602820	 -2.32863677	 1.92150278	 
-2.95716475	 -2.51569716	 -4.03315573	 
-2.08996183	 -0.77212898	 3.16853741	 
0.96102923	 -0.40344007	 0.81356911	 
-4.66407111	 -6.56400584	 9.85286050	 
3.33701722	 2.51808126	 3.57730186	 
2.01006679	 -0.64955852	 -1.66951318	 
1.11960024	 -1.34380347	 1.63844919	 
2.42375129	 2.91412722	 -3.05977384	 
-2.17401243	 -1.61500374	 -2.10993820	 
-0.14224943	 0.74127150	 1.80647572	 
2.08995730	 -2.12130821	 3.47104047	 
0.93097469	 -1.74669813	 2.67131106	 
-1.30799100	 -0.19758661	 -3.25330567	 
0.67403032	 -1.44097954	 -3.46644978	 
0.68082272	 1.62643095	 1.45309313	 
-1.89086001	 -2.55252454	 -3.21142390	 
-1.84427089	 -1.68940499	 -2.26884010	 
-2.62783526	 -0.94982825	 -4.18690057	 
-0.67872860	 0.40653247	 2.87623404	 
1.22549138	 -0.47241765	 -2.64509464	 
3.63542886	 -2.08841281	 4.18062107	 
1.55072772	 -0.57524027	 11.08764431	 
2.47406325	 0.01479110	 3.28106768	 
-0.29763579	 -0.18952613	 -3.53758175	 
-2.96333174	 3.07951293	 4.63620234	 
1.12816473	 0.36551884	 -4.35796406	 
-1.26591335	 3.55032396	 -5.09849081	 
-0.00868524	 -1.17818679	 0.98140366	 
2.39386994	 1.20706093	 2.05910188	 
0.73278377	 -0.37696260	 -2.27971773	 
-0.25214233	 -2.16744725	 2.25879049	 
-1.53900849	 1.28192945	 2.58237630	 
1.71460549	 -2.59854774	 1.78267906	 
-2.67897637	 -0.70795522	 -3.32748736	 
3.64480838	 -0.44102558	 -1.68745111	 
-0.50117424	 0.93153894	 -4.76172113	 
0.24917319	 4.43341731	 3.28493050	 
-0.97679974	 -3.66988126	 2.82379455	 
-0.53430108	 -0.23420078	 -5.00705954	 
6.73880907	 1.54203630	 -7.12206605	 
1.37267667	 -1.60582121	 2.58515655	 
-0.84851204	 3.20067245	 -6.02873920	 
0.52373677	 -2.17136276	 -3.89304345	 
-3.49867455	 1.39073320	 -5.72914128	 
2.38632511	 2.78080611	 -3.95883621	 
-6.44054463	 -0.75711930	 -4.57872808	 
1.23700561	 -1.44685540	 -2.65331785	 
3.27513865	 1.29018175	 -4.35429010	 
2.18695054	 0.75842054	 2.10722423	 
-4.28180444	 -5.71606962	 1.58704129	 
2.35183696	 1.81268003	 1.11510167	 
-4.43260555	 1.32817308	 -5.20923897	 
-0.82603867	 0.43362972	 -1.43937807	 
-1.79018753	 1.78855532	 -3.32473234	 
1.14434742	 -3.53111354	 -9.39004073	 
-0.85334413	 3.01221871	 -6.09893123	 
2.63324293	 -0.64864625	 -5.27281934	 
0.47003388	 -1.66959950	 -7.95309838	 
-3.08500853	 3.17946545	 3.15598680	 
1.03973801	 0.15369447	 -7.24366624	 
-0.67490148	 -5.15055990	 3.55714410	 
-1.34117385	 -1.44088071	 1.76686811	 
0.39765874	 2.01537310	 1.53646337	 
3.70797034	 -1.64983027	 -2.34456099	 
1.41576482	 -1.30293466	 5.80866435	 
5.22178182	 2.04422454	 -3.84163538	 
6.71615722	 -8.76735831	 5.07265548	 
9.88992392	 -6.25760840	 -4.39392128	 
1.62079957	 2.09973966	 -3.53913546	 
-0.86086021	 -0.35505748	 -1.85917910	 
2.77486642	 -1.34677602	 2.31440089	 
1.47283928	 0.62213424	 3.73534217	 
1.35664582	 -4.30832325	 5.03289114	 
-1.32380600	 1.38672526	 2.56287967	 
-3.82839716	 -0.94606169	 -5.58291705	 
1.53687782	 0.11351816	 -5.04525969	 
1.87958683	 -3.38328553	 7.61320356	 
-2.66544625	 1.21793390	 2.49917018	 
-2.27240972	 -3.15385467	 5.14172501	 
0.16667539	 1.45374216	 5.49022402	 
2.87260133	 0.52921259	 5.18201807	 
-1.08889980	 -1.61254517	 2.02334763	 
-3.56454351	 -0.67018957	 -4.43754030	 
-1.33771065	 -0.17785061	 -1.30184550	 
0.92350306	 -0.99595463	 -2.90123355	 
1.93354249	 -3.59865510	 -5.26557426	 
3.71919237	 2.84968456	 -4.04321551	 
2.53323836	 -3.53837590	 6.12205803	 
-4.06171842	 -0.17604889	 1.86071500	 
-4.41185111	 5.97580952	 -2.24629724	 
-0.96834213	 1.77757925	 1.54859061	 
-0.74419869	 3.74050341	 1.44476118	 
-1.52112762	 -0.73450450	 -2.84594185	 
-3.37758675	 -2.41996362	 4.67929178	 
3.75793746	 -2.05922964	 5.57518657	 
1.32884364	 0.02703393	 -2.31312099	 
-0.89896222	 -1.54321546	 -1.87853633	 
0.24095796	 2.77518658	 -4.29693185	 
-0.38913403	 0.87398733	 -4.04850593	 
-1.90408500	 -1.03108450	 -3.70954010	 
-0.94470908	 -0.33006424	 -3.30751543	 
-1.31322910	 -2.28735407	 2.86452314	 
-1.69638066	 -0.80767941	 10.42422468	 
-0.39226263	 -1.37961130	 6.76715104	 
1.60702559	 6.47577013	 -4.37462978	 
-2.68568971	 -0.66782866	 0.96303723	 
-2.10574415	 -1.01597156	 -6.25098146	 
2.94814954	 -7.40058725	 -5.14439120	 
0.88716570	 0.59999716	 -2.80036273	 
1.62146242	 0.56932804	 2.90495367	 
-2.34883573	 -1.87792914	 1.37791005	 
-1.26734394	 3.34499487	 4.00709132	 
3.73850199	 -2.04542536	 3.62244228	 
-8.89899494	 1.27117039	 2.92556773	 
0.36732968	 -2.17487234	 1.64534656	 
0.51955229	 2.03310343	 6.09699930	 
-5.20227451	 1.17649916	 -5.41109548	 
-3.78903074	 -0.50893481	 2.15212330	 
-0.26938773	 0.61922222	 -1.89798626	 
0.22379986	 -1.95507389	 7.68927213	 
-0.45807417	 4.66713427	 3.79142314	 
0.23774771	 0.08528504	 2.24713907	 
-0.37735742	 -2.09093041	 4.21235719	 
-0.66359716	 -0.98425589	 -3.46471343	 
2.60200505	 -2.95679582	 6.67841297	 
1.68106326	 0.58433446	 4.57751993	 
-1.17726731	 4.46129285	 6.96656403	 
1.20261832	 1.41751747	 3.72688601	 
-1.05890926	 0.26901860	 -6.16814161	 
0.58496580	 -5.90484673	 8.06351405	 
-5.48016992	 1.82024993	 2.84048301	 
0.80111127	 -0.88954335	 2.67233385	 
-0.81152690	 -1.88244591	 4.73192276	 
-0.63088604	 0.21376713	 3.69341936	 
2.25006759	 -1.43411229	 2.25789614	 
2.73108499	 -0.87459094	 -2.58529564	 
-0.90986150	 -1.62104436	 -1.86565338	 
-7.08006417	 -1.18231479	 -4.04692318	 
1.34827361	 -0.56758154	 3.96090538	 
2.09873944	 0.36054690	 6.59282494	 
3.24523344	 -1.17946276	 -5.11783749	 
-1.21846010	 0.39883662	 -1.87789583	 
0.86921150	 0.75935693	 1.82235202	 
-3.55765669	 -1.49527194	 1.65233608	 
-0.81534477	 3.00750445	 0.60399931	 
-0.41646799	 -1.91989598	 -6.38968869	 
1.89169043	 1.83120907	 -2.43752498	 
0.04616361	 -2.05281603	 4.14816091	 
0.54044343	 0.48496904	 0.91994458	 
0.47726904	 -3.32950488	 -3.36415839	 
0.75129153	 -3.30450901	 -4.19149363	 
3.57007808	 -2.19530090	 3.18817632	 
-2.47095167	 2.60058816	 -2.04619452	 
0.50225731	 -1.58974120	 -2.98799741	 
0.15284210	 1.00429829	 3.51289022	 
-1.05819765	 -0.79673743	 -1.63014778	 
2.91471281	 -0.96326609	 2.59821733	 
3.55611137	 -1.42616851	 4.83399822	 
3.17365546	 0.10089634	 -3.30049174	 
1.14434748	 -0.22217954	 1.44407740	 
2.09287775	 -9.80028887	 3.68481346	 
0.00583074	 0.48428561	 -6.44783913	 
2.32864232	 6.90707993	 -4.80658742	 
-1.46861519	 -1.04240540	 3.61970257	 
-5.11680709	 0.34249023	 4.38198711	 
-2.07693526	 -3.17891799	 -7.53721676	 
-4.12249113	 7.63012016	 -1.79078175	 
-2.60657674	 -4.02180765	 -2.31961977	 
-3.49516520	 -0.33994594	 -8.13861167	 
3.57736613	 -0.87812479	 -5.11652971	 
0.82255302	 -0.17456236	 1.55197393	 
-0.81867268	 1.60488058	 -1.22839298	 
2.47061080	 0.42188397	 3.99526481	 
0.01476677	 0.91851896	 4.05616033	 
-4.03890164	 2.67846017	 -4.03073231	 
-0.78023547	 -4.77044921	 3.86269895	 
-1.44595149	 -1.57552783	 2.89138072	 
0.73999737	 5.82308018	 -4.02201306	 
1.37361528	 -1.16929188	 1.60810286	 
-0.71762181	 -0.71599680	 3.66181481	 
-2.51777774	 3.97216100	 4.54368070	 
-0.79572072	 2.00661689	 5.51743942	 
-0.06342033	 -6.82050676	 -6.18043976	 
0.47056779	 -2.72849612	 -4.43633222	 
-2.92372085	 -0.84166106	 -3.17615238	 
-2.40604794	 0.20626449	 -5.94007804	 
0.42734535	 -0.01307773	 9.38321127	 
0.47600243	 -1.74169536	 -4.51090004	 
-2.31340331	 0.10353594	 2.52633934	 
-0.47628181	 -1.44345578	 3.13401634	 
0.58849488	 0.54893364	 4.09207010	 
-1.75249339	 3.93904029	 -3.34217037	 
-0.73219378	 0.49918452	 0.87647574	 
-3.68136334	 2.40850325	 4.36516976	 
0.10961044	 3.35234010	 -1.46691491	 
-1.02664422	 0.34755996	 -3.71995114	 
1.09825466	 -0.89602684	 -2.31273965	 
-2.21720873	 -1.95646798	 5.71415234	 
4.82359989	 4.44051361	 2.71086510	 
2.86542156	 1.76792821	 1.49303279	 
-0.69338661	 1.76823147	 4.58099124	 
0.37953457	 -0.54227794	 -2.00887214	 
1.02095442	 2.36625835	 3.07144842	 
1.67958321	 0.53587839	 4.59185679	 
1.53052744	 -0.31015260	 -4.21121497	 
-0.33871348	 1.16661925	 -1.78556526	 
1.92251071	 -5.83201626	 -7.32661312	 
2.99505839	 -0.14013544	 -4.54224260	 
-6.23164788	 -4.36190867	 -2.61420863	 
0.95849338	 -1.80223124	 4.30538202	 
0.35673321	 -1.24490064	 2.34487638	 
-2.06258833	 0.73502961	 2.07311872	 
-0.24584627	 -0.44017442	 -2.86859185	 
-1.84748139	 -4.33426391	 2.34437614	 
-2.96181460	 1.23416700	 -4.40341872	 
3.98770918	 -1.99615718	 4.92554437	 
1.01292890	 -3.16432594	 1.84576092	 
-0.51001753	 -0.15748637	 -1.99425126	 
2.70104278	 1.48526425	 1.81899025	 
-0.00009255	 -0.99487824	 -5.69251451	 
-2.03420233	 -2.27341795	 4.08733172	 
-1.90700226	 -1.55496813	 -5.38146707	 
0.82309442	 1.69415897	 1.86713620	 
2.82158989	 0.14134028	 -4.37015599	 
-0.35099080	 0.29403094	 3.66524755	 
-2.62336718	 0.87534810	 1.84425962	 
-2.25769060	 4.18368135	 -2.72976681	 
0.12672433	 -5.66991326	 3.49353069	 
0.35000310	 4.53989673	 4.13828005	 
-2.37716346	 1.63189486	 -4.60337150	 
-1.88002738	 1.99169971	 -5.90782965	 
-0.31145469	 -1.05319390	 -3.59497620	 
-1.23192038	 1.85672848	 2.18068856	 
-5.06392480	 -3.49060547	 -8.12811748	 
0.33022419	 0.66857594	 -2.12077481	 
-0.81758895	 0.08073864	 2.92583013	 
3.13439302	 -1.84847990	 -1.40535497	 
1.25260464	 1.20457824	 -2.85720320	 
1.79302320	 -1.13928308	 2.68865288	 
1.15817289	 -2.64887965	 4.67303537	 
-1.20341773	 0.19758455	 2.44699982	 
3.53735483	 1.50040392	 -5.90500117	 
-0.81771612	 -0.14810533	 -4.79846510	 
0.30899209	 0.09223880	 -4.89266349	 
-0.42185409	 -0.43073803	 0.47104997	 
-2.26243415	 2.79757006	 -4.32262423	 
2.59237915	 0.82645466	 4.50806693	 
-0.31894698	 -4.14388615	 -1.40961216	 
-0.59665183	 -0.57501237	 -3.07883971	 
-2.79530674	 -0.00779194	 3.99701345	 
-0.15576844	 -2.58102964	 -1.63722289	 
1.27636886	 -2.00116434	 -2.46518982	 
-0.74820655	 -0.26694006	 1.93344825	 
2.57177757	 -6.61285345	 -8.27798690	 
2.38211007	 -1.89561841	 4.74632393	 
-0.83816367	 1.42894373	 -4.76856126	 
-2.62044657	 -3.94654510	 4.75206439	 
0.09458044	 0.90294479	 3.57891290	 
2.74307585	 -2.01849938	 -6.40965904	 
-1.21348673	 -1.82921633	 3.70809670	 
-0.74216585	 -0.73379684	 3.17427074	 
1.41384818	 3.75664238	 6.68236953	 
0.49007383	 -0.29201884	 3.55124256	 
-2.33630702	 1.28876739	 5.58335989	 
1.99921246	 9.87359196	 -11.22773117	 
0.23413099	 -0.42573939	 2.51012142	 
-1.22805038	 -2.20242446	 5.35265599	 
-1.52080377	 -0.28140744	 0.86141613	 
0.22691105	 -0.60331907	 2.82899490	 
-1.18083071	 1.00238484	 1.70279699	 
2.75743857	 -2.52457850	 2.18551555	 
3.72344202	 -0.66765131	 9.78488660	 
-1.47507461	 2.36359660	 -1.51499353	 
1.34673495	 -2.16897643	 -2.95771196	 
-3.74355240	 2.32490436	 -4.66331323	 
2.00544551	 4.86335761	 1.53467333	 
0.06490723	 0.35731902	 -1.00110064	 
-0.21489404	 -0.08321090	 -0.96494580	 
3.76937287	 -0.84877785	 -7.35958050	 
-0.85026721	 -3.58085942	 4.54668910	 
-3.53930997	 0.65352300	 -1.82956066	 
4.38152061	 0.34127818	 8.67952530	 
-3.70806277	 0.15158512	 3.96114630	 
-2.43692944	 1.55926857	 4.17273415	 
3.50518204	 -1.34936268	 -1.78883501	 
-5.22488455	 -5.90070437	 4.52079806	 
-0.05385883	 -1.75872096	 4.41563714	 
1.63760251	 0.00457526	 -3.76799656	 
2.60113727	 -2.80169404	 2.93139477	 
-2.81185988	 0.45828601	 -5.48958227	 
3.70024844	 -3.81054386	 5.76261535	 
2.06952768	 -1.44910755	 -3.76684567	 
-3.90530918	 2.79983473	 -1.88374883	 
-0.98169524	 4.40455647	 5.74969350	 
1.78487664	 -1.79858800	 3.19441612	 
-1.74523510	 2.74809718	 -4.54499127	 
-0.76587018	 0.09864914	 -2.06785057	 
0.16835235	 3.93933692	 3.82462302	 
4.37148794	 -2.47903356	 3.08849423	 
1.10735999	 -1.10909591	 1.10556377	 
-5.00133378	 2.31791566	 -3.09494272	 
2.05929437	 1.59233786	 1.56111870	 
-0.16188620	 -0.41050980	 4.39430387	 
-1.56036535	 1.29844979	 4.02800517	 
1.63879304	 -0.57080597	 1.75217863	 
-3.35435778	 -0.82302339	 -4.76415439	 
0.52407528	 0.27696869	 -2.06046005	 
3.44148547	 -0.31157097	 -3.85886329	 
0.36966826	 -1.45535224	 2.97663961	 
1.51110917	 -0.93118163	 1.84450105	 
-3.11703367	 1.53259008	 -1.97163561	 
1.25308098	 3.31728581	 -7.09721224	 
-0.64767341	 0.55372126	 -4.12912474	 
-3.51208829	 1.99486381	 4.83088991	 
-2.53055406	 2.89711909	 2.22846270	 
2.30641499	 -0.83725683	 5.16979584	 
9.35110454	 -1.20339352	 5.51070890	 
-0.03380756	 -0.81373392	 1.86577316	 
-1.13303746	 -1.67850085	 2.11675934	 
-2.67569626	 -2.95290206	 9.06815466	 
1.36630911	 -3.66122625	 9.16322419	 
3.54627987	 -1.18948735	 4.59779065	 
0.99030353	 1.45068433	 4.45697067	 
-2.12042310	 1.30141942	 3.80318001	 
-0.88919582	 -1.10971279	 -2.68761070	 
1.74379311	 2.61270262	 -0.44931609	 
-0.88347465	 0.84445127	 -1.62478020	 
-1.03367769	 0.42640613	 -5.08144182	 
-1.86800180	 -1.37441147	 4.39260523	 
4.60402794	 -2.15026686	 -5.13776958	 
-0.44071383	 0.29978635	 1.81601916	 
0.59254817	 3.43973735	 -5.64874305	 
-0.47325179	 -2.38550078	 -6.92147896	 
-0.46246936	 -1.45898765	 7.24116447	 
3.24247958	 -5.01395659	 5.69588278	 
-3.35027479	 -5.55948474	 -8.48253660	 
2.69571914	 -0.07780337	 4.69992835	 
-3.33701574	 -4.53546839	 2.77776212	 
2.75426974	 0.27630617	 5.43796455	 
1.04928775	 2.43594495	 4.40071868	 
4.20100794	 1.10573649	 -5.62719849	 
-1.88500810	 -0.48478907	 -0.71671412	 
1.15940140	 -2.27500353	 -4.47877775	 
-4.19161587	 0.28329874	 -3.63195019	 
-0.21174520	 4.10309633	 -3.59557637	 
7.03369101	 -4.44968407	 6.34978102	 
-1.94901659	 -0.22446326	 -3.87163632	 
-0.84382224	 -1.10303824	 2.68732090	 
1.14006476	 -0.34818035	 -2.99024663	 
-2.29990870	 2.98635191	 3.92690639	 
1.04002463	 -2.46505999	 -3.24049177	 
-2.40822112	 1.00694860	 3.27430421	 
1.95967633	 0.92097777	 1.97935678	 
-2.29100555	 0.50587991	 -3.49479057	 
-3.85725510	 3.27398690	 -4.96465732	 
-3.93441322	 -2.55519816	 5.17568929	 
0.12968863	 -2.01119959	 2.93186422	 
-0.17500866	 3.28764888	 -3.88491161	 
2.30814757	 1.42242359	 -2.61131011	 
-0.89235573	 1.20172713	 0.87074888	 
-0.09960850	 0.03838649	 4.01976829	 
-1.95803251	 -3.06795231	 5.53785630	 
-6.21433895	 3.85468360	 -3.92432964	 
-0.06000751	 2.08945416	 1.15354491	 
-1.15139247	 -1.60454396	 -2.12854914	 
0.41884171	 -1.12989324	 1.90265505	 
-1.33549570	 1.29129425	 3.47066950	 
3.61517122	 1.12991453	 6.21645979	 
-0.29388115	 -2.92999605	 5.00484080	 
0.13847351	 -1.03853601	 -4.29207794	 
4.12727686	 0.63986078	 4.68251536	 
-7.17100364	 -1.81241122	 -5.47017051	 
-4.39827715	 -2.00733261	 8.07948744	 
1.64222853	 -3.32155233	 -4.06387104	 
-1.78900734	 0.60507827	 -2.99766090	 
1.36910156	 3.18119522	 -7.72935670	 
-4.11146231	 -2.66700835	 -5.23705343	 
2.86009946	 -4.50638035	 1.50581601	 
-2.74202642	 0.78678020	 10.43233549	 
-4.20494376	 6.05928614	 -4.93578377	 
3.10511944	 3.28933108	 6.15678374	 
-0.47872780	 -2.09048968	 4.21743105	 
-0.14643414	 -0.56994218	 -3.54784975	 
-1.42851098	 -2.50293615	 -1.56190484	 
-1.08925476	 1.05772032	 -4.43876441	 
-1.91398218	 -1.92221836	 6.43605422	 
2.63468910	 3.54395690	 2.20853221	 
0.80408329	 -0.30487536	 1.57898229	 
1.11651410	 2.79198143	 -4.03624633	 
-3.84593211	 -0.87648724	 4.99758406	 
2.53317279	 1.70543858	 -6.30946702	 
4.16191702	 1.57746464	 -3.14925189	 
2.26369458	 -0.35685672	 2.32642252	 
-0.73547737	 -4.59879424	 -1.35446850	 
1.74059008	 -0.47490146	 6.15194666	 
2.04628997	 0.72247231	 3.23123906	 
0.90942505	 0.87126879	 3.90356881	 
0.92751638	 -0.36146493	 0.85596389	 
-2.09747924	 4.66458889	 -1.28015939	 
-2.86015594	 -0.91091488	 2.87212825	 
2.22622730	 -4.33156890	 5.69334105	 
-0.69797779	 -4.12826288	 4.83212248	 
-0.67443854	 -5.21758237	 5.36058496	 
0.52824180	 1.84368414	 -1.74720183	 
0.54590428	 -0.58789128	 -1.68121685	 
1.28394880	 -1.97708406	 4.89935989	 
1.32972928	 -2.05530987	 -1.87149263	 
0.49042538	 -1.62399737	 -4.34500911	 
-1.11771947	 0.11722884	 -3.02082443	 
3.34090961	 -2.22990142	 6.18842404	 
-0.85823151	 1.02859817	 -5.42976905	 
0.48947145	 -0.57809549	 -1.53278772	 
-1.82049451	 7.59584869	 3.96053084	 
-1.00173428	 -2.00976076	 -7.36533945	 
1.00241380	 3.18519350	 -3.14197795	 
-0.60763495	 -0.19489906	 0.91762794	 
-3.11617511	 2.29599474	 3.09285671	 
-0.93739535	 -0.24255177	 -1.72114166	 
1.27265876	 0.34611407	 4.37518904	 
-2.34697207	 -6.78169024	 -2.36585824	 
5.52557647	 1.10733725	 -4.83152960	 
-3.43325491	 -2.91477985	 7.19687925	 
-1.63838864	 2.25237513	 7.85426271	 
-1.03717415	 -0.93996179	 -2.51219058	 
-0.49995156	 0.92688391	 4.34493808	 
-1.11160974	 -2.31172648	 5.40470009	 
0.34328001	 4.86593571	 -3.11320376	 
1.09127572	 4.16518818	 -1.77690946	 
0.68124654	 2.20198577	 4.31128261	 
-2.56952790	 -0.25709557	 -4.29566691	 
1.63005627	 7.26902514	 -6.95860472	 
1.50355326	 -3.09027256	 -4.23930811	 
0.55905177	 2.40471275	 3.33981960	 
0.68650528	 5.40377835	 4.84563074	 
-2.36793384	 2.55008331	 -5.13260092	 
0.13998865	 1.51821991	 2.81508919	 
-0.36875989	 2.48632014	 -2.75022499	 
1.36933537	 -0.43549617	 3.42065856	 
1.04453377	 -4.05271807	 1.43483700	 
0.44782853	 0.86683715	 -3.67278215	 
-0.88768234	 -1.16081175	 2.41908018	 
-4.12537052	 -0.72310673	 -2.77797846	 
-2.22374512	 0.16560500	 -3.19402452	 
0.95562342	 0.95611913	 -0.98012652	 
-0.16151103	 -0.60026259	 -3.68693738	 
-0.49845839	 -0.23148514	 2.95149263	 
0.52216979	 -1.76959118	 5.98748649	 
-1.31538663	 2.08653021	 7.83906162	 
-0.42165183	 2.72765160	 -1.44634569	 
0.95067632	 -2.35095057	 -6.68866315	 
0.84500519	 2.97014236	 2.05338744	 
-0.38285915	 3.41849001	 -4.76654302	 
6.07216370	 2.58695437	 6.29671776	 
0.30936720	 0.01938887	 -1.81143109	 
-2.02725962	 1.88518583	 -3.74642184	 
4.18689612	 7.60693610	 4.64924289	 
3.02224241	 0.84804616	 -1.27854376	 
0.64942755	 -2.90996828	 1.67783226	 
1.41621664	 1.41787461	 -7.64980126	 
0.17974674	 1.39807474	 3.38322411	 
-0.32862809	 -1.65068185	 -2.24992842	 
0.58969942	 4.77610217	 -5.22125875	 
-4.28001396	 -0.85966887	 3.04215569	 
0.92854743	 -3.96812216	 1.76828418	 
0.66005857	 1.24725881	 2.51452625	 
0.55889376	 0.34451601	 -3.20541634	 
2.04041831	 1.52289054	 -1.10898241	 
1.27131531	 0.60383308	 0.88043701	 
0.05784880	 -0.94356147	 -3.66262357	 
0.36360208	 -0.09313970	 -5.38947250	 
-0.86898150	 4.67899292	 -10.59068663	 
0.38595641	 0.09836796	 -1.19265221	 
-6.45042865	 -0.48453055	 4.21863181	 
-0.60205161	 2.08744569	 4.59331351	 
-0.97986337	 -0.99506303	 4.50249623	 
1.14334229	 -5.41440888	 -2.11046703	 
-10.83640855	 1.21358912	 -3.97769638	 
-0.59861332	 0.93302784	 10.19986074	 
3.10118658	 2.45403852	 -4.10059224	 
-0.91814297	 0.45797037	 -1.77244051	 
-1.30852182	 -0.64957530	 -4.52938699	 
-0.76163468	 2.98605887	 -4.51902094	 
-0.85664671	 -0.40707447	 2.11401309	 
-4.52644678	 1.45762845	 -2.33363209	 
1.05648071	 -1.43259879	 2.28644336	 
1.70289939	 -0.00611427	 -2.21535915	 
-0.09344363	 -1.42558038	 1.66868861	 
0.11466445	 -3.23549118	 -3.72595630	 
-2.46862319	 1.55622219	 -2.76522160	 
-3.42743012	 -4.33165122	 5.54199940	 
1.30862848	 1.95981055	 3.43867424	 
0.73776229	 -0.01314247	 1.60013579	 
0.23687350	 -1.62296866	 -3.73214004	 
1.19204768	 0.60567688	 -3.65085834	 
1.20344679	 -0.47300487	 3.26769535	 
-1.13754314	 5.43752128	 6.15779990	 
0.27237303	 1.49105639	 -5.12679112	 
-1.65382034	 1.48785691	 5.06105642	 
0.36882087	 2.91330616	 5.03348938	 
0.00348873	 -1.44144742	 -0.98078908	 
-1.98346456	 -0.41372747	 4.80473926	 
0.59144792	 -0.51786957	 5.39959707	 
-0.34781043	 -0.22533815	 -1.84367345	 
1.13894532	 1.85336788	 3.15849982	 
5.13662354	 2.90135014	 -1.14723430	 
-3.10150523	 -0.43725081	 -1.29036849	 
1.15625133	 -0.35613558	 -3.94961441	 
-2.68628385	 -1.68215665	 2.42743896	 
4.82432859	 0.06040551	 -1.81292430	 
-1.27618482	 -7.18399359	 -2.97658456	 
-1.97774799	 1.90159645	 -2.90271112	 
0.11202203	 -1.47269195	 6.18215898	 
-3.39506910	 -4.92452322	 -2.27832389	 
-0.89324222	 -2.42913244	 -4.96339610	 
-2.01442671	 -0.34011840	 -0.95197204	 
-0.10967328	 1.74740682	 6.58540911	 
0.57385444	 1.82045817	 -2.60751955	 
-0.39803187	 -0.57371262	 1.02848415	 
1.35623668	 0.90812889	 -3.00353853	 
-8.36676190	 -1.47589674	 -6.23710652	 
-1.89580652	 -3.98540666	 8.18316980	 
-0.42680355	 0.91546979	 3.03582031	 
0.67206188	 -1.59340249	 1.93042114	 
0.40651355	 -2.17310754	 -4.88073649	 
3.73510254	 2.13856986	 2.16726969	 
-3.36978479	 1.75427593	 3.25786480	 
-3.22620516	 -2.39546187	 2.07979202	 
5.36568370	 2.69656064	 5.54480029	 
-0.30874919	 0.65997908	 3.41304449	 
-0.75030700	 -2.05577274	 -3.62304507	 
-0.29811219	 1.92938898	 -2.17373349	 
-0.25663466	 -0.76290163	 2.25276293	 
0.51959090	 -1.29149420	 -3.65307168	 
-0.94023149	 -0.02419741	 -0.74858565	 
4.43633962	 -0.38115590	 3.47476812	 
-0.33351891	 -1.66040295	 2.82109129	 
1.17839191	 0.81384917	 -4.00932318	 
3.25828399	 -3.22258076	 3.53601782	 
-0.63159560	 3.16609804	 -4.56122253	 
-1.18660264	 0.36436095	 5.00696607	 
-0.36477116	 -0.68011994	 4.32544392	 
-2.07611518	 0.57872901	 3.83573631	 
5.66811977	 -1.41017254	 -4.56486746	 
0.93084777	 2.48256416	 -3.67391492	 
1.18224950	 -2.99523192	 -3.80579288	 
-0.97503019	 0.23677896	 3.82758528	 
-0.01027746	 -2.81715733	 3.96753566	 
3.27475169	 6.78871445	 3.73626436	 
0.82720239	 3.63636335	 10.86613521	 
-0.23044253	 -2.53498570	 -5.51120363	 
1.70268206	 0.20900596	 2.67487117	 
-3.64158347	 4.20463420	 -7.81183145	 
1.28703492	 0.35419983	 2.18996060	 
2.29189461	 -0.32155749	 6.55035488	 
-6.90466915	 0.19911618	 -2.91890225	 
-1.44112466	 -0.41183380	 -2.39737816	 
1.87416735	 -2.23856351	 -2.69710900	 
-1.49920430	 0.21725138	 -5.13570878	 
-3.52923901	 3.17811653	 -3.78678114	 
-1.62347230	 3.79690067	 -2.89743045	 
1.34210686	 -2.69021047	 -3.05293862	 
0.45925286	 -0.60335474	 -4.26751788	 
-1.23316021	 -5.18785182	 -6.64365008	 
1.83066179	 -0.26534301	 -2.79671216	 
-3.21163925	 0.65061889	 -3.01015036	 
-0.65220618	 0.71963231	 7.76487615	 
-5.17555995	 2.61418775	 -3.33765335	 
-1.99279229	 -1.98013479	 -3.05785049	 
2.99605840	 -0.63156817	 -4.91538404	 
-0.46223444	 0.98642937	 -5.15558003	 
1.07980062	 3.98939590	 -7.44685117	 
-2.11621405	 1.69291729	 2.63760630	 
3.36468334	 2.56708434	 -4.10786813	 
0.75401667	 4.05651285	 3.29897947	 
-0.66527774	 -1.89815069	 5.76021455	 
-0.82116299	 -2.75867513	 3.05781508	 
-2.00166900	 0.20364739	 -3.25708993	 
1.29403815	 -0.81168171	 4.02333891	 
3.34472863	 0.17215468	 -2.75380700	 
4.02039576	 -1.36031149	 1.64776348	 
-0.77698027	 -0.80175920	 -3.71580473	 
-1.51597913	 -2.68698481	 -0.49623848	 
-3.67980699	 -3.09823974	 4.28121147	 
2.33527553	 0.83397909	 -7.40169323	 
1.43847099	 -1.50679511	 -5.60104729	 
-0.58750644	 3.07184820	 -5.96391819	 
3.13513650	 -2.07096973	 5.30592438	 
-4.07436244	 2.82583299	 -9.01298190	 
-0.38253579	 3.09596703	 -4.62281980	 
-1.99726063	 -2.76659760	 -7.22405560	 
-0.18742881	 -1.30537135	 -3.49666151	 
-0.79634788	 -0.72205665	 -1.57646932	 
-4.09543772	 -2.10649679	 5.51002340	 
-3.04489200	 0.00903917	 -3.11265636	 
0.13635207	 0.31423832	 2.37815668	 
3.46129836	 0.19855295	 3.12061180	 
-0.96605715	 0.60110236	 1.84259178	 
1.32330145	 -2.61499728	 -3.63018889	 
-0.29585151	 -1.44406497	 -3.94888661	 
3.09405872	 2.52394125	 -5.83777693	 
0.28936954	 2.06928875	 1.24353445	 
3.64833588	 -2.49817723	 4.65417069	 
2.77590857	 1.12700257	 6.27461584	 
0.36302734	 -0.41617235	 8.70119070	 
-1.47776896	 0.65950275	 -2.11972089	 
-0.42390864	 0.19234984	 3.77402715	 
1.89321616	 -1.14762310	 -3.33146507	 
1.35362278	 -3.12507948	 -1.13787038	 
-4.11368479	 0.23158639	 -5.41194581	 
-1.60557244	 6.30014102	 5.23089489	 
-0.09950893	 -0.51616072	 -0.37186497	 
-1.02040316	 1.03772484	 -1.64828349	 
1.36171294	 -1.20388091	 2.46983686	 
-1.68622126	 2.70040332	 1.14077104	 
-2.16340486	 5.58296140	 -7.90422632	 
6.26492933	 -0.69824693	 5.59096801	 
1.05203346	 -2.38809071	 -4.05071861	 
-0.05473076	 -1.52656109	 -2.06082611	 
-0.19972548	 1.79879779	 1.33317288	 
-1.76697286	 -3.16654774	 -7.50473639	 
0.21475195	 -1.96302337	 2.74525507	 
0.04671447	 -0.20725193	 -1.58244077	 
-0.23751969	 2.00495113	 -5.45815268	 
-2.06498726	 2.20410769	 -4.83653195	 
2.08703090	 -1.29946406	 -5.25109560	 
0.03659108	 -1.15687933	 -3.80748232	 
-0.47059220	 -1.11612243	 -3.16253224	 
1.16670386	 -0.92542774	 -1.51473834	 
0.80643189	 -0.68786929	 2.99908905	 
-0.74911285	 1.97357266	 -1.83909224	 
-2.28503238	 -1.31993609	 3.63981210	 
0.26474307	 -1.70748942	 -7.00001772	 
0.15092488	 1.27761660	 -2.74447077	 
-3.13867632	 -0.40109228	 -5.81667228	 
-4.89497991	 -3.21590198	 -5.13722937	 
-1.90503471	 1.09481937	 4.06363147	 
2.40249061	 -1.83132686	 -3.84689030	 
-1.39750815	 -0.11143013	 5.09706352	 
1.18332266	 -1.99544050	 -1.62960843	 
1.59315614	 0.67918541	 -1.65630575	 
9.11353509	 1.87559784	 -6.89161072	 
0.28822000	 -5.30277073	 -4.52750349	 
-0.00554481	 3.33283125	 4.64440427	 
-2.82266315	 1.47560752	 2.60271770	 
-1.56283678	 -0.08587245	 -2.38539417	 
1.55705447	 1.08043185	 -2.32148242	 
2.05885912	 4.70108030	 -2.98838387	 
-3.99957064	 0.40473789	 -5.72194920	 
0.71331284	 -0.22955440	 0.96376770	 
-2.41484398	 -1.63292847	 -3.55931060	 
-4.50525210	 0.06665526	 4.17030194	 
-1.16721100	 -0.98946719	 -1.95531243	 
-1.50776673	 -4.04695904	 3.16156347	 
-0.81701577	 0.62952498	 4.02040572	 
-4.43948452	 -0.70161410	 7.48594540	 
-2.06477460	 3.23606332	 5.67496316	 
-1.47367301	 -9.35340516	 -5.81130021	 
-3.59293842	 2.12084303	 -3.80841807	 
-0.61593860	 0.91952186	 2.02490454	 
-1.71747483	 -1.93397851	 -1.44921503	 
3.47915466	 0.24385933	 3.54475009	 
1.66486232	 -4.03120465	 5.82625055	 
1.36671731	 -0.09195932	 1.52061710	 
-0.81056257	 0.65318434	 -1.09925302	 
1.56220729	 -1.18915160	 0.78983726	 
0.91054908	 5.08394288	 -4.35787203	 
-7.41130799	 1.35039093	 -2.53098092	 
-2.07509387	 -1.52456353	 4.89885123	 
1.76937196	 1.48390132	 2.78946192	 
-4.51075636	 -7.54902514	 5.15723569	 
0.81672954	 -0.44681614	 3.95860737	 
1.73203456	 -11.71712025	 15.82746284	 
0.61370681	 0.23527104	 -5.27357206	 
1.56904158	 1.70457690	 4.63816877	 
-0.23980946	 -2.57824079	 6.78237477	 
-0.11698911	 -4.41765697	 4.96760510	 
4.11231025	 1.92997162	 6.22977152	 
2.25287568	 1.90970845	 4.26091591	 
2.68469069	 -0.29390511	 4.92531230	 
-4.13167787	 -1.31805570	 3.41140287	 
-1.57733317	 0.58968606	 1.43606292	 
-0.83098416	 -1.60032925	 -2.37821254	 
-0.75106047	 -2.44839478	 3.08074447	 
3.16699332	 9.20358468	 9.58759797	 
4.40366189	 -2.68113706	 3.78120716	 
1.86595680	 0.29105289	 -2.79813273	 
-0.85859045	 -1.21314691	 4.46881369	 
-1.33022718	 1.64006792	 3.12939743	 
-2.49390852	 0.17042998	 -1.72748909	 
-1.34551646	 1.15924142	 4.00245916	 
0.13265248	 0.12389173	 -5.41882829	 
1.48150043	 -3.49245001	 -4.20821298	 
2.31161524	 -4.05821302	 -2.40536378	 
-0.30128305	 -0.43099152	 -4.19659255	 
-0.03000181	 -1.96081088	 -6.28644240	 
3.97096470	 3.09397957	 -3.21508783	 
-2.40722494	 1.23309361	 -4.90376639	 
1.61639640	 1.12053942	 -4.22395862	 
1.01695351	 2.43248035	 3.03666623	 
-2.71733996	 1.61185277	 2.00890833	 
-0.47671245	 -2.17261517	 -1.63902328	 
-0.88013054	 0.80443404	 2.78713560	 
1.02734156	 -4.73174901	 5.72215173	 
-3.37448054	 -1.21081678	 -2.27206565	 
3.24721080	 -1.00992291	 -1.83709863	 
0.58992428	 2.53797867	 -2.86111412	 
1.91651911	 0.92172887	 2.39923369	 
-1.98095324	 0.90717743	 -6.68417119	 
-2.49720780	 -0.86365915	 -1.71253891	 
0.48293677	 2.76361992	 5.42582059	 
-8.29863407	 3.64448233	 -6.07445151	 
-1.76003376	 -3.43912720	 -7.65195609	 
1.53255275	 -3.87798422	 0.90590474	 
0.97466246	 -1.16622925	 3.16274351	 
-0.92625124	 -0.39942962	 3.21505077	 
-2.22017289	 -0.21493972	 1.48254689	 
0.87999737	 -0.17220920	 2.95954055	 
-1.98072366	 3.82674168	 -2.41223691	 
-5.24000991	 -1.12130788	 2.98176989	 
0.80906291	 -3.45910980	 7.30551835	 
-1.71380460	 1.87856893	 -3.07427261	 
1.11920137	 -2.02242512	 2.13246214	 
6.20254312	 -0.74367104	 -1.32218605	 
-4.39726014	 -0.80012120	 1.58084918	 
4.84178581	 -3.75756172	 3.95184356	 
0.14316666	 1.23867098	 1.22512671	 
-1.09015143	 0.35957025	 2.32685895	 
1.89281393	 0.05864689	 4.09396339	 
-0.67905229	 -0.82330614	 -5.47954211	 
-4.41639030	 -2.60170434	 5.01624406	 
-3.55316665	 -0.63174560	 6.81377430	 
-2.49365526	 5.78469918	 5.31467908	 
-1.45256212	 -0.99230863	 -2.84694212	 
-6.36031942	 -2.79442219	 5.37727853	 
0.58929116	 -1.82929243	 4.19986877	 
-0.50343209	 4.26155566	 6.44868184	 
-0.74321004	 0.85797592	 2.51601664	 
-2.76953476	 3.07088232	 4.43451059	 
-0.36386320	 -0.45935482	 3.15848973	 
2.57037542	 5.25512615	 -3.60161690	 
-1.72324984	 0.27484329	 0.55339837	 
-1.15890029	 -1.73962961	 -5.03949357	 
0.49256227	 3.75834528	 -5.40000637	 
1.54895468	 -0.39825172	 -2.85670021	 
3.22573570	 -4.27130334	 -4.05828362	 
1.01046502	 -2.79772178	 2.02268705	 
-5.08971096	 1.43212613	 -7.19168587	 
-0.62022861	 2.76700105	 -6.13857429	 
3.08376386	 0.73361098	 7.82766102	 
-0.04733936	 2.50821745	 -3.50273530	 
0.99333479	 -1.88443355	 -4.87285564	 
0.51279335	 1.27677457	 -0.32503579	 
2.59608057	 2.15847382	 -5.02681997	 
0.84947990	 -1.20595978	 1.47744383	 
1.45681707	 1.52577921	 1.74964733	 
0.73433809	 1.38828709	 3.10944354	 
-1.22259593	 2.33415931	 -2.08359067	 
3.52792709	 6.25244604	 4.73449873	 
-0.10305601	 -2.26880506	 -1.82971841	 
3.90919546	 -1.96066537	 3.66972029	 
4.19637831	 1.05781797	 3.04555107	 
-0.38663372	 -3.71485825	 1.98469446	 
1.57121315	 0.99012143	 3.76724893	 
-2.65562771	 1.70539920	 -2.43116539	 
8.04321827	 3.19614322	 6.33872780	 
0.31691689	 -1.46040534	 3.25376915	 
1.31565570	 -2.29211005	 5.78481126	 
0.07401379	 3.97045647	 5.08843480	 
-1.15866565	 2.43634689	 3.42733665	 
5.50498593	 -5.19511583	 4.87944807	 
1.41224923	 1.61043768	 -2.74193777	 
1.22497753	 -0.70639215	 4.42489195	 
4.39314724	 0.40149013	 -7.53138708	 
-0.12751523	 1.71115459	 -1.43892056	 
-2.56447477	 3.14099636	 -5.63500642	 
-0.52611219	 -4.36484106	 -7.58689900	 
0.88001707	 -0.61146965	 3.31574070	 
-1.44368601	 -1.85007169	 2.76496957	 
0.91346223	 -0.71637466	 -2.87598123	 
0.09165648	 0.60086135	 2.69053815	 
-0.65875547	 -0.82256708	 5.91195211	 
-2.54185924	 -4.12542063	 -4.45039122	 
-0.99007853	 -1.54297741	 1.28136299	 
-1.37331949	 0.39071650	 -3.07170488	 
0.40030186	 -1.46000159	 -3.46776784	 
-0.55614368	 -0.33114998	 -1.09951331	 
2.24678082	 1.96178536	 -3.93635723	 
3.31682815	 -0.10755162	 -5.89428937	 
0.83656868	 -1.19419504	 -3.10435754	 
-0.90499016	 3.21707177	 2.63523416	 
1.78686896	 0.23349550	 2.22955887	 
-0.51964554	 0.92247478	 4.09095568	 
1.74554245	 -3.22934967	 2.59768673	 
0.98484597	 3.60363286	 6.22492248	 
1.19216983	 0.45278879	 9.32549006	 
-0.01289735	 0.47890842	 3.18008394	 
-0.80635311	 2.25062262	 -1.46375705	 
2.04913957	 -2.87751230	 -3.61731052	 
1.42808658	 -0.40102668	 -7.54283477	 
-0.59872947	 -1.53079439	 -4.22923893	 
0.49584162	 2.00530531	 -1.22989795	 
2.80614114	 -3.35419809	 -4.65261408	 
-1.00261092	 4.64868129	 7.18748325	 
-5.82591153	 -2.61468742	 -4.99818904	 
-7.78727777	 -0.58419305	 -4.73145473	 
-2.16774852	 -0.14043791	 2.36333943	 
-3.18350385	 2.59149802	 4.99378425	 
-4.25085263	 1.05777839	 -2.32159649	 
-1.48625465	 0.02327999	 5.78067797	 
-4.68865104	 0.29343507	 -6.30289251	 
-0.92228515	 -0.87424173	 2.49766670	 
4.19910204	 -1.65296634	 -1.42326218	 
3.25353532	 -0.19162363	 3.59241288	 
0.26424515	 1.68935083	 3.93971769	 
0.39856558	 1.14186428	 -3.29986547	 
1.41326483	 -4.42755475	 -4.38315056	 
0.04870071	 -0.71411901	 -8.99576341	 
-1.95673151	 0.59377466	 5.49026632	 
-4.11599195	 -0.06394792	 -6.47381483	 
0.34792471	 -2.27986162	 -7.57045018	 
4.09191945	 -0.23599128	 3.37832941	 
0.28215746	 -3.48024631	 -3.35998907	 
2.63763304	 -3.55879503	 4.14994792	 
1.09316642	 -2.31076946	 -4.87245475	 
1.88400467	 -0.45221097	 -5.29667996	 
2.94878306	 3.04284651	 -8.89080361	 
0.37088472	 -0.82631017	 3.92688200	 
-0.41655978	 0.40515588	 0.91636478	 
-1.70943354	 0.56365903	 1.99057379	 
-1.24453667	 1.61332108	 -4.19126794	 
1.45415089	 3.28680095	 -1.36609794	 
-0.90359253	 -2.66114300	 -1.87654145	 
0.45352798	 0.04716103	 2.23147904	 
6.25238019	 0.70049478	 4.54457473	 
-1.36749356	 0.71727110	 -2.68833385	 
-0.96820707	 -2.47799089	 -1.13267425	 
3.88479879	 0.38516166	 -3.65319277	 
1.83279412	 4.39778438	 3.99756147	 
-1.53165507	 1.63966583	 2.23684518	 
4.93127291	 -3.05044933	 6.01258699	 
-0.82944508	 1.87513607	 5.29026134	 
-0.42389798	 2.38245818	 -4.00956831	 
0.73328389	 -0.38798585	 3.43567602	 
0.39829137	 5.82790943	 -5.84021417	 
2.35508967	 -1.59481544	 5.58073435	 
-0.36878003	 -1.70758542	 1.34632220	 
4.87548047	 -0.42114395	 2.37028534	 
2.61291115	 -1.91968612	 3.82034205	 
-1.35872675	 -2.17498660	 -1.68668597	 
2.71039828	 -0.78391393	 -4.70209444	 
-2.62189045	 1.31723741	 -4.04594286	 
0.04969434	 -1.40288290	 1.80799808	 
0.69254128	 2.60252858	 1.20953844	 
-1.88996124	 0.01585207	 1.16310920	 
-0.18281232	 1.77690092	 1.34502402	 
0.68126836	 2.58917226	 2.85255149	 
-5.11063931	 -0.69777817	 -3.85993590	 
-0.34561678	 -2.10811880	 1.10518811	 
-1.50162779	 -6.55617098	 -1.21111757	 
0.72230875	 0.33559043	 5.56189072	 
2.78544655	 3.49355174	 -1.68792204	 
-0.55567952	 0.51924364	 -1.24582523	 
2.94558428	 -3.01668282	 -2.54465558	 
0.96470999	 0.06974695	 -2.52410586	 
-2.52347804	 -2.80342717	 7.26502320	 
3.48782275	 -4.55824830	 5.58701880	 
2.28616089	 2.30269657	 -3.57759545	 
-2.06004357	 -2.80053765	 1.15591878	 
-1.78110981	 -1.29202000	 3.56062031	 
0.28390638	 0.29877501	 -0.78918321	 
1.38126937	 -1.49843682	 4.56081257	 
-1.68778975	 -4.48016401	 3.06181838	 
1.50880016	 1.70340456	 -3.60075037	 
-5.75385458	 -2.21751238	 6.31149194	 
-8.23608097	 2.07106189	 -2.89973174	 
2.86020349	 -2.05822691	 6.38086626	 
-1.21478004	 2.20453421	 -1.65038433	 
-1.35516237	 0.12267679	 -4.31468411	 
-1.79689868	 -5.14292514	 -4.85612085	 
-6.40306304	 -2.79182306	 4.43336124	 
2.52569642	 5.90792702	 -6.98848127	 
-5.47790243	 2.01486235	 -7.38151759	 
0.22955807	 1.15200250	 4.12022851	 
1.69601473	 1.24137801	 5.42747883	 
-0.43960197	 0.59626947	 3.93968492	 
-3.08302890	 3.52731950	 -5.53705249	 
0.46634040	 -1.19993995	 1.48897623	 
1.65490528	 3.95814921	 -6.87470795	 
0.38825524	 -0.73251638	 -2.18473466	 
-2.52424916	 1.14454605	 -2.34019201	 
0.50478454	 -1.29651937	 -3.06037317	 
-2.55200018	 -2.79688428	 2.05722130	 
0.44260477	 3.55015990	 6.96589891	 
1.77932929	 -1.11326763	 -4.47553970	 
-0.64324236	 1.79021602	 -4.37450514	 
-4.17707537	 -2.31005581	 4.44725407	 
-1.85773464	 -2.83340476	 3.51577614	 
1.11365253	 0.61936104	 2.39332398	 
0.47860329	 0.30755482	 -1.52911233	 
2.62968611	 -1.83826239	 -3.15758883	 
0.32399347	 2.33753776	 -3.45287464	 
1.43427009	 2.13992714	 3.05239891	 
-0.85912176	 -0.83231441	 3.76446010	 
-3.36538932	 -4.70235938	 -3.18156074	 
-0.47742451	 -0.40581864	 -4.08558471	 
-2.23310927	 -4.72892253	 3.63261130	 
3.66693087	 -2.70448600	 6.20742916	 
2.49972933	 -0.41269485	 -6.83719665	 
-1.06353499	 3.12205106	 2.26751767	 
0.56048931	 2.78962940	 -4.01528842	 
2.30692999	 1.62217007	 3.76776518	 
1.20048329	 -3.59508993	 1.80214607	 
1.30603051	 -2.42690566	 -1.78165728	 
0.96211450	 2.92347991	 5.57227260	 
5.06130674	 -0.49054172	 3.70239140	 
1.20762260	 2.16308447	 -2.93378876	 
-2.12894659	 3.30079234	 -3.46795341	 
-2.13529104	 2.39755767	 3.10321925	 
0.54370475	 1.58674157	 3.66894158	 
-0.43933603	 0.98852486	 -8.04104202	 
1.05757035	 1.71309797	 -1.94432537	 
-1.45136779	 1.32289658	 -3.42894592	 
1.52004918	 3.42496720	 -0.75723304	 
-1.20007693	 2.93574668	 -10.43001887	 
1.99816261	 -2.26259620	 -4.07012531	 
-0.98318372	 2.87320084	 -3.29590417	 
-3.98860898	 -2.85284143	 -1.10674918	 
-0.68059358	 0.60943564	 -4.35610077	 
2.00025315	 -5.99175151	 -7.63731754	 
2.55933480	 3.34255993	 -1.30378520	 
-2.13795031	 2.28649520	 -1.11157127	 
-2.93485496	 2.04004247	 -1.01983624	 
-0.40216264	 -0.39315947	 -7.66579559	 
0.62353492	 -0.42042269	 -4.66930612	 
0.40512461	 -3.63068070	 -1.67298028	 
-1.45931228	 -2.93802481	 -6.70486784	 
-0.01002313	 -2.67574013	 1.88028452	 
-2.71619621	 2.51025457	 2.83267400	 
-0.36490029	 2.01081603	 2.22281265	 
-1.61605712	 -4.88516906	 -6.94331209	 
5.11596282	 4.55801339	 -7.69546876	 
1.35197912	 -0.58630378	 -2.30208334	 
0.60012504	 0.32891130	 1.82605319	 
3.14277850	 -2.27714742	 3.13182862	 
0.97072986	 -1.65376382	 9.67183341	 
-3.05168932	 2.40348131	 2.56109756	 
-6.02708736	 -3.71301095	 -6.27299998	 
-2.35542745	 4.03801280	 4.28737110	 
0.77061900	 0.55484027	 -1.78350570	 
-4.31667995	 -4.38593031	 -10.03958267	 
3.90149300	 -0.05599350	 -2.43648296	 
-0.09072131	 0.87267620	 6.12225082	 
-1.85298614	 0.56546588	 2.56222729	 
-0.76069616	 1.75218386	 1.48310766	 
1.44904430	 -1.30629758	 -2.18200875	 
-5.76288401	 -2.09826391	 -3.25528881	 
0.52794362	 1.29526059	 -2.38820130	 
-1.41227639	 -2.59631554	 3.58190231	 
1.58807626	 -1.73540035	 -3.77903892	 
-0.20570210	 -0.38719570	 -2.02231919	 
-2.93115931	 1.86913368	 -1.81434018	 
-2.23043687	 4.22859486	 2.35256348	 
-0.77178579	 1.20214562	 -3.65886102	 
1.58611906	 -0.70238608	 -2.08521723	 
-0.12844806	 0.34855880	 -1.66473322	 
-2.74807831	 -3.45258352	 1.49122400	 
1.26011788	 2.97412334	 2.18586796	 
0.49323809	 1.17707674	 -2.15748868	 
0.76055905	 -0.78845815	 -2.00114157	 
1.73403853	 -0.58216371	 -2.02652597	 
1.89885179	 -0.14651964	 1.58126850	 
2.20061656	 -0.58118559	 2.19287379	 
0.74672313	 1.65597643	 2.39109146	 
0.47987254	 -2.36923989	 6.99520886	 
-0.15901970	 -2.16999671	 3.05662106	 
-4.99617161	 1.14070515	 -3.99935488	 
-4.34316918	 6.60246723	 3.94226430	 
0.15360025	 -1.74041898	 7.37132898	 
-0.85840262	 -1.39476955	 2.34842237	 
-2.25897481	 0.20105234	 3.20875514	 
0.64859233	 0.74031081	 1.58189722	 
0.64569223	 1.20832566	 4.10077706	 
4.91762952	 -0.26018570	 -3.69739038	 
-2.17984991	 2.18893548	 2.07882376	 
0.41791587	 0.74011374	 -2.13842296	 
-3.68544201	 1.27939746	 -3.34166092	 
-2.26114786	 -2.63778137	 -3.62398992	 
0.04246709	 1.29711397	 -4.66027639	 
3.04301162	 -2.80902138	 1.96523426	 
0.02551692	 0.91175371	 1.89505628	 
0.65840539	 -0.50389723	 1.65508089	 
2.24082111	 -1.50180839	 2.82235045	 
0.99339454	 -0.17890621	 3.79522253	 
-0.73499038	 -5.46761615	 -9.21951695	 
1.93948536	 -2.90426654	 -2.83961195	 
-4.39852798	 1.38884379	 1.97827682	 
0.78664100	 -0.73561915	 0.67417932	 
-0.41427284	 0.68561037	 -1.23778612	 
-3.46934323	 -3.41649382	 6.06234141	 
0.85081447	 2.48367660	 -6.45326495	 
-0.00934185	 1.94347337	 -3.63444056	 
0.58130437	 -1.73864639	 5.50164027	 
0.77537013	 -0.50956557	 2.72223162	 
-4.41087426	 3.95124416	 -4.64671883	 
2.12957280	 0.82099310	 1.55591653	 
-0.08009132	 1.02042468	 7.12662170	 
-2.52656666	 4.51991766	 3.81890411	 
1.18764225	 2.76607712	 5.09545775	 
1.47825695	 -0.12363080	 5.47533930	 
0.07816253	 1.27248657	 3.07521993	 
0.40992967	 2.86512097	 2.54183311	 
3.90313750	 1.00369056	 -1.82391435	 
2.17580801	 1.05387257	 2.98710333	 
0.08721199	 4.85099288	 7.39137432	 
0.33703590	 -1.18505146	 -4.90663483	 
-3.24754355	 0.53375008	 5.92590236	 
0.82717281	 -0.04433152	 -6.88201717	 
-6.21108521	 5.33251752	 4.28331175	 
4.66785009	 6.34700782	 -6.56690337	 
-1.04965779	 1.04289437	 -0.68008475	 
2.12375656	 0.09686219	 -3.07502404	 
1.05340251	 0.62413091	 3.58185987	 
0.21397721	 0.55207557	 -0.91432873	 
3.79654638	 2.03042855	 -2.56266930	 
-1.38003333	 -1.09308505	 -5.63060476	 
-1.98194624	 2.15405061	 3.19658418	 
-1.17794849	 1.14528754	 1.60672306	 
4.33222785	 0.76172562	 -3.66859441	 
-2.39968246	 1.29983604	 3.19822289	 
4.68383895	 -3.26807595	 4.22846878	 
0.38002480	 2.89316953	 3.96845619	 
1.93789111	 -0.65571519	 5.11751188	 
1.59954758	 -0.49773308	 1.32571453	 
0.65148181	 1.05758779	 -2.74168158	 
1.68581625	 2.63048890	 -3.68174259	 
-3.51599138	 -0.19692237	 5.52919788	 
-1.82479574	 1.74900833	 -2.38771914	 
2.14629217	 -3.08315834	 2.10141993	 
-1.54436381	 -0.98057113	 -2.98892498	 
3.28397498	 -1.58685072	 -4.28181700	 
0.58855768	 0.71169304	 -4.62356697	 
-1.96209991	 0.60963498	 4.29751978	 
2.10674084	 2.42329027	 -4.51062121	 
1.79236875	 -1.78220591	 -7.62957199	 
-0.47937227	 -0.05842503	 2.29172689	 
-2.07770077	 -2.20372548	 1.04909220	 
1.14880737	 -0.64231218	 -2.28896158	 
-3.83978802	 -1.43016222	 1.06514830	 
4.36616350	 0.12761297	 3.94579050	 
2.75743315	 0.83832761	 5.36491904	 
-0.00332119	 0.41615593	 2.60300168	 
-0.11715336	 0.63053618	 4.51218774	 
0.03977216	 2.75772617	 -3.02893444	 
-4.59350227	 0.75081300	 -4.78288274	 
-3.77816759	 0.63654916	 3.78545182	 
-0.46121277	 2.24956508	 -6.34267267	 
-3.26722589	 2.87706134	 7.65608432	 
2.48907438	 -0.12842187	 3.68863104	 
1.51806322	 0.33037054	 1.58038498	 
0.49755260	 -1.37030896	 2.82547575	 
-1.38949732	 -0.29645297	 -3.33540799	 
3.22414935	 -1.55935498	 3.82409845	 
2.50225820	 0.45490418	 3.31110042	 
0.44098209	 0.16421764	 -3.62142046	 
-3.77589463	 0.09032316	 2.28323910	 
-1.34709317	 1.91563251	 -1.97634148	 
-1.65482318	 -3.87573988	 -2.09004521	 
-2.18733161	 -0.36442417	 -2.11966673	 
3.83420010	 4.59607181	 -5.97862977	 
0.76336303	 -3.76809278	 4.53940291	 
4.85797401	 2.86425563	 -7.35094919	 
2.12832550	 0.01434813	 2.60239455	 
-1.03560533	 -0.97120770	 -3.79444156	 
1.72904973	 -1.32820947	 3.28595318	 
2.37472938	 1.53539723	 6.42730093	 
1.77906329	 0.92793110	 1.88852298	 
-2.01798848	 0.00610460	 -5.58184185	 
2.89024230	 0.84980808	 -3.28803691	 
-0.25974384	 -1.14056681	 -2.49482102	 
-0.58301013	 -0.44526535	 0.68583150	 
-1.44348370	 3.01785171	 -2.35359435	 
0.98940254	 -0.65495102	 8.10628917	 
1.13484639	 -1.59325626	 -0.88848860	 
2.24880197	 -4.75405420	 3.37726826	 
-1.12676133	 2.91764455	 3.63108938	 
0.66204801	 -6.41927004	 -2.57017737	 
-0.58331318	 2.71562861	 -3.58902190	 
-0.93475716	 -0.28290743	 2.09635532	 
1.62272189	 2.82976773	 2.41913288	 
-1.82051973	 -2.99248948	 -3.27971769	 
-0.60046288	 -3.45802440	 -3.10150092	 
-0.11119851	 0.55522382	 -2.40485333	 
-0.30699117	 -1.33269160	 -5.24277885	 
-0.59639785	 -0.19829415	 -0.85506341	 
-0.14246154	 1.59785607	 -3.82900372	 
-0.22818086	 3.35277854	 -3.68426343	 
-0.16032146	 -0.52450984	 5.69165477	 
-0.13593798	 2.50640675	 1.18206897	 
-0.40328473	 0.94566701	 6.50660997	 
-0.67647825	 -5.16243046	 5.11296645	 
0.87000010	 -2.87067622	 1.85995432	 
2.22638213	 -1.73310609	 -6.95663217	 
-2.44949683	 0.82054639	 -2.25811980	 
-3.20138871	 1.88616181	 4.36381947	 
2.58026013	 -3.53081286	 -5.03390911	 
-3.85556923	 0.31828594	 7.32626427	 
1.40917831	 0.42287868	 -1.24034255	 
-2.77518613	 4.29239978	 -3.30132689	 
-0.46908301	 -3.24378744	 5.13917110	 
2.26588958	 -1.91715988	 2.07261393	 
-1.20141088	 -1.28051175	 3.51693645	 
-1.50774263	 1.59217147	 2.24058258	 
1.65740091	 -0.66760867	 2.41052602	 
-1.79666680	 1.40415078	 -2.66600389	 
4.38172294	 -1.37072964	 3.68954233	 
-0.23593391	 -2.16975904	 -3.58928688	 
-1.34930459	 3.24625826	 0.94947252	 
-0.42133424	 1.44489843	 -1.39562466	 
-2.75293447	 0.00008911	 3.48457483	 
-0.19743751	 1.13608089	 -0.92314862	 
1.37945980	 -0.65642908	 -7.28026769	 
-2.56645144	 -3.59720718	 2.32361210	 
2.04888056	 -2.32747502	 -1.54614653	 
7.37619052	 2.67925707	 -6.13096151	 
2.75640700	 0.83139275	 -4.38615902	 
1.54495043	 0.25939548	 5.09887482	 
-0.62389018	 1.91477093	 -6.01256181	 
1.93183180	 3.96298934	 -7.04750797	 
-4.08248223	 -1.90644923	 4.68521470	 
3.25177067	 0.21583548	 -2.93184239	 
-0.23745500	 2.84486329	 2.02656497	 
1.14523463	 -3.43299296	 -3.06771247	 
-1.85774779	 -0.51657447	 3.16914874	 
-0.61274001	 -0.97293558	 3.27329019	 
-0.63748594	 -1.14840497	 1.25936948	 
-2.16981257	 1.69949715	 4.49266607	 
-1.60771972	 2.70602074	 -2.77933134	 
0.98123783	 1.48302195	 4.05593236	 
-2.25494441	 -0.08619746	 -2.01564722	 
1.69413123	 -0.07927666	 -5.92944780	 
0.71939999	 -0.82510349	 6.87218582	 
2.67079859	 0.54096156	 1.79305090	 
-1.14471078	 2.46911087	 -5.30170241	 
0.64119686	 1.66726226	 5.29822311	 
0.68115048	 -2.52766339	 -8.23773045	 
-3.48924809	 1.52713722	 2.97902402	 
0.79225279	 0.31781745	 -3.02378479	 
-2.45511356	 -2.56762420	 -3.13148913	 
0.39313585	 1.01921305	 -2.04863895	 
0.25968485	 0.15401065	 -2.25774738	 
0.82536294	 0.01768114	 -2.79001872	 
-1.56822793	 1.33922162	 -3.31190214	 
1.14836917	 2.95195922	 -3.28315155	 
-0.53476190	 3.95715869	 0.69788028	 
0.34211574	 4.86831031	 -3.67483855	 
-0.54383764	 -2.23848929	 -4.26363881	 
1.28117801	 0.96248711	 -4.21008689	 
-0.91276356	 -2.53461465	 -3.22186131	 
1.01129808	 -1.72306677	 -2.72532746	 
-2.67523926	 4.11176307	 -4.03323905	 
-0.90594137	 3.08142239	 -2.28769722	 
-5.18231116	 2.31351261	 -1.71346098	 
-3.13081601	 -0.08757679	 -1.65234341	 
2.97716014	 -0.54376639	 1.43644851	 
1.52707191	 0.97228805	 1.22430328	 
1.07000865	 -2.78878138	 1.35050800	 
1.99076542	 -4.33740911	 7.22534035	 
0.92246690	 1.30114691	 -3.32154570	 
1.13494376	 -2.20338912	 -4.88747197	 
6.04298522	 -0.46449586	 -2.61332670	 
-2.87201165	 1.65657224	 5.31865288	 
3.35263549	 -3.20616899	 6.45883266	 
1.21617107	 -3.15355424	 6.15545784	 
3.40718129	 -2.05103918	 3.22638153	 
1.56758369	 -2.96753921	 -2.51494869	 
-1.57805731	 -4.41908182	 3.74112347	 
-0.80251900	 -0.26595386	 -4.60039660	 
0.95950040	 4.57729065	 1.67649094	 
2.14663898	 1.36893927	 -2.86415991	 
2.09812643	 -2.69447866	 7.68638849	 
1.69011612	 -5.11464684	 -1.59956754	 
0.65929904	 0.06922873	 -2.41451203	 
0.46161093	 1.48452927	 2.46794608	 
1.10464355	 1.40399539	 -3.53528292	 
1.89842647	 2.00374892	 -6.69183702	 
4.10918786	 -0.40911291	 3.91050769	 
-0.06447683	 -1.92255999	 -1.45838299	 
-0.27229051	 -0.95468419	 3.12361888	 
1.50969557	 -1.85613705	 5.91484291	 
-0.62782999	 0.70726474	 2.90993620	 
-0.89922141	 -0.35043136	 3.26811843	 
-0.30718768	 -0.98239015	 0.75628298	 
-6.77848481	 -0.55026893	 -3.57771663	 
1.48036777	 -1.44776123	 -2.42261556	 
-0.26218061	 -0.98237855	 -2.62730850	 
-0.22823535	 -1.64004354	 5.73741454	 
-2.26397760	 -1.38535526	 4.02997707	 
3.35467440	 2.39473603	 3.81278341	 
2.06792496	 0.81016794	 2.51100877	 
-0.88436283	 -0.84532026	 -1.14860991	 
2.71326629	 2.20745338	 -2.64037369	 
-1.19208533	 7.35177526	 3.28746332	 
-0.26576031	 -0.79957877	 0.64481369	 
0.62725532	 2.98399807	 -2.28546792	 
-0.80198658	 -0.64970228	 2.32690607	 
-2.26339062	 2.25786418	 -2.09884573	 
-0.12855234	 -0.40970648	 -0.18918610	 
0.50882485	 -0.66250585	 -3.46251404	 
-8.09460725	 2.69827520	 2.91401065	 
-1.47303631	 -0.62866216	 2.28871835	 
-2.13658725	 -1.77198865	 -1.41330643	 
-2.63144308	 2.51526832	 -5.63514701	 
-1.82324771	 -2.45244881	 9.62761125	 
-1.96757852	 0.42801962	 -3.48017645	 
-0.13564158	 -2.32082308	 -2.09892227	 
-2.64870714	 -3.65233061	 2.37379397	 
1.60394215	 2.63757952	 1.73675079	 
-7.52449783	 3.23264818	 -2.95953882	 
-0.62012267	 0.77346954	 1.69835926	 
1.09767969	 1.63884610	 2.98858615	 
3.21665711	 0.47472215	 4.50225848	 
2.86484168	 3.41111968	 5.65195832	 
4.42182238	 -1.33290893	 1.95840792	 
1.89195697	 0.55886278	 4.03278176	 
-0.40912589	 3.88599206	 0.91069599	 
1.00467812	 -1.52807203	 1.34942875	 
1.85159491	 -0.10386486	 -3.40056756	 
1.08271375	 -2.63200230	 -4.00256116	 
-0.94225946	 -0.53761573	 2.30310707	 
0.35510219	 3.29951596	 2.24715306	 
-2.75197264	 3.12041670	 -5.38769756	 
-0.49293797	 3.26068881	 6.31920389	 
-2.11314101	 2.04857128	 -4.29712586	 
-0.71431152	 -0.80820958	 -1.94401080	 
1.02704614	 -2.11669777	 1.94295725	 
-1.06551748	 0.14579191	 3.81539332	 
2.27294628	 -1.43885240	 -0.37353290	 
-0.39609000	 2.36568376	 2.44698761	 
3.66245954	 0.33580369	 2.33724409	 
0.26629052	 0.19563659	 0.99469625	 
-1.18693987	 2.54480439	 -4.71597902	 
-2.11302707	 1.95269498	 2.59853407	 
-1.32627292	 4.85116117	 -1.40974577	 
0.55734923	 -0.39389647	 5.95510189	 
-0.12018463	 -5.17180093	 1.86590852	 
-4.97471207	 -1.16326252	 4.69153801	 
0.96428418	 -1.22493997	 -3.27114119	 
-1.30455031	 -1.85170311	 -1.90374619	 
-4.93316275	 0.16515806	 -3.81228926	 
0.84423657	 0.14410491	 -4.63312098	 
2.73317890	 2.82910618	 -3.52264310	 
2.01432580	 2.57656218	 -3.52670024	 
1.26560979	 -1.99435024	 -2.92521745	 
-0.45842627	 -0.31564727	 2.65973064	 
-0.46776633	 3.37887516	 -0.65687200	 
-0.41646626	 1.54378772	 4.38785310	 
-0.24958580	 -2.23746510	 1.47168666	 
-0.18602979	 -0.40712898	 3.64798798	 
0.47220237	 1.23379071	 -4.65306200	 
0.44806584	 0.34310847	 -4.78549837	 
0.42295716	 -1.65573123	 2.09153457	 
0.06030785	 -1.27075553	 0.86107522	 
-3.28161954	 2.53146696	 3.14174603	 
1.61156381	 -1.15387130	 7.50781126	 
-2.15786365	 -5.52007735	 -4.19714452	 
1.73251248	 3.76301407	 -4.39149517	 
0.41155917	 -1.99411629	 -1.47856926	 
0.54852312	 -2.91348340	 -4.15253033	 
-3.42417457	 -1.57080359	 -6.00897018	 
-3.28193670	 1.20142491	 -1.78983311	 
-0.94357262	 1.75162367	 2.83491015	 
2.19493728	 2.94950418	 2.20976716	 
-2.07965458	 -1.98805653	 3.38849068	 
0.82234608	 -1.04272418	 -5.33605659	 
-1.31564517	 0.59468441	 2.22105890	 
1.11684547	 -1.25010851	 -3.46235609	 
-1.71228755	 0.60607069	 2.19248362	 
0.65555614	 -2.53220245	 2.69535972	 
-1.64966712	 -0.07153591	 -4.69815231	 
0.92397751	 -1.96261101	 1.66272641	 
-2.46821279	 2.14575556	 3.19599375	 
1.12467582	 1.01952489	 -4.31643851	 
-0.18198372	 2.36791176	 -1.93429282	 
3.84272950	 -1.19830256	 3.63601276	 
-0.40412141	 0.00324830	 -0.95123760	 
2.65370056	 -0.04087288	 4.30750226	 
0.13758779	 1.18461699	 -2.63186567	 
1.65550706	 0.41145996	 -4.16432689	 
-2.33312485	 1.18717497	 3.66060052	 
1.64546769	 -0.55469549	 3.12566413	 
2.23367630	 4.77613573	 -2.68353099	 
-2.69003487	 -1.16669755	 2.94688109	 
1.45705565	 -0.93721918	 -2.84775558	 
1.76840315	 3.68984189	 1.14618227	 
-2.87457722	 -0.11541694	 5.38251785	 
0.10587433	 2.58581980	 1.87438103	 
-0.42321774	 -1.55161922	 5.02382469	 
1.84745238	 -0.43594793	 -2.07513417	 
-1.31291684	 1.17551427	 0.38107661	 
-3.00842217	 2.49743678	 -3.99485378	 
-0.56908861	 -1.06063411	 3.57654577	 
-0.42411532	 -0.35366555	 -0.86769656	 
-2.07944774	 -1.80631958	 -1.95605976	 
-1.77710523	 -0.41102971	 2.73105081	 
4.48694427	 1.69768594	 2.12697983	 
-1.90178516	 -1.24278181	 4.36833497	 
2.86092143	 -3.25236846	 7.88354619	 
-0.36647863	 5.06460695	 -11.22189562	 
2.04404683	 2.02089552	 4.65143668	 
-0.63342390	 -0.37109200	 -1.04747862	 
-0.97926714	 0.07339274	 -4.28875005	 
-2.16684050	 2.67167664	 -0.76030950	 
-2.64463992	 -2.96183148	 7.61796336	 
3.46915888	 -3.56259744	 -6.58257595	 
-1.64492862	 -1.01832129	 0.89336715	 
2.30594385	 -0.02031095	 4.17652568	 
0.68828134	 1.36118168	 3.42151810	 
-3.74153101	 -0.76755919	 -2.06009758	 
-3.67336224	 -3.42080617	 -1.99491343	 
2.10119545	 0.51655455	 -3.88167463	 
-1.85655394	 2.89129575	 3.06116429	 
0.64918624	 -0.75052112	 3.10056608	 
1.32861694	 -4.80204660	 -2.22864672	 
-2.50683850	 3.06351327	 2.25398366	 
0.67392163	 0.63313097	 -3.33227208	 
0.72071782	 -3.84837399	 2.95536895	 
1.60469342	 1.55834837	 4.83599898	 
-0.08265508	 2.20488521	 3.14611014	 
-2.66082914	 0.86603704	 2.53924755	 
-0.21038326	 -0.05544719	 2.45096882	 
-2.21182914	 2.27373760	 3.57855456	 
2.70696432	 2.40734735	 2.17181073	 
1.52854239	 -1.51791925	 1.99128210	 
-0.27325358	 -1.10796069	 -3.09723489	 
-2.43819452	 0.13301336	 -6.63839165	 
3.26086019	 5.82693935	 -5.63826025	 
-3.29379518	 -1.30543126	 3.11789240	 
0.28135630	 3.11990396	 3.37945104	 
0.58343243	 4.40837663	 -4.24444223	 
-1.12039407	 0.44977770	 2.90545070	 
0.37647879	 -1.84189127	 -5.89224212	 
1.32174614	 1.62657767	 2.50586000	 
-2.13497000	 2.68535553	 3.94558060	 
2.79236771	 -0.98880215	 -3.67549153	 
-1.43063039	 2.27717976	 -5.89280624	 
0.26575830	 4.01986315	 -4.74174897	 
-0.11522337	 -5.19750037	 -6.89487957	 
-0.83525357	 -0.59464347	 0.96653592	 
-1.12150337	 -0.68794254	 3.73453119	 
1.79216142	 0.68005771	 2.10049126	 
-1.71083817	 0.95396695	 -2.85283113	 
0.20218178	 -1.34785238	 2.24561346	 
-1.49939746	 -0.22380487	 -3.78735574	 
0.42380516	 1.56808091	 -2.55163090	 
-4.48441787	 -7.78546198	 -5.57340091	 
3.03025483	 0.43897128	 7.58476180	 
-0.50669670	 0.28596431	 2.94430981	 
2.31438907	 -0.81629648	 -2.40677040	 
0.85388611	 -1.01498726	 1.11807802	 
-0.91341907	 -1.08356622	 1.63918918	 
-4.28309750	 -1.83423458	 -3.50147117	 
6.70861850	 -0.56037644	 -1.62953949	 
1.75373146	 -1.36662069	 8.83538283	 
2.56614278	 1.81911492	 -6.07956216	 
-4.23004623	 -1.40956641	 5.46721402	 
-1.67598483	 0.75909642	 -3.28718976	 
5.08028196	 -2.61208532	 -5.16394864	 
-1.60222527	 -1.81694433	 3.56326716	 
-2.79939146	 -3.07863404	 2.13032035	 
1.70718404	 -0.41437874	 -4.29800808	 
-2.42008919	 -1.96933939	 3.65460317	 
-1.70922339	 -0.61614091	 -3.59675509	 
2.63059783	 -6.26508881	 -3.98936748	 
-3.18435410	 -1.41378013	 -3.15252211	 
-2.29614493	 -2.79979830	 -4.61061915	 
0.47160147	 -1.38934547	 -0.29375980	 
1.55813341	 -3.27816983	 -5.57878455	 
3.50116140	 0.16485606	 -1.43673150	 
-1.05690295	 -0.83438037	 2.37437568	 
-0.03070493	 1.06649221	 4.49403168	 
1.81956084	 1.12077523	 -2.83504748	 
-4.92794819	 -2.52610134	 -7.20099662	 
0.60512567	 2.47181950	 -1.78515471	 
0.81694713	 1.26447409	 -5.31897557	 
-0.44858514	 -0.97365662	 -3.92982927	 
1.01669754	 -1.89941339	 -2.93047775	 
-2.50811720	 -3.22846246	 -2.76641132	 
-0.60593284	 -0.10207041	 -3.19794779	 
-0.65233327	 0.36736409	 -3.53480529	 
5.21290809	 1.61706229	 -2.05481825	 
0.25873597	 -3.89283652	 2.08011024	 
-0.49806888	 2.08933925	 3.78247771	 
1.71628750	 0.10850400	 2.95713315	 
0.50649511	 0.82928854	 -4.58261993	 
-4.17099809	 -0.47198849	 4.26716564	 
0.69050926	 0.73254155	 2.36924917	 
-4.57164921	 5.25149813	 6.21482507	 
-8.18479821	 -6.12280755	 -2.88833073	 
-0.94056808	 -0.33303918	 -1.44446159	 
1.41189666	 0.81229681	 2.99245647	 
-0.67119555	 1.87418690	 3.92231259	 
3.99071973	 1.93694405	 -3.19751977	 
-8.05654930	 -2.82310895	 -10.07280204	 
-0.14575746	 0.91129745	 -2.33694180	 
-0.10796021	 -0.52394607	 -5.50825256	 
1.15525318	 1.68674410	 -3.59496957	 
0.12756710	 0.36186989	 2.23179483	 
-1.09789555	 0.69695007	 -3.21141932	 
3.11656924	 3.91626382	 3.14999513	 
6.91398397	 0.02212889	 4.83592873	 
3.50594483	 4.96852096	 -4.68944954	 
-2.51101566	 1.40139094	 -4.96768524	 
-2.56660710	 -2.64183093	 2.88266586	 
-1.11939446	 -7.96657030	 -2.27549331	 
-2.01394083	 0.10543223	 2.17256797	 
7.64016386	 -4.49684592	 -3.58591522	 
-0.37393069	 -3.30019085	 -2.56724793	 
-0.43016752	 -1.69013642	 2.16446393	 
-0.27859318	 -0.68427497	 -4.42670859	 
-0.62971508	 -5.98254965	 9.42286584	 
-0.75980682	 -2.85877160	 5.59359882	 
2.09498035	 -1.56720620	 -2.09038632	 
6.64645060	 -7.03542542	 -4.39623373	 
0.91900459	 2.46383436	 -4.68858088	 
0.17992716	 0.58251859	 -4.22919795	 
-1.28770683	 -6.53393809	 -5.39720755	 
-0.19099747	 0.72927173	 3.43329803	 
2.35724658	 -2.13885414	 2.11725612	 
0.18706236	 -0.27483703	 1.27786855	 
-1.96980109	 -0.53314453	 2.62879483	 
8.99978164	 -4.06049701	 4.34730712	 
-1.94422117	 2.95972489	 9.12316781	 
3.05796837	 4.07657336	 -3.08426098	 
0.42900656	 -1.22939284	 -8.68526737	 
-1.26992471	 -0.28712251	 2.00604481	 
-1.69808212	 -0.88275367	 3.37515137	 
-0.58767514	 -1.00396940	 3.32154821	 
-1.66956269	 2.76992184	 -3.24728009	 
-0.70263372	 0.35933843	 1.45481208	 
1.17355736	 1.31057062	 1.21195910	 
-2.40584611	 -0.05725950	 -5.13254927	 
-2.51497888	 -2.16571775	 3.71596261	 
-2.40491749	 0.40094748	 4.63606877	 
3.06363020	 0.70483838	 -2.96424566	 
-1.22598107	 -5.42603096	 2.36558259	 
-0.88967475	 -0.62600254	 3.74345880	 
-1.81372170	 0.42609614	 -4.61640790	 
1.89003985	 -2.07148494	 2.44703885	 
-1.27530467	 -0.33430339	 -2.24315811	 
-0.34932054	 7.18799970	 0.93314083	 
0.48000233	 -0.11848756	 -0.75836259	 
-1.61382407	 -2.33841569	 -6.37370600	 
-0.36636174	 -0.27102277	 -2.80551936	 
-0.67755419	 -2.68685119	 -4.76534260	 
2.82459263	 0.06564595	 -5.21355349	 
-0.35018729	 1.69035608	 -2.67268573	 
2.05835123	 0.12031553	 -3.16508418	 
-2.71916401	 -0.18212915	 -4.01120499	 
-3.04982091	 -8.14004795	 4.00995403	 
-0.75421500	 0.26850753	 -4.70927290	 
3.28472773	 -2.46931887	 5.84509535	 
1.09823715	 1.37127696	 5.66224262	 
-1.15669969	 -1.35802825	 -3.20599180	 
-1.52194621	 -0.93067103	 -2.73039936	 
-0.34824820	 -0.74483265	 -3.44450523	 
0.37247755	 -0.92106036	 -3.60503805	 
-3.73578802	 5.22887147	 3.00197538	 
-0.88795840	 -0.39678669	 -2.62690777	 
3.50528737	 -0.36013489	 -1.83664022	 
-0.13416935	 -1.23772857	 -5.02624363	 
-1.75230665	 -2.54688584	 -3.75746373	 
0.94692618	 0.32817962	 2.56354321	 
0.87988424	 -1.89556869	 1.91233408	 
-2.44789436	 1.24703042	 5.71279808	 
-6.72432065	 2.44754721	 -10.43616154	 
-1.44575360	 1.37739891	 2.08257344	 
-4.95251098	 -2.32736933	 -8.47306582	 
-0.66749111	 1.54095030	 -8.67649928	 
-0.15595345	 -1.99947949	 -2.08357911	 
0.53934793	 -0.12048226	 2.59068504	 
-0.42434500	 0.59354482	 -2.88147638	 
-0.35757489	 0.50067691	 2.72390481	 
-3.56547893	 -1.38784158	 -2.73326955	 
-0.25751195	 0.54432329	 1.28927727	 
-1.52855660	 1.43028630	 7.00711626	 
-0.70849939	 -1.80861407	 1.44318041	 
0.33447280	 1.03093310	 -2.69112280	 
1.33460658	 0.62103887	 -6.65089309	 
0.98322276	 1.81425997	 -4.38871054	 
-1.26815619	 0.00682104	 1.53394363	 
-1.25113892	 -1.15167511	 -4.02439595	 
-0.64855915	 2.27426942	 -3.72379836	 
2.50761542	 0.40937963	 -5.88791459	 
-0.50152782	 -3.63237366	 -4.36493356	 
-2.06715642	 2.05699054	 7.35326859	 
0.40119037	 0.11795761	 -4.45933178	 
0.30792656	 -2.04098265	 -1.24209978	 
-0.05199069	 -3.17093094	 1.55778323	 
-1.07559951	 -0.47441242	 -3.16284930	 
-1.92195971	 0.58235424	 5.48195094	 
3.90778548	 0.51596875	 -3.96968885	 
1.44506994	 1.86075489	 4.52276750	 
5.90476053	 -6.19567231	 -13.32672016	 
-1.40911655	 -4.21464114	 -3.55372125	 
-0.82293883	 -3.85586208	 -4.25647266	 
2.68431722	 -3.05613481	 1.41529351	 
-0.71374193	 0.36589309	 -1.45786693	 
-0.89634718	 -3.35371995	 -7.12834639	 
1.90059652	 1.81038068	 -1.42243605	 
-2.02178894	 3.21364057	 4.59991060	 
-0.57700544	 2.15615087	 -3.86378490	 
-1.10634455	 -3.20939936	 -5.85974722	 
-4.22889251	 -1.52450090	 2.31578773	 
0.59539427	 4.09718331	 -1.85753964	 
1.25861083	 3.29499143	 -4.22313248	 
-3.17965667	 -0.89943169	 2.67269010	 
-2.27066987	 -1.51880151	 -1.59646379	 
2.59531306	 -0.44458083	 -2.37762893	 
0.00314106	 -1.77697737	 -1.46440349	 
-1.19361197	 -4.51371056	 -9.78617139	 
1.50638008	 -2.64256953	 -3.49521577	 
2.96268821	 -4.32385104	 2.43363777	 
0.51053308	 3.34100535	 -5.73615252	 
-0.69049342	 0.70380790	 -5.02148963	 
-3.03141996	 3.86128778	 3.01210010	 
-0.93712367	 0.01683865	 -1.61624674	 
0.17580255	 0.71580217	 -4.08796346	 
-1.25075424	 -1.87261584	 2.29209938	 
1.74044199	 -3.45915351	 2.45715440	 
-2.25386356	 -2.81249467	 2.18031315	 
-3.98885459	 -2.94111256	 5.59849980	 
-1.19125867	 -2.36181728	 0.89559705	 
-0.40137510	 -0.57668332	 1.96332836	 
1.35147698	 2.84698618	 -2.92841714	 
3.98116259	 0.02142577	 5.75069932	 
-1.44591735	 -1.70478453	 -2.24517792	 
-5.75723337	 -1.57346731	 -4.44725441	 
-2.68630586	 -0.11465429	 1.42778486	 
3.58299361	 -2.55527375	 -2.92222528	 
1.95302397	 -0.31427074	 -6.87276492	 
-3.00840296	 2.10401694	 -5.73213159	 
-1.62413964	 2.70208689	 3.73334168	 
-3.03581066	 -1.00946847	 -1.94870125	 
0.88118841	 1.89999269	 4.79191943	 
-1.88163109	 1.66260950	 -4.24717091	 
0.48272535	 4.77633071	 5.68901739	 
-0.58370305	 3.53837517	 5.87627837	 
-1.60573955	 1.11983841	 4.80481742	 
1.97947679	 0.74391254	 1.16545126	 
-2.11846806	 0.60246165	 -4.89705365	 
1.84098152	 3.30448607	 4.39148775	 
-3.12820374	 6.55224748	 3.96282710	 
1.03053520	 -4.98882377	 -6.33186615	 
4.14558050	 2.05296949	 1.10748368	 
2.88885450	 -1.12341533	 3.50105063	 
-0.94897629	 0.78370458	 -8.75167291	 
2.61672510	 0.94068914	 3.52793109	 
2.03289728	 0.23310065	 -2.71918385	 
0.64718764	 -0.47845904	 -1.48545645	 
1.50109110	 -0.01156184	 -4.56433007	 
-4.30943198	 -1.53585356	 3.01710340	 
-3.86992944	 0.81614666	 5.99119452	 
1.31418782	 -1.85508340	 -2.02012079	 
0.05666188	 -3.12579454	 -0.62407108	 
-1.08242741	 -0.16577551	 -1.51910783	 
-3.26930055	 0.49930696	 3.14313461	 
-1.71381603	 -1.44657310	 -4.46115062	 
1.26816466	 -0.31529334	 4.33210282	 
1.14118772	 7.79872984	 -3.80567635	 
-0.26430567	 1.08532422	 -2.99360497	 
-0.60508587	 4.37672866	 -4.51507456	 
0.31656942	 0.67545416	 3.24831910	 
0.16781107	 -0.34135828	 -6.17041455	 
0.76081708	 2.06991253	 2.50311380	 
0.18096998	 -1.15278718	 -1.41528475	 
-2.55991922	 0.66523912	 5.27736404	 
0.02591913	 -0.61444978	 1.85118116	 
0.62022227	 -5.90956673	 -5.36246976	 
0.41421909	 0.96509518	 -2.40026782	 
-3.91130261	 -0.13348504	 4.38635063	 
-6.73302064	 -1.87277657	 2.66333512	 
-2.57456621	 3.86411647	 -3.50007195	 
-3.18383284	 2.03028223	 -1.94849976	 
-5.66167451	 -0.80192106	 -3.87397189	 
2.07712671	 1.24643672	 -2.91991101	 
1.27770318	 -0.92037367	 -4.17648517	 
0.08638500	 2.91998746	 -4.37779551	 
2.58762850	 -0.59811044	 -3.73048489	 
-1.26521574	 -0.12009961	 5.44725794	 
1.24484889	 -0.29044282	 -2.84851817	 
-5.00082041	 1.23265577	 5.60920313	 
-2.19462131	 2.06326802	 -1.91056222	 
0.00955428	 0.50447966	 -1.82416670	 
3.58954602	 2.23733833	 -4.74315831	 
-3.64191187	 2.93552519	 -4.06537472	 
-2.85977896	 -1.73753220	 -4.49050550	 
1.04777235	 2.42685619	 -3.64214715	 
-3.34974290	 3.21740922	 -9.71246413	 
-1.69809128	 -0.16305063	 -2.69435560	 
1.91696250	 -0.14586799	 -1.83734299	 
-0.96961583	 0.45226331	 -1.46676709	 
-1.88008117	 -3.99315536	 3.45004079	 
-0.49876955	 0.35388283	 2.89013017	 
1.28832041	 1.27145767	 -2.65282397	 
-1.05068696	 1.49553742	 3.27573389	 
-4.31146292	 -4.48513215	 2.50468607	 
-2.19071418	 -2.57186688	 2.47948169	 
0.99495033	 1.68694210	 4.41981848	 
-2.75793899	 8.62012607	 -4.98257614	 
5.14671322	 0.23951672	 -4.24500912	 
-0.07327186	 -0.22917113	 2.49017384	 
4.19662332	 -1.60771207	 -6.62556125	 
-1.06430346	 0.68134033	 4.54288406	 
2.07178398	 -4.73982618	 5.91484585	 
3.95687702	 -2.34172868	 -4.49463570	 
0.07937126	 -2.50859369	 2.65399977	 
1.71359999	 0.56637788	 3.90326783	 
-0.50004368	 2.99678511	 2.34205172	 
3.77053844	 -4.55201144	 -6.68927373	 
-3.60779637	 0.56766726	 -1.81170872	 
-3.13119324	 -1.66194793	 4.82715209	 
-1.19289593	 -0.62132969	 -4.64529864	 
-0.61587229	 -0.02206527	 -6.08128723	 
4.55883712	 -3.76825181	 5.62751544	 
2.77179944	 -3.20095639	 2.63226590	 
-3.14395452	 2.32536097	 -5.10970237	 
-1.54140632	 -3.33795817	 -2.98064525	 
-1.60649823	 -0.51866622	 -4.09383564	 
-1.47332709	 -1.67571103	 3.02165303	 
1.88108074	 -0.93668843	 2.45546289	 
0.88946881	 -0.15500591	 -2.25885362	 
-1.22330568	 1.83940521	 2.57474238	 
2.46413187	 -1.88114345	 -4.32120403	 
4.90105914	 -2.41488600	 5.68826125	 
1.00517382	 3.07976399	 -3.63020946	 
0.18540398	 2.27618148	 7.38915041	 
2.44632454	 -1.94595798	 7.43618719	 
0.74897478	 1.32169278	 2.07915390	 
-5.43509191	 -0.01102387	 -5.41008132	 
-0.99683497	 0.28499523	 -3.17877583	 
-1.01557872	 -1.11787401	 -3.93557938	 
0.82678693	 0.50124403	 2.75774316	 
-6.04208874	 2.38698653	 -4.35572976	 
2.62878087	 -5.07644674	 -7.71416984	 
-0.87047824	 -1.41765326	 -2.71408181	 
1.79700634	 0.79211587	 3.34232078	 
-0.07712119	 1.76930419	 1.95313451	 
5.64300538	 2.08611876	 -6.40970030	 
-1.65512242	 4.16241878	 5.79080182	 
-5.17384224	 -2.79386652	 6.87772547	 
-1.78851137	 1.64591745	 2.60924041	 
1.93440724	 -3.51127525	 3.45303586	 
-2.41663083	 -5.56807184	 -3.98775483	 
-3.14757085	 -2.54440842	 3.37754931	 
3.50253526	 -5.70390512	 -5.33821616	 
-0.86163123	 1.48995023	 -2.11645665	 
-2.95336825	 -3.86777388	 5.14198691	 
1.81623671	 -1.02209606	 -9.69128887	 
3.22458388	 -2.26920477	 -6.17086481	 
-0.83926352	 2.87327734	 -2.40849515	 
1.38258941	 -0.54984856	 2.76640692	 
-6.89480396	 -0.12506295	 3.91827765	 
0.15206535	 0.41641653	 -3.07828856	 
0.61490822	 -1.59822552	 3.49766949	 
-1.43742942	 2.02201043	 -2.42490764	 
-2.68385228	 -2.21197836	 -2.91683650	 
-1.71667067	 0.69150988	 5.77404999	 
0.16005749	 1.89308133	 -3.38812706	 
2.01302415	 -0.09037584	 1.41243143	 
2.61168748	 -2.18145137	 5.64985679	 
-5.90496252	 -0.86418427	 -2.87766576	 
0.05603138	 -2.05573627	 -2.54773855	 
-2.90513537	 -0.95448034	 -1.78065151	 
-0.16779201	 1.57329146	 3.61376492	 
1.06359197	 0.67595181	 0.60820641	 
0.41031847	 1.99490399	 -0.85719490	 
-4.16950590	 -0.96021253	 -2.52704621	 
-1.77575972	 1.37969412	 1.85990982	 
0.05661480	 5.73544057	 5.68045770	 
-2.19158259	 3.68641781	 5.77912767	 
0.04432795	 -0.84455712	 5.67475807	 
3.05454958	 -2.04606283	 -4.97502733	 
0.16076828	 -0.07562450	 1.73996206	 
0.42246747	 6.02286190	 -3.72216898	 
-1.32214249	 0.83781979	 4.64983817	 
-0.41617435	 3.39005380	 1.62803407	 
-1.44760411	 -0.39652123	 1.97083875	 
0.87698929	 -2.26558358	 -3.35240571	 
3.63817755	 -0.78367443	 4.69640314	 
0.17957573	 1.13202364	 4.52776280	 
-1.45308712	 3.80359249	 4.17164454	 
1.53564351	 0.87705497	 3.38824104	 
2.68329430	 0.98652949	 3.35320835	 
4.79527507	 -3.47638264	 3.51189741	 
-2.70625556	 1.80797014	 4.20819937	 
-2.47775164	 1.80634464	 5.77039035	 
-0.44184919	 -0.81387838	 6.62354214	 
2.21759783	 -3.45967454	 -3.99974542	 
1.89726962	 -1.91774416	 1.21372773	 
-0.23291006	 0.58239965	 2.30729335	 
3.25244848	 0.73383166	 -2.51993721	 
3.95731724	 0.04492576	 2.23742669	 
-1.61711580	 -1.06541496	 2.02395012	 
1.30744020	 -1.44553895	 -5.30847340	 
3.52227981	 2.66626071	 2.54653573	 
1.90516647	 0.73924890	 2.41011891	 
0.67508245	 1.95679526	 -3.65323746	 
0.49317566	 -0.81881061	 4.01270331	 
0.61304310	 -1.62933776	 4.38245491	 
2.77642101	 -0.77082329	 -5.32385846	 
-0.35616824	 -0.97419836	 1.17888930	 
1.15813519	 -0.92965412	 -1.18873196	 
0.37824487	 1.69213248	 -3.86251775	 
-1.97041805	 1.01012885	 -2.01579878	 
-0.48838999	 4.74443482	 5.61350983	 
3.66970897	 3.13677683	 -3.23766412	 
2.93139695	 3.14856618	 -6.11329791	 
-0.02284662	 0.47067474	 -3.16865282	 
3.30918822	 2.92904640	 4.60500653	 
2.04446407	 1.49533403	 5.80013921	 
3.18198637	 -1.14345058	 4.29887397	 
-2.59061354	 5.75730726	 2.17935310	 
0.26988947	 4.19050321	 1.60862892	 
0.61321473	 -1.75233331	 -5.35564261	 
-1.09750122	 2.53313277	 -3.36167050	 
-3.00727262	 1.82790723	 3.11497367	 
7.28870578	 0.09165054	 4.27630507	 
3.33869443	 -2.92886563	 -4.44374180	 
0.20340767	 3.49384639	 -1.74711174	 
-0.00207112	 -0.10530388	 2.03880766	 
-1.13635820	 -1.28848333	 1.80328307	 
-0.82743927	 1.52051883	 -4.00224202	 
1.12185141	 1.06323102	 -4.79455238	 
3.89634207	 7.75961634	 -3.93451359	 
-0.88433260	 0.23085032	 3.09231384	 
4.43228800	 6.05773025	 -4.01393186	 
-2.35818996	 -0.32796851	 1.32921958	 
2.80540385	 -2.41429346	 -3.42073246	 
-3.50229886	 -2.77868181	 0.91571001	 
-4.73205115	 -0.74277818	 -1.93622351	 
-2.95867080	 -0.30710519	 -1.86757926	 
1.82768989	 5.00997894	 -1.84382451	 
-2.64206128	 -2.63901984	 -1.78931939	 
-0.08178789	 1.96261593	 -2.49247251	 
-2.46493579	 1.34179348	 4.58603391	 
0.90624349	 0.43197938	 3.68791264	 
-2.45032417	 0.27235104	 -4.05750740	 
0.36443089	 0.46416449	 -4.13371616	 
1.88553708	 -0.81612509	 1.06406210	 
2.96099994	 0.22673611	 -3.52994674	 
-1.22546165	 -4.23115535	 -3.78571182	 
-0.63496600	 1.26313862	 -1.83659865	 
-1.38973622	 -0.40908900	 3.26353966	 
6.68398033	 -3.77149447	 3.04343032	 
-4.00316705	 -4.35513698	 2.22420447	 
5.14946974	 -1.62198106	 -5.87304213	 
-0.01311144	 0.71515754	 1.26179586	 
0.73295204	 2.51226469	 -2.80221527	 
-1.76114181	 2.41847301	 0.94189371	 
-0.87725701	 -0.45541816	 -3.10301176	 
0.10725916	 2.95437675	 2.98102253	 
-2.62430555	 -1.97179465	 4.11334775	 
1.14890196	 4.04879717	 -3.99150138	 
1.98625148	 -0.81651377	 4.45450736	 
-1.59554915	 2.08659263	 -2.29961541	 
0.17848600	 0.68785079	 2.74369564	 
2.33775757	 1.86836089	 -3.85871917	 
0.46557393	 2.19121044	 3.46388246	 
0.20803140	 5.01382647	 5.92719530	 
1.79377304	 0.13291506	 3.50394493	 
-1.19813178	 -5.73058355	 -3.87272760	 
-0.92095788	 -1.64240430	 -1.90956535	 
0.39444233	 -1.28734422	 -5.63065153	 
3.41428440	 -1.34412709	 2.87591320	 
-0.32952922	 0.95554786	 4.02056168	 
0.83191181	 0.34842670	 -6.29048777	 
-2.01081319	 1.70913093	 3.56337698	 
1.40610017	 -4.89923119	 -3.29331347	 
3.42142255	 2.08902379	 -1.73757347	 
0.90761389	 0.87417717	 7.33386038	 
0.78435596	 -2.34400517	 -0.78553874	 
0.52938246	 -1.34395846	 5.01652133	 
3.06480796	 -2.00875252	 8.04886953	 
4.32701679	 -0.68595273	 -1.31547361	 
-0.35253172	 2.30452849	 -3.85080643	 
-0.95031971	 -0.06979415	 2.46725162	 
3.45094324	 4.12630830	 -2.44164555	 
-0.11487908	 -4.46805435	 4.19923629	 
-5.65773107	 1.39797413	 -4.89074930	 
2.54429415	 -2.48424170	 -5.84158850	 
0.01644778	 -0.31352286	 -5.53691323	 
0.68212706	 0.79394828	 -2.27018350	 
1.17314209	 3.49677978	 -2.78428089	 
4.62542117	 -0.50721941	 5.98740750	 
-0.34276685	 -0.67918015	 3.61002264	 
-0.11760087	 0.93167154	 1.31749274	 
-2.26458854	 -1.01218977	 4.49600060	 
0.97916503	 -0.95841255	 -0.88621007	 
-4.77126520	 -1.52235092	 -11.90169852	 
-0.82859483	 -1.41660127	 1.61480710	 
-3.88761124	 1.84999240	 -2.43785373	 
-1.03330494	 4.75975843	 -6.80410525	 
-0.26685660	 4.92069225	 4.70589288	 
-0.67208799	 -1.12035807	 -1.98893234	 
-0.05241324	 -1.32784893	 -3.30976866	 
-1.85597242	 5.21491375	 -6.99659011	 
-0.21681127	 -4.27298684	 -4.81631482	 
-0.30150267	 0.96928317	 -3.58943585	 
1.76730457	 1.99059789	 -3.31184172	 
-3.06688042	 -1.23856949	 -2.97499177	 
-1.46671563	 -1.80352879	 4.78110604	 
1.25444392	 -3.07881353	 2.56562915	 
-2.13566949	 0.01412017	 2.30678055	 
0.63645691	 0.26588074	 2.88218678	 
-0.06356620	 1.87752281	 -3.35782290	 
3.15903682	 0.07109132	 4.93542271	 
-7.20929039	 -0.86189277	 2.82253088	 
1.02645043	 -1.60992682	 3.99908979	 
1.91090926	 0.96398383	 2.50685618	 
-0.13485685	 -0.47222480	 2.65350502	 
-0.93377479	 3.31686417	 -4.05708726	 
1.60201673	 -0.67611836	 -2.59318241	 
-1.98843995	 -1.62373166	 1.79737978	 
1.75763259	 1.00198948	 4.75409697	 
-3.00944638	 -4.69977286	 4.99604147	 
-0.87241867	 0.29521404	 -4.23574366	 
-2.06852442	 -5.66780603	 -4.42932742	 
-1.33391506	 0.15908699	 3.07192732	 
1.44435168	 2.12693474	 2.92366348	 
1.28357339	 -4.27034597	 4.27781684	 
2.26831150	 2.65029977	 11.23508211	 
2.64898550	 0.08555873	 5.68489223	 
0.57443426	 0.86679957	 -6.13802501	 
0.18248243	 2.59196240	 -8.13964402	 
-1.97967699	 0.12683183	 -2.05403422	 
3.14148087	 -0.07202204	 6.44482324	 
0.45001320	 -1.96641062	 2.04439330	 
-1.19178094	 1.32971610	 3.68165162	 
-2.28583024	 -0.63374048	 -1.61848525	 
-1.08044988	 0.24375792	 4.04369294	 
1.34808348	 -3.35179090	 4.76398724	 
0.81787444	 0.90501459	 1.12014312	 
1.32173862	 0.45666859	 5.85785435	 
3.52771571	 -0.29777474	 7.59273547	 
-0.82945467	 -1.82937423	 -3.10961623	 
1.16998794	 1.64945718	 -2.01984514	 
-0.18911673	 6.15723935	 -4.24950409	 
1.54327885	 -2.96780556	 -4.30677742	 
3.27898397	 3.97615922	 6.78931755	 
-1.47335912	 -3.54314827	 2.47153251	 
-5.54949646	 -3.76525924	 -1.90211153	 
-2.94611164	 -2.88589863	 -2.50830113	 
-3.25277609	 -4.88078795	 3.10444988	 
2.44504821	 4.43153467	 -2.41223836	 
1.47876355	 0.51997143	 0.79357943	 
2.70460811	 -0.31842865	 -1.27307109	 
1.06635117	 -7.69738662	 9.57725937	 
-0.22972436	 -0.08971267	 4.79405703	 
3.62906663	 -3.23513312	 4.42668450	 
4.35685369	 -6.19751418	 -6.76746071	 
-0.16608991	 1.20946622	 4.92939356	 
-1.86873205	 -3.48529941	 -2.06156370	 
2.20108241	 -5.33757903	 2.70970019	 
-2.16490567	 -1.91952457	 4.46007025	 
-1.62848557	 -2.85474192	 5.26787371	 
-0.51389449	 1.84469038	 -1.22307691	 
-1.43240981	 -1.21389770	 1.85804709	 
-1.83556066	 0.56370322	 3.94851605	 
0.81079742	 1.11578059	 -1.41143033	 
-0.29720883	 3.02915522	 -4.14160170	 
-0.98750403	 -2.67881151	 -2.71210737	 
-3.45011280	 0.00219508	 -7.16484679	 
2.19738934	 1.57973213	 -3.32363529	 
2.98723567	 -1.03627207	 3.02345236	 
-2.87022728	 2.05329423	 8.61722574	 
2.24459862	 -0.99571174	 -5.57917802	 
3.08332350	 -2.85088781	 -5.88286272	 
-6.24717674	 0.81426237	 -5.39731580	 
-0.68568455	 0.95191214	 2.49876994	 
5.27001722	 -6.49879784	 2.56937980	 
-0.86904071	 -3.02580825	 4.76019408	 
0.75397637	 -3.58737990	 5.25377088	 
1.56932991	 2.45860051	 3.58635697	 
3.24945907	 1.19667225	 4.68641894	 
1.59807447	 -2.59506364	 -3.22131617	 
-0.08661457	 3.62483753	 8.82233652	 
-1.71472549	 0.72313636	 3.52974247	 
-0.59667478	 -1.31435831	 2.26920167	 
1.26824885	 3.60504028	 5.55615113	 
-3.38428490	 7.00909358	 3.11670011	 
-0.28290214	 3.10992900	 2.30368939	 
4.98379269	 -1.80457817	 -1.83277922	 
-0.99787841	 1.28416173	 2.65879528	 
0.10812393	 -0.13987994	 1.35849937	 
1.78613047	 -0.46667911	 2.12431296	 
-0.36824141	 -0.48976383	 3.02618058	 
-0.15036828	 -0.41784925	 3.16687779	 
3.38908210	 2.91792242	 -3.85563976	 
-2.17896817	 -0.21086678	 4.09369547	 
2.66529122	 -1.11671177	 2.41767218	 
-1.07515332	 -1.08142065	 -2.65183822	 
-1.75201249	 -0.18903983	 -4.84727860	 
1.61137688	 5.16411569	 -2.96655523	 
2.45665099	 0.95905665	 -6.57538863	 
0.88425058	 0.59414575	 2.85262740	 
0.06263173	 0.72900324	 -2.78722202	 
0.41408371	 -2.44893717	 3.55092546	 
0.96362570	 -0.75571870	 -3.14525876	 
1.76694797	 -1.75217415	 -1.59341228	 
2.89914116	 -1.13345121	 1.45327170	 
4.84972632	 -1.29777687	 -5.38110683	 
-0.83713072	 -1.52859382	 2.06320378	 
-4.04224942	 2.09464195	 -3.19981708	 
-0.58688767	 -0.64380554	 -1.59083647	 
2.96350623	 -7.81004379	 2.04311955	 
-1.53959257	 -0.16074929	 3.05601334	 
-0.25865182	 1.52996200	 2.06732076	 
6.65755802	 2.25070738	 2.53057502	 
-3.08162921	 -0.83760992	 1.76112050	 
-1.95860421	 3.74824235	 1.82691326	 
-1.24182389	 2.31254480	 -2.29280232	 
0.27851616	 0.18642606	 1.71258575	 
0.37483466	 0.49176737	 4.38161855	 
-0.44549134	 -1.35509106	 4.23221712	 
-0.01387901	 2.26541708	 2.10928668	 
0.42437160	 -1.44946735	 -4.45254877	 
0.24153793	 0.26811840	 4.27487331	 
4.00774479	 0.01105537	 1.54351997	 
-0.95768616	 -1.95935139	 2.52432333	 
-1.39886607	 -2.37989401	 -9.28634736	 
0.25534714	 -1.64590552	 -2.53488602	 
-0.17311779	 -2.90400587	 -6.26277097	 
2.25486055	 -1.29334189	 -3.36227749	 
6.74002852	 3.72222894	 -5.66135680	 
-2.43667758	 1.02267675	 -3.92251111	 
-0.99340678	 -0.70200530	 3.74371872	 
-3.05496866	 -0.49621196	 4.02087612	 
1.07469860	 0.07392024	 3.96776380	 
4.07502695	 -1.83578998	 2.12297771	 
0.25393882	 -0.35175126	 3.45238872	 
-1.47578584	 2.77686174	 7.13071473	 
-0.54683949	 1.75321863	 -4.63464446	 
3.09900867	 2.73783356	 -1.86473102	 
-1.02055706	 1.78610081	 1.29403442	 
-4.05671723	 -1.63351236	 -4.40819496	 
2.17510255	 -2.08934891	 4.45763178	 
0.04715442	 1.16023983	 -3.42213207	 
-0.01691390	 -1.83303263	 -4.41702036	 
-1.38649702	 -0.86797669	 -1.90818320	 
-2.93545328	 1.83595551	 4.58096728	 
-1.29830283	 0.93514244	 1.17480993	 
-1.27437434	 2.86957367	 5.26132690	 
-1.55291849	 0.33481593	 -1.41789126	 
0.72051049	 -0.60085245	 3.19923243	 
1.03243338	 -1.99370794	 -3.40374065	 
2.59189530	 4.61667702	 -2.49563257	 
0.34852387	 -0.42064702	 1.94959912	 
3.90703068	 -2.02605600	 4.16422112	 
1.01887089	 0.64662977	 2.79705857	 
3.01472306	 -3.47313182	 -3.66472551	 
2.78317598	 2.35025075	 0.62938092	 
-1.47591106	 -3.55553484	 -3.97083991	 
-0.26194468	 -1.91998274	 2.31341596	 
1.87503752	 5.09149641	 -9.84307866	 
-0.03989972	 3.04114947	 -4.78595282	 
-3.28144342	 -1.72428617	 -6.25153265	 
2.34203306	 2.96343971	 2.14510682	 
-0.39784914	 2.40718018	 2.86121979	 
0.16173996	 1.67711493	 5.26329449	 
5.13790321	 0.48479742	 7.38196733	 
-0.91592455	 3.36920456	 -5.36056035	 
-5.58127265	 -2.73918140	 -6.10782849	 
-0.41371832	 0.44293284	 4.57656323	 
1.22357383	 2.76040311	 -2.16914760	 
-1.11970993	 3.19479598	 3.31211934	 
-0.79090382	 1.09662893	 -4.77092181	 
-1.33960773	 0.67139180	 2.15651581	 
1.89366223	 -2.64533252	 1.60965213	 
-2.92419666	 2.38571666	 4.51152725	 
4.33193866	 -4.32954817	 -9.40281828	 
-0.95065363	 4.92242594	 4.51223882	 
-1.32440691	 -0.87652670	 -7.80602311	 
1.98857307	 -2.40516879	 -6.98011235	 
0.14257884	 -1.99923398	 2.25361866	 
2.53423808	 0.11052519	 -6.28389539	 
0.33681272	 1.39192409	 -4.63621097	 
-0.86626532	 -0.59300576	 -2.45127526	 
-0.55639827	 -1.19299297	 4.07680103	 
0.74598866	 0.61571131	 -4.12547941	 
1.84585055	 -0.61492666	 1.72383439	 
-4.26910049	 -3.48960397	 -3.01159837	 
2.75278917	 -6.71828051	 2.88284185	 
3.16445442	 -1.65883873	 4.94060575	 
0.48482898	 -1.39979464	 2.00596524	 
-1.19307202	 -1.21091971	 -2.85065086	 
1.81205906	 3.94580481	 -2.70478339	 
0.19852266	 -2.01926101	 -3.37368325	 
3.42755763	 0.96558777	 6.68789357	 
-1.12975893	 1.83003733	 1.45096356	 
-1.76691061	 -2.27396450	 -4.20182667	 
-1.35684017	 -1.27516729	 -3.69103649	 
0.10928142	 -0.74051651	 -7.07732061	 
2.92915942	 1.08600459	 3.88243654	 
6.02834148	 0.87286112	 -1.69689784	 
-3.61993967	 -2.80476212	 5.08435209	 
-0.43127614	 -1.07016105	 -4.70667117	 
-1.83744066	 0.35297712	 -1.86380795	 
-0.41541887	 0.56494910	 -3.09517852	 
-1.82657300	 -0.08179843	 3.69247128	 
1.12115307	 1.97828517	 -3.81943150	 
1.53238044	 -1.84086831	 -2.09794265	 
3.01829101	 1.46347712	 -2.73145670	 
-0.92360619	 0.53378396	 -3.60494945	 
-7.10381081	 1.02881177	 4.32254417	 
1.76581841	 1.73223378	 3.59169680	 
-2.44276187	 2.67749805	 -2.40553497	 
-1.24551568	 -1.92801489	 3.53163628	 
0.22138315	 1.15744699	 -3.52461278	 
-0.65348168	 0.47713602	 1.32658130	 
1.08076533	 -1.64744782	 -4.42137206	 
3.45306864	 -1.52280555	 -3.78895297	 
4.04148550	 4.13184114	 -5.17621550	 
-0.54542795	 1.23059581	 -4.13579015	 
-1.65180037	 -1.72832718	 2.89007518	 
0.96287861	 -0.27650381	 -2.19124559	 
-4.17890936	 0.36653155	 2.75889909	 
-3.32715495	 -1.39105088	 4.88770536	 
-0.83678868	 -1.70280821	 -5.09180702	 
-4.14834382	 -1.32352140	 -2.25472517	 
3.31830322	 1.31844293	 -3.52799656	 
-1.24030993	 0.89869092	 5.93353982	 
2.48313138	 0.93141509	 2.88604698	 
0.14334227	 -0.35252912	 2.80652538	 
1.92648869	 3.90628412	 -5.70105260	 
3.88491786	 -2.64702248	 3.44743077	 
0.06716899	 1.05312880	 1.85755368	 
-3.49160589	 2.38026492	 -4.55529379	 
-0.65795311	 1.15598184	 1.24643240	 
-0.55541064	 -0.29353119	 -3.07444508	 
-1.32468364	 0.17689394	 -3.96121871	 
1.96456241	 -2.17891508	 7.56399992	 
2.22583214	 0.27516659	 2.77163733	 
0.98190838	 4.47657431	 -1.21474481	 
2.57315825	 1.63051063	 -0.91163398	 
1.85286868	 0.32441855	 -4.00380950	 
-0.73295528	 -1.93004672	 -2.90063512	 
0.01512696	 -1.04649893	 3.63928814	 
0.92647926	 -0.89463151	 -6.85676026	 
-1.53248623	 -0.28646144	 -4.35160538	 
-0.68136789	 -2.53224953	 -5.78422183	 
-1.42173889	 1.33769897	 -1.13673232	 
0.15295833	 4.09434343	 -2.55590843	 
0.61369360	 -1.31756939	 -2.88354757	 
-1.05855680	 -1.95538924	 7.00844256	 
-0.42154251	 -3.08471304	 2.01438591	 
-0.99933517	 1.76164392	 3.44593384	 
-1.67454495	 1.27746857	 4.07638099	 
-1.75406942	 -1.97652982	 1.87115640	 
1.32124910	 4.48310392	 -2.78421620	 
2.68560011	 1.02220903	 -3.57329303	 
-1.28034287	 3.48668394	 1.67007758	 
1.84936435	 -1.04673918	 -6.49394709	 
0.87505018	 0.86338931	 -4.65303624	 
-1.86564572	 0.93547194	 -1.85562972	 
-2.55193889	 -1.21278633	 -5.99164643	 
-2.76247462	 0.07516357	 4.49880594	 
-1.73780220	 2.49548097	 -1.07912959	 
-4.93484007	 1.26363444	 -4.57692911	 
0.24547048	 1.43868683	 -7.17030522	 
0.71951888	 -0.55808144	 -1.18593024	 
4.64584922	 2.94466032	 -2.03147407	 
-2.46443691	 -0.73664438	 4.87808795	 
-1.08712012	 -0.99303077	 2.15038580	 
2.62680732	 2.33668346	 -0.78774148	 
-1.94844968	 -1.13343710	 6.11061364	 
0.31554895	 0.50449225	 2.82622567	 
-0.28347890	 4.16953595	 4.08228201	 
0.38772438	 0.97241449	 -4.01286164	 
3.74211213	 3.35248194	 4.09017584	 
-0.34714489	 0.31840573	 1.72039747	 
3.30739703	 -3.25034231	 -1.22582550	 
0.67071666	 3.94661336	 4.76260153	 
-1.90643032	 1.78860544	 -2.28394135	 
-1.49619741	 -1.57263656	 -3.58869146	 
0.71130283	 -3.32347467	 5.39442034	 
0.16022867	 -0.32980372	 1.32389841	 
-1.67663784	 -1.16802053	 4.50324153	 
1.26032255	 0.36944601	 0.89537031	 
1.72267133	 -0.53972018	 4.40866347	 
-2.17266752	 -1.13426460	 7.10103133	 
0.42799418	 0.22679581	 -0.97334399	 
-3.85150242	 1.66442679	 -4.76960864	 
2.45471517	 -0.52602614	 4.80806904	 
3.07249888	 1.34861848	 4.23062601	 
-4.31766070	 2.37184808	 9.01473817	 
-0.23152287	 -1.69953250	 1.54661117	 
0.58656168	 -0.06098596	 -2.64836393	 
-0.31123121	 -1.37131637	 -4.10406103	 
-1.69698197	 3.74149984	 -1.72505869	 
-2.75499394	 4.09798797	 4.43419823	 
3.45498197	 0.47551208	 -4.48693616	 
-0.55854267	 1.37836576	 -2.13925482	 
-0.48978687	 -5.68586603	 3.63680869	 
0.24831677	 -0.04928344	 9.85104565	 
-2.66882048	 1.87252664	 2.02676670	 
-0.94072278	 0.41236097	 2.06611213	 
0.47487435	 2.42690298	 -4.05965038	 
1.23618347	 4.96239153	 -3.84707676	 
5.58642094	 -4.96896232	 -3.19584873	 
1.25516516	 -0.76658991	 3.48897689	 
0.23562159	 -1.79890623	 1.98600476	 
1.90297618	 -0.11592149	 -3.67352310	 
-4.09907431	 -1.58636306	 6.71000742	 
-1.45366252	 -0.26803781	 3.74916217	 
1.39783847	 0.67970644	 2.00722594	 
2.11955546	 1.01305748	 2.12936536	 
-0.50651187	 2.59766373	 6.35071895	 
-4.01250317	 0.28721184	 1.48839149	 
-4.23402874	 -1.28980405	 6.35648222	 
1.27267502	 -0.22094162	 5.77229430	 
0.78154617	 1.12118484	 -4.21167232	 
0.66793379	 0.56542595	 0.70997541	 
1.77760058	 -3.51669686	 -3.49942161	 
0.78872142	 -0.85924801	 -1.38691947	 
0.34205232	 2.03320981	 -0.51687343	 
2.52192900	 -3.51474950	 -3.75738527	 
0.22889899	 0.72555099	 2.51893312	 
1.33363002	 2.69722504	 4.60862630	 
0.26592815	 -0.12395581	 2.03651629	 
3.97489219	 5.64355239	 -2.65795375	 
-5.05912606	 -1.09005532	 3.01888869	 
0.00853402	 0.62848327	 1.20296004	 
-1.11792218	 4.28343648	 6.63101206	 
-0.66306341	 -1.51642942	 2.58459133	 
-0.10171039	 -2.58911150	 1.37784328	 
-3.11304133	 -2.70037136	 -2.71244115	 
0.46972890	 0.20689391	 -1.93528749	 
-2.46669586	 1.13064079	 -5.86561863	 
-2.03085908	 1.37865227	 5.69082952	 
0.60327693	 -2.63999481	 -2.44282278	 
-0.61241284	 0.95800232	 -10.69710867	 
2.47707191	 2.60771990	 1.90689922	 
-0.63127024	 -2.30864983	 1.88554606	 
0.80603624	 -2.97008058	 -5.31578343	 
-0.96103874	 3.69843300	 4.54368629	 
0.95844444	 -1.52599745	 3.75739632	 
-0.44271522	 -2.72632667	 11.33222438	 
-3.50618009	 -0.46010191	 2.65897924	 
1.04415333	 -0.15072764	 4.04822006	 
0.61008063	 -0.12416491	 -1.46584155	 
-0.92239898	 -1.46089611	 2.37749081	 
0.90014108	 0.33494808	 2.46211478	 
1.77177854	 4.31172772	 5.49617322	 
-2.62018801	 -0.92004739	 2.40042946	 
1.66871831	 -0.15778327	 2.76071915	 
-0.02918624	 -0.27284343	 -2.07343426	 
-1.18694253	 0.21829478	 -3.20411856	 
-0.28050076	 -1.17079245	 5.02187896	 
1.37265798	 -4.80644499	 -7.76926349	 
-5.31618700	 -1.07783421	 4.34538403	 
0.75732210	 -4.49034661	 6.48839274	 
-2.27372218	 0.38184393	 3.86921215	 
4.42907485	 -0.46686482	 2.32716943	 
0.93731609	 3.20059496	 -2.03069773	 
0.48335294	 3.97724154	 -5.34285203	 
2.31996783	 -0.13155334	 2.90151273	 
1.40053001	 -4.57678487	 4.05563920	 
2.11288696	 -2.72157915	 -3.63622130	 
-4.51893126	 0.52607746	 -4.93639581	 
0.67010138	 -1.10767906	 3.00392851	 
0.83423596	 4.09943709	 -5.71000275	 
-1.49390120	 0.25022949	 -2.26869032	 
0.76461663	 3.85093517	 -4.81526280	 
1.76819958	 1.02678551	 3.96894713	 
-1.19270905	 0.10131774	 -4.15899920	 
0.32481341	 -1.56293942	 -1.45807292	 
-0.16626156	 -1.46070282	 -2.37351512	 
3.25394582	 0.76759937	 2.86415775	 
-0.67980465	 2.27134450	 -2.00145943	 
-1.48603639	 -0.91971123	 -1.28136222	 
1.34355076	 -2.98810242	 4.89146799	 
0.55558831	 -1.97269599	 -3.95197125	 
-1.73444998	 3.22101463	 2.97624963	 
4.55007476	 -0.45790904	 2.24853267	 
-1.54703338	 0.52230716	 -2.35727545	 
-0.03916505	 -1.10399623	 3.23611112	 
-0.09138093	 -0.97627712	 1.99747925	 
0.64332058	 0.63146871	 -5.41218855	 
-2.68927556	 -2.21593177	 -3.07280852	 
-0.22765205	 4.13732987	 -3.91831691	 
-1.76066883	 0.33587779	 1.20008703	 
1.44372417	 -0.69419970	 6.11064000	 
3.12844048	 1.24180985	 -4.59388069	 
1.61521911	 -2.94392470	 3.66472957	 
-2.46810016	 2.71884504	 -1.71082935	 
0.60164192	 4.15945622	 4.39918072	 
-1.09797672	 -1.06937274	 3.92133021	 
0.32079003	 -2.42729501	 3.69201911	 
-2.85946050	 -0.59890119	 6.85430827	 
2.10003373	 1.86138589	 3.16318924	 
0.20161189	 -2.91584246	 -5.92686271	 
-1.12567567	 2.74189674	 -3.32188547	 
-1.09336958	 -1.49820478	 -4.35291354	 
1.45817616	 -1.73939646	 0.90954680	 
1.47978291	 2.54162084	 -2.80152757	 
-0.22715368	 -0.59916262	 -1.52659861	 
-0.61239999	 -3.91339051	 -6.54032185	 
0.86767850	 -2.52874777	 -11.12353764	 
0.96510108	 0.35819015	 -1.51942586	 
7.79520415	 -0.34588546	 -3.54147592	 
2.19508676	 -0.84109596	 -2.84694772	 
-0.91489537	 -4.09744806	 -3.34479736	 
0.76239961	 -0.37032046	 4.91567723	 
-1.89320667	 0.76035439	 4.64995911	 
-7.07062390	 -0.90231638	 4.91346092	 
1.31266166	 3.33268869	 4.15000755	 
0.80855998	 0.04628319	 3.40933799	 
-1.91697709	 2.62284781	 -2.73238625	 
-1.52749177	 1.79042699	 -1.24950572	 
-1.57139810	 -1.50389478	 -5.19292891	 
0.28809031	 -1.49214786	 2.67285193	 
1.10673764	 1.93131587	 -2.47396075	 
-3.26336827	 3.59504543	 3.41868248	 
0.75669202	 3.42515744	 -2.56440269	 
6.22208327	 -1.19803330	 -5.72790585	 
5.03484528	 -1.56171533	 -6.96133855	 
-0.86092540	 0.10478173	 -3.25848894	 
0.18009535	 0.59333031	 -4.60049861	 
0.11961214	 0.75972832	 -3.17670606	 
-4.79270943	 -1.93050653	 -2.46587204	 
-3.22142802	 3.29067728	 4.23338752	 
3.08508151	 2.24721366	 6.40391092	 
2.14063002	 1.31447523	 3.02657175	 
0.27635703	 0.05554288	 -2.82921601	 
0.50266625	 -1.58746715	 2.30826376	 
-2.00513359	 -3.66081247	 2.42662883	 
1.36099218	 -6.20641344	 -2.58689975	 
1.47188457	 2.63276070	 -2.61568618	 
-1.23897082	 0.03379192	 3.85230674	 
0.93894577	 1.42872565	 3.91507996	 
-0.56199081	 -0.63423103	 -8.06540836	 
-4.60065997	 -0.96941905	 3.71028783	 
2.13161897	 1.47396145	 -3.03515563	 
-3.01591709	 2.39294788	 5.20711402	 
0.63608952	 4.43601117	 -4.29448708	 
-2.79964097	 -2.87992722	 3.26574747	 
0.18184623	 2.33465191	 1.95643501	 
0.45317269	 0.82078365	 -1.58530740	 
-3.89412672	 -0.70780864	 -4.12373222	 
0.55602218	 -5.36875981	 -4.04225936	 
0.69658359	 1.77866506	 -3.14774002	 
-1.21699018	 -1.52171051	 -0.86993617	 
-1.81927503	 -0.95975396	 -7.55608692	 
1.16999439	 0.85369683	 7.09962657	 
-0.13060643	 0.21933736	 1.11269685	 
0.89612393	 1.93756180	 5.06150421	 
0.82895322	 2.04090778	 -2.29603199	 
4.03101715	 4.55898747	 6.14101742	 
-0.18076311	 -0.37458092	 1.10675209	 
0.70728024	 -1.52039940	 -3.49708670	 
-1.00832572	 1.38433803	 -3.60162209	 
-2.54933527	 -2.41203822	 -4.64213135	 
-0.90994809	 0.27153472	 5.72687806	 
0.84780062	 -2.19057563	 6.52259704	 
1.69307165	 0.37015691	 -6.34754025	 
0.17873500	 2.21057143	 6.89326443	 
2.07684260	 0.42925167	 -2.89681807	 
-0.05536992	 4.50813069	 1.92894140	 
0.76785502	 1.57788275	 4.09541518	 
-2.22233029	 -1.18295423	 -5.69239681	 
1.63890315	 1.41579174	 -3.56936497	 
-0.58414382	 0.43810754	 -0.87184768	 
-1.74638900	 -0.46791231	 4.34861615	 
0.68025823	 -3.31829668	 -3.57377388	 
-0.49932089	 -0.33557874	 2.64455769	 
2.58321992	 -2.55515674	 2.11743279	 
0.71964220	 -4.71136755	 -4.11401928	 
-1.28670864	 0.44697329	 -5.73886239	 
1.13174623	 0.76936166	 3.96528424	 
-5.21349222	 0.90780868	 -5.62477349	 
-2.08766859	 -2.44027606	 -4.84084812	 
-0.95960597	 1.36548712	 -1.36700273	 
5.23377221	 -0.02717725	 -6.17154352	 
-1.60538681	 0.85423581	 1.60733498	 
9.17468837	 1.81382533	 -3.02661553	 
-1.99164644	 -1.35306789	 1.62781262	 
5.25706693	 2.23162753	 7.59105615	 
0.33838852	 2.06328779	 -2.48720882	 
-0.67324861	 1.71942960	 -1.47190624	 
1.11798755	 -4.02359334	 -3.75971497	 
-0.49126465	 1.08216144	 3.69470251	 
5.64161556	 3.39385024	 5.99388593	 
-1.83355635	 0.90592299	 -3.69054051	 
1.32158864	 1.32391635	 -5.74982990	 
-1.06573765	 1.90725478	 2.65349460	 
-1.50953850	 -1.98935975	 2.76729821	 
0.03581838	 -0.43213615	 -3.97679566	 
-0.69124281	 2.92989428	 -6.73833406	 
0.18332373	 3.05677070	 2.53212474	 
0.72328595	 1.44591840	 1.42258210	 
5.71542762	 0.30255494	 4.02585143	 
-2.08060830	 -3.08272618	 3.62301254	 
5.42854947	 -2.21482097	 5.06086581	 
-4.62035556	 -4.09009127	 -3.16739539	 
-1.03633176	 2.91049994	 1.15971942	 
-1.36576532	 2.34820838	 4.59301358	 
1.16437039	 -4.48905169	 4.78354351	 
-0.27344174	 -0.64032109	 0.89651493	 
-2.44106002	 1.32697713	 3.84587375	 
4.56681078	 -2.01286897	 6.24237720	 
-0.02732091	 1.95245081	 2.26911580	 
5.42074692	 2.70300875	 -4.91053751	 
-2.56777629	 2.29329881	 1.90206365	 
-0.93320300	 -1.75780558	 -2.55294818	 
0.29157691	 -9.76232976	 -13.18675171	 
-2.84431170	 -0.28890355	 -2.61953068	 
1.70130822	 -2.01220597	 6.59796306	 
1.85699385	 5.68047106	 6.52868217	 
0.39002405	 -1.83221944	 3.41000646	 
2.78927219	 0.38887362	 -0.91035557	 
2.12033617	 -0.40845048	 -1.86724348	 
3.24353999	 -1.94041282	 -2.32156494	 
-3.58468755	 -3.24903636	 -5.25418099	 
0.23762674	 -1.59649218	 -1.03075407	 
1.89114387	 -2.15531669	 4.06644785	 
-1.84644413	 1.75366429	 6.60007354	 
1.06330708	 -1.89662184	 2.15885080	 
1.39374359	 -0.06361435	 -1.69397663	 
-4.01643677	 3.51700289	 -5.01469728	 
0.25107038	 3.65108607	 -2.74416503	 
0.93350063	 0.45748193	 -4.18504186	 
4.78540790	 3.75919890	 -5.18004902	 
0.13263154	 -2.17988305	 1.71980415	 
0.68107025	 -3.40287895	 -3.06235763	 
-0.72124131	 -2.81992641	 3.26422650	 
3.85052187	 6.34537885	 -1.15291114	 
-3.30216937	 -2.36730703	 2.27328702	 
-3.70122538	 0.39519937	 -2.24771662	 
-0.17199028	 -5.21934685	 -3.59927690	 
-1.36277402	 1.58845616	 2.96865446	 
-0.52217435	 3.43829185	 4.74989199	 
-6.60023669	 1.65038011	 -5.75737388	 
3.97012092	 -4.60911851	 -3.69358513	 
1.68327867	 0.67084254	 -6.17808034	 
0.36079165	 0.56721537	 1.02792530	 
-1.90610236	 -1.85179623	 1.88445443	 
1.85779635	 -0.76547548	 -4.17043294	 
-3.80755075	 1.71128352	 3.06555019	 
3.67175317	 -2.23289883	 -2.58764450	 
-0.09271343	 2.66846197	 -3.75742853	 
2.35464570	 3.74918704	 4.70510941	 
-0.00811221	 -1.28341568	 -0.83678467	 
-1.14876218	 -0.34229006	 -4.48173528	 
0.57981553	 -0.88945843	 3.84620703	 
1.33104557	 3.25125658	 -5.01195551	 
-3.60434417	 2.10790836	 3.25716102	 
-1.02597508	 1.79781523	 1.71289175	 
0.81314206	 0.15975051	 2.65848411	 
-0.83899271	 -2.58043965	 -5.79501450	 
0.19308664	 -1.77369115	 -1.28652267	 
0.50457199	 -0.16472666	 0.99779720	 
-0.52064695	 5.64407069	 3.50948732	 
-1.71774930	 -0.24085614	 -2.83547820	 
1.28127034	 4.39303087	 -5.20151508	 
0.92677855	 -0.80923085	 2.31677516	 
1.16095150	 -0.71685420	 4.72298661	 
-2.84728706	 -5.54771535	 -1.29049933	 
-1.16760806	 -1.85095967	 -4.83004927	 
-1.54191249	 0.22736838	 -5.28680148	 
-4.54933465	 -4.33652588	 -5.75367536	 
0.70299250	 -3.68372304	 -1.93131536	 
-5.60643313	 2.11449452	 2.99843861	 
0.38283247	 2.76588353	 -4.62971827	 
-3.43414138	 1.23190684	 1.69912940	 
1.42884620	 -4.92736571	 3.82006097	 
3.50263373	 3.59043996	 -5.78576565	 
-3.39257778	 0.95940223	 -1.33742142	 
-1.53865494	 -1.72058762	 -4.09440144	 
0.38662099	 3.85246476	 1.90869763	 
-0.47075486	 -2.55369504	 -2.60955266	 
2.43631318	 -2.21315760	 -5.00820037	 
0.54584627	 -0.85481453	 -2.00171545	 
0.94426894	 0.94501471	 -6.57260795	 
-3.40866175	 -4.63476478	 -3.79930251	 
0.00017077	 -0.97416721	 -2.97184346	 
0.28720289	 2.48890665	 -2.40269776	 
0.36328489	 -2.49206889	 -7.16458870	 
-0.23494679	 0.12832490	 -1.68105895	 
6.93274570	 3.86412959	 2.43274187	 
-4.07819536	 -0.75221840	 2.05997838	 
2.28684863	 -0.31026893	 2.89499826	 
-2.50327669	 -2.64523899	 -1.14379680	 
0.66347762	 1.98346942	 7.37620550	 
-2.64048394	 -5.78329746	 -0.32998157	 
-0.83269568	 1.00876079	 -3.23016072	 
-1.94528626	 2.02196299	 -1.94100676	 
-1.97170318	 1.17066215	 -0.99530131	 
-0.02250485	 -1.52251239	 -3.20649317	 
1.27341056	 0.08537394	 -3.55124937	 
0.28878542	 1.50454099	 -3.78181202	 
-1.82053102	 1.14744101	 2.31667506	 
-8.47525385	 1.10066848	 3.15860676	 
1.50524043	 -1.69254496	 -4.42211586	 
2.77581103	 2.04768161	 -2.88543524	 
1.72916331	 -2.33685656	 -0.87389217	 
-0.04142142	 0.33931874	 -3.26803662	 
1.03560507	 1.18477150	 4.91860465	 
1.59386339	 2.08345574	 2.09358882	 
3.58355578	 -3.13909752	 3.92013224	 
-0.74692120	 -0.05894432	 4.25188552	 
1.83710701	 -1.45134892	 4.63524767	 
0.02765587	 -1.38035017	 -3.23576111	 
-0.72697472	 -0.94555674	 -0.97200394	 
-2.21133188	 0.19176880	 -1.50435748	 
-3.07480170	 0.52169747	 2.81420199	 
-1.49428916	 1.23356398	 -2.45181708	 
4.65711155	 -1.39962542	 8.20838376	 
2.67912603	 -0.50103885	 1.85003383	 
-1.81080789	 1.63287325	 -2.53943938	 
3.64724464	 -4.33655781	 9.34567871	 
-3.25752504	 6.24726454	 9.00018766	 
1.14705539	 -1.63704475	 1.59990598	 
1.04577009	 2.95127719	 8.57396216	 
-0.32671008	 -0.53909791	 1.07249392	 
-1.76866115	 -0.23510088	 -2.88195487	 
-2.93992535	 -1.01553441	 -5.22179707	 
0.31765786	 3.19814669	 1.68266644	 
-0.54753166	 -0.44722606	 -1.80855162	 
-0.86506099	 1.14766506	 4.38753163	 
0.82161374	 0.09498086	 -2.13394937	 
-0.79391661	 -0.82408675	 1.49450382	 
-1.99305465	 -1.00535224	 4.84264780	 
-0.82206457	 -3.98502996	 2.93075958	 
2.17937807	 -1.14365201	 -3.45142006	 
-1.98153398	 -0.49223993	 -6.64474062	 
4.34313664	 5.67576882	 6.56987979	 
0.20611221	 -1.75860471	 -3.21344039	 
-1.02402747	 -2.78134137	 -3.63645723	 
-0.66182095	 -2.60224494	 -3.46594848	 
-0.26434680	 3.01875201	 3.78030498	 
-1.99617447	 0.17352071	 -2.71464841	 
-1.10960268	 1.66189930	 1.76432583	 
-0.39037109	 2.27653783	 2.79007024	 
6.49414350	 -0.48955968	 5.44294825	 
-2.85786039	 -0.51383126	 3.10074174	 
0.48321996	 -0.20226799	 2.95615216	 
-1.09880226	 1.79124421	 2.84655988	 
2.48832315	 -1.64520539	 -1.88642695	 
-0.19434114	 -0.36911076	 3.83353149	 
2.11951135	 1.77914025	 -6.86029650	 
2.03822875	 -0.05369408	 -2.23164267	 
-1.89114345	 -1.30306290	 2.14501057	 
0.50840226	 -0.77856834	 3.64511758	 
-2.45264821	 1.96895808	 5.09311057	 
1.17252973	 0.87615646	 -3.50900088	 
-1.12853881	 -2.27737491	 -4.50966602	 
0.76366681	 1.04653037	 -5.10917895	 
1.80742888	 -1.97363106	 -1.95672786	 
0.43698369	 0.59007587	 1.49535703	 
1.91908619	 -1.25872239	 -3.61965539	 
1.77611821	 1.76314853	 3.68379385	 
0.33876536	 1.74180526	 -3.65933282	 
-0.08361221	 -0.21931851	 -4.52218149	 
0.99179004	 0.44394829	 2.27221759	 
-3.97310716	 -2.24023954	 2.30783035	 
4.99264030	 4.31798783	 -8.47715965	 
-1.76566391	 -2.65310997	 -4.21305503	 
-0.81494667	 -0.53665231	 2.12434704	 
2.16272862	 2.60867802	 -2.03799145	 
0.60467697	 0.88408640	 2.72079336	 
0.46109781	 -1.21278756	 -7.15509914	 
-1.22325187	 5.82956015	 5.80636268	 
-0.97979752	 -0.60007306	 5.52019250	 
2.20310880	 1.51984976	 -4.88001786	 
-2.75296719	 0.73364301	 3.85945632	 
1.40272918	 2.39725654	 3.03485672	 
-0.80989709	 2.72960592	 0.56756605	 
0.12550732	 3.55386545	 3.75088890	 
-0.53903471	 -0.43471863	 -3.88290844	 
-1.65729605	 0.75089510	 -2.35783217	 
0.41276845	 -1.32194821	 -4.39102312	 
1.35542453	 -1.59021523	 -2.23412776	 
3.32978390	 -0.71157769	 4.25026332	 
1.30069802	 1.42710171	 3.47582961	 
0.53930465	 1.94038920	 7.42773885	 
-2.20986645	 1.04506793	 4.81068109	 
0.49831365	 -1.16083287	 -2.10733299	 
0.52961198	 -2.60396616	 4.96225285	 
-0.24826976	 -2.62594938	 2.34939010	 
-2.14907919	 -2.95370894	 5.79890679	 
-2.51514627	 0.68203114	 -3.97258301	 
0.01144744	 0.49698471	 1.03609619	 
-1.53794023	 -1.42013875	 -3.69480916	 
1.03283948	 0.36151598	 7.87181376	 
-2.33604858	 1.69897958	 3.52489882	 
-1.57530236	 -5.76431565	 1.10081522	 
-1.12415403	 -0.64177044	 -4.08323025	 
0.22937634	 1.43145529	 2.61042265	 
-1.52666727	 -0.74466451	 3.49839074	 
0.56850400	 -2.82544615	 6.85383675	 
-0.77545516	 -3.71086227	 -1.59337707	 
2.61826638	 -1.23907169	 3.47051831	 
-2.19385813	 1.70080172	 2.66355653	 
-3.07703546	 -2.46125057	 -5.38138884	 
3.07607642	 0.46110857	 -1.80009998	 
-1.77328648	 0.97971995	 -2.40887451	 
-0.17831599	 1.73101734	 1.88061923	 
0.59044163	 -0.71047111	 -1.19052736	 
1.23095172	 1.91494016	 1.56121936	 
-1.05379804	 0.21162868	 1.41620251	 
0.78340516	 -1.56448900	 -4.64136491	 
-1.59030320	 -1.57152171	 -3.63717618	 
1.05074329	 1.93423827	 -3.03426802	 
-3.75097380	 1.56869085	 -1.85303838	 
-0.41132560	 -0.27265145	 1.63230091	 
0.84898255	 2.38210789	 3.53366597	 
-3.27751268	 -2.68846229	 4.00959019	 
0.70197131	 -1.73059335	 4.37987237	 
1.28553732	 -1.67105697	 4.32810699	 
1.38471776	 1.17340843	 1.89445012	 
1.17424041	 4.42302021	 2.86998046	 
2.61143300	 2.67219600	 4.15346705	 
0.93742611	 -0.42179219	 0.56845767	 
3.00477494	 0.23579492	 2.30857101	 
5.60427441	 -0.45821340	 1.71004416	 
-2.41165534	 -0.77639431	 1.27939319	 
0.51434426	 -1.83871011	 -4.23695002	 
-5.28411264	 1.34501510	 -6.45372761	 
-0.11219585	 -0.80581950	 2.53372491	 
-6.13217301	 1.75210877	 4.84661800	 
1.21633157	 1.43879289	 7.45362750	 
3.09696183	 -1.60112177	 2.85911484	 
0.87596700	 -1.91485236	 4.45196121	 
-0.16185876	 -0.70383593	 -1.52177534	 
-0.51761471	 0.95791339	 4.31230520	 
-5.78935407	 -1.54001557	 6.70860901	 
5.24408408	 -2.52453406	 -4.93340666	 
-0.77229532	 3.30505130	 2.98022099	 
-0.31585974	 3.78559225	 3.94579790	 
-0.86352378	 -0.32366477	 -4.69139643	 
1.36444273	 0.79984116	 -2.11924521	 
0.76583306	 -0.13308188	 1.80526320	 
2.92217714	 1.22542885	 7.58057358	 
-3.32119706	 -0.03538793	 3.62792103	 
0.42568199	 0.87609973	 -8.02513492	 
-1.13345693	 0.81805554	 6.15947705	 
2.24186352	 -2.15021624	 3.01915996	 
-3.23029957	 -0.48608046	 3.83803577	 
-8.93486890	 1.92863611	 5.71498950	 
3.43874037	 1.76442697	 -3.75576225	 
-1.94592773	 3.69614416	 -4.33270633	 
1.90273544	 -0.72913771	 -3.48690126	 
-2.33610282	 2.67123339	 -5.26149968	 
0.95634128	 0.84209309	 0.98521615	 
0.43211607	 -3.01287570	 -7.53434002	 
1.80334005	 -1.40113103	 6.80522152	 
-0.42129753	 3.24497280	 -0.81220949	 
0.42207531	 2.02367658	 -2.42922527	 
-0.23629797	 0.82933599	 2.60638787	 
-1.26807797	 0.46077036	 2.19631836	 
-1.04518952	 -0.36080727	 1.33844329	 
10.02293780	 -3.58038900	 2.70353997	 
-1.65328858	 -1.40636956	 -4.51575163	 
-0.05368377	 -1.00667315	 -2.29453069	 
-2.07057517	 -11.26339522	 5.15402113	 
1.37748153	 -1.83203930	 -2.97499332	 
0.20070552	 -0.61625900	 -3.58771840	 
2.43653896	 0.84706541	 -2.13404743	 
2.93144333	 -0.30866603	 -7.82136976	 
2.08064040	 -2.27092938	 -3.74224086	 
-0.40431929	 -0.62806552	 5.17279009	 
3.33655198	 -0.48354812	 4.99893473	 
0.54889939	 0.94862547	 3.54601067	 
-7.12794220	 -0.10844654	 -4.89361413	 
2.01686151	 0.18090854	 0.89822685	 
2.01928614	 -1.07967545	 -3.41057336	 
-0.84973804	 0.66041650	 3.77596401	 
0.79103683	 -1.87228745	 -2.18604107	 
0.76386673	 1.18760659	 2.13793903	 
2.88678062	 0.07630363	 -3.42408503	 
-0.75875572	 -1.48336414	 -2.50374636	 
-0.23271449	 1.22593522	 4.08374191	 
-0.79370326	 -0.92769957	 -2.21176110	 
-7.20402742	 0.50415771	 -9.74797681	 
-0.16427639	 -2.48203257	 -6.98868220	 
0.38664351	 1.99165967	 6.35777464	 
0.63968332	 2.38988377	 7.78435756	 
-3.95905625	 -1.06895777	 8.36654974	 
-1.99668984	 -4.16359379	 9.02999506	 
-1.10570644	 -0.74231392	 1.23095802	 
2.03112284	 2.64303047	 2.97963618	 
2.17136396	 0.64183466	 5.44386303	 
-2.55072909	 0.94010492	 -3.54992354	 
0.75858403	 -1.86693129	 5.76887560	 
-1.76872484	 -0.44328260	 -2.29358977	 
2.33573442	 -1.49596880	 -3.84441163	 
-1.13433191	 2.54648733	 4.94950830	 
1.05665349	 -0.30899856	 -1.55012343	 
4.17566834	 1.94709445	 2.22307529	 
3.74516658	 0.20453670	 -2.51264132	 
-0.45189582	 0.22043802	 -5.57292130	 
-0.31486266	 -1.31532413	 -6.94309966	 
-5.77113772	 -5.74682583	 6.00189189	 
-2.11959913	 1.40762381	 3.43540164	 
0.34350145	 0.65338511	 3.88545657	 
-3.83883711	 -0.66700128	 -6.28959008	 
-3.11230055	 3.81405910	 -7.49577602	 
1.82326376	 -5.17321178	 -4.46270352	 
-1.63492979	 -0.99356828	 -5.43311159	 
1.21288293	 -3.25742148	 5.95645682	 
-1.65135056	 -3.88955918	 4.81938042	 
1.52823976	 -5.94110429	 3.87412787	 
2.27838216	 2.00462250	 1.54339458	 
0.61404444	 0.23600966	 3.15992830	 
-3.70015765	 2.82672684	 6.95685369	 
-2.60811991	 -1.98385411	 -2.08473907	 
-0.76637823	 1.71257258	 3.08048456	 
1.79097536	 2.23880469	 1.73224932	 
1.05818702	 -2.55995328	 -2.57282177	 
-0.60399851	 0.54239203	 2.93244231	 
-0.09486305	 1.04149105	 0.66881679	 
1.62898515	 2.25169452	 2.17559398	 
-3.23043341	 2.06860542	 2.08499465	 
1.07315628	 -2.42280321	 1.21648215	 
-1.19311873	 -9.31409677	 -5.86470311	 
-0.63440995	 -1.29580485	 -2.34607378	 
-2.76924484	 0.25193540	 -2.35776457	 
-3.48961595	 -1.69624787	 2.48741417	 
-1.19878378	 -0.52391481	 2.21435704	 
0.64492378	 0.12043178	 -2.77516891	 
-1.93267765	 2.04791164	 -4.69827418	 
-0.44802629	 0.99829906	 -1.77289322	 
0.22332177	 3.94150007	 -3.17525165	 
0.77492315	 -0.95931148	 2.90835667	 
-1.74098135	 1.24964104	 -4.01924491	 
0.66800160	 -1.36279245	 3.54029087	 
-1.37153409	 -1.15656941	 2.72102247	 
-4.64154807	 -3.51962715	 -2.97689835	 
-0.51208326	 1.52664304	 5.40839500	 
5.55931684	 -0.22543646	 5.98147246	 
2.46121850	 1.89843391	 -3.44048113	 
1.85868708	 -1.82292424	 2.50473732	 
-0.63627813	 4.04708936	 -5.16895509	 
-0.15254236	 -2.23765453	 3.24053538	 
0.78561355	 1.59597129	 -2.08172380	 
0.31279519	 0.34610218	 -1.27928050	 
-2.69675321	 2.24472691	 3.55111496	 
-0.22637722	 1.97918970	 3.67512229	 
-1.61263901	 4.48799875	 -1.71383516	 
2.15534136	 0.16874329	 -2.80906047	 
1.39341385	 5.67184706	 5.38467618	 
1.68005369	 1.52512823	 13.49446374	 
-2.73355868	 4.17010605	 4.95682937	 
1.74439546	 -0.41346419	 -4.90683120	 
-1.22520776	 -6.54348136	 2.85249482	 
-2.39230853	 -2.42901406	 -1.10575665	 
0.21939432	 -1.84500165	 1.56832593	 
2.44345300	 2.73240014	 -5.60851389	 
0.22625967	 2.35708504	 1.94466242	 
-0.79059869	 -4.00484871	 -8.98104142	 
-1.28663572	 2.16115474	 -0.63349407	 
2.29307257	 0.57121284	 3.85767291	 
-8.21671534	 5.04872206	 -11.93191582	 
