x	y	z
-0.16526416	 0.73238304	 -1.00270099	 
-1.26576854	 0.18917496	 0.17305596	 
0.49059452	 -0.46712369	 0.15705922	 
0.26068872	 -0.26913468	 -0.16373857	 
1.71099539	 -3.06871971	 0.35408638	 
0.83728187	 -0.75715109	 -0.49849792	 
-0.78041465	 0.39402995	 -0.20889032	 
0.07830628	 0.86642782	 0.71457558	 
-0.45181266	 0.07139352	 -1.25741932	 
0.70180495	 -0.21489153	 -0.58037084	 
-1.74136132	 -1.36181207	 -0.68866140	 
1.08800403	 1.16240034	 -2.14221496	 
-1.72636849	 -0.88128224	 0.41771588	 
0.88877705	 0.21543613	 -0.34632789	 
0.78804448	 -0.64254675	 -0.14080803	 
-1.47410279	 -0.80526018	 -0.64593235	 
1.02895993	 -1.03060873	 1.81425437	 
-0.55202494	 -1.11893162	 0.41483149	 
-0.51443487	 0.15531916	 -0.54418545	 
0.14122975	 -2.15453622	 1.51945366	 
0.35123677	 -0.51326929	 0.15032949	 
0.03550434	 0.64136071	 -0.26030098	 
-3.50876675	 1.42263198	 1.35920939	 
-0.35667828	 -0.49710989	 -0.56966811	 
0.06561337	 -0.90667172	 1.52885211	 
-0.22350653	 0.85448919	 -1.01744685	 
1.84765657	 2.10473309	 1.02104470	 
-1.09983980	 -0.43734323	 0.91452525	 
1.41476919	 0.38610488	 1.77004634	 
-1.22267956	 0.75612473	 1.29742691	 
0.13785429	 -0.46376604	 0.32637052	 
0.85082171	 -0.72329510	 -0.28297986	 
-0.04180276	 -1.20922821	 1.81441493	 
-0.15110962	 0.10264629	 0.56166018	 
-0.78499283	 -0.09635067	 -0.01856957	 
-0.78183616	 -0.36529706	 0.22243468	 
-0.53162468	 -1.88299104	 0.73735992	 
-1.08044817	 0.52675161	 -1.60817063	 
0.66026046	 1.32001562	 0.42607741	 
-0.53052352	 -0.15337362	 0.50213570	 
0.96658108	 0.02910919	 -0.72326781	 
0.23334092	 0.12015244	 -0.47305975	 
-0.09097428	 0.39400250	 0.12832843	 
2.13374420	 0.72869778	 0.67335094	 
-1.16701376	 -0.41004116	 -0.54499316	 
0.97785694	 1.46403628	 2.70315939	 
1.27403168	 -0.27524353	 1.15630734	 
-0.83096748	 -0.52476571	 -0.19685616	 
-0.44478489	 -0.39973007	 0.35210843	 
-0.27253742	 -0.80005088	 -0.95137103	 
0.75336142	 -0.37009624	 0.23965449	 
0.03639398	 -0.32104426	 -1.08595230	 
-0.46971436	 -0.03312299	 -0.41100446	 
0.66173804	 -0.54117064	 -1.59501852	 
-1.49831593	 -0.06048419	 -0.06835404	 
-0.00839831	 -0.67003405	 0.47225441	 
-1.08425934	 -0.57384961	 0.50366321	 
0.90823269	 0.70498554	 0.77777047	 
-0.24844014	 0.64178179	 -0.00194161	 
-0.32689336	 -0.24464700	 0.22523611	 
-1.05711085	 -0.31735925	 0.45082569	 
-1.40315568	 -0.27328626	 1.60554206	 
0.14657455	 0.57594515	 -0.24024390	 
0.16302057	 -1.92693870	 1.30040351	 
-1.78071909	 0.35273176	 0.26235666	 
0.97134804	 0.95643678	 0.67920500	 
0.23191361	 1.92730366	 1.03734539	 
-0.60766040	 -2.83791615	 -0.05069601	 
-1.36530194	 -0.32278303	 0.84955119	 
-0.17511287	 -0.14580716	 -0.72252828	 
0.17453419	 -0.11189829	 0.03019188	 
0.12309845	 -0.17363679	 0.92609929	 
-1.98756818	 1.84882217	 -2.05914656	 
0.04239273	 -0.19237733	 0.20199126	 
-0.26393203	 0.69255724	 1.25896511	 
-1.88213916	 0.28621021	 0.78978613	 
0.54325307	 -2.95674371	 0.08101020	 
-2.12130179	 -1.90957011	 -1.03742140	 
0.19418604	 -0.28821255	 0.13111807	 
1.63414804	 -0.37708843	 -0.27537061	 
-0.74241491	 -0.50388787	 0.53544691	 
0.48487286	 0.33152610	 0.76215377	 
-0.77752298	 -1.64739297	 0.61400382	 
0.10554402	 -0.18077313	 0.17889227	 
-0.51859749	 -1.03448839	 0.84402800	 
0.75789515	 0.75055724	 0.62911479	 
0.36777595	 -1.40771259	 1.40876233	 
-1.37771167	 -1.29139770	 0.45420638	 
1.63187600	 2.49351478	 -0.70287348	 
0.40567951	 0.01409405	 -0.12105797	 
-0.65556468	 -0.09323578	 -2.30397867	 
-0.75437369	 0.52935449	 0.61139999	 
1.04640703	 0.09514289	 -1.53166386	 
-0.12830361	 0.34788416	 -0.62782353	 
-0.24247900	 0.66464639	 0.38322681	 
-0.08716942	 0.32683017	 0.45869247	 
-0.85059583	 -0.04057704	 0.08308851	 
1.03955473	 0.07693469	 0.53074265	 
-0.23362029	 -0.06616473	 0.04577538	 
0.19612987	 2.12635692	 -0.71789941	 
1.12185272	 -0.47890370	 -0.14923024	 
-0.48829351	 0.47667541	 -0.75256582	 
-0.54531260	 1.51058961	 -1.82897880	 
-1.99761884	 1.53288361	 -0.60361435	 
0.23576604	 0.49255383	 -0.71678867	 
-0.37860137	 -0.75142079	 0.63734776	 
-0.69109623	 0.90964530	 0.75060667	 
0.15587890	 -0.60822640	 -1.10395656	 
0.97950312	 0.34975548	 2.07895768	 
-1.10589253	 -0.21676929	 -0.40316509	 
-0.13347339	 -0.83412082	 -0.31091447	 
0.09105299	 -0.67847767	 0.00720141	 
0.64829702	 0.61677251	 -0.31545792	 
0.70529888	 -0.80684800	 -1.22950587	 
-0.81728802	 -2.48878567	 1.56341793	 
3.04364116	 -0.52393899	 0.32169012	 
0.85924457	 -0.68135528	 -1.47479957	 
0.26889917	 1.63433393	 0.44803751	 
-2.62061779	 -0.02924899	 -0.05804467	 
-0.82809951	 0.57468730	 -1.60746919	 
-0.30215399	 0.75781585	 -1.48080522	 
-0.68067922	 -0.61166407	 -2.49429658	 
3.13928909	 -1.12713643	 0.01527497	 
0.87957281	 0.30277001	 0.71038387	 
0.52842405	 1.56793436	 -2.26398467	 
0.47184455	 0.26027557	 0.16481203	 
0.87814521	 -0.12166151	 1.39222537	 
1.46908473	 -0.60557963	 -0.76342442	 
0.87518835	 1.27837746	 -0.96410511	 
0.14288283	 0.67372207	 -0.62748750	 
0.23478042	 -0.33024381	 -1.43717844	 
-0.53981486	 -0.60419770	 0.30853166	 
0.62146792	 1.21664772	 0.09783891	 
0.46238475	 0.40944591	 1.28573542	 
-0.63389661	 0.39971345	 0.76145925	 
0.30212146	 0.57098578	 -0.87548367	 
-0.99823189	 -0.88178153	 0.47711192	 
-0.02011314	 -0.81753015	 -0.42840540	 
0.82104229	 1.21430807	 -1.53926258	 
1.28881588	 1.52094900	 -1.38424897	 
-1.15232886	 2.61382864	 0.11370326	 
-2.43464637	 1.66307566	 0.03505257	 
1.30911494	 1.07215483	 -0.53144124	 
-0.01233873	 0.92594974	 1.05650458	 
0.92297287	 0.77115490	 1.71969480	 
-0.52094668	 -1.59226738	 0.88814777	 
0.17311633	 0.00843276	 -0.37443107	 
0.43551647	 -0.53004485	 0.96252078	 
-0.48303523	 -0.14748184	 -0.47053648	 
-0.06922432	 0.64614205	 -1.99189907	 
-0.49203029	 0.17331405	 0.73699393	 
0.11005916	 -0.53729094	 -0.13776046	 
-0.24163985	 0.01362125	 -0.25020988	 
0.46193178	 0.09083177	 0.44457772	 
1.01319687	 1.01182022	 -0.74428071	 
-0.72297448	 1.78719664	 1.23229144	 
-2.93446977	 2.37978258	 -1.54925888	 
1.85070337	 0.51060932	 1.41042022	 
0.23641962	 0.59254994	 -1.03143008	 
0.10148457	 0.79019669	 2.20656306	 
0.30513850	 -0.08107629	 0.17719557	 
0.39301677	 0.21858348	 -0.14994797	 
0.04728955	 -0.45770951	 -0.20101315	 
-0.53521066	 0.91452504	 0.54954725	 
-1.50570964	 1.82064142	 -0.37440490	 
-1.14226146	 -2.68490507	 -0.32385364	 
-2.38659910	 -0.54809971	 -1.93970724	 
0.45933708	 -1.17223893	 0.48894596	 
-0.69165964	 -0.03714022	 0.11142484	 
-0.37853277	 0.04053146	 -0.48613501	 
0.63537513	 0.94485138	 0.13596379	 
0.47204568	 -0.37992204	 0.68883065	 
0.28351120	 -1.08629331	 2.52802710	 
-0.62089589	 0.38596347	 1.81196370	 
1.93773852	 0.55241717	 0.87851660	 
-0.67406232	 1.85754443	 0.72095813	 
-1.47695762	 1.17453876	 -1.17811428	 
0.55940513	 0.17902697	 0.20385346	 
1.19341168	 0.57790617	 0.21758678	 
0.78010906	 -1.15542275	 -1.04436349	 
-0.71154174	 -0.74686962	 1.45364826	 
0.05941059	 -1.04733889	 1.52117566	 
-1.71642144	 0.01033508	 0.01101233	 
0.35894821	 0.97227709	 0.92143391	 
-0.56187614	 0.09059987	 -0.19350201	 
0.32098524	 -0.15422633	 -0.13191643	 
-0.47382056	 0.47131622	 -1.21219592	 
0.19266641	 0.86662312	 -1.29612299	 
0.76745969	 -2.17203924	 -1.81897732	 
-1.72257235	 -1.25013821	 1.19233272	 
-0.84961524	 -0.02177277	 0.12376927	 
0.08529688	 0.96875148	 0.21740756	 
-0.12092506	 1.09640583	 0.01141071	 
-3.68164682	 1.70469645	 -0.23200681	 
-0.54788954	 -1.14470441	 1.52051909	 
1.30311073	 -0.43434398	 0.95708556	 
-0.15613276	 0.67192525	 0.09320415	 
-0.11008989	 -0.16256820	 -0.46355388	 
-0.29356752	 -1.46180654	 -0.37260850	 
-0.42417646	 0.84992300	 0.55649653	 
0.91912370	 -0.69227959	 0.55692713	 
-0.99231017	 1.03347772	 -1.31984967	 
2.04117026	 0.15979372	 0.49404746	 
1.12149032	 1.80109065	 0.75865003	 
-0.11408822	 -1.28157952	 0.48327081	 
0.74333860	 1.86594076	 1.07524627	 
0.57678509	 -0.25250769	 0.00670844	 
-0.06613974	 0.15985583	 -1.38940004	 
-0.12420481	 0.99119197	 0.10514859	 
-0.32902176	 0.19153809	 0.12465403	 
-3.35157819	 0.99721195	 -0.28664065	 
-0.76451402	 0.59032899	 0.57569573	 
-1.10455742	 1.73091407	 0.49968164	 
0.61957036	 -1.28772529	 -0.43376142	 
-0.39096264	 -0.02791042	 0.20001774	 
-0.92289569	 -0.31918081	 -0.74666765	 
1.04062988	 1.49437597	 1.50464634	 
0.26532919	 0.30267124	 0.99420043	 
-0.96065524	 0.19166339	 3.10981730	 
-0.48644782	 0.67745226	 -0.72230131	 
0.87584259	 0.85802815	 1.26404635	 
-0.52981290	 -0.05916404	 0.30971287	 
0.39753491	 0.62792301	 -0.49484779	 
0.44613628	 -0.71043401	 0.23050495	 
0.33413573	 -0.65361264	 1.11150349	 
0.81691979	 0.33100320	 -0.44438269	 
-1.33228449	 0.62407946	 1.12141163	 
0.34681005	 0.35332868	 0.27304669	 
2.23948733	 1.46824346	 -0.92600146	 
0.38922059	 -1.45977840	 1.48633915	 
0.96207536	 -1.29794636	 -0.40751099	 
0.68954052	 0.28304449	 -0.29740907	 
-1.60737505	 -0.37470082	 0.09444874	 
-0.20712541	 -0.66150371	 1.20546620	 
-0.49851411	 -0.45797983	 0.88950045	 
0.29084296	 -0.13759709	 0.13636783	 
-0.90730605	 -0.27185355	 0.68786369	 
0.01874825	 -0.54029187	 -0.48111974	 
-0.54448916	 0.00846198	 0.56417904	 
-1.20122901	 1.64526222	 0.03584443	 
-1.64252463	 1.08083406	 -1.74228634	 
-0.98137533	 -0.46221981	 -0.43724726	 
-1.35631446	 1.81333019	 -0.02731345	 
0.11436245	 -0.57549187	 0.34119175	 
-0.29150848	 0.42461881	 -0.41913923	 
-1.41816627	 -0.30822872	 -0.03434553	 
-0.25861826	 -0.29694666	 0.57003041	 
0.37005972	 0.39270589	 -1.54423569	 
0.87350133	 -1.71778230	 0.25768856	 
0.53259612	 -0.99130590	 -0.05186480	 
-1.83496414	 3.28270914	 -1.98599235	 
-0.27897495	 -0.05808774	 -0.10140968	 
-2.08519120	 -1.65230682	 -0.83902353	 
0.14297061	 0.23054835	 0.98532800	 
0.67232394	 -1.95746703	 -0.46781525	 
-1.20376960	 -0.40964460	 1.09705234	 
-1.06908361	 -0.83375108	 -0.02179417	 
0.38965257	 -0.05169390	 0.21079868	 
0.04725113	 -0.60342157	 0.86014388	 
1.09072129	 -0.27260101	 0.35685341	 
-0.20873265	 0.45493062	 1.39547072	 
-0.27691778	 -0.10560656	 0.09133583	 
2.14380532	 0.82335214	 0.56224752	 
0.02331473	 -1.58531516	 -0.83509002	 
0.49615745	 -0.86530334	 -0.02568087	 
0.23444220	 0.85867039	 0.55213106	 
0.40283373	 0.71124166	 1.04485690	 
0.51744973	 0.19410736	 0.59664208	 
-0.46900284	 -0.60991641	 -0.56959515	 
0.25195585	 -0.67830131	 -1.02139874	 
-0.11189654	 -0.15174045	 -0.90822552	 
0.25862830	 1.01213440	 -0.31654685	 
0.28987174	 -1.42699320	 0.08851775	 
-0.85670206	 -1.27804835	 0.36805852	 
0.57272065	 -0.14513043	 0.91928052	 
0.79458006	 -1.03569353	 -0.08543301	 
1.31679421	 -0.31103965	 -1.42183474	 
-0.09918180	 0.06747823	 0.85013186	 
1.77295180	 -0.65226816	 0.33742379	 
-1.05173399	 2.72853725	 -0.23348178	 
-0.99373366	 0.10784078	 -1.67754635	 
-1.07098427	 -2.68472371	 -1.16188460	 
0.18572498	 -0.51741987	 -0.10563999	 
0.67934112	 0.62090891	 -1.37586992	 
-0.62151415	 -0.36686696	 -0.29700964	 
0.15908389	 1.33871680	 2.07981714	 
-0.45658198	 -1.66754459	 -1.10920357	 
-0.71559394	 -0.99955251	 2.34246428	 
-0.17183213	 -0.53247372	 -0.23202764	 
-0.02944737	 -0.67495434	 -0.81314161	 
-0.87500433	 0.23763397	 0.56193936	 
1.15985698	 0.14157813	 -1.19214160	 
0.83776891	 -0.54410641	 1.37626802	 
-0.45598753	 0.13477574	 -0.97316982	 
-0.21907497	 -0.17533789	 -0.99739368	 
-0.12690730	 0.42074655	 0.36041643	 
0.17994546	 0.49718450	 0.09279276	 
0.67090161	 -0.41789300	 -0.53898382	 
-0.42043779	 0.38389919	 -0.83084191	 
0.13426397	 -0.71287320	 0.31175916	 
-0.59753243	 0.58754181	 0.25544586	 
0.34410632	 0.07729984	 1.01552460	 
-2.33472127	 0.85425109	 0.71883644	 
0.93895828	 0.27684728	 -1.16784743	 
0.89430769	 0.78331941	 1.41355345	 
0.75691778	 -0.38128564	 0.42919346	 
-0.57936430	 -0.25200636	 -0.93998917	 
-0.44921025	 -0.51122706	 0.82320695	 
3.81601371	 -0.45713734	 -4.65395435	 
0.02124949	 -0.22450109	 -0.21600697	 
0.15089075	 -0.80053870	 -0.70805901	 
0.45239487	 -1.06108060	 -0.12076962	 
0.05250368	 0.42619920	 -0.50657360	 
0.73398338	 0.19337926	 -0.10556090	 
-1.09133729	 1.44451892	 -3.05680337	 
1.53172918	 -0.07099452	 -0.09733646	 
0.66563133	 0.93894385	 -0.88499301	 
-0.17664487	 -0.10613472	 -0.16543829	 
1.49754357	 1.31535347	 1.19764046	 
1.04511423	 1.27730679	 1.45506197	 
-0.37395424	 -0.20650241	 0.83687226	 
-0.75025380	 1.14499140	 0.45493280	 
1.51061937	 -1.74659668	 0.92923239	 
-0.01600489	 -0.64416389	 0.70480227	 
0.50709785	 1.22256578	 0.70264038	 
-0.70489860	 0.67485107	 0.71877075	 
-1.09667261	 -1.90105134	 0.39337596	 
0.53543298	 -0.58472349	 0.48305327	 
-1.80590724	 0.23180857	 1.26137886	 
0.07216351	 -0.10402190	 -0.83230350	 
-0.61552232	 -0.10688405	 0.18455709	 
2.04828323	 -1.43170237	 0.09629249	 
-0.11988730	 -1.03465984	 1.19296717	 
0.16213279	 -1.37300955	 -0.34850052	 
2.27839108	 -1.71941370	 -1.99138707	 
-1.62692360	 -2.30107747	 -1.13903154	 
0.44862387	 0.33468286	 -0.10572227	 
0.33734592	 0.28813101	 -0.20608859	 
-0.25413970	 1.06925811	 -1.51399193	 
0.83054509	 1.18813450	 -1.12305147	 
-0.61291722	 -1.60879599	 -0.96318247	 
0.73106272	 -0.09318400	 -1.75702542	 
-2.00793916	 -1.60319843	 0.50932204	 
1.00899953	 0.23233237	 0.07068153	 
0.60104427	 0.25549125	 -0.52638624	 
0.49608180	 -0.65011889	 1.26339809	 
-0.14727793	 -0.39030284	 -0.09032945	 
0.43601149	 0.59467783	 -1.03322199	 
-0.24071899	 -0.13815869	 0.28768104	 
-0.72853455	 0.95541635	 -0.25060636	 
-1.24140321	 -0.64852639	 -0.97329027	 
-0.18830025	 -1.00809252	 0.48516173	 
0.04067201	 -0.01161643	 -0.67021704	 
-0.66424927	 0.13021105	 0.20095907	 
-0.50226381	 0.24454247	 0.27259428	 
-1.33784560	 0.23229923	 -0.86255037	 
-0.59216092	 -0.12716420	 0.14980495	 
-0.32016473	 -0.01932476	 1.89079585	 
1.81560152	 -4.73396879	 -1.10550411	 
0.86832264	 -0.14530942	 0.10748575	 
1.01699491	 0.17681632	 -1.01878966	 
0.25123322	 -0.02421866	 -0.89247294	 
-0.12379711	 -0.08407868	 0.27685505	 
-0.02559855	 -0.60532778	 -0.66967088	 
-0.90749514	 -1.18271696	 0.44009597	 
-0.68465795	 0.02750428	 1.06021138	 
3.70678967	 1.91122469	 -2.71038765	 
0.26867339	 -1.15649176	 1.44046390	 
-0.50668989	 1.60337610	 0.49720649	 
0.43952299	 -0.10748812	 0.51668976	 
-0.31236800	 0.62520884	 -0.19790392	 
-1.46331823	 -1.31377357	 -0.64251822	 
-0.22519502	 0.97176378	 -0.94024405	 
0.68083236	 1.79360321	 0.95452508	 
1.46178326	 -1.37071354	 -0.47203122	 
-0.94654610	 -0.62688701	 0.32008719	 
-2.40864001	 -2.16589532	 1.94811791	 
0.13512733	 0.48020224	 0.11307598	 
1.14465446	 -1.35015243	 0.72620991	 
-2.31910879	 3.42660141	 1.13831818	 
-1.30013837	 -0.54939762	 -0.74594156	 
-0.05220179	 -0.39494712	 -0.21012609	 
-0.80942292	 0.23190159	 -1.57136893	 
0.38947071	 0.48710202	 0.03476379	 
-0.22060946	 -0.03544512	 0.07981954	 
-1.31825538	 0.72901976	 1.64399620	 
-1.17395522	 -0.22943380	 -0.49952389	 
-0.28824040	 -0.24871765	 -0.31718943	 
-0.24411651	 0.40788856	 0.03877898	 
-1.31071503	 -0.74890145	 -2.04707215	 
-0.11099701	 0.82404056	 0.37030651	 
0.31714112	 1.34854789	 0.46399971	 
0.48137007	 -0.14673516	 0.19312156	 
1.32238933	 -0.07725909	 -1.46230739	 
-1.00699437	 2.21541943	 -1.90065457	 
-0.21291419	 -0.02863869	 0.00654813	 
0.84045729	 -0.19460405	 0.33412270	 
0.32413259	 1.54270209	 -1.76690452	 
0.23976976	 -0.05750009	 0.86617113	 
1.35257665	 1.17072235	 1.94139257	 
-1.81106020	 1.90581276	 -0.46555086	 
1.46785611	 1.41796582	 -1.07995991	 
-1.68140172	 0.45122967	 -0.92322049	 
0.34681684	 0.25274936	 -0.67818721	 
-2.11149696	 1.66499358	 -0.88459709	 
0.35654178	 0.37448657	 0.13721513	 
-0.78260945	 -0.63289620	 0.17905212	 
-2.06490748	 -0.53797062	 -0.43149108	 
-1.98452389	 -0.64644655	 -0.00484462	 
0.48628201	 -0.15558216	 0.31455981	 
-0.54577124	 -0.69762502	 -0.76114541	 
0.27826305	 -1.12736244	 0.81961086	 
0.55006078	 -0.28016714	 -0.38915488	 
-1.87956952	 -1.99191774	 1.20277521	 
2.64808050	 -1.07281165	 -0.22136382	 
-0.35394106	 -0.16561724	 -0.18540252	 
0.62953729	 -0.16477196	 -0.30466216	 
-0.90369672	 0.66791039	 -0.33824966	 
1.15715298	 1.37756131	 0.37729166	 
-0.25005971	 0.68121767	 -1.25348676	 
-1.36639725	 -0.15826243	 -2.45752476	 
0.28755340	 -0.06456708	 0.68583194	 
-1.24151836	 -0.07407694	 0.41813241	 
0.21204220	 2.19903207	 -0.58801590	 
-0.63348723	 0.54604502	 2.65186004	 
-1.47644134	 0.05114494	 0.40159565	 
0.31060131	 -0.48525741	 -0.90327554	 
-0.83877292	 -0.52701542	 0.18237105	 
-0.03662555	 -0.68305492	 -0.06866345	 
-0.69800242	 0.89710341	 -1.05663649	 
0.98849956	 0.42234613	 -0.99976477	 
0.01271949	 0.68558527	 0.43756044	 
-2.95636379	 0.39450169	 1.33500507	 
-0.53276157	 1.09200880	 -1.36618340	 
-1.09751748	 -0.11543496	 0.04689396	 
0.24553659	 0.76789565	 -0.25817610	 
0.02457834	 -0.21918294	 0.29409751	 
0.80833102	 0.02685522	 -0.25638913	 
-0.60119196	 0.95537983	 0.49478552	 
0.94282550	 0.45187168	 -1.15392666	 
-0.07796932	 -1.04727888	 -0.41444150	 
0.34860314	 0.01024780	 0.79772352	 
-2.76398257	 1.07494908	 -1.20859799	 
-0.01204085	 -0.20152214	 0.22155718	 
0.08960913	 -0.74261651	 1.85586690	 
0.43629478	 0.78096565	 -0.48655151	 
0.25519950	 0.22498151	 -0.79001214	 
1.64185237	 1.15660891	 -1.42679911	 
-0.35456519	 0.53646240	 1.71098807	 
-0.99843411	 -0.89483227	 -0.74784575	 
1.23730578	 -0.56235050	 0.58309509	 
-0.67422221	 0.01343363	 -1.88986240	 
1.11856207	 -1.81446237	 -2.59450340	 
0.14832445	 -0.78021804	 -0.81711562	 
-0.47580357	 0.62441266	 -1.02781641	 
0.21725594	 0.00893165	 -0.68277634	 
0.51469018	 0.01200823	 0.21631615	 
-1.29594582	 0.84889476	 -0.72957328	 
0.28358178	 0.37112550	 -0.06869997	 
-0.67193552	 0.93615128	 0.60707320	 
1.72539233	 -1.48800492	 0.40840580	 
0.24145571	 -1.18895075	 1.76102150	 
0.19061330	 0.53371179	 -0.96175617	 
-0.96317438	 0.05197161	 0.13841721	 
0.55961625	 -0.71029106	 0.84902872	 
-0.76910357	 0.21979319	 1.11774354	 
2.05181012	 -0.69109375	 1.75802570	 
0.33473136	 -0.31835592	 0.26245630	 
1.83881264	 -0.25277205	 -0.95018992	 
-1.70572462	 -0.70167024	 0.43720800	 
0.13845241	 0.01213980	 -0.31872908	 
-0.35206860	 -0.08568935	 -0.04715788	 
-0.58608034	 -0.29782547	 -0.06029438	 
1.09869153	 0.62406146	 0.91841416	 
-1.43901142	 -1.12225969	 -3.39911583	 
0.24197274	 0.31404118	 -0.87436474	 
-0.02589165	 -0.51130253	 -0.23070273	 
0.31335563	 -0.00699612	 -0.84143234	 
-1.02160172	 -1.17399946	 -2.02968944	 
-0.10138078	 0.27810386	 0.61076598	 
2.38829257	 1.84603668	 0.34301778	 
3.35966060	 1.54944355	 -1.74115178	 
2.11347606	 1.91109670	 -0.35629718	 
-1.12791463	 -0.57479702	 -0.82178708	 
-0.21943464	 -0.00495318	 0.37593735	 
-0.73138776	 0.26815964	 -0.17159291	 
-1.31539412	 0.16620653	 0.76052303	 
2.26847526	 -0.51525284	 -0.31365307	 
2.92305189	 0.54890465	 0.78758810	 
0.96017165	 -0.09113983	 0.22537000	 
1.34829626	 0.53542437	 -0.49488001	 
0.36485541	 -0.78985452	 0.29688163	 
0.09581287	 0.18785872	 -0.07999279	 
1.38852265	 -0.78119282	 -1.07925345	 
-0.01428227	 0.16972844	 -0.49131693	 
-0.33486902	 -0.29968447	 -0.39363731	 
-0.25171072	 -0.09091586	 1.15651782	 
0.97486284	 0.57605793	 1.63745411	 
0.28522735	 1.37446673	 1.67231387	 
0.40054956	 -1.88904044	 1.46771213	 
1.80759215	 -0.14907349	 0.32659834	 
0.36806055	 -0.30034427	 -1.43005688	 
0.46471380	 0.61826138	 -0.39417838	 
0.97886638	 -0.14379443	 -0.88448735	 
0.13311820	 -0.03932334	 0.02791039	 
-1.88591787	 -1.55254838	 1.74114455	 
-0.73461224	 0.45725154	 -0.53385358	 
0.39129797	 -1.33944190	 -0.99332990	 
0.10186017	 -0.29506642	 -0.07857096	 
-0.02518546	 -0.15301128	 -1.03783142	 
0.22284266	 -0.01601333	 -0.94876998	 
1.08685541	 -0.64268138	 0.62337637	 
-0.26061254	 0.19402018	 -1.84969684	 
0.97471886	 0.24016144	 -1.26572486	 
0.84886465	 0.90751032	 1.02189659	 
-2.59125029	 1.74013007	 -0.39037682	 
0.22580487	 -0.03318056	 0.84611006	 
0.62362518	 0.98438584	 0.39866070	 
-0.39394337	 1.98977449	 -0.78328570	 
-0.15953882	 -0.41679337	 -0.58981852	 
0.53907294	 0.21345318	 -0.88906784	 
0.62804352	 0.72291073	 -1.08067534	 
1.68371675	 0.04930888	 -1.40739208	 
0.24349594	 0.91802218	 -0.60198790	 
-2.12071379	 -0.53167017	 0.23341822	 
0.38984864	 0.34341793	 -0.01213525	 
-1.32462621	 0.66403642	 -0.86665306	 
0.14789654	 0.39448661	 1.52517295	 
0.42190303	 -0.32673813	 0.16221389	 
-3.74451988	 -0.17074651	 1.56101107	 
1.58610248	 1.67614205	 1.47427293	 
-0.11877564	 -0.82447900	 -2.07820277	 
0.12552103	 -0.08165602	 0.66781820	 
0.45068064	 -0.79189201	 -0.78479580	 
-1.25484414	 -0.66116925	 0.49471399	 
0.08949430	 -1.03037849	 -0.29132674	 
-0.42825115	 -1.48707711	 0.35036031	 
-1.84961785	 -1.01185286	 1.91629828	 
-0.96015869	 0.19163558	 0.82139335	 
-1.52682621	 0.45245837	 -2.14740909	 
-0.99521529	 -3.45850702	 -1.18247573	 
-0.42591544	 0.26283463	 -0.16334504	 
0.68656446	 0.07948106	 -0.58477337	 
0.40444792	 0.46265704	 0.70413400	 
0.35744824	 -0.53256623	 -0.27614770	 
-0.27821331	 0.60511987	 1.60656676	 
0.79523895	 -0.50065014	 -0.58881176	 
0.19249333	 1.39587070	 0.47715933	 
0.10572880	 -0.50305929	 -0.04923595	 
2.35930483	 -0.20267767	 -1.95923055	 
0.29889425	 -0.11169986	 1.68071323	 
-1.12232357	 0.77818014	 -1.41929462	 
1.04720272	 1.76973754	 0.10872802	 
1.13873250	 0.65005590	 -0.40142709	 
0.46997618	 -1.51061371	 0.64673932	 
1.36394553	 0.84477118	 1.22386162	 
0.93915970	 -0.01042005	 0.46625676	 
-0.17931322	 -1.61274108	 -1.04802516	 
1.40351830	 1.82889844	 -0.05417356	 
-0.43630720	 0.38635540	 0.68048573	 
-1.70249694	 0.03839009	 -0.42174112	 
0.52109608	 -0.01392517	 -1.81346931	 
0.24066177	 -0.03833759	 0.25709909	 
-1.33734879	 0.36610075	 2.15376561	 
-0.58538139	 0.46043586	 0.22304474	 
-1.11224561	 -0.35721719	 1.64465415	 
1.47205416	 1.34552141	 -0.00815238	 
-0.14936292	 0.45667798	 -1.58436203	 
0.10003208	 -0.27129348	 0.11060288	 
1.87405711	 0.84040001	 0.57879355	 
-0.61583602	 -0.21884037	 0.53638733	 
-0.39549764	 -0.00381066	 -0.48801948	 
0.41286789	 -0.53393731	 0.50972991	 
0.78608579	 -0.97492388	 -0.82440575	 
0.35844432	 -0.31429481	 -0.24193376	 
-0.17413997	 1.11391414	 -0.28488427	 
-2.49856873	 0.42824124	 -0.77544514	 
0.02815721	 -0.09779045	 -0.01694167	 
0.10429606	 -1.48622771	 -0.26117794	 
1.12952558	 -2.55368741	 0.82717905	 
-2.00389840	 1.31710991	 0.22304246	 
1.15571376	 -0.06023397	 -0.16781909	 
0.41647851	 0.33427686	 -0.68056102	 
-0.18385543	 2.87583181	 -0.65509463	 
-1.47200298	 2.36122111	 -0.05579506	 
-0.64451181	 -0.14043058	 -0.70535423	 
0.06468848	 -0.76989091	 0.62581622	 
1.36413692	 1.02815140	 -0.51873876	 
0.33211198	 -0.19937868	 0.45791650	 
0.54244445	 -0.20122568	 -1.37560046	 
-0.70236217	 0.36185711	 0.98370841	 
0.57716743	 -0.49118370	 -0.42502925	 
0.06781019	 0.03038984	 -0.11024905	 
0.43505700	 0.02820089	 0.87007781	 
-1.83648690	 0.30085081	 3.13655723	 
-0.47677651	 1.34749866	 0.22534942	 
1.67440504	 -0.39716720	 0.23817130	 
0.79288407	 0.74421631	 0.29492593	 
-0.11504706	 0.00541231	 0.40886740	 
-0.32547730	 0.47818872	 0.52609923	 
0.21320091	 -1.09139472	 0.59781461	 
-1.73281308	 2.90852093	 -0.16405551	 
1.87802841	 0.16155966	 -0.50091362	 
0.26168217	 -1.54357687	 -1.17524328	 
-1.17331559	 -0.70528912	 -2.31342881	 
-0.14651694	 0.39247635	 -0.12976299	 
-0.19510767	 0.53946876	 -0.83369844	 
-0.71456742	 0.17515713	 0.67373684	 
0.85574961	 0.09413508	 -0.67002142	 
-0.20787708	 0.09196181	 0.29465652	 
-0.84806064	 1.17683628	 -0.65026778	 
-0.27800656	 -0.04191615	 0.44622001	 
0.50214094	 0.72077623	 -0.20058518	 
-0.42512447	 0.65193710	 0.53980469	 
0.21402418	 0.44255033	 -0.33816197	 
0.16806478	 -0.93577278	 0.49707629	 
-1.89983197	 0.26160385	 -0.33071601	 
0.72911287	 0.12206832	 -1.18069553	 
0.61954542	 -0.69761695	 0.26961056	 
-1.37851553	 -2.13548545	 -0.32002000	 
1.39723279	 1.67548865	 0.16541543	 
0.17425978	 0.27875499	 -0.16708450	 
0.17659040	 0.69981595	 -0.26978864	 
-0.41103935	 -0.57446985	 0.52029080	 
0.19401654	 1.12658432	 -1.24455782	 
0.84604878	 -0.73945961	 0.19054364	 
0.49064550	 -0.56148242	 0.23033732	 
0.28513120	 -0.82540151	 1.44384303	 
1.19508939	 1.23863490	 2.90821463	 
0.29410476	 -0.40984140	 1.46041930	 
0.41632497	 0.08439646	 0.26841452	 
-0.19492146	 -0.96192285	 1.24513168	 
-0.74686780	 1.09730841	 -0.44931961	 
-1.12709520	 -0.06107330	 -0.62605494	 
-0.74239315	 2.28489844	 1.06599451	 
-0.32459106	 0.30798872	 1.16846558	 
-0.53998000	 1.34782490	 -0.54206825	 
-0.08157211	 2.37032611	 -1.00020033	 
-0.62045582	 0.47298285	 0.10306723	 
-0.69943021	 -0.42351263	 -0.38351156	 
-0.88819378	 1.31340164	 -3.12530371	 
-0.73983415	 0.05041720	 0.39396504	 
1.70185569	 0.33965670	 -0.33011877	 
-1.17030004	 1.61994196	 -2.33236537	 
-2.40636564	 0.91377894	 -3.56065781	 
-0.00935484	 -0.36780250	 -0.52466125	 
-1.15287495	 -0.18320844	 0.08340890	 
-3.26967658	 0.48431019	 1.70255501	 
0.07921873	 4.85795945	 -3.87040165	 
-0.48235535	 -0.16296963	 0.49626295	 
-0.12325679	 0.30414126	 -0.33733816	 
0.75593574	 1.77306324	 -1.04830935	 
-3.48935160	 -0.16602123	 0.99438490	 
0.24355952	 0.73633564	 -1.12976017	 
-0.58563959	 0.33223366	 -0.34559172	 
-0.01348918	 0.77077720	 1.17680899	 
-0.56996342	 2.05392094	 1.22578974	 
0.65221764	 -1.00247681	 -0.08808635	 
-1.29043700	 0.05765910	 -0.10525882	 
-0.35955620	 -1.80889329	 -1.14219913	 
-1.63228006	 -0.84552941	 0.89036712	 
0.04401251	 2.87725735	 -1.36372835	 
-0.36155851	 -1.82595763	 0.44360413	 
1.00065671	 -1.32219007	 1.35352989	 
0.13914947	 0.38770385	 -0.38308375	 
-0.21022393	 -1.18650438	 -0.49926079	 
0.95907124	 -0.08564895	 -0.10271738	 
-0.63011989	 0.04893329	 -1.61271646	 
-0.43970441	 0.11530967	 0.28010464	 
-1.23126057	 -0.37906662	 0.99779797	 
-0.28455507	 0.85284457	 -1.36779091	 
-1.59930586	 0.22886410	 -1.06245063	 
0.85809153	 0.02314044	 -1.74868509	 
1.40256060	 0.39725103	 0.80496165	 
-1.08771005	 1.29940405	 -0.44634013	 
-0.49395874	 0.04149328	 1.10088602	 
0.94682595	 -0.33747763	 -0.27130121	 
-0.58668317	 0.34507714	 -0.59985195	 
0.02230010	 0.39662988	 -0.75811816	 
-1.33351497	 -2.27273165	 1.02722922	 
0.06602753	 0.23926001	 0.11345705	 
-0.01624802	 2.10707194	 -0.44456908	 
1.70744398	 -0.07792569	 0.37484322	 
0.52145690	 0.79607327	 0.44170562	 
-1.70585782	 -0.98951234	 -1.30266940	 
-0.48605420	 1.89557146	 -1.11672992	 
-0.18375323	 -0.41679799	 1.41607932	 
-0.41459141	 -0.04818599	 -0.19042463	 
0.43207958	 0.86895114	 -0.53184123	 
-1.56152733	 1.10818439	 -1.19235296	 
-0.13834233	 -0.48422891	 -0.74076932	 
-0.73678115	 -2.10043852	 0.08611798	 
-0.25400021	 0.92505453	 -1.84858417	 
-1.22861562	 0.29748833	 -1.28737738	 
-0.55758891	 -1.10453591	 -1.25604195	 
0.82508736	 0.07805194	 -2.47916561	 
0.90372050	 -0.30969227	 0.21042920	 
-2.26797376	 0.26731605	 1.27525062	 
0.77488549	 -0.02628482	 -0.02135868	 
0.46744094	 0.38164172	 -0.28077858	 
-0.40827269	 0.47032940	 -0.36314955	 
-0.94494871	 -0.77406298	 -1.75550584	 
-0.51952602	 -0.56229977	 -0.02701012	 
-0.84564287	 -0.09603989	 2.01798579	 
-1.20857434	 -0.23885802	 -0.55238992	 
0.08868622	 -1.26637310	 -1.50896446	 
0.08672512	 -0.44902798	 -0.18973896	 
-0.56640328	 0.01850408	 -1.20300000	 
0.41958426	 0.90308817	 1.31295936	 
-0.38144720	 -1.92054528	 -0.10303788	 
0.02153271	 -0.10083640	 -0.35437443	 
-0.58629651	 -0.36740782	 0.77437232	 
-2.49722534	 -0.03787258	 0.68757740	 
-2.11423002	 3.03047670	 0.37257750	 
1.40823301	 -0.59972822	 0.10311692	 
-0.88329249	 -0.51318272	 -0.42331816	 
0.94504068	 -1.15829219	 -0.52511447	 
1.07969091	 1.47796906	 -0.22815848	 
0.35387812	 0.30531376	 -0.33245617	 
0.13366885	 -0.16865007	 -0.34010335	 
-0.40049268	 1.62886841	 0.68917558	 
-1.69796974	 -1.79191837	 1.48119509	 
-0.28694008	 0.55874593	 -0.30063128	 
1.26908480	 0.94555839	 -0.58656081	 
0.40495404	 0.22952647	 0.49121804	 
0.91371348	 -0.61385239	 1.02868668	 
-0.37065744	 -0.57276189	 -1.02793570	 
-0.00486750	 -1.02818737	 -0.91670787	 
0.01178023	 -0.67526155	 -1.10577066	 
-0.53668720	 -1.35684300	 1.14860100	 
0.94665530	 0.66823249	 -0.09884242	 
-0.32063989	 0.82326149	 -0.89569647	 
1.27461431	 0.49845173	 -1.01245283	 
0.36607412	 -0.30600895	 0.85641268	 
-0.57301189	 1.46947060	 -0.74232974	 
-1.22322771	 -0.68072254	 0.47119015	 
-1.43400015	 -1.56220802	 -0.42096600	 
-0.61328082	 -0.11527249	 -1.23348367	 
0.24418583	 0.55223878	 0.14912507	 
-1.43861967	 0.20968641	 -0.80883287	 
-0.83964618	 -0.97157491	 1.21928278	 
-0.04034283	 0.65384702	 -0.16699911	 
1.01124605	 0.63842105	 -1.47762257	 
-0.74261239	 0.74282535	 -0.62968598	 
-0.15272922	 -1.33260231	 0.02912006	 
-0.02104324	 1.26061006	 -0.82463417	 
-2.98578705	 -3.56021125	 0.15755769	 
1.13896138	 -0.56455387	 -0.39798754	 
-0.14537730	 1.86953516	 -1.48553973	 
-0.73865872	 0.08782860	 0.50713047	 
1.27620823	 -2.62184829	 3.17262798	 
0.75061292	 0.25583791	 -0.49283709	 
-0.89812578	 -1.90182434	 0.35592850	 
-1.09036236	 -1.36467925	 0.90106032	 
-2.50865462	 -0.55967647	 0.33251771	 
0.19166729	 0.59452961	 -1.06638216	 
0.20706157	 -1.13403884	 1.60861104	 
-0.45569142	 1.53664731	 -0.09895214	 
0.98960209	 -2.12122629	 0.05952157	 
1.17087006	 -0.40676529	 0.25871395	 
0.41063281	 1.16866138	 -1.68798389	 
0.47632021	 0.09083513	 -2.40970067	 
-0.14870556	 0.82660806	 0.44651194	 
0.87885792	 1.68345695	 -2.55494506	 
-3.10477514	 -0.99099010	 0.90226392	 
-0.27095348	 1.73975715	 -2.01825067	 
-0.66282344	 0.04734022	 1.75625032	 
0.28913618	 0.23094934	 1.40636986	 
0.26883352	 -0.33629824	 0.81430393	 
-1.29868823	 0.14308142	 -0.25094294	 
-0.47920592	 -0.16312011	 0.92687478	 
-1.58734330	 -0.50343757	 0.06396850	 
-0.35865245	 -0.59508619	 0.83691331	 
-0.50500041	 -0.22709964	 -0.04936461	 
-2.07684746	 -1.17175100	 0.51655340	 
0.48905789	 0.28516754	 -1.36788129	 
0.74961230	 0.40328895	 -0.34533524	 
-0.18730780	 -0.43460752	 -0.97847664	 
-0.04428083	 1.20541969	 -0.69703517	 
-0.77822160	 0.05602026	 2.35062660	 
0.39005577	 1.50452138	 -0.14180332	 
0.07813517	 0.15465094	 -0.53210468	 
0.36612856	 -0.43004721	 -0.41602349	 
-1.02713559	 0.20949954	 -1.73240169	 
0.53566278	 -0.50287273	 0.11550164	 
-0.12187267	 0.32764878	 -0.43211402	 
-1.12070387	 -0.23814140	 2.86614398	 
0.03374993	 -0.09298914	 -0.16554825	 
0.16575180	 0.02548692	 0.28750521	 
-0.25766034	 -0.65696975	 -1.22622693	 
-1.52260053	 -0.67769852	 -0.62422434	 
-1.45727641	 -0.27418354	 -0.67995133	 
0.69153562	 1.39404213	 0.47299639	 
0.29432794	 1.08062759	 0.43896960	 
0.44873621	 -0.30093408	 -2.56439787	 
-0.78777642	 -0.12383826	 -1.27416560	 
-0.14385229	 0.16694953	 -0.75170499	 
-0.21705823	 -0.96211064	 0.32166156	 
-0.18238271	 0.78119999	 0.79384673	 
-1.18090267	 0.73374976	 0.35183993	 
1.36378613	 -0.55821375	 -0.21147735	 
1.12754353	 0.20756141	 0.31415675	 
-2.45011313	 0.29785423	 -0.51028389	 
1.20162593	 0.93770312	 -0.26950030	 
0.24296133	 -1.67796562	 -0.03660570	 
-0.42584918	 0.84422074	 0.40776259	 
-1.06443813	 0.21330664	 -0.21783489	 
1.63482394	 -0.52946991	 -0.38047392	 
0.21173749	 0.14017586	 -0.03346292	 
-0.71282602	 1.17689237	 -1.63693006	 
-2.01640808	 -1.05839709	 1.45557702	 
0.67750629	 0.52548874	 2.84358193	 
0.54820121	 0.59462612	 0.59278538	 
3.11669488	 0.29536069	 0.89694043	 
-1.25763006	 0.96043376	 0.98766253	 
-0.24832567	 0.60080178	 -0.29661175	 
0.40877899	 -0.55421445	 -0.97261587	 
0.76615583	 -2.79520465	 -1.50983536	 
-1.36569870	 -1.23684454	 -0.60732745	 
1.11628845	 1.01381563	 1.61640363	 
-1.04933307	 0.28609875	 1.33664391	 
-0.76740348	 0.02857560	 0.09288471	 
-0.21591668	 0.11981978	 0.80664557	 
-0.75695973	 -0.38835583	 -0.63922862	 
0.69687926	 0.90572001	 -1.34772910	 
-0.39825558	 -0.16272192	 1.29193580	 
1.23185930	 0.77686300	 1.73847990	 
0.19054277	 1.31386563	 0.29672818	 
0.79380508	 1.68787597	 -2.00349980	 
-1.86385197	 0.47352057	 1.98745264	 
-0.19146618	 -0.09316842	 0.04372934	 
1.64218844	 1.04803971	 -2.44826510	 
1.79450722	 -1.84108688	 0.60217088	 
-0.64333188	 -1.40441397	 -1.21075410	 
-0.44437473	 -0.83879862	 -0.49457577	 
1.56887272	 0.67683502	 -0.38849388	 
0.04895792	 -0.74399450	 0.13180868	 
2.84757915	 0.41020800	 0.12752937	 
-0.50618456	 -1.82877933	 -1.21316913	 
0.64044217	 -1.80329121	 2.03343972	 
-0.47262658	 0.49072488	 0.35274442	 
-0.04838082	 -0.98050052	 0.80278254	 
-0.25759336	 0.29489090	 0.76192183	 
0.17076595	 0.69720137	 -0.58384465	 
0.33413409	 -0.16959288	 -1.59910617	 
-0.52246610	 -0.78692551	 1.26605510	 
2.29548415	 -0.35453291	 -3.08544776	 
-0.24246710	 -0.24886495	 0.49868977	 
0.15495455	 -0.03183192	 0.64950747	 
-0.68141458	 -1.29970701	 0.06552844	 
-0.12472969	 1.41033879	 1.10751717	 
-0.33240841	 1.55008767	 1.76599727	 
1.67592382	 -0.60182657	 0.65655815	 
0.82695900	 0.29180530	 -0.37236604	 
0.56728747	 0.86849456	 0.91717956	 
-0.08030922	 0.78645244	 0.28343706	 
0.14716055	 -0.90938488	 1.00969121	 
-0.22819396	 -0.69630767	 -0.66999707	 
0.59028009	 -0.00954409	 0.28477581	 
0.17190676	 0.35649967	 1.12867199	 
-0.12171099	 0.19986259	 -0.18734850	 
-0.34917544	 1.24023460	 -1.00101235	 
-1.12052763	 0.72047927	 -0.14587834	 
-0.95029870	 -1.32352381	 0.89026060	 
-0.49851723	 0.90439224	 -0.26410594	 
-0.04253980	 0.44556074	 0.13404577	 
-0.06936471	 -0.73738420	 -0.06610064	 
-0.35463777	 -0.56674888	 0.01738043	 
0.20445802	 -0.63453153	 1.09047532	 
-2.00631440	 -0.07343344	 0.25274463	 
1.91860088	 -1.08236102	 0.18924980	 
0.72299738	 -0.34695034	 -0.91070326	 
0.39413492	 0.19489269	 0.18144778	 
0.41479158	 -1.04678209	 0.17193374	 
0.36981459	 0.11181748	 -0.54763152	 
0.68209935	 -1.67004755	 1.98378883	 
-0.58132672	 0.30839649	 0.16867284	 
0.00655930	 -1.53298729	 -0.08943983	 
0.46209707	 -0.36550744	 -0.48694005	 
-0.15772372	 0.28785636	 0.71394600	 
0.75289766	 -0.21337194	 -1.30553660	 
0.92329571	 -0.52525309	 -0.12590431	 
0.07112555	 0.19672388	 -0.56425852	 
-0.16252543	 -0.21160614	 -0.33377532	 
1.91248119	 1.62604703	 0.59667825	 
-0.39430129	 -0.79652381	 -0.29861763	 
1.38712557	 -1.35851078	 2.67551818	 
1.09886349	 -0.41872150	 1.43503525	 
0.67281934	 0.30376109	 -0.18373873	 
0.74101825	 -1.25090119	 0.71581218	 
-0.30784143	 0.33754900	 1.50834956	 
1.26837581	 -0.82559118	 1.02627520	 
0.42332466	 2.07840785	 -1.46559490	 
0.66948084	 0.46427874	 0.45472106	 
0.59191489	 -0.68549733	 0.37388010	 
1.95959306	 0.17298485	 -1.38464519	 
-2.05815595	 0.84312272	 1.08775921	 
1.43197619	 0.60381399	 -1.54021161	 
-0.07078205	 -0.64875121	 0.17476280	 
-0.17117787	 1.56334261	 0.23461224	 
0.95917805	 -0.29826902	 0.19496811	 
0.37901415	 0.26775456	 -0.23367962	 
0.82681375	 0.51218540	 2.53314953	 
0.61623741	 0.11840517	 -0.28915028	 
1.04149289	 1.21378493	 0.15387821	 
-1.35506943	 -0.49296831	 -1.78326576	 
-0.30631741	 0.06040018	 0.49369451	 
0.90762420	 -0.66235101	 0.00586791	 
3.11365879	 -0.80896157	 1.79621437	 
1.44599173	 -0.43732284	 0.71610675	 
-2.83531558	 -0.17184912	 -2.05133828	 
0.17533249	 -1.26866298	 -0.40939598	 
-0.40428909	 0.19545942	 0.56587020	 
-0.21923585	 -0.27734103	 -1.50344869	 
0.59195453	 -0.19246871	 -0.36671114	 
0.49625170	 1.01815253	 -1.23280060	 
-0.29940500	 -0.32858341	 -0.00426449	 
-0.16154874	 0.03406641	 0.48006493	 
2.17007222	 -0.41450463	 -0.08652402	 
-0.18106217	 -1.73813545	 -1.38958833	 
0.03576757	 1.17720337	 -0.27477353	 
-0.46117444	 -0.25089757	 0.17190911	 
0.63367495	 1.98505759	 -0.19718421	 
0.35909101	 -1.15432853	 1.88742065	 
2.74625847	 -1.98879456	 -4.65441447	 
-1.00330182	 -0.44970463	 0.72434819	 
-1.00182289	 -1.48789725	 1.21498943	 
0.54519544	 0.59974070	 0.77389958	 
-0.11152423	 -0.54463612	 1.50581089	 
1.71235902	 1.88488634	 1.13893668	 
-0.09586109	 0.10736162	 0.06662906	 
-0.20318666	 -2.89152349	 -0.69331811	 
1.01276659	 -1.09643837	 0.01344299	 
-0.25706461	 0.36874832	 -0.46867902	 
-1.24059724	 0.62821374	 0.57004642	 
1.30140184	 -0.42827445	 -0.58168022	 
0.64421955	 -0.50587735	 0.31028309	 
-1.51802340	 -0.62805853	 -0.59005880	 
-0.26148636	 1.07716399	 0.32785724	 
-0.31185422	 0.04398439	 -0.16970133	 
2.18920775	 2.44276826	 0.32936268	 
-0.56204983	 -0.62678200	 -0.11806339	 
-0.47298132	 0.88821557	 -0.69328367	 
4.48271785	 -1.46788891	 0.01803180	 
0.55263276	 -0.85057438	 -0.41340511	 
-0.84796335	 0.54605177	 0.17000633	 
1.47788329	 2.85082910	 0.37561431	 
1.53792828	 0.22386093	 0.37013071	 
-0.28978135	 0.84306800	 0.17343445	 
0.26176976	 0.18918335	 0.81614901	 
-0.02477571	 0.25896206	 1.04238411	 
-0.44628406	 0.10291429	 -1.43314659	 
0.47651856	 -0.14215247	 -0.95197042	 
-0.12803921	 -0.74950605	 -0.97969838	 
2.04573874	 -1.23333635	 -0.47726624	 
1.01797998	 0.13150307	 1.09680956	 
-0.88685300	 0.36702724	 -0.03674489	 
0.03484819	 0.83279082	 -1.33992240	 
-0.07041787	 -0.49645082	 0.59172061	 
0.46861709	 0.36058478	 1.53604576	 
-1.34371630	 -0.54598058	 -0.18697559	 
0.93126315	 0.34473635	 -1.16426190	 
-0.07122540	 -0.35963867	 -1.87953118	 
-0.85252576	 -1.05744698	 0.85244891	 
1.22649254	 2.14366370	 1.28434663	 
-1.13592132	 0.45814636	 0.81163533	 
-1.15285232	 1.07120004	 0.01608153	 
1.32612409	 -1.43327764	 -1.02819139	 
1.53032023	 1.16503786	 -2.65533602	 
0.13384766	 -0.82338603	 -1.03759237	 
-0.09383833	 -2.01329201	 -1.43329830	 
-0.03768691	 -0.00580323	 -0.16781893	 
1.16125118	 -1.58905717	 0.32732160	 
-1.24985959	 -0.48483908	 -0.92455010	 
-0.35334001	 1.01328418	 0.45572090	 
-0.12829032	 -0.10768157	 -0.27919056	 
1.34549775	 -0.69080795	 0.72207177	 
1.12247324	 -3.31648945	 4.40045731	 
-0.12340397	 0.39487855	 -0.90827292	 
0.54194708	 -1.46391704	 -0.64037444	 
0.72157231	 -0.67166803	 -0.22393150	 
0.24431771	 0.25026821	 -0.16690641	 
-0.12235410	 -0.20103357	 0.54191553	 
-1.69968969	 -0.83855159	 0.47794807	 
0.43492777	 1.13160645	 -0.23785923	 
-0.42454552	 -1.58326368	 -0.65252324	 
0.68235604	 -0.12623536	 -0.19659849	 
-0.65795253	 -0.02815687	 0.36389044	 
0.17993096	 -1.29257224	 0.38559356	 
-0.27196789	 -0.70502252	 0.73354620	 
-0.00748191	 0.61489005	 0.82185044	 
-0.70685224	 -0.69476752	 1.93817918	 
-1.20122352	 -0.80119074	 0.79980718	 
1.39114461	 -0.30843349	 -0.78814481	 
-1.02824036	 -0.10128609	 -0.39781027	 
0.34239623	 -0.40620721	 0.04657969	 
0.27594625	 -0.15098843	 0.57286020	 
-1.62172684	 0.55897298	 0.26516292	 
0.50231936	 1.06519454	 -2.03739658	 
0.20593798	 0.33393636	 -1.56918601	 
-0.72823938	 0.26876968	 1.00115073	 
-0.66214317	 2.36024126	 0.79428605	 
-0.38587685	 -0.29850658	 -0.35003040	 
-2.64709535	 0.39346933	 1.10364690	 
-0.01916972	 0.19596055	 -0.24317275	 
-1.13708466	 -3.06494534	 0.51695150	 
-1.03613849	 1.37542941	 -1.19669680	 
0.19927599	 0.23720938	 0.00952296	 
-1.49235386	 -0.16704864	 -0.50675956	 
5.47797773	 3.92253021	 0.40420053	 
1.96836519	 0.91064702	 0.55487048	 
0.89805944	 1.81458007	 1.15911486	 
0.50018495	 -1.32352448	 -0.54843425	 
-2.56452469	 1.05126795	 1.08974619	 
-1.06116331	 -0.84254818	 0.15071567	 
-0.10021340	 -0.03253032	 0.14198835	 
-0.47251198	 -0.12659407	 0.09705135	 
0.66902714	 0.40476023	 1.12861245	 
0.01491715	 0.91943507	 0.06626176	 
0.00577893	 0.98752076	 1.01443243	 
0.16694304	 -0.21597024	 0.75665156	 
0.76346438	 -0.31072553	 -0.25258459	 
-0.75158365	 -0.50069364	 -0.18443522	 
-0.79734533	 -1.63621357	 0.64900162	 
-0.11505034	 1.75974805	 -0.66154896	 
0.46678540	 0.26004020	 -0.57607371	 
1.02033362	 0.67042817	 -0.03692664	 
0.01925854	 0.64643399	 -0.52150687	 
-0.16481918	 -0.65101011	 -0.03535460	 
-0.86126322	 -0.16167794	 0.25807514	 
2.34983669	 -0.17119439	 -0.58941728	 
-0.35996216	 1.37885239	 0.72724108	 
-0.56151896	 1.06246086	 -1.58333852	 
-0.29556551	 -0.57884328	 0.89609100	 
-0.65468011	 -0.10589956	 -0.15854419	 
-0.08217351	 -0.28791127	 -1.19273786	 
-0.62923724	 0.92273583	 0.48507298	 
1.11764420	 0.04795328	 1.25604046	 
1.35337051	 0.20986161	 -0.64192038	 
-1.05664467	 -1.32473250	 -1.09963800	 
-0.25339096	 -0.16595997	 -0.18486487	 
0.18215708	 -0.29310941	 0.56865155	 
1.00478439	 -2.82424960	 0.05644961	 
-0.24947711	 0.79466855	 -0.88351471	 
0.83734565	 0.27542429	 4.59323997	 
-0.64719010	 -0.13191461	 -0.97959509	 
-0.59549446	 -0.46034981	 -0.69185331	 
0.13977023	 0.06434606	 -0.45374293	 
-0.32530926	 1.10752286	 -0.75500805	 
-0.84603734	 -1.22366325	 -2.03556204	 
0.55463838	 0.53079356	 0.39718238	 
0.49010121	 -0.35803126	 1.24049497	 
0.87407916	 0.29564190	 0.74484650	 
-0.20106419	 0.38509306	 0.71622753	 
-0.45244412	 -0.35260837	 0.27405382	 
-1.29429844	 -1.23618593	 -0.00907262	 
0.24768432	 1.04251063	 0.06782032	 
0.00582857	 0.11025477	 0.38461634	 
0.12625672	 -2.32712064	 1.08898311	 
2.12208807	 -0.99145216	 -0.73548112	 
-0.16551053	 0.38857888	 -1.55442016	 
-0.49870479	 0.80488319	 1.23940994	 
1.13354261	 -0.26303904	 0.08650895	 
0.49695353	 0.64459947	 -0.39876478	 
-0.17273428	 -0.64290723	 0.44750883	 
1.12105542	 -0.20251025	 0.48552349	 
0.28754085	 0.75946945	 -1.19535349	 
0.58632979	 0.96736320	 -1.61365274	 
-0.17466390	 -1.58679593	 -0.64154084	 
0.16993270	 -0.75376498	 1.23541521	 
2.16602077	 -0.48017918	 -0.97729412	 
-0.30551054	 0.54692335	 -0.70318325	 
-1.65356836	 0.35896610	 0.11505255	 
-1.02011036	 1.04852052	 0.90157111	 
0.03341964	 1.57222735	 1.12276070	 
-0.32036170	 -0.15321571	 -0.16972421	 
-1.59105512	 0.02340114	 0.71874142	 
-0.32269246	 0.70375284	 -0.16365889	 
1.86615828	 -1.00089852	 -0.22209498	 
1.25298805	 0.28030332	 -0.68888519	 
0.39599139	 0.10733211	 -1.49030153	 
-0.61456619	 -0.32982797	 -0.21856838	 
0.57885421	 0.80334347	 1.94277098	 
-0.05281881	 1.31864069	 -0.91891818	 
-0.77757027	 -2.17410958	 -1.05732969	 
2.70114899	 0.68232604	 0.75177500	 
-0.49836553	 0.05521389	 1.36487457	 
0.12527784	 0.30656539	 0.01241729	 
-0.76172398	 1.00353906	 -1.04930329	 
-1.44510897	 -0.14141188	 -0.61804076	 
-1.31042965	 -2.89935488	 1.06050580	 
-0.43715748	 -1.20302210	 -0.91632710	 
1.03537458	 -0.40288435	 -1.24200020	 
-0.67915739	 -0.40559618	 0.18426157	 
-0.99079925	 0.52719400	 -0.20691659	 
0.40925854	 1.07292060	 0.86842997	 
0.71925695	 -0.79665164	 0.19024179	 
-0.29295428	 -1.88022879	 1.24716095	 
-0.19065496	 -0.61129063	 -0.18771665	 
0.50079174	 -0.57342104	 -2.20905406	 
-0.61270053	 1.14210928	 0.89332774	 
0.57683117	 0.02802108	 -1.01764802	 
0.46333842	 -2.65465901	 -0.86249245	 
-0.06511992	 0.55976891	 0.12910593	 
0.29261544	 -0.84782380	 -0.11803455	 
0.82332462	 0.52240313	 0.30715729	 
0.63544534	 0.02873300	 1.37917831	 
-0.20327837	 -1.14734788	 -0.18142070	 
-0.78400828	 -0.70011288	 -0.83191461	 
0.20461915	 2.03019451	 -0.37741773	 
-0.67473137	 -2.21010001	 0.80824625	 
0.90127598	 0.79563281	 1.31232985	 
-3.39064801	 2.54462972	 0.75402025	 
-0.03203064	 0.39981409	 -0.76449336	 
0.37163000	 -1.01957798	 -0.10755564	 
0.25022256	 -0.62183396	 1.23789815	 
0.34101039	 1.23325627	 1.53364111	 
1.37396638	 0.55315251	 -0.19540905	 
-0.21641858	 -0.02387919	 -0.22943463	 
0.61842227	 -1.12534088	 -0.58550074	 
-1.09989143	 -1.94843423	 0.36365314	 
0.05699226	 -0.80125900	 -0.66139646	 
-1.06955467	 -0.06985309	 -1.32770930	 
1.06720600	 1.50370564	 -0.03340327	 
-0.52948287	 -1.38732609	 -0.00273127	 
-0.42748099	 0.38774364	 -0.08531740	 
0.12029288	 -0.32877534	 -0.52328438	 
1.64094888	 2.27526580	 -1.65325792	 
-1.79682258	 -0.19777911	 0.56800279	 
-1.47597497	 0.45678046	 -0.57197416	 
-0.05896543	 0.42631513	 0.95759985	 
1.22881936	 0.77053094	 -1.84866995	 
0.02828905	 -0.06797451	 -0.55813346	 
0.45039502	 -0.50112518	 -0.25886909	 
0.31846653	 1.20739250	 -0.08922070	 
-0.00097029	 0.50200600	 0.21411873	 
-0.16158753	 0.57760802	 -0.64165678	 
-0.77737240	 -1.17853785	 0.30256294	 
-0.23598219	 0.75031917	 0.59706163	 
0.54434374	 0.44481173	 0.28811882	 
-0.51933298	 -0.86909603	 -2.19371364	 
-0.22170663	 -0.00284840	 -0.10110913	 
-1.86512504	 -1.80309271	 0.02271500	 
1.27798214	 -1.64810874	 0.45997238	 
-1.78449206	 1.22208261	 1.25355097	 
1.99655558	 -0.89200308	 -0.11262269	 
-0.38347233	 0.54927559	 0.02882298	 
1.70213353	 0.19734062	 0.72940853	 
1.80606168	 -1.87659602	 -2.02442310	 
-0.65079152	 0.27050089	 0.66245724	 
0.31698595	 1.65942844	 -3.05245396	 
1.03317538	 -0.43542780	 -2.17256793	 
0.03640365	 -0.01095706	 0.35682290	 
-0.08175034	 0.98365020	 1.54428660	 
0.91432989	 -1.08926786	 -0.22694039	 
-1.03222791	 -0.85278044	 0.87457236	 
0.46865218	 -0.80370017	 -0.45118287	 
-0.36824372	 -1.20097729	 -1.05669901	 
1.70270257	 -0.47538985	 1.45898263	 
-0.20641446	 0.28858407	 -0.28560439	 
-1.50745507	 0.81265065	 -0.53476103	 
0.63242952	 -0.07117916	 -0.21444415	 
0.62891722	 -0.45265735	 0.91830907	 
1.01797883	 0.55372171	 0.83312047	 
0.48398727	 0.32726590	 0.28210289	 
-1.15573667	 -0.25830689	 1.29639998	 
0.08537870	 1.41357518	 0.65311071	 
0.06853692	 -0.43805841	 -0.54950552	 
-0.49280937	 -1.88809256	 1.32878949	 
1.00361625	 -0.38443256	 -2.20976455	 
-0.39637543	 0.11130508	 -1.36887967	 
1.22738766	 -1.59836421	 0.36468068	 
-0.30142229	 -0.16044203	 -1.73948566	 
-1.06887888	 -0.19404449	 1.15555600	 
-0.47527692	 -0.46571533	 -1.00406272	 
-1.92765000	 -0.81412456	 0.17804365	 
-0.23995150	 -0.22211203	 0.30026953	 
1.47785467	 0.57723324	 0.31838103	 
-0.03008921	 0.42118266	 0.14360909	 
-0.63249719	 0.65932701	 0.63808531	 
-1.59436780	 -0.25300773	 0.01911052	 
-0.50070033	 -0.12677645	 0.37290937	 
-0.55794535	 -0.69232730	 0.12577766	 
-0.42207321	 -0.43917367	 1.42881791	 
-0.20715479	 -0.61502602	 -0.67955039	 
0.26641125	 -0.60199823	 -2.09256855	 
0.01521328	 -1.05527487	 -1.05950546	 
0.78026503	 1.63959645	 -1.13589187	 
0.20759720	 -0.08995321	 0.25032707	 
0.05962546	 0.91730366	 0.30078037	 
0.09619485	 0.77848679	 1.25305508	 
0.63837743	 -1.48211432	 0.48226221	 
-0.46241932	 -0.23952279	 1.79946088	 
0.36713633	 -1.23264070	 -1.86436916	 
-1.71350978	 -3.57511092	 -1.59476616	 
0.56379624	 0.90185572	 0.43260691	 
1.53694982	 0.17515254	 0.35029749	 
0.42594178	 -0.36135287	 -1.74202012	 
-0.08199692	 -1.02421623	 0.26913993	 
-1.42330145	 0.98107142	 1.12713165	 
0.88011142	 -1.29549207	 1.26724388	 
-0.24989155	 -0.58309059	 -0.67767088	 
-1.26359188	 0.16240552	 -0.62723683	 
-0.33393806	 -0.36932595	 -0.07017233	 
0.18596840	 1.10325697	 -0.19402733	 
0.28799647	 -0.37040568	 -1.01881839	 
-1.08219904	 0.43734186	 -0.18622435	 
-0.51077163	 0.35405357	 0.37466119	 
-0.85495895	 -0.22636557	 1.07136071	 
0.32609144	 0.85484085	 0.11876803	 
1.09598942	 -0.72758494	 0.50636700	 
0.01999855	 -0.95569235	 1.36331412	 
-0.00407810	 -0.66656736	 0.43198801	 
1.26225283	 -1.80228993	 -0.12040312	 
1.05375419	 1.93813456	 -2.23226543	 
0.03366325	 -0.34593189	 -0.33705201	 
1.24842954	 -1.34065654	 -0.29082444	 
-0.01357429	 -0.53413249	 0.33751992	 
0.65001951	 -0.51060203	 0.72678557	 
0.17845776	 -0.10083677	 1.14495048	 
0.05876834	 1.60499875	 -0.63058647	 
0.36518717	 0.54386866	 -0.52587773	 
0.36200005	 -1.19753536	 -1.89391811	 
0.44205149	 0.23177363	 -1.36424213	 
0.24596381	 0.52023194	 0.91583753	 
0.17917231	 1.20428745	 -0.20046201	 
1.36066317	 0.76526425	 -0.83258137	 
0.58826509	 -0.22106064	 -0.15414964	 
-1.89666555	 0.77177386	 0.82633528	 
1.17617475	 -0.02709952	 -0.93089437	 
-1.56330078	 -4.60999555	 -2.59022866	 
0.16211459	 -0.46439542	 0.32467451	 
1.03346502	 0.48619756	 0.78709548	 
-0.30188196	 -1.48848470	 0.50055292	 
-0.50289609	 0.55034355	 -0.90292283	 
0.66504362	 -0.74662934	 -0.79015946	 
-0.04563878	 1.04013382	 -0.53744746	 
0.55058374	 -0.23234087	 2.18734869	 
0.14588470	 -0.19598425	 0.66965645	 
1.06836387	 0.06766838	 0.65446142	 
0.13857981	 0.04320279	 0.30804282	 
-0.15588887	 -0.75812234	 0.95180254	 
-0.61355871	 0.16375113	 0.49914256	 
0.80019305	 -2.50354377	 2.64107738	 
-0.50961932	 1.55410662	 -0.88781464	 
0.18148988	 0.60440413	 -0.85789854	 
2.14036637	 1.18582683	 -1.38534477	 
-0.45875586	 0.53662316	 -0.54872530	 
-0.26090907	 0.37713161	 0.27629423	 
0.23834745	 -0.07563249	 -0.08466033	 
0.14132544	 -0.31345512	 0.11619428	 
-2.57129944	 -0.10890253	 -1.60428784	 
0.48103552	 -0.85522518	 0.76482616	 
0.13515153	 -0.09273721	 -0.66248791	 
-0.10836264	 -0.48025325	 -0.00633118	 
0.29700516	 1.55061981	 1.61491240	 
-0.29146578	 -0.34195119	 -0.45562563	 
-0.03123601	 0.71792440	 1.49830404	 
1.24607714	 -0.93955875	 0.10523824	 
0.12278493	 0.04459822	 -0.41699967	 
-0.80086686	 -0.31800479	 -0.81509418	 
-0.16013741	 -0.45118696	 0.21902794	 
0.37942514	 0.09957557	 -0.45504655	 
1.52174145	 0.79021777	 -0.94418296	 
-0.54004969	 0.76560118	 -0.88573377	 
-0.19074363	 0.09692521	 -0.07365429	 
-0.59455111	 -0.11692756	 -2.88811365	 
0.61583405	 -1.38389494	 -1.27388742	 
1.67528186	 0.75995156	 1.78353125	 
-0.53172841	 1.00774290	 0.57984569	 
-0.92563962	 -0.92261246	 1.41537810	 
0.71412297	 1.01300628	 0.78302119	 
1.61369038	 -0.22297036	 0.06856993	 
-0.55880889	 0.24700027	 1.64878359	 
2.93820793	 0.70682731	 0.81255020	 
0.42556350	 0.99436691	 -3.12284122	 
-0.08304207	 0.28295207	 0.37871734	 
0.37111610	 1.19852256	 -1.64831157	 
0.01664265	 0.02131542	 -0.37331556	 
0.41940364	 0.06599221	 -0.31935069	 
0.55985470	 1.07733096	 0.51516149	 
-0.91386973	 -0.45781437	 1.39379853	 
0.06236450	 0.11034598	 0.02309229	 
-0.03377329	 0.06650453	 -0.71591563	 
0.97587785	 0.65219103	 -1.02887830	 
1.51703717	 -0.17103948	 0.19443769	 
-0.22015116	 -1.89290529	 0.19092144	 
-0.59028523	 1.59111837	 -1.99869400	 
-0.23755307	 -0.30542168	 -0.17909968	 
-2.49044912	 -0.74306547	 -1.98411955	 
-0.04402437	 -0.72008440	 -1.07282420	 
0.80514013	 -1.22105849	 -0.09274769	 
-1.20930136	 -1.85553270	 -0.95556805	 
0.10500422	 0.82458608	 -1.53444607	 
-0.60050133	 0.85742904	 -0.01702058	 
-0.05672305	 0.58097108	 0.34774223	 
0.24215525	 -0.34849601	 -0.70173195	 
0.49618978	 0.30362161	 -0.45588739	 
0.18663942	 0.53641011	 -1.36921673	 
0.38035919	 -0.12630493	 0.06635158	 
-1.19219493	 -0.01118878	 0.04329318	 
-0.14306108	 -0.37628652	 -0.56848125	 
0.18840762	 -0.21690766	 -0.94070211	 
-1.08737712	 -0.96750219	 -0.72016492	 
0.91568752	 -0.66487794	 -0.77653159	 
0.26104646	 -1.17900259	 -0.62836308	 
1.21129407	 2.77542785	 1.02712892	 
-0.70245417	 -1.86554577	 0.52655592	 
-0.12374937	 1.24126573	 -0.99359573	 
-1.56267107	 -0.48411261	 -2.10362318	 
1.85515847	 -1.00499726	 -1.41326989	 
0.45978382	 -0.19379032	 -0.05197481	 
-0.61152289	 -0.57159425	 1.74176908	 
0.31494895	 0.25740476	 -0.81542937	 
-1.71612038	 -1.04236595	 -0.73821830	 
-2.41961140	 -1.56099916	 0.53045828	 
0.94692053	 0.30235461	 0.24076370	 
0.00871559	 -0.08957911	 -0.76592023	 
0.14845077	 0.62805345	 -0.36077408	 
-0.08170444	 0.31787870	 0.20733893	 
-0.67483484	 0.74591649	 -0.60896828	 
0.40695649	 0.61997394	 0.27442113	 
0.69545549	 -0.18770480	 0.33763326	 
0.83147186	 0.88140619	 -1.13792781	 
-0.03718236	 0.81856045	 -0.33318301	 
0.67254996	 -1.19407013	 0.34764662	 
-0.52671557	 0.50744179	 0.39105267	 
0.81760520	 -0.93629594	 1.31725783	 
-0.01443253	 -0.84458442	 0.73352895	 
0.29708508	 -0.49863052	 0.02257949	 
0.58979548	 0.77042819	 -0.92127936	 
-0.41715396	 -0.05416460	 -0.16139410	 
2.20248970	 0.27390075	 0.85100175	 
-0.75180114	 -1.45009089	 -0.15138058	 
0.36582972	 -0.55197809	 0.49490878	 
-1.01144284	 -0.22699680	 2.07963678	 
-1.19848506	 1.45337221	 -0.22249522	 
-0.54052821	 -0.49593894	 0.91028059	 
0.95861114	 -0.27095410	 -1.62999732	 
-1.79997576	 -0.87540044	 1.67962514	 
0.27163068	 0.41238977	 -0.57555253	 
-1.64884359	 1.49628666	 0.39994913	 
-1.13270499	 0.75309904	 1.65859248	 
0.13377500	 2.66634797	 0.12801913	 
0.26413036	 -0.28488558	 -0.13114624	 
-1.06604169	 -2.53197355	 -3.38679492	 
-2.08084276	 0.12613111	 -0.51140723	 
0.17460459	 1.18344641	 -0.81909592	 
0.62998023	 -0.25325452	 0.66198024	 
0.31800952	 1.29011162	 1.52463136	 
0.19216781	 0.17806447	 0.11734009	 
-0.18858329	 0.05894472	 0.29092452	 
-0.92577843	 0.64467353	 -1.62295315	 
0.62950015	 -1.43460996	 -0.01267341	 
0.25361656	 -1.10264702	 1.14036553	 
-0.81225588	 0.33403976	 1.32716285	 
1.98815251	 -0.63410681	 0.93781581	 
0.97357067	 -1.05776037	 -0.03650214	 
0.66211196	 1.47462409	 1.55572523	 
0.54288248	 -0.54080383	 0.06195962	 
0.22506432	 -0.60986241	 1.00880473	 
0.55519753	 -1.02705306	 -1.38547971	 
0.57156435	 1.05306887	 -0.03765679	 
0.16763698	 1.74759974	 0.54671528	 
1.45468597	 1.75346080	 -0.27407545	 
1.74099066	 1.59770197	 -0.89716993	 
0.10362556	 -0.04841878	 0.02853309	 
-0.07325907	 0.16579204	 -0.19022831	 
-0.14986175	 0.46403917	 -0.63730259	 
-1.44555330	 -0.52312875	 -0.21760098	 
1.45466657	 0.25250618	 -0.73332216	 
1.24102624	 0.54723060	 -1.67925781	 
-1.05510310	 0.57026887	 -0.73982104	 
-1.45546509	 -0.15986867	 1.03796685	 
0.34888202	 0.24847784	 -0.27234510	 
-0.50246355	 1.50101884	 -0.82181204	 
-0.83101116	 2.26317753	 0.00246125	 
0.77075670	 0.19980483	 0.36345235	 
1.62842210	 0.30616889	 -1.16787810	 
2.02340592	 0.96761191	 -0.71179747	 
-0.45342763	 -0.70297584	 -0.11847574	 
0.03089252	 -0.37869052	 0.27579463	 
0.20084779	 0.02896231	 0.09144260	 
-1.71224139	 -1.82645052	 -0.36320485	 
-0.60279227	 -0.63386223	 0.43019202	 
0.43940660	 -0.10205744	 -0.65313700	 
-0.03810331	 0.86622658	 -1.47362039	 
0.27551578	 -0.11598691	 -0.47705300	 
-0.05907298	 0.24674825	 0.37414815	 
-0.31240976	 1.08077341	 -0.72964031	 
-0.57830909	 0.22461624	 0.23796260	 
-0.08448657	 -0.05307235	 0.69950719	 
0.88378174	 1.15234285	 -0.72340775	 
0.11382911	 0.10403665	 -0.30723315	 
0.14339745	 -0.24846880	 -0.22189928	 
-0.32114497	 -1.86769998	 -2.25327340	 
-0.85829747	 -1.26756860	 1.04894185	 
1.15212888	 -0.80646671	 0.33454385	 
0.53952473	 -0.24250350	 -1.63126862	 
0.86275126	 0.67087593	 0.30036282	 
1.00145080	 0.29384507	 -0.22238553	 
1.38810659	 -1.32784093	 0.03423737	 
-0.13325824	 1.03380796	 -0.96353368	 
-1.72522559	 1.35513005	 -0.13600738	 
0.78202798	 -0.69438665	 -0.77966087	 
-1.08515553	 -0.20764322	 -1.16793868	 
-1.88978454	 -0.81317932	 0.98705988	 
0.29983171	 -0.48684188	 -0.12032183	 
-0.22307828	 -0.41553808	 0.81581228	 
-1.39368091	 -0.21326504	 -0.54346632	 
0.45826234	 2.47304944	 1.38920245	 
-0.46445155	 0.73319794	 0.40547421	 
-1.36346311	 0.37839754	 0.32722694	 
0.24264182	 -0.07500200	 -0.66321422	 
0.04226238	 0.39017872	 -1.36713066	 
-1.32226786	 0.95981609	 0.06460077	 
1.14129204	 -1.43788877	 -0.22163286	 
1.23030748	 1.21176075	 -0.08700158	 
-0.60521494	 0.27445230	 -0.18524691	 
0.86518354	 0.22764679	 1.12581931	 
-0.95068578	 -0.91775343	 -0.70926961	 
-0.17961907	 0.32175844	 0.10527647	 
-0.37518440	 -0.84024579	 0.72225520	 
0.33924665	 -0.39577292	 -2.11680093	 
-1.16102085	 -0.42955917	 -1.55054052	 
-0.47870121	 -1.62657140	 0.90949585	 
-0.47518969	 -0.99382539	 1.09967184	 
-1.05760156	 -1.19879339	 0.80899227	 
0.68760275	 1.02050377	 1.10114237	 
-1.63704337	 0.94748131	 -0.45286151	 
-0.83193675	 -2.08521004	 0.56381769	 
0.40596993	 -0.03266634	 -0.53163066	 
0.35740063	 0.92942117	 2.29229233	 
-1.93125718	 0.58350921	 -3.40740643	 
-0.36353576	 -0.17408459	 -0.33758144	 
0.54231826	 1.42764957	 -0.08453563	 
-0.21635133	 -0.10144424	 -0.40383306	 
0.61621254	 -0.99699853	 -0.67533283	 
0.39091581	 -0.48051318	 0.05361800	 
-0.31589358	 0.20533189	 0.15998032	 
-1.45984742	 0.15298418	 0.16011079	 
0.19365161	 0.72477855	 0.52624063	 
-0.36184398	 -0.23270768	 -0.00400428	 
0.68912176	 -1.09684032	 0.70459041	 
0.74222960	 0.20223077	 -0.85745426	 
-0.93441139	 -1.19840289	 -0.60777283	 
0.07275191	 1.57220096	 0.20288209	 
1.70142841	 -0.27928429	 -1.17572854	 
-0.16713845	 -0.41117972	 -0.94842042	 
0.97595567	 2.54395881	 1.46844029	 
-0.27332929	 -1.34062834	 0.39187892	 
0.57724593	 1.25224969	 0.53036273	 
-0.77563817	 -0.11144362	 -0.48332227	 
0.17452374	 -0.16696433	 -0.31561667	 
0.84382305	 0.84227265	 -0.03025716	 
-0.22849524	 3.46678599	 -1.27482391	 
0.20752937	 1.47377528	 0.58393293	 
-1.34861694	 1.17501486	 -2.73463350	 
0.43121328	 -1.07512034	 0.37135750	 
-0.47039549	 0.17629711	 -0.77831844	 
1.19459484	 0.12448365	 1.72685135	 
0.16704108	 -0.11601434	 -0.36866918	 
0.61760525	 0.01497026	 -0.87298719	 
-0.72722177	 0.03247478	 1.83816193	 
-1.67121569	 0.56179166	 0.10112033	 
0.61281311	 0.68678830	 0.66371931	 
-1.32785226	 -0.27258065	 0.49284139	 
-1.36363783	 -0.25841636	 0.41602553	 
-1.20262067	 0.45705017	 -0.26409992	 
-0.37336945	 -0.23023311	 0.16930575	 
2.26141096	 -0.40692986	 1.83333700	 
1.45829613	 -0.72432861	 -0.49049815	 
0.80292095	 0.24256771	 -0.31420036	 
-0.00476987	 -0.10460652	 -0.17600059	 
-1.88539436	 0.85297054	 0.58413365	 
0.75562569	 0.43014845	 0.63894055	 
-0.75086321	 1.82050070	 0.37117210	 
0.35217897	 -0.21808569	 -0.53496094	 
-1.13499783	 -1.26782582	 0.19452021	 
-1.20407748	 -0.95590221	 -1.53595657	 
-0.55841336	 -0.98298934	 -0.62832321	 
0.24036064	 0.62397039	 2.28841880	 
0.36336526	 -0.15170663	 0.40726786	 
1.15785358	 -0.16113797	 -0.62083609	 
-1.08321340	 -0.19153126	 -0.24175094	 
0.86328207	 2.33365233	 -0.00424605	 
1.23272834	 0.50202095	 1.32655316	 
-0.24607604	 0.52973286	 -0.32125181	 
-1.10718555	 -0.07275530	 0.35874312	 
-0.49082283	 0.28245791	 1.02971526	 
-0.78182007	 0.30489297	 -0.59035766	 
1.35794010	 1.14746493	 -1.14861734	 
0.31576555	 2.17454304	 -0.51165139	 
-2.28455353	 -0.58969743	 -2.14893718	 
-0.00377711	 -0.55898027	 0.89708619	 
1.18858563	 -0.46679462	 -0.56881773	 
-0.10919978	 0.09573266	 0.38446794	 
0.01348120	 0.27174638	 -3.15815410	 
-0.08672527	 0.27690636	 0.58031534	 
-0.14961562	 0.68044220	 0.41255495	 
-1.38853168	 0.85063077	 1.24183658	 
0.11067744	 0.24381287	 -0.13029787	 
-0.93287181	 -2.78671373	 -0.29544892	 
1.26330693	 -1.32000457	 -1.04839039	 
-0.65796641	 1.63491324	 -0.90963921	 
-2.90745677	 1.37813174	 1.23928328	 
0.59374934	 1.42135912	 -0.57381822	 
-0.67090073	 -0.48236318	 -3.08689916	 
-0.63738348	 0.64627488	 1.10448837	 
0.62998378	 0.50914071	 1.41936627	 
-0.22629076	 -0.56216724	 -0.30425561	 
-0.12788499	 0.04547843	 0.89482500	 
0.15403200	 0.18578585	 0.08748970	 
0.71180346	 -0.28775799	 -1.69012387	 
1.13710816	 -0.70893346	 0.70588696	 
0.24266223	 2.07601385	 1.92713885	 
0.15426619	 -0.16319163	 0.37237812	 
-2.61762399	 0.34542763	 -0.09831336	 
-1.00780531	 -0.22367460	 0.74123614	 
0.57968684	 0.23209363	 0.18692135	 
-0.19323213	 0.80183574	 -0.94013234	 
-1.51087482	 1.76204999	 -0.25191067	 
-1.67100921	 1.48309684	 -0.52242659	 
-1.34327313	 0.45802704	 -0.20816709	 
0.52721784	 0.14689298	 0.93869500	 
0.76670292	 -0.53057728	 1.12287197	 
-1.15281764	 -0.09375453	 -0.53306998	 
0.17084786	 -0.43840999	 0.01408348	 
1.52259929	 0.38552462	 0.03849342	 
-0.05332390	 0.49785843	 0.70060011	 
1.03067642	 -0.67668035	 0.45324736	 
-0.17716621	 -0.19420381	 -0.70219869	 
0.47841061	 0.59584705	 1.55602282	 
-0.59493174	 0.04166547	 -0.43858616	 
-1.40274683	 0.25479175	 -0.01155977	 
0.45639528	 0.88051332	 -0.95437616	 
0.26266636	 0.58522866	 0.47494015	 
2.31210047	 -0.55426473	 0.67322454	 
0.26231980	 0.15255647	 0.67546119	 
-1.22639418	 0.73876246	 0.40414568	 
1.67223805	 -1.08824353	 -0.45363596	 
0.85261796	 -1.26875265	 2.02541503	 
-0.23047765	 0.75195466	 0.06056004	 
0.04397247	 1.60932040	 2.16603206	 
2.68925755	 -2.12869903	 2.54282456	 
-1.30760946	 0.91697789	 1.66308859	 
-0.47703828	 0.27739842	 0.60338263	 
0.70450282	 0.85034560	 -0.46748724	 
-0.82273940	 -0.58532702	 -0.00009309	 
-1.55575619	 0.02413880	 0.23625251	 
-0.26004432	 -0.50610578	 0.54042671	 
0.58710780	 -0.79013851	 0.48231071	 
-1.14440063	 -0.20912031	 0.35759675	 
0.32753292	 -0.55362258	 -0.70875068	 
1.98424745	 -1.80661008	 0.84244335	 
-1.29120369	 -0.00863723	 -0.06947734	 
0.09627624	 -1.89115606	 -1.49430311	 
-1.27932737	 0.15249359	 -0.23585712	 
0.22008084	 0.15467672	 0.53429653	 
-1.03218872	 1.56365459	 -2.26370083	 
-0.91862656	 1.51726077	 0.42023669	 
1.31201386	 -0.97880751	 -1.23629470	 
1.47150352	 -0.07438674	 -1.85936651	 
0.90866468	 0.87446366	 0.68703192	 
-1.89208688	 -0.57992206	 -0.42686245	 
0.31641053	 0.52749966	 1.39644612	 
1.08115809	 0.26634859	 1.25543336	 
-1.23382552	 -0.23006102	 0.80645441	 
-0.29817718	 -0.52690118	 -1.49832950	 
0.24549453	 0.44607745	 -1.81881162	 
-1.65242409	 0.64273329	 -0.76995035	 
0.09538491	 -0.47029325	 0.29517769	 
-1.26489591	 -0.77317869	 0.58387112	 
-1.63461491	 0.62054513	 -1.05119917	 
0.17261380	 -0.33083580	 0.93380373	 
1.40022621	 0.28630888	 0.30812039	 
1.29472497	 0.13375244	 0.31726161	 
0.43657996	 -0.78560055	 0.54004838	 
-0.50934023	 -0.14361226	 1.40165251	 
0.17778140	 -1.77470131	 0.47625622	 
0.88606221	 0.08531612	 0.92446982	 
-0.31852880	 -0.25229844	 -0.92144442	 
-0.39967705	 -0.33091741	 0.04147282	 
0.26303419	 -0.74632256	 0.37529408	 
0.86558959	 1.17781457	 -0.39517522	 
0.33193580	 0.68931477	 -0.79597679	 
-2.21915479	 0.48867816	 -0.34682396	 
-0.24168053	 1.95062697	 0.73255302	 
0.56309112	 0.27346065	 0.37603229	 
0.10018810	 1.22957331	 -0.39055239	 
1.33401023	 3.04744209	 -0.52449694	 
0.15661818	 -0.10769421	 -0.02693041	 
1.84391423	 -0.89425246	 -0.79227711	 
1.07851100	 0.47907178	 0.79441066	 
0.25355790	 0.01559766	 -0.28078946	 
0.77766249	 -0.08788131	 1.09886703	 
1.10612910	 -1.18481634	 1.15746754	 
0.11552175	 0.85694925	 -0.36781815	 
-0.37653926	 -0.35804817	 -0.24796629	 
-0.07887354	 0.85769893	 0.31463002	 
0.33830612	 -0.12238834	 0.27069094	 
0.97745191	 0.78337016	 1.01656360	 
-0.30201479	 1.42026845	 -0.14860371	 
0.31081463	 -0.45568195	 -1.04219712	 
-0.31099561	 -1.07699523	 -0.89772990	 
2.27929248	 1.51816654	 -2.73103320	 
-1.30794355	 -0.15154375	 -1.62933993	 
2.01471423	 -1.49148471	 0.64439389	 
-0.49747577	 0.42862494	 -0.15315121	 
-0.59229493	 -0.53580152	 1.11648000	 
-1.14808622	 1.52612617	 -0.42770521	 
0.04542001	 -0.22221135	 0.34563203	 
-0.76326497	 1.26368926	 0.51438463	 
0.10449131	 1.39455271	 1.90900614	 
-0.83839744	 0.63702221	 -1.48467010	 
-0.15270857	 2.30918338	 -1.18949161	 
2.16127955	 -0.11716721	 1.06277921	 
-0.06046302	 0.57988854	 -1.24241359	 
-0.51235149	 -0.31423275	 -0.44689478	 
-0.33895107	 0.51780272	 0.38336735	 
-0.48049036	 -0.55260279	 -0.38506587	 
1.18642951	 0.49872126	 0.05351021	 
0.47232818	 -1.18890903	 0.47643577	 
-1.62621897	 -0.82608718	 -1.90556506	 
-0.52702074	 0.26769750	 0.11077646	 
0.37638589	 -0.69348966	 1.16698718	 
-1.36525532	 0.20812249	 -0.34052506	 
0.50874417	 0.51225639	 0.47590652	 
-2.11512523	 0.25356425	 0.26815976	 
1.84735089	 -0.45983095	 -0.52196473	 
-0.15590486	 0.38674801	 0.54229611	 
-0.94570271	 1.18839288	 -0.21273177	 
0.75362548	 0.27678705	 0.17561811	 
0.42883296	 1.76144182	 1.15962507	 
1.08681014	 2.93014638	 2.18536821	 
-0.10707115	 -0.73258709	 0.38423908	 
-0.43483304	 0.20038631	 1.00186635	 
-0.48861744	 -0.28258882	 -0.08393485	 
-2.95704733	 1.97341798	 -0.86166914	 
1.63041781	 -1.65685559	 0.23954053	 
0.36176764	 0.04886082	 0.20726894	 
0.56714614	 0.30770800	 -0.04936679	 
-0.27433725	 -0.57355535	 0.30754583	 
0.65396276	 0.16443246	 0.69076892	 
-0.34095614	 -0.75080570	 0.93160865	 
-0.27010670	 -0.74294657	 0.26233975	 
0.62495554	 0.90172606	 -1.33011028	 
2.51328867	 -4.20295546	 -1.27609922	 
0.07008452	 -0.41984963	 0.97548184	 
0.52306870	 0.55609303	 -0.29834787	 
0.65724893	 -0.09379105	 0.58329673	 
-0.70356146	 0.61640690	 -0.54255457	 
0.48718165	 -2.32011111	 0.38673514	 
0.17498776	 0.92356896	 -0.37512128	 
-0.96773647	 -1.37622899	 -3.57138526	 
-0.32208102	 -0.83724675	 -0.20232006	 
-0.42118540	 -0.14239078	 -0.10518585	 
-1.34582422	 1.59681004	 -1.17981739	 
-0.07224614	 0.68015531	 -0.78029152	 
0.11436376	 0.87254849	 0.04363498	 
-0.83436184	 0.07056618	 2.97317169	 
0.23584863	 -2.81673533	 -0.71388452	 
0.24783662	 0.08154467	 -0.70551787	 
-0.02430629	 1.09763116	 -0.03089109	 
-0.60828569	 0.22825982	 -1.26964930	 
0.39601746	 -0.02775737	 1.18459238	 
-0.02238968	 -0.88037242	 0.94392598	 
0.37764916	 -0.16602118	 1.17653219	 
0.28969031	 0.31480444	 0.42408217	 
-1.09669483	 -1.15775413	 1.65977097	 
0.51818437	 -0.21996254	 0.03733012	 
0.42700121	 0.29178761	 -0.20307280	 
-0.01464690	 -0.19604148	 0.52015967	 
-0.74100415	 0.28456391	 0.57553692	 
0.70737865	 -0.27392684	 0.01884010	 
-0.27482026	 -0.36708452	 -0.75297828	 
-0.05248426	 -1.55092283	 -1.60962713	 
0.97540184	 1.37304483	 -0.83307926	 
-0.11985419	 -2.27265342	 0.00329553	 
-0.78621716	 0.69289137	 -0.08631098	 
0.93588700	 -0.20581814	 0.27958415	 
-0.30783306	 1.66428580	 -1.17734707	 
-0.82756570	 -0.16622960	 1.90946621	 
0.72001578	 -0.36672307	 0.55196373	 
-0.63899854	 -2.15773754	 1.59442058	 
0.28601179	 0.31450256	 0.55821407	 
0.11857040	 0.06441767	 -0.97728993	 
0.10445070	 -0.28019663	 0.40094129	 
0.18182474	 0.27076755	 0.54075505	 
-1.37822017	 -0.46578966	 0.16265560	 
0.97904961	 -0.47465948	 0.52179996	 
-1.41859817	 -0.34157706	 0.55570124	 
-0.10592763	 0.27956007	 -0.35690552	 
0.50194440	 -1.09835689	 -0.34569279	 
0.81745459	 -0.57252763	 -0.34500124	 
0.02158430	 -0.19932451	 0.28055977	 
0.43359552	 -0.28936612	 0.02800523	 
2.06424643	 0.83156909	 -1.62269627	 
-1.02306411	 0.87382714	 -1.55029151	 
-0.38379787	 -0.98345352	 0.29677513	 
-0.41649545	 -1.32264461	 0.59869092	 
1.35320804	 -0.16183690	 0.74871227	 
0.24341358	 -0.75903197	 0.01963508	 
0.10141150	 0.55363840	 -0.32863760	 
1.11212983	 -1.20446120	 1.51063453	 
-0.47536557	 0.72246223	 -0.65158736	 
0.14440665	 0.47295120	 -1.16396024	 
0.95301163	 -1.08070830	 0.17076117	 
-0.50412696	 0.55072012	 -1.21351639	 
-1.93548729	 -0.30789402	 0.33548385	 
-0.17309878	 0.91148218	 -0.53359428	 
0.34326086	 0.22620202	 1.00199872	 
0.91318171	 0.74399324	 0.17221300	 
-0.31143007	 -0.00791196	 0.49958331	 
0.82464533	 0.11082069	 -0.93604510	 
-0.86137311	 -1.69633535	 0.50825836	 
0.42981036	 0.13401074	 -1.70224132	 
0.28446589	 0.93458277	 -0.14554824	 
-2.40687123	 -3.28249838	 -0.43437566	 
0.43159416	 1.00571910	 0.42101657	 
1.05985644	 0.45995780	 0.66163902	 
1.35888798	 0.45929865	 0.14650167	 
-0.57922233	 -0.54222010	 -0.26880177	 
-1.34288973	 0.23045333	 0.58209024	 
-0.08757029	 -0.30029037	 -1.07320059	 
0.33888202	 -0.63158262	 -1.24160189	 
-0.77614809	 0.20804418	 -0.33505819	 
0.40267202	 0.79420467	 -1.73826044	 
-0.27744541	 0.00182756	 -0.37798513	 
-0.15292191	 0.64320233	 0.15559859	 
-0.97388012	 -0.64531238	 0.86238141	 
-0.65926207	 0.30274660	 0.14662330	 
-0.88928994	 0.79424149	 -2.60869281	 
0.82247517	 -1.67888857	 2.22660042	 
1.18891663	 0.32088768	 1.56083056	 
2.02740789	 1.28035374	 -0.85713325	 
0.69111847	 -0.49448367	 0.03105935	 
-0.16506512	 -0.29866082	 0.90275377	 
-1.34319400	 -0.57499535	 -0.23525446	 
-0.61655883	 -0.07555262	 -0.29637080	 
2.03929761	 -2.95928328	 2.08381818	 
-0.41254888	 0.35546434	 1.59922405	 
0.58245093	 -1.17189340	 0.89417666	 
-1.35683707	 0.05113501	 -0.70505527	 
-0.24657062	 -0.11772953	 0.26316272	 
0.08516242	 0.22120406	 0.14008454	 
-0.18123587	 0.38152337	 1.35801900	 
-0.12410234	 -0.11949756	 0.15724343	 
0.10678450	 -0.57124196	 -0.29290297	 
-0.87156901	 -0.93273045	 0.08385893	 
3.89775349	 1.56918183	 0.90558071	 
0.14906979	 -1.42117134	 -0.02298950	 
-1.09262904	 1.31513232	 1.21917260	 
-0.93243942	 0.03799154	 0.24166808	 
0.05492510	 -2.38801706	 1.06515101	 
1.03083080	 -0.62627956	 0.94195110	 
0.01783771	 0.59962368	 -0.65979653	 
-0.06875166	 0.53479267	 -0.25960497	 
-1.44537237	 0.05541122	 -0.17541892	 
0.13314182	 -0.22854005	 0.22649099	 
0.38603488	 -1.41258790	 -0.74390031	 
-1.07083862	 -1.19268257	 0.17652384	 
-0.15718239	 -0.28350807	 -0.10073380	 
0.36173845	 -1.16689354	 0.65700730	 
0.70334987	 -0.61324003	 0.82491032	 
-2.65281579	 -0.00285127	 -0.59398282	 
-0.68474202	 0.85133419	 1.93674788	 
0.63268995	 -0.94661642	 -3.72348798	 
-0.55509797	 0.51542541	 0.09383378	 
-0.52301663	 0.32921618	 0.10854805	 
-0.11517540	 -0.26110788	 -0.21065699	 
0.90045047	 -0.15910518	 -0.49346659	 
1.07292794	 0.48849837	 0.04344707	 
-3.11007972	 0.53035685	 0.37840344	 
-1.08566956	 2.21634746	 -0.26993455	 
1.28111102	 -0.53071775	 0.01223110	 
-1.59439461	 0.25936833	 -1.36492432	 
0.56097666	 1.14722658	 0.14470812	 
0.20724759	 -0.48482244	 1.52463295	 
0.16484839	 -0.44885513	 -0.14476307	 
0.97969128	 -1.03828410	 0.65927974	 
0.24347652	 -0.07981268	 1.25625886	 
-0.48887042	 -1.61016087	 1.31069484	 
-2.25099020	 -0.97050385	 0.41183912	 
0.46036017	 0.73622042	 -0.13165174	 
-0.35748724	 -0.83433980	 0.44777008	 
-0.16608710	 0.76740989	 -2.16563374	 
0.82099708	 -1.53428566	 0.04557829	 
-0.11692659	 -0.54386040	 0.26181546	 
-0.09248971	 -1.17361814	 -1.17897352	 
0.02380404	 0.15972909	 -0.34414882	 
-0.02315185	 0.27563530	 0.74966911	 
3.11354265	 0.87387996	 1.18499843	 
1.40452722	 0.19792545	 1.64202219	 
0.51506969	 -0.29597427	 0.71959183	 
-0.20930126	 -1.33000905	 -0.87623774	 
-0.38943345	 -0.86173384	 0.37510645	 
-0.70512612	 -0.86084030	 -0.80317238	 
-1.14903789	 2.26312727	 -2.59973928	 
-0.10255705	 -1.98189455	 0.70086347	 
-0.92735186	 0.08057836	 -1.44306740	 
-0.43722257	 1.06577411	 -0.84345934	 
0.01692031	 -1.43078183	 -2.14977597	 
0.45101360	 0.37569339	 -0.22341048	 
0.84127968	 1.23873654	 1.99481986	 
-0.72023752	 0.59848816	 -0.07848079	 
-0.26871591	 -0.07803022	 0.68391233	 
0.32569557	 -0.73343236	 0.75189083	 
-0.34045661	 0.13978485	 0.34286886	 
0.30122314	 -0.77109817	 -0.45162848	 
-1.20133079	 -2.34336988	 0.91974349	 
-0.73371478	 -0.27974060	 -1.54107903	 
-0.15261920	 0.08246482	 -0.12028328	 
0.51525779	 0.58929032	 2.03104158	 
0.36933738	 0.52121527	 -0.04076908	 
-0.88148116	 1.97789550	 0.79060041	 
-3.20793869	 1.72535993	 1.43280683	 
-0.61952424	 2.16655002	 0.94801574	 
0.01143964	 -0.74897067	 0.81303587	 
0.17374668	 0.68092209	 0.30443988	 
-1.00948974	 0.96958799	 -0.16399072	 
0.58491450	 1.19173217	 -1.20383414	 
-0.03122541	 0.53694087	 0.07985805	 
-0.54352355	 1.25263233	 0.16937102	 
-0.01575937	 -0.40798862	 0.23862956	 
-0.23061658	 1.66552059	 0.94999497	 
1.80562044	 0.51530348	 -3.48001751	 
0.59517555	 0.25848546	 -0.81319448	 
-0.46380920	 1.16580109	 0.57975086	 
-0.27354743	 -0.29376207	 -0.37239509	 
0.71077089	 0.72918043	 1.36681405	 
-0.54065417	 0.08737603	 -0.16517528	 
1.03108333	 -0.66734806	 0.16349203	 
0.27596515	 -1.02228575	 -1.35477527	 
-0.16282320	 0.16947251	 -0.11422424	 
-0.60374011	 -0.47304535	 -0.36075271	 
-0.73015288	 0.60343279	 -1.14465617	 
-1.93017576	 -0.36411637	 1.24455356	 
1.06024372	 -0.19108312	 -0.61516740	 
0.22044075	 -0.01616014	 -0.06883272	 
-0.52675660	 -0.90781189	 1.01106845	 
2.24183542	 0.70287480	 -0.61929673	 
0.24557490	 -1.62248383	 -0.42165545	 
0.50104514	 0.32543297	 -1.22694007	 
0.46620874	 -0.63184858	 0.81762395	 
2.46770705	 -0.17845060	 -0.27468066	 
0.48427572	 0.23961367	 -0.67992941	 
0.83220853	 0.49299711	 0.01371027	 
2.66623779	 0.46986489	 0.92163454	 
-0.02760150	 -0.23812069	 -0.02302037	 
0.82420085	 1.00153289	 -1.85540793	 
0.47881730	 0.61373594	 1.66179122	 
1.60506706	 0.55036125	 1.57261530	 
-0.13994401	 0.41229779	 0.13489748	 
0.63395118	 0.56692553	 0.37729452	 
0.34665427	 1.13314827	 -5.26205923	 
1.60957322	 -0.73823517	 0.49900648	 
-0.40367089	 0.45050783	 -0.38855532	 
-0.16428823	 0.07383268	 -0.36714443	 
0.15658451	 -0.41376833	 0.95857483	 
-0.80874635	 0.28886077	 -0.12595755	 
1.14604732	 0.82827543	 -0.25647895	 
0.31260960	 -2.79074507	 0.69868193	 
-0.16055642	 -1.19787124	 -0.00574432	 
0.10003928	 0.32065753	 0.75102758	 
-3.89550226	 -1.07773847	 -0.26867187	 
-0.68242394	 -0.26337746	 0.70055603	 
0.11214115	 -0.42539618	 -1.03445986	 
-0.28192303	 0.33160232	 0.07713344	 
0.90597042	 -0.73181828	 -0.69576252	 
-0.08417680	 -0.31703802	 -0.08313144	 
0.30658592	 1.88739242	 0.44616781	 
0.04580528	 -0.82249347	 -1.21433062	 
1.64815813	 -1.32433130	 1.85018525	 
0.33569474	 -0.14102999	 -0.53489725	 
-2.39179727	 2.70613961	 2.25640737	 
-0.74591460	 1.53177319	 -0.70284369	 
0.06309279	 -0.58428628	 -0.39556718	 
1.37826480	 -0.21860111	 2.63051651	 
0.63606914	 1.15824776	 -1.06039144	 
-0.86119315	 -0.76629714	 -0.81510478	 
0.39535630	 -0.12840788	 -0.15046331	 
0.04663278	 -0.23023255	 -0.28317342	 
-0.83498058	 0.43197335	 -1.37826926	 
0.90514248	 -0.25363879	 1.70235527	 
-0.48690208	 0.33907763	 -0.30012429	 
-0.26420609	 1.13858295	 -0.39721403	 
-0.14172443	 0.01874313	 0.71482137	 
0.25011716	 -0.52552083	 -0.69715419	 
0.63327906	 1.38656393	 1.98671138	 
0.35848166	 1.19237293	 -1.55661987	 
1.08870468	 0.52492414	 -0.77038932	 
0.26292668	 -0.07075621	 0.10776174	 
-0.93421684	 -0.37333467	 -1.00497084	 
-0.98770199	 -0.81836592	 0.06192262	 
-2.01607992	 -0.47836154	 -0.24692346	 
-0.30840293	 -0.00726579	 -0.37662942	 
-0.17805210	 0.13773134	 -0.31227901	 
-0.55649886	 -0.06215522	 1.46240740	 
1.35794505	 -0.15454968	 -0.80429747	 
-0.63436110	 -0.26068385	 -0.72797653	 
0.75279565	 0.93671817	 0.98776682	 
-0.23628401	 -0.47206695	 -0.37455849	 
-0.18613594	 0.55382241	 0.00867434	 
-1.80000505	 -1.09688878	 -0.79104279	 
0.42860703	 -1.05297225	 -0.76244590	 
-0.77804519	 0.41138027	 -1.11707365	 
-0.29595384	 -1.31737184	 0.16107484	 
0.07313663	 0.08059111	 -0.48654198	 
-0.85168399	 0.28763306	 0.19303398	 
-1.29947265	 0.22382799	 -1.13846698	 
-0.04231094	 3.94855414	 -0.92108184	 
1.54828437	 0.06135772	 -1.66898551	 
0.47945105	 0.73116226	 0.36369644	 
-0.53060661	 -1.99826257	 -1.32697234	 
1.41922163	 0.18188584	 1.01384461	 
-3.20257292	 -1.18771035	 0.26489013	 
1.13590739	 -1.75841636	 1.76006336	 
0.03476428	 0.49239978	 0.96838976	 
0.15170777	 -1.53010899	 -1.24609088	 
-1.91500669	 0.03065295	 -1.53433051	 
1.67891090	 -1.15986630	 0.22615092	 
0.53743817	 -0.68432882	 0.77040145	 
0.02927446	 0.41769155	 -1.34397391	 
0.80125079	 1.26203405	 -0.20409369	 
1.13012980	 -1.21759514	 -0.40030836	 
1.05415008	 0.88855416	 -0.12352112	 
0.40614679	 0.99999775	 -0.11052073	 
1.86464546	 0.09522903	 -1.00527732	 
-1.38949660	 -0.60666435	 0.18182080	 
-0.16684939	 2.42650600	 -0.16386471	 
-0.72935848	 -0.65554399	 -2.22222468	 
-2.14205422	 1.02594871	 -1.48524398	 
0.65754563	 -0.79006977	 0.03282906	 
0.11145923	 -0.45611837	 -0.67715343	 
-0.89243691	 1.72604460	 0.75500580	 
-1.27793889	 -0.28977113	 -0.67500986	 
-1.85507460	 -0.76311640	 0.72321346	 
-1.42184027	 -1.10093028	 1.80011450	 
-1.23557000	 -0.43405589	 0.13175340	 
0.67384122	 0.10331327	 0.12853230	 
0.98690334	 0.10251941	 -0.33031004	 
0.07186349	 0.58844832	 0.51859058	 
0.03888175	 -0.95563790	 -0.11848994	 
1.06286545	 -2.09065775	 0.44581564	 
0.11071945	 -0.92467013	 -0.13188781	 
-0.57356354	 -0.35001232	 -0.22470322	 
0.70763070	 0.58133744	 -0.70818894	 
0.96300051	 0.42540706	 -0.71860397	 
1.67336949	 -0.02416606	 1.92717670	 
-0.08260275	 -1.45127295	 -0.97147473	 
0.25457527	 -0.86190314	 0.61230277	 
0.15575899	 -0.21940269	 0.00649045	 
-0.17111685	 -0.97473742	 1.12392533	 
0.48454900	 0.38843398	 0.32121042	 
-0.64243322	 0.19736685	 1.49618600	 
-0.34702057	 0.81962493	 2.23007036	 
1.40733221	 -0.22657613	 -0.49211903	 
-0.62389995	 -0.45869705	 3.21099371	 
0.17594674	 -0.00672158	 -1.04372742	 
-1.45386351	 -1.58716069	 1.63003905	 
0.89526563	 -1.27028658	 -0.69293191	 
0.27927935	 -1.11817748	 -1.13992442	 
0.88452494	 -0.50811566	 -0.51322965	 
-0.50503795	 0.00054936	 -0.24622782	 
0.71299225	 -1.55862966	 0.24601131	 
0.44919345	 0.70036102	 0.32306962	 
-0.54823036	 1.18770434	 0.73485891	 
0.69801100	 -1.08495743	 -0.48257644	 
-0.33330033	 -2.13214517	 -0.33387366	 
0.25026162	 0.56423707	 0.23399774	 
-0.03787934	 1.37282275	 1.16023711	 
-0.58074411	 -0.14914750	 0.57391834	 
0.61504164	 0.22375224	 -0.57314724	 
0.78950327	 -0.86534408	 0.34362839	 
-0.93094524	 0.07941531	 0.43545558	 
0.77849389	 -0.47281495	 0.42017320	 
-0.05901856	 -0.02480723	 0.16386933	 
-2.94248506	 2.31243447	 -0.91052425	 
0.67066251	 -0.93170427	 1.89664402	 
2.92704067	 -1.04421500	 -2.55555424	 
-0.54498253	 -0.32970769	 -0.67642680	 
-0.48100566	 0.20048296	 -0.06963989	 
1.10331570	 0.86693829	 -0.15999842	 
-1.32920795	 1.50160360	 0.59036750	 
-0.92627142	 -0.40152538	 0.69106135	 
0.04335278	 1.41664927	 -0.59674395	 
-0.76124451	 1.75439650	 -0.27869404	 
-1.62803969	 -0.80830265	 -0.55856472	 
-0.44961000	 -2.29190311	 -1.50397082	 
0.08521973	 0.07740302	 -0.20740370	 
0.02006185	 -0.63456141	 -0.21601698	 
-0.53416585	 -0.92864998	 -1.16464173	 
0.11366517	 0.23375894	 0.56502319	 
-0.38845008	 -0.84552258	 -0.87982387	 
0.46665847	 0.41962085	 -0.50845357	 
0.03959482	 0.49994760	 -0.48238998	 
1.43952022	 -0.21213419	 -0.63183979	 
1.11668653	 -0.94875942	 -0.31234440	 
-1.53369189	 -0.09859505	 0.37272942	 
-0.19110828	 -0.04495501	 -0.64770131	 
-1.01090439	 -0.22164914	 0.91383446	 
-0.53359670	 -0.15115656	 0.21963784	 
1.46006877	 -1.26992750	 -2.22565275	 
-0.45250828	 0.40990739	 -1.01868970	 
0.94028299	 -1.11292950	 1.65372805	 
-1.08942241	 0.81345642	 0.77881059	 
0.68971590	 -0.01873912	 -0.71771743	 
0.56567807	 -0.21974809	 1.85958807	 
-0.25236654	 -0.00146941	 -0.45471798	 
-1.04999911	 0.54942862	 -1.30163268	 
0.21846572	 0.26290006	 -0.31499244	 
-1.34135957	 0.89269058	 -0.61188074	 
-0.64155109	 -1.19514283	 1.18891447	 
-2.33833886	 1.76932262	 2.73638472	 
-0.07769972	 0.18690000	 0.10963140	 
0.09528337	 0.37759732	 0.47624036	 
-0.19999488	 1.31130859	 2.45255943	 
-0.36921030	 -0.86759245	 0.69683427	 
-0.19044714	 0.12844833	 -0.12561268	 
-0.91600292	 -1.09030924	 0.64727537	 
-1.48197285	 0.32014712	 -0.97861054	 
-0.75692342	 2.99000161	 -1.63975923	 
-0.68591295	 0.49865585	 -0.18474258	 
0.41211618	 -0.09698663	 0.37169296	 
0.50098432	 0.49364859	 -0.29808415	 
-1.56490501	 0.16400088	 0.89632458	 
0.29270388	 -1.30700718	 0.82635199	 
-2.92829248	 0.52331823	 0.14079007	 
-0.28096794	 -0.84980806	 0.10073813	 
0.65138357	 -2.59517803	 2.16500528	 
-0.40922854	 0.55847476	 0.26777972	 
0.84517214	 0.48074053	 -0.72687391	 
-4.14980571	 1.46585664	 3.41445576	 
1.59147853	 -4.20108007	 -1.19480606	 
1.22719434	 -2.21001705	 -1.07138739	 
0.15458150	 -0.77745310	 -2.61749829	 
-0.78222073	 -0.40340502	 -0.74649921	 
1.79823697	 -0.71223239	 0.52176622	 
-0.25136846	 1.89046610	 -0.01278218	 
0.39558045	 -0.21714271	 0.81605282	 
1.05184387	 0.54964112	 -2.95301425	 
0.80293538	 -0.67957013	 -0.72739978	 
-0.34445689	 2.35121527	 0.61443833	 
-0.34671260	 0.54030472	 -1.18898391	 
2.10383296	 -0.15911531	 0.67826440	 
0.08524681	 1.17058912	 1.17454051	 
0.49732187	 0.03981717	 0.19396710	 
-0.25882041	 -0.93963454	 -0.10216179	 
-0.10547586	 0.74494602	 -0.62134384	 
-1.65025282	 1.77728852	 -1.20989535	 
-0.23152560	 0.15014723	 -0.52285524	 
-0.96717526	 -1.51011423	 -0.85186299	 
-0.84359417	 0.71489912	 -0.44824195	 
-1.86462262	 0.70451457	 -1.22920676	 
2.02795985	 -0.53386553	 -0.87835849	 
-0.08021596	 -0.62705879	 -0.44827105	 
-0.35228496	 0.95716868	 0.62337417	 
1.38621132	 0.07124175	 0.82547390	 
-0.33378893	 1.47188073	 0.61669959	 
-0.70398692	 0.30782358	 1.41569169	 
-0.35383231	 -0.99161453	 -0.63428937	 
0.39146299	 -0.55649929	 -0.69986619	 
0.01989071	 1.48145407	 -0.01029988	 
-0.41318648	 0.49928793	 1.92865850	 
-0.34648091	 0.45264529	 -0.03159846	 
0.10223788	 0.15792734	 -1.43297655	 
1.83275870	 -1.27955518	 0.26081827	 
-0.16642267	 0.16578079	 -0.11390700	 
-0.00369751	 -0.51614111	 0.90903503	 
-0.44949946	 -1.40924523	 -0.91932821	 
-0.40582193	 1.27274708	 -2.34298855	 
-1.94831884	 0.20112732	 -0.35768116	 
0.16017330	 -0.96694677	 0.34783611	 
0.04355883	 -1.41659081	 1.11177739	 
-0.82722385	 0.59439147	 1.92505777	 
-1.96000854	 -1.16144460	 -0.06950311	 
0.26628000	 -1.29010252	 -0.91322387	 
-0.78204464	 0.15511184	 0.05322253	 
4.51104109	 1.51130733	 -2.46942643	 
0.55026167	 0.30028114	 -0.78058893	 
0.19448550	 -0.37178399	 0.73540895	 
2.20932999	 -0.25465425	 1.04387087	 
1.23259621	 -0.28277472	 0.28493506	 
-0.11629415	 -0.39376034	 -1.34449451	 
-0.78966578	 -0.09871292	 0.26599732	 
-0.78339443	 0.11637386	 -0.61113901	 
-0.41877532	 2.56015202	 -1.26393635	 
0.13348249	 0.25460644	 0.52138718	 
0.76411819	 0.64976137	 -1.15183307	 
-0.10722610	 -0.42793164	 1.10948974	 
-1.18916596	 -0.06978998	 -1.43784632	 
-1.26138923	 0.06767389	 0.13645237	 
-1.07871918	 -0.03574896	 0.34944101	 
-0.32469188	 -0.80930087	 1.23058171	 
-0.13605391	 -0.16049505	 0.75953347	 
0.65895201	 -0.14580470	 0.56498593	 
0.25629122	 -1.65054759	 0.50484601	 
0.95727217	 0.21116530	 -0.55615223	 
-0.03817219	 0.05500178	 -0.10006459	 
0.13527491	 -0.43026507	 0.22849923	 
0.73554046	 -0.45554678	 0.60392640	 
-0.22688091	 0.75823614	 -0.53277636	 
0.44277877	 -0.36430807	 -0.29914318	 
1.72733797	 -0.65155817	 0.68842457	 
-0.33286704	 -0.02995054	 -0.05669679	 
0.27298121	 -0.51344174	 -0.29835192	 
0.63101693	 -0.36824096	 -1.01864735	 
0.36671090	 0.51963259	 0.59298803	 
-0.24463293	 -0.64496272	 -1.29179114	 
-1.72962165	 -0.24557820	 1.36329356	 
-0.10973540	 0.21988019	 -0.05009832	 
-1.51905170	 0.01429936	 0.58850183	 
-1.12658908	 0.82891816	 -0.37248711	 
1.21621237	 -0.23357310	 -0.53147862	 
-0.80183532	 0.06467126	 0.35097646	 
0.84515650	 -0.44419491	 0.49367628	 
-0.39289342	 -1.16547171	 0.49337723	 
0.48858660	 -1.62059462	 -1.30259750	 
-0.22942159	 0.66409784	 -0.09403347	 
0.64735346	 0.29945373	 0.12967235	 
0.06285122	 -1.94432211	 -0.35112730	 
-0.79546820	 0.46948450	 -1.14560195	 
0.88525245	 1.03446173	 0.42732835	 
1.02356328	 0.17566042	 0.02303021	 
-2.21095953	 0.98521616	 1.04939839	 
-0.20533732	 1.52281458	 0.34049340	 
1.64764262	 -1.73714403	 -0.86808136	 
-0.49037268	 -0.07020630	 0.29728501	 
0.21906767	 -0.52608066	 -0.02768315	 
-0.30833079	 1.38850929	 -1.38670610	 
0.31946996	 0.23374376	 2.05396029	 
-0.48492392	 0.02872786	 -0.69052819	 
0.83948501	 1.15454203	 0.69737442	 
-2.23183777	 -0.37400241	 0.07239278	 
0.54208025	 0.47464792	 -0.45118680	 
-0.13003294	 0.55647067	 1.23563589	 
0.95069977	 0.24980887	 0.55037209	 
0.37900956	 0.35219001	 0.27770417	 
0.31188525	 -0.25710404	 -0.19757139	 
-2.24838298	 -0.01351494	 -0.29582966	 
0.97700955	 2.12948201	 0.31316299	 
-1.09665856	 -0.62765582	 -1.27636255	 
-0.48862914	 -0.38932646	 -0.95266525	 
-0.63347390	 0.33457269	 -0.06315105	 
0.15588383	 0.26998900	 -0.20299600	 
-0.71426856	 0.14824267	 -0.30412346	 
0.74624344	 -0.03554779	 0.11620292	 
-0.28911463	 0.14517624	 -1.25470470	 
-0.13065824	 1.12809862	 -2.26587788	 
-0.24974167	 1.56704551	 -0.08520154	 
0.09796138	 0.30088869	 -0.86619498	 
-1.43413787	 -1.04896295	 -1.23513002	 
0.62708262	 0.14345268	 -0.72577847	 
0.03661460	 -0.41220794	 -0.33904467	 
1.09356964	 -0.80263365	 -1.31133424	 
1.59375231	 -1.56909072	 2.04780712	 
0.74995158	 1.86118782	 -0.99753906	 
2.34673387	 0.70796276	 -0.35533353	 
0.43384533	 2.13281671	 -0.96711648	 
0.55195553	 -0.47632587	 0.42644169	 
-0.22512175	 -0.10180801	 0.19228082	 
0.31574927	 -0.66273379	 0.03144070	 
0.95785231	 1.12641028	 0.74165290	 
-0.23025749	 0.35796357	 -1.03274920	 
-1.06916380	 -0.75670705	 -0.11662024	 
1.75446441	 0.40472489	 0.07788573	 
-0.30146955	 0.15627781	 -0.19198804	 
0.41802317	 -0.32941936	 -0.04842988	 
-1.22417206	 0.18878570	 0.17869242	 
0.56676957	 -0.30748505	 -0.46869366	 
-0.31281830	 0.23149623	 -0.60586783	 
1.39977198	 1.25208219	 2.45484946	 
-0.97653852	 1.50941915	 -0.75663275	 
0.33221532	 0.74303682	 0.72715087	 
-0.83489904	 0.29339102	 -1.75789705	 
1.99358522	 -0.42860999	 -0.43281845	 
-0.24608045	 -0.18131699	 -0.84876675	 
-1.18478265	 -0.67139684	 1.11426844	 
-3.68184522	 1.37295052	 0.51162338	 
1.04061116	 1.11024492	 -0.30499616	 
-0.84862023	 1.17270815	 0.42514221	 
-1.60448576	 -1.17579716	 1.39190365	 
0.06279215	 0.20945312	 -1.65232662	 
0.47624905	 -1.23969053	 0.33118844	 
-1.28877916	 -2.92583348	 0.52822968	 
2.53662373	 0.71956632	 0.17228823	 
-0.76088412	 -0.03451689	 -0.68190836	 
-1.74656076	 -1.58069090	 0.50408041	 
1.25878089	 -1.68975156	 -1.39562760	 
-2.09168561	 -1.54447762	 -0.82167886	 
0.56050379	 -0.48448334	 0.94549674	 
0.00208455	 1.25834539	 -1.01466681	 
0.36183293	 -0.15445643	 -0.39920484	 
-0.32104445	 -0.14805762	 -1.48331496	 
-1.80781603	 -0.44844923	 -1.14074389	 
-0.88969489	 -1.06053259	 0.98575248	 
-0.95784326	 0.76687229	 -0.00482236	 
-0.50823460	 0.23736226	 0.03100244	 
-0.76616385	 -3.02873119	 0.64524514	 
1.18575854	 -1.97133214	 -2.92267757	 
-0.06549636	 0.23869911	 -0.58972882	 
-0.58988198	 -0.18541316	 -0.26434184	 
-1.40292046	 -1.51691843	 -1.01038129	 
-1.38487697	 -0.94659918	 1.48035452	 
-0.23551006	 0.04139407	 -1.36653919	 
-0.36723926	 0.08889468	 -0.81935771	 
0.51838586	 -0.34785814	 -1.35332243	 
1.53778995	 0.60625296	 -0.82418738	 
-0.22633851	 -0.02752497	 -1.20844466	 
-0.39839242	 -0.71202479	 -0.10784558	 
-0.38969036	 -0.19091355	 0.38039336	 
-0.42983054	 0.72873323	 -1.24131233	 
0.75425208	 -0.76349321	 0.25036616	 
0.61757093	 -0.49988767	 1.46580031	 
-0.18602410	 -0.29856223	 -0.64539258	 
-0.27067675	 0.05299600	 -0.28825954	 
0.41448731	 0.34107525	 -0.45204879	 
-0.37994929	 -0.39264203	 -2.54179678	 
-0.30941181	 -0.21213238	 0.42228527	 
1.50842629	 -0.49246341	 0.49555115	 
0.10871219	 -0.32596342	 0.57001738	 
0.55762996	 -0.28393943	 -1.49223278	 
-2.03975076	 -1.04571900	 0.46035893	 
-0.26583365	 0.52152265	 -0.89909611	 
0.23249239	 0.24618954	 0.30982932	 
-0.41648621	 -0.78887949	 0.71933221	 
-0.05884577	 -0.38515076	 -1.48932354	 
-0.12086689	 0.91382043	 0.95487068	 
-0.39300988	 -0.32392038	 -1.98911050	 
0.26471743	 -0.40016946	 0.35074006	 
-0.09633659	 0.29928079	 0.63848466	 
-0.54190147	 -0.74646425	 1.60604625	 
1.12301412	 -0.27780985	 0.53243185	 
-0.51075406	 -0.24568286	 -0.67595677	 
-2.52035892	 -1.90217046	 2.16100213	 
-0.99045855	 2.26433311	 -3.11977010	 
-0.07894984	 0.29064648	 2.08810125	 
0.24330271	 1.38310268	 -0.46637345	 
-0.55529502	 0.47943461	 0.19845950	 
-0.68884995	 0.16113769	 0.25416624	 
-1.72237707	 0.27482450	 -1.27586906	 
0.45689594	 -0.91795479	 -1.73856074	 
-0.23452063	 -0.55837377	 0.95634617	 
-0.50126149	 -1.11680084	 -2.12142826	 
-0.36815224	 -0.37958245	 0.14059384	 
-0.97897312	 0.47747647	 0.01097756	 
-0.02392830	 0.85683267	 -0.29659201	 
0.08873204	 -1.04668765	 -0.34688447	 
0.39002394	 0.26621207	 0.30620852	 
1.48305358	 1.72687442	 1.99578555	 
0.94325809	 0.03020262	 -0.31857679	 
-1.03209541	 -0.53319015	 -0.57813950	 
0.64873981	 0.29673073	 -0.49845188	 
1.25874412	 0.08786207	 1.23445555	 
-1.08321618	 -1.04466371	 -0.19590465	 
0.38828728	 0.08023574	 0.35903161	 
1.50401078	 -0.51105146	 0.24942600	 
-0.05194916	 0.19500966	 0.37630405	 
-1.84354774	 2.41091907	 -0.20706257	 
0.83496445	 1.40319077	 0.66137041	 
0.28353831	 0.75391915	 0.54082599	 
0.50906826	 -0.54151781	 -0.77890832	 
-2.23362721	 -0.63828997	 0.90289179	 
-0.27061977	 0.14712039	 2.07174844	 
0.08509204	 -0.34148465	 0.47028641	 
1.27583776	 0.38848867	 -1.04718117	 
0.18095119	 -0.39885744	 -0.56554747	 
0.38618179	 -3.17302266	 -0.80598232	 
-1.46498103	 -0.93693735	 -0.10389577	 
-0.79411973	 0.66052295	 1.22090531	 
-0.03268336	 1.09984828	 0.22226230	 
0.27415997	 0.75357964	 1.23823925	 
-2.08076497	 -1.69060281	 3.77552724	 
0.36220944	 0.53722006	 0.51847216	 
0.24357062	 -0.84789793	 -0.39407961	 
-0.50278142	 -0.20122502	 0.64450537	 
-0.21239881	 0.37942112	 -0.09848691	 
0.33999108	 0.02034544	 0.02959167	 
0.17897151	 0.14965713	 0.23319979	 
-0.71701884	 -0.24672569	 -0.96670604	 
1.00974396	 -1.86656508	 -1.67203724	 
1.50642072	 -0.69755745	 -0.23867299	 
-0.50812201	 0.10455710	 -0.48469910	 
1.29379789	 -1.04903650	 -1.09904543	 
0.47115401	 1.03942890	 -0.84851308	 
0.89730289	 -0.27039846	 0.23542597	 
-1.28061834	 1.58272578	 -0.73553986	 
1.66277523	 -1.21874553	 -1.94261283	 
0.65334934	 -0.81491462	 0.05685739	 
0.72905657	 0.37380743	 1.63856727	 
0.51322452	 -0.26993892	 -1.39194110	 
-0.68173866	 -0.64133725	 1.01815597	 
0.61215359	 1.04732515	 -0.29142493	 
-0.51673123	 -0.47668361	 0.43082644	 
0.15223334	 -0.11450795	 0.38020875	 
1.71874188	 -0.08002075	 -0.04911477	 
-0.43450051	 0.42883112	 0.67357525	 
-1.01726530	 -1.08492026	 0.18356978	 
1.65917503	 1.19875258	 -1.88445694	 
0.95081030	 -1.38706507	 1.63990555	 
0.37860010	 0.30573013	 0.44657664	 
-0.58981229	 0.07237465	 1.48580167	 
1.95236641	 -1.35441848	 2.68136618	 
-0.17044039	 0.89390209	 0.94697732	 
-0.56907313	 -0.70380359	 -0.13670458	 
-2.27387870	 2.65961563	 -1.23881434	 
1.33537204	 -0.74758619	 -0.47379585	 
-0.04270010	 -0.47551698	 -1.05290113	 
0.60127591	 -0.11536486	 0.43312333	 
0.58433695	 1.74632440	 0.65304775	 
-1.28425021	 0.36554503	 -0.12625200	 
0.07209117	 0.77300198	 -0.26485202	 
1.26630496	 0.23885378	 0.02249625	 
-0.89091528	 -0.17458439	 1.62561616	 
-0.12141683	 -0.05299002	 -0.11236917	 
-2.23824468	 -0.76847869	 2.43419372	 
0.38141470	 -1.04696598	 2.17806302	 
-0.05734024	 -0.41317349	 -0.29551836	 
-1.62506116	 0.34007313	 0.47256063	 
0.86334541	 -1.03154649	 0.57138468	 
-1.50123519	 -0.37612638	 -1.17223416	 
0.89916598	 0.89821850	 -1.44091653	 
0.06752331	 -0.61795257	 -0.28016368	 
-2.16573714	 -1.24588486	 0.86407095	 
0.18217013	 0.39575292	 0.50040082	 
0.34372027	 0.60348023	 0.72993278	 
-0.80685923	 -0.46879341	 -0.23336085	 
-0.07193148	 0.57665842	 0.04541967	 
0.53556530	 0.16121286	 0.53307969	 
1.57839587	 0.44605798	 -0.21333791	 
0.83669470	 0.92319763	 -0.37000547	 
-0.09327180	 0.94492790	 0.11861889	 
-1.27585953	 -2.96992286	 -0.17632920	 
0.01403833	 0.33698634	 0.24047003	 
-0.27546827	 -0.24843967	 0.17040176	 
-0.36433815	 0.00710539	 2.02225407	 
-0.12326738	 2.49852745	 -0.94264504	 
-1.21783285	 -3.05826152	 -0.64414533	 
2.01259947	 -1.72846273	 0.78735575	 
0.43746784	 0.36173350	 -0.39828923	 
-0.64475234	 0.23061131	 0.27558108	 
0.73576847	 3.11371093	 0.40479935	 
0.23402920	 2.21001665	 -1.41686037	 
-1.18519635	 -0.56922811	 -0.07838787	 
0.77015021	 -0.10208636	 -0.99036437	 
1.63182392	 -4.25965848	 0.23831119	 
-0.35490119	 0.29304558	 0.57668331	 
0.78258657	 -0.55109844	 0.71871934	 
0.15202836	 0.71984837	 -0.26691797	 
-0.54315422	 0.39952365	 -0.83990780	 
-1.14190258	 -0.42618999	 -1.45662023	 
-0.04059377	 2.19257985	 1.52709388	 
2.01669691	 2.67859100	 0.57738797	 
-0.21588757	 0.54981541	 1.21968875	 
-0.37199222	 0.74607869	 -0.36902009	 
0.36410171	 0.57424719	 0.27021102	 
-0.38355565	 -0.54440856	 -0.16858928	 
-1.21671254	 0.61335325	 0.28874461	 
-0.61870461	 -0.25762415	 -0.95556883	 
-0.02958647	 -0.64232131	 -1.00574335	 
-0.87107188	 -0.08347904	 0.63863638	 
1.13933701	 -1.16614198	 0.70570486	 
0.45214033	 0.38687395	 1.15066113	 
0.64253920	 0.46046151	 -0.82314253	 
0.86840491	 0.49612682	 0.33213515	 
-1.24217738	 -0.43905633	 -2.96442768	 
-0.75213996	 0.40328742	 0.83258439	 
1.16687384	 -0.01074736	 1.77901087	 
-1.03962584	 -0.48173760	 -0.66901330	 
0.91957641	 2.02703665	 -1.57653422	 
0.59813144	 -1.13132199	 -1.14463142	 
1.66441525	 0.53691511	 0.21250579	 
-0.20135833	 -0.03658936	 0.79587993	 
0.63901738	 0.91131021	 -0.15277574	 
-0.87271837	 1.09982253	 -1.73815891	 
0.97359579	 -0.43989299	 0.12167610	 
-0.45560286	 -0.25927296	 -0.44151636	 
0.17794630	 1.18757869	 -0.33962637	 
0.57356629	 -0.47457974	 0.11362043	 
1.58037483	 0.00477578	 0.33526071	 
-1.44397171	 -1.00204520	 -0.95442433	 
0.23490074	 -1.02407928	 -0.79745713	 
-1.76632038	 0.49831589	 -1.12925053	 
0.81761176	 2.36067763	 -1.18815980	 
-0.67164866	 -0.82302761	 0.19885092	 
-0.34376163	 0.87193723	 -0.69942547	 
-0.30969821	 -0.78406691	 0.23539490	 
1.75053490	 -1.29638978	 0.32068574	 
-0.27375291	 -0.38951805	 0.42986569	 
1.33356404	 -0.16091507	 -1.39002566	 
-0.82087147	 -0.20627192	 0.23342575	 
0.95758756	 -0.54383616	 -0.36757823	 
-1.41545512	 -0.77203572	 -0.19954420	 
-0.50474275	 0.35014378	 -0.10505454	 
-0.17095974	 -1.85715974	 0.01950244	 
-2.48637162	 -0.70949759	 0.18013383	 
0.87541852	 1.27743956	 0.46126321	 
-0.02572286	 -0.16669125	 -0.32546955	 
0.43372707	 -0.62639272	 1.16388127	 
1.41480636	 0.08894146	 -0.31200115	 
-0.40868811	 -0.48116200	 0.09363122	 
0.93673030	 -0.19267225	 -0.83682381	 
-0.00136845	 0.10674562	 -0.36520054	 
1.71006406	 0.42583950	 -0.48441091	 
-0.54102496	 -0.16646452	 -1.36119716	 
-0.15270076	 -0.11418775	 -1.78420330	 
0.40944317	 -0.64141984	 0.34781141	 
-1.40331459	 -1.51958732	 0.86342529	 
-0.09421452	 0.25638209	 -1.82900902	 
1.05118371	 0.35159597	 2.70937120	 
-0.62146890	 1.67114626	 2.38349108	 
2.74476455	 -1.40136695	 1.93546410	 
-1.33776055	 -0.32916680	 0.21042773	 
-0.66552284	 1.55420333	 0.03087760	 
0.55426459	 -1.28602612	 -0.48634998	 
-1.33425647	 -0.89856634	 1.83341098	 
-1.13456484	 -0.07036959	 -0.14248517	 
2.49409184	 1.97718370	 0.65576798	 
0.58867924	 -0.31901486	 0.71900291	 
-1.31066962	 -0.76010861	 -0.04070009	 
0.99479446	 -1.61097728	 1.95847830	 
-1.11069712	 -1.49117061	 0.93256582	 
0.44924815	 -0.24993895	 0.00548720	 
1.41852111	 -1.72685876	 0.29380624	 
0.47162193	 -1.27815978	 -1.35579211	 
1.95167947	 0.36807238	 1.89273667	 
0.36952982	 -0.15034104	 -0.01060341	 
0.02279556	 -0.02595947	 0.11428686	 
1.26868971	 0.20217943	 -0.67381327	 
-1.03539333	 0.87906591	 0.92891272	 
1.17852695	 -0.00881236	 -1.07941590	 
1.01167666	 -0.98965681	 -0.58077804	 
0.67828820	 1.67422937	 1.48576919	 
-0.95629760	 -0.87754106	 -0.20328625	 
-0.67037733	 0.12987124	 0.45268383	 
-1.18862934	 0.07213762	 -0.68376528	 
0.20654137	 -0.37195067	 0.46204445	 
0.12986982	 -0.19892582	 0.15686559	 
-0.95272905	 -0.45177741	 -0.74979821	 
0.04692394	 0.08154023	 0.12341181	 
0.38406842	 0.23000566	 -0.64744416	 
0.10346328	 1.59985201	 1.80041739	 
0.56670184	 0.16134129	 -0.31344311	 
-2.17927782	 -1.05812592	 -0.51986105	 
0.35985130	 0.12804589	 0.06093622	 
-0.00538140	 0.63491046	 1.22410979	 
2.35231061	 1.21373447	 -2.52545377	 
-0.68311304	 1.32142571	 -1.74655682	 
-0.57038778	 0.43267176	 -1.46162246	 
-0.29137877	 -0.19002182	 0.76938824	 
1.02006352	 0.85819746	 0.11625170	 
0.09957410	 -1.51121298	 2.08517229	 
-1.11912106	 -0.90223682	 -0.19937139	 
0.81881937	 2.18816456	 -1.18037276	 
-0.01228964	 -1.49762184	 -1.80553741	 
-0.64989215	 -1.28157313	 -0.39929379	 
-0.59191190	 1.24722594	 2.20625399	 
0.50642069	 1.01248045	 -0.70418211	 
0.70372669	 0.18657405	 -0.06645638	 
-0.90620120	 1.24336114	 1.67547773	 
-1.12397209	 0.39455284	 -0.92900095	 
0.19848075	 -0.08056094	 -0.21196558	 
-1.51258667	 0.54271697	 1.04737756	 
-0.20185309	 0.24175247	 0.11928899	 
-0.33128392	 0.46576199	 -0.60656897	 
0.88219797	 -1.00010960	 -0.44419902	 
0.42273304	 -0.04123829	 -0.77954068	 
-1.13816296	 -2.81467564	 2.49885490	 
-0.74421438	 -0.44900639	 -0.62177955	 
-0.87503016	 0.24359490	 -0.24509371	 
1.31434661	 -0.13835821	 -1.68795341	 
0.14235068	 -0.36985543	 0.27442726	 
-0.50605987	 -0.40806847	 0.51773113	 
-1.16479306	 0.95062811	 -0.68790286	 
-1.55360169	 -1.75481252	 1.66625374	 
0.48017596	 1.68714925	 -0.18672907	 
-0.53829840	 -0.77903178	 0.19691360	 
-1.48645131	 -0.01657780	 1.06402195	 
0.16602248	 -3.01421389	 0.44884761	 
-1.26251512	 -0.32982932	 0.25950014	 
0.39557273	 0.59304726	 0.39502940	 
0.98924527	 0.08463982	 0.85109831	 
0.67396673	 -0.49958171	 0.21955067	 
0.04180369	 0.41579551	 -0.60683044	 
0.53307232	 1.17566410	 -0.18588537	 
0.18222956	 -1.12580052	 -0.51385362	 
-0.80805313	 -0.73863651	 -0.57392902	 
-0.61198887	 0.04335773	 -1.68706405	 
-0.66908947	 -0.75292812	 0.11131169	 
-0.37869905	 0.67142748	 0.52286998	 
-2.87449811	 -1.06409465	 0.53867579	 
0.86105465	 -0.14991772	 -1.22381764	 
-0.23221863	 -0.27027574	 -0.32664374	 
-0.51411555	 -1.56960388	 -1.49732622	 
0.35958847	 -0.63144474	 0.01871114	 
-1.21856788	 -1.11660916	 -0.42634245	 
-0.41534129	 0.25276260	 -0.21722302	 
-1.57871835	 0.66846164	 -0.40699544	 
-0.65252750	 1.97460339	 -0.14348466	 
-1.95353850	 0.89671422	 0.75214682	 
-0.70479541	 -0.47485796	 -0.18413632	 
0.08916006	 -1.56622991	 -0.31891317	 
0.22068267	 0.11926528	 -0.51946564	 
-1.90315597	 -0.97763533	 0.05075805	 
0.66475235	 -0.06489518	 0.07734953	 
0.15814944	 -1.42072959	 1.59716764	 
1.53270232	 -4.10699066	 0.72192299	 
3.63229200	 1.85697540	 1.26142287	 
0.78582010	 0.34022738	 1.29095874	 
0.08232628	 -0.04958712	 0.17985228	 
0.22694971	 -0.06844151	 0.38039869	 
-0.70171672	 0.41989328	 0.35468458	 
0.43755421	 -0.50102243	 0.32824315	 
0.17079197	 -1.94175719	 1.10035224	 
-0.51954103	 -1.36561829	 -0.95589640	 
-0.93304636	 -0.41193821	 0.31216900	 
0.72486827	 -1.08528894	 0.05192987	 
0.04901259	 0.03151921	 0.07402950	 
1.70313356	 0.87584066	 0.08410556	 
-1.29317009	 0.60626742	 -2.62406451	 
0.55436291	 0.01259695	 -0.18129481	 
-2.14334632	 -1.73190661	 -0.15562740	 
0.52502505	 -0.33473249	 -0.68516305	 
-0.63195686	 -0.27856272	 -1.04807078	 
-1.31152427	 -0.64293711	 0.35907115	 
0.24193067	 1.09946916	 -1.02177348	 
1.09481334	 1.33805535	 -1.89540564	 
0.33951091	 0.57406172	 0.56555124	 
0.62346221	 0.44754155	 1.16443643	 
-0.12593594	 1.06662048	 -1.00407872	 
0.46083145	 0.42655707	 -0.02749494	 
1.15313282	 0.75100241	 -1.76803349	 
0.15321999	 0.58992581	 0.77938684	 
-0.86090698	 0.18850246	 -0.67966935	 
-0.04798096	 -0.14930532	 -0.06948704	 
0.57721745	 -0.29863858	 0.54392140	 
1.47288786	 -0.15281583	 -0.34398714	 
-1.67005062	 -0.95123282	 -0.34435590	 
-1.13042880	 0.45880847	 0.63704401	 
0.08844414	 -0.21714727	 -0.31501398	 
1.62929051	 -0.12364678	 -0.74130621	 
-0.19678437	 0.90417318	 0.28708349	 
0.17653920	 -0.03134586	 0.55377838	 
-0.51390116	 0.15028104	 -0.15866322	 
-1.00242365	 -1.18406231	 0.93587330	 
0.96768458	 -0.25671645	 -0.05277303	 
2.85602952	 0.83186352	 0.82139013	 
-0.12091341	 0.56104839	 -0.94153936	 
-0.79772825	 -4.20937481	 0.37244498	 
-0.00999831	 0.98126759	 -0.23811907	 
-1.25294589	 0.77102714	 0.31216035	 
-1.16166916	 2.07770690	 1.85495056	 
0.40853746	 0.05274058	 -0.19522989	 
-0.75584283	 -0.07199856	 -1.22893379	 
-0.82125033	 -0.10887366	 0.01626075	 
-0.47646480	 0.30376250	 -0.88640182	 
1.14411719	 -0.24561563	 0.93441757	 
0.27661169	 -0.13118581	 -0.40914034	 
-1.17372176	 0.74846530	 0.48880666	 
1.21990294	 -0.02552459	 0.73319523	 
-0.20562141	 1.74749715	 0.10893913	 
0.33543171	 -0.11956781	 -0.29608741	 
1.39317931	 -0.18067331	 -0.54397173	 
-2.25734089	 -0.24720775	 -0.47800402	 
-1.21034498	 0.01161986	 1.32448999	 
2.01270099	 0.62293476	 -1.54303587	 
0.72980518	 -0.24591137	 0.47085985	 
-2.40845566	 -1.08634736	 0.29849382	 
-0.20203460	 0.99259584	 1.16597137	 
-2.35747211	 -0.37826799	 -1.12085526	 
-1.10674608	 1.34333629	 1.13909962	 
0.53274422	 -0.49361320	 -1.20800198	 
1.41541337	 0.64507756	 -1.23974578	 
-0.59464927	 1.00335159	 0.01023832	 
0.22496853	 -0.24973264	 1.02112478	 
1.34475295	 0.48416531	 -0.13452296	 
-2.35320596	 -0.01526932	 -0.30903559	 
-1.26907226	 -0.60362581	 1.28376467	 
-0.54387152	 0.65947640	 2.51033731	 
-0.52778547	 -0.69714261	 0.09969730	 
-2.01446582	 4.40303952	 -1.19317210	 
0.19025178	 1.99755834	 3.02296233	 
-0.59797396	 -0.10703314	 0.27663392	 
0.68943870	 0.19665754	 -1.08392694	 
-0.10970690	 0.45618949	 0.08940000	 
1.78185749	 -1.19814599	 -0.03892467	 
0.81869456	 -1.48582153	 -0.56931554	 
0.30214494	 -0.21376792	 0.07768805	 
0.24880499	 0.30727234	 0.31202076	 
0.64344472	 0.95412118	 -0.03869945	 
1.22582055	 -0.86208406	 0.50906727	 
0.01172854	 3.74835797	 0.06662206	 
-0.41993470	 0.27466558	 -1.08886117	 
0.04483300	 2.54369433	 0.28107030	 
-1.91668701	 -0.21597932	 -0.62594808	 
-0.02807620	 0.63659199	 0.86948758	 
-0.00131082	 1.06826936	 -1.27023829	 
-0.82416668	 0.77043617	 -0.30855789	 
0.32695752	 0.26325448	 0.35527869	 
-1.01195014	 0.73670442	 0.59856516	 
-0.06160941	 -1.10427612	 -0.02212377	 
-1.74248946	 0.59102970	 -1.50079985	 
0.02482130	 -2.26811077	 0.01362648	 
0.57503336	 -1.63526895	 -1.48813460	 
0.01057474	 0.63530657	 -1.13158207	 
0.60243302	 -0.50106059	 0.24417951	 
-0.70106456	 1.12746699	 0.67662100	 
-0.79839056	 -0.32807642	 0.50094738	 
0.30772141	 0.12782695	 0.11820632	 
-0.77267378	 -1.82642221	 -0.83959711	 
-1.50142127	 -0.70575734	 -0.46412524	 
1.01970919	 0.69620372	 -0.32397526	 
1.35758295	 0.13457320	 -0.00466815	 
2.07941236	 -0.11645697	 -2.45145599	 
2.43785976	 0.24596113	 -0.63882542	 
1.13810596	 0.24542906	 0.26042609	 
-0.15669686	 -0.12412481	 -0.41999469	 
-0.39111797	 -1.12449922	 0.54595653	 
-1.12292050	 -1.21859641	 -1.55205701	 
-0.16371397	 -0.11004604	 0.08357575	 
-2.27092295	 -1.92244300	 -0.82908637	 
-0.51811487	 -0.08564619	 0.01112243	 
0.68212866	 0.57469980	 0.75649360	 
0.19576077	 0.10911654	 -0.07315745	 
-0.35723208	 0.27706181	 0.01687130	 
-0.48895589	 -0.91230260	 1.72031198	 
0.11511736	 0.76963297	 0.36517696	 
0.88693545	 0.78789382	 0.13890509	 
-0.32738371	 -0.09191300	 0.37183599	 
1.08337774	 -1.44559522	 0.99796664	 
-0.49738691	 0.09228374	 0.46424082	 
1.76359573	 -1.00288565	 -1.24651697	 
0.31857648	 0.02614166	 0.09047006	 
0.15754018	 -0.00303932	 1.17408954	 
-0.12694929	 -0.69599902	 -0.59363157	 
0.27717919	 0.43802886	 0.27089210	 
0.82755980	 0.18940943	 0.34178825	 
-2.12171791	 -2.13390143	 1.71286091	 
-0.87980853	 -0.36307760	 0.03238306	 
0.72828832	 -0.27259037	 -0.14575027	 
0.11210756	 0.66190233	 0.40921752	 
0.82885997	 -0.55857771	 -0.50194323	 
0.59805823	 -1.51032953	 0.49781779	 
-0.17456826	 -0.52727496	 0.00608924	 
0.51505333	 0.79303975	 -0.33039072	 
0.06446811	 -0.13607546	 -1.00151717	 
-0.54960889	 0.23177272	 -0.56262136	 
1.09078283	 0.94597498	 0.45891715	 
-0.42664636	 -1.72436093	 -2.22552322	 
2.27593691	 -1.15432277	 -0.48571950	 
0.90927278	 -0.40387172	 0.65733689	 
1.14105161	 1.68988692	 1.64524303	 
-0.36101018	 -2.60890344	 -1.21859415	 
-1.02408675	 -0.50670569	 -0.25253359	 
0.73080257	 -0.36162720	 -0.67949516	 
-0.98056526	 0.81389784	 -0.32313739	 
0.43878980	 -1.00789753	 -0.34467848	 
0.19158960	 -0.25717885	 -0.14899566	 
0.28883260	 1.07692989	 0.13471652	 
-0.90007474	 0.21461720	 -3.34592430	 
0.31566596	 -0.45047482	 0.00612694	 
1.38259065	 1.34255811	 0.21404086	 
1.20430872	 0.09427852	 -2.83788227	 
-1.21711287	 -0.42639898	 0.04597212	 
1.00485969	 0.65719980	 0.31077197	 
0.68277150	 -1.24219293	 0.30398491	 
-1.90505919	 0.93543720	 0.17726825	 
-0.19443527	 -1.19115347	 0.33235519	 
0.30932293	 0.13400566	 0.16091425	 
-1.73412286	 1.63534564	 0.08321112	 
0.12916751	 -0.85783917	 1.81603896	 
-0.16491899	 0.19763988	 0.68427553	 
0.30557191	 -2.33996795	 0.64896240	 
2.00420091	 0.55452904	 -2.46014573	 
1.17888164	 -0.93360761	 -0.58737635	 
0.68836441	 1.01010730	 0.00407694	 
-0.12843895	 0.48092259	 0.22929602	 
-2.03811908	 0.97615678	 -1.75049254	 
0.13701684	 0.77716638	 0.78550769	 
-1.30114254	 0.05562174	 -1.06574267	 
-0.04879161	 -0.77453309	 -0.08623463	 
0.32521414	 0.33744496	 1.42636536	 
0.46826625	 0.19279582	 0.47452728	 
0.76111205	 0.06766042	 0.74790927	 
-0.34272917	 -0.05793980	 0.35265570	 
-1.49973793	 0.87059414	 -0.88994665	 
0.69705744	 -0.36843177	 0.14000008	 
2.47121440	 0.56207055	 1.05727677	 
-1.81688345	 1.44915483	 -0.55978172	 
-1.06362335	 -0.33687823	 -0.37658248	 
-0.82529365	 1.61280027	 -3.11460828	 
0.66706162	 -0.85610039	 0.33019305	 
-0.31061827	 -1.03110448	 -0.84496930	 
0.66200542	 1.06147159	 0.39824391	 
0.09710516	 -0.35886738	 2.30727979	 
0.03236114	 0.63246295	 0.49363686	 
-0.28307414	 -0.40569583	 0.38191310	 
0.28610572	 3.01672804	 0.14008069	 
-0.11114960	 -1.72026645	 -1.25851070	 
0.83109487	 0.79334575	 0.50168915	 
0.13828971	 -0.61331602	 0.34423888	 
-0.00302336	 0.44781197	 0.22227558	 
0.33003827	 0.58695992	 0.18032893	 
-0.61261584	 0.58808409	 -0.91038927	 
-0.55761043	 0.15930680	 -0.89775079	 
1.97102027	 3.28886604	 1.99341605	 
-0.71029199	 1.65102880	 -1.43813322	 
0.46456892	 1.50820242	 -2.00817573	 
-0.90020237	 -0.71659142	 -1.10534982	 
-1.04052841	 0.62676897	 -0.23016029	 
0.02262746	 1.09791444	 1.08410137	 
3.33560616	 0.52021130	 -0.42410248	 
1.71341452	 -0.40853333	 0.93841509	 
-1.26885272	 -1.98885436	 1.45159456	 
0.86370310	 0.35553883	 -0.20475282	 
0.78861620	 0.26198465	 -0.34098938	 
-0.34228425	 -0.49615872	 0.32131377	 
0.99274627	 1.10141451	 -0.26793452	 
-0.22711821	 0.21127469	 0.14395117	 
-0.29316660	 0.24742948	 0.35108395	 
-0.48246620	 -0.11210985	 1.15989394	 
-0.37444095	 0.03570778	 -1.01475750	 
-1.34607380	 -2.52291696	 -3.07192349	 
-0.32846740	 0.31184649	 -0.42274138	 
1.69781500	 -0.34208566	 -0.71546025	 
0.93864898	 -0.13945815	 -0.24603029	 
-0.00160295	 0.16485356	 -0.69713831	 
1.36611349	 -0.59060263	 0.98107910	 
1.45802407	 1.16333350	 0.11548415	 
0.31691404	 0.05697933	 -0.47040847	 
-0.96852217	 1.39769131	 -0.33771254	 
-0.45939509	 0.72828949	 0.76858151	 
0.88984092	 -1.18494634	 0.75324669	 
0.75487127	 0.14756326	 0.01511580	 
-0.96303295	 1.32059271	 -0.83885866	 
-1.03429847	 0.31332016	 0.17214765	 
-0.02274022	 -0.70657978	 0.31335583	 
-0.85221630	 0.52141019	 -0.99880225	 
-0.29980426	 -0.16705143	 -0.64074295	 
0.85737675	 -0.91512839	 -0.31339769	 
-0.26869005	 -0.51631984	 0.20363596	 
-0.32733598	 0.47461397	 -0.14471265	 
0.01934516	 -0.34154736	 -0.49754689	 
-0.07431361	 -0.35726055	 0.25708711	 
0.24981380	 -0.44797028	 0.64008987	 
0.78479770	 -2.18994855	 1.30805444	 
1.02019762	 4.41507593	 0.48042876	 
0.62938893	 0.70553615	 -0.47310517	 
-0.79854956	 -0.80393265	 0.07878845	 
-0.46168063	 -0.09820105	 -1.09171515	 
-0.29248262	 -0.13393218	 0.25578114	 
0.23131390	 0.11846459	 0.20910116	 
-1.53692225	 0.06129762	 1.01419383	 
0.43732017	 -0.14143073	 -0.23641112	 
1.05414131	 0.84475409	 0.28167921	 
0.02785427	 2.28110047	 -2.05675134	 
0.71508279	 0.26218622	 -0.85317464	 
0.14212581	 -0.91959094	 -0.38778306	 
0.29361282	 0.42255632	 -0.28521990	 
-1.46241938	 0.03833392	 -0.33014217	 
-0.64485040	 -0.92613669	 2.00005799	 
-2.94363054	 -0.63569188	 -0.04178843	 
-1.37395813	 0.27030214	 -1.36373573	 
-0.26973243	 -0.24124732	 -0.00218478	 
2.66533081	 -0.61559413	 -1.51228257	 
0.16080466	 -1.50250645	 0.29427219	 
0.16943169	 0.30796018	 1.64643304	 
-0.26763655	 0.67555702	 0.07824769	 
1.32175309	 0.90294808	 -1.50997897	 
0.73181245	 0.72201625	 -1.03550350	 
0.40220266	 0.56857092	 1.59779294	 
0.41185454	 1.33651160	 -0.02616544	 
-0.92851231	 1.24624632	 1.56843582	 
0.46359208	 -1.15886262	 -1.40118680	 
-0.64939180	 -0.19723879	 0.59632285	 
0.95707239	 -0.36440199	 1.66449226	 
1.87596421	 0.03027879	 -0.77702841	 
0.14078293	 -0.23613275	 -0.43518778	 
-1.56392332	 0.18273292	 -1.18228021	 
1.03673115	 1.89924503	 0.22411673	 
-0.98245269	 -0.46924084	 -0.52978051	 
0.75308161	 -0.06057854	 0.43116849	 
-0.49457071	 -0.54548022	 0.18726318	 
-1.09820542	 -0.79648141	 0.34254628	 
-0.45694605	 -0.36633139	 -1.14340632	 
0.05951698	 1.20869517	 -0.22956357	 
-0.36649182	 -0.08934856	 0.46020833	 
0.08216721	 0.20680164	 0.29470196	 
-0.56897096	 1.06721544	 -0.07733915	 
0.50646740	 1.62470252	 2.15331715	 
-0.01215498	 -0.18903724	 1.90964436	 
-0.02737405	 -0.61689365	 -0.06546678	 
1.06687144	 0.81895382	 -0.68903534	 
0.76627965	 2.58065376	 -0.73843653	 
-0.43779263	 0.07953818	 -0.60024580	 
-0.22069987	 1.29075154	 2.43166234	 
-1.17787531	 1.98146797	 -0.56707817	 
-0.70599493	 1.34628279	 1.04874044	 
-0.75516751	 3.86606842	 0.09589023	 
-0.26276649	 -0.04469982	 -0.30894300	 
0.25247195	 0.19590189	 -0.37478286	 
-0.54119241	 0.05320520	 -0.78977515	 
0.78102337	 -0.17517302	 -0.63926191	 
-0.65102979	 2.16853613	 0.30054163	 
-0.05088291	 0.23517085	 -0.26762712	 
0.85304950	 -0.40027473	 0.76882629	 
0.03733854	 0.17189115	 0.05487794	 
-1.69103971	 -0.62825215	 2.24947497	 
0.03261481	 -0.03533752	 0.16361146	 
2.06161538	 0.62272587	 0.42966305	 
-0.17997697	 0.42298599	 0.47362737	 
0.87224587	 -0.63541756	 0.75335441	 
0.41735154	 -1.64264692	 -0.83748495	 
0.90916589	 1.89733831	 1.60066328	 
0.65092680	 -0.29384518	 0.67718026	 
-0.59225612	 -0.59727272	 0.41588875	 
1.84105120	 1.49929952	 -2.18595385	 
0.41206401	 0.57320694	 0.55572410	 
-0.49355915	 -0.52452603	 -0.26997192	 
0.29715451	 0.28102022	 0.50727146	 
-0.07787568	 0.65976532	 -0.71594019	 
-0.96939827	 -1.44487355	 -0.91478450	 
0.88291524	 0.22839520	 -1.47830201	 
-0.42467421	 1.77392315	 -0.24736254	 
0.27694908	 1.36088449	 -1.27109730	 
-0.22581150	 -0.22898920	 -0.74540184	 
0.18489183	 -0.56920741	 2.71411181	 
-1.67108959	 0.55687678	 -0.83346923	 
0.07435687	 0.75886745	 -0.81097075	 
-0.38190465	 0.05911107	 0.78503206	 
0.00942956	 0.72669110	 -0.01451237	 
-0.26217982	 0.87079520	 -0.71296440	 
-3.16686063	 1.50328314	 -0.70075738	 
0.01631025	 0.17445460	 -0.31400673	 
1.57863764	 -0.36480934	 -0.12391634	 
-0.82791767	 0.15117428	 -1.36473072	 
-0.53965881	 -0.22357232	 -0.14957716	 
-0.72779251	 -1.32472046	 0.22742993	 
-1.01953009	 -0.24146406	 1.07293169	 
-0.46393139	 0.04820756	 -0.52313142	 
1.38030566	 -0.66535890	 -0.38212214	 
-0.60325207	 0.44371299	 -0.18973673	 
1.67905956	 0.70837034	 0.10323788	 
-0.64932777	 -0.31416074	 0.11456990	 
0.64711700	 -1.62525717	 -0.16394301	 
-0.20427379	 0.99359297	 -0.39506362	 
-0.72656811	 0.36437930	 0.03804110	 
1.84633873	 0.34618739	 0.07876407	 
-0.81887120	 0.19890231	 0.12403814	 
0.14402320	 0.23254826	 0.63718932	 
0.49393308	 0.50489444	 -0.94983894	 
1.76489888	 -1.26767800	 1.66936476	 
-1.17935656	 -0.25711929	 -0.06472916	 
0.52276392	 0.04042852	 0.50422354	 
-0.00335798	 -0.10812188	 0.53899295	 
-0.87354634	 -0.23232700	 -0.91340092	 
-1.65773321	 -2.22341170	 -2.67334925	 
0.38294099	 0.14980023	 1.01745702	 
0.74276135	 1.35147374	 2.54426842	 
-0.14469621	 -0.18025377	 -0.06407550	 
0.72220650	 0.30554870	 -0.24973100	 
0.02709687	 -0.09950917	 0.33815236	 
-0.83785503	 -0.31473687	 1.28922518	 
-0.12875293	 2.14242608	 0.12475802	 
-2.48722043	 0.96232623	 0.10702884	 
0.57115774	 0.28935244	 -0.21899747	 
1.11631522	 -0.64508331	 -1.89070027	 
-0.06716516	 0.77717146	 1.34484244	 
-2.25393280	 1.97368285	 -1.19981586	 
-0.41975440	 0.71173812	 -1.59154052	 
-1.01429564	 1.52550477	 0.25603022	 
-0.27843859	 1.28014197	 0.86778667	 
-0.28593928	 1.58310845	 -0.68233685	 
-1.30933585	 -0.11534140	 0.72163473	 
-1.57389934	 -1.00429018	 -2.35952157	 
0.47103315	 0.71584865	 0.32465652	 
0.12103837	 0.56311596	 -0.24880604	 
-0.73108345	 -0.36119405	 -0.16674493	 
-0.24321702	 -0.71401304	 -0.77241710	 
0.46046423	 0.02091683	 -0.63674173	 
-0.09998712	 -1.40307155	 -0.59696806	 
0.02441269	 -0.21881381	 0.01500935	 
-0.90142692	 -0.88538083	 -1.32249480	 
-0.06134944	 0.64206062	 0.50462589	 
0.17931721	 -0.46457023	 -0.47282840	 
-0.57092592	 0.57540369	 -0.16247777	 
-0.52086534	 -0.29770060	 -0.10701434	 
0.53280759	 0.20880651	 -0.26132003	 
-0.57620120	 -1.46720010	 0.03995404	 
0.49037236	 -0.85740352	 1.11896209	 
0.13637690	 0.10071298	 0.32442359	 
-0.46838711	 0.63363042	 -0.54507063	 
-2.09108473	 2.36724074	 0.02287001	 
-0.88699267	 1.07989446	 0.76444336	 
-0.15977455	 0.18153602	 0.16362515	 
0.16083420	 -0.41604113	 0.03922937	 
-0.87221599	 -2.16252324	 -1.49002167	 
-0.52595583	 -0.15077167	 0.06503105	 
-0.59354987	 -0.85206705	 0.98068387	 
-1.40522588	 -0.68294794	 -1.25464846	 
1.91121137	 -0.16619761	 1.99760653	 
0.43647901	 1.12685411	 -1.48451691	 
1.07229258	 -1.47450751	 0.64202857	 
1.52578585	 -0.63826686	 -0.64353421	 
-0.86996521	 0.28849962	 -2.20162557	 
-0.86995738	 1.00960983	 1.96198444	 
-0.12328641	 0.34412243	 -0.34358868	 
-0.19509550	 -0.75689235	 -0.17568903	 
1.46584632	 -0.35523092	 -0.83607441	 
-0.73087504	 0.04862090	 -0.02006630	 
-0.29245975	 -0.78165264	 0.58029529	 
1.08176827	 0.13871986	 1.64947026	 
-0.60782711	 0.75035027	 -1.09150820	 
0.00023456	 -1.01263067	 -0.57693019	 
1.56577118	 -0.05691244	 1.90283538	 
2.36601510	 -0.13321446	 1.46869041	 
0.22507861	 -0.81417944	 1.17734807	 
0.75747894	 0.20647565	 -0.22818843	 
-0.27938788	 0.79821990	 -0.48316142	 
0.80614773	 0.28814178	 0.72795264	 
1.11365835	 -0.43508730	 1.72404686	 
-0.64248776	 -0.10054452	 -3.12646814	 
-0.20180905	 1.50879592	 -0.09286846	 
2.00213880	 -0.74112283	 -0.41823885	 
0.69285836	 -0.36886588	 0.66434041	 
0.82786648	 -1.05945539	 0.21184004	 
-0.50594262	 -0.20277307	 0.31226462	 
1.12829524	 0.62676701	 1.16952790	 
-1.57926263	 1.13070544	 0.92551624	 
-5.99282246	 -0.44506864	 -1.06617246	 
1.88958038	 0.18074777	 -1.00889285	 
0.64419458	 0.83685316	 -1.89962559	 
-0.41778560	 -0.21565228	 0.90300208	 
-0.00407138	 0.13766744	 -0.26640081	 
0.17922901	 -0.05747604	 -1.06355667	 
-0.82541966	 1.31670502	 -0.56108866	 
0.61574988	 2.00689010	 0.66664656	 
1.74898626	 -0.00228757	 -0.49810244	 
0.67286928	 0.30542785	 -1.11332497	 
0.05152244	 0.44678586	 -0.53948146	 
-0.40094315	 -1.19642023	 -1.00329103	 
0.26275556	 0.70432655	 -0.68881395	 
2.07687212	 0.23058191	 0.28585416	 
-0.60430605	 -0.47491998	 -0.81086168	 
0.05066784	 0.78788670	 -0.19361893	 
0.90845084	 0.54108597	 0.08863272	 
-0.29531620	 -1.56953198	 -1.33092909	 
-0.36166836	 -0.53950087	 0.98680166	 
0.20651430	 -0.25347883	 0.09641396	 
-0.40658141	 0.22216607	 1.84229716	 
-0.75538209	 0.03948741	 0.16187363	 
-1.48852404	 1.25490954	 0.38950180	 
0.43075408	 0.15343010	 -1.09755300	 
-0.07113922	 -0.35329935	 0.06726036	 
1.78065203	 2.04550611	 2.17216603	 
-1.32374047	 0.05156395	 -0.64845680	 
-0.83103005	 0.68221274	 0.00264448	 
0.33950307	 0.32348248	 -0.84017982	 
0.29980534	 0.45707037	 0.77578263	 
0.85049254	 1.27195331	 -0.37715895	 
-0.06947499	 0.03219376	 -0.07663002	 
-1.95829052	 0.69008778	 -1.43089070	 
1.02620969	 1.18992920	 0.55746379	 
-0.66380262	 0.35704237	 -0.42794209	 
0.09574155	 -0.39736233	 0.36999220	 
0.21250861	 0.92767177	 -0.16354257	 
-0.64989366	 -1.01651814	 0.23311951	 
0.49997389	 1.03653670	 -1.03169503	 
-1.32199002	 -0.73634041	 -1.47370309	 
-0.54282241	 -0.41353796	 -0.09581322	 
-0.96702152	 0.91408839	 -0.49421280	 
0.16119888	 -0.42959564	 1.71968767	 
0.57078234	 -0.08032363	 -0.17037899	 
0.28908442	 1.87187371	 0.12518403	 
-0.17661851	 -0.09616456	 1.34600520	 
-0.00162859	 0.14111849	 0.05075941	 
0.92567066	 0.20709492	 -1.08527844	 
-1.95053988	 0.71791423	 3.07430223	 
1.04554211	 -0.24318683	 -1.10613684	 
-0.08485066	 0.12284471	 -0.08162452	 
-0.47211037	 0.29477256	 -0.43960539	 
1.45027457	 0.10690066	 0.37096533	 
-0.01654908	 -0.37295253	 -0.05921977	 
0.60886825	 -0.70284034	 1.61628307	 
-0.25512720	 0.68907749	 -0.40393639	 
0.04911709	 2.00913348	 -0.59798943	 
1.43398469	 1.38653197	 0.35988470	 
-0.39427366	 -0.66139661	 0.68542896	 
1.36056341	 -0.37317015	 0.09766669	 
1.65849548	 1.83320898	 -0.22789070	 
-1.62758936	 -0.39053178	 2.28885852	 
1.69239413	 2.66825094	 -1.14680517	 
0.13091884	 -0.40565413	 0.21105485	 
-0.35104274	 1.25990235	 -2.53692608	 
0.41008314	 1.19384434	 0.66504081	 
-0.54033643	 -0.54942247	 -0.66061045	 
-0.20930291	 0.07376984	 0.45578590	 
-1.80433045	 -0.12891692	 -1.02013108	 
1.40562534	 -0.54188087	 -0.33214988	 
0.02844319	 -0.98724312	 0.64144622	 
-0.00698027	 -0.03942663	 -0.79709901	 
0.27684419	 0.83466313	 -0.86896869	 
0.12148390	 -1.14510553	 -2.08793457	 
0.28710672	 0.90338612	 0.27188107	 
0.73107236	 0.17413908	 -0.42223040	 
-0.37364814	 0.12362291	 -0.79051983	 
0.08866154	 -1.32437881	 0.23444114	 
-1.08334289	 -0.83748373	 -0.43888498	 
1.09125975	 0.95224166	 0.04929635	 
-0.51208706	 0.44531891	 1.11966032	 
-1.28922644	 1.05544703	 0.72347463	 
0.24089160	 0.28273909	 0.60587564	 
-0.32547722	 1.68118431	 -0.23265677	 
0.11901489	 0.16976454	 0.88263890	 
-0.29305628	 -0.00881617	 -0.52920753	 
2.35369156	 -0.34565898	 -1.27268878	 
-0.38774460	 0.08252410	 -1.74056411	 
-0.26796402	 -0.13970516	 -0.35912240	 
-1.39958802	 0.82928036	 0.88693019	 
-0.48924602	 -1.15843961	 -0.26050505	 
-1.14467120	 -0.17156025	 0.16213111	 
0.41485843	 -0.27565439	 -0.00014543	 
0.30245140	 0.87459474	 -0.63217931	 
-0.33545553	 0.68807318	 1.20494637	 
-0.06253852	 -0.53784169	 -0.13247997	 
-0.56515393	 0.23053194	 0.27715855	 
-1.17450631	 1.04128601	 -0.64814740	 
0.15962439	 1.06124931	 -0.53400164	 
-0.00266315	 -1.41548706	 -1.91764476	 
-3.92927758	 1.40194696	 -0.31477158	 
0.01025147	 -0.53444054	 0.44762721	 
0.56431237	 2.06013859	 0.04021193	 
0.97985491	 0.47140890	 0.93820675	 
1.43145265	 -1.65963197	 -0.24835527	 
-0.52460868	 0.03937182	 0.08707829	 
-0.82113795	 -1.11817455	 0.33924959	 
0.35957465	 0.08160255	 -0.40714320	 
-0.29227501	 2.14298439	 0.14813061	 
0.80076824	 0.19126937	 -0.42753831	 
-3.28575673	 0.33859429	 3.15017976	 
0.01576643	 -0.10083943	 0.42327662	 
-1.05786503	 -0.63319230	 -0.98382870	 
0.02340897	 -0.47096490	 0.15468068	 
0.47619434	 -1.28747357	 -0.20397770	 
-0.02118071	 0.86819909	 0.14837668	 
2.21823657	 0.85170455	 1.59270113	 
-0.61004035	 1.61834932	 1.86029373	 
0.77519851	 -0.89547585	 1.08906877	 
-0.86860489	 0.00226655	 -1.15492562	 
0.24909123	 0.16945781	 0.88220594	 
-0.64820701	 0.30538729	 -0.15424263	 
0.16187556	 -0.35559082	 0.95872602	 
-0.26657058	 -0.00955747	 2.22106828	 
0.01635404	 0.16546094	 0.90356727	 
-0.68015004	 0.30709419	 -0.39268714	 
-0.13038848	 0.79723155	 -0.08595988	 
-0.35900093	 -0.10894088	 1.68660944	 
-1.76307574	 0.08052819	 0.33789005	 
-1.53716653	 0.93786023	 0.02911157	 
-0.04835439	 0.42651917	 -0.96269902	 
0.90841703	 -0.25303225	 -1.88852632	 
-0.25614404	 -0.25475693	 0.08701913	 
-0.31355951	 2.05417288	 0.43106668	 
0.83531284	 -0.34840614	 -0.00178960	 
0.38690721	 -1.07353413	 -0.15411608	 
-0.27581035	 -0.30424345	 -0.19405349	 
-0.00479145	 -0.25516329	 1.05774054	 
-0.42935692	 -0.12872297	 -1.66396567	 
-0.59783691	 0.36980107	 -0.30947883	 
0.41499320	 -0.44525112	 -0.91475306	 
-0.03109719	 -0.30060872	 0.48627320	 
0.02789826	 -0.01814136	 -0.19748912	 
-0.23393446	 0.54769197	 0.24849067	 
-0.25681611	 -0.86201968	 0.02009494	 
0.44231675	 0.15433895	 0.65534962	 
-0.67049414	 0.46190569	 0.02971562	 
0.62254130	 0.25291648	 0.19990493	 
0.10299751	 3.73700859	 -0.48985763	 
0.99492039	 3.06772870	 2.09896188	 
0.19613510	 0.40549163	 -0.58149843	 
0.99593275	 0.06112050	 -1.41470356	 
1.68802617	 -0.47977488	 0.74469634	 
-0.16912321	 -0.74739870	 -0.37603909	 
-0.15669586	 -0.78466212	 1.63614473	 
-0.70021547	 -0.08215825	 -0.24631583	 
-0.37069168	 -1.46441903	 0.48281350	 
-0.01527598	 0.37563717	 1.15750998	 
-0.68302287	 0.19148584	 0.61628233	 
-4.21699140	 -0.98477348	 -0.35671798	 
0.40325003	 -1.59637736	 -1.71862199	 
-1.22289410	 -1.24343771	 -1.98388414	 
-1.27219364	 2.49935470	 1.04257792	 
0.21927370	 0.89481776	 0.00935365	 
-0.97525362	 0.87810957	 -0.30174159	 
0.01322878	 0.40744859	 0.06730044	 
-1.46743863	 -0.59260276	 0.96235904	 
-0.77970748	 -0.58801108	 -0.71793844	 
-0.67993365	 -0.44695451	 -0.78418173	 
-0.03402666	 0.28701236	 -0.22421042	 
0.19527226	 0.89968127	 1.50300846	 
-0.16712916	 -0.08413897	 1.33227993	 
-0.28386683	 -0.09716060	 2.49069552	 
0.89215262	 1.18032647	 0.48699732	 
-0.46963161	 -1.13312069	 -0.88192345	 
-0.23269129	 0.09352858	 1.97148505	 
-0.59784687	 -0.41329690	 -1.85771045	 
-1.13149774	 -0.88429983	 0.03740351	 
-0.10785680	 0.14882034	 0.28764673	 
0.36288547	 0.19662353	 0.23681303	 
0.46783132	 0.17432725	 0.48376369	 
-0.24480304	 0.01058187	 -0.57102663	 
1.51659788	 1.46839985	 -0.70721217	 
1.45598049	 -1.21542940	 -0.39007233	 
0.77982228	 1.16522395	 -0.59917583	 
-0.36233496	 -0.75589914	 0.27418568	 
-0.16869429	 -0.95175691	 0.07529103	 
-0.89573605	 -0.12195513	 0.22384768	 
-0.40926550	 0.43932781	 2.74569367	 
0.87970844	 0.12068788	 0.07593039	 
0.86011734	 -2.43481226	 0.99538079	 
-0.03136800	 -1.49425466	 -0.25949132	 
-0.07373187	 0.63239905	 0.28445786	 
-0.45669058	 2.04443893	 1.54663083	 
1.56417799	 -0.71565931	 0.86695995	 
-1.53214351	 -0.19792936	 -0.97570939	 
-0.43876344	 0.05576746	 0.19052409	 
1.71717215	 2.35448578	 -0.77243508	 
1.83215149	 1.10083827	 -1.47584994	 
-0.71663945	 -0.28867059	 0.01177509	 
-1.29001081	 1.51721431	 -0.88643470	 
-0.38386657	 -0.56246973	 -0.88214890	 
0.35217064	 -2.15343690	 1.62849080	 
-0.00615219	 -1.69458187	 0.64442825	 
0.69585355	 -0.38538310	 -1.80697646	 
-0.15729761	 -1.95876504	 0.53944668	 
-0.20675051	 0.64349157	 0.32012943	 
0.26709003	 0.37028324	 -0.15215082	 
-0.00540323	 -2.45859299	 -0.25028974	 
-0.16017446	 -0.55431352	 -0.82199571	 
0.85690337	 -0.58222096	 0.13781076	 
-0.21179216	 -0.21452499	 -0.14060962	 
0.94517878	 -0.54517341	 0.63944312	 
-0.56746888	 -2.00494197	 2.61190130	 
-0.01568433	 0.56872895	 1.28792537	 
-1.36522586	 0.78593274	 -1.38380191	 
-0.58745461	 -0.95080626	 -2.18948830	 
0.54337584	 -0.79449069	 0.06908611	 
0.63722052	 -0.10109684	 -0.37446938	 
0.34668562	 0.15701627	 -0.42082900	 
-1.69579506	 -0.57841035	 -0.60600412	 
-2.33397959	 0.44170486	 -0.09015136	 
-0.68370887	 0.53835257	 -0.38844329	 
-1.07470887	 -0.34769986	 -1.37827363	 
-2.28280837	 1.24297613	 -0.15891945	 
0.37137653	 -0.66037364	 -0.09801180	 
-0.49198743	 -0.81849481	 -0.77236963	 
2.40857950	 0.21666667	 -1.12803279	 
0.62062065	 0.73843677	 1.35840355	 
-0.23666357	 -1.05347444	 -0.54375373	 
-0.01782987	 0.03557896	 -0.50732363	 
0.11214325	 -1.65627543	 0.04965062	 
-0.46994754	 0.59058617	 0.11301554	 
0.72380366	 -0.26343335	 -1.11117405	 
0.82909381	 -1.15370006	 -2.01276848	 
-0.30686057	 -0.14910168	 -0.20226459	 
-0.44148326	 -0.65742072	 -2.24491073	 
0.82346922	 2.72297362	 -0.44267421	 
-1.71154797	 1.51694669	 1.66162917	 
-1.01450716	 0.79340127	 -0.63071819	 
-0.26588826	 1.06638412	 0.47519148	 
-1.07198222	 -2.89682696	 0.13861958	 
-0.09107890	 1.06567176	 -0.39985435	 
2.89031903	 -1.28331806	 0.40717026	 
0.08032466	 1.71756789	 0.48600339	 
0.34615210	 -2.79259226	 -0.50621336	 
-0.34364770	 -0.39636531	 0.64611434	 
1.00777012	 0.38720676	 3.21273953	 
-0.84691338	 0.81221267	 -0.27976507	 
1.04517228	 -1.99321560	 -1.86925425	 
-0.38447496	 0.62127260	 0.49579001	 
-1.81950074	 0.79431581	 0.81109074	 
0.37469294	 -0.25059055	 0.58521440	 
-0.10955292	 -0.13070252	 -0.42618863	 
-0.39126045	 1.04448925	 -0.27026744	 
-0.51972774	 0.28093392	 0.50326083	 
-0.54095330	 -0.72456170	 0.34264370	 
0.76554074	 0.06317943	 -0.43065217	 
0.23590457	 0.66980821	 0.68187041	 
0.66312619	 -0.20019867	 -0.41136550	 
-0.44262453	 0.35600431	 -0.04560887	 
0.39878792	 0.07698574	 0.52627524	 
-1.00267554	 -1.48622219	 -0.75252794	 
0.38141060	 0.63533935	 0.63450440	 
0.62752820	 1.72236965	 1.93860377	 
0.70716696	 0.47968400	 0.24334457	 
-0.53480391	 -0.57553287	 0.58128980	 
1.96588400	 1.02006015	 -0.59624128	 
-0.43856107	 -0.08391358	 0.35568032	 
0.39530423	 0.02965864	 -0.23084307	 
-1.24468032	 0.51140682	 0.48765935	 
-1.14883409	 0.73967437	 0.85689620	 
-0.16536501	 0.23167541	 -0.79248925	 
-0.27419812	 -0.11860347	 -0.16325024	 
-1.56619483	 0.13632172	 1.34300975	 
-0.88363734	 -1.48184254	 0.53649370	 
0.08876033	 -2.10314224	 -1.39179823	 
-0.19881600	 0.05302146	 1.07569371	 
0.31492850	 -0.03508668	 -0.38449394	 
0.55602317	 0.71923308	 1.84363036	 
0.15669602	 0.06686771	 -0.15468380	 
-1.94081946	 1.82806381	 -1.65003452	 
0.97885181	 -1.16696076	 0.57636476	 
0.02876019	 0.90812890	 0.70020399	 
-0.58699178	 -0.19044260	 -0.70898317	 
0.25517010	 -1.03743371	 -0.58872885	 
-0.72307679	 -3.62024394	 -0.04668843	 
1.69652591	 2.41864435	 0.84919014	 
1.12386824	 0.18985456	 1.55508282	 
-0.93692472	 -0.54349443	 0.77244119	 
0.93868239	 0.77291506	 0.29974160	 
0.01018717	 1.14553036	 0.31536706	 
0.80892582	 0.42687862	 0.12331559	 
-0.89916163	 0.80618661	 -0.16018948	 
0.78733645	 -0.13066602	 -0.21402326	 
-0.08971100	 -1.33218516	 -0.68098867	 
-1.33054211	 -1.67622652	 0.52767882	 
-0.93739646	 -0.60190436	 -0.86479013	 
0.79971193	 1.15934475	 0.64631209	 
-1.50063233	 0.10130449	 0.30477802	 
0.51372127	 -0.85825971	 -0.70519902	 
2.62149344	 -0.07629342	 1.07890157	 
-1.72077676	 -1.74251366	 0.51647818	 
-0.88168179	 -0.20776449	 0.07922493	 
2.96927167	 0.01576893	 1.64501916	 
0.15208669	 -0.25990138	 0.71825817	 
-0.68267031	 -1.75882239	 1.02986147	 
-0.64032378	 -0.12693077	 1.01963037	 
0.42745598	 0.34154693	 0.80212576	 
-0.49072722	 0.03733411	 -0.24148221	 
-0.17949116	 -0.17235776	 -0.40397198	 
-0.45315714	 -0.79296981	 -0.39549092	 
-0.11712152	 0.59092641	 -0.42698008	 
-0.40959086	 0.57262734	 1.35543663	 
-0.15872856	 0.33331214	 1.22550639	 
-0.20851574	 -1.24605301	 0.30078459	 
-0.37982898	 0.24258334	 -0.07918177	 
-0.11404416	 1.32505199	 0.45813170	 
0.38129414	 0.98035295	 1.58270836	 
0.80048299	 -0.81994946	 0.23516405	 
2.40336707	 -2.30543083	 -0.21637469	 
0.71867413	 0.36075576	 -0.50164000	 
0.87196955	 -0.58773216	 -0.36380133	 
0.12174302	 0.43021107	 -0.50244862	 
-0.29541002	 -0.76450443	 0.21711381	 
1.31378792	 -0.21520825	 1.15638613	 
-0.74816710	 -0.53243028	 -1.17975790	 
-1.08856337	 -1.95365384	 0.33561384	 
-0.33195274	 0.37024990	 0.09207505	 
-0.64472417	 -0.23708010	 -1.07064599	 
0.05990498	 0.36735174	 0.66603499	 
1.25437307	 1.29981528	 0.10124269	 
0.10396663	 0.94227965	 1.10186472	 
0.22856235	 -0.21956220	 -0.37964579	 
-0.10975122	 -0.48506056	 0.16616282	 
-0.19806824	 1.11045287	 0.70482340	 
0.18576737	 -0.05038197	 0.03381461	 
-1.78757897	 1.10310253	 1.67713791	 
-0.33181196	 -0.05071899	 0.07388148	 
-0.05564318	 0.20356537	 -0.27357645	 
0.91821749	 0.19773863	 0.86781159	 
-0.38665078	 -0.69971909	 -0.59987171	 
0.34968707	 0.24315769	 1.21160984	 
1.15789487	 1.00264929	 0.30496532	 
0.43981442	 0.34860276	 -0.33370020	 
-0.26490412	 0.37009681	 -0.36131066	 
0.77867064	 -0.19175493	 -1.86033843	 
0.55731017	 0.25333634	 1.15502657	 
-0.44304480	 -1.94939644	 -0.23159484	 
-0.46705871	 -1.86756421	 0.25008737	 
4.24071770	 2.16914213	 0.46199191	 
0.02602151	 -1.45951335	 0.65371516	 
-0.56409257	 -0.94987352	 0.09123725	 
1.15295330	 -1.57021530	 -0.42769714	 
-0.24667406	 0.56729338	 0.47232344	 
0.28688438	 1.13261808	 -2.31359688	 
0.47043613	 1.37881618	 -0.05792251	 
-0.02219625	 0.10179162	 -0.01025474	 
1.72820944	 -1.85514850	 1.04767378	 
0.13834494	 1.70452837	 0.03738628	 
0.28811785	 -0.36331865	 -0.71026922	 
-0.27596560	 -0.88873570	 -0.77196618	 
-0.92804425	 0.06306581	 -1.01484326	 
-0.40033111	 -0.17107143	 0.79901634	 
-0.44168670	 0.71818234	 1.32511757	 
0.78012327	 0.57511256	 0.20142652	 
-0.53657843	 0.30359750	 -0.55423232	 
1.09541504	 0.11741466	 -1.51389953	 
0.09110420	 0.64141308	 -0.92697831	 
-2.18037608	 -0.40727974	 -0.67711064	 
-0.72739727	 0.04199429	 1.26683955	 
0.55464714	 0.14081631	 0.70674460	 
0.27447454	 -0.26757680	 -0.64968555	 
-0.76720748	 -1.80033947	 -0.49824699	 
0.28295352	 0.40428495	 -1.69712740	 
-0.52306323	 -0.09793887	 -0.23334078	 
2.07852063	 0.11586301	 -0.71048996	 
0.23007052	 -0.33972065	 0.76523049	 
-0.46764684	 3.95942408	 -0.24328633	 
1.02511346	 -0.79590542	 1.01336707	 
-0.01205881	 -0.67916665	 -0.11476074	 
-0.03527882	 -0.69035612	 -1.41183986	 
-0.13695920	 -0.05791469	 0.87287067	 
-0.60430647	 -1.34138643	 -0.23600847	 
0.26903535	 0.06083775	 0.45832000	 
0.11010510	 -0.88649948	 0.54011237	 
0.11452226	 0.03054016	 0.39004334	 
0.40309745	 0.33715566	 -0.69869997	 
-0.19701680	 0.96200612	 -0.62440168	 
1.88923316	 -1.24162828	 0.12157070	 
-0.19514203	 0.00837331	 0.86951789	 
0.72729790	 -0.90802534	 0.78331352	 
0.06075826	 -0.79936642	 -0.40616127	 
0.86495574	 -0.86417164	 0.40269879	 
0.21702910	 -0.34569632	 -0.74927637	 
0.56240730	 -1.75225804	 1.45310555	 
-0.04010362	 0.79611534	 0.13030672	 
0.16726325	 -0.40434904	 1.17170036	 
-0.35478055	 -1.25998883	 1.57524235	 
0.52646309	 0.72820824	 -0.65713131	 
0.87498143	 -0.52739373	 -0.59189060	 
-0.41377113	 0.92082350	 -0.74195504	 
0.74730047	 1.58561045	 0.15847477	 
0.85161389	 0.78287756	 0.57436847	 
0.04866228	 2.07685379	 0.84861588	 
0.31355083	 -2.52132857	 0.18505918	 
0.33431203	 0.69302111	 0.83150899	 
-0.16148195	 -1.13808723	 0.08255577	 
0.80779941	 0.08591693	 0.38525588	 
0.22435453	 -1.36845251	 -1.53381660	 
0.94433315	 0.37738108	 -0.93409462	 
-0.26963589	 3.21605912	 -0.30996835	 
-0.77110935	 -0.19474468	 -0.06127603	 
1.43988037	 -1.02267050	 0.18935521	 
1.33792847	 -0.38225937	 0.18324336	 
1.35272964	 0.05471237	 -0.17398033	 
-0.89787090	 -0.17641899	 -0.30364312	 
0.69704743	 -0.06119570	 -0.34357252	 
0.23006976	 -0.66622217	 -0.55793069	 
-0.53658592	 0.12463156	 0.64450601	 
2.45059219	 0.19130800	 0.23491427	 
-0.64425551	 -0.24233248	 0.43773936	 
0.41104474	 0.33451177	 0.25334951	 
0.23689783	 1.17643577	 0.00132530	 
0.45347527	 -0.62638835	 1.30889744	 
1.32065411	 -0.03060468	 -0.03164497	 
0.63497409	 -0.60216569	 -2.45118864	 
0.46342191	 -0.81688601	 -1.43400233	 
-0.38921292	 0.13430932	 0.43699345	 
-0.09291363	 0.95922564	 -0.23251361	 
-0.13378999	 0.09398553	 -0.56188664	 
-0.40013175	 0.07766050	 -0.23493513	 
0.77484853	 1.89283475	 -1.84074747	 
0.38580100	 0.46788071	 -0.79120682	 
-0.38568938	 -0.98801179	 -0.35672959	 
1.44690739	 0.30794613	 -1.39035401	 
-2.05700230	 2.37679705	 0.34301874	 
-1.52960012	 -0.50328382	 0.56987041	 
0.92864502	 1.78257786	 0.56787405	 
-0.50600456	 -0.44170265	 -0.30919568	 
-1.01227375	 0.97042159	 -0.44872940	 
-0.59178075	 -1.92193648	 1.37994327	 
0.15507068	 -0.59719151	 0.54917073	 
0.88346533	 2.08472386	 0.84856113	 
-1.46387523	 1.17145222	 0.65744274	 
0.64701630	 1.53438016	 1.36269494	 
0.61278658	 -0.88868731	 -0.44526954	 
-0.03434940	 0.26430800	 0.01297882	 
-0.17013957	 1.64876624	 -1.24196661	 
1.54758727	 0.33280860	 1.34780077	 
-0.48887217	 0.75294050	 0.46462697	 
-3.63799271	 1.75691569	 -1.11000738	 
0.09827615	 1.02303283	 0.72452067	 
1.04364567	 -0.42060714	 -0.82373593	 
-0.02897231	 0.06491314	 -0.59823580	 
1.65316233	 0.76596554	 -0.35556791	 
0.47154756	 -0.66717312	 -0.24576387	 
0.77378612	 0.16110961	 0.85176056	 
-0.13681352	 -1.82130638	 -0.86682690	 
0.38743266	 0.32293131	 -0.27255075	 
-0.37308271	 -0.67092421	 -1.42145924	 
-1.46183533	 1.70528054	 -0.65480765	 
-0.15657859	 0.57748240	 0.75582053	 
0.82405418	 0.77429818	 -0.16925073	 
0.17514723	 -0.65290666	 0.93402345	 
-1.08647367	 1.66245476	 -0.04267849	 
1.49172525	 1.26253569	 -0.87794088	 
1.77442384	 2.00638970	 -0.48410383	 
1.27525412	 -0.39245390	 0.94747986	 
-1.34238025	 -0.48537630	 1.90762718	 
-0.57006788	 0.06450834	 0.17245065	 
0.02170675	 -3.10493799	 -0.05815799	 
0.16703577	 -0.12811066	 1.87332292	 
0.80899014	 0.23135535	 1.29575934	 
-0.47310528	 0.19755034	 -0.16380463	 
-0.53824593	 0.16684396	 -0.43672740	 
-0.13112232	 -0.59156308	 -0.52918617	 
-0.12772567	 0.07726778	 0.36881415	 
0.78654435	 -0.59818227	 -0.08301900	 
-1.35605584	 1.78102749	 -0.48732223	 
-0.55546154	 -0.87845206	 0.20292860	 
-1.58566881	 0.46946872	 -0.00662176	 
0.53260798	 -0.15898549	 0.47958284	 
0.46294782	 -0.53706923	 -1.75836186	 
0.18702087	 -0.08385506	 0.27759285	 
1.29342128	 1.00095366	 1.09159289	 
-0.02249854	 0.57401023	 0.56024670	 
-0.51697482	 0.70228911	 -0.09923321	 
-0.41807002	 1.57911670	 -0.85642528	 
-0.09053553	 0.53711913	 0.97437572	 
0.35921899	 -0.24823646	 0.40538630	 
-0.89026456	 3.81338676	 0.90424367	 
-0.56208686	 -0.51429925	 -0.49656254	 
0.86372769	 0.35912140	 0.61651377	 
-1.51716289	 -0.00588659	 -0.52532031	 
-0.21517586	 0.72565156	 0.46740327	 
0.17718515	 0.02496247	 -0.16385506	 
0.87149526	 1.29201429	 0.30801566	 
-0.33077862	 -0.19318719	 -0.14244267	 
-0.36638729	 -0.72463907	 -0.03868372	 
0.08366876	 1.14643048	 -0.75036331	 
-0.29703275	 -1.91207911	 -0.07631999	 
0.22476228	 0.31349823	 -0.36346976	 
0.05250654	 -0.12888770	 0.25856042	 
1.44690541	 -0.33014894	 1.54857422	 
-0.55263385	 0.85255831	 -0.14280689	 
-0.68863578	 0.19941901	 0.17962294	 
0.06423503	 -0.31330776	 0.18388828	 
-4.48701473	 2.41159330	 1.33840085	 
1.16148072	 -0.19899705	 1.69509083	 
0.22449312	 -1.05061242	 -1.13173633	 
-0.58414821	 1.39729827	 -2.16763849	 
1.53454418	 -2.17200313	 0.66708641	 
-0.80611436	 0.92533198	 -0.52352407	 
-2.41004642	 0.73503525	 0.29072587	 
1.26756746	 -0.68358871	 1.40475680	 
-0.40813702	 -1.25793891	 0.65993673	 
-0.70835786	 0.46227262	 0.68977368	 
0.29842585	 -0.61215897	 0.30201503	 
-1.29545407	 -3.01093470	 0.46180832	 
-0.10294449	 0.86257511	 1.61558047	 
0.55663344	 2.10610468	 -1.03917998	 
-0.12009524	 -0.23110522	 -0.06701739	 
-0.59589216	 -1.78238735	 -0.52738558	 
0.45174441	 0.15467373	 -0.15059884	 
0.55314087	 0.13615666	 -0.07443575	 
0.75944164	 -0.90988291	 -0.01474846	 
-0.67874583	 0.79384234	 0.94491466	 
-0.58286460	 -0.61861071	 -2.44949897	 
0.27742857	 -1.72501611	 -2.28707982	 
-0.92561727	 2.11455972	 0.81359597	 
-0.19541928	 0.25392433	 0.10695723	 
-0.66982549	 1.34404827	 -1.58419321	 
0.84225039	 1.44187030	 -1.23809541	 
-0.04290588	 -0.75605935	 0.79919947	 
-0.58017165	 0.69892408	 -0.66224536	 
-0.14818612	 0.57316567	 0.35099398	 
1.52153559	 -0.94846662	 -0.68916620	 
1.43374917	 0.41743213	 -0.24080434	 
0.41701391	 0.05929646	 0.19155264	 
0.00760675	 1.68652496	 -0.77334507	 
-0.57900423	 -2.37197731	 1.63980064	 
0.90425773	 -0.61297149	 1.32817564	 
0.41137201	 1.63086368	 -0.26022113	 
-1.23493433	 -1.55182841	 1.90135671	 
-0.38873439	 -0.72610925	 0.28914538	 
0.53637388	 -0.12276439	 0.25161544	 
-0.92131379	 0.19240095	 -1.55942920	 
0.00128822	 -0.48098805	 1.30599458	 
-0.25847557	 -0.95891029	 1.43402471	 
0.12849661	 0.16887145	 0.45598299	 
0.06386581	 -0.50917459	 0.43983512	 
0.71085522	 0.86475923	 -0.59207785	 
-1.26376807	 -3.30935748	 1.88682540	 
0.58240811	 0.12598763	 -0.52980772	 
0.54291608	 -0.01517743	 0.44207030	 
-0.01118513	 -0.63884475	 0.99023345	 
0.25408334	 -0.52615037	 -0.46718205	 
-0.95714703	 1.37067308	 0.73799779	 
-1.75484310	 0.22479182	 0.39230262	 
0.20449423	 -0.44656869	 -1.18792744	 
-0.03902895	 -1.76220171	 1.27059282	 
0.21467755	 -0.94625367	 1.15516814	 
-0.84214395	 0.70093158	 0.54313738	 
-0.36134064	 -0.30851730	 0.05061520	 
0.31794431	 -1.77182929	 2.10773995	 
1.37074402	 -0.13436868	 -0.98162188	 
0.57861962	 -0.81418881	 1.40475787	 
-0.32207477	 -0.59758198	 0.78031049	 
1.38766598	 -1.12755928	 -0.47396460	 
0.76773259	 0.39019628	 0.64687450	 
-1.38122935	 0.68893577	 -0.04877958	 
-1.16573044	 -0.97030497	 -0.01442168	 
-0.60531596	 -1.06423819	 1.53324771	 
1.37602860	 -1.52792366	 0.45383943	 
1.43879611	 -0.24539376	 0.81732870	 
-1.99770103	 0.13180842	 2.39829569	 
-0.95421196	 3.10093122	 -2.53135127	 
-1.98996695	 1.60762145	 0.54536610	 
-0.64224883	 2.42815381	 0.52261031	 
-1.46877106	 0.58569777	 -0.11657611	 
-0.59142365	 -1.07116806	 2.36928409	 
-4.28197108	 -0.80388533	 -0.40761802	 
-0.97041542	 -2.93530432	 2.15011937	 
0.44952184	 0.27260298	 -0.23597363	 
-0.53144315	 0.27190340	 0.87964209	 
0.27778986	 -0.18613820	 -0.31647672	 
-2.51143430	 -1.17518606	 -1.34704447	 
0.01072084	 -0.02136038	 -0.23701501	 
1.14189061	 -0.03243934	 1.01799312	 
0.60322028	 0.36742902	 0.40530664	 
-0.08507910	 -0.05761766	 -0.38170161	 
1.48004214	 -0.62066562	 1.53208082	 
0.26541616	 1.37360227	 0.61075996	 
-0.62256730	 0.43901149	 0.89853705	 
0.55324735	 0.17017566	 -1.30780443	 
0.58547709	 0.12501064	 -0.79893948	 
-0.73942989	 0.50071503	 0.04346038	 
0.69927913	 -1.36061754	 1.21695234	 
1.18425531	 -0.25623530	 -1.40848568	 
-0.07644846	 -0.04093482	 0.26903985	 
1.38616206	 -0.15053179	 -0.99493998	 
0.05525415	 0.46580252	 0.59100946	 
-1.90440348	 -0.38766660	 0.34183223	 
-0.03946020	 0.98629714	 1.04065065	 
0.43903655	 -2.67961338	 -1.75899348	 
0.76150734	 -0.78890233	 0.20661199	 
1.59251047	 0.75038604	 -1.39988321	 
-0.37276278	 -0.49218525	 -1.37673007	 
0.27421424	 0.62566662	 1.94103310	 
-0.20977261	 -0.94664459	 0.07559484	 
-0.64958138	 0.37130649	 0.22646147	 
-1.47271261	 0.82250381	 -2.64100498	 
-0.67948624	 -0.13639291	 -0.02546497	 
1.47537694	 -0.62016160	 0.78905621	 
-0.07041317	 0.05447965	 -0.73005284	 
-0.32183874	 -0.60352463	 0.07471712	 
1.62640459	 0.83933482	 0.22032850	 
0.71102136	 1.66496398	 -0.81437126	 
1.43444899	 0.42375586	 -0.17738313	 
0.77570016	 0.54841526	 -0.63768018	 
-0.28100408	 0.22896779	 0.30738294	 
0.72994984	 -0.43244028	 -0.19954758	 
-0.87335290	 -0.31295727	 0.13604505	 
-0.23234337	 -0.38220455	 -0.14458183	 
-0.20676172	 -0.24300750	 0.54805952	 
1.91253047	 -2.50690296	 1.59897456	 
-0.66981801	 -0.83338721	 -0.41593790	 
1.45475392	 2.36566958	 0.88599119	 
2.35161730	 1.77581051	 -0.92496993	 
0.72287610	 -0.31530232	 0.99713479	 
-0.40680845	 -0.33615672	 0.13848632	 
0.20030415	 0.33512092	 0.36631511	 
0.88366672	 -0.57928164	 0.01870907	 
-0.20591588	 -0.06628826	 0.72599218	 
0.39452366	 0.46209565	 -0.29568440	 
-1.21433475	 0.28395752	 -0.48586008	 
-0.69134116	 0.15407028	 0.34876089	 
1.04692387	 -0.79114305	 1.22700625	 
0.06323827	 0.62998861	 0.90051258	 
-1.00944476	 0.39734054	 -0.79332369	 
0.31536203	 -0.55682247	 -0.56440655	 
0.82445500	 0.20839472	 -1.56067176	 
1.45414836	 -0.07968449	 -1.09441161	 
0.16658942	 0.72834249	 0.49431399	 
0.05569647	 0.24493997	 -0.93734392	 
0.54755014	 1.07507671	 -0.86818539	 
0.04169454	 0.16190368	 -0.18280204	 
1.16048226	 -0.08536100	 -0.28933882	 
-2.53152887	 -1.36561515	 2.82427996	 
0.19202332	 -0.43927794	 -0.53212217	 
0.81531634	 0.29191788	 -0.15390286	 
1.00903754	 -0.12324094	 -0.34287944	 
-0.26094072	 -0.28328507	 0.00697487	 
-0.30025571	 -0.06127592	 0.78164138	 
-1.28802240	 3.34513834	 -0.25880538	 
1.57510379	 -1.60146567	 -0.63575369	 
-0.05635767	 -1.11878367	 0.10822181	 
1.58482976	 -1.96863005	 -2.00312762	 
-0.75887342	 -0.78182125	 -0.29869185	 
0.93360776	 -0.10759563	 -0.07838833	 
-2.11327771	 -1.44260689	 0.52103534	 
-0.46291137	 -1.69203444	 -2.40626537	 
0.57434134	 -0.44946395	 0.86722913	 
-0.17622162	 1.22681295	 -0.29523246	 
-0.12051901	 0.24796145	 -0.79925384	 
-0.42609651	 -0.34196144	 -0.92864908	 
2.11948960	 0.61048827	 1.33759173	 
-1.57854334	 -1.36458108	 0.54124565	 
0.42662750	 0.01236049	 2.50538186	 
0.04659452	 0.86500767	 0.90883582	 
0.06990552	 0.05255925	 -0.91349464	 
0.71011868	 2.68965314	 0.68261806	 
-1.04444848	 1.65982332	 1.77614640	 
0.81984279	 0.21639078	 -0.73518561	 
0.76991378	 -0.74552587	 0.48875038	 
0.32733765	 -0.72608614	 -0.74079075	 
-0.28873993	 0.13823465	 0.02502906	 
-1.23529547	 -1.02548956	 0.43486772	 
-1.63835047	 -1.39170105	 -2.10714710	 
0.28305164	 -0.40907491	 -0.99619138	 
-0.12278067	 -0.43706164	 -1.01294435	 
1.02468285	 -0.03957400	 0.13026602	 
0.32158068	 0.36747300	 -0.00601422	 
-0.38470389	 0.69635199	 -0.99918237	 
-0.66865758	 0.74903397	 0.78154406	 
-0.36206630	 1.77498845	 0.16587544	 
0.71973406	 0.19236269	 -0.05491604	 
-0.67028115	 -1.21620760	 -1.13858450	 
0.29547726	 1.00117498	 0.15762116	 
-0.12776027	 -0.47073045	 -0.10983950	 
-1.04608289	 -0.34857373	 -0.27792224	 
2.31580384	 0.90232180	 1.75465627	 
-1.47707553	 -1.03163348	 -0.33639305	 
0.32293562	 0.18801896	 -1.30710562	 
1.74695290	 -1.10513085	 0.29575065	 
0.03625052	 -0.47081484	 0.23185333	 
0.60244582	 1.08112778	 1.17080349	 
0.11008843	 -0.25799198	 -0.35509924	 
2.16928195	 1.12115284	 -0.19358504	 
0.31155090	 -1.36489139	 -0.14442956	 
1.16258458	 -0.34606865	 -0.11964320	 
-0.59673822	 0.21560400	 0.57819373	 
-0.15018929	 -0.31469576	 -1.02207203	 
0.34704269	 -0.73558577	 1.94392826	 
0.19331099	 0.78398462	 -0.18162674	 
-1.03124954	 0.35303129	 -0.79689592	 
-0.34627675	 -2.47949661	 0.09522576	 
0.73457703	 -0.95463750	 -0.19936690	 
0.61948357	 0.08925651	 -0.28442548	 
1.11005938	 1.00909846	 -4.32532128	 
-0.67708467	 -1.52550608	 -0.83816386	 
-1.05494870	 -0.19004928	 -1.02138888	 
0.23093517	 -0.60120595	 0.08486782	 
0.06397820	 0.34683535	 -0.21615416	 
0.63956238	 0.10349334	 0.89320018	 
0.63212843	 -2.21905984	 -0.51049752	 
0.83661771	 -2.51161512	 0.45496744	 
-0.44302898	 0.42622634	 -0.48252212	 
-0.30765492	 0.14314820	 -0.34067150	 
-2.19885427	 1.23694850	 -0.54260095	 
-1.82555541	 -3.03657549	 -0.48615860	 
2.76440299	 0.66395373	 -0.41648481	 
1.41789409	 -0.09655254	 0.66307095	 
-0.34033170	 0.16887981	 -0.22916966	 
0.34487054	 -0.53448743	 0.42332318	 
-1.70613831	 -3.16699165	 -2.21196871	 
0.07432520	 0.20477195	 0.48188858	 
1.40616698	 1.67858931	 0.28857183	 
2.00154923	 1.31112818	 1.08939957	 
1.24652874	 -0.88554919	 -0.05497268	 
0.10280939	 -0.29762266	 -0.99224938	 
-0.24961962	 -0.37073813	 1.14724773	 
-0.91328164	 -0.81478810	 0.73685029	 
0.42601076	 1.51415139	 -0.39085266	 
0.58786489	 -0.85574539	 0.57812691	 
1.23606975	 0.73464638	 -0.06614261	 
-0.21878549	 0.04391851	 -0.18136307	 
2.24637350	 -0.36038350	 0.41732207	 
-0.18917392	 -0.65553248	 0.64780240	 
0.30442929	 0.95263485	 -2.52329775	 
-0.42209190	 0.82317396	 0.10967445	 
-1.57345557	 1.23455407	 0.91847543	 
-0.56644355	 0.14591178	 -0.53256665	 
-0.26325681	 0.21659375	 1.06911829	 
-1.06735325	 0.33574581	 0.50680221	 
0.92117619	 0.08988180	 0.44766084	 
-0.36828799	 0.03176322	 1.45912694	 
0.20404979	 -0.57128334	 -0.47724396	 
1.08019633	 0.07179268	 0.66282304	 
0.30576246	 -1.43827653	 -1.48707379	 
-0.54825319	 -0.49795530	 0.34467405	 
-0.10193634	 0.89832629	 0.88297840	 
-0.39594723	 -0.21613438	 -0.01800469	 
-1.66443625	 -0.94331625	 -0.97848125	 
-1.14729803	 -0.98537483	 0.01975458	 
1.46291921	 1.93364481	 -0.22338558	 
-0.53694243	 -0.75934290	 0.00107996	 
-0.16760649	 2.14891246	 -0.77427301	 
0.03509850	 -2.05975117	 -0.55198178	 
0.36711102	 -0.15570411	 -0.74786633	 
-0.70120734	 -0.94337923	 -1.07122409	 
-0.08795314	 -0.12658013	 0.55609648	 
-0.29123362	 -0.45153820	 0.25417272	 
0.48733718	 -0.00293667	 0.80095318	 
-0.22808892	 0.24579158	 -0.32048682	 
0.22549014	 -0.07272137	 1.35779472	 
-1.36553389	 -0.23030409	 0.16140364	 
-0.74498299	 -0.70180625	 -0.52641473	 
-0.04622413	 -0.02289985	 -0.26432894	 
1.14984399	 -2.14175693	 0.53550833	 
-2.28310430	 0.75000767	 -1.98739708	 
1.07389418	 -0.84218716	 0.78949968	 
-2.06322831	 -2.19924184	 0.11985886	 
0.30417384	 -1.43561153	 1.69940175	 
0.00363887	 -1.00544153	 -0.22203432	 
0.05980915	 -0.02415822	 0.15098388	 
-0.22602956	 0.14304123	 0.52938248	 
0.50919621	 0.00174210	 -0.24001607	 
0.24596188	 0.58295991	 2.19300346	 
0.27891558	 0.15863428	 -0.95216537	 
-1.07383644	 -2.04840863	 0.62804195	 
1.56852164	 -0.45294756	 -0.41597232	 
2.61581539	 0.83599283	 -1.31797679	 
-0.29626344	 -0.76674690	 -1.13331465	 
-1.11971196	 -0.84272330	 0.29074886	 
2.29149297	 -0.15854794	 -0.65552427	 
0.29486247	 -0.55044833	 -0.73968382	 
0.16180904	 0.37336935	 0.02332752	 
-0.97967101	 3.92226525	 1.47610336	 
-0.30965439	 0.39004162	 -1.32748467	 
0.72253823	 0.19061205	 -0.49072442	 
-0.22174380	 0.13556421	 -0.61983365	 
0.16164168	 0.57802232	 -0.18692344	 
-0.16888146	 1.61463895	 -0.09573767	 
-0.33707594	 -0.61708939	 1.18631788	 
0.54889340	 1.01221744	 -0.98595403	 
0.02841624	 -0.62506915	 0.01980379	 
-0.27324852	 -0.18314725	 0.06498481	 
0.92482618	 -0.30683371	 1.55640217	 
0.46288064	 1.15086175	 -0.30835866	 
0.00477897	 -0.16905347	 -0.60602052	 
0.66620800	 2.39571627	 -0.08975122	 
-0.67208167	 0.76731645	 -0.78636767	 
0.06357134	 -0.12735585	 -0.28036488	 
1.34210578	 -1.36331198	 1.10078501	 
-0.59125583	 -0.11624874	 0.59559359	 
-1.52278281	 -0.43043146	 -1.49641209	 
0.91314417	 0.84774889	 0.76623546	 
0.77583947	 -0.25828954	 -0.08922014	 
-0.35921668	 -0.32794169	 -0.12742181	 
0.54202436	 0.17821837	 -1.16928779	 
-0.50882424	 -0.79578538	 0.11529050	 
0.13751546	 -0.11141551	 1.54040489	 
1.22802830	 0.81558176	 -0.90049421	 
0.94708759	 -1.27264442	 -0.16572567	 
0.15511994	 -2.12902871	 0.16835495	 
0.70354079	 -1.01195157	 -1.08703897	 
-0.21037146	 -0.16760158	 0.23944382	 
1.32639472	 0.31601253	 -1.00190978	 
-0.49383872	 -0.01194705	 -1.40968405	 
0.23157460	 -0.88262058	 1.02332862	 
-0.69119251	 1.42261206	 -0.07567151	 
-0.38347503	 -0.61901879	 2.45295104	 
-0.48906969	 0.55351631	 -0.27406244	 
1.19790605	 -0.21868530	 0.01102021	 
-0.93305428	 0.10858310	 -1.55668836	 
-0.98822038	 1.08993182	 1.58423156	 
0.12639887	 0.27352797	 0.42662605	 
0.35379741	 -0.01183550	 1.01515357	 
-1.24144088	 0.15095988	 -0.24569639	 
1.00030776	 0.26319587	 -0.75922558	 
0.65144082	 0.29420608	 0.18326515	 
-1.21238709	 -0.12973553	 -0.40748729	 
1.25300220	 1.14108651	 -0.82235130	 
0.24619235	 0.00127406	 0.08402521	 
0.75713157	 0.98093876	 -2.62517387	 
0.16674297	 0.33077033	 1.02633064	 
-0.41001001	 -0.55972118	 0.26468647	 
-0.15959968	 1.16087883	 0.68849905	 
0.31564163	 -1.68435038	 -0.44984699	 
-0.31219996	 -0.92593590	 -0.01021305	 
0.50086180	 0.84424112	 0.43492376	 
-0.35880080	 0.16854386	 -0.34140186	 
0.12524848	 -1.00334665	 -0.20254806	 
-0.21097374	 -0.68071301	 -1.53636881	 
0.31371426	 0.39805088	 -0.07438369	 
-0.91744860	 -0.35407390	 -0.15244160	 
0.43738129	 0.48830045	 0.52363705	 
2.24929744	 1.49425701	 1.19513933	 
-0.42338035	 2.15973835	 -1.44199374	 
-0.60122489	 2.63637610	 -0.35714327	 
-1.90214390	 -0.25271167	 1.47109356	 
-1.11568412	 0.48482824	 -0.20542633	 
0.39526950	 -0.91074880	 0.59577020	 
0.95681746	 1.42793050	 -0.83522527	 
0.12388835	 0.40411652	 0.34105141	 
-0.12806533	 -1.71883772	 -1.54970468	 
-1.15987737	 0.56115666	 -0.42706927	 
-1.11000159	 1.38527671	 0.22735568	 
-0.95770042	 -0.15301409	 2.89963745	 
0.03906987	 0.61724058	 1.66145786	 
0.36418636	 -0.26799905	 1.15823155	 
1.62238161	 0.84798222	 -0.24073358	 
-0.49735561	 -0.01438207	 -0.34623681	 
-0.13896022	 0.12066489	 0.21011993	 
-3.44437581	 0.12444536	 0.27162340	 
0.91255400	 -0.21272204	 2.11270312	 
0.07721858	 -0.23685470	 0.70953736	 
-0.57303946	 0.60781017	 -0.17747432	 
-1.32980548	 -0.35148482	 -0.02845268	 
1.82656406	 1.18464735	 1.15415003	 
-0.32821448	 -0.26177900	 -0.56875907	 
0.35351821	 -2.08316841	 -2.19210131	 
1.11082971	 -0.60459730	 -1.35201475	 
-1.53797973	 0.35678711	 -1.69603094	 
-0.33637157	 -0.18825220	 0.01821321	 
0.10195921	 -0.27597627	 0.83132511	 
0.39986538	 0.11265734	 -0.59514346	 
-0.42372747	 -0.11447370	 -0.16734618	 
-1.87626443	 0.19451813	 0.48741395	 
0.57012811	 -1.01159335	 1.20482712	 
-2.06802908	 1.15752598	 0.46984491	 
-0.14815478	 0.67511727	 -0.47291253	 
0.72207180	 -2.50434861	 -0.60043619	 
1.03487697	 -0.22463715	 -1.07386957	 
-1.09296699	 0.58597876	 -0.20432786	 
-0.19544256	 -0.31871796	 0.42948875	 
-0.76227387	 -0.36080956	 -0.33001572	 
-0.05966692	 -0.32905678	 -0.13045719	 
-0.98654529	 0.87836512	 -2.39824914	 
-0.96598317	 -0.81207297	 1.72417921	 
0.39319800	 0.31266710	 -0.95319938	 
-0.42035462	 1.07325652	 -0.17156375	 
1.41196425	 -0.48459875	 -0.94869575	 
-0.56890840	 0.21285858	 -1.00256475	 
-0.06333043	 1.26164510	 0.83748246	 
0.39952523	 0.25354552	 0.12166646	 
0.44755324	 0.53392853	 0.41179965	 
0.58843141	 0.00536988	 -0.56618094	 
-1.07596149	 -0.91201695	 0.91909627	 
0.43125780	 0.13709117	 -1.04291228	 
-1.56276639	 3.21021060	 -2.24308203	 
0.49713665	 -0.20896202	 -0.31074077	 
0.61746800	 0.94762163	 0.52701924	 
-1.37568568	 1.60646874	 -1.84240043	 
0.38284209	 -0.96545709	 0.12815977	 
-1.29731993	 -0.46961292	 -0.03396893	 
-0.14783280	 -0.71165329	 -0.01287335	 
-1.99339629	 -0.13289031	 0.65472875	 
-0.03128870	 0.14474742	 -0.49619229	 
-0.57404561	 -0.39594085	 -0.09884872	 
-1.01922669	 -0.37400926	 -0.03630684	 
0.79745848	 0.67000252	 1.28179249	 
0.57640803	 2.11375316	 0.41544293	 
0.18271147	 -0.26216676	 -0.31403802	 
0.13160732	 0.23258793	 -0.54323063	 
-0.52611421	 1.18813388	 -1.17407566	 
-0.51406921	 -1.36024893	 0.06587219	 
-0.17167654	 0.68844458	 -2.03573356	 
-0.10723183	 0.89507489	 0.92140578	 
-1.01674642	 0.40649281	 -0.09759205	 
-0.40794482	 -0.57860104	 0.26905234	 
-0.31403858	 0.07785470	 -0.83610445	 
0.40646942	 0.81082088	 0.46286929	 
0.12352037	 1.26035216	 0.97986563	 
1.22779947	 1.31439577	 0.39188248	 
0.62136702	 -0.11756298	 -0.47173140	 
-0.79575723	 -0.87112520	 -0.72923147	 
-0.01991481	 -0.13566862	 -0.92224576	 
-0.11113866	 0.66929786	 0.23138091	 
-0.31977763	 0.27736721	 0.33604057	 
1.49258916	 2.62230910	 0.40518783	 
0.32889843	 0.44455107	 -0.02292466	 
0.60385368	 -1.38335172	 0.18251521	 
2.63887911	 -0.51177213	 -0.48739707	 
-1.70125711	 -0.22002006	 -1.00854064	 
0.23787797	 0.09096664	 0.43818622	 
0.72424244	 -0.24522527	 0.20928252	 
-0.95610190	 1.15363124	 -2.12824968	 
-0.24106278	 0.34311243	 0.29122996	 
-0.16662627	 0.22718766	 -1.40558722	 
-0.19794536	 -0.65474444	 -0.08808927	 
0.60105393	 -0.86352707	 -0.61245780	 
2.74207686	 0.30539772	 -0.21864978	 
0.53681473	 0.04591576	 0.15647021	 
0.29158362	 -1.00746374	 0.12021598	 
-1.34593045	 -0.18334229	 0.13218218	 
-0.84483564	 0.49842911	 0.35639952	 
0.19828371	 0.37918906	 -1.44465545	 
-3.56000149	 0.32904879	 0.92925842	 
-0.56735314	 0.55505797	 -0.91713325	 
-0.48205051	 -0.00463353	 -0.15939046	 
0.39735139	 -0.31062416	 1.24956563	 
-1.65381281	 1.46513038	 1.30873257	 
3.71063426	 -2.40634737	 -0.60845961	 
0.22759595	 0.64856020	 -0.15578687	 
0.02086203	 -1.00506251	 0.72505868	 
1.32854399	 -0.40100477	 -1.48070143	 
-1.94361781	 -0.53492383	 0.99492533	 
-0.66333910	 1.48406161	 -0.14770990	 
-0.04540962	 0.16755928	 -0.32954382	 
-0.84822948	 -1.33083838	 2.09735329	 
-0.22347821	 -1.78552077	 0.88568656	 
0.52301522	 -0.97116344	 -0.33725057	 
-0.36700589	 0.05804420	 -0.34614746	 
1.16477696	 1.15382521	 -0.19190677	 
-0.78576885	 1.39627502	 1.06477651	 
1.19426046	 0.61600705	 -0.58813549	 
-0.33857976	 -0.98499709	 -0.22343573	 
0.00776171	 0.46525952	 -0.49898784	 
-2.18307382	 1.13024520	 -0.27173334	 
-0.84715418	 0.01996882	 0.31336847	 
0.01261943	 0.49515191	 -0.54735366	 
0.18703615	 -0.63297036	 0.98539729	 
-0.55848869	 0.58289322	 0.38684099	 
-1.15456604	 1.26902037	 -0.57467155	 
0.17979214	 -1.00221397	 0.16852160	 
2.12548091	 0.63885745	 0.18020926	 
-0.86183646	 1.02130754	 -0.67339698	 
0.66105093	 -0.66017778	 0.89866528	 
-0.38951373	 1.23662204	 0.98761549	 
0.18505984	 -0.60304634	 0.56520278	 
-1.10134792	 -2.39281221	 1.02463012	 
-2.10279607	 0.60987680	 3.29743185	 
-1.20839074	 -0.08845256	 0.52004813	 
0.26891015	 0.00857476	 -1.19484818	 
0.04376491	 0.35961514	 -0.40776033	 
-0.13736994	 -0.21521793	 0.24658074	 
-0.80713292	 -1.07525642	 -0.23879785	 
-0.04246671	 0.36608573	 -1.36033318	 
-0.67691256	 -1.81379697	 -0.03043554	 
0.86114225	 0.60819197	 -1.89620263	 
1.24181535	 1.24524907	 1.26839911	 
0.95912982	 0.89132761	 0.51724166	 
0.74659211	 -1.03201244	 1.07244307	 
-0.21585899	 -0.46434838	 0.47259430	 
0.02271948	 -0.56027847	 2.81698929	 
1.11686890	 0.55983752	 -0.08083160	 
2.14160326	 0.07528003	 0.14628547	 
0.82031780	 0.40505302	 0.55778245	 
-0.92383517	 1.23025468	 -0.29040647	 
1.02280953	 -1.13425058	 -0.44080752	 
-0.36575338	 0.18810052	 0.33675250	 
-0.09583306	 0.82972082	 -1.07414779	 
0.46271217	 0.61515269	 -1.84615629	 
-0.43888680	 0.61013172	 -0.06669783	 
-1.22961623	 1.72978869	 -0.39854584	 
-0.19831028	 0.98592829	 -1.26917797	 
0.44736908	 -0.90270291	 1.30767256	 
1.13501489	 -1.46078065	 0.90778767	 
-0.11254561	 0.10481844	 -0.12042643	 
0.17893230	 -0.47930434	 0.51646266	 
-0.01277877	 -1.36573310	 -0.22679240	 
0.64457085	 -0.04847033	 -1.53355243	 
0.23951425	 0.17382539	 0.72054406	 
1.52926762	 2.23074473	 -0.42844415	 
-1.42383749	 1.98776653	 -2.40989814	 
0.68444553	 0.38886894	 -0.78475851	 
0.96382385	 2.17809638	 -0.30980690	 
-0.13822457	 -0.38722718	 0.77303622	 
-1.07496168	 -1.93723222	 0.01473259	 
-0.42812072	 -0.21497356	 -1.09712225	 
0.69277202	 2.27530105	 -2.15350656	 
-0.80780146	 2.28991886	 -0.65272479	 
-0.82452446	 1.13913926	 1.03396063	 
-0.08353142	 0.67130285	 0.40651553	 
-0.98010962	 0.44328401	 2.10090433	 
-1.51835194	 0.53756211	 0.06892689	 
0.62652011	 -0.06563050	 0.79083206	 
-0.07331557	 0.05470783	 -0.03759467	 
-1.20498843	 -0.27028510	 -0.37552789	 
0.12170728	 -0.19470075	 -0.88906667	 
1.99335359	 -0.64748638	 0.46059886	 
-0.57253050	 0.56950541	 1.35622085	 
2.42412235	 1.31360757	 -0.94138520	 
-0.56104162	 0.04209231	 1.05181835	 
-0.90810616	 1.32028606	 -0.19192298	 
-0.89238422	 0.43485169	 0.28985074	 
1.00989512	 -0.06293829	 0.39147715	 
-0.85122848	 0.04170044	 -0.45409119	 
1.00585221	 -2.92137531	 -0.34455747	 
0.81903742	 0.89515167	 -0.16252268	 
0.72427859	 0.64408745	 -0.24217474	 
0.77911728	 -0.61320781	 -0.14266898	 
0.33099343	 1.62970869	 -1.08691199	 
-0.88423824	 0.35893032	 0.70532531	 
-2.40757998	 -0.47102606	 -0.33653193	 
-0.29474380	 -0.19281970	 0.35402618	 
-0.89862498	 0.50343582	 0.24166923	 
0.13275866	 -0.67991784	 -0.85886804	 
2.00723231	 0.36153186	 -0.85331541	 
0.72640321	 -0.16600551	 0.68809382	 
-0.07671157	 -0.20825884	 0.67264703	 
-0.33313866	 0.03729457	 0.29868050	 
-0.73173741	 -0.19109776	 -1.50504888	 
-0.38160125	 -0.21164464	 -1.42412240	 
-0.47660113	 1.00128225	 -0.55913348	 
0.13960834	 -0.77534081	 -0.81352431	 
-0.06728043	 -0.68869018	 -0.39189515	 
-0.95695682	 0.51961610	 1.16095000	 
-0.11417206	 -0.23931469	 -1.72629875	 
-0.41177037	 -0.40515800	 -0.94191629	 
-0.46123371	 0.71452702	 -0.12365864	 
3.63089290	 0.72484978	 -2.64515770	 
-0.57492333	 0.24364321	 0.02366312	 
-1.16025518	 -0.27438341	 -0.14548469	 
0.76325335	 -2.06795599	 1.99559609	 
0.03576512	 0.28013372	 0.32900187	 
-0.99246338	 -0.22777666	 0.78760457	 
-0.14033050	 -0.34465101	 -0.52539366	 
1.93710609	 -1.53360981	 -2.22885424	 
-0.66965456	 3.06874573	 0.14100491	 
0.88463324	 -0.80684269	 -0.59469752	 
-1.93504967	 -0.42159274	 -1.98659457	 
-0.60050798	 -0.34419778	 0.95449622	 
1.54670350	 -0.43315459	 -0.16521443	 
-2.27785841	 3.16360124	 1.20015209	 
-0.26312262	 -0.15353852	 0.07404936	 
0.51570882	 -0.09428070	 0.89573556	 
0.34430632	 -0.07580937	 -0.24158366	 
-0.31309543	 -0.77223657	 -1.00081612	 
0.36065803	 1.06137042	 0.81313105	 
0.40562528	 0.35783185	 0.28607640	 
2.14526243	 -0.78986589	 -1.08232421	 
-0.45682902	 -1.33467736	 0.52924224	 
0.55652583	 0.06265808	 -2.21837304	 
-1.18341283	 -0.59181391	 1.07956682	 
1.10613678	 -1.88326273	 1.03379804	 
-0.12979326	 -1.88948505	 -0.23733736	 
-0.17019964	 0.40758002	 1.29259113	 
0.15204426	 -1.62167101	 -0.65497611	 
1.12896027	 1.29742182	 1.31781566	 
-1.13322250	 -0.91960780	 -0.05025607	 
-0.66090616	 0.28060437	 1.27144305	 
1.13597662	 1.33285281	 -0.54378793	 
-1.06617253	 0.94490378	 -1.94073613	 
-0.13086029	 2.05681895	 1.31351156	 
0.56595457	 -0.06324858	 1.43099793	 
0.75005497	 0.45907232	 -1.09606848	 
1.44975623	 -0.53214669	 2.65246166	 
-0.47492456	 0.47742731	 -0.66167740	 
-1.45424527	 0.41048871	 -0.23235626	 
-0.16770466	 0.65657919	 -0.75709722	 
-0.25035621	 0.34321540	 0.33593529	 
-0.05131127	 -1.70055145	 0.38917307	 
-1.53855123	 -0.59108268	 -0.05168477	 
-0.07428025	 -0.32426580	 -0.18927035	 
-0.21689721	 0.28394312	 0.73795674	 
-0.05014451	 -0.56798647	 -0.59302898	 
-0.04782278	 0.15769614	 -0.69390509	 
-0.01223575	 -0.50316064	 -1.43729967	 
0.06362452	 1.02269041	 -1.49671158	 
0.16643221	 0.05838975	 -1.18266284	 
1.27820056	 0.28728127	 0.78029230	 
-0.27356980	 1.46194945	 0.14410161	 
-0.21127431	 0.36394264	 -0.97235223	 
-1.07951023	 0.25937427	 0.43908514	 
-0.12970650	 -1.66212823	 -1.37566982	 
-1.01252134	 -0.21120353	 0.71191071	 
-0.00920354	 0.51849309	 -0.38857407	 
-0.78104231	 -0.89805309	 0.25128747	 
0.05014950	 -0.07316997	 0.35825232	 
1.16282067	 2.30538956	 2.50523252	 
-0.22723680	 -0.49809657	 -0.00339880	 
0.39107267	 2.95227527	 -1.51363618	 
-0.49875391	 -0.68684942	 1.11640941	 
-1.12255653	 0.10458269	 -0.45531559	 
-0.99434229	 -0.16619932	 0.99697455	 
-0.45191739	 -1.54631445	 1.36081289	 
0.39279035	 -0.04846879	 0.64791755	 
-0.88692863	 -0.47779282	 -0.22543710	 
0.17675811	 -0.02690335	 -0.37444307	 
-0.04616524	 -0.24426069	 0.15489321	 
-0.92259004	 -0.24878835	 -0.70662838	 
0.16279079	 -3.48754873	 -0.30921735	 
-0.95860173	 0.99952196	 0.05537786	 
0.96840195	 0.72982569	 -0.75208144	 
-0.03468704	 -0.07909116	 -0.12223782	 
-0.95417039	 0.27072241	 0.19389077	 
-0.27755180	 1.61822615	 0.55183895	 
2.35646225	 -0.07496690	 -0.87745948	 
1.63393475	 0.32324771	 1.38145399	 
0.08951628	 -0.37739267	 0.24155704	 
1.01916483	 -0.40068282	 0.21150546	 
-0.20118228	 0.53888277	 0.59411918	 
0.40413812	 -0.77175109	 -0.55885626	 
1.35311529	 0.28389094	 -1.19379802	 
0.67657704	 -0.73467858	 1.30593547	 
-0.04533608	 -1.29084507	 -0.27908240	 
-0.63024190	 -0.79845536	 -0.14402194	 
0.22351435	 -2.20304697	 0.69143483	 
0.80165631	 -0.23024667	 0.72662474	 
-0.51860211	 0.02813659	 -0.96283140	 
4.83267192	 0.25656782	 -0.54629693	 
-0.52400177	 0.02428246	 0.32402428	 
0.79399325	 -0.01457040	 0.57961129	 
0.94728407	 -0.53548088	 1.09049822	 
-0.33995510	 0.13872407	 0.29263707	 
0.07407022	 1.15379483	 0.48488337	 
1.06608093	 0.94123127	 -0.19680520	 
0.17829882	 0.13040083	 -0.42415467	 
0.95476610	 -1.77509355	 -1.02096098	 
0.35487521	 -0.24719774	 -1.57532739	 
0.34638048	 -1.23988387	 0.95734718	 
-0.12743772	 0.33041862	 0.11991839	 
-0.12254113	 0.64365800	 -1.09031334	 
-0.46526239	 1.32459848	 0.61715024	 
-0.53966590	 -0.85579583	 -1.14150421	 
0.74906030	 -0.23500115	 -0.55636575	 
0.89063218	 -0.63471414	 0.77509033	 
0.04285142	 -0.37536656	 -1.08780034	 
-0.72037816	 1.38888677	 -2.60407616	 
-0.95413333	 0.35759748	 -1.32564624	 
-1.16224516	 0.44113714	 -0.98125951	 
0.49305150	 -0.00641007	 -0.39627722	 
-2.29715360	 2.09399301	 1.90456432	 
-0.27655340	 -0.68811332	 0.49092108	 
0.09744135	 1.07794186	 1.10150454	 
-0.01495579	 -0.83629710	 0.58673067	 
2.53566370	 0.48656986	 0.89295578	 
0.06272799	 -0.45640316	 -1.04176249	 
-0.56469008	 0.07692855	 0.46469130	 
0.43078649	 -1.13131405	 -1.51213903	 
-0.83597518	 -0.88305660	 -1.04871179	 
0.18581940	 -0.33213146	 -0.42173057	 
-0.16484184	 0.67537630	 -1.21667859	 
-0.39890791	 0.35941051	 -0.75805992	 
0.00469521	 0.49507335	 -0.48214353	 
-0.51039351	 -1.90668609	 0.43195346	 
0.60175547	 0.73750270	 0.63795174	 
-0.17732418	 -0.21890374	 1.58711132	 
-0.55264363	 -1.31955596	 0.02344985	 
1.57183627	 -0.10949892	 0.02680870	 
0.01009533	 0.73912939	 -0.65096972	 
-1.09503685	 -0.36055815	 -0.22726419	 
-0.53443893	 -0.40573109	 -0.39514526	 
-1.62371464	 -0.98333745	 -0.52643470	 
-1.04616812	 0.06245452	 1.53793433	 
0.21097104	 0.38496769	 -0.17882391	 
0.20264991	 0.45203780	 -0.95681651	 
0.47998422	 -1.04317627	 0.24699868	 
0.21000483	 0.16304178	 -0.20586453	 
0.06080193	 -0.68015302	 0.72595139	 
-0.51290892	 -0.77464323	 -1.55737609	 
0.08997308	 -0.13358046	 1.62535801	 
-2.09393493	 0.47947210	 0.62405640	 
0.83155411	 -0.23693586	 -1.41220657	 
2.51730954	 -0.85531016	 0.59956884	 
1.78288424	 -0.46446112	 0.58851532	 
1.34153160	 -1.20550423	 0.62188618	 
0.80606573	 1.29154926	 1.86013950	 
-0.34175936	 -0.31285285	 1.86596413	 
-0.48026561	 -0.62089525	 1.67198366	 
0.31731019	 0.20554132	 1.07223810	 
-0.12260648	 0.33484995	 -0.17795654	 
0.91962854	 -0.37543474	 -1.52348237	 
0.10903219	 -0.11982205	 0.04395041	 
-0.94265831	 0.10547741	 0.47315598	 
-0.42955119	 0.71059817	 -0.38054813	 
0.14958421	 1.16034996	 2.59423542	 
0.71217684	 0.81366982	 0.28821779	 
-1.54845445	 -1.46236260	 -1.99468069	 
-1.91795610	 0.47518721	 -0.18646968	 
-1.87528423	 0.06668831	 0.86685238	 
-0.57561080	 0.09318246	 -2.16317255	 
0.35988414	 1.01864995	 -0.58910605	 
0.24654449	 -0.74084138	 1.79684304	 
0.96808445	 0.55358455	 0.59244096	 
-0.05623408	 0.33563554	 1.65463555	 
0.30207479	 0.79635377	 0.15889090	 
-0.48518327	 0.83608310	 -0.63877620	 
-0.48636852	 1.62544745	 2.16680686	 
-0.57572252	 -0.85135999	 0.76360517	 
0.78325682	 0.38072686	 -0.14267083	 
-0.10380931	 0.03475614	 -0.19261156	 
1.09752859	 -0.02324773	 0.55244837	 
2.14716908	 0.81501958	 -0.41927061	 
1.41288449	 -0.09381632	 -0.61829549	 
0.43452433	 -0.79853609	 0.04773909	 
0.36789504	 -0.85551540	 -0.54815250	 
-0.41500400	 -1.60454981	 -1.94698981	 
-1.85172841	 -2.51468227	 0.99077569	 
0.25648122	 0.19140902	 -0.15082981	 
-0.45308853	 0.22190733	 -0.39268537	 
0.41706520	 -0.07928207	 -0.34351992	 
1.44491579	 0.08661386	 -0.28749400	 
1.36746507	 -0.25247704	 -1.62143567	 
0.12619934	 0.34424486	 -0.76774945	 
0.52402311	 2.71353869	 -0.11629677	 
0.43836639	 1.18990754	 -0.66841954	 
1.08537160	 -2.03984772	 1.24074288	 
0.28621724	 -1.06630792	 0.55595856	 
0.41658303	 -0.31701689	 -0.30271030	 
1.00870942	 -0.41206633	 -1.90700036	 
-0.52881076	 0.31161232	 0.69808185	 
-0.39185621	 -0.81587339	 0.02322768	 
1.76672402	 1.02964796	 -0.42368916	 
0.48648206	 0.52668851	 0.25881822	 
-0.48605029	 -0.02846005	 -0.86232291	 
0.86382435	 -1.15627497	 0.48412640	 
0.85565593	 -0.76058219	 1.11173497	 
-0.47600873	 -0.03583012	 -1.37021297	 
0.65109674	 0.98349477	 0.20063662	 
0.54991872	 0.99723723	 0.29123710	 
-0.72444990	 0.26599270	 0.40338318	 
-0.54266127	 -0.13424383	 0.05319739	 
0.88996399	 0.63164373	 1.20352307	 
0.02382270	 0.12580735	 -0.13135907	 
-0.14258538	 1.10230300	 0.61124872	 
0.07518773	 -0.42076291	 0.26496952	 
0.31636266	 -0.10234202	 1.35489189	 
0.66000479	 0.02207192	 -0.20647002	 
-0.03341486	 -0.85786878	 -1.99681334	 
-1.47967180	 0.95821115	 3.61440866	 
0.47338939	 -0.32369121	 0.13642612	 
1.38379374	 0.49891625	 0.75140359	 
0.20562077	 -0.41919084	 -1.02384337	 
0.74985372	 0.24101117	 0.49689995	 
-0.73907054	 0.10392557	 0.37521609	 
-0.22382692	 -0.24839665	 -0.48001822	 
-0.54351276	 -0.51640035	 0.14733174	 
-1.07275068	 0.49590051	 -1.00144868	 
0.93764556	 -0.60486609	 0.57357247	 
0.40128317	 -0.04545149	 0.09150112	 
0.43542204	 -0.08101901	 -0.01619034	 
0.23067107	 -1.19706364	 1.04468109	 
0.13735051	 0.32972575	 0.14411071	 
-0.31831565	 0.37581764	 -0.10281953	 
-0.29060230	 -2.41378867	 -2.41166308	 
-0.00667143	 -0.44432673	 1.65520822	 
-0.87889585	 -1.31445856	 1.02153906	 
1.20990663	 1.13117642	 0.64687116	 
0.21184303	 -0.04987034	 1.95905321	 
0.23626862	 -0.01611592	 -0.08911441	 
-1.07333177	 0.56987437	 0.20289031	 
0.25130863	 -1.20382147	 0.84334805	 
-0.03425395	 -0.21671712	 0.79184811	 
0.02997758	 0.52232040	 -0.46501239	 
-0.62659636	 -0.35634659	 0.43711996	 
-0.28515065	 0.38322554	 0.43870376	 
0.23118518	 1.50847970	 0.60027749	 
0.11418175	 0.94086220	 0.42807759	 
-0.17005240	 -1.56997139	 -0.10634207	 
1.06801917	 -1.24742855	 0.37084835	 
1.26455873	 1.17984028	 2.16323127	 
-2.51255980	 -0.26266337	 -0.70511383	 
0.07992426	 -0.14223987	 -0.64800526	 
-0.50232341	 1.02462844	 -0.09500734	 
0.74820621	 0.08412428	 0.72184437	 
0.75865002	 0.23623006	 0.09127226	 
-0.17112345	 0.50510436	 -1.04214325	 
0.23844474	 0.04622236	 -1.89448133	 
1.06935296	 -0.89507494	 -0.77257990	 
-0.89279520	 -0.07586545	 0.89255724	 
-0.52913353	 -1.49788143	 0.71284157	 
0.74684231	 0.64554291	 1.17940596	 
1.19068292	 -0.40061498	 0.20180863	 
-0.45594424	 0.87498138	 0.75145994	 
-0.42826847	 -0.79621442	 0.08775325	 
-3.22025018	 -1.35931757	 -0.11837270	 
-1.65422523	 -1.77999319	 -0.46109006	 
-1.65692653	 0.37572954	 0.04844698	 
0.23900859	 -0.79779482	 2.85494081	 
1.97804468	 -1.96702001	 0.90593213	 
-0.83605368	 1.16098660	 -1.11831566	 
1.12219149	 0.05718538	 0.50775943	 
-1.01629660	 -0.98804837	 1.12783666	 
-1.65271268	 -0.15368142	 -1.01422349	 
0.23502980	 -1.08194076	 -0.01726232	 
0.19542289	 -1.69995470	 1.09814528	 
-1.39160236	 -0.25114516	 0.16833912	 
-0.23345693	 1.82273661	 -0.53254626	 
3.41522397	 3.06675508	 1.29812954	 
0.35251838	 -1.41363580	 -0.84796022	 
-1.01577720	 -0.84634860	 -0.24945033	 
-0.14338943	 -0.71541117	 0.87629762	 
-1.23260896	 0.18016559	 -0.33005771	 
-0.83482892	 -0.06636050	 -0.60762402	 
-1.90185029	 2.92194280	 -2.69701200	 
-0.56452639	 -0.32491138	 0.38786168	 
-0.69882918	 0.94287484	 0.29782062	 
-0.96838163	 0.46379687	 -0.60729498	 
-1.21709942	 -0.57106499	 0.49565549	 
0.28810029	 0.84866674	 0.04479186	 
-0.87402731	 0.12729199	 -0.32216888	 
0.79198033	 -1.70067330	 -0.48595762	 
-0.12711676	 0.40399671	 0.50859805	 
-1.50775562	 0.71615263	 1.18036500	 
0.90932736	 -0.45818491	 1.13798077	 
-1.58955049	 -2.19268583	 1.11113912	 
-0.33323286	 0.09514692	 -0.09660518	 
0.30589667	 -0.53530084	 1.00686427	 
0.57832475	 -1.50585563	 -0.59896149	 
-0.12460904	 -1.36122934	 1.36694572	 
-0.69929198	 1.18864182	 -0.20554615	 
-0.46360367	 -0.18647769	 0.68060740	 
0.34374149	 -0.01682614	 -0.04920464	 
0.19599402	 0.04022903	 1.67449383	 
-0.68741378	 -1.58087982	 0.07775785	 
-0.73635503	 0.48244361	 -1.02995747	 
-0.77028546	 -0.10387837	 -0.65039202	 
0.36096349	 0.38459533	 -1.06712053	 
0.27892439	 1.81679678	 -1.94208080	 
2.51746503	 -0.80301862	 -0.33747907	 
-0.07236701	 0.10820688	 0.22912411	 
0.16176139	 0.58227503	 0.22735408	 
0.04440220	 -0.01205915	 -1.67026904	 
0.15177674	 -0.04737178	 -0.10687013	 
-0.63039444	 0.27995582	 0.85868706	 
0.16056649	 -0.37874191	 -0.16011522	 
1.28470392	 0.91701830	 -0.26576942	 
-0.46581359	 0.08101848	 1.57317552	 
-0.99846939	 -1.95346921	 -0.47282622	 
1.15440516	 0.73181214	 -0.67646176	 
0.04265822	 -1.17981772	 0.00292811	 
-0.08221526	 0.17427681	 0.58131107	 
0.50711192	 -0.16375086	 0.09667238	 
-1.17529929	 2.26567031	 -1.16848738	 
1.01646280	 0.68275219	 0.28748870	 
0.68433053	 0.18646640	 1.00943495	 
1.36393143	 -0.63408357	 0.91260420	 
0.32857558	 -0.05945697	 0.39789134	 
-0.33971138	 0.19379708	 -0.39462289	 
2.25836509	 0.77963358	 -0.06716909	 
1.26239177	 -0.12935257	 -1.48120393	 
2.38416538	 -1.42329262	 -0.67983822	 
-0.25616420	 -0.83560932	 0.16715283	 
0.21489030	 -0.34602487	 0.30334700	 
0.21506613	 -0.71044825	 0.38121250	 
0.14702422	 -0.82791329	 -0.23352925	 
-0.20881006	 0.85940362	 -0.15644654	 
0.95146655	 -0.30699611	 -0.94848388	 
-0.53928620	 0.44120909	 -0.73231038	 
0.25185891	 1.13210322	 -0.49170881	 
-0.94398801	 1.07700858	 -2.24743521	 
0.28824531	 0.26254732	 0.27778616	 
0.97880174	 -1.78549591	 0.44211675	 
0.15781757	 -0.41507209	 0.53833335	 
0.87568785	 -0.63084063	 1.58951040	 
-1.37197867	 1.96020356	 1.74923877	 
-0.80327511	 0.49682908	 0.49882344	 
1.10903939	 -0.59929747	 -0.91767296	 
0.12916927	 -1.08050112	 -0.76052634	 
1.52113022	 1.56235568	 1.61123494	 
-0.94639698	 -0.09564828	 -1.63462082	 
0.36136094	 0.25175955	 1.27413368	 
-0.16325951	 0.21104109	 -0.68534859	 
0.75331596	 -0.43418613	 -0.40517666	 
-0.06446564	 0.84933824	 0.13765179	 
0.42976563	 0.95835108	 -0.55995537	 
-0.54972924	 0.30645992	 -0.86841418	 
0.69721308	 -0.20902116	 -0.19181555	 
-0.36028813	 -1.25835241	 -0.58867839	 
-0.21488490	 0.70201452	 0.06312019	 
-0.12805306	 -0.16608087	 -0.72462018	 
0.38907195	 0.48106595	 -0.58898861	 
0.33036294	 -0.06971638	 -1.05195730	 
2.59723788	 -3.18182391	 -3.87789354	 
-1.63847252	 0.31187263	 0.80972018	 
0.80881542	 -0.36401388	 -0.52033333	 
0.09920301	 0.99811864	 0.72158769	 
-0.86119729	 -1.34324961	 0.03075822	 
-0.52707851	 0.29722407	 -0.97384475	 
0.39265903	 -0.03379124	 -0.28002666	 
0.67672543	 0.03936176	 0.26741737	 
-0.58246834	 0.38107497	 -0.10327217	 
-1.52588765	 -0.17612703	 -1.92564469	 
0.79390816	 -0.53400296	 -0.60609766	 
1.23418280	 0.55143991	 1.23711878	 
-2.71449387	 -0.04531064	 -0.46860813	 
-0.48164411	 1.04161136	 0.62279771	 
-0.29684193	 0.01035954	 -0.56450593	 
0.22524902	 -0.33076906	 1.72860354	 
-0.97395950	 -0.24699028	 -0.02643851	 
0.85187275	 -0.34818777	 0.20110316	 
-1.15891527	 -0.23233437	 6.93726823	 
-0.01705718	 0.13188272	 1.29477359	 
0.40577847	 -1.43525323	 0.39805839	 
0.24231204	 0.03973490	 -0.04596205	 
0.58231826	 0.37058100	 1.06868933	 
-2.01346827	 -0.43423722	 -0.60925886	 
-0.82136933	 0.44344554	 1.46683511	 
0.97282003	 0.01357325	 -0.68530735	 
0.10961598	 3.02093307	 -1.37969361	 
-0.13122331	 -0.48294198	 0.94834747	 
-0.88045689	 -2.01198373	 2.53077820	 
0.59903995	 1.12204501	 -0.66634414	 
0.77339083	 0.26080712	 0.00033790	 
0.58557421	 -0.35301611	 -0.50299762	 
0.48141758	 0.10973590	 0.19654288	 
-0.06194656	 1.28972310	 0.38524748	 
-0.50721603	 1.72113094	 -1.07507969	 
-0.28268156	 0.01377285	 -0.37831944	 
-1.56108186	 -0.58007984	 -0.43062638	 
-0.26903820	 -0.17272442	 0.91469306	 
-0.58466431	 0.57910611	 -1.13136483	 
-1.14820281	 1.13745346	 -0.62375610	 
-0.14574500	 -0.15317586	 -0.15440671	 
0.66886061	 0.30571606	 -0.81231604	 
1.54665612	 -1.18335149	 -0.44143597	 
1.87751311	 0.22185681	 -0.04953078	 
0.24793157	 1.48356502	 -0.23313644	 
-0.20668894	 0.07110466	 0.08538466	 
0.45142630	 -0.16816699	 0.45053199	 
0.44300641	 1.03407275	 0.28933751	 
-0.19536601	 -0.01133600	 0.68963921	 
1.51310434	 1.21193367	 -0.44661489	 
-0.69646058	 -0.23664254	 -1.39902077	 
0.75355117	 1.30718838	 0.27458800	 
0.33618359	 -0.30758185	 -0.29358475	 
-1.97265740	 0.42928751	 -1.59033904	 
0.11241177	 -0.09712903	 -0.07320740	 
-0.12524726	 -0.42261194	 -0.55908291	 
-1.05885535	 0.89481755	 2.59925043	 
0.30987952	 0.62228020	 4.56068199	 
0.36297874	 -0.04421100	 -0.06522725	 
0.02802994	 -1.02885415	 0.03809585	 
1.06101312	 0.42290047	 0.08394847	 
-0.86453036	 -0.33039797	 -0.54615335	 
0.33271507	 0.27799158	 -1.09877873	 
-0.76829493	 -0.44919673	 0.42381196	 
0.40230044	 -0.26473927	 -0.28611297	 
0.04964534	 -1.52023010	 1.30231890	 
-0.12608095	 2.28647913	 0.01689928	 
0.21762514	 -0.52643058	 0.17117045	 
0.86052269	 0.16499482	 -0.11399019	 
0.74994479	 -0.23341748	 -1.05100366	 
-1.08945187	 1.28638949	 0.16947398	 
0.02124651	 0.54828862	 0.88187115	 
-0.02715291	 -0.19858935	 1.23152054	 
-1.15378634	 -0.95455087	 -0.98862090	 
0.32756520	 -1.29071272	 1.53286636	 
0.21049980	 -1.52833121	 -0.39010741	 
-0.87228648	 0.08538094	 0.14059109	 
-0.38771785	 0.31822153	 -0.05937655	 
-0.07097791	 -0.15898561	 0.05811908	 
-0.27387530	 0.78662851	 -0.41039030	 
-0.00835723	 -0.26963306	 -0.14517155	 
-1.02380304	 -0.69827125	 -1.06984491	 
0.52255447	 0.65469203	 -0.44192806	 
0.86559513	 0.17692122	 -0.04313303	 
1.94921482	 -1.25486220	 -1.58319909	 
0.03767035	 0.36565508	 -2.15659674	 
-0.10780762	 0.52681040	 0.43168578	 
1.44351326	 -0.45308920	 1.98225385	 
-2.36532806	 1.51563281	 -0.93318381	 
0.24552084	 0.48177022	 0.88421930	 
0.03597652	 0.00838584	 -1.28362936	 
-0.75615165	 0.60658349	 0.36919225	 
-0.76666310	 0.39704309	 1.11932344	 
0.30534378	 0.38971054	 -0.44037220	 
-1.35938677	 -0.03321535	 0.55302872	 
-0.19378675	 0.20214270	 0.25074549	 
-0.43279962	 0.95281443	 -1.71563228	 
-0.84543597	 -0.61279793	 -1.06510478	 
0.54284002	 -1.19836035	 0.76713321	 
0.28831512	 1.50706189	 -0.24928692	 
-0.02680847	 -0.65308725	 -0.26131602	 
0.04435715	 -0.60121334	 -0.56025470	 
-0.99705419	 -2.46748299	 -0.91054385	 
-0.05642852	 0.38842465	 1.04823673	 
-0.83572434	 0.12361939	 0.23252639	 
-0.01671065	 -1.06157813	 0.58642826	 
1.40123356	 -0.44057324	 -0.92254916	 
0.76315208	 -1.75442827	 -0.13658445	 
0.68853613	 0.83458765	 0.47637548	 
-0.01796117	 -1.99234269	 -0.49150946	 
-2.02274577	 -0.08939704	 -2.60895021	 
-0.59459422	 0.39189068	 -0.92875862	 
-1.37182035	 -0.16104874	 -0.34073450	 
0.05914847	 -1.12923994	 0.70807236	 
-0.14474272	 -0.25625240	 0.19590975	 
0.82564049	 0.59533687	 -0.96159665	 
0.71918698	 -1.16262271	 -1.52540322	 
-0.51939508	 0.01176617	 -0.01712965	 
-0.95241401	 1.57387702	 -1.81159354	 
1.12372736	 0.12976184	 -0.93613811	 
0.32919945	 0.31162688	 -1.07241940	 
0.77356324	 1.09103810	 0.43671314	 
-0.29299841	 0.59200861	 0.85645735	 
0.08141917	 -1.19083857	 1.34909537	 
-1.41930903	 0.55635228	 -0.16653532	 
0.02146452	 -2.49301689	 -0.56363762	 
-0.57606195	 -0.59764705	 -0.35804623	 
0.28468108	 0.04840377	 1.18352411	 
1.90951713	 -0.22503938	 -1.75288910	 
-0.87358816	 -2.34267462	 1.49196391	 
0.86166084	 2.28966372	 1.73217925	 
0.44114952	 -1.26968227	 0.63432860	 
-1.10234870	 0.63002306	 -0.34168383	 
-0.64087220	 -0.77142080	 -1.64194953	 
0.78104010	 -0.31288016	 -0.81931689	 
-0.10013215	 0.31516313	 0.84575749	 
0.17105951	 0.44395212	 0.41471126	 
-0.01801105	 0.65237830	 1.23232745	 
0.31815079	 -0.58416623	 -0.54766278	 
0.23271770	 0.05998677	 2.06172144	 
-1.67896262	 0.39987825	 1.69135284	 
0.26265358	 0.11551023	 0.14222562	 
0.95122518	 -0.53590795	 -0.11842300	 
0.36864095	 0.50190494	 0.41297801	 
-1.10422899	 -0.38440282	 0.29197496	 
0.81687476	 -1.09037176	 -0.04023318	 
-3.76069797	 -1.96533765	 -2.78873436	 
-0.05007408	 -1.22668931	 0.89151896	 
-0.34938890	 -1.23650040	 0.08499226	 
-0.34668559	 1.42706064	 0.01628233	 
-0.56142580	 -2.82977472	 -1.13310760	 
0.26158765	 0.43240715	 0.88870159	 
0.00019605	 0.03315133	 -0.02589227	 
0.69966066	 0.35119020	 -0.55797846	 
0.55853385	 -0.37829307	 -0.09481814	 
0.53349525	 -0.70659398	 0.69826543	 
0.40594680	 0.43884877	 0.11404692	 
0.82871810	 0.54813195	 0.34442362	 
0.46163168	 0.30336507	 -0.35828766	 
1.16525439	 -1.07813583	 1.62897313	 
0.24100812	 -0.94718929	 -0.01675964	 
0.78523431	 -0.05074211	 -0.14102162	 
-0.04343432	 0.29744242	 1.12821040	 
-0.50883419	 -0.42681097	 1.08200580	 
-1.97591457	 1.04866543	 -0.29128063	 
3.00783899	 -1.44474814	 -0.71142776	 
-0.34854521	 0.52183718	 -0.87414893	 
-0.51415552	 0.93338705	 0.73882819	 
-1.28184694	 -3.10319623	 1.15680019	 
0.89251445	 0.27809125	 -1.31544796	 
0.75822831	 0.92767070	 0.14033554	 
0.04031725	 2.21596328	 1.44357556	 
-0.63488239	 0.04403778	 -0.46448890	 
0.55112337	 0.70159621	 -0.73692087	 
0.20438404	 -2.49992607	 0.35674368	 
1.47359790	 -0.05338902	 0.61646989	 
0.48178044	 0.19327719	 -0.18323473	 
0.36591162	 0.88483426	 -0.90444573	 
-0.14998038	 -0.43202296	 -0.99717245	 
0.05564875	 -0.85315748	 0.25472790	 
0.78580884	 0.81571835	 -0.36992566	 
-0.26756830	 0.05872947	 0.11434779	 
0.20668452	 0.62374637	 0.95766062	 
0.41282420	 -1.86415762	 1.20643212	 
0.59207970	 -0.33567447	 0.69582875	 
0.23782672	 -0.42503721	 0.04486544	 
0.93620505	 -0.25678130	 -1.40481264	 
0.82593144	 0.26956614	 -0.48201361	 
1.35569103	 0.25669632	 1.30361687	 
0.11359896	 -0.06219444	 -0.75611463	 
0.59827448	 -0.74490775	 0.69064955	 
-0.12109500	 0.02562186	 -0.78342095	 
0.08804338	 -0.81769146	 1.68827555	 
0.01541637	 0.15899473	 0.20532081	 
1.75324821	 0.55881004	 -0.48277958	 
-0.39523977	 0.25380567	 1.84132076	 
-3.38891678	 1.41296169	 -0.01754560	 
-1.01567061	 -1.62760264	 -0.96460269	 
0.43937275	 -0.94871404	 0.20404921	 
0.50217189	 0.11979849	 1.76670229	 
0.40001443	 0.17687950	 -0.59835768	 
1.32058318	 1.21354585	 1.30192740	 
0.14924790	 0.12572400	 3.59555307	 
1.04086059	 -0.71303376	 2.43571077	 
0.08055272	 0.06942441	 0.30307767	 
0.48273748	 -0.91489405	 0.02756885	 
-0.39742404	 0.75827470	 2.18886334	 
-0.25289785	 -0.04302932	 0.57973453	 
0.39739367	 1.31309562	 0.19303727	 
-1.52193452	 0.04029629	 0.34665804	 
0.25286349	 2.54462825	 1.08691954	 
0.89826851	 1.38396599	 0.02461699	 
1.22853709	 -0.07217327	 0.85479019	 
-0.31937001	 0.43014118	 0.75778889	 
-0.25607283	 1.62627729	 -0.63032590	 
1.69266796	 -0.53758692	 -2.61822853	 
-0.27541460	 1.64180005	 -2.74039217	 
-0.73699154	 2.59710842	 0.42676160	 
0.60183438	 0.17680673	 0.53119173	 
-0.35271048	 1.99708150	 -1.19374876	 
1.36432225	 -0.50858987	 -1.61587348	 
0.10211093	 0.86853382	 0.07898633	 
0.16942154	 1.74173089	 0.96741006	 
-0.99228507	 -0.50676360	 0.66276081	 
-2.33088500	 -0.88242937	 -0.59907919	 
-0.39279339	 -0.65868596	 0.86801672	 
-0.35226910	 -0.85426070	 0.87772447	 
-0.23455350	 2.36510772	 0.25188359	 
0.69744626	 -0.43546294	 0.10705514	 
0.33480142	 -0.38454517	 0.55663592	 
0.68300726	 0.72041241	 1.46116255	 
0.70275652	 -0.88485451	 0.07142682	 
-0.25628159	 -1.25444108	 1.22925888	 
0.97407742	 -0.89538221	 0.36230893	 
-0.78582342	 0.73584231	 -0.10944396	 
-0.03424645	 -0.00633135	 -0.18515528	 
-0.17977354	 0.05745231	 -0.42249631	 
0.30196805	 0.73837250	 0.58244042	 
-0.66882117	 0.02495293	 -1.21358650	 
-0.53635955	 0.53693689	 1.06316670	 
-0.22976257	 0.32300239	 0.10319464	 
-2.82431865	 -0.92847625	 1.04275546	 
-0.93021745	 0.45285941	 -0.24234569	 
0.32282889	 0.37441414	 -1.11108421	 
-0.44465935	 -0.03971170	 0.39257108	 
-0.03621283	 -0.04123427	 0.21209590	 
1.74711678	 -0.72245451	 1.41565032	 
-0.11042285	 -1.23257365	 -0.49370667	 
-0.07492023	 0.91555608	 -1.35924897	 
-2.24430937	 2.33262731	 -1.62330628	 
0.65144889	 0.84149439	 0.42770854	 
0.87939733	 -1.68546837	 2.05410063	 
-0.87068848	 0.38398613	 0.53411135	 
0.38828184	 -0.13886835	 -0.13989306	 
0.14586879	 1.01238957	 0.06929294	 
-1.25422426	 -0.44361373	 -2.00213667	 
0.39217578	 -1.01608425	 0.67328227	 
0.00017062	 0.72980296	 -0.19331588	 
1.28237376	 0.77175708	 2.59622043	 
-1.10131534	 0.47437973	 -0.31892782	 
0.59450514	 1.47087662	 -0.49299815	 
-0.16666198	 0.61669517	 -0.23688654	 
1.27222352	 0.58175501	 -0.30338746	 
-0.89993738	 0.01999599	 -0.24951683	 
1.07481474	 0.61027964	 1.15515315	 
0.13186986	 1.39079443	 0.59479304	 
-0.30608739	 -0.08170091	 -0.19090449	 
0.37412393	 0.43119128	 0.11022715	 
1.73692870	 -0.06458053	 1.23742884	 
-1.07732767	 0.43117458	 -0.20738943	 
-0.54271259	 -0.39687481	 1.01456228	 
0.35442905	 0.58315022	 -0.39059489	 
0.57405047	 1.79593464	 -3.84999005	 
-0.00052350	 0.50918639	 -0.06711301	 
-0.28383860	 -0.47850919	 -0.08647861	 
0.55019103	 1.13698718	 0.80356615	 
0.33279218	 0.07990221	 -0.44103550	 
-0.91934291	 0.05546955	 0.99831467	 
-0.22801057	 0.09520280	 -0.79034505	 
-0.21239736	 0.12120832	 -0.61431688	 
-0.39124349	 0.57598983	 0.04823322	 
0.30799089	 -0.46673358	 -0.22517150	 
0.87926555	 0.63400015	 -2.09923296	 
0.39533143	 0.40340940	 0.37641431	 
0.47369597	 0.42100292	 0.53233370	 
-0.20031177	 -0.44500402	 -0.84030765	 
-1.94034841	 0.28111789	 0.39745225	 
-0.83895983	 -0.97578306	 -1.10280526	 
0.12974026	 -0.24624797	 0.02250034	 
0.04903801	 -0.01162508	 -0.23805331	 
-0.38022421	 0.24387717	 -0.55097189	 
0.42247746	 1.93904348	 -1.88544786	 
-0.28451267	 0.29066160	 0.47540279	 
0.21591080	 0.18741523	 -0.05724798	 
0.79351286	 -0.65512062	 -0.31332386	 
-1.49741987	 0.93335700	 1.63250854	 
-0.45090728	 0.02304569	 1.15093681	 
0.22820172	 1.16856065	 1.72402583	 
0.79160801	 1.13019116	 -0.96335207	 
-1.41250466	 -2.71472858	 0.88667253	 
-0.15421053	 0.53068965	 -0.26596292	 
-0.12912966	 -1.01640198	 -0.05438360	 
2.99573767	 0.39614380	 2.25764501	 
-0.32003123	 -0.81269701	 0.84288009	 
-0.21300437	 -0.01578734	 -0.70790170	 
1.30171099	 0.09356540	 -0.02477990	 
-1.05687868	 1.46733077	 -0.48598593	 
0.40847258	 0.35893052	 0.95800254	 
-0.43203742	 1.17698496	 -0.12678730	 
-0.03287133	 -0.64888315	 -0.04388543	 
-0.63249051	 0.05607722	 -1.96147374	 
0.51139830	 0.02135939	 0.78703616	 
-1.48029855	 0.60344572	 -0.91134087	 
-0.32698773	 0.99400964	 0.48965682	 
0.92755860	 1.05038538	 -1.38823796	 
-0.77754625	 -0.35883431	 -0.18317226	 
0.34216323	 -0.39879998	 -1.13918270	 
0.06427599	 2.35607048	 -0.34049053	 
-1.82423158	 -0.39477956	 -1.14347089	 
1.64800897	 2.23582043	 -1.21654986	 
-0.00831824	 -0.78057060	 -0.15795400	 
0.54915985	 0.45047802	 -0.33550151	 
-0.28404472	 -2.00586007	 0.06462441	 
0.01279143	 0.07432604	 0.20690122	 
0.16242054	 0.03959621	 -0.28855424	 
0.09266474	 0.01035497	 0.63352175	 
2.04626792	 0.11069949	 -1.81799041	 
0.76534774	 -0.65263963	 -0.84013482	 
0.67196594	 0.59600171	 -1.34254700	 
2.78986571	 -0.53300245	 -0.13282967	 
0.16041232	 -0.05345240	 0.30858371	 
0.54987167	 -0.61427737	 -0.59740361	 
-0.77137723	 -0.15121638	 -1.02075442	 
-0.12225521	 0.35821802	 0.42510694	 
-0.86295099	 -0.81418075	 -0.83272566	 
-2.20021793	 0.35084889	 1.58945158	 
-0.72597143	 -0.68980101	 0.06993524	 
0.64459803	 -0.05989361	 -0.02500728	 
-0.65436865	 -0.25058862	 0.68830366	 
0.33155868	 -0.76279946	 0.08285761	 
-2.35858165	 -1.18046563	 1.20953798	 
0.65065140	 0.62263002	 0.10815855	 
-0.65578139	 0.40398789	 -0.64135218	 
2.54745603	 -2.97664087	 0.92866648	 
-0.80127604	 -1.06761190	 1.42232969	 
-1.27552526	 0.13079735	 1.30415811	 
0.62871854	 -1.57801032	 1.74494214	 
0.69057472	 -1.04965433	 -0.03674499	 
0.25170364	 -0.41473140	 0.53052876	 
0.53396720	 -0.48236151	 0.18597387	 
-0.42710270	 -0.34897507	 1.03665728	 
-0.48058962	 -0.86259537	 -0.74949701	 
-1.01592606	 -0.69398143	 0.71964621	 
0.84442224	 -2.34091035	 -0.45975128	 
-0.53160648	 2.69943160	 0.61715584	 
-0.78322900	 -0.40901880	 -0.19738260	 
-0.27538940	 -1.17373758	 1.38282388	 
1.52146026	 -2.12144986	 -1.42856972	 
-0.06555721	 1.03115932	 1.00230943	 
-0.62253522	 0.35161581	 1.74410216	 
-0.22630702	 -1.52262007	 -0.06514622	 
0.78386141	 0.18492981	 -0.01155618	 
-0.28095976	 -1.10765694	 -0.09547185	 
-1.79281882	 1.26025669	 -0.60165059	 
-0.14734516	 -0.65172993	 0.10059018	 
-0.84425220	 -2.30399657	 -0.04765894	 
-0.98849477	 -0.75081725	 -0.34973412	 
-0.36369736	 0.42307714	 0.12922789	 
0.85599029	 0.85717057	 -3.25578586	 
-0.30700530	 -0.86172874	 0.14445767	 
0.54332996	 -0.15007338	 -0.13682637	 
-0.16631541	 0.31898024	 -0.17986516	 
0.59204909	 -1.13884313	 0.06458957	 
-0.43898141	 -0.09820385	 -0.59152924	 
2.16376349	 0.91990487	 2.39960184	 
-0.52538369	 -0.65470092	 1.16359391	 
-2.75249295	 -1.60306141	 2.79837656	 
-0.89803465	 0.19563768	 -0.81566726	 
0.70158381	 -0.37034217	 0.25235355	 
-1.64976910	 -0.74389931	 1.14003303	 
-0.18860520	 1.17546225	 -0.66129478	 
1.09453591	 -0.77616446	 1.09748907	 
0.22892496	 -0.40763774	 -0.41122618	 
0.08693338	 0.02664236	 1.17938853	 
0.52950147	 -0.27698210	 1.28915528	 
0.34465441	 1.46436952	 1.20879550	 
0.37216425	 -0.39822306	 -0.80733444	 
1.03561562	 0.92686220	 -1.54968211	 
1.32751424	 -0.20228706	 2.03837917	 
0.92005435	 -1.06250496	 -0.44301914	 
-0.90909391	 -0.66362654	 0.32913539	 
1.24243043	 1.62790248	 -1.92209362	 
0.27105741	 0.77891358	 0.14441160	 
1.28305011	 -0.13754663	 0.63184121	 
1.89100276	 1.61375329	 -0.52427219	 
1.07677033	 0.13271185	 -0.13162852	 
0.47146838	 0.57257565	 -0.17102037	 
-0.70342480	 -0.93533801	 1.77144999	 
-0.06351837	 0.36004461	 -0.52583536	 
-0.14847956	 -1.92416619	 0.22754799	 
0.08679198	 0.67082380	 -0.72718924	 
-0.59896038	 -0.70622623	 -0.92122110	 
0.92215474	 -0.59658170	 -0.17836249	 
-0.31191529	 -0.91071962	 1.00821315	 
-0.33329753	 -1.02970773	 -0.73128701	 
1.16966831	 0.73215184	 1.88255490	 
0.66533545	 -0.48051659	 0.65242176	 
-0.43702406	 0.38638602	 1.76237317	 
0.60588339	 -0.64204358	 0.14160115	 
0.25427927	 -0.42206337	 -0.09145367	 
0.17159989	 -0.00447100	 1.46319929	 
0.08719204	 1.96075863	 -1.23829780	 
0.39314669	 -0.00273109	 0.56054741	 
0.10107880	 -2.71381282	 0.56645384	 
1.40191829	 -0.76439748	 -0.66525329	 
-0.10615405	 -0.01004485	 1.18592553	 
0.72874907	 -0.01678625	 0.25000242	 
0.49716829	 -0.56285052	 -0.36186089	 
-0.47289035	 -0.83219887	 0.47857094	 
-1.91393263	 -1.94004571	 -2.03075977	 
-0.03488357	 0.30017381	 0.29824424	 
-0.86570627	 -0.24086577	 0.01145794	 
0.26842961	 1.07545388	 0.26770298	 
1.26422282	 1.21970181	 0.03302573	 
0.69212297	 0.13136582	 -0.16737589	 
-0.01635328	 -0.68190412	 -0.05927289	 
-0.56152941	 0.04350929	 -0.58145022	 
1.58808111	 -0.45127227	 0.11360734	 
-0.85990828	 0.75427367	 -0.57243021	 
-1.13283213	 0.85973591	 -0.09049850	 
0.82251828	 -2.15013005	 -0.40072169	 
0.45989046	 -0.20812027	 -0.32969699	 
-0.22189503	 -0.16061114	 -1.43141163	 
-0.96390681	 1.58574819	 0.38159167	 
0.62228054	 -0.20870721	 -0.92550550	 
0.79721821	 -0.74772174	 0.78057342	 
-1.62050155	 -0.37783141	 0.06541554	 
0.74410956	 0.45867019	 -1.00626833	 
-0.06765477	 -0.35209379	 0.33614980	 
-0.20186864	 -0.83977382	 1.43351735	 
0.47162925	 -1.47665696	 -0.72061122	 
-0.84649969	 -1.19811491	 -0.76024848	 
-0.07382610	 -0.50110314	 0.37465008	 
-1.78874425	 0.64113719	 3.06870472	 
0.45806690	 -1.28283142	 1.29415728	 
0.69722423	 1.03219614	 -1.41714493	 
-0.66268816	 -1.38215962	 0.65089721	 
0.39763793	 -0.97484363	 0.07844787	 
0.29846748	 -0.50420197	 0.41796628	 
0.85874709	 0.40140603	 -0.97121198	 
-3.79043669	 -3.88033488	 -2.44303676	 
-0.80221951	 -0.03072037	 -0.00558962	 
0.50363697	 -0.73105063	 0.24497469	 
-0.25266189	 0.50442286	 -0.26485801	 
1.55514401	 0.06963832	 -0.38959544	 
0.44127485	 -0.10660795	 -0.59035993	 
1.09740274	 0.18061702	 0.33418284	 
-0.29519417	 -1.02930698	 1.39373496	 
-0.54797676	 2.19986342	 -1.51248041	 
0.55802537	 -1.27052294	 1.41556733	 
2.22308846	 0.67083387	 -1.16666827	 
0.78091918	 1.50818054	 1.52159127	 
0.09189368	 0.55348446	 0.00599289	 
-1.07884677	 0.34377884	 -0.53626747	 
-0.21523081	 1.11979903	 -0.88879194	 
-0.08285807	 0.28308162	 1.16754296	 
-0.33997075	 -0.42857704	 -1.20712551	 
0.75779067	 -1.93485050	 -1.90557671	 
1.38736002	 -1.32324213	 0.73892261	 
-1.34233204	 1.51343480	 -2.35567793	 
0.15101143	 0.14031440	 0.58341806	 
0.69899928	 -0.54771202	 0.64109930	 
0.76926360	 -1.13112748	 -0.06319478	 
0.81440762	 0.76368686	 -0.59086269	 
1.76505068	 0.79212124	 0.79642572	 
0.35826887	 -1.45154171	 -0.89766549	 
-0.32111725	 -0.94536642	 0.28531465	 
-0.85389762	 -1.73243521	 0.13033860	 
0.07650971	 0.04660339	 0.48332610	 
0.41041620	 -0.25632089	 0.16190789	 
-1.08298455	 0.71777318	 0.43486299	 
0.32843124	 -0.14381753	 -0.05233819	 
0.85680966	 1.66454502	 -2.25177894	 
-0.72781142	 0.33387294	 -1.12183851	 
0.52937679	 -0.51354288	 -0.05961490	 
-1.16736028	 0.72134816	 -1.37512064	 
-1.21122620	 0.36538498	 0.14668477	 
-1.44095929	 -1.59783168	 1.71001197	 
-0.56063314	 1.44672119	 -0.25436112	 
0.28768304	 0.50422541	 1.86468858	 
-0.97943222	 0.18742850	 0.51681140	 
0.76432387	 0.30636037	 0.02669108	 
0.80429788	 -1.18556610	 -0.16938770	 
0.09421423	 -1.26494688	 0.71808741	 
-2.61031249	 1.64749968	 0.98375904	 
1.90013756	 -0.03590034	 -1.02857663	 
-0.58207338	 -0.72225954	 -0.67479243	 
2.37728363	 0.47006846	 -1.37019835	 
-0.47434159	 0.05348540	 0.01831510	 
-0.55951545	 -1.25358250	 -1.05277370	 
0.91827153	 -0.70225848	 0.60021017	 
-2.16222727	 0.53667736	 0.01717063	 
0.21167549	 -1.11930440	 1.22745987	 
0.84046924	 1.62806136	 -1.58201283	 
-0.10289786	 -0.17393420	 0.68579390	 
0.19543989	 0.28038005	 -0.10360263	 
0.61586088	 0.12918175	 1.19977816	 
0.19129555	 0.27804563	 -0.76338541	 
0.53263603	 -0.02855428	 0.02091767	 
1.61330533	 -0.74455391	 -0.21141802	 
-0.07763734	 -0.14654541	 -0.19436615	 
0.42534108	 -0.60462833	 -0.75108553	 
0.49950485	 -0.67206875	 -0.04467622	 
-1.44105597	 0.63050457	 -0.22108023	 
-0.47963806	 0.10315961	 1.75800850	 
0.58954362	 -0.40007367	 -0.56879764	 
0.27550104	 1.71124122	 -0.20017432	 
-0.08204381	 0.12249684	 0.29296853	 
1.17196214	 -0.32682026	 -0.76666255	 
-0.29224196	 0.54335473	 -2.25067411	 
-1.60015871	 -0.93373449	 -0.70548052	 
0.57316300	 0.33483060	 -0.40290565	 
-1.06583838	 0.39003766	 -2.27591405	 
2.39130936	 1.39693705	 -0.60642025	 
0.07664206	 -0.10494423	 1.18561293	 
-2.08166769	 0.36893360	 3.12193394	 
-1.10239173	 0.36927884	 -0.33653276	 
0.51796446	 -0.28907726	 -1.57742061	 
1.39375973	 -1.02062595	 0.31252061	 
-0.32809367	 -0.15766357	 -0.19634160	 
-1.29895088	 0.05716141	 -0.88354431	 
-1.13495167	 -0.03302550	 1.33292230	 
-0.13065525	 -0.33742672	 -1.06699171	 
0.06194715	 -1.07240029	 -0.78973195	 
-0.11520034	 1.60918798	 0.78215914	 
0.49994322	 -0.57378257	 0.00300155	 
-0.94818104	 -0.98267484	 0.18410276	 
-0.41940488	 -0.49110595	 -0.57703722	 
-0.15259509	 0.94725760	 0.81818058	 
-0.72627813	 1.03343872	 0.56916911	 
0.38810656	 -1.70956425	 0.92580972	 
-0.33176207	 0.33057398	 -0.85096485	 
-0.71576958	 0.65691271	 0.85007756	 
-0.25511676	 -0.26131499	 -0.60779966	 
0.84472045	 0.67545376	 0.41330220	 
0.14785927	 0.72754001	 -0.44993455	 
-0.52416175	 1.34622582	 -0.28821912	 
-1.57913939	 -2.94375125	 0.92654822	 
3.25919050	 0.36198553	 -0.19776745	 
-0.56899313	 -0.19370631	 -1.46141748	 
1.41853671	 -0.30919121	 0.17904349	 
0.76143716	 -0.38356848	 0.55222297	 
0.18275981	 1.41066319	 -1.39641117	 
0.24666470	 -0.36633094	 0.18384165	 
0.01831397	 -0.64055527	 1.71905969	 
1.11982839	 -2.04301900	 3.52562832	 
0.03922665	 0.47898238	 -0.51564496	 
-2.07332899	 1.97913523	 0.48642856	 
0.61183191	 -2.06667406	 -2.59325560	 
0.39995939	 -0.33259217	 0.81138514	 
-0.19381220	 0.19139594	 0.48157656	 
-1.47622130	 0.05731321	 -0.06502657	 
-0.98094754	 -0.16159414	 0.94950035	 
-2.05578833	 0.79100051	 -0.26472029	 
1.35981930	 0.19443582	 0.36639926	 
-2.53674999	 2.52128429	 0.52473204	 
1.46954454	 -0.29740243	 1.36895246	 
1.12226269	 0.55865685	 0.11206580	 
-0.31392533	 -0.80646063	 -0.38642416	 
-1.41098784	 -1.11294111	 -0.66948130	 
0.14612320	 0.28679537	 0.85622683	 
1.64944505	 0.59458184	 0.82102834	 
-0.00451041	 -0.65061127	 0.24362005	 
-1.17517487	 -0.35689761	 -0.59409498	 
-0.85265708	 1.50498375	 0.26658309	 
-0.97017718	 0.23362222	 -0.14117741	 
0.45996093	 -0.85981496	 0.73261603	 
-1.11340334	 -0.75970283	 -1.16022043	 
-0.19308129	 -0.68929538	 -0.32475119	 
-0.58631583	 0.07076392	 -0.27130726	 
-0.60140503	 -0.20215859	 -0.22296025	 
-0.09485779	 0.42298229	 1.09156654	 
-3.57188719	 -3.40927003	 0.28102447	 
-0.71402370	 0.59818611	 0.17938114	 
0.36779448	 0.99334404	 -1.30479295	 
-0.34887041	 1.00306642	 1.06629368	 
0.55550895	 0.36396322	 1.56764977	 
0.65606443	 1.32322846	 -0.35678632	 
1.45428760	 2.36698948	 2.12129992	 
0.13954513	 1.46959731	 -3.30035141	 
-1.44254546	 0.41238970	 -0.78877051	 
1.36992128	 -0.42613445	 0.95979798	 
-1.04958713	 1.93893798	 0.87642268	 
0.07506989	 0.36207280	 0.58420473	 
0.77258039	 1.08922045	 -0.28342917	 
0.60511718	 -0.30387538	 0.13304259	 
0.35646195	 -0.31502611	 -0.02477180	 
-0.66659888	 0.54086231	 0.54623684	 
-2.26077127	 -0.82328433	 0.18810392	 
1.07521422	 -1.16603488	 0.85119316	 
0.28806082	 0.37582455	 -0.56256776	 
-0.11618805	 -1.38248409	 0.35447060	 
-0.50952585	 -0.06090616	 0.86466103	 
-0.84106491	 0.54690333	 1.76970398	 
1.11984421	 -1.67742744	 0.30102953	 
1.49940486	 0.38347200	 3.01584495	 
0.21206100	 1.46609647	 1.34572487	 
0.01388512	 -0.06596940	 -0.05794065	 
-0.36007663	 1.75937016	 0.18900278	 
0.49365586	 -0.47845789	 0.99879901	 
0.48498962	 0.45636633	 -0.32930922	 
0.13271239	 -0.36545721	 -1.55019302	 
-0.62275462	 -1.26541282	 -0.46269505	 
-0.30086107	 1.44459143	 -0.54960548	 
0.21404058	 -1.35352932	 0.98792360	 
-0.60392880	 0.18187091	 -0.55370452	 
-1.79829820	 -0.05479255	 -0.61642198	 
0.32661166	 -1.17185619	 -0.12648883	 
0.48723223	 -0.49573560	 -1.02362317	 
-1.33305894	 2.32958787	 -0.03760071	 
0.63041206	 -0.00287829	 -0.50879492	 
-1.11983056	 0.48650089	 0.04212751	 
-0.56648563	 -0.49299441	 -0.08463452	 
-0.18845040	 -0.00194589	 0.63755397	 
-1.39874755	 -0.98854925	 1.01705832	 
0.99136817	 0.49669510	 -0.00333487	 
-1.38818800	 -0.63179129	 0.50173537	 
-0.66290234	 2.30551636	 0.91768268	 
-0.07014456	 -1.03168592	 0.33677298	 
1.43257754	 0.07178093	 -0.74384693	 
-1.13031138	 0.92863148	 -0.79740783	 
-0.17575879	 -0.42976832	 -0.13289897	 
0.43497036	 -0.41552921	 -0.15312611	 
0.86538770	 1.28688653	 0.96189124	 
-0.07846193	 -1.67395392	 -0.52460269	 
-0.19861929	 -0.43421363	 -0.66036312	 
-0.95836206	 0.37432941	 0.21851803	 
-0.72321323	 1.20476315	 2.27688076	 
0.31328705	 -0.30633276	 -0.28504847	 
0.02004712	 -0.30196558	 -0.14780303	 
-0.43634329	 0.05410878	 -0.49866995	 
-1.35827185	 -2.72476589	 -1.71698981	 
-1.07682565	 -0.45424884	 -0.14413285	 
1.68418958	 -0.67480108	 -1.68192859	 
0.10598127	 -0.27718822	 -0.35991202	 
-1.36119630	 0.20198674	 -0.93272138	 
-2.03465977	 -1.53099822	 1.01923429	 
-1.47592795	 -1.20176676	 -0.48102055	 
0.15863222	 0.17915914	 -0.71661511	 
-0.52005738	 -0.18707576	 -2.47854321	 
1.13195421	 -0.26443737	 -0.52458811	 
0.35735088	 0.98724117	 -0.90755702	 
-0.30948198	 -0.28688664	 1.01937428	 
0.34334293	 -0.07535600	 -1.25160456	 
-0.01809332	 0.55322950	 0.40475641	 
-0.38039028	 -0.03335724	 0.92612424	 
0.21425919	 1.46220357	 0.44323496	 
-2.14713042	 -1.68318857	 3.11777268	 
-1.81577633	 -0.23171582	 -0.74090006	 
-0.83841684	 1.25074143	 -0.09583261	 
-0.71396008	 0.70570991	 0.25772426	 
-0.45591206	 -0.33634484	 0.03333081	 
0.61521673	 1.59452633	 1.47400537	 
-0.71961666	 0.92953030	 0.43813019	 
-2.63272797	 0.28036421	 -0.00192051	 
0.33652674	 -0.56640828	 0.45600789	 
2.00393481	 1.28039875	 0.75866859	 
-0.23360224	 1.74213950	 0.65886340	 
-0.32317771	 -0.76833325	 -0.85965792	 
-0.21556452	 -0.45830067	 0.66293795	 
-0.48347863	 1.64145708	 0.83426989	 
0.71069801	 -0.41503065	 1.16856959	 
-0.72436462	 0.57294842	 -0.06584282	 
1.95285364	 1.29260026	 0.50152989	 
-0.25743100	 -1.41475185	 0.21887235	 
-1.38832553	 -0.59943819	 0.17087308	 
-0.37748061	 0.66421287	 -1.38858145	 
0.97059357	 -2.37533260	 0.17868948	 
-1.45389482	 1.25072072	 -0.39827625	 
0.24788837	 0.19642231	 -0.12095685	 
-0.45941620	 -0.99953564	 -1.20256349	 
-0.15021647	 -0.30856656	 -0.23967715	 
-0.49520502	 0.78618225	 0.25583866	 
-0.19697192	 0.67190331	 1.87661656	 
0.10607073	 -0.83901263	 2.28250842	 
-0.04428488	 -0.36231134	 -0.61598735	 
0.11356308	 0.18931381	 0.19898706	 
0.03458236	 -0.09396084	 -0.13975271	 
-0.89268194	 -0.10323915	 1.00467426	 
0.37731477	 -1.17446054	 -1.24780329	 
0.58338162	 -0.52073919	 0.60360966	 
0.77410234	 -0.45629689	 -0.01644377	 
1.18638765	 -2.21411664	 1.75022317	 
-0.12376951	 -0.43481668	 0.09238676	 
-0.87712562	 -0.22900555	 1.38611072	 
0.06950947	 0.69493223	 0.18460030	 
-0.97631847	 0.06174985	 2.35110409	 
-1.95775990	 -1.29800340	 -1.39592122	 
-0.59970304	 -0.67468701	 -0.28976171	 
-0.60822705	 -3.44069237	 1.83856718	 
0.11376150	 0.34256806	 -0.85304654	 
-4.05227094	 1.10451460	 -0.57841278	 
0.49441037	 -0.16195589	 -2.97216874	 
-0.21044419	 0.21642218	 0.31837277	 
-1.56558747	 -0.58935451	 0.87461189	 
0.47358480	 -0.44697376	 0.16916147	 
-0.57086630	 -0.47272121	 0.13691372	 
0.41618806	 0.69904655	 -0.04352069	 
-0.51810005	 -0.36018595	 0.06130710	 
0.51314498	 2.26288216	 -0.53618357	 
-0.79073906	 0.13365016	 -0.21701691	 
-0.35807694	 -0.63367177	 -0.26290681	 
0.39523535	 0.09578938	 0.85583700	 
0.42774573	 -0.46911164	 0.01474741	 
-0.33552066	 -1.18748642	 2.03916264	 
0.46594379	 -1.50516414	 1.02837720	 
0.83356569	 2.42482263	 -0.56762949	 
0.02825788	 0.91843774	 -0.32959687	 
1.07858563	 -0.33223217	 0.76562346	 
-0.00120480	 0.66425621	 -1.14540454	 
-0.70442630	 -0.45063897	 1.76471795	 
-0.01451348	 0.41820509	 0.75135386	 
-0.27812663	 -1.00984052	 0.37879356	 
0.11776253	 -0.05297579	 -0.44507933	 
-2.25125018	 -1.53995298	 0.95242321	 
-1.18050866	 0.25208864	 1.21039263	 
0.37591414	 0.44846209	 0.99702522	 
1.27511926	 0.92168274	 -0.19378181	 
3.21894191	 -1.60752019	 2.44177070	 
-0.19025426	 0.27151348	 -0.44970976	 
-0.05735463	 1.18650020	 -1.15288758	 
-1.21744987	 0.23147316	 -0.86649711	 
-0.26135911	 0.33067374	 -1.15923247	 
-0.48107881	 1.40630716	 -0.39689875	 
-0.51300346	 1.26723645	 0.66286926	 
0.78853086	 0.70905418	 0.86206177	 
0.06321631	 1.39010703	 -0.56885816	 
0.38648753	 0.05392770	 -0.01942968	 
-0.88725436	 -1.02551850	 0.03845744	 
-1.93545325	 -0.05021862	 1.38760966	 
0.22829530	 -0.69756322	 -0.48075988	 
-0.40817951	 -1.42727219	 -0.39298407	 
-1.09647111	 -0.50186606	 -0.44689235	 
0.88006684	 1.78027007	 -1.46159110	 
-0.09808632	 0.62667803	 0.51455898	 
0.04609327	 -0.03330845	 -0.39479972	 
-0.16065300	 -0.57472481	 -0.04723184	 
-0.88549483	 -0.69174243	 1.21470379	 
0.06409806	 -0.24006375	 0.83673364	 
0.40848665	 -0.80748178	 0.35008874	 
0.13264558	 -1.32445281	 0.17528793	 
0.26317696	 -0.97312267	 -0.80057510	 
-1.92326987	 0.42095967	 -0.67782570	 
0.37591875	 -0.46369424	 0.21406821	 
-0.00583228	 -1.36111120	 -0.90977559	 
0.58522330	 -0.98108031	 0.39557793	 
0.76992024	 -1.79815368	 1.82061000	 
-0.52601828	 -0.24843014	 -0.02222416	 
0.11340287	 -0.47818923	 1.27969643	 
0.73148121	 1.10789774	 0.86809262	 
-0.02222174	 0.64096875	 -1.70769622	 
0.94927806	 1.56507040	 1.77824233	 
-0.50432862	 0.20081006	 -1.01505430	 
-0.97507533	 -0.44058080	 1.88121596	 
-0.45421065	 -0.41084392	 0.49924434	 
1.15539399	 -0.52161276	 0.01125999	 
1.49624460	 0.17801135	 1.69628996	 
0.85306750	 1.31739237	 0.39596843	 
2.40564105	 1.21791136	 1.89817669	 
0.24875623	 0.52944711	 0.05342700	 
1.46534948	 0.76844060	 0.61255805	 
0.16230811	 -2.29990610	 -0.83581202	 
0.79936486	 -0.88444497	 0.78061091	 
1.00046931	 0.27814168	 -0.87105046	 
-0.55177769	 0.32866353	 -1.68386844	 
0.44584166	 0.80690399	 0.84946648	 
-0.51736558	 0.36717023	 1.49397280	 
0.19744149	 0.72746992	 -0.59910545	 
-0.41106990	 0.34032933	 0.77933994	 
-1.70790110	 -0.98495994	 0.58292983	 
0.55235012	 0.26609149	 -0.92128605	 
-0.21498569	 2.17741361	 1.49902232	 
0.07218746	 1.46305590	 1.12352601	 
0.25544224	 1.45382987	 1.59591221	 
-0.33621636	 -0.46643012	 0.95290752	 
0.08802076	 -2.69513762	 1.66413085	 
0.08814437	 0.97339772	 0.15672351	 
0.83597947	 -0.13518951	 0.76058770	 
-0.42561323	 0.25156765	 0.67945081	 
0.55560757	 0.55650885	 -1.34144508	 
1.26524145	 -0.91616888	 0.04038874	 
0.55072339	 1.18559234	 0.47133645	 
-0.95749489	 0.61163375	 -1.07084977	 
-1.13304638	 0.32600352	 -0.24287193	 
-0.08000777	 -0.46350260	 -0.56560765	 
1.15459249	 -0.51762344	 -0.86115431	 
-0.88747415	 0.51879866	 0.14551205	 
-1.69600884	 -0.14505507	 0.65477301	 
-0.42827307	 0.31308477	 -0.31018854	 
0.01523060	 -0.01038749	 -0.14318665	 
2.08446052	 0.24726813	 -0.04497893	 
-0.49932403	 0.81803328	 1.55035777	 
0.28854741	 0.84260533	 0.08702387	 
-1.35563196	 0.52069500	 -0.34578152	 
0.71546578	 1.17578804	 -0.19107512	 
1.89347318	 0.39524002	 2.29031058	 
-0.17711092	 -0.43996329	 -0.30804139	 
0.15391382	 1.71519700	 -0.70903689	 
-1.58943661	 -0.76514110	 1.47955636	 
0.07030666	 0.93081093	 -0.49578391	 
0.08311892	 0.11515008	 -0.03658699	 
0.60710924	 0.32656164	 -0.66100625	 
0.15165562	 -0.61651766	 0.41824547	 
-0.34284518	 -0.81099351	 0.05642840	 
-0.52739236	 0.53656766	 -0.08852444	 
-0.11575812	 -0.10613305	 -0.86474369	 
0.74620285	 -0.90511948	 1.18417609	 
-0.07137894	 0.10104935	 0.01510175	 
0.15792060	 -0.57428259	 0.51026133	 
-1.75249134	 0.93692744	 0.68339357	 
1.75734216	 -0.95574937	 -0.95231712	 
-1.12939645	 -0.50435464	 -0.20028677	 
-0.32377326	 -0.47066427	 0.51281251	 
1.15239113	 -0.65817126	 3.10792610	 
0.30896236	 0.51504440	 1.74980165	 
1.06062614	 -0.03998290	 0.95676296	 
0.23720823	 -0.57505746	 -0.82342102	 
-0.00120182	 0.47294268	 -0.00987732	 
1.42183878	 0.82964409	 -0.72874903	 
0.40357590	 0.76610847	 1.04105477	 
0.58468717	 -0.23487963	 0.48994567	 
0.06002870	 0.16738292	 -0.78322892	 
-0.17137833	 0.15645400	 -0.82253548	 
0.76283824	 -0.08243198	 -0.20847509	 
-0.06522281	 0.05345880	 2.63428151	 
0.46428376	 -1.51986707	 -0.74143256	 
0.60989585	 -1.36365385	 2.49031314	 
0.37944009	 -0.15531240	 0.56843510	 
0.35926836	 -1.43829382	 0.77968759	 
-0.50321257	 0.35839533	 0.59938742	 
-0.41504702	 1.36875446	 -1.14377879	 
0.18922899	 0.97844713	 0.10879311	 
-0.18061063	 0.30767886	 1.26608632	 
0.91218717	 1.43124365	 0.99222797	 
1.38009854	 -0.23530548	 0.48462242	 
1.82004398	 -1.24372966	 -0.04358326	 
-0.07918063	 -0.15930421	 0.72400616	 
0.49555953	 -1.26466567	 0.18708170	 
0.94070594	 0.02225972	 1.01467623	 
-0.13472747	 -1.50714920	 0.67669087	 
0.79723843	 -0.37845002	 0.64026978	 
-0.10245187	 -0.45685587	 1.13909550	 
-0.50824284	 -0.38515280	 0.23483457	 
-0.71623988	 -0.04529614	 -0.10112206	 
0.35734955	 1.17036911	 -0.01301522	 
-1.05247529	 -0.51992911	 0.63198426	 
1.33626123	 -0.46478973	 -0.27921016	 
-1.39434352	 0.11631675	 -0.49622637	 
0.42077289	 1.65820692	 0.57971833	 
-0.73038123	 -0.76239855	 2.61099171	 
0.80348062	 -0.85317728	 -1.08766607	 
-1.67031111	 -0.32920642	 2.02680104	 
-1.36192381	 -0.53995721	 -0.12041642	 
-0.09766414	 -0.96692495	 1.18562078	 
1.15446824	 -0.98666506	 0.61062583	 
-1.57617615	 0.51749152	 -2.95715220	 
1.59061157	 -0.55042087	 -0.85446210	 
0.40191011	 -2.42729711	 0.32649077	 
-1.10472001	 0.57694416	 0.11288291	 
-0.31800955	 1.35370080	 -0.50627639	 
1.67665933	 -1.69004582	 -1.68167712	 
-1.06465218	 0.98039536	 -0.59517886	 
0.86576179	 -0.33674702	 -0.04727461	 
-0.56083017	 -0.00736559	 0.18035628	 
1.03265890	 -0.26815964	 -1.62003909	 
0.75136672	 1.30347962	 -1.11331591	 
0.07705054	 -0.35880108	 -0.20695724	 
0.28810088	 0.02181421	 0.50788723	 
0.46441363	 0.19401939	 -0.52783000	 
-0.18863857	 0.60210190	 0.03665131	 
-1.86065655	 -1.30626466	 1.12367965	 
-1.06718308	 -0.28176243	 -0.15772328	 
-0.00688263	 -0.69542817	 0.15988547	 
0.52732367	 0.65788336	 -0.16866929	 
-0.00451643	 0.22699282	 0.94398349	 
0.36475824	 0.55546380	 0.84676358	 
0.59062420	 0.13730560	 0.40406062	 
-0.35806863	 -0.70368474	 -0.76197068	 
0.21871959	 -0.40314407	 -0.05067892	 
0.06825792	 0.50655652	 -0.23484713	 
0.82960597	 -0.00681104	 0.03183490	 
-0.69328719	 0.71096657	 0.98092023	 
-0.53328131	 -0.33915434	 0.95472654	 
2.30974842	 0.85661063	 0.03145094	 
-1.44604652	 -1.14990998	 -0.97102696	 
-2.12007408	 0.25079224	 0.16814884	 
-0.08361607	 0.85549093	 -1.06718692	 
1.22083762	 3.24187529	 2.08899582	 
1.33145956	 -0.53845910	 0.75359956	 
-0.14189777	 -0.59784457	 0.44524867	 
-1.76779009	 0.94277724	 -0.10639932	 
1.19015402	 0.07527260	 -0.32023219	 
1.57925653	 -0.23111644	 -0.01590225	 
0.61457747	 1.05033072	 0.17097441	 
-0.54615819	 -0.90918413	 -0.19565994	 
0.18051239	 1.30358085	 -0.33011633	 
-1.05013915	 1.42806214	 -0.34388930	 
1.43262546	 -0.39408491	 -1.11781927	 
1.35670080	 0.53412094	 -0.61616456	 
0.27902702	 -0.21884071	 -0.04982547	 
2.20213490	 0.69174490	 -1.22237267	 
-2.09372729	 -0.31564815	 -1.20517811	 
0.72326263	 -0.92383130	 -2.82237833	 
0.26114417	 -0.83121539	 -0.05794290	 
-1.16267371	 0.98704561	 1.89198874	 
-0.37675028	 -0.31657811	 0.49252720	 
0.89361700	 -0.45797239	 -0.31403770	 
0.93789262	 -0.10065921	 1.03426637	 
0.00875051	 0.51190793	 -0.63811456	 
0.95513385	 1.37461142	 -0.63633950	 
1.33109307	 -0.83457779	 0.29823524	 
-0.79033562	 2.04557769	 0.08939771	 
-0.20887814	 0.22347098	 -0.77004222	 
0.17412730	 -0.45391051	 -0.07250503	 
1.27765579	 -1.90491317	 0.68270767	 
-0.13650627	 0.15515962	 0.12157562	 
-0.66036483	 -0.80816686	 0.21175839	 
0.44292297	 -1.02289925	 -0.01308579	 
-0.75691232	 1.23977492	 -0.46977337	 
-0.13639581	 1.07398891	 0.19534810	 
0.05300097	 0.85700472	 -1.77886798	 
0.62988815	 0.17778214	 -0.20011369	 
0.11949768	 -0.67617824	 0.29781683	 
0.81602015	 -0.13968140	 0.01649917	 
-0.46340536	 -1.11455111	 0.27734239	 
-0.29538937	 -0.25113535	 0.01536729	 
0.05337529	 -0.33768514	 -2.96786832	 
-1.05897958	 -1.09957120	 0.99965367	 
-0.62066174	 -0.19486917	 -0.12055660	 
0.66968386	 0.05805180	 -0.07622995	 
-0.17257292	 -0.53037694	 -0.48836290	 
-0.47292885	 1.49265674	 -1.64114017	 
0.15086348	 0.43233685	 -0.23662003	 
0.58564309	 0.12515006	 -0.33624371	 
0.77402839	 -0.29138975	 -0.33767683	 
-1.05654249	 -0.26488971	 -0.72830755	 
-1.00551357	 1.34831457	 -0.50126764	 
-0.09688452	 0.66176822	 0.47829471	 
-0.05676664	 -0.07294188	 1.03337716	 
-0.89675809	 -0.29253008	 0.22224668	 
0.21242856	 -0.03555941	 0.22776721	 
1.34885004	 -0.22201809	 -0.43421429	 
1.17487922	 -0.02085993	 0.15973318	 
-0.16689027	 1.25668981	 0.64864446	 
-1.78471911	 1.24578397	 0.24825958	 
0.80483300	 1.00577353	 -0.24728312	 
-1.12796538	 0.59857164	 -1.29591132	 
0.19219659	 -0.61596772	 -1.19766320	 
-0.78003712	 0.13499132	 -0.20707837	 
0.04248306	 1.02834248	 1.19497374	 
0.46330255	 0.10828655	 0.71809499	 
-0.37428225	 0.37480810	 0.45510444	 
-1.21890222	 2.52888963	 1.08533842	 
-0.54379309	 -2.00243506	 -0.72334634	 
0.87460520	 0.49319999	 -2.27255940	 
-1.38829769	 0.28581933	 -0.57680978	 
0.67841158	 -1.12897704	 -0.56843997	 
-1.53812138	 0.69054111	 -0.02949028	 
0.05751727	 0.03952782	 -2.50659555	 
0.45833875	 -0.60055781	 -0.99553671	 
-0.73307283	 0.59470863	 -0.37328167	 
-0.32775026	 -0.34524500	 0.71839460	 
-0.54284200	 -1.85592210	 0.57491532	 
-0.68831804	 -0.38405076	 0.30759362	 
0.33405275	 0.99303200	 -0.04863794	 
-0.31762881	 -0.86687234	 -0.84807591	 
1.18280742	 -1.63867660	 0.10119335	 
-0.73903748	 0.75556841	 1.03185957	 
-0.98894844	 -0.39508987	 0.92449283	 
0.04955128	 0.29629951	 -0.53198826	 
-0.81256474	 2.38094256	 -1.25867272	 
-1.63602263	 1.98131118	 2.18021441	 
-0.38903955	 0.21814314	 1.91201408	 
1.66873413	 -0.88506224	 -1.98906826	 
0.05620340	 0.12864353	 0.22786246	 
0.27251334	 -0.54130510	 -0.35409635	 
-1.13927891	 2.42487008	 -0.27640770	 
-1.55034385	 0.14699165	 0.34020950	 
0.84562045	 0.28063683	 0.74377672	 
0.35254146	 -0.15761840	 0.39480599	 
0.20226032	 -0.18829843	 -0.47244965	 
0.75308505	 -0.35359192	 0.21279813	 
-0.22994284	 1.24959822	 1.39571256	 
-0.24939546	 0.48882841	 1.94120348	 
0.54562443	 1.32568258	 -0.61227976	 
1.02164507	 -0.76961485	 0.31757735	 
-0.87333769	 -1.04333936	 0.09585490	 
-0.62479729	 0.39826001	 0.08379072	 
-0.35068793	 -0.06260828	 -0.39469688	 
0.13158858	 -0.29442972	 0.94696018	 
-0.16789429	 0.85727885	 -0.73846752	 
1.59686054	 -2.04429117	 2.04923813	 
0.72594908	 -1.38424929	 0.60341072	 
-0.97922493	 0.01836759	 1.54530119	 
-1.87029892	 -1.33508277	 -0.37150814	 
-0.45510892	 1.08414220	 -0.52717440	 
-0.96580216	 0.48086754	 1.43632445	 
0.24924793	 0.17461773	 0.04996765	 
-2.02933745	 -1.65794068	 1.32546603	 
0.02379698	 -1.99495900	 0.24381661	 
-0.05762873	 -0.86216633	 0.00988969	 
0.48153365	 0.12700481	 0.58705061	 
0.93673496	 0.29277667	 -0.11960031	 
-2.11959161	 0.72084517	 0.50638307	 
-0.46729136	 0.66800101	 -0.59450280	 
-0.14194011	 0.82379851	 0.72026585	 
0.79341947	 -2.97195146	 1.32070424	 
-0.21923674	 -1.34250370	 -0.29133500	 
0.77372973	 0.53072399	 0.99539435	 
-0.33570417	 0.36894273	 0.09137544	 
-1.40859517	 0.71223643	 0.67388721	 
0.54530875	 1.93502307	 0.72411375	 
0.25074064	 1.74029714	 1.06499600	 
-0.61796562	 1.23975122	 -2.24589558	 
1.04668222	 -0.63359314	 1.08998636	 
-0.45172860	 -0.32178972	 -0.12893291	 
0.05258065	 -1.37198549	 -0.65331456	 
-1.32711182	 0.32151825	 1.66303235	 
-0.54943540	 -0.20768376	 0.43549508	 
0.59391745	 0.17202085	 0.91813155	 
0.46043323	 1.32672901	 0.36558371	 
0.77157105	 2.78332823	 -1.00450034	 
-1.12400160	 0.92905683	 0.97236787	 
-0.57392606	 0.44129315	 1.76330455	 
-0.78350939	 1.21600302	 -0.29725205	 
0.46878954	 1.05946373	 -0.50150478	 
-2.44738549	 0.08313412	 -0.62162583	 
0.05271366	 -1.51312158	 -1.06489899	 
-0.57546318	 -0.55482790	 -1.50075451	 
-0.82664697	 1.56279063	 -1.80499937	 
-0.48328893	 0.27344849	 -0.11042254	 
-0.26976596	 -2.23647944	 -0.18641850	 
2.44106611	 -0.20170440	 0.00318502	 
0.70265736	 0.15411977	 0.14070130	 
0.46288887	 -0.22433908	 -0.02796832	 
1.28467294	 -0.45542074	 -0.23197016	 
-0.81885305	 -0.95639895	 1.08390056	 
0.09271474	 -0.48196798	 0.93733641	 
0.78267859	 0.03980819	 -2.24256052	 
0.14402517	 -1.03390254	 1.47558709	 
0.28240319	 -0.97807180	 -0.63121702	 
-0.68741354	 -0.84835947	 0.09645595	 
-1.05554845	 -0.53001816	 0.54314339	 
-0.11119100	 -0.33536586	 -0.85033211	 
-0.54457950	 -0.98348578	 0.91529683	 
0.31994309	 -1.94175333	 -0.35761821	 
0.10533083	 0.29938638	 -0.13889456	 
0.45772821	 -0.18904230	 -1.73751709	 
-0.23076328	 0.48804915	 -1.03228435	 
0.38489317	 -0.87039898	 -0.57763489	 
-0.59392292	 0.65799636	 -0.98416980	 
-0.48237655	 -0.42009971	 1.34454349	 
-1.69172657	 -3.03221806	 -1.92003250	 
1.23276524	 -0.09053789	 0.83353276	 
-0.16703975	 2.89080919	 0.47468574	 
1.02471555	 0.36155881	 -0.07622311	 
-0.66715230	 -2.11172156	 2.07238160	 
-0.59944357	 -0.18143522	 0.52465485	 
-0.50101119	 0.64983632	 0.34476911	 
-0.49831378	 -0.74669806	 -1.50532184	 
1.50908180	 -0.67842839	 1.62115228	 
-1.21710506	 0.13097022	 0.95012250	 
1.64011371	 -1.28008363	 0.15026712	 
0.05496954	 -0.49439081	 1.86898456	 
-0.32996490	 -0.00776089	 -0.10979995	 
-1.00004799	 0.70826165	 0.11225205	 
1.67690261	 -3.98390480	 0.24042335	 
0.39887352	 0.08240892	 0.33839380	 
0.06279202	 -1.06421010	 0.51831217	 
1.81517007	 -0.24091815	 -0.98640068	 
-0.57261658	 0.11496739	 0.03524866	 
0.84594370	 -1.28945839	 -1.57395200	 
-1.59307246	 0.68729556	 -0.00282630	 
2.62154963	 -0.59759477	 1.37131728	 
0.18457864	 1.06381133	 0.96809827	 
0.26116915	 0.68617143	 -1.70090105	 
1.49719467	 -3.01536998	 -0.88555817	 
0.82823513	 0.30031965	 -0.09447394	 
-0.18399489	 -2.64192179	 -0.74578224	 
-1.49794173	 1.37743319	 0.01927474	 
0.98447088	 2.25639938	 -1.20462147	 
0.34458638	 -0.85602804	 0.36329476	 
1.37399353	 -0.23873624	 -0.27050242	 
0.19729794	 -0.77704960	 -0.74518269	 
0.64247358	 0.31420536	 -2.12392179	 
0.40069040	 -0.62386011	 -0.18218958	 
-0.12774996	 -0.86426532	 -0.93776111	 
-0.76832987	 -0.04581602	 -0.06377055	 
1.49461648	 0.28773961	 1.24506850	 
-0.82105831	 -0.48456673	 -0.20883796	 
0.19017583	 -0.28104520	 -0.83135320	 
0.27494855	 0.74248874	 -0.51933728	 
-0.09472472	 0.95803800	 0.76755956	 
0.58484175	 -0.26927906	 0.44148054	 
-0.27527519	 -0.03914832	 0.45007520	 
-0.08021524	 0.26268924	 0.63145840	 
0.38762783	 0.44612939	 -0.77222073	 
-0.45940783	 0.48496680	 -0.04194000	 
0.67261675	 -1.34310545	 0.63114546	 
-0.00936309	 0.92846902	 -0.18784995	 
-3.21014124	 1.70128551	 -1.10872962	 
0.09363923	 0.43791321	 0.11594939	 
-1.66012713	 0.24254962	 -2.74856798	 
2.51839563	 0.07243356	 -1.81939710	 
-0.29277141	 0.39207178	 1.34465770	 
-0.43655018	 -0.13679318	 0.10993225	 
-0.60028440	 -0.18730606	 0.20855023	 
0.93820419	 0.61785887	 -0.59006511	 
0.26163633	 -0.65072982	 0.72186167	 
0.34053136	 -0.23782616	 0.50061541	 
0.64837964	 0.48471921	 0.16560129	 
-0.04058472	 0.34451883	 0.15521238	 
-0.42905445	 0.59248690	 0.57820680	 
0.21707462	 -0.28152721	 -0.07253914	 
0.02832157	 -0.96982887	 0.50982332	 
0.47665798	 -0.59789207	 0.67675983	 
-0.09080388	 -1.00485051	 -1.04415845	 
0.32680154	 1.80663729	 -0.49248856	 
0.57649177	 0.30402999	 -1.13988829	 
-2.89268389	 0.17146793	 -1.75182683	 
-0.84032419	 1.63036329	 0.21915281	 
-1.74376980	 -0.01895101	 1.22227918	 
-0.15138258	 0.02268329	 0.32101016	 
-1.73121606	 0.46166055	 0.44526708	 
0.79745189	 -1.49795021	 -2.14820032	 
-0.16549896	 -0.30840162	 -0.75034082	 
-0.58327240	 -0.93195790	 -2.92020025	 
0.43698774	 0.64554025	 0.16281642	 
1.22097867	 0.16453743	 0.37791683	 
0.21481776	 0.01877866	 0.43166183	 
-1.08198152	 1.83246255	 0.08735544	 
1.24087298	 0.96363469	 1.40223366	 
-0.70096842	 0.91477365	 -0.57051197	 
-0.79257249	 -0.16720811	 -0.08537781	 
0.91866381	 1.36202249	 -0.40842293	 
2.91485435	 1.08385280	 -0.56346710	 
-0.85914842	 0.31964195	 0.04043362	 
0.11371745	 -0.21269305	 0.17834903	 
0.58991465	 -0.51561404	 0.68202022	 
0.92033947	 -0.27788966	 0.18728883	 
0.02897124	 0.37020075	 0.10057436	 
-0.91752429	 0.58500186	 0.23314741	 
0.34739423	 -0.10167329	 -0.35011025	 
-0.05026978	 -2.92685251	 -1.58297826	 
-0.07166703	 -1.11080302	 0.05765208	 
-0.89730342	 0.17878075	 -0.15959738	 
-1.16904848	 -0.05055052	 -0.48553995	 
-0.15561979	 0.38018108	 0.42564672	 
-1.38176540	 0.47033017	 1.28076235	 
-1.49987782	 -0.88589389	 -2.65247342	 
0.67970331	 -0.96355687	 1.40904575	 
-1.55741408	 -0.91513116	 2.80476410	 
-0.80499294	 0.93102080	 -0.58420745	 
-0.24150860	 -0.32065902	 -1.23328724	 
-0.42858671	 0.19411901	 -0.67629064	 
0.12467113	 -0.02462361	 0.26737424	 
-1.27025118	 0.30877227	 1.29533128	 
0.97396187	 0.45163613	 -2.09036875	 
1.13830062	 -0.13301382	 1.06108106	 
-0.08780829	 -0.08986255	 -0.75091776	 
-0.40508354	 -1.75902495	 -0.06075585	 
-2.15626153	 -1.69354452	 -0.04527141	 
0.43093434	 -1.15977856	 -1.27347971	 
0.64688465	 2.41923866	 1.60939425	 
0.50945952	 -0.30255012	 -1.40468564	 
1.16328134	 0.42005493	 -1.49327118	 
0.68344740	 0.20544645	 0.37230712	 
-1.51321500	 -0.93751204	 -1.40742696	 
-0.71330194	 1.02869312	 0.75233495	 
-1.55456820	 0.00029792	 -1.32050043	 
0.66363739	 -0.57530643	 0.59163400	 
-0.51146580	 0.18036086	 0.69608151	 
-1.39100816	 -0.68629012	 -0.38558670	 
1.17442179	 -1.23317982	 1.16341728	 
-0.06252618	 0.13850660	 -0.05885717	 
0.83722386	 -0.05469060	 1.25212247	 
-0.12074949	 0.06760865	 -0.00246142	 
0.91457800	 0.33531160	 3.24845719	 
-1.18203899	 0.81068303	 0.23856430	 
-0.17074360	 -0.55982090	 0.40482849	 
-0.72485824	 -0.49482025	 -1.02507956	 
0.23649511	 -1.32971506	 0.30052361	 
-1.44737869	 -0.13600405	 2.38492495	 
-1.38970406	 -0.05490879	 -0.55895742	 
0.01862645	 0.88299821	 0.01370769	 
1.19743556	 0.64740177	 0.08438281	 
0.02713573	 0.63061939	 1.34431225	 
0.29286740	 0.64219978	 0.57234870	 
0.03992745	 0.11393791	 -0.15314518	 
0.22875227	 0.13303859	 0.42149005	 
-1.01614161	 0.95115968	 0.71439807	 
-1.04231459	 1.82495613	 0.54370446	 
-1.07940463	 0.36535645	 -1.06914689	 
-1.46742880	 3.35736101	 1.26348873	 
0.04682825	 0.02039709	 1.02756206	 
1.16023464	 -0.07467349	 -0.03056573	 
0.03074860	 0.18552904	 -0.05755402	 
-0.38031593	 0.46172742	 -0.46411842	 
0.69389325	 -0.60929220	 -0.55288601	 
1.98827009	 -1.15031857	 0.37392647	 
-2.90316172	 0.56910711	 0.64026292	 
-0.67678042	 -1.62444482	 -0.34995793	 
0.02987493	 0.74522486	 0.02250428	 
-0.44568888	 0.42075214	 0.10326660	 
0.89441421	 -0.82981507	 -1.81997875	 
0.78783947	 0.56802585	 -0.92063837	 
-0.66382697	 -0.15121763	 0.43673340	 
-0.23585037	 0.38578836	 0.53675170	 
0.20888162	 -0.88886100	 4.76024721	 
-0.73382268	 0.83770483	 0.16898292	 
-0.00299266	 0.80764309	 0.03731680	 
0.52604236	 0.11004905	 -0.52123996	 
0.89373974	 0.11254947	 -0.05017257	 
-0.93444951	 3.53921972	 -0.87007093	 
-1.68015236	 -1.07206537	 0.84779301	 
-0.20971223	 -0.48238062	 -1.02146677	 
0.91179889	 -0.65535949	 -0.03703822	 
-0.44959286	 0.38357119	 -0.18749479	 
1.67505551	 0.84967989	 0.12336270	 
-0.13723875	 -0.58960886	 0.05775384	 
-2.49783969	 -0.67218349	 -1.34175737	 
-0.69243546	 -1.13973652	 -0.66617069	 
-1.43997485	 0.82347929	 -0.70342999	 
2.79913320	 1.57550186	 0.00384378	 
-0.48493808	 1.13627362	 0.14526993	 
0.00780909	 -0.15376252	 2.35502401	 
-0.88205876	 0.09367071	 0.65757156	 
2.21274347	 -1.10088933	 -0.73460722	 
0.90810235	 -0.22625404	 1.30555885	 
-0.10026092	 0.08703192	 0.37279927	 
0.10467438	 1.09518082	 0.19897649	 
0.71040820	 0.80181527	 0.83092175	 
-0.13985551	 0.27435394	 0.72812014	 
0.60510809	 -0.15403618	 0.10482306	 
0.32037908	 0.49850662	 -0.00503539	 
-0.32477682	 0.12906239	 0.84655587	 
0.14734452	 -0.33260307	 0.31498733	 
1.43831638	 0.13296906	 -0.11303414	 
-0.16309205	 0.84135433	 0.82279874	 
-0.45699374	 0.89492779	 1.71181328	 
2.72265792	 -0.46229843	 0.71047364	 
0.62329787	 0.73995875	 -0.17659326	 
0.46341855	 0.98880594	 1.27345660	 
0.57714301	 1.69818469	 -0.45268683	 
-0.50025056	 -0.68579576	 0.38283222	 
-0.07009526	 0.44061067	 0.32190507	 
-0.02163310	 0.80820643	 -0.67711654	 
-0.22091924	 0.56057182	 0.20724821	 
0.82194961	 0.36631545	 0.41910273	 
1.64239369	 1.95285358	 0.34572086	 
1.32214581	 -0.37944779	 1.26777437	 
1.28546062	 -0.35138939	 -1.09572033	 
0.48157116	 0.37821522	 0.18786706	 
-0.13249216	 0.44792348	 0.90065234	 
1.88670106	 2.23842549	 0.40418465	 
0.22455185	 1.70043651	 -0.23529064	 
-0.87729055	 0.06553982	 -0.38450403	 
1.52467580	 -0.12618111	 -1.80647402	 
0.74805188	 1.19480857	 -1.87258745	 
0.42284369	 0.73767195	 -0.43697374	 
2.37207304	 2.12918927	 -0.86419595	 
-0.52067008	 -0.55997641	 -0.35673951	 
0.72976931	 -1.93248852	 -0.22623671	 
0.55654884	 0.82000315	 -1.97498743	 
-0.58963995	 2.38538556	 -0.44830384	 
-0.43841990	 -0.00953718	 0.77847864	 
-0.80024181	 0.03539224	 1.61978641	 
-2.32784471	 -1.76676248	 -4.22816417	 
0.27913994	 -1.27059106	 0.47881733	 
0.26381077	 0.30843641	 -0.94640983	 
-1.81926541	 -0.58145321	 1.15499220	 
0.15500232	 0.24687447	 -0.33675403	 
0.13840172	 0.30637635	 0.36896039	 
-0.30731204	 -0.44953894	 -0.71586404	 
-0.26219537	 -0.15587936	 -0.65241048	 
0.25547310	 2.19704538	 1.57944081	 
-1.10866249	 -0.16848713	 -0.23808840	 
-1.45048142	 0.37812798	 -1.74859223	 
1.35907877	 0.67637177	 -0.62490922	 
0.06980528	 0.68731772	 1.34480677	 
0.81170506	 -0.05439657	 -0.34354076	 
1.08213745	 0.40605133	 0.85536163	 
-0.40694249	 1.05316971	 -0.99159028	 
-0.63769884	 0.80186412	 -1.72895199	 
-2.29002888	 2.40936952	 -3.11426918	 
-0.55026272	 -0.48618679	 0.46944794	 
-0.22400009	 0.30724297	 0.22108875	 
0.15423014	 1.26288301	 1.98524717	 
1.29101330	 -0.70711195	 -0.09544456	 
1.69231320	 -0.23087091	 -1.30556140	 
0.34638001	 0.71233597	 0.22210141	 
0.55616443	 -0.66461508	 1.39852972	 
-1.35924235	 -0.43176650	 0.72393936	 
0.10475173	 0.48414776	 0.82164643	 
0.08186462	 0.12458265	 -0.36128880	 
-0.11569286	 1.15072960	 -0.21889106	 
0.66123790	 0.55693597	 -0.72183329	 
0.32588620	 -1.59136913	 0.14992894	 
-1.03541177	 0.00181778	 -0.75131861	 
0.18413716	 -0.89523458	 1.02119645	 
-0.02747159	 0.08845873	 -1.00878169	 
0.79404295	 0.43311848	 -0.21978708	 
-0.60922011	 -0.61870126	 0.26004300	 
-0.23512680	 -0.30644000	 0.12095525	 
0.32486433	 0.73852000	 0.36516691	 
-2.62818027	 -1.08263411	 0.69585138	 
1.24831367	 -1.14232772	 -1.20167543	 
-1.68051225	 1.21408866	 0.19840000	 
0.24237526	 -0.69855381	 1.50426648	 
-2.40274839	 0.22269008	 -0.98969244	 
0.41764304	 -0.06243561	 0.72068587	 
-0.16733527	 1.57707656	 -0.59054656	 
-1.03449564	 4.36775461	 -1.14313854	 
0.66793979	 -0.23320078	 -2.16775074	 
-0.07933301	 -0.18174160	 0.46635654	 
-1.79929447	 0.24306723	 0.24973605	 
-0.24982687	 -0.33189159	 1.15258782	 
0.27575508	 0.74654706	 0.30469678	 
-0.12841698	 -0.88081612	 0.45982322	 
-1.00967988	 -0.14489066	 -0.67898444	 
0.39663492	 0.49498201	 1.30570669	 
-0.82475447	 -1.99410538	 0.03239471	 
0.37711025	 -0.85218553	 -0.52545687	 
0.31912588	 0.27166364	 0.52851323	 
-0.29904256	 -0.88312245	 -0.01905022	 
-2.65643642	 -2.00322313	 0.28535619	 
1.72642685	 -1.49785955	 -0.31708108	 
0.00212455	 1.45751069	 -1.95618301	 
0.62730789	 0.29105467	 0.16706046	 
0.60354870	 1.08620805	 -0.70930629	 
-1.48799428	 -0.10503544	 -3.35896925	 
-1.08287720	 0.66777957	 2.41083595	 
-2.05563378	 0.35160657	 -0.51647565	 
-0.85518663	 0.87415969	 -0.25798305	 
0.96885007	 0.43046610	 -0.77286771	 
2.49784404	 -0.73668967	 -1.62913551	 
1.02542777	 -0.23673811	 1.06293339	 
0.84311736	 0.22874156	 -0.27770660	 
-0.85905273	 -0.70461198	 -0.13066877	 
-1.09218585	 0.22521098	 -1.42202125	 
-0.07608259	 -1.24653996	 -0.68642628	 
-1.79940095	 -0.60187272	 -1.43888280	 
-0.49087225	 -0.25084396	 0.25803434	 
0.20142668	 -0.05024330	 -0.81342723	 
0.21739182	 -0.26279854	 0.96497315	 
-0.46233290	 0.23764679	 -0.73953368	 
1.24776501	 -1.43493939	 -0.83110890	 
-0.03533434	 -0.05019717	 -0.19440743	 
-1.21771046	 0.08561428	 -0.78973911	 
0.79196924	 -1.06555096	 0.66365283	 
0.06875911	 -1.08446722	 -1.72635525	 
-0.10649015	 -0.12042650	 -0.51638024	 
-0.36566075	 -0.44477828	 0.00022795	 
0.59914433	 -0.02689622	 0.41208452	 
0.86678543	 -0.15657691	 0.14236384	 
0.12692074	 -0.24995079	 -0.19939654	 
0.22362317	 1.10380094	 -0.72065007	 
0.47984159	 1.00501733	 2.08099357	 
0.87370290	 -0.42653689	 0.98118486	 
-0.38719306	 0.14236967	 -0.10031004	 
0.98522126	 -0.51851693	 -0.73252891	 
0.85460438	 -0.68971260	 1.26176876	 
-0.58003168	 -0.11810250	 -0.01741682	 
0.64452654	 -1.17902353	 -0.64394035	 
-0.17272783	 -0.03628661	 0.33547714	 
3.38576882	 0.96769615	 -0.13695994	 
0.30670302	 -0.21092498	 -0.57576493	 
-0.82306172	 -0.45782859	 -0.91823198	 
-0.47510433	 1.50170220	 1.24020269	 
-0.31833051	 -0.39043975	 -0.23493951	 
0.63048643	 0.32095890	 0.45754167	 
-0.09099174	 0.00140444	 1.39524055	 
0.74841511	 1.21355440	 -1.19348651	 
-0.48300021	 0.71054929	 0.96564098	 
-2.13325846	 0.31321247	 1.75506893	 
0.35392235	 -1.05938007	 1.12080026	 
0.27985265	 0.14374882	 -0.43675919	 
-1.20937857	 -0.69743803	 -1.44932028	 
0.65971827	 2.36039033	 0.59461195	 
0.84707069	 -0.47761578	 1.28741021	 
0.52950328	 -0.81557053	 0.52650716	 
2.14528631	 -0.03769502	 -1.20107835	 
-0.48125048	 -0.55942980	 0.91141163	 
1.05535318	 -0.73812801	 -0.71160243	 
-0.54131089	 1.22961113	 0.47292505	 
-1.93834349	 -0.31486144	 -0.38822206	 
-1.44529070	 -0.34895554	 -0.24317007	 
-0.28876958	 -0.58623602	 -0.64167300	 
-0.76423129	 0.70545007	 0.98944024	 
-2.06600303	 0.19767884	 0.59975673	 
1.15545425	 0.83140431	 0.28164863	 
-0.40536826	 -0.61464301	 -0.31840263	 
1.72767162	 -1.63438770	 0.32262830	 
-1.73481976	 0.42623473	 -1.29022635	 
-0.12236385	 1.13275708	 -1.68134154	 
-1.37746819	 2.32614046	 0.39069134	 
0.60479945	 -1.01735548	 -0.42369582	 
4.04278441	 2.72702820	 1.04457331	 
-1.61352866	 0.11650398	 0.49236325	 
-0.61017838	 -1.14972372	 0.09761663	 
-0.08247940	 -0.34889758	 -0.50496156	 
0.60178319	 2.00221547	 2.95007636	 
-1.05987565	 -0.73239329	 -1.46703531	 
-1.38928321	 -0.86325489	 -0.29597370	 
0.78208364	 0.21239294	 -0.38907153	 
0.76868679	 -0.62175839	 0.33934478	 
-0.66633822	 -0.59658803	 0.49798923	 
0.00237211	 -0.28036776	 0.16838167	 
-0.25183973	 -0.10114785	 -0.09071809	 
1.28452639	 -1.74592229	 0.65875572	 
-0.10958137	 0.02401937	 0.15193186	 
0.10890510	 -0.89615812	 -0.83483777	 
-0.11674884	 -0.85057905	 -1.54249711	 
-1.24303888	 -0.60708754	 -0.69438512	 
-0.07266764	 -0.17527937	 0.38632651	 
-0.19967836	 -0.21538834	 -0.88734006	 
0.72791646	 -0.94751083	 -3.26695995	 
-1.64394471	 -1.65146760	 -0.51427898	 
-0.04366889	 -0.53236173	 0.69614098	 
0.28443243	 -0.97037106	 0.17671987	 
-1.08391911	 1.20956832	 -1.48427561	 
-0.36703746	 -0.55073427	 0.10958637	 
-0.75509072	 0.59526226	 -1.37163770	 
0.12697306	 -0.12818093	 0.33124026	 
-2.27442186	 1.75949361	 -0.95660460	 
-1.03630462	 -1.38402113	 -0.62068225	 
0.30232208	 -0.51724283	 0.07414930	 
0.25778889	 0.33213363	 0.07290598	 
-1.21223714	 -0.90052286	 2.23884152	 
-3.38337774	 -1.19845017	 -1.87533056	 
-0.49247217	 -0.31813205	 -0.39578274	 
0.96266223	 -0.95289378	 -0.05248274	 
0.64367186	 1.55955074	 1.27353532	 
-0.37528900	 0.74145566	 -2.72809405	 
1.90715848	 -0.90432144	 -0.95750420	 
0.23832192	 0.03688742	 -0.08600884	 
-1.15027322	 0.67874451	 -2.46866184	 
0.01141721	 0.56053326	 0.22361728	 
0.23919615	 0.19937506	 -0.42496469	 
-1.53146623	 -0.34714350	 -0.71471940	 
0.09633925	 0.99297000	 -0.85787917	 
-0.16319761	 0.30022216	 -0.05743185	 
2.15640774	 2.20170903	 -0.49327042	 
0.77218509	 -0.66362129	 0.49648259	 
-0.03500091	 0.14979823	 -0.01221657	 
0.70328453	 0.77117799	 0.62449573	 
0.78895753	 0.68487253	 0.39374637	 
0.70272445	 0.24915809	 -0.93960274	 
-0.11776203	 -0.77574801	 -1.07722104	 
1.02864004	 -0.91609532	 -0.77395018	 
-0.58111415	 1.02967821	 -0.15150394	 
1.16479312	 -1.03793240	 1.18740456	 
0.26201886	 -0.25476012	 0.10975380	 
-0.85564229	 -1.21712057	 -0.64684151	 
-1.10662782	 -0.09173536	 -0.35221721	 
-0.98382997	 -0.05550323	 0.34337617	 
0.34749941	 2.21353133	 0.00237690	 
-1.85324818	 0.55603101	 -0.57868631	 
-1.13912202	 0.91314993	 0.23285483	 
0.50299541	 0.88883063	 1.06723396	 
-0.20252746	 -1.09292190	 -2.16585290	 
1.67608224	 -0.71774195	 -1.32067800	 
-0.60513684	 0.92576867	 0.36754003	 
-0.57439545	 -1.76803779	 -0.87591588	 
-0.61203868	 0.20300728	 -0.07310802	 
-1.15588512	 -1.07534966	 -0.47233737	 
0.55142832	 -0.66168890	 -1.23315927	 
0.71241440	 -0.34234612	 0.41476556	 
-0.49506060	 -0.57047852	 -0.14210918	 
-0.89276192	 -0.13122529	 -0.17854338	 
1.00604170	 -0.36087965	 0.86178015	 
-0.11227268	 0.29304600	 -0.14531153	 
-0.58713047	 0.59755621	 -0.08826283	 
0.20417505	 0.00112715	 0.57506269	 
-1.18384106	 -1.63687719	 -0.18421008	 
-0.08098932	 -0.98113883	 -0.37929160	 
1.06230656	 1.18962775	 -0.25756785	 
-0.23143092	 0.84837608	 -1.23227449	 
0.74379985	 0.49276724	 -0.41402654	 
0.37002225	 -0.43366585	 0.94265134	 
-0.56130395	 0.20439743	 -3.08583892	 
1.29793950	 0.82102410	 -1.51040460	 
0.15209038	 0.34460794	 -0.19537448	 
-0.53172021	 0.05686627	 -0.34698610	 
-2.56895505	 0.24976336	 -1.09647933	 
0.43665973	 0.20184392	 -0.29237951	 
0.39077359	 -0.38583293	 0.14883866	 
0.04132567	 0.33650883	 -0.30750019	 
1.57018651	 -0.82560556	 0.43672765	 
0.60006632	 -0.20073661	 0.04758064	 
-0.00982408	 0.28779887	 0.48702919	 
-5.24948812	 -0.70948018	 -0.38687875	 
0.47177518	 -1.05340585	 -1.79325373	 
-1.06945381	 0.97756096	 -1.57353134	 
0.37263552	 0.78737285	 1.82111367	 
-1.98897654	 -0.04716826	 -0.61432576	 
-0.15740172	 2.11147717	 1.55513642	 
0.74144888	 -1.07088791	 1.30413287	 
1.11313053	 0.18328091	 0.25820110	 
-0.43576726	 0.74849411	 -0.46705105	 
1.99606667	 -2.55675661	 0.74169255	 
-0.63573449	 -0.92426721	 0.69185936	 
-0.48711977	 0.69550735	 1.07745787	 
-0.08064760	 -2.16718472	 1.86514192	 
0.21861863	 0.17125190	 -0.11299424	 
1.12159833	 -0.39086339	 -0.27462310	 
-0.13726078	 -0.06349879	 -1.94367040	 
0.34675945	 -0.14883612	 1.17575891	 
-0.20349986	 -0.13132473	 0.02753019	 
0.34042770	 0.03961608	 -0.92911879	 
-0.80211552	 -0.72652769	 -0.70550480	 
2.63555465	 -0.25587974	 0.19620149	 
0.46725603	 0.82508809	 1.70573133	 
0.11142804	 -0.54667377	 1.86709142	 
-0.20251907	 0.10708494	 -1.27971408	 
0.53596259	 0.39096128	 0.15690848	 
0.28210840	 0.12181373	 0.64821450	 
-0.71675855	 0.66457864	 -0.69196024	 
0.75058914	 -1.93978245	 1.74342009	 
0.02483295	 -0.41559905	 -0.21023850	 
-3.23925033	 0.65623446	 -0.06384609	 
-1.26936718	 -0.21052557	 2.25009221	 
-5.98226862	 -0.73219241	 1.38843976	 
0.76641221	 0.53590291	 0.11388202	 
1.38897297	 0.19479147	 0.71514609	 
-0.11644591	 -0.74249185	 -0.10415136	 
0.07398678	 2.24168784	 2.53042896	 
0.03634227	 -1.00524979	 1.62763422	 
0.27951053	 0.73572969	 0.23550822	 
-1.70283685	 0.26595915	 0.70683023	 
-0.21063734	 1.01991946	 -0.94085318	 
-4.29681554	 -1.59647281	 -1.33873929	 
-0.70606742	 0.48681270	 -0.56161244	 
-0.16748542	 1.54148713	 -2.90144518	 
0.46895184	 0.35750551	 -0.19648090	 
-0.74906270	 -0.05735191	 0.09918300	 
1.18366321	 0.36976714	 -0.87062864	 
-0.73525557	 -1.92478375	 0.38154785	 
0.65596132	 0.28878382	 0.16612786	 
-0.46376607	 0.26117948	 -0.37450623	 
-1.11990824	 -2.04487073	 -0.54534299	 
0.61625213	 0.35937565	 -0.44476374	 
0.85427806	 0.41433517	 -1.09010381	 
-0.55223450	 0.10731795	 0.50085201	 
0.70528220	 0.28297389	 0.42639171	 
-0.15712488	 -0.17972945	 -0.11600829	 
0.49862656	 -0.97720938	 -1.50841769	 
-0.49634329	 0.17771854	 -0.26776263	 
0.56421381	 -0.07125177	 -0.49746957	 
0.47901381	 -0.00183121	 0.05497786	 
1.29444538	 1.32311270	 -1.58072966	 
0.74254006	 -1.09147536	 1.33031842	 
2.22967739	 0.29022018	 0.01939294	 
0.56699663	 0.26446200	 -0.26818196	 
-0.19206864	 -0.70014242	 0.49852021	 
0.86004628	 -0.24162172	 0.39631696	 
-0.41077679	 -1.26594513	 1.02221195	 
-1.78826083	 -2.27346449	 1.18624985	 
0.61196626	 0.10557366	 -0.95542272	 
0.57800587	 -0.37952996	 0.69581047	 
-0.27018435	 0.31792311	 0.35917023	 
1.39337828	 -1.34278672	 0.88660644	 
0.09458133	 0.23337459	 1.57465474	 
-0.38354062	 1.50671960	 1.37391565	 
0.96993640	 1.20305981	 2.53362625	 
-1.86508648	 -0.31486333	 -1.05542181	 
-0.07038048	 0.35378902	 0.45295403	 
-0.79547904	 -1.12273677	 -0.03502435	 
0.20035314	 -0.05975330	 -0.58571494	 
-1.26544538	 -0.46349007	 0.91161818	 
-1.13980034	 1.62939831	 -1.05294857	 
-0.04247149	 -0.35934443	 0.08079369	 
-0.51173497	 -0.31835739	 0.46203709	 
0.91910856	 -1.11763145	 -1.26431452	 
1.02195171	 0.39241397	 0.84139765	 
0.24263408	 -1.45555086	 -1.27243968	 
1.69659073	 0.41850987	 -1.33926552	 
0.25391507	 0.20661036	 -0.31114458	 
0.25916655	 -0.84781377	 -0.19095799	 
-0.04894053	 0.86340957	 -0.03954067	 
-1.11517104	 -1.12321399	 1.71824713	 
-0.96543831	 -1.03422949	 -1.56252969	 
-0.88172830	 0.79633582	 0.13380371	 
-0.01038845	 0.05357755	 0.21492994	 
-0.24440264	 -1.22319545	 -0.46024708	 
-0.00883530	 -0.01456818	 0.50939843	 
0.02878636	 0.17244942	 -0.18011994	 
-0.62169513	 -0.12861200	 0.75548937	 
0.81365753	 -0.63651996	 -0.13249853	 
0.37295801	 -0.45674235	 -0.38202787	 
0.18092869	 1.01954832	 0.08101637	 
0.42012447	 0.65027256	 0.73811164	 
0.77454762	 -1.55347336	 1.57069281	 
-0.30920481	 0.54802061	 -0.08945737	 
-1.70889245	 2.10284091	 -0.15021912	 
0.12669238	 -0.12767816	 1.23848555	 
1.62255975	 -0.74739059	 -0.60746247	 
0.22665383	 2.63606392	 0.27892032	 
0.31422317	 -0.45853785	 -0.92441330	 
-0.23653592	 1.34754289	 3.20363666	 
-1.54580066	 -2.08279827	 0.14073170	 
-0.32387002	 0.25054163	 0.04327535	 
0.23598198	 -1.59305979	 -1.19175829	 
3.00142541	 2.15562176	 1.07770380	 
0.03972606	 1.13289616	 0.70029531	 
-0.08822445	 -0.60449880	 0.40923363	 
0.50157878	 -0.07003203	 0.20373826	 
0.16502062	 1.27598854	 0.53351850	 
0.57017804	 -0.07657150	 -1.68624173	 
1.00482499	 0.13632468	 0.48341618	 
-0.64771788	 -0.32494014	 -0.15343785	 
1.01300125	 0.90169147	 -2.29854860	 
1.41373717	 -0.27614027	 0.40241827	 
-0.55136497	 -0.27527480	 -1.51986438	 
-1.34625802	 1.34369174	 0.78857581	 
0.17376916	 0.61717533	 -0.41492805	 
0.56300224	 0.47481097	 -0.63008236	 
-0.06213076	 -0.29729894	 -0.09968913	 
2.11566360	 -0.22169661	 -1.88504438	 
-0.08943825	 -0.23766350	 0.33741639	 
0.03560207	 -0.52517511	 0.48311950	 
-0.15881771	 0.54258902	 -0.05941354	 
0.21252997	 -0.68145677	 0.34132230	 
0.35962348	 0.63292779	 0.78691322	 
0.04214392	 0.09353606	 -0.19471099	 
1.81314365	 0.96117435	 -0.80312924	 
1.32209806	 -0.36030458	 -0.86969036	 
-0.20984421	 -0.46309263	 0.01834857	 
-1.67970086	 0.31791889	 -0.32534713	 
1.10768116	 0.63546931	 0.71877159	 
-1.76116696	 0.74969273	 0.67624522	 
2.88335900	 0.23022970	 -0.26635506	 
2.09536948	 1.42479957	 -0.20695070	 
0.42564338	 -1.11258656	 0.65808089	 
1.93783773	 -0.14124214	 -0.88300097	 
-0.21764642	 0.73722644	 0.21639139	 
0.21171665	 -0.86525335	 0.16287635	 
-2.02924775	 0.75469273	 1.21062370	 
0.18599704	 -0.44450132	 0.44568867	 
0.46900393	 -3.13427095	 -0.02360588	 
-0.88350212	 -1.00076448	 -0.83255260	 
-0.63627227	 2.22604121	 1.01007009	 
-3.35534160	 0.19700468	 -1.32184802	 
-1.90435402	 -0.07314413	 -0.68789304	 
0.69819618	 -0.46058633	 -0.63922027	 
-1.73155691	 -0.40029241	 -0.32806532	 
0.26446238	 -0.58738847	 -0.42922134	 
0.65919712	 -0.52914990	 0.60784878	 
0.47077340	 0.15456852	 0.47452445	 
-1.35804801	 -0.70083862	 0.67175695	 
-0.38339042	 -0.44163355	 -2.21195140	 
1.05490356	 -0.08451511	 0.89085045	 
-0.48101255	 -0.04296147	 0.11230866	 
0.92192581	 -0.05154295	 -0.03929703	 
-1.00101106	 -0.74123680	 0.06055116	 
1.39410891	 0.52728234	 1.35821931	 
0.20509416	 -0.32357049	 -0.93007017	 
-0.45125010	 -1.65170303	 -1.52532599	 
-1.83600026	 -0.75088858	 0.77247230	 
-0.26260512	 -0.44522762	 -0.29419178	 
-0.41836923	 -0.89306799	 -0.12289247	 
-0.03043450	 -0.33930105	 0.24004795	 
-0.52257810	 0.18911047	 2.17601743	 
-0.43034498	 0.69673117	 -0.43049655	 
0.69056470	 -3.99160519	 -1.99303194	 
1.15072483	 0.84299401	 -0.92299684	 
0.55235795	 0.58615862	 -0.07729904	 
-0.65861137	 0.17735806	 -1.96196966	 
-1.36602490	 -1.02630027	 0.53278610	 
-1.62081724	 -1.86669660	 0.46490095	 
0.98028627	 -0.08937325	 0.93964727	 
-1.31396301	 -0.17727690	 0.03775016	 
-0.71845459	 0.05377090	 -0.05017858	 
0.03205177	 0.00369165	 -0.65017101	 
-0.69828623	 0.38084982	 0.23462549	 
-0.68276587	 -0.63364894	 0.05234644	 
-0.42034664	 -0.29434935	 -0.03235459	 
0.15814629	 -0.46192389	 0.27565008	 
-0.27311675	 -0.15435383	 0.16927844	 
0.43139797	 1.48367321	 -0.55896169	 
1.06882847	 -0.96573143	 -0.62165137	 
-1.39925820	 0.44322875	 -1.46312585	 
0.63241175	 0.33709693	 -0.46992565	 
0.14323691	 0.85047726	 0.49265622	 
-0.37759681	 -0.72249261	 0.30981591	 
-0.06800450	 0.31873662	 0.54003117	 
-0.05382396	 1.26454082	 -0.08615921	 
-0.71567091	 0.36077373	 0.01188835	 
-0.82049020	 -0.22679686	 -0.97808008	 
0.86305240	 0.23946026	 1.19839742	 
0.98180838	 -0.12925041	 -0.02260084	 
-0.52385032	 -1.42923587	 1.01529010	 
0.79711364	 0.39131204	 -0.92051653	 
-0.52897621	 0.75070665	 0.47579406	 
-1.04657949	 0.82244858	 0.45498523	 
0.25983699	 -0.20566010	 0.90509757	 
1.02972727	 1.63388658	 -0.58331110	 
-0.51979629	 1.31824178	 -2.53267029	 
-0.11748570	 0.18342396	 2.00658882	 
0.06652060	 0.34181468	 0.50095541	 
1.18668949	 1.24552122	 0.08321336	 
-1.72221528	 0.32934771	 -0.44257886	 
0.03327293	 -1.26919456	 -0.12099474	 
0.23052362	 -0.07286695	 -0.21929984	 
-0.99005842	 -2.28678925	 0.90060714	 
-0.74132478	 -1.19536818	 -1.03532937	 
0.03104416	 1.69276719	 1.97175925	 
-1.02238852	 -0.20870749	 0.32088858	 
1.32995242	 1.41035313	 -0.14385812	 
1.37850781	 0.19667791	 -0.98900887	 
2.36104657	 0.04813667	 1.67883860	 
1.39032936	 -0.88542884	 -0.89835784	 
-0.80257621	 -0.66680252	 -1.27907251	 
0.92055535	 1.64523816	 -0.48467975	 
-0.84503633	 -1.21076379	 -1.66526427	 
1.15299385	 1.50948611	 -0.62967921	 
-0.45745977	 1.42514814	 0.30267896	 
0.43981947	 -0.58795042	 1.14387669	 
-1.49899985	 0.35827554	 -0.42491694	 
-2.09710636	 -0.79032863	 0.36010683	 
0.38611898	 1.10930595	 0.19777887	 
2.68430023	 0.40078434	 0.96939192	 
0.73778342	 -0.83375582	 0.93628424	 
-0.12890692	 -0.58470270	 0.70876850	 
0.23029496	 0.75752366	 0.66228235	 
-2.06181765	 -0.47296830	 -1.53974600	 
-0.29209989	 1.14770432	 1.31277987	 
0.18409744	 0.06382006	 1.23740686	 
-0.48779411	 0.35271253	 -1.62595299	 
2.59705484	 -2.32631070	 0.30796100	 
-1.34042599	 0.92875848	 -0.27324356	 
-1.50089532	 2.34849428	 -1.12783848	 
-0.38888168	 1.17512319	 0.45320011	 
0.90289011	 -2.18091292	 0.67995186	 
0.06103305	 -1.58083275	 0.38935386	 
-0.99311427	 0.27988492	 -0.49626228	 
0.15437013	 -0.75821343	 0.36111378	 
-0.55933291	 0.57614802	 -0.57508935	 
0.83836672	 -1.28792403	 0.03058274	 
0.19855552	 0.57239237	 -0.86957334	 
-0.14698624	 0.46724050	 -2.35738092	 
0.21499909	 3.05200578	 -2.19151528	 
-0.76086502	 -0.71080614	 -1.66639061	 
-2.56608511	 -0.25154335	 0.98037212	 
-0.23749364	 -0.52664516	 -0.79333873	 
0.24990436	 -0.53336131	 0.18416777	 
0.27210838	 -2.45013959	 -0.67785996	 
-0.23544225	 0.27109120	 0.69267707	 
-1.28080297	 0.52172404	 0.11692336	 
0.19290450	 1.04107883	 -0.39313925	 
1.10868968	 -0.09886635	 1.61248877	 
-1.22153610	 -1.48115994	 0.46810064	 
-0.72741081	 -0.04136613	 -0.42299110	 
-0.35555153	 0.38389834	 -0.61839976	 
0.03327132	 0.08141847	 -0.93776406	 
-0.46772900	 -1.22233000	 -0.45625375	 
0.06041145	 -1.72870997	 -0.52310504	 
1.14411338	 -0.10171180	 -0.55140272	 
-0.27758236	 0.19025956	 -0.67883078	 
-0.12896513	 0.18168453	 -0.28234972	 
0.65236301	 -0.13668561	 -0.10595602	 
0.16173894	 -0.06011053	 -0.83754537	 
0.24877962	 0.49509599	 0.16369975	 
-0.76531884	 -1.02153279	 -0.91946195	 
-0.23509227	 0.08244256	 0.95135294	 
-0.12446702	 0.94039429	 -0.40463070	 
0.63504704	 -1.10188468	 0.63028195	 
-1.02379808	 -0.37529816	 4.30024299	 
-0.90352150	 0.31882785	 -0.71566835	 
0.58672458	 -2.73681736	 -0.30136449	 
-0.06061175	 0.64157765	 -0.42446807	 
-1.84875810	 -0.52633867	 -0.25089694	 
-1.04344734	 -0.18390327	 -0.31533618	 
-0.46299051	 0.59971516	 0.39564735	 
1.22819229	 0.06322163	 0.45388223	 
0.14397473	 -0.75935624	 1.81558751	 
-0.13712839	 -0.09671747	 -0.15184935	 
-1.59332350	 0.62347880	 0.37815477	 
0.34354270	 0.15439743	 0.57691588	 
-1.41523095	 -1.15794349	 -1.99280478	 
0.54998369	 -0.20650444	 -0.42557238	 
-0.93848162	 -2.27735509	 -1.40334382	 
-1.18000957	 -3.45060463	 -0.00822659	 
0.05770915	 0.44343303	 0.57266958	 
0.85786177	 1.64370636	 0.46409356	 
-1.60404129	 0.82667368	 -0.10399433	 
0.51846482	 0.38569619	 -0.81687006	 
0.66325646	 -1.14770159	 0.15959548	 
-2.30744963	 0.56284670	 -1.36254318	 
0.82520358	 0.95978372	 -1.13519036	 
0.84538811	 0.14387877	 -0.46841569	 
-0.04285257	 0.07366024	 -1.32329195	 
-1.23929469	 -1.59816042	 1.03232773	 
0.31464134	 0.02118583	 -0.98347246	 
0.08533707	 0.75319821	 1.20017424	 
-0.27814290	 0.47304509	 0.09093707	 
-0.26232362	 -0.13021059	 -0.65179001	 
-0.53696532	 -0.06640015	 0.00168340	 
-0.59624769	 -0.94630777	 -0.36593623	 
-1.86146919	 -1.73880674	 -1.06997216	 
0.17148108	 0.46895554	 -0.13480716	 
0.31702862	 -0.70401424	 0.99368906	 
2.05640104	 -2.13720511	 0.58230853	 
0.42911443	 -0.42810119	 0.64944176	 
0.70170785	 -2.40813700	 0.75052702	 
0.87052667	 0.70317799	 0.93079927	 
0.16022490	 0.04350512	 -0.67238238	 
0.60399749	 0.44986172	 -0.46312687	 
0.35565428	 0.52283203	 -0.77901601	 
0.07002019	 -0.90331766	 -0.41001707	 
-0.91098628	 -1.30703654	 0.41015893	 
0.76325110	 0.94733094	 0.54600895	 
-1.15700618	 0.39262152	 0.41431918	 
0.74261626	 -0.99819048	 0.24096278	 
0.19904617	 0.87636445	 -0.51926166	 
-0.23302343	 0.60137965	 -0.37432064	 
0.88305654	 0.23022730	 -1.38492523	 
0.88453105	 0.88107261	 1.26819689	 
0.65427756	 -0.34039971	 0.19437715	 
0.08390899	 -0.06987950	 0.04806255	 
-0.89222871	 -0.17930041	 1.31369930	 
-0.97255718	 0.74536003	 0.30812150	 
0.67300051	 1.18948356	 1.13130808	 
-0.05382107	 2.25040135	 -1.61715494	 
-0.46562071	 1.07914871	 -1.02604324	 
-2.19787172	 -1.85904869	 -3.22205579	 
-0.71304554	 -0.73307900	 -0.18216828	 
0.15411309	 -0.70676099	 0.73041030	 
0.19589004	 0.25152876	 -0.57815989	 
0.13752207	 0.15614236	 -0.27146895	 
0.74850707	 -0.89955972	 0.38474997	 
-2.67717753	 1.10512114	 -0.94520101	 
0.54547092	 1.22378409	 -0.11064209	 
1.65566686	 1.34902480	 0.37107601	 
1.45442088	 -0.44160531	 -0.80801506	 
0.37503278	 0.25098287	 1.74436516	 
0.23396376	 1.12365387	 -1.95986993	 
-1.05578909	 0.18325923	 -0.04895266	 
0.31520691	 0.76789484	 -0.43234959	 
0.15540028	 -0.27656486	 0.19511865	 
-0.72328651	 0.72773947	 0.52809518	 
-1.78149454	 0.21443096	 0.55650306	 
-0.00288054	 -0.39121111	 -0.31804380	 
-0.06444118	 -1.28182692	 0.55723251	 
-0.86419562	 -0.94992867	 0.32598818	 
-0.20023270	 0.19750654	 0.02325717	 
-1.47273805	 1.48735395	 0.53099467	 
0.25945769	 0.27252115	 -2.55053829	 
0.20673659	 -0.63434223	 0.26295505	 
0.46122642	 0.98347967	 1.08868000	 
0.03087138	 -0.56629851	 -1.09467251	 
0.48029529	 -0.46875610	 0.31610398	 
-0.00069977	 -1.40742725	 -1.52996074	 
0.78950244	 0.08205735	 -0.66264927	 
-0.28237586	 -1.68612739	 -1.37999603	 
-0.68203404	 -1.38775821	 -0.96459323	 
0.16044488	 0.37106424	 0.53155807	 
0.87844587	 -0.83162808	 -3.16278900	 
1.46835882	 0.69920482	 -0.62652085	 
0.70744842	 1.13027900	 0.58287678	 
-0.14938283	 1.78340620	 0.55378219	 
-1.12746176	 -0.70366607	 -0.08188493	 
0.47758485	 -0.17657521	 -0.27824745	 
-0.17974514	 -0.25287669	 0.74147542	 
-2.44253613	 -1.11648229	 1.65545181	 
0.67971012	 0.64713476	 -0.73195004	 
0.16238115	 -1.95425642	 -2.19716576	 
1.07319369	 -0.21129621	 0.27135557	 
0.78318292	 1.15313228	 0.06737717	 
-0.28050807	 -0.49399399	 0.14152262	 
0.21383362	 -0.45649404	 -0.80081433	 
-0.23322185	 0.28646629	 1.46423343	 
0.36216768	 0.07232240	 0.11378963	 
-0.54719925	 0.43336856	 -0.21666015	 
0.40174771	 -0.79868477	 0.88312975	 
0.16986670	 0.89849162	 -1.55049660	 
-0.01221796	 0.23433152	 -0.99705764	 
2.07628854	 0.89443663	 0.26361601	 
1.65618320	 0.69557895	 -0.14539042	 
-0.04040144	 0.39027785	 -0.04340147	 
0.39391698	 -1.49203503	 0.68769097	 
-1.92451347	 -1.32921019	 -0.41203860	 
1.71390569	 -0.87256221	 0.35785363	 
0.27346611	 0.92739814	 -1.09363840	 
0.93012817	 -1.06708113	 -1.37250620	 
-1.99468622	 0.09426754	 -1.15147423	 
0.16927561	 0.14250238	 -0.16165601	 
-0.29348645	 0.92833029	 -1.07476923	 
-1.28467744	 0.93546813	 1.89374402	 
1.65069635	 -0.39138952	 -0.92502003	 
0.10577887	 0.36917998	 1.35206210	 
0.46548859	 0.17743541	 -0.38182031	 
0.40860939	 0.13035991	 0.63866508	 
0.52899324	 1.61744561	 0.85710278	 
-2.46079080	 -0.52363956	 1.43809440	 
0.10669777	 0.70944052	 -0.36056097	 
-0.91611654	 -1.35243886	 -2.70669488	 
-1.62388011	 -0.58122716	 -0.97257342	 
-0.15383892	 -0.00789707	 0.76807938	 
-0.70114938	 0.84473499	 0.68138399	 
0.60190508	 0.07797218	 -0.05320324	 
1.12437965	 -1.21678976	 -0.55344441	 
-0.36896454	 0.28948346	 0.75121490	 
1.22442113	 0.52844500	 -0.58344513	 
1.56910082	 1.71335671	 -0.10029497	 
0.70003230	 0.08933179	 0.38576920	 
-0.70592584	 0.85360678	 -0.84983309	 
2.12186827	 1.97965107	 -1.00333430	 
0.11572834	 -0.33332550	 -0.26710109	 
0.21903175	 0.76947298	 -0.08168090	 
1.02617039	 -0.77965609	 0.50434785	 
-0.23093917	 0.41236784	 0.13803620	 
0.53216341	 -1.06470897	 0.08808872	 
0.16785161	 2.37221669	 -1.05535197	 
0.65012304	 -0.10841526	 -0.48947593	 
-0.65310749	 0.33297294	 -1.45769333	 
-1.21577592	 0.06456715	 0.65441233	 
-0.46741453	 -0.00371964	 1.75380852	 
0.67578282	 -0.12668389	 -0.99372369	 
1.19394468	 0.05344576	 0.44194310	 
0.58611088	 0.14711922	 -2.29871421	 
0.22798399	 1.07638223	 -1.06186461	 
0.21676357	 0.28379496	 0.43277294	 
0.32221359	 -1.95033147	 -1.34925784	 
-2.23660224	 -1.41700292	 0.50140492	 
-1.54839932	 0.25896383	 0.33836686	 
1.82314376	 -1.61641890	 3.22387485	 
-0.48511469	 1.11274681	 0.13963074	 
-0.52497904	 -0.58780887	 1.02767019	 
-1.66243225	 -1.38096857	 -0.39202434	 
-0.76281623	 0.20065495	 -0.97964748	 
0.34341412	 1.03557492	 0.37732239	 
1.99970112	 2.04261689	 1.71972177	 
-0.09948326	 -1.04675025	 -0.14966038	 
0.93196540	 1.12173232	 0.05481828	 
-0.29719796	 0.02996486	 0.70746674	 
-1.05023428	 1.22718866	 0.38319517	 
0.81267205	 -1.29684200	 0.50032903	 
0.20321914	 -0.26191211	 0.11347451	 
-2.16810249	 0.16259776	 -0.75266265	 
1.22171260	 -1.42702816	 0.25607465	 
-1.73225944	 0.71027167	 0.23435394	 
0.15286100	 -0.25283006	 -0.10767587	 
-0.64153779	 -0.79874401	 0.13528275	 
-0.07466188	 0.67617120	 0.55465768	 
1.97538279	 0.04600083	 0.41147308	 
0.99316205	 -0.35409068	 1.61143841	 
-0.22206191	 -0.66553381	 -0.40188593	 
-0.52773887	 -1.21018118	 -0.09569513	 
0.86578729	 1.56621449	 -4.11883354	 
0.02885255	 -0.00001854	 0.90429523	 
-0.17042872	 -2.36405914	 0.82561761	 
-1.87672058	 -2.95800687	 -0.38420333	 
0.78988354	 -1.78248278	 -0.66844049	 
0.44200840	 -1.56582385	 -0.45476900	 
-0.02790354	 1.28738493	 -2.84835991	 
-0.66082873	 -0.30265115	 0.39205197	 
1.44269527	 -0.63212277	 0.42698080	 
0.64387775	 -0.72293833	 -0.93646515	 
-0.25361526	 -0.25233223	 -1.23302522	 
-0.01304686	 1.10437461	 -0.73457940	 
-0.21280038	 -0.16496969	 0.16857267	 
0.46789917	 -0.27370759	 -0.79964695	 
0.33484224	 -0.39183305	 0.44285481	 
0.37182644	 1.64619667	 0.68677425	 
0.37131988	 0.10403528	 -1.40630574	 
-0.09373885	 0.49435095	 -0.75781629	 
-0.05191107	 -1.07276653	 1.13166621	 
-0.17914579	 -0.94618012	 0.72454929	 
-0.53117828	 0.10472919	 -0.45645313	 
-0.05654795	 -1.33015038	 1.92073473	 
-0.13512973	 0.07338521	 -0.12063020	 
0.24348215	 -0.51028747	 0.28813397	 
-0.42519871	 1.65238860	 -0.23356074	 
-0.07083558	 0.89012707	 -0.47010861	 
0.04535700	 -0.41552303	 0.56009682	 
1.00049424	 1.64860358	 1.34410481	 
-0.31965040	 -0.72479959	 -1.41112433	 
0.20141388	 0.36799422	 -0.63671702	 
-0.57743955	 -0.67983718	 -0.34212454	 
0.47475490	 -0.34525794	 -2.01930896	 
-1.01703521	 0.33488024	 -0.51359752	 
-0.22560720	 0.83170261	 -0.05373268	 
-0.58938064	 1.62731790	 1.47970787	 
-1.25865736	 -0.19458510	 -0.57072668	 
-0.25927168	 0.43228178	 -0.98362153	 
2.47629595	 -0.20406826	 -0.73914654	 
-0.20443708	 1.59355291	 -0.85449747	 
1.58767633	 1.13617477	 1.28381914	 
-1.56836490	 1.68868821	 -2.70930957	 
0.36301033	 1.23726194	 0.35962774	 
0.24034057	 0.01128781	 0.61099317	 
-0.00413242	 0.26708848	 0.69595645	 
-0.41783356	 -0.07378913	 -0.27684207	 
0.17837278	 -1.35752251	 0.75787892	 
-2.15772232	 1.58191342	 -0.08164550	 
-1.19636071	 -1.04588821	 1.63047773	 
1.02629807	 0.15111034	 0.66532495	 
0.24445926	 -0.99346060	 0.03439700	 
-0.05083438	 -0.88122486	 1.94448440	 
0.57584945	 1.00338747	 -0.39957836	 
2.11961172	 0.30423317	 1.20810787	 
0.47187533	 1.02188443	 -1.08360004	 
-1.82728084	 -1.02418434	 -1.33897687	 
-0.95492986	 -1.81913820	 0.36693501	 
0.28690534	 -0.11696872	 0.20387057	 
0.11393411	 0.73176512	 -0.24746189	 
-0.23944606	 -0.60301444	 -0.12386194	 
-0.32869874	 0.37421538	 0.38137831	 
0.13531256	 -0.49606355	 -0.70964763	 
-0.11988597	 0.87180323	 0.38407933	 
0.69430407	 0.89124998	 -0.11351677	 
-3.80636267	 -0.81207495	 0.65754696	 
1.75761714	 -0.59399212	 1.26513698	 
-1.04492916	 0.19137887	 -1.25701600	 
-0.19350469	 0.47299447	 0.43420842	 
0.09623864	 -0.25555140	 -1.26332495	 
0.93968172	 1.05198050	 -0.44018274	 
0.80906923	 -1.21177101	 -1.02176734	 
0.57312926	 -1.01556030	 0.70489186	 
0.66747855	 0.88217696	 -0.30365895	 
-0.85303791	 -0.36016759	 -0.23568882	 
-1.52745835	 -0.18183924	 -0.60810500	 
-2.08551577	 0.84938661	 -0.80789670	 
0.44214277	 -0.48676358	 0.73994331	 
-1.28713537	 -0.76152627	 -0.22063754	 
-0.53954703	 0.93635710	 -0.30477878	 
-0.08041625	 0.59140867	 -2.01357106	 
-0.13765928	 0.91717557	 -0.49946733	 
1.41763957	 -0.02419214	 0.89720648	 
-0.88814367	 0.04709393	 1.55559770	 
-0.22173023	 -0.52757615	 -0.75993591	 
-1.43984243	 -1.24060628	 -0.86797942	 
0.57611644	 -0.57013560	 -0.03620189	 
0.07147629	 0.20412824	 0.35812871	 
0.27852082	 -0.82378343	 0.16251849	 
-0.97731803	 0.28233429	 -2.20917095	 
-0.13070165	 2.24083826	 0.25385650	 
1.03400830	 -0.73021135	 -1.41147955	 
0.28359704	 -0.19741516	 0.60185179	 
0.15193287	 -0.32619317	 -0.17792166	 
-0.15846625	 0.19259969	 -0.39412956	 
0.93288814	 -1.12281361	 -0.40257426	 
-0.25615643	 1.77790126	 -0.39598834	 
0.41595826	 0.74751651	 -0.10650595	 
-0.02289731	 0.21819810	 -0.86316291	 
0.18558311	 -0.52022404	 0.32124359	 
0.09929187	 -1.56445965	 -0.02746609	 
0.47476986	 0.45887812	 0.94286398	 
-0.09459938	 1.44846725	 -1.58691636	 
-0.23451846	 -0.02783397	 0.47291598	 
-1.51973934	 -1.32820812	 0.35062482	 
-0.69255268	 1.35627921	 0.53824684	 
-1.05750659	 -0.71259587	 2.67358526	 
-0.34867522	 -0.37535491	 -0.39030025	 
-0.66847490	 1.62014637	 -1.30673283	 
0.88034063	 -0.63805444	 -1.32834020	 
0.41973437	 0.30072004	 0.17310474	 
-0.29624683	 -0.25652360	 2.75264146	 
-1.03513533	 1.67712165	 -1.51554827	 
-0.13851992	 -1.53283745	 0.39018323	 
-1.12850173	 -0.71079013	 0.99550468	 
0.41164042	 -0.90275008	 -0.78150959	 
1.46639639	 -0.27836406	 -1.51489053	 
-0.43406303	 1.00757307	 -2.76616343	 
1.23418758	 0.20983637	 0.26441296	 
-0.12473419	 0.35159267	 -0.67664165	 
0.90676729	 0.57117711	 -0.28673583	 
0.15759811	 0.54910516	 1.55247689	 
-0.08970700	 0.47343101	 0.05891986	 
0.99611154	 -0.92752917	 0.91925419	 
-0.47215282	 1.89681122	 -2.13899403	 
0.07627276	 -0.07453031	 0.97737225	 
0.70708210	 -0.56303197	 -0.78914769	 
-0.47150578	 0.17716070	 -0.20290356	 
0.88930880	 0.40897354	 -0.44056704	 
0.69568107	 0.00967125	 0.16129717	 
-0.33805025	 -1.75766962	 0.60560559	 
-1.84471023	 -1.12926889	 1.24945296	 
0.66359389	 -0.30985044	 -0.29236800	 
0.24019871	 0.75742796	 1.17494964	 
-0.46056741	 1.35369626	 -0.35890904	 
-0.47300565	 -0.29792644	 0.45720617	 
-0.26865121	 0.41863476	 -0.03051971	 
-1.79888093	 -0.91824536	 -0.20371941	 
-0.02131515	 -0.53433878	 0.87296995	 
0.50898972	 0.93959823	 -0.48853868	 
0.22994659	 -0.81619813	 0.47363442	 
-1.72092114	 1.05328173	 -0.77132039	 
-2.03828888	 -0.34149731	 -0.42277602	 
0.51095742	 -1.21900079	 -1.28699960	 
-0.60969033	 -0.14928330	 1.02334913	 
0.65468128	 -0.07924251	 -0.43299153	 
-0.96295943	 -0.30022138	 0.80801922	 
1.19623392	 -1.40577905	 0.61818500	 
0.18313555	 0.45230691	 -0.62576474	 
-1.02428936	 -0.22484414	 -0.17403321	 
-0.04021333	 -0.38118234	 0.08477083	 
-1.11554404	 0.49745757	 0.73510471	 
0.44055093	 -0.09099004	 1.26978602	 
-0.32256439	 -0.85324293	 0.04344162	 
0.10495326	 0.02610711	 0.02696888	 
0.39208925	 0.04447061	 0.27991607	 
0.06906940	 -1.57097621	 -0.62787350	 
1.48182790	 -0.34186448	 -0.39120204	 
0.33215425	 -0.13033458	 0.30615180	 
0.94685673	 -1.04370733	 0.50268253	 
0.34758304	 0.51757023	 -0.66012681	 
-0.81521017	 -1.41730067	 -0.02885638	 
-0.43734590	 0.43419478	 -0.71352963	 
0.22516495	 -1.78643822	 0.14471211	 
-1.98009538	 -0.08392761	 0.07790619	 
-0.07708590	 -0.08358630	 -0.18777053	 
-0.21848010	 -0.03805504	 -0.79390640	 
0.72854790	 -0.16671048	 -0.16491558	 
0.65491630	 0.57246212	 -0.70602812	 
0.33727381	 -0.82333827	 -0.92479475	 
-0.12649772	 0.55310379	 -0.91445673	 
0.61011632	 0.29246381	 -0.15537779	 
0.08877015	 -0.61308694	 0.34836558	 
-0.12928821	 2.01860794	 1.95253810	 
1.33171185	 1.64829083	 -2.75117040	 
-0.58843682	 2.05093146	 -1.21321013	 
-0.01636278	 -0.22941861	 0.02669092	 
1.16607362	 -0.12204743	 1.02282125	 
-0.55047774	 0.60246905	 1.33192382	 
-0.04124803	 0.45140791	 0.36074377	 
0.28990611	 0.26252130	 1.37721131	 
-0.89430067	 0.14688842	 -0.29216283	 
-0.17867413	 -0.78385388	 -0.08431124	 
0.28598896	 -0.87146583	 -1.91394668	 
0.05765960	 -0.27999000	 -0.74799172	 
-1.63670097	 0.02858931	 0.15163602	 
-0.72869887	 -0.25081052	 -0.33853983	 
-1.90987375	 -0.74657430	 -1.22916928	 
0.28591728	 -0.62808385	 2.66888965	 
-0.71824912	 -0.45070929	 0.96887045	 
0.53223223	 -0.50770706	 -1.66621260	 
0.34612936	 -0.49345194	 -1.08669045	 
-0.31382833	 -1.00946616	 1.08308388	 
-0.15175182	 0.13904553	 -0.07676547	 
0.20651232	 0.12514330	 -0.49643860	 
0.58193190	 -0.19442187	 0.69564056	 
0.67014110	 -0.85877401	 -0.72131397	 
-0.79546841	 -0.27643961	 1.11919953	 
-1.08863945	 1.50467753	 0.44556814	 
0.81417070	 -0.95836484	 -2.12962004	 
2.72904726	 0.07756497	 -1.64006864	 
-0.07451736	 -0.70955697	 0.77186075	 
1.42175851	 1.04759085	 1.58262017	 
-0.41355361	 0.48873743	 -0.83462232	 
-0.90671638	 -0.84613786	 -0.40179651	 
0.72509827	 -1.15635329	 0.51721435	 
-0.34486662	 0.66107083	 -0.46478583	 
-0.16199387	 0.35747573	 0.46040395	 
1.27999611	 -0.19595686	 0.12703756	 
-0.13279215	 -1.53557214	 -0.69570209	 
0.08905400	 -0.55321147	 -1.17888603	 
-0.36195686	 0.04186228	 0.01779388	 
-0.14888487	 0.16819328	 0.33927024	 
0.04696650	 0.82907217	 -0.98432982	 
-2.62218290	 -0.38846151	 0.33399592	 
0.20017143	 0.47228460	 1.62538695	 
0.42171194	 0.67287428	 -0.37439923	 
-0.13205844	 -0.17776636	 0.19781457	 
-0.89383847	 0.42708918	 -0.27148848	 
-1.19883736	 0.14979582	 -1.04992764	 
0.43524709	 -2.67239942	 -0.89780737	 
-2.49440931	 -2.92199501	 -0.55906732	 
1.10975874	 -0.14991390	 -0.63269105	 
0.37482107	 -0.22368436	 0.26265070	 
-0.58702116	 -0.65261025	 0.15242014	 
0.20338506	 1.07593632	 -0.26632946	 
0.81227226	 -1.19562016	 2.62129372	 
-0.29819202	 -0.54298328	 0.20423071	 
1.36675270	 0.19442124	 0.73841723	 
-0.78128395	 0.61205406	 -0.02605844	 
0.15254029	 -0.04154198	 0.23567092	 
-1.66181153	 -0.66206851	 -0.13103995	 
-0.69368456	 -0.51058905	 0.41727410	 
-0.29386582	 0.90774621	 -0.84376699	 
-2.07821097	 -1.20713187	 1.70235887	 
-1.52794607	 0.72124065	 0.65681258	 
0.77863438	 1.51207280	 -0.52638006	 
-0.40469936	 0.42896215	 -0.55450401	 
-0.38007731	 0.63466346	 -0.61304732	 
-0.69636710	 2.01096726	 2.27685415	 
-0.75767449	 1.25547991	 0.97427352	 
0.76533458	 -0.39636022	 0.52226705	 
-0.71643442	 -0.12884932	 -2.14604485	 
1.15270644	 -1.50311578	 -0.65860311	 
0.22877132	 1.68690717	 -1.30720047	 
2.34836391	 -0.19767044	 -1.43232384	 
0.18446366	 -0.59707891	 -1.17788449	 
-0.61021817	 1.61217097	 -0.44087135	 
-1.60918178	 -2.66359779	 -0.51512195	 
0.01736053	 0.58835092	 0.31305613	 
-0.49018177	 0.03267577	 -0.41907011	 
1.22313299	 -0.16017756	 0.20536644	 
-1.26185140	 -0.08274693	 1.04989340	 
1.90609505	 -0.49649046	 1.02906774	 
0.38846862	 0.35653563	 0.81262370	 
-0.26828831	 0.23069467	 0.36054286	 
-0.56732605	 -0.51439471	 -0.71488369	 
1.07970814	 -0.45104273	 0.83499487	 
0.31943185	 -0.32457463	 0.25663047	 
1.54521364	 -0.72907778	 2.16370028	 
0.22891124	 -0.64402960	 -0.49957026	 
-0.65847181	 0.75666607	 -1.58095155	 
0.36960750	 -0.19385466	 0.07426035	 
0.68112911	 -0.49906592	 -0.13774434	 
-0.33945047	 1.31390406	 1.02859310	 
-0.70033436	 -0.26551956	 0.77810136	 
0.11625335	 -0.88445606	 0.31676368	 
-1.17707059	 -0.05959272	 -0.65987011	 
0.77602126	 0.97606089	 -0.24052166	 
0.05790603	 -0.24560127	 0.38194042	 
-0.68329601	 0.10947249	 0.31356052	 
-1.97466202	 0.38607094	 0.22400597	 
1.79774799	 -0.19500367	 -1.31388502	 
0.06446698	 0.58318931	 0.70696527	 
0.35735109	 1.01735607	 2.29807458	 
-0.29973494	 0.26791203	 -0.34307814	 
0.58540219	 -0.53703329	 0.58985690	 
-0.36100026	 -1.16077661	 -0.53057325	 
-0.65133262	 0.29959573	 0.10260677	 
-0.14122035	 0.99162363	 -0.03706198	 
-0.53201400	 1.31686941	 0.60253553	 
-0.46992770	 -1.34476343	 -0.48446645	 
0.27076427	 1.98127236	 -1.94105463	 
0.57211917	 -0.32995528	 -0.05930374	 
0.48933288	 0.22096403	 0.37150462	 
0.34444022	 0.47669835	 0.68410254	 
-1.59150466	 -1.14655224	 -0.17596622	 
-0.70071823	 0.66428738	 -0.50879671	 
-1.37012783	 -0.12336444	 0.83928562	 
0.39635822	 0.48360419	 -0.40565221	 
-2.69328966	 2.45420547	 0.08185342	 
1.19327326	 0.65925956	 0.51051939	 
2.15833476	 1.38750877	 -1.64841652	 
0.59929635	 0.94561550	 1.84989758	 
0.90488177	 0.11991373	 0.47590152	 
0.79697526	 -0.48997010	 -1.93525768	 
2.41929214	 4.63232818	 -1.86385990	 
-0.05933137	 1.04957000	 0.34912196	 
0.32039235	 -0.10752922	 1.96059748	 
0.17542079	 -0.52335345	 -0.14814124	 
-0.03052274	 0.47210173	 -1.80125294	 
0.87898395	 -0.30661656	 -0.16830800	 
-1.66511510	 -1.07680165	 -2.14246156	 
0.76207544	 -0.41718010	 -0.83010200	 
-0.11821977	 0.13098104	 0.56653626	 
0.30122462	 0.20834380	 0.07985851	 
0.01370467	 0.52829180	 -0.02084783	 
-0.35272341	 -0.51621566	 0.39506392	 
-0.07253299	 1.29149935	 0.03978098	 
-0.67618820	 0.41468731	 -1.37570293	 
0.23691671	 0.79556654	 -0.38168890	 
0.21583487	 -0.37791297	 1.90646872	 
0.61400491	 -1.18983790	 -0.01868151	 
-0.43780106	 0.26127118	 -0.09846273	 
1.56165585	 0.13128898	 -0.58823288	 
-0.58601564	 1.66662621	 0.96228851	 
-0.34907569	 0.86862262	 -0.34899384	 
0.24252591	 0.41849586	 0.03223959	 
0.80984929	 -0.26046734	 0.32001869	 
0.24142582	 -0.39684622	 -0.17492730	 
0.75253563	 0.30935595	 -0.05079252	 
1.67068303	 -0.21085933	 2.99314182	 
1.38200130	 0.37227302	 0.22409277	 
0.15850928	 -1.27634944	 -1.25911378	 
0.68666597	 0.08993579	 -0.53571303	 
-0.98536404	 -0.55509504	 -0.25479941	 
0.22036218	 -0.26263627	 2.26543905	 
-0.47921030	 0.15004171	 0.05735126	 
-1.21824487	 0.96356747	 0.49285878	 
0.77464668	 0.52183003	 0.43772787	 
0.02031930	 -0.66407193	 0.28614440	 
-0.29318723	 0.28263548	 0.37095719	 
0.55803309	 0.81843748	 0.68764546	 
2.92832777	 0.16470317	 -0.78695108	 
1.42967952	 0.03492355	 -2.37581015	 
-0.39548367	 -0.27198698	 1.35134383	 
-1.24190513	 -1.05097314	 -0.98941166	 
0.51071768	 -0.68068208	 -0.61177079	 
1.42194442	 2.10624011	 1.28235235	 
1.94970917	 -1.32230392	 -0.30552149	 
0.30948565	 0.07721008	 -0.46757244	 
0.45621324	 0.49755760	 0.28021644	 
-0.22326404	 -0.11856144	 0.51445135	 
0.55527965	 -1.99988788	 0.22975517	 
-0.43433250	 -1.04991684	 -0.11647489	 
-1.33189574	 -0.74668814	 0.29169537	 
1.32187252	 0.06196036	 -0.10381955	 
0.03837778	 0.15752454	 0.08059845	 
-0.32062560	 0.56631612	 0.14439766	 
0.23447431	 0.05270700	 0.64890132	 
-0.59837521	 0.75645577	 0.25378409	 
-1.40718603	 -0.35380836	 -0.29687602	 
0.30303361	 -0.27194448	 -0.21163200	 
0.04898187	 -1.69490931	 1.94610035	 
0.67082899	 1.53666595	 -0.79294222	 
-0.32066971	 0.93452810	 -0.20918884	 
-0.23800633	 -0.22524194	 0.39128534	 
-1.03164505	 -0.30845583	 1.26697413	 
-0.95326882	 -1.81771422	 1.58575115	 
-0.21671565	 -0.31832755	 0.06481322	 
0.41931763	 -0.24903947	 0.90492480	 
1.07975009	 -1.05966913	 -1.34398980	 
0.18760582	 0.03015992	 -0.67364546	 
0.60116175	 0.57353438	 -0.18189394	 
-1.87928197	 0.39481938	 -0.04827393	 
-0.06136269	 -1.89694192	 -0.57392549	 
-0.69009748	 -0.47475440	 0.05658794	 
-0.33954648	 -0.39988072	 -0.01211000	 
-0.16933535	 -0.27215453	 2.05466749	 
0.17528218	 -0.10062396	 -0.32997102	 
-1.02895787	 0.42440124	 0.12937233	 
-0.04695537	 -0.04214905	 0.72836505	 
0.18827104	 0.04793299	 0.42223778	 
1.31154025	 -0.79489919	 1.16285979	 
0.04011719	 0.37209478	 -0.50052712	 
-0.30395415	 -0.12039309	 -0.49687525	 
-1.31569727	 -0.26386054	 -1.56452125	 
0.64169285	 0.07973208	 -0.62511771	 
-1.27974617	 -0.51819116	 1.08079622	 
-0.75901628	 -0.37218980	 -0.18663006	 
0.79310434	 0.59196796	 0.88142559	 
-0.80583324	 1.59830849	 -0.70442549	 
-1.20935580	 -0.60441424	 -0.04839169	 
-0.45447569	 -0.55820131	 2.38035407	 
-0.96207777	 0.72576801	 0.45742039	 
0.01971077	 -1.04340837	 0.96567071	 
0.62148641	 0.60731258	 -0.53250437	 
0.17819656	 0.40660773	 0.60384471	 
0.56682427	 0.41739016	 0.77885945	 
-0.98408716	 1.16857298	 0.27685768	 
0.79657878	 -0.25724831	 -0.05612469	 
0.26317616	 -0.34993964	 -0.86867357	 
1.26937056	 1.99008351	 -1.16957671	 
0.61264659	 -0.19430621	 0.60920390	 
1.23986712	 -1.05030391	 -2.07409344	 
-0.63418144	 1.69857017	 0.21675134	 
-0.30214941	 -0.07668871	 -0.25629359	 
1.17400777	 -0.70327077	 0.86385385	 
0.02130189	 -1.17692018	 -0.08034063	 
-1.00717358	 -1.05010441	 1.04411947	 
-0.84908753	 0.09986474	 0.85376448	 
-0.50319869	 -0.31673208	 0.08262608	 
-0.40985261	 0.43685492	 0.27190916	 
0.05543297	 0.14314238	 0.14224664	 
-0.32580349	 0.70118758	 2.22282691	 
-1.24724796	 -0.32922493	 0.36172152	 
-0.51257922	 -0.89965480	 -0.46942333	 
-0.72316218	 0.54016238	 -0.14352727	 
0.63765032	 1.41512184	 0.61589391	 
0.38526463	 -0.10270519	 2.10432593	 
-0.38993657	 -1.56483356	 0.28286454	 
0.94300021	 4.01208056	 1.56775739	 
0.05884525	 0.67927789	 0.55153801	 
1.46516767	 -0.58689503	 -0.52030110	 
0.72794094	 0.19124717	 -0.39677836	 
-0.51367571	 0.42286253	 -1.04236869	 
0.73078610	 -0.01283612	 -2.30799381	 
-0.79760850	 0.84797387	 -0.82143253	 
-0.63852072	 -0.13158411	 0.86121711	 
-0.43815221	 -0.07888104	 -0.69629966	 
0.10346386	 -1.79984451	 0.72939220	 
-0.61893902	 1.46585732	 0.93867187	 
-0.83985485	 0.07992661	 0.87399487	 
-0.39133988	 -1.39819005	 -3.77040666	 
0.10569927	 1.26936259	 0.77316289	 
-0.21959969	 -0.36472604	 0.92995150	 
1.62872732	 -0.09569944	 1.30202353	 
-0.07317923	 0.01290159	 -0.00241392	 
-0.18679298	 1.20145243	 -0.35813871	 
0.08903118	 -1.15369842	 0.10440472	 
-0.67187453	 -0.01571304	 -1.18684991	 
0.77695689	 -0.22924830	 0.51185323	 
-0.24380718	 1.40278460	 -0.54693374	 
-0.53115351	 -0.60524326	 -1.03253329	 
-0.57020152	 0.19412130	 2.17455752	 
-1.04838192	 0.99935321	 1.18609756	 
-0.23680038	 -0.24353236	 1.43391502	 
-0.54133335	 -0.67187696	 0.11045590	 
-0.01776726	 -1.31601047	 -0.01248594	 
0.52131829	 0.05765148	 -0.09329069	 
-0.57447956	 0.66724515	 0.59760586	 
0.23780209	 1.01347546	 1.06611549	 
0.01229347	 1.02932360	 -1.95682245	 
1.55836680	 -0.79674284	 -0.14987826	 
-0.58529711	 0.38094947	 -0.99418914	 
-0.69119628	 -0.93977890	 0.66518338	 
-0.51819860	 0.65599465	 -0.47399960	 
-1.42462791	 -0.26329283	 -0.17495787	 
0.24493928	 1.07102389	 -0.27383814	 
0.95918329	 0.75916667	 -0.46245025	 
-0.10189971	 0.21666113	 0.35452132	 
0.34734199	 0.62662701	 -1.58466046	 
0.34293590	 0.11916045	 -0.75157396	 
0.10302608	 0.10406699	 -0.02656255	 
-0.51069233	 0.23553787	 -0.09662203	 
0.14895055	 -0.40124116	 -1.00389320	 
-1.82431483	 -2.92891886	 0.54463692	 
-0.52054026	 0.31399220	 -1.49868358	 
1.14539391	 -0.37866166	 0.90107702	 
-0.24580010	 0.10598714	 0.57608928	 
-1.66300724	 -1.74130197	 0.18357148	 
1.14276103	 1.50906389	 -4.20080209	 
-1.17171674	 -2.44747018	 0.92210844	 
1.07272872	 0.39604909	 0.82697526	 
0.66685309	 1.10424526	 0.29933446	 
-0.00496951	 0.22136127	 -0.31234128	 
-0.58276234	 0.32117470	 0.23406203	 
-1.82649949	 2.02709590	 1.41069008	 
-1.62774144	 0.34419560	 -0.46793958	 
1.97629573	 1.04036039	 0.46519301	 
-2.05214083	 2.85670826	 0.60637692	 
0.03284215	 0.01719632	 -0.61595472	 
0.37697785	 1.13282976	 1.16693852	 
-0.33487216	 -0.29036208	 -0.47306496	 
-0.61408027	 0.28648704	 -0.61752454	 
-0.28710437	 0.19646188	 -0.03548433	 
1.43569701	 0.23215376	 -0.76702162	 
0.49360549	 -0.56759356	 -0.34351513	 
1.40537423	 0.99862913	 1.91993835	 
-1.58424872	 -0.24359699	 -0.15965047	 
0.28303254	 -0.82138806	 -0.76187271	 
-1.95926819	 0.30896929	 -0.86567319	 
-0.90044620	 -1.13569393	 0.63863689	 
-0.69252385	 0.02178881	 -1.01607805	 
-1.20585962	 0.13524218	 0.32213646	 
0.26811123	 -0.45530104	 -0.38997727	 
1.07588827	 -0.83229794	 1.04167748	 
0.23687481	 -0.95137070	 -1.75042447	 
0.07628026	 -0.89586173	 1.10135788	 
0.61272149	 -0.97572557	 0.73501785	 
-0.00059306	 -0.66993745	 0.89770192	 
-0.00755007	 0.05458176	 -0.05072909	 
-1.08283910	 -0.48047509	 0.79964268	 
0.20419451	 -0.20422920	 0.43128703	 
0.48804229	 0.86681510	 0.08284421	 
-0.13542338	 -1.02354683	 -0.84911893	 
2.31079240	 2.31752698	 -0.49549754	 
0.33852775	 0.55250441	 0.84350326	 
0.19012460	 0.88279111	 -1.00668503	 
1.31415575	 -1.45398602	 -0.36216946	 
-0.67321519	 0.47878175	 -0.12014626	 
0.99996200	 -0.10836185	 -0.06777695	 
0.70132938	 2.21408102	 -1.70429916	 
2.59364111	 -1.15206296	 -0.13971885	 
-0.49062054	 -1.36005882	 0.24310913	 
1.02285032	 -1.07862917	 -0.77303584	 
-0.30785305	 -0.94343751	 -0.30522590	 
0.53900961	 0.55305238	 2.38215193	 
1.13578270	 0.30206108	 -0.12741150	 
2.68858260	 0.15811298	 0.05429058	 
-0.43409469	 0.34985221	 0.32409514	 
0.05896104	 -0.10482624	 -0.15916467	 
-0.69731229	 0.68417447	 0.77600505	 
-0.38240014	 1.35668406	 1.18715744	 
0.24205215	 -0.36322093	 -2.56622346	 
1.84162809	 -2.11264031	 -1.36509156	 
0.31433420	 -0.21616576	 0.48527055	 
2.69325072	 -2.40991130	 -1.79313134	 
0.55060957	 1.98357865	 0.21401663	 
-0.43102786	 0.27168929	 1.15857520	 
0.06513694	 -0.51081930	 -0.93270957	 
0.56405140	 1.21636280	 1.03336903	 
0.07335076	 -1.21421422	 -1.54740009	 
0.77861998	 0.06770681	 -0.86093588	 
-2.24901161	 -1.30424424	 0.94854964	 
0.19156184	 -0.04808422	 0.01646302	 
-0.36875384	 -1.03481020	 -0.03500728	 
1.26116650	 0.45783961	 0.31139838	 
-0.28386328	 -0.44951923	 0.24892779	 
1.68276463	 -1.05710704	 -0.06591202	 
-1.44222562	 1.41108758	 0.57332781	 
-0.21913041	 0.32849559	 -0.42239128	 
1.44175690	 -1.42711984	 -1.99950685	 
-0.98003204	 2.43479749	 -1.45844511	 
-2.05748837	 0.46741818	 -1.76643210	 
-0.61226708	 1.05312282	 -0.33126873	 
0.63395896	 -0.04955963	 0.44121542	 
2.24358650	 0.59128361	 -0.86738386	 
-0.25820570	 0.71225507	 -0.49901672	 
-1.23640742	 0.52956885	 -0.88190325	 
-0.01579817	 0.36288489	 0.20360645	 
-1.51849589	 1.81592595	 -0.96920582	 
0.95668015	 0.23929811	 -0.23055331	 
-0.65824569	 0.07495459	 0.42784003	 
-0.50324690	 -0.06070769	 2.60140576	 
-1.24475763	 -1.11780500	 0.30263951	 
0.02980660	 1.71225313	 -3.10002622	 
2.01377533	 0.88043509	 -0.85512234	 
1.54547605	 2.53704790	 1.26038544	 
0.03902054	 -0.06084848	 0.01677540	 
1.28922258	 -1.38335177	 -0.54312792	 
0.29969600	 0.60820776	 -0.11438063	 
1.84759261	 0.61086525	 -0.37339988	 
0.66569606	 1.90134800	 -1.26865009	 
1.59186941	 0.08747442	 1.10941259	 
-0.78920526	 -1.60231390	 0.73826665	 
0.07684810	 1.02374827	 1.90380735	 
2.52419568	 0.62640329	 0.11185941	 
1.97961592	 0.87956108	 0.48444501	 
-0.44129513	 -0.35671810	 -1.12467147	 
1.62169856	 0.84454329	 0.55841777	 
0.52674543	 -0.16424115	 1.27705072	 
-0.59087838	 0.02523753	 1.80023538	 
-0.01948068	 -0.10052873	 -0.99404257	 
-1.68747402	 0.87216115	 0.73025168	 
-0.29017357	 -0.39765474	 0.76632460	 
-0.43975282	 0.56178847	 1.04910763	 
1.45384385	 -1.27553810	 -0.06708734	 
-0.44051057	 1.52816976	 -0.03599070	 
2.58538025	 1.32720872	 1.40869552	 
0.41204447	 0.30975530	 0.23933809	 
-0.86471784	 -0.56149165	 0.42817968	 
-1.02887733	 -0.12782947	 -0.60233926	 
-0.20333065	 -1.32640418	 -1.39792188	 
1.05479977	 0.28829478	 0.84719463	 
0.84785804	 -3.88083107	 -0.99521081	 
-0.00761827	 -0.08424042	 -0.13859461	 
1.31837140	 0.61532679	 -0.28521322	 
-1.25659272	 0.02183921	 -0.43010450	 
-1.84573156	 0.38506480	 0.34864273	 
-0.48402985	 -1.82296187	 0.74075492	 
-0.94320309	 -2.48528721	 -0.41990228	 
-0.68916740	 -1.07355537	 -0.01409529	 
1.27827560	 1.33750564	 -0.76106588	 
1.68541011	 0.02085410	 -0.08369393	 
-0.80427981	 0.50247598	 1.26180069	 
0.06175609	 -1.24139103	 -0.20101834	 
0.64523583	 -1.53020179	 0.53660663	 
0.68156173	 -0.35103759	 -0.44898451	 
-0.46035804	 -1.60782642	 0.78518743	 
1.39954289	 -2.10752605	 1.27671534	 
-0.37370194	 -1.75105805	 -0.37602421	 
0.69448537	 0.22773541	 -0.71520251	 
0.42757149	 0.19265328	 -0.71990174	 
-0.36129676	 -0.73932735	 0.41310130	 
-2.37475570	 -1.53601957	 1.99505580	 
1.20342869	 0.55910380	 -0.06195121	 
0.43547937	 -0.89033706	 1.64901727	 
-0.12295437	 -0.07219938	 0.02493040	 
0.17478655	 0.14043490	 0.11624993	 
0.10378091	 -0.13709229	 0.17957886	 
1.84650952	 -2.22695325	 -1.50494303	 
0.77828468	 -1.15949501	 0.90654468	 
2.09818136	 -0.27483879	 1.43473328	 
0.32377693	 0.62826099	 0.29174663	 
-0.47681418	 0.04039531	 -0.04037118	 
0.25994277	 0.35761339	 -0.03893457	 
0.07295096	 -0.43016993	 -0.11616788	 
-0.51775382	 -0.02564937	 0.59653977	 
1.89248434	 1.20947689	 -1.85903807	 
1.09733308	 0.24113490	 0.19885451	 
1.20200097	 0.32280263	 -0.05892977	 
-1.40700737	 -1.31182529	 -0.23710731	 
-0.64843728	 -1.07361730	 1.01467604	 
-0.19796455	 -0.53881385	 -1.62080655	 
-0.27337095	 0.58147276	 1.06129110	 
0.10713109	 -0.30094866	 -0.83876613	 
1.82170491	 0.84175892	 -0.13465989	 
-0.53895686	 -0.37512070	 0.01824908	 
-1.39386409	 -0.37326239	 0.85148118	 
0.97011085	 1.57073290	 1.16351459	 
-0.03058462	 -0.96715066	 0.66052414	 
0.01941209	 -0.34976487	 -0.17019612	 
-0.66397114	 -1.67309694	 1.58238759	 
-0.21815995	 0.12162519	 1.18633192	 
0.65475130	 -0.66097357	 -0.97769673	 
0.01156041	 0.75294460	 -0.58650984	 
0.92796170	 -1.95234246	 0.67443943	 
1.51688373	 -0.60077458	 1.14740832	 
-0.61412243	 -0.04662162	 0.61062409	 
-0.77985300	 -1.45848735	 0.47401767	 
0.63824259	 0.42000800	 -0.97604379	 
0.32057453	 -0.10635285	 0.39849753	 
-1.66355445	 -0.85763354	 1.50953833	 
0.76766128	 -0.52281294	 1.03141733	 
-0.04022195	 -0.36576031	 0.82928109	 
0.12194694	 -0.71665009	 0.17857198	 
0.11771868	 -0.56501164	 -0.02744797	 
1.35532555	 -0.51357363	 0.70273973	 
0.65873120	 0.38556835	 -0.52060720	 
-0.87585747	 0.10458100	 2.09892713	 
1.76910916	 -0.24554626	 0.74565014	 
-0.12368105	 0.08184736	 0.30392358	 
-0.19645589	 -0.04479894	 -0.08183159	 
-0.43112357	 -2.29912481	 -0.82786064	 
-0.74728670	 -0.33778243	 0.73585539	 
-0.46314200	 -1.76648827	 -1.33165794	 
-1.06503473	 0.94638088	 -0.48011698	 
0.77377915	 -0.78182370	 0.50535646	 
-0.07154992	 0.04092395	 -0.29980986	 
0.04279550	 -0.62668144	 0.50967090	 
2.02657342	 2.75270888	 -0.15757296	 
-1.14197063	 0.32770993	 -0.76968569	 
0.12060470	 0.62100472	 0.68317694	 
0.84278259	 0.93104932	 1.58382041	 
-1.76708285	 -0.16832313	 -0.46661419	 
-0.74682024	 0.71501972	 2.23305991	 
-1.07043932	 0.04075711	 -0.63392342	 
0.11247528	 -1.67460327	 -0.04674754	 
0.21994488	 -0.80030581	 0.62901282	 
1.12556602	 2.04817899	 -0.14841449	 
0.69939324	 -1.01511343	 0.91071674	 
-0.07189389	 0.15950426	 -0.22476708	 
-0.65256228	 0.28636635	 0.61515776	 
-0.32606278	 1.79095396	 2.34847976	 
-0.22368383	 0.85348213	 -0.81459625	 
-0.40035845	 -0.32675608	 -0.34817889	 
-0.88440521	 0.45955588	 -0.97102847	 
1.91520876	 0.07550860	 0.94862065	 
0.58592501	 -2.19942394	 -0.72105916	 
-0.12826259	 0.97953982	 1.15000233	 
2.03108253	 0.47362360	 -0.97185511	 
-0.11567278	 0.62149996	 0.98191604	 
0.98213030	 -0.12937519	 -0.19523197	 
1.00881560	 1.00357141	 0.98946954	 
2.43411255	 -1.16636383	 1.61883472	 
0.42490024	 -1.62575026	 -1.13792152	 
-0.19707216	 -0.96889131	 -0.12997548	 
-0.39279167	 -1.49009436	 -1.43519764	 
-0.35761079	 -1.04578341	 0.87446354	 
-1.90178719	 -0.02161661	 -0.30093926	 
0.82481317	 -0.06362926	 -0.33917915	 
-0.58289005	 0.62790018	 0.63606991	 
-2.04179179	 1.25360989	 -1.56407883	 
1.51868862	 -0.31788767	 0.93432596	 
0.81670936	 -0.29502420	 0.05006677	 
-0.18167097	 -0.30122824	 0.25840893	 
-0.46298033	 -0.55515216	 -1.05207559	 
-2.07113889	 -0.86116036	 0.84150211	 
-0.72565491	 -0.92577295	 -1.18877239	 
0.34010375	 0.44134283	 0.71565622	 
-1.65328386	 1.41650944	 1.56459570	 
-0.08520819	 -0.55465123	 0.22716744	 
0.12401539	 -0.05003804	 0.77265578	 
-0.50708872	 1.10231932	 -1.68210689	 
-0.40372791	 -0.58904780	 -0.76209751	 
-0.48603716	 -0.05156995	 2.28990559	 
-0.35652940	 0.15230537	 -0.23318424	 
0.43719526	 0.27306848	 -0.28017564	 
-1.19826087	 0.65616035	 1.64786335	 
-0.29430123	 -0.57637630	 -0.35692983	 
-0.31268271	 0.45625240	 0.48855820	 
1.85842453	 0.06878916	 0.04873419	 
-0.06000080	 -0.06886035	 -0.13676393	 
-1.48197659	 -1.12060310	 0.26524233	 
0.38337027	 -0.70197922	 -0.17430911	 
0.08681532	 -0.06259715	 0.14975666	 
0.27704438	 0.08151704	 0.65986363	 
-0.07548914	 -0.09267115	 -1.31149078	 
1.15500783	 0.39483634	 -0.23461761	 
-0.16770281	 0.43379208	 -0.91837705	 
-0.43703439	 0.72134587	 0.34720074	 
-1.14005806	 0.16293744	 1.96302854	 
0.88677373	 -0.23317767	 0.33174751	 
0.55331382	 -1.85387803	 0.58546990	 
0.15797375	 -0.85009156	 -0.48894076	 
-3.21119153	 1.32266545	 -0.80693754	 
0.12733981	 -0.25917873	 -0.52725656	 
0.31666885	 -0.30848412	 1.54203294	 
0.22608956	 -1.06050267	 -0.05455409	 
1.05749327	 0.46372050	 0.89548814	 
0.60281035	 0.86081017	 -0.02066957	 
-0.27256178	 0.63039727	 1.28484193	 
0.92541153	 1.60717208	 -1.09347144	 
0.41662713	 0.01919620	 1.24463390	 
0.83749968	 -1.17336078	 -2.62861000	 
0.55876343	 1.06253467	 -0.27334060	 
-0.57959408	 0.50597396	 0.68332721	 
0.62399528	 -2.58587962	 0.70874191	 
-0.43304562	 0.62687394	 -0.14238595	 
1.30491334	 -0.29814253	 -0.57920160	 
0.54474397	 0.79971513	 -0.94544318	 
0.12578655	 0.47119871	 -1.26623211	 
-0.34216205	 0.16632570	 0.21081754	 
-0.33604428	 0.36609369	 -0.52268844	 
0.10496453	 -2.05554833	 2.30518424	 
0.35282780	 1.46534693	 -0.14445188	 
0.39156413	 -0.11228775	 0.32707824	 
0.85535135	 0.23023589	 0.96892895	 
-2.89557194	 -1.09071012	 2.91857193	 
-0.35732556	 1.33946430	 -0.14174006	 
-0.72214216	 0.10143735	 0.09719222	 
0.29028462	 0.28454371	 -0.38268861	 
-0.48504211	 0.43323545	 -0.53901291	 
-1.00791834	 0.27513005	 -0.89291533	 
-0.87587607	 -0.82120334	 1.47563596	 
-0.48218365	 0.87934233	 0.19391071	 
0.88630748	 -0.21927177	 0.95377024	 
-2.10631040	 -1.26895346	 0.11716373	 
-0.87572793	 -1.40133604	 0.16072126	 
-1.22035688	 -3.02407675	 -1.85602329	 
-0.03552092	 -0.63982218	 -0.45090783	 
0.27864256	 -0.32548263	 -0.52349739	 
2.18391031	 0.89994564	 1.59363514	 
0.68476066	 0.74546570	 -2.42702585	 
0.67992292	 -0.92178281	 -0.19228684	 
-0.07528761	 0.45829335	 0.13078738	 
-0.90448180	 1.03138436	 -1.16662318	 
1.89336557	 0.97211175	 -0.46416129	 
-0.15461602	 -0.99615248	 -0.56790678	 
-0.93049027	 -0.43302398	 0.83735798	 
0.04149273	 -0.16152021	 -0.33573007	 
0.71250506	 -0.71314146	 -0.75484810	 
1.12402719	 0.45503600	 -0.55484255	 
0.81865547	 -0.30305532	 0.75938664	 
-0.33471546	 0.34685580	 -0.08781527	 
0.38782091	 0.24473459	 -0.53967040	 
0.81419861	 0.32419308	 -1.62550997	 
-0.97156136	 1.29961521	 -0.25578810	 
-0.23710564	 1.31727265	 -1.14842721	 
0.20692747	 0.31553141	 -0.56893406	 
0.90101999	 0.42018935	 -1.70047608	 
-1.46218924	 -0.82281763	 0.80618720	 
-0.80116472	 -1.11540683	 0.28062387	 
-0.40821627	 0.57851905	 0.26092377	 
0.10086562	 -0.37866723	 0.10423236	 
0.08554028	 -0.42879599	 -0.70686807	 
-0.23653320	 0.16501643	 0.98843840	 
0.45854320	 0.13459930	 -0.03189337	 
0.20751577	 0.52442721	 -0.27286191	 
1.74560035	 -1.81357606	 1.58389670	 
-0.44865639	 -0.05654093	 0.25202397	 
0.14477914	 0.99400244	 -1.02652253	 
0.58725534	 0.71130389	 0.72500849	 
2.15699789	 0.45035608	 -0.85000255	 
1.37125917	 0.13973284	 -0.03591293	 
-0.20127294	 0.45223232	 -0.40585100	 
0.58667270	 -0.29226850	 -0.63219545	 
0.66620703	 0.19961399	 0.03790866	 
0.44843535	 -0.20684450	 0.01384432	 
0.03905584	 -1.53040250	 -1.03809761	 
-0.65476976	 -2.14832346	 -1.25002532	 
-0.44586822	 -1.96049412	 -1.22607942	 
2.34502387	 -0.36553310	 -0.12636988	 
-1.05833520	 -0.77179457	 0.54819805	 
1.88581082	 0.35408896	 0.76278355	 
-1.12615072	 0.33701378	 -0.16129708	 
-0.78814941	 1.21847673	 -1.05673419	 
1.32180088	 -0.04250648	 0.75566424	 
-0.38131353	 0.28859348	 -2.36422036	 
-1.93046759	 0.38631095	 -0.25559903	 
-1.68771517	 0.29772674	 0.56338750	 
-2.45434086	 0.96517385	 -0.26754601	 
-0.11701987	 1.29822757	 0.41468106	 
0.18148727	 0.45434441	 -0.74719790	 
-0.75942591	 -0.09799898	 0.31400669	 
-0.65348713	 -0.07365589	 0.18168977	 
0.92035521	 -0.32194231	 -0.00639746	 
-1.26619565	 -1.83398659	 2.95456786	 
-0.24281054	 0.38056661	 0.90787397	 
0.63352678	 -0.63622640	 1.15443410	 
-1.01444117	 -0.55345549	 0.16170700	 
1.60217214	 0.83903843	 -0.09679945	 
-0.25873654	 0.77993614	 1.09993884	 
-1.34688763	 2.73714729	 -4.57929571	 
0.31348537	 -1.19319965	 3.11531983	 
0.26080235	 -0.36084878	 0.43293353	 
-0.58688641	 0.52103074	 -0.73273485	 
0.56385031	 -2.65077495	 -1.74654402	 
-0.33998578	 -0.57254142	 -0.71872496	 
-0.49741490	 0.64692934	 0.42425559	 
-1.46473928	 -1.66172771	 0.35102320	 
0.17991307	 0.64927487	 -0.75572500	 
0.61202106	 -0.59213040	 -0.82211834	 
-1.33940095	 2.18700927	 -0.98592708	 
1.37369078	 -1.34868049	 -2.13026073	 
-0.50442670	 0.31322653	 0.28920489	 
1.56075843	 0.05089639	 0.15602860	 
0.35838202	 0.24791953	 -0.18027231	 
0.98262240	 -0.94283252	 -0.33773229	 
-1.06464632	 -1.00610566	 -0.21414771	 
-0.52307618	 -0.90605498	 -0.01462511	 
-2.23089417	 0.57250221	 -1.49982804	 
-0.90921445	 0.69928508	 -0.41681027	 
-0.11678973	 -0.10155960	 0.06514105	 
-0.36123541	 -0.89387986	 1.26806026	 
-1.87372967	 -0.80072987	 1.15329940	 
-2.30115131	 0.71364541	 -0.10530081	 
0.31386773	 0.23046677	 -0.53783177	 
0.00391680	 -1.10731150	 0.33207252	 
-1.01539841	 1.04111256	 -0.35904671	 
0.57844097	 -0.21977105	 -0.29124280	 
-0.42143255	 -0.09783716	 0.40611095	 
0.22605473	 0.62560847	 -0.45940084	 
0.44804405	 -0.17372527	 0.44402316	 
0.43267215	 -0.08366141	 -1.03284424	 
0.25377043	 -0.60332275	 0.47586007	 
-1.80174802	 0.59388886	 1.66996900	 
-0.36324999	 -0.74342589	 -0.37957073	 
-1.61643132	 -1.38259389	 1.03813111	 
0.64334244	 -0.97346483	 1.08244128	 
-0.65515975	 -0.66297530	 0.01581544	 
-0.39761516	 0.51823214	 -0.53381847	 
-0.12120698	 0.78323417	 -1.03932322	 
-0.01025987	 -0.93721939	 -0.02429152	 
-0.37685190	 -0.74346057	 -0.19792340	 
0.09348019	 -0.08753745	 -0.05672377	 
0.13761410	 0.68752105	 -0.59486673	 
2.45911848	 0.45165031	 -1.26123012	 
1.06074298	 -0.05957614	 -0.73079267	 
-0.07186395	 -0.95612331	 0.18086350	 
-1.47917434	 0.27918580	 1.28172657	 
1.57922541	 -0.31368234	 0.35928423	 
-0.65316545	 0.15038459	 0.46858523	 
-0.30113231	 0.15996119	 0.82403653	 
0.24452134	 0.68685618	 -0.27430764	 
-2.21054430	 -0.85764465	 -0.79530683	 
-0.04933054	 1.65095701	 1.01949597	 
1.72289870	 1.22897494	 -1.15000809	 
-0.66255879	 -0.86476375	 -1.11134646	 
0.33779653	 0.13515711	 -1.23368504	 
1.52590813	 0.78720511	 -0.75721356	 
0.15625006	 0.71512372	 -0.15891548	 
0.17589772	 -0.67444223	 0.76376465	 
0.20299141	 0.39438858	 -0.03267915	 
0.17594575	 -0.20689355	 -0.45227152	 
0.33111742	 0.87371983	 -0.87194869	 
0.23151486	 0.17296961	 0.36864724	 
-1.56058176	 -0.32620159	 1.50172239	 
-0.09273803	 -0.99404502	 0.35924149	 
1.01976435	 2.10069736	 -0.33756974	 
-0.37059367	 0.86115883	 -1.27656156	 
1.64923124	 -2.01703529	 -0.92237440	 
0.26788255	 -0.00532654	 0.71055825	 
-0.86931798	 0.11299653	 0.81873831	 
-0.09689317	 -1.08417450	 -1.21586701	 
0.79653994	 1.86152215	 -0.40764874	 
-0.25942589	 0.03141174	 -0.33596365	 
-1.68164380	 -0.51757923	 -0.75083804	 
0.22173080	 -0.60009518	 -3.39699958	 
-1.36721416	 0.40627451	 -0.94544638	 
0.98702767	 0.25870813	 -1.28792054	 
0.90932355	 -0.22072844	 -0.23697177	 
0.91493301	 1.89968866	 0.57156343	 
-0.22811798	 0.03640524	 -0.26474485	 
0.37854065	 1.20468674	 0.26166710	 
-0.57027393	 0.71277000	 2.99261098	 
-0.01712269	 -0.17760106	 0.22278403	 
-1.11991376	 0.97667901	 2.77044999	 
0.31554253	 -0.03167620	 -0.46715835	 
0.24506348	 0.03814600	 0.50160976	 
0.43513549	 0.23193642	 0.37755824	 
1.44797226	 -3.15421195	 -0.69947119	 
-1.70398852	 1.71015756	 0.11199383	 
0.57331692	 0.54049644	 -0.44029188	 
1.04623862	 -0.25800732	 0.05713780	 
-1.74900195	 -0.26193096	 -0.07395212	 
2.21747297	 -0.08382811	 0.20990070	 
-0.38746970	 -0.24027638	 -0.16586638	 
-0.29184847	 -0.17998771	 -0.15594527	 
-0.20001653	 -0.25270035	 -0.49045616	 
1.29005497	 -1.75541588	 0.74994082	 
-1.28157184	 0.24459568	 0.91985725	 
-0.01314227	 0.64908467	 0.84456705	 
-3.35373458	 -0.33163939	 1.05859044	 
-0.23582563	 -1.94798105	 0.56984990	 
1.25509386	 0.08851920	 -0.51740734	 
-0.14787649	 0.20926436	 -0.56680639	 
-1.14081103	 -0.96145472	 -0.17413103	 
-1.33933473	 -2.60684813	 -1.16458566	 
1.18436674	 -0.77537041	 -0.87105417	 
-0.14644648	 -1.30498478	 0.98060222	 
0.37384734	 0.84440747	 -0.24558079	 
-0.59634870	 0.19423781	 0.75644255	 
-0.18487020	 0.67854547	 -0.43209191	 
-0.66557448	 2.13162674	 0.03505735	 
0.55419192	 0.36082622	 0.57206956	 
-0.67557574	 -0.96286214	 0.25857940	 
0.49713185	 -0.24771082	 -0.44637896	 
0.72552963	 -0.90984680	 -0.32037789	 
0.85638842	 1.72488147	 0.58124725	 
-0.06786281	 0.18893830	 0.63587624	 
1.07649181	 -1.11842697	 -0.80261265	 
0.30086871	 -0.29380849	 1.04172148	 
-0.69041516	 0.62713939	 -1.28009510	 
-0.39018090	 -0.37784789	 0.10347929	 
0.47908003	 0.00901851	 0.41953686	 
-1.26080280	 -1.63275652	 -1.36586453	 
0.00052925	 1.49294485	 -0.22453425	 
-0.24581281	 0.43650456	 -0.33287436	 
-0.17175440	 0.30242226	 -1.02039780	 
0.14755031	 0.01147796	 0.16921232	 
0.63932596	 0.60516009	 0.08070269	 
0.75244000	 0.20788062	 1.77479001	 
-0.13661734	 0.33190807	 -0.19967246	 
-0.49750072	 -0.77280667	 0.26362863	 
-0.48167985	 -0.76714856	 0.48002066	 
0.28427730	 0.25098312	 0.04670307	 
0.59387230	 -0.69236286	 -0.11997591	 
0.93459816	 0.37334919	 0.53480834	 
-0.66954909	 -0.69425305	 0.62733792	 
0.83100928	 -0.44502545	 -0.63434425	 
-1.40010960	 -0.50987453	 0.98747026	 
0.04543698	 -0.13603367	 0.51682621	 
-0.19002746	 0.22565910	 0.01857261	 
-0.05027408	 -1.59100020	 0.02146712	 
-0.45261593	 0.11739520	 -0.25623810	 
0.32978654	 0.74564630	 -0.24345586	 
1.04261905	 2.32317446	 0.66165105	 
0.41266809	 -0.59041683	 -2.52173883	 
0.42551030	 -1.08323317	 0.16238024	 
0.15508650	 -0.92206234	 -0.32766539	 
0.88679209	 -1.93975659	 0.31550577	 
-1.08028475	 0.58812855	 -1.83784962	 
0.03939040	 -0.05962854	 -0.00939556	 
1.65018489	 1.53115223	 -1.23851671	 
-1.12713919	 0.77155219	 -0.71079743	 
-0.11526124	 -0.78292423	 -0.94056338	 
-0.26415723	 -0.34939929	 -0.57495211	 
2.00201533	 -0.45521884	 1.39546484	 
-0.56261818	 0.23200027	 0.14512807	 
-0.49159234	 0.66213459	 -0.13810889	 
0.38206092	 0.85991495	 1.81046461	 
-0.43418162	 -0.21562685	 -0.45142530	 
0.30429569	 0.46678829	 0.17442286	 
0.26960707	 -0.59812203	 0.31173293	 
-0.66582924	 -0.62666224	 -0.06173794	 
-1.31712608	 -0.60349995	 1.51893986	 
0.31189996	 -0.22061207	 1.00256192	 
-0.32120314	 0.43266789	 -0.10496368	 
0.33598229	 -0.29398649	 0.24353027	 
0.43817387	 1.10812997	 1.09930595	 
1.97279300	 0.28748440	 -0.23783955	 
0.37005186	 -0.57420873	 -0.57161718	 
-0.14719894	 0.67613698	 -0.84612483	 
1.25949039	 -1.14130304	 -0.90790086	 
-0.54279208	 -0.23711068	 -0.27502440	 
-0.81754668	 0.35650205	 0.91809759	 
-0.33335951	 -0.59952404	 -0.42104750	 
0.11673929	 0.35277066	 -0.12869902	 
-0.11881774	 -1.02149732	 -0.86083976	 
-0.75534825	 -0.68737919	 -0.33197312	 
-0.08856816	 1.13007462	 0.97630114	 
0.28937190	 0.43568617	 -0.16085544	 
1.43680839	 0.24173308	 2.15346144	 
0.16532380	 -0.03170480	 -2.00960442	 
0.58947090	 -0.14164768	 -0.76847415	 
-0.21864500	 -0.38514205	 -1.79726918	 
-0.53929530	 0.55751618	 -0.15179547	 
0.44458631	 -0.72653446	 -0.09639248	 
0.62064106	 -0.93704053	 -0.52555057	 
-0.45090864	 0.79010444	 2.04412203	 
-0.05850337	 0.90871244	 -0.13259066	 
2.87520093	 2.98643397	 -3.45908527	 
-1.49232026	 0.65419484	 -0.56414247	 
0.20776845	 0.16642311	 0.86345576	 
-0.31516859	 0.07337209	 -2.03902113	 
0.50650987	 -0.95765468	 -0.12735373	 
-0.77600484	 0.26484076	 -0.59301409	 
-0.61054654	 -1.58620478	 0.13425783	 
-0.78379038	 0.37722395	 -1.04146934	 
-1.78287651	 -0.05784265	 -0.70926003	 
-0.01061932	 -2.60772699	 0.97258776	 
0.23217078	 -1.93835192	 -0.42971757	 
-0.39079658	 0.51884040	 -0.43709555	 
0.24681739	 -0.50675448	 -1.34651135	 
-0.34633445	 -0.41355740	 -0.17191250	 
-0.55783470	 -0.33406950	 0.21053295	 
0.91765251	 1.52418859	 -0.80490268	 
0.78443697	 -0.64035404	 0.60755574	 
0.28061730	 -0.36459271	 0.49096112	 
-0.78373687	 -2.23158828	 0.44867091	 
-0.31544092	 1.05678331	 0.12814966	 
-0.91097700	 0.33908669	 -1.09045960	 
-0.52789358	 2.18234624	 -1.02803435	 
0.62011818	 0.95179154	 0.57285072	 
0.59704469	 1.08868921	 -0.07237616	 
0.26281739	 1.61654017	 0.25593294	 
-0.57948122	 1.75377014	 -0.59821227	 
0.18044389	 -1.49459135	 2.70450914	 
0.01264749	 0.83230406	 -0.99204908	 
4.20803110	 0.42527234	 1.04189243	 
-1.09700205	 -0.20481304	 -0.81627018	 
0.85254516	 -0.60930474	 -0.22664757	 
0.40237752	 0.42121421	 0.12778014	 
-0.09582436	 0.88169141	 -1.00500459	 
0.05899504	 -0.08239054	 0.59907203	 
-2.56411395	 -0.62000091	 -0.50602388	 
-0.46567113	 -0.37980860	 -0.26796524	 
0.64860768	 -1.98247808	 2.11526633	 
-0.57821393	 1.17778552	 0.86433793	 
-1.15363318	 -0.94202033	 -0.43435101	 
0.38013591	 0.49352782	 -0.16937259	 
-0.46995836	 -0.38980682	 0.51576624	 
0.48735063	 -0.21640420	 0.53426240	 
0.65782273	 0.80719261	 -1.65288277	 
0.34354841	 1.80636037	 -0.88089965	 
0.15286197	 0.09182252	 1.90888630	 
-0.53371080	 0.48026744	 -0.28215401	 
0.97388269	 -3.30018769	 0.82564463	 
0.60742988	 -0.68771004	 -0.33460176	 
-0.90648283	 -0.53360206	 0.59401828	 
0.27821178	 0.59315582	 -0.00839955	 
1.27881268	 -0.22716045	 -0.26935456	 
-0.14387982	 0.66640859	 -1.46762164	 
0.87390561	 0.00007695	 -0.22041256	 
-1.84526189	 0.13121880	 0.66855242	 
-0.35708842	 1.56868556	 -0.71872918	 
-0.41667464	 0.28510734	 -0.01273097	 
0.90583477	 0.48513753	 0.30540858	 
-1.01011507	 -0.66829810	 1.35561803	 
-0.16752391	 1.21967491	 0.86087867	 
0.32731490	 0.72470221	 -1.62013286	 
0.75796362	 0.17528613	 0.48216809	 
-2.39629861	 -1.19546371	 -1.61521615	 
-0.11680927	 -0.21878100	 -0.15159232	 
0.40556584	 -0.37631912	 -0.90341149	 
-0.99379880	 0.95129953	 -0.11543016	 
-0.81550221	 -3.28720873	 -0.88558377	 
0.30867246	 -0.20393577	 0.04161200	 
-0.26662768	 -0.75862852	 0.74683212	 
0.31483370	 0.09074678	 -0.04179785	 
-0.07891595	 0.18956829	 0.41211788	 
-0.49254964	 -1.24556700	 0.97106404	 
1.18421034	 -0.74198558	 -1.51865819	 
-0.06926907	 0.28750128	 0.84095574	 
-0.34747528	 -0.08138064	 -0.64877992	 
-1.26133559	 0.00655523	 -0.42290866	 
1.88589324	 -2.07427589	 -0.99770715	 
0.59934988	 0.94371527	 -0.07921104	 
0.58580619	 -0.70025223	 -0.85371664	 
-0.07543536	 1.15532243	 0.11825200	 
0.23040831	 0.31856555	 0.20027392	 
-0.37456818	 -0.25344710	 -0.78995226	 
-0.52358213	 -0.51559876	 0.03086006	 
-1.07128135	 -0.81437302	 -1.47092622	 
-0.12012588	 0.22173871	 -0.32074221	 
-0.65340117	 1.25532906	 0.31462478	 
0.50431891	 -0.65819619	 1.31205058	 
-0.05588189	 0.21760524	 0.42512807	 
0.07962921	 0.63653093	 0.46542431	 
-0.55922985	 0.23762179	 0.28607059	 
-1.19533474	 0.09849086	 -1.17768925	 
0.38080938	 -0.70785671	 -0.00433177	 
1.23668933	 -2.53152458	 0.27017065	 
-1.88968984	 -1.07922314	 0.28499262	 
0.26533988	 1.84192132	 0.06243159	 
-1.37697773	 -0.67390799	 0.76114238	 
-0.10338336	 0.90365515	 -0.15981723	 
-0.10763344	 -0.05469951	 0.67160722	 
-0.48044347	 -0.65253320	 -0.40464605	 
-0.06720754	 -0.47994588	 -0.24648162	 
-0.52395763	 -1.34214448	 1.12290040	 
0.57851815	 -0.30530586	 -0.18708142	 
0.70626466	 -0.07311656	 -0.05679052	 
0.46268676	 0.15417854	 0.78410001	 
2.39824295	 0.72278484	 0.11084383	 
-1.79282191	 -0.47844651	 -0.59999384	 
1.10496982	 -0.13586807	 -0.92613255	 
0.00426739	 -0.44890474	 -0.78999127	 
-0.03034715	 4.62193759	 0.04547196	 
-0.33907572	 -0.33468159	 -0.10597360	 
-0.41207738	 -0.13706739	 -0.00070433	 
-1.56424713	 -0.21768891	 -0.33991076	 
0.72687407	 0.10505502	 1.41111066	 
0.29267243	 -2.82245283	 -0.67977711	 
0.36066497	 -0.04246545	 2.32622541	 
-0.64930512	 -0.36767735	 1.46301712	 
0.22985067	 -0.50720684	 0.31487050	 
-0.00607495	 -1.71458842	 -0.12446145	 
1.13798338	 -0.30134980	 0.16864361	 
0.54187970	 -0.14603595	 0.07427624	 
3.41625910	 -0.78779202	 0.76375327	 
-2.48837839	 -1.52312653	 0.02712239	 
-0.18814081	 -1.79488364	 0.64063963	 
-0.04179345	 0.69731619	 1.21353938	 
-0.26927086	 0.09200364	 0.14866401	 
0.46251670	 -0.44778559	 -1.37869064	 
-0.65477708	 0.14728845	 2.81402802	 
-0.36482150	 -0.46393609	 -0.12469046	 
-0.00473010	 -1.59639038	 -1.83699908	 
-1.30122008	 -0.18282107	 -0.73434723	 
1.37925372	 0.25295494	 0.38883459	 
1.16491948	 0.79705510	 0.74449335	 
0.78212010	 0.60520781	 -0.49494381	 
-0.14823372	 1.54816294	 2.11519370	 
-0.01010237	 0.60694987	 -0.44970421	 
1.23635256	 -0.90447768	 0.65257180	 
-0.87058882	 0.80337939	 0.47249346	 
-0.12917635	 -1.12550911	 -0.67164909	 
-0.15819471	 -0.59990129	 -0.20666180	 
-0.13915518	 -0.06100553	 -0.06683860	 
0.11114276	 0.05627424	 -0.21131927	 
-0.56629276	 -0.94010266	 -0.15532346	 
2.14967529	 0.68278278	 1.42216574	 
-1.82917726	 1.58130689	 -2.23091710	 
-0.26247577	 -0.48929692	 -2.11797062	 
0.01715344	 -0.98563161	 0.79337896	 
0.19280087	 -2.87111940	 -1.36920275	 
-0.13321481	 0.05119709	 -0.49210705	 
1.11323364	 -0.17176838	 -0.51237332	 
-0.31844874	 -0.63600401	 -0.27239200	 
2.31017767	 -0.45753725	 1.12965367	 
-1.52976748	 0.80270674	 0.29516504	 
-0.38668493	 -0.73739875	 0.19202390	 
-2.39217215	 -1.09599295	 -1.68156853	 
-1.35441167	 -1.84369462	 0.06880008	 
0.24615185	 -0.42059218	 -1.07681651	 
-0.97287187	 -0.24376730	 0.05028124	 
-0.40817492	 0.35536091	 0.46500667	 
1.95583569	 0.15443177	 0.45712360	 
-1.02214075	 -1.22144466	 -1.91719367	 
-0.97995408	 -0.07368718	 -0.88581283	 
-0.54415841	 0.98629982	 0.25686098	 
0.54211744	 -0.94909388	 0.45699638	 
0.43063099	 -0.45434007	 0.00905255	 
-0.31676338	 -0.12117774	 0.48249840	 
-0.49228379	 0.65604317	 -1.44708673	 
-2.50234496	 -1.83393691	 1.16299732	 
0.17642414	 0.04956680	 -0.33091095	 
-0.26611364	 -0.31480423	 -0.44840227	 
-0.45320321	 0.97968787	 -0.27745372	 
2.47406710	 0.28550527	 0.24456617	 
-0.56358727	 -0.49830278	 -0.46664309	 
1.57354524	 1.23671787	 -1.40005271	 
-0.32839097	 -0.16431945	 1.44139473	 
-0.21385822	 -0.64899695	 -0.60255517	 
0.55140518	 0.59868502	 -0.92460840	 
0.43722801	 0.04916646	 0.09315119	 
-2.62870643	 -0.76253437	 0.40536630	 
0.13155592	 1.04269648	 -1.01585800	 
0.70557771	 0.35500235	 0.30404508	 
0.15349378	 0.15000796	 0.30349230	 
-0.06872203	 -0.14731713	 0.43336636	 
-0.23759627	 -0.49218718	 0.60884815	 
0.92061373	 0.07489136	 -0.06703763	 
-1.86966062	 0.12656708	 -0.10533618	 
1.07355729	 1.02913439	 0.18031006	 
0.78948479	 0.50377567	 -0.97961105	 
0.98866514	 -0.19982822	 2.21521077	 
-0.73662362	 0.05849297	 -1.49321882	 
0.11770571	 0.73844134	 0.43823645	 
-1.54628185	 -0.52258074	 -2.89885242	 
-0.76819776	 -1.20836972	 1.24391299	 
0.55414753	 0.02032367	 0.72494371	 
2.67897524	 0.31971399	 -0.94284015	 
2.66584742	 2.21826592	 0.30144014	 
1.46308334	 0.31981695	 0.25139895	 
0.07629484	 -1.12303632	 -0.92568765	 
0.02005361	 -1.03037509	 -0.24497199	 
0.90174224	 -0.56943494	 0.11175598	 
0.08750415	 0.13213925	 -0.03537652	 
1.01981836	 -1.24616381	 -0.02575557	 
0.61466218	 1.56979916	 -0.75038753	 
-1.51460734	 -1.88256651	 0.44947633	 
0.97487131	 -0.75743796	 2.32283626	 
0.30763923	 0.10053456	 0.23718825	 
-0.55481175	 0.91560307	 0.62891968	 
2.00669407	 -0.21384513	 0.73662908	 
1.87997303	 -0.54056975	 -0.63636950	 
-0.24374081	 -2.20889245	 -1.06793060	 
-0.71060657	 -0.01918052	 0.21155126	 
0.84439154	 -0.92820893	 1.09698962	 
0.27910021	 0.27913167	 -0.22711529	 
0.70663802	 1.07305504	 -0.37336138	 
0.12280801	 -0.72681560	 0.06666295	 
-1.29718135	 -0.65830034	 1.59492321	 
0.07406590	 -0.59635738	 0.91151284	 
2.72970200	 1.63967438	 -1.32847345	 
0.34998733	 -0.25890208	 0.82035386	 
0.91412055	 1.09565144	 -1.83094151	 
1.17250532	 0.12557603	 -2.35980917	 
0.17368488	 0.73959410	 -0.24633594	 
-0.00070073	 0.96004838	 0.03555099	 
0.67620449	 1.34138107	 -1.74506648	 
-0.02689147	 3.35419945	 -0.05909496	 
0.08507687	 0.73404814	 -1.14844152	 
1.52007069	 1.25008458	 -0.55978268	 
-0.12988658	 -0.13285824	 -2.31071354	 
0.65701066	 1.27986573	 0.12515687	 
-1.81652415	 -2.46762753	 -2.44760201	 
-0.88621080	 -0.84241274	 1.12391675	 
-0.92492491	 -0.18910669	 0.03826337	 
-0.66727346	 0.19850709	 -0.38119678	 
-0.30873149	 -0.23365285	 0.08216060	 
-0.82778716	 0.40586182	 -0.36568146	 
-0.68898308	 0.07998365	 0.94983804	 
0.19846114	 1.04390243	 0.68874979	 
-2.32086150	 1.18635353	 0.18665960	 
0.15642363	 -0.15311041	 0.13179307	 
1.43426220	 -1.30247731	 -1.49445596	 
0.48999038	 -1.21713860	 -0.30565783	 
0.00505207	 -1.52509160	 -1.53353170	 
1.40506751	 0.37719271	 -0.37011279	 
0.28656345	 0.72946392	 -0.86523436	 
0.05699334	 -1.73331381	 1.20704316	 
-0.46316500	 0.50927210	 1.09935868	 
-0.29597246	 -0.19432311	 0.20175986	 
-0.04416133	 0.02994713	 -0.92442968	 
0.94238454	 -0.22061866	 -0.09711635	 
-0.01325184	 -0.50380493	 0.40555317	 
0.29150363	 -1.16097968	 -0.65888603	 
-0.42290377	 0.86169063	 0.36046279	 
-0.39905520	 0.38659029	 0.49349794	 
0.09918703	 -1.76582528	 -0.70943783	 
0.53535703	 -0.66273619	 0.17558476	 
-2.80982673	 1.54796208	 -1.76204262	 
-0.90889392	 -0.44577063	 -0.33028093	 
0.01616846	 1.02235089	 -1.21080425	 
0.86652169	 0.99006156	 0.17808475	 
-0.78816139	 -1.45452008	 -1.25617123	 
0.17197396	 1.83982578	 -0.79544061	 
-0.47626620	 -0.34474128	 0.51020772	 
-0.11718757	 -0.03599274	 0.00773691	 
-0.38630972	 0.26478123	 -1.52421598	 
0.36604150	 0.30859972	 0.72308137	 
-0.88937515	 -2.59020401	 1.24896235	 
2.29765540	 1.12570142	 0.52223873	 
0.07689151	 -1.02985865	 0.31692128	 
-0.05845530	 -0.29807171	 -0.80104486	 
-1.34874095	 -0.36465238	 -1.38978487	 
-0.55749543	 -2.38371765	 -2.17046996	 
-0.17455175	 -0.64123819	 -0.69686647	 
-0.79034695	 0.46606262	 -0.05391583	 
-1.88989994	 1.29203102	 -0.18141466	 
-1.58517885	 -0.66563347	 -1.57318673	 
-0.54151869	 0.94510697	 -1.50507548	 
1.19327412	 -0.54239185	 1.09529004	 
0.57312763	 0.92809361	 -0.42812220	 
-0.16831127	 -0.43894855	 2.07209452	 
-0.23214436	 1.64815026	 -1.50935992	 
0.26193460	 -0.07937744	 -0.66168778	 
-0.35143333	 2.17115526	 -0.87756862	 
-0.80039896	 -0.25353070	 0.65971118	 
0.02787104	 -0.01376183	 0.51192589	 
-0.07084612	 -0.96017095	 0.35996451	 
1.48321499	 -0.82887706	 -0.02579313	 
-0.03292220	 0.79922877	 0.05557108	 
0.87075961	 0.31563517	 -0.17109113	 
-0.91207635	 0.37864221	 0.85224337	 
-0.01593864	 1.31435928	 0.67431228	 
-0.82846567	 -1.00934468	 0.62355862	 
-0.63881117	 -0.40708476	 1.01627260	 
0.49084422	 -0.14232532	 -0.68861813	 
-1.66326522	 0.07128449	 0.55439071	 
0.91115630	 -0.55354922	 0.73644614	 
0.50467701	 -0.37136462	 -0.15851228	 
0.31271905	 -1.11054004	 0.13505604	 
-0.53100947	 0.49927655	 0.16783182	 
-0.76268230	 -0.70121504	 0.37286936	 
-0.03483218	 0.22947628	 0.66813640	 
0.09609403	 1.05944488	 -1.93890470	 
-1.30986870	 -0.74711028	 -0.94441926	 
-0.25448551	 0.44265046	 0.12060607	 
-0.12837801	 -0.67939896	 0.89637369	 
1.59409659	 0.73591035	 -2.67388279	 
-0.10627830	 -0.10800885	 0.01864211	 
0.16406574	 0.12605074	 0.34527545	 
-0.91612592	 -0.02570947	 0.60327285	 
0.57705303	 0.32252015	 1.77529690	 
0.36946754	 -1.30610432	 -0.21514492	 
0.51906673	 0.14167665	 -0.27145638	 
-0.17775201	 0.53216590	 0.71731409	 
0.04882279	 0.01433278	 -0.01982655	 
-0.16464264	 0.16291683	 0.19609849	 
-0.14876152	 0.21710788	 -0.34821627	 
-2.30606233	 -0.32189395	 -0.66504964	 
1.49811598	 -1.24947364	 1.99281236	 
0.07186341	 0.75448451	 1.06384374	 
0.05026820	 -0.73686902	 -0.36385407	 
-0.50039321	 0.62058935	 0.92864388	 
-0.96548077	 2.22576870	 0.12506406	 
1.75338921	 -1.09424386	 1.38747919	 
0.98138529	 -0.46316188	 0.34055807	 
0.61005765	 -0.68451296	 -0.83344738	 
0.44124204	 -1.25636601	 0.79774850	 
-0.85617927	 0.13851224	 0.41088967	 
-1.38611892	 0.36384755	 1.95868924	 
0.29991261	 0.87139482	 -0.45265743	 
1.11246988	 -2.61768983	 1.01650483	 
-0.79651376	 2.34088079	 0.17403286	 
-0.31094530	 0.16629259	 0.51706619	 
-0.20157956	 -0.32528767	 -0.05758300	 
1.64603434	 1.00135001	 -0.90055062	 
-0.48130683	 -0.08749449	 -0.02100647	 
0.42673444	 0.45512823	 -0.59437871	 
0.34610513	 0.44498426	 -0.93698382	 
-0.16273358	 0.40327558	 -0.39232469	 
1.49182511	 0.46349163	 -1.77483412	 
-0.98107727	 -0.99893620	 -0.24803869	 
-0.13243133	 -0.88710634	 -0.33233482	 
-1.38442872	 -1.12015462	 0.56406576	 
-1.27701604	 -1.98672515	 0.38267261	 
-0.72227190	 -0.54807270	 1.14387916	 
-0.02189853	 0.18779989	 -1.10808963	 
-1.16143736	 -1.16329844	 -0.26537327	 
1.34786871	 -0.22820183	 0.81801455	 
-0.90680280	 -0.22620198	 0.28745385	 
0.74257207	 0.27943250	 -0.30570504	 
1.18446842	 3.60287682	 2.13845172	 
0.35738576	 0.34916164	 1.78661443	 
1.35519820	 -0.01859759	 0.66281310	 
-1.26527454	 -0.19301060	 -0.36815335	 
-1.81264923	 0.77577914	 0.11475658	 
-0.62332180	 -0.93138604	 -0.18908365	 
1.51236016	 0.69209880	 -0.21738405	 
0.94113241	 1.31273676	 -1.28034974	 
0.28300509	 -0.98652371	 0.41536345	 
-0.62001626	 0.29391629	 0.41603017	 
-1.11801358	 -0.63120856	 -1.13898184	 
-0.65444666	 0.10909206	 0.65400978	 
0.64882351	 1.52461858	 -0.96288264	 
-0.70684523	 0.12839349	 -1.34578042	 
1.05277858	 -0.17683599	 -1.92227711	 
1.27728704	 -1.06423240	 -1.15540821	 
-0.68663762	 -2.54238389	 0.15168709	 
0.14785752	 0.00484000	 0.18605641	 
-0.25321870	 -0.25880681	 -0.22256326	 
-0.78208764	 1.24994957	 1.06495620	 
-0.03891165	 0.65178398	 0.44261961	 
1.15380583	 1.76205777	 0.06781343	 
-0.46258686	 0.40081725	 2.34166377	 
0.06224198	 0.06487776	 0.31882654	 
-0.04352760	 -0.95682023	 -0.16950421	 
0.37224080	 1.04909712	 -1.38817828	 
-0.88413018	 3.05150584	 -0.83655488	 
0.20424965	 0.18595228	 2.80506465	 
0.09913680	 -1.34362587	 1.66645689	 
1.37118663	 0.17892131	 1.26128914	 
-0.86466795	 -1.03847661	 -0.90247077	 
0.62627804	 -0.26031265	 1.48894980	 
-0.33003448	 0.15254371	 -0.18125367	 
2.41857953	 -0.74501173	 1.80724463	 
-0.72549714	 -1.33858732	 -0.53375442	 
-0.14953951	 -0.82760740	 0.08101710	 
-1.12201670	 0.73458930	 -1.45071323	 
0.70485454	 -0.89291493	 -0.73820031	 
0.22065906	 -0.56978724	 -0.20930524	 
0.14056992	 0.08032834	 0.65455351	 
0.00296332	 -0.55504359	 0.86670465	 
0.48653825	 -0.21072634	 -0.19991948	 
-1.27504528	 1.49435493	 -0.30236391	 
0.36082461	 0.61199779	 0.01256843	 
0.69175247	 -0.32312110	 -0.34513773	 
-0.55625744	 -1.00605460	 -1.32717970	 
-0.31287340	 -0.39551217	 1.79405319	 
0.62874692	 0.25507891	 -0.23280777	 
-0.01635987	 -1.02056655	 -0.97248306	 
1.28868189	 0.81167776	 -0.66663470	 
0.45789441	 3.53982788	 0.75481836	 
-0.37530841	 -0.54281238	 1.25938754	 
1.60819091	 -0.05212089	 -1.96439618	 
-2.09182538	 2.76818804	 -2.94318029	 
-1.12501007	 -0.46526161	 -1.43440924	 
-0.70250847	 -0.76428307	 0.32626459	 
0.27311171	 0.61172833	 0.33163078	 
-0.04941287	 -2.00816620	 0.96844709	 
0.04888803	 0.14765469	 -0.13083110	 
-0.99748341	 0.59387671	 1.20422927	 
0.78497833	 -1.45075509	 0.78431511	 
-0.30511559	 1.89875832	 -0.84574974	 
0.90556932	 0.63374304	 0.48387181	 
2.05297471	 -1.90184686	 -0.05727508	 
-1.33024506	 -1.33158716	 -0.87270335	 
0.87401494	 1.08376863	 1.05801108	 
0.19061222	 -0.04895200	 0.20823499	 
0.48486331	 0.07875514	 0.10754953	 
-0.67464299	 -0.76458586	 -0.29349729	 
0.33330785	 0.33326163	 0.87275726	 
-1.73503532	 -1.05332478	 -1.57621373	 
-0.27465263	 0.29427861	 -0.07889964	 
0.22609160	 0.81318161	 0.10081836	 
-0.51941274	 -0.35519294	 1.30113665	 
-0.51548379	 0.67043283	 0.03441138	 
-0.40086897	 0.06302017	 0.13123576	 
0.40126615	 0.44868184	 0.19991068	 
-2.31062966	 -0.24511434	 0.61286882	 
0.70465855	 0.64901234	 -0.09699440	 
-0.65944215	 0.08638057	 1.76494839	 
1.83493579	 1.72400823	 -0.21851605	 
0.25252793	 -0.47889790	 0.00340670	 
0.45935235	 -2.05557988	 -1.85324735	 
-0.61573506	 -0.36142651	 0.51898677	 
-0.17107174	 0.58989500	 -0.94695954	 
-0.92458472	 -0.56116068	 0.42754409	 
-0.27796116	 0.14702163	 0.40535858	 
-0.54163911	 1.23150057	 0.08123083	 
-0.03088767	 3.08796152	 -1.64768277	 
-0.75794537	 -0.59953440	 0.08034376	 
0.30720842	 -0.61311646	 -1.56624289	 
-0.12433448	 0.26305395	 -0.89063207	 
-0.43204963	 1.89717621	 -0.49710198	 
-0.97239562	 1.41735568	 0.46311360	 
-0.59496451	 1.48558209	 -0.23676484	 
0.12956231	 -0.62083859	 -0.50885010	 
-0.13077013	 -0.42296394	 -0.03509828	 
-0.58370615	 -0.04705191	 -2.52245782	 
0.30874333	 -0.30863966	 0.33398011	 
1.87243603	 -0.34695385	 1.58070849	 
0.04514707	 -0.10820555	 1.30103027	 
0.32681215	 -2.34561018	 0.42301743	 
1.24377397	 -0.96507919	 0.06354744	 
0.75318200	 1.49903905	 -0.78576481	 
-0.88841367	 1.82967270	 2.37251309	 
-0.79463212	 0.26067835	 -1.03441850	 
-0.03508335	 -0.84315478	 0.35576238	 
-1.42903424	 -1.96261369	 1.44233410	 
1.03943294	 2.45270166	 0.20581788	 
-0.04654359	 0.52368371	 0.45333276	 
1.74143286	 0.86098762	 -0.57457053	 
0.37208402	 0.25249848	 0.10749011	 
0.39890697	 0.28051294	 0.23579243	 
1.92329210	 1.24717074	 -0.83894855	 
-0.27823393	 -0.03111051	 0.32238249	 
1.10910692	 -2.66327603	 -1.10617841	 
0.90423057	 0.85594782	 1.07228004	 
0.23731392	 -0.21670160	 0.09908579	 
0.72669089	 -0.31425401	 0.96399838	 
-1.90002722	 -0.49379051	 -0.55508728	 
0.83255363	 -0.56166345	 2.88334556	 
-0.88110293	 -0.24968583	 -0.81705030	 
-1.09044467	 0.42838685	 2.89897766	 
0.65171903	 -0.95421240	 -0.16237442	 
1.06836167	 -1.29706889	 0.93349081	 
0.28514105	 1.67386896	 2.23547161	 
-0.86271359	 -1.02558059	 0.47497117	 
-0.28883924	 1.51179121	 0.67553976	 
1.31878214	 -1.43982815	 1.43925591	 
0.44122513	 -0.77204686	 -2.21789055	 
1.87930786	 -0.56303072	 0.71411862	 
0.51341026	 -0.40987632	 -1.52147028	 
-0.11709141	 -0.15635621	 0.29894021	 
-1.29405645	 0.66615970	 -0.64113091	 
-0.86787332	 -0.91625020	 -1.35731638	 
-0.23791850	 0.01660112	 -0.14027984	 
0.42904191	 0.08689283	 -0.81550778	 
-0.87026305	 0.03341466	 -1.08134028	 
-2.37057007	 -0.27235309	 -0.27944530	 
-0.41137968	 0.25641880	 -0.31657158	 
1.12755691	 -0.61459213	 -0.51667487	 
2.03022010	 -0.82903020	 -1.14155556	 
-3.16423020	 -0.05254665	 -1.54761393	 
1.70881700	 -1.63445495	 -0.48767318	 
1.13381126	 1.72060028	 0.74083426	 
-0.61163700	 -0.41467826	 -0.63454769	 
-0.30911937	 -0.59450087	 0.38087111	 
0.47879054	 -0.99925561	 0.48265688	 
-2.26360108	 1.07666376	 1.81446346	 
0.98078917	 1.23405693	 0.28425685	 
-1.73499688	 -0.17048654	 1.08147800	 
-0.71933631	 0.05137532	 0.28791419	 
1.22209707	 -0.18435342	 -0.03551573	 
-0.86158400	 -0.01853067	 -1.13574561	 
-1.31904603	 1.27725169	 1.37122766	 
-3.17064466	 0.02366226	 -1.41981368	 
0.23784536	 -0.81298266	 0.00097009	 
-0.95016366	 0.56403165	 -0.26297015	 
1.92949045	 0.13857722	 -1.07173000	 
1.25190664	 0.01650751	 -1.04428818	 
0.07860637	 -0.44063370	 -0.37418552	 
-0.72888203	 1.11302666	 0.02568820	 
-0.13095157	 0.15406385	 0.04021464	 
0.35158921	 -0.64399244	 -0.63817626	 
-0.68278515	 -0.55386790	 2.70025482	 
-0.61519577	 -0.78640008	 0.24031821	 
0.26720300	 -0.38543811	 -0.19948179	 
0.42267135	 -1.13334971	 -1.68720260	 
-1.06033458	 0.17984857	 0.01747690	 
-0.10345761	 -1.20736608	 1.01518902	 
-2.39231449	 -1.80769518	 0.12030456	 
-1.09274653	 0.09339943	 -0.27930977	 
-1.61095807	 -1.30316333	 0.61058663	 
1.13975691	 -1.16120485	 0.38504708	 
-0.96645075	 -0.41425010	 0.21524956	 
-0.32338550	 1.12884385	 -0.83680507	 
0.77218765	 -0.88644863	 -0.17787670	 
-0.06921259	 0.30685519	 -0.14515182	 
0.02490045	 0.52948427	 -0.47500506	 
-1.20959939	 -0.79169841	 -0.58338831	 
-0.10771033	 -0.75751596	 1.30931392	 
1.53938728	 1.65659068	 0.62357198	 
-0.07037101	 -0.40418401	 0.21981432	 
-0.03216372	 -0.13380689	 0.32356306	 
0.13517205	 0.11691018	 -0.63832366	 
0.25325566	 -0.23817902	 0.34700886	 
-0.01920953	 0.41730876	 2.09063268	 
-1.28978913	 -0.03654452	 0.36168297	 
-1.38329931	 -0.71220309	 1.15552295	 
-0.17355300	 -0.05569349	 1.71043057	 
0.32391294	 0.06396227	 0.05853392	 
-0.16985773	 0.64822547	 0.20359578	 
2.19996139	 1.41913467	 -0.21315916	 
-0.17923716	 -0.50461275	 0.86169764	 
0.20310648	 0.12574634	 0.90359520	 
-0.57080984	 0.07258812	 -0.27062203	 
0.25070933	 0.80794541	 0.54993085	 
-1.22869200	 0.52449989	 1.18183313	 
-0.14173540	 1.54525250	 0.38446512	 
0.07485880	 -0.12734214	 -0.21341113	 
1.12402230	 -1.97776051	 -1.42786258	 
-1.05191092	 -0.01588606	 0.92094561	 
0.09751825	 -0.14583997	 0.50864173	 
-0.70551332	 -0.06614978	 -1.64291425	 
-0.57657834	 -3.08396775	 3.07630250	 
0.03582220	 1.48573460	 0.10850841	 
0.35041672	 0.15139528	 0.04676387	 
-1.21528368	 1.15461601	 1.70547374	 
-0.52462413	 -0.26399333	 -0.36250709	 
-0.64549518	 -1.93608566	 -0.29710660	 
-0.19550373	 -0.49603441	 0.20693216	 
0.07394487	 -0.73243600	 0.74671523	 
-0.80203101	 -0.11476407	 -0.72886816	 
-0.12515081	 -0.07663227	 -0.03020005	 
-1.03596117	 -0.39956740	 0.46917145	 
0.13016274	 -1.13911730	 -0.65261476	 
-0.58284805	 -0.42928188	 0.47967804	 
0.17323265	 0.45258048	 -0.20418010	 
-0.92791742	 0.42241466	 0.44865129	 
-0.71637529	 0.57560659	 -0.01919532	 
0.63370367	 0.07342773	 -0.23606341	 
-0.46595093	 0.76199301	 1.68892528	 
-2.21667406	 0.50393135	 -0.86781085	 
-0.43316144	 1.08921570	 1.67090545	 
2.99381282	 -0.44535384	 1.28051586	 
-0.20865347	 -0.70202302	 -0.16682906	 
0.45686836	 0.34604979	 0.09567316	 
-0.26717540	 -0.13903358	 0.04219078	 
0.04077536	 0.38363477	 0.50200572	 
-0.12857197	 -0.09366726	 -0.15811143	 
0.34783505	 0.00162297	 -0.30339203	 
0.71117973	 -0.02827801	 -0.13309586	 
-1.51955839	 -1.20836051	 -0.59622981	 
-0.98675949	 -0.94944699	 0.31158399	 
-0.38154527	 0.04094811	 -0.34086154	 
0.43552516	 0.73469340	 1.08260227	 
-0.04670481	 0.60476683	 -2.31728637	 
0.67093722	 -0.44496462	 0.25567713	 
0.23939014	 -0.24807224	 -0.20097791	 
-0.71233227	 -1.22417036	 1.66901917	 
0.13876938	 -1.44682890	 -0.06501621	 
-0.89109184	 0.51351674	 0.86875316	 
-1.53652471	 0.13002159	 0.47593341	 
0.47814750	 -1.55727754	 -0.96226601	 
2.21894776	 0.39762834	 1.19401569	 
-0.03655395	 0.19926563	 -0.88019353	 
-0.38631571	 -0.29505620	 0.46981349	 
0.29199669	 0.13250309	 -0.28341317	 
0.11271053	 -0.11329565	 0.03774947	 
1.02830922	 0.34697007	 -1.40274696	 
-0.29250443	 0.50161933	 3.27617578	 
-0.28937018	 0.38372776	 -0.83940276	 
0.42142403	 0.70250421	 2.03767949	 
-0.31543992	 -0.36747404	 0.05202548	 
0.18248287	 -0.09000258	 0.96062442	 
0.71487647	 0.91595242	 -0.54016027	 
0.26283879	 1.16579726	 1.29934886	 
0.11844494	 -1.15185917	 0.59901274	 
-0.37916837	 -0.98501163	 -0.75491608	 
-0.47883051	 0.11153704	 -1.53908071	 
0.03893331	 -0.58945017	 -1.96801211	 
-0.36631977	 -0.82258334	 0.20558957	 
0.19873946	 0.06710847	 2.05478370	 
1.22705588	 -0.45928023	 -0.11018715	 
1.00936385	 -1.10399688	 0.16812824	 
0.55923012	 -0.23144387	 -1.90496295	 
0.39439354	 1.23255684	 0.61179823	 
-0.85348236	 0.37589267	 -1.00479808	 
0.06924731	 0.17573179	 -0.33162234	 
0.70893765	 -0.51550985	 2.09744982	 
3.15164298	 -0.77638069	 -1.05482773	 
-0.49732332	 0.55110314	 -0.90232799	 
0.31791165	 1.10135761	 -0.04200901	 
-1.17206094	 1.01149510	 -0.17117967	 
-0.21497219	 0.49081175	 -1.58107192	 
0.29405378	 0.52721376	 -0.38776733	 
0.44665731	 0.41574579	 -0.81762624	 
1.63384366	 0.91668589	 -0.43433530	 
0.48443174	 0.42127599	 0.63727206	 
-1.44444675	 1.21246575	 0.95040987	 
0.66230457	 1.00692518	 0.51016193	 
1.28387752	 0.89096467	 0.59059666	 
-0.62967832	 -0.23772082	 0.98678660	 
-0.42197204	 0.15643528	 1.32026275	 
-0.40246581	 -0.93562397	 0.19997399	 
-0.09779969	 -1.69533165	 -1.82365077	 
-0.24222842	 2.37079766	 -1.01339915	 
-0.01459778	 0.18005724	 0.75030887	 
0.64286988	 1.39739959	 0.11256439	 
0.00213577	 -0.72015025	 0.31992648	 
0.10564288	 0.32987815	 0.40153202	 
0.06592234	 0.87454104	 0.12269620	 
1.26870536	 -0.12920384	 2.07831597	 
-1.03238910	 -0.35264091	 -2.25296020	 
-0.32389451	 -0.02301282	 -0.26613218	 
-1.67350051	 -0.33682822	 1.02175361	 
1.91563389	 -1.18129492	 0.11241960	 
0.29589295	 1.25596899	 0.72610898	 
0.43120362	 -1.70165629	 0.13805549	 
-0.53454911	 0.27260109	 -0.93318102	 
1.53816541	 -2.11493702	 -1.58612329	 
-0.41793239	 -0.23794852	 -0.20364277	 
0.56433883	 0.37828118	 0.35253912	 
0.73634680	 -0.03374086	 0.04988445	 
0.74370975	 -0.00221128	 0.29031896	 
-1.16071817	 1.38396114	 1.50097339	 
0.22734595	 0.92300480	 -0.48502422	 
-0.26667913	 -0.89940159	 -0.20106062	 
0.12219897	 -2.52622955	 1.39801341	 
-1.07916736	 2.08876789	 -0.09279525	 
-0.08093728	 -0.31472392	 1.54063416	 
-0.12318414	 -0.78710866	 0.43892872	 
-0.42598856	 0.78155116	 0.45868028	 
0.30329660	 -0.24824596	 0.64777544	 
0.26135418	 0.89649754	 -1.54537289	 
-0.41541623	 1.06905133	 1.39384373	 
-0.57928976	 0.47547000	 -0.87482528	 
-0.78719730	 0.15908128	 -0.24112721	 
0.78569819	 0.40949270	 0.25171109	 
0.27201181	 0.22084406	 0.10528974	 
0.25475254	 1.19072277	 0.56131340	 
1.16143257	 0.21467871	 -0.92150897	 
0.75992050	 -0.59471511	 -0.37511842	 
-0.62637601	 -0.64176041	 0.92009057	 
-0.24679751	 -0.41403075	 1.57840810	 
0.26806353	 0.11415282	 -0.15693137	 
0.16993608	 1.24194751	 -0.32973902	 
-0.73719477	 -0.55631717	 0.01345715	 
-1.35147217	 -0.00527335	 -0.58199034	 
0.98982582	 -0.30479656	 -0.56434689	 
-0.42077393	 -0.16362488	 -0.57981909	 
-1.12851628	 1.79912644	 0.42278474	 
-0.21825371	 2.60274043	 1.09932991	 
-0.04437788	 -0.39018144	 -0.61443324	 
-0.24400546	 -1.30566534	 0.50869934	 
2.35644181	 0.79831575	 0.72036161	 
0.74032230	 -1.63095439	 -1.67813306	 
-0.35985020	 0.85838810	 0.13339134	 
-0.67002300	 -0.67691254	 1.71894963	 
-0.82773607	 0.41882949	 0.58913046	 
0.38017510	 -1.38109046	 0.03305175	 
-0.73457321	 0.56842498	 0.29198615	 
-0.51223887	 -2.03654053	 0.16951820	 
0.80294837	 0.08082490	 0.26498029	 
-0.17126666	 -0.62452380	 0.22700990	 
1.61276913	 0.89005312	 -0.61330189	 
0.52889491	 -0.84522654	 2.15197825	 
1.20659685	 1.67117225	 0.48539082	 
1.05844078	 -0.03626319	 -0.18271264	 
0.42746350	 -0.53914968	 0.16945693	 
0.98042985	 -0.94378920	 -0.00016414	 
0.54857214	 -0.19208541	 -0.31132110	 
-0.07109586	 0.20392004	 -0.16346778	 
-0.21267650	 0.81019018	 -1.03331534	 
-0.01157897	 -0.51237165	 -0.48395431	 
-1.00682379	 0.09284105	 0.34388701	 
-0.04185528	 -0.31743003	 -0.57015922	 
-0.84009966	 -0.02517585	 -1.79566434	 
-0.73162654	 0.36880508	 0.41931197	 
1.30029785	 0.53949220	 0.24821191	 
-0.49847416	 1.32167732	 1.41392902	 
1.02500088	 -0.79512826	 -0.25939394	 
0.91809875	 -2.41505070	 -0.25053835	 
0.53325881	 1.10626616	 -1.46375669	 
0.29402608	 1.06368239	 1.07828862	 
0.45346705	 -0.18531331	 -0.56778610	 
0.76166645	 -0.60439286	 -0.33267872	 
0.43435810	 -1.29151203	 2.02413811	 
0.47825508	 0.41810799	 -1.86518330	 
0.14671465	 0.79853671	 0.83200601	 
0.48167980	 1.70183314	 -0.12195696	 
0.45847443	 -2.18716078	 -1.76797288	 
1.66449944	 0.75458443	 -1.49969238	 
-0.66472107	 0.04919330	 -0.43427797	 
0.02868545	 0.19636343	 1.36065761	 
0.22874906	 -0.55113663	 -0.45233752	 
-0.29361410	 -0.86514011	 0.20970990	 
-1.01896657	 1.36253635	 0.32856893	 
1.28855544	 1.43609941	 1.21732141	 
-0.88735832	 -0.28592525	 0.79069616	 
-0.77465930	 0.87858501	 -1.46740712	 
-0.12988409	 0.15332487	 0.04564978	 
-0.62715349	 2.38976877	 -3.12341934	 
-1.17276141	 -1.13648338	 -0.73994990	 
1.43662529	 1.11097144	 1.21642581	 
0.93734170	 -3.30274121	 -0.78662585	 
-0.08285795	 -1.27329392	 0.29568583	 
-0.34430218	 -1.05653676	 0.64894857	 
-1.32248787	 -0.84986122	 1.13453156	 
-0.29282238	 -0.40065946	 0.96403491	 
0.22996912	 -0.43796807	 -0.19513395	 
-1.24484615	 1.01487507	 -1.03342409	 
0.78905748	 -2.32926181	 0.34793041	 
-0.87707546	 -0.54817599	 0.06980178	 
-1.25573901	 -1.12260353	 -0.79666980	 
2.04755711	 0.64253866	 0.24443059	 
2.20221082	 -0.50194472	 -0.65964376	 
-0.58575127	 -0.02226769	 -0.74385869	 
0.91940769	 -0.67047183	 1.61662070	 
-1.39061299	 -0.17585733	 0.51372818	 
0.65878021	 0.62397524	 0.33417079	 
-0.75506208	 0.11891713	 0.86307455	 
-0.14937326	 -1.28230566	 -0.71908916	 
0.01648893	 0.71863933	 -0.11103335	 
-1.62660406	 0.29417215	 0.27888394	 
2.21488543	 0.00094285	 -1.39446433	 
-2.60325158	 0.56904277	 -1.66068607	 
0.34793642	 -0.83903537	 -0.88765452	 
-0.09644589	 0.34056232	 0.29169047	 
0.30248923	 -0.05214389	 -0.29353864	 
0.16698280	 0.83045938	 -0.52277881	 
-0.02863611	 -1.48732088	 0.94704441	 
0.81296247	 -2.01279629	 -0.13407472	 
-3.11945641	 -1.35683190	 -0.43366936	 
0.04946969	 0.06766188	 0.07098769	 
0.17663183	 0.35923366	 -0.85828789	 
-1.49592527	 -1.68112657	 0.69232973	 
-0.56993651	 0.18320582	 -0.65812919	 
-0.32955084	 1.82555715	 0.94773897	 
-0.88021632	 0.07018078	 0.12349026	 
0.01066012	 -0.57661712	 -1.37897477	 
-0.67632633	 -0.62625636	 -0.51378650	 
0.38996989	 0.87197988	 -2.09074281	 
-0.03628645	 0.75233950	 1.36171249	 
-0.59695477	 0.20418436	 0.56751444	 
-0.26558119	 0.62942453	 -0.29272287	 
1.27246065	 0.82668057	 -0.78843880	 
-0.39915013	 -0.30140375	 -0.15016372	 
1.34819579	 -0.19487220	 -1.31591109	 
-1.43067293	 2.03890795	 -0.14161165	 
0.84268494	 0.44056749	 1.03743082	 
-0.76417993	 -0.17281348	 -0.34378256	 
1.01136855	 -0.05043405	 0.69226757	 
0.26841645	 2.43614815	 1.76599925	 
-0.64164314	 0.23729802	 -0.14715641	 
-1.50259108	 -0.06612903	 1.54194632	 
1.92933495	 1.01587773	 -1.96494121	 
-0.12897344	 0.23252715	 -0.15068826	 
0.36741249	 1.68820175	 -0.51041109	 
0.20131976	 0.71697521	 0.27337889	 
-0.08269567	 1.05803625	 0.16019286	 
2.17123321	 -1.62602948	 0.02886353	 
0.06564172	 1.18713517	 -0.57800337	 
-0.28362669	 -0.82391664	 1.14613109	 
-2.29365736	 3.02580062	 -0.40161212	 
-1.57499882	 2.00349226	 2.38995442	 
0.98590876	 0.74589404	 -0.88179964	 
-0.35267746	 0.17125164	 0.76044479	 
-0.56339959	 0.57631174	 1.20317490	 
1.77309573	 0.14357551	 -1.06349591	 
-0.60152798	 0.65179031	 0.12135121	 
-1.67617269	 0.77519158	 -0.67541286	 
-0.69468229	 -0.84940122	 -0.87093736	 
0.46378153	 0.48321806	 1.03706704	 
1.50455429	 0.14793853	 -1.30063255	 
-1.95004607	 -1.32637303	 -1.56659839	 
1.24444949	 -1.40778260	 2.56521219	 
0.00776754	 0.37020748	 1.55883495	 
-0.21637745	 -0.37675777	 0.18148694	 
0.23707789	 0.40504133	 0.41856029	 
-0.51412524	 1.76935686	 -0.00247549	 
0.05208154	 0.34983963	 -0.41923447	 
-2.54129464	 0.52943998	 3.36949737	 
-0.57721642	 0.97550236	 1.66529228	 
-0.99831316	 0.92223758	 0.62301692	 
-1.49300742	 2.25839549	 -0.99515717	 
-0.44777650	 0.81583828	 0.02173698	 
-0.61004577	 1.11965276	 -0.29968090	 
0.53058699	 -0.73168084	 0.25063761	 
-0.14535450	 1.46247258	 0.48337068	 
-1.17397256	 -0.68219046	 -1.48796610	 
-0.84636820	 -0.62531185	 -0.51592657	 
-0.91349836	 -0.79694827	 0.12033626	 
0.67364808	 -1.94496571	 0.57937833	 
-0.90907066	 -0.36044630	 0.46415298	 
0.03295994	 -0.59360007	 -0.01117206	 
2.20173101	 1.28890883	 -1.03428607	 
-0.10961833	 -2.21201864	 1.49668408	 
0.52767824	 -0.05418622	 -0.29922830	 
0.45203762	 0.13667214	 -0.16744629	 
-1.22076696	 -0.65379331	 -0.63153961	 
-0.43314504	 0.17286751	 0.02632597	 
1.02088643	 -0.45154863	 0.68496077	 
-0.36618530	 0.62180502	 -0.02318410	 
-0.22562797	 -0.11975245	 -0.19572325	 
0.05934709	 -0.13628467	 -0.01061071	 
-0.91631344	 0.85439542	 -0.50356895	 
0.95752044	 1.56453457	 0.15289963	 
1.03550475	 -0.21700394	 0.33671014	 
-0.28394590	 0.12006865	 0.46414475	 
-0.20421105	 -0.20947179	 0.18840014	 
0.02004410	 -0.12828574	 0.45614902	 
0.88944516	 0.28029249	 -0.66627010	 
-1.61556666	 0.62192646	 0.07266139	 
0.21174779	 -0.03978643	 0.19013255	 
0.32742933	 -0.50885480	 1.41650242	 
-0.65707166	 -1.53643546	 -0.46251449	 
-0.07175255	 0.54485887	 1.43919796	 
-0.05136986	 -0.89858700	 0.19969279	 
0.91479038	 -0.23537915	 -0.27177084	 
-2.08922669	 2.36216090	 1.35971039	 
-1.40129985	 -0.04998268	 -0.96524103	 
0.88241841	 0.87292527	 -0.55274295	 
-0.26626019	 1.59721042	 -0.83347460	 
0.67658780	 0.33036883	 1.04049380	 
0.46357829	 0.23911065	 -0.42829938	 
-0.81677108	 0.34150732	 -0.51254008	 
0.32320416	 0.69903050	 -0.43294677	 
-0.18937766	 0.42173877	 -0.23411881	 
-0.60908417	 0.07232930	 -0.35264158	 
-1.56617694	 0.31664249	 -0.24297068	 
-0.67979529	 -1.55386386	 -0.73501058	 
0.52235617	 0.54372898	 0.58601221	 
0.53717496	 -0.47372341	 0.78753756	 
-1.62597201	 0.98527293	 -0.67031350	 
-0.92112500	 -0.37970843	 1.37730457	 
0.63330631	 0.17832906	 0.16416216	 
-1.00627451	 1.08738195	 -0.15697045	 
0.00666573	 -0.85204615	 -0.02442454	 
-0.60733709	 -1.73771696	 1.36832477	 
0.78685062	 0.30944972	 -0.66846948	 
0.51335594	 0.56783146	 -1.15506096	 
-0.18086425	 0.65097544	 1.23043528	 
-0.07135789	 1.99012455	 -0.06062547	 
1.07759910	 -1.46152508	 1.45535655	 
1.69088793	 -0.21742512	 -0.55665989	 
0.04867853	 1.02524592	 -1.46507938	 
-0.75146207	 -1.68705492	 -1.81565942	 
1.14526434	 0.73164160	 0.23390224	 
-0.27682428	 0.07230221	 -0.03557371	 
1.36357294	 -0.19582576	 1.28384663	 
-0.39893733	 0.01299267	 -0.16851878	 
0.68166613	 1.33164107	 1.23182020	 
0.28586587	 -1.30678387	 -0.61297228	 
-0.20740668	 0.66913143	 -0.03423918	 
0.37822030	 -2.37954453	 0.39248001	 
0.78299324	 -0.07664464	 -0.47146939	 
1.00107170	 1.25026258	 1.31258590	 
0.68883810	 0.69528915	 -0.15013353	 
1.43335074	 -0.20215092	 1.34969628	 
-0.33209306	 0.35306240	 -2.60257020	 
0.61946064	 2.30924191	 1.02687263	 
-1.04048056	 -1.47125038	 -0.05402070	 
-0.28403770	 0.64905206	 0.47862052	 
-0.40086080	 -0.32515951	 -0.18930500	 
2.52922951	 1.28271510	 -1.20893605	 
0.45013334	 -0.02111097	 -0.64636674	 
-0.21179695	 0.01378941	 -0.13422548	 
-0.44629471	 1.03526366	 2.44851559	 
0.03276311	 -0.41946044	 -0.98210653	 
0.87787156	 -0.32756781	 -0.09977477	 
-0.17188402	 0.32391276	 -0.18555552	 
-1.17477834	 0.15718913	 1.04625926	 
0.10568061	 0.62213917	 -0.22361697	 
-1.15014092	 0.02104604	 -0.71290270	 
-2.51307177	 -2.30742263	 1.48321334	 
0.26172848	 -0.35666376	 -0.26179092	 
-0.70346340	 0.25674409	 -0.57388681	 
-0.28341157	 -0.49460137	 -0.13716872	 
-0.72799416	 -0.13272534	 0.26687530	 
-0.86695082	 -2.20639035	 -1.23381297	 
-1.60880735	 -0.13612144	 -1.02376723	 
0.71520616	 0.58673147	 0.67540766	 
0.16349488	 -0.12682916	 -0.27338571	 
-1.49793084	 0.54801463	 -0.09937320	 
-0.56481672	 0.19329830	 0.96524895	 
0.79880718	 0.62619649	 1.01237910	 
-0.13411633	 0.03407664	 0.77514425	 
0.76063873	 0.29550089	 -0.77475525	 
0.26284180	 0.03490537	 -0.35507219	 
-1.81899251	 0.32855666	 0.87175320	 
-0.89750357	 -0.13922521	 -0.17083455	 
-0.50755787	 -0.32246845	 -0.07261939	 
-0.74312295	 0.36232583	 0.49723548	 
0.12451491	 1.18827827	 0.41361389	 
0.10996055	 0.46494658	 0.22741493	 
0.51182023	 -0.25251011	 -1.12016331	 
0.38016435	 -0.34222912	 1.94404075	 
0.18290183	 -0.79372112	 -0.86963215	 
-0.33212571	 -0.19461007	 -1.03385839	 
-2.40454164	 0.43480480	 -0.20703202	 
0.33662079	 -0.71019816	 -1.20064891	 
-0.18723589	 0.14617407	 0.56602864	 
-1.09986580	 0.79009102	 0.41710825	 
0.16038296	 0.20853268	 -1.69882470	 
-1.98780377	 1.04424516	 0.06990496	 
0.30304112	 -0.06959730	 -0.16947970	 
0.20245775	 0.99378241	 0.01485564	 
1.01254719	 -0.12180739	 0.01023430	 
-0.34408944	 -1.89325552	 -0.81695545	 
0.59576845	 0.62017010	 0.24712185	 
-1.42739941	 -1.11983098	 -1.29935007	 
0.06520177	 -1.58937132	 1.74967703	 
0.90907329	 0.84168895	 1.35960855	 
1.07817580	 0.39255987	 -0.74269950	 
0.61287780	 -0.05617006	 -0.06389950	 
0.09238830	 -0.46962910	 -0.26843735	 
1.56551502	 -0.35043879	 -0.06005244	 
-0.71180478	 -0.79227137	 1.12531044	 
-0.77341899	 -2.54659789	 -1.21430382	 
1.00622348	 2.54162676	 1.66712103	 
0.80069798	 1.38385111	 0.22774266	 
-3.63351145	 -0.20994821	 1.86847773	 
-2.33003267	 -1.48515756	 2.48122752	 
-0.00109579	 -0.07472694	 -0.79249062	 
1.20606632	 0.68213908	 0.26004772	 
1.24665778	 -0.76020216	 0.08456892	 
-1.84940130	 -0.80686927	 0.55520090	 
-0.21526618	 -0.03335071	 0.25134245	 
1.72059985	 -1.21460566	 -1.46969410	 
-0.87794251	 -0.46598044	 -0.51411073	 
0.79262153	 0.65686049	 -0.30385817	 
-0.36847919	 1.15374916	 -2.76518882	 
1.61130251	 0.42750532	 -0.18869285	 
-0.02217570	 0.02995394	 -1.57836064	 
-1.34934607	 1.69784484	 -0.60393507	 
-1.56746117	 1.54077585	 -1.08703261	 
0.02408778	 0.80387970	 -0.79868259	 
4.03292939	 0.98297095	 2.40458532	 
1.19661031	 1.28385148	 0.93051775	 
-0.17430679	 0.50706027	 -0.20119798	 
-1.31240640	 0.41886459	 2.49202916	 
0.07587988	 0.44620320	 -0.18828539	 
0.39718097	 0.25786007	 2.60781712	 
0.75910882	 0.17766826	 0.08227240	 
1.48728610	 1.34830156	 -1.61626038	 
-0.12389620	 -0.11790001	 -0.05238107	 
-0.70118598	 -2.22587348	 -1.06054644	 
-0.55335011	 -0.23086283	 2.87451599	 
-1.06236546	 1.33555957	 -0.90977172	 
0.27107024	 -0.08619102	 -0.02349639	 
-0.38210365	 -1.66635515	 -0.45956027	 
-1.40635393	 0.75613725	 -0.54242798	 
-0.20306671	 0.79576225	 0.15863136	 
-2.23778849	 -1.28904961	 -0.61533592	 
-0.36043691	 1.03825960	 0.96650494	 
-0.11020371	 -0.41153836	 0.85533951	 
-0.70971426	 0.15270036	 -0.56240720	 
1.08603405	 0.34149418	 -2.18352559	 
0.91860824	 -1.48076903	 1.32806019	 
1.13687493	 0.16705770	 -0.11294002	 
1.04123153	 -1.58605630	 0.35606949	 
-0.98449025	 1.41963436	 0.43007862	 
1.78521425	 -1.48897145	 1.20209984	 
0.42686426	 -1.49885412	 -0.92147851	 
1.59868631	 0.88822097	 0.68224486	 
-1.32524460	 0.98301441	 0.39464562	 
-0.83942122	 0.67782897	 0.63930588	 
1.40213080	 -0.01937074	 -0.80318026	 
1.19425920	 -0.20184472	 0.12280253	 
0.10894558	 -0.12095024	 -1.12852442	 
-1.61576530	 -1.41399275	 -0.66498825	 
1.25542354	 -0.05428044	 -0.30448887	 
0.05116818	 -0.45228671	 -1.60206388	 
1.48902756	 1.37599915	 0.17798369	 
-0.15782919	 -1.03597302	 0.55653100	 
-1.02956390	 -1.66589166	 -0.39396541	 
-1.13773627	 1.18711218	 1.27912928	 
-0.16391035	 0.34521542	 -0.21283353	 
0.32197760	 -0.28497645	 0.27556310	 
-0.78753198	 -0.27722736	 -1.03557333	 
0.41910926	 -0.75508326	 0.58844936	 
-0.52140172	 -0.33361694	 -0.51171498	 
-0.09306073	 -0.20085568	 0.12190633	 
-0.24941975	 -0.26599682	 -1.92753988	 
1.20825862	 0.24512487	 -0.07984960	 
0.26234333	 -0.42933610	 -0.36082162	 
0.45748703	 1.09034347	 -0.15010693	 
-0.16612891	 0.34044033	 -1.18126743	 
0.15053124	 -1.22776894	 0.29372575	 
0.68914264	 -0.35906322	 -2.19054267	 
1.63483910	 -0.31262566	 0.42069890	 
-0.59922439	 -0.72951502	 -0.13631900	 
0.53504838	 2.30802898	 -0.19627643	 
-2.46393126	 1.57451445	 -1.19460172	 
-0.56628891	 0.36448122	 0.10872451	 
0.68118851	 0.57645169	 0.70253271	 
-0.50984551	 -0.36440829	 1.52998167	 
0.03997944	 1.22476750	 1.38210792	 
2.64271609	 1.62472692	 -2.53746234	 
-1.10961229	 -0.30773497	 0.27003593	 
0.22841860	 -0.68327665	 -0.15668459	 
4.25796003	 -0.27047951	 -0.37671780	 
-0.76218955	 3.35029002	 -0.92247548	 
0.71532584	 1.11702627	 0.76304348	 
-0.17811171	 0.04846604	 0.24993728	 
-1.08647239	 0.07212021	 -0.83656234	 
-1.13239339	 -0.20274381	 -1.19560808	 
1.54698242	 -1.33425293	 1.21174497	 
-2.02844569	 -0.96929823	 -0.83020549	 
-0.35437208	 1.17209086	 2.81929797	 
0.39880548	 0.82528340	 -0.06669709	 
0.79072192	 -0.55381094	 -0.55191987	 
0.22671008	 0.93605466	 -1.21687907	 
0.68982559	 -0.78990223	 0.12808328	 
0.56325539	 1.73924933	 -0.13589352	 
2.61729012	 -2.46807261	 0.89102981	 
0.50607495	 -2.33672244	 0.87513030	 
-0.54298592	 0.94763168	 0.14950554	 
-1.00589970	 0.19508237	 -1.13402337	 
0.02496758	 -0.22731635	 0.50436530	 
0.06341270	 0.18005290	 -3.01364732	 
-0.42276843	 -1.89182328	 0.34497897	 
-1.17840232	 0.70072407	 -1.17880266	 
0.67365890	 -0.01766808	 0.33608498	 
-0.57204203	 -0.81134559	 0.05100197	 
-0.13352614	 -0.17821630	 -0.92866315	 
-1.60308323	 0.39942051	 0.40027587	 
1.15420371	 -0.47065670	 0.17824072	 
1.92648110	 1.51258518	 -1.69695714	 
1.32988572	 0.16355669	 -1.10904673	 
-0.47480557	 -0.94593453	 1.47797316	 
-0.39379008	 -0.93646587	 -0.53843067	 
-2.22049467	 1.07090433	 2.00670358	 
1.02606818	 -0.64153437	 -0.96539244	 
0.38505114	 -0.37863414	 -1.79937975	 
0.05449931	 -1.56308113	 0.23484238	 
0.57577690	 -1.23802711	 2.14723750	 
-1.60960663	 -0.82785542	 0.23947998	 
1.18873587	 -0.77943906	 0.76092251	 
-1.13156872	 1.41173870	 0.52234132	 
-0.34287775	 0.76055566	 1.40093508	 
0.40043021	 -0.92229548	 0.45858518	 
-0.38606402	 0.70207757	 -1.02808503	 
-0.44320077	 -0.69542396	 0.41011896	 
0.20453136	 0.06698129	 0.54103705	 
-0.33581137	 0.37326045	 0.46542063	 
-0.07131562	 0.05150870	 0.22739787	 
0.26610519	 -0.81684813	 1.17070503	 
0.26557683	 -1.19291202	 2.10813582	 
-2.75063484	 -0.68330606	 0.64406532	 
-0.61627010	 -0.20989632	 0.03302524	 
0.22135884	 -3.03064875	 1.84687123	 
0.91191945	 0.76496421	 0.51604020	 
-0.75139288	 -0.30122600	 0.30705942	 
0.62903738	 0.97822404	 -0.96517145	 
1.12239020	 -1.30829525	 1.12438044	 
0.97938935	 -0.60487834	 -0.31476559	 
0.36655630	 0.28212976	 0.38616711	 
-1.31463299	 -0.09115532	 -1.27417598	 
-0.37527775	 0.74512176	 -0.26864292	 
0.15652153	 0.04036989	 -0.34013458	 
-0.92189993	 -0.82726154	 0.42667169	 
-0.84175539	 0.32779963	 1.57811620	 
-0.94879841	 0.19322634	 0.20774405	 
-0.07755176	 1.16365475	 -0.23045382	 
-0.05123084	 -0.44299210	 -0.73056855	 
0.55521922	 -0.03162703	 0.00913923	 
-0.44750605	 0.54416384	 -0.66416315	 
-0.54986196	 0.87623394	 0.63214706	 
0.57153729	 0.64425956	 -0.81100601	 
0.14919735	 -0.25702428	 0.25051518	 
0.17046603	 -0.06762716	 0.11905482	 
2.06243259	 -0.96151688	 0.36338421	 
0.40535812	 0.18284636	 -0.18246301	 
0.65442840	 -0.40169129	 -0.02688885	 
0.97610561	 -0.51258694	 0.76711969	 
-0.68298624	 0.24073798	 0.09514703	 
-1.04878872	 -1.65184291	 -1.50657810	 
0.31436879	 0.66185074	 -1.62410931	 
1.71068133	 2.65789823	 -1.18654281	 
-0.33808300	 -1.35978014	 -1.47254322	 
0.02312817	 0.12619917	 0.35481561	 
0.26962610	 -0.63660235	 0.40439554	 
-0.99232622	 1.17890105	 0.29644118	 
-0.13289415	 -0.14412762	 0.39799706	 
-2.50686200	 -0.24645394	 -3.21205191	 
0.50092640	 -0.38192754	 -0.26059930	 
-0.68615287	 -0.42442562	 -0.66033052	 
-1.53097984	 0.22337468	 0.89345463	 
0.23068927	 0.58774801	 0.45259430	 
0.25785223	 0.34110408	 0.23296893	 
-0.14971420	 -0.21223839	 -0.04528688	 
-1.53071768	 -0.73935081	 -0.91119051	 
0.53153850	 0.38687875	 -0.22961313	 
-1.77325820	 1.62290055	 -2.01884279	 
0.02860157	 0.33119668	 -0.01255348	 
-0.58501061	 0.14949525	 0.91507036	 
2.17670109	 -0.00452558	 -0.51656549	 
0.37769738	 0.00631986	 -0.46245213	 
0.33481874	 -0.19796590	 -0.18500842	 
0.70248446	 -0.63220939	 -0.09461027	 
0.67245010	 0.52516044	 0.86499113	 
0.45271572	 1.65897661	 -0.27538549	 
0.22710187	 0.29041458	 -2.35859881	 
-0.10460789	 0.54189741	 0.78458057	 
-0.02613674	 -0.17195132	 -1.41419214	 
-0.15747565	 -0.87958485	 0.50464200	 
-1.90424092	 -1.56653163	 -0.18924775	 
-0.00101127	 0.57189601	 0.50401509	 
0.06591021	 1.41946431	 0.41813962	 
0.65217674	 -0.03837127	 0.89171551	 
-0.60815844	 -0.29028922	 1.40108399	 
0.30011576	 0.03028055	 0.13249215	 
-1.16219312	 -0.72339523	 1.29889400	 
-1.35760025	 -0.42499428	 0.66809807	 
-0.02549548	 -0.26780922	 1.05561005	 
0.74305114	 -0.12761158	 0.86253487	 
-0.88392502	 1.30337848	 -0.05284704	 
-0.63728730	 0.51278049	 0.00432894	 
-0.42232369	 -1.28077312	 -0.38474377	 
0.46793397	 -1.42718007	 -0.80105263	 
1.12214492	 0.76552061	 -0.42884313	 
-0.55705017	 -0.54935661	 0.11906639	 
-0.10109367	 -0.22937530	 0.53663463	 
-0.10086998	 0.36021109	 0.36759878	 
-1.46667426	 0.72037903	 0.52098631	 
-0.67741209	 -0.27232973	 -0.12037014	 
-0.09350642	 0.91182180	 -0.17616630	 
1.48539487	 0.05084987	 -1.94231981	 
-0.12770480	 1.15280717	 0.59498354	 
-1.30911765	 1.32624591	 -0.67944656	 
0.46555379	 -0.03819536	 -0.00117163	 
-1.50640140	 0.05336697	 0.70564347	 
0.44181669	 -0.25328832	 -1.48845925	 
-0.94884751	 0.69712988	 -0.87970218	 
0.33177162	 1.57817391	 -0.16857138	 
2.19999045	 -0.64537120	 -1.33156104	 
-0.18545656	 0.26889115	 0.43852732	 
0.96346596	 0.33813216	 1.16132900	 
-1.06990576	 -0.17010045	 0.86830342	 
-0.68423620	 -0.00403009	 -0.08592119	 
1.34242277	 0.30232779	 -0.06134636	 
-0.02453215	 -0.34293294	 -1.06567307	 
0.20535143	 -0.55118886	 -0.12871378	 
0.23879649	 0.19786563	 -0.72655970	 
0.07083299	 0.40783125	 -0.11843212	 
-0.00732009	 -0.42965470	 -0.16386608	 
-2.31740997	 0.25206546	 -0.54916953	 
-0.53495425	 0.07952708	 -0.24626591	 
0.44404758	 -0.95822787	 0.28035799	 
-0.78638524	 -1.46318761	 -0.02122267	 
0.32287353	 -1.09951786	 0.11055649	 
-0.22859078	 -0.06367823	 -0.57047051	 
0.57103799	 -0.06278229	 -0.10746794	 
2.44523096	 -0.15469564	 -0.59991466	 
0.44674314	 -0.03437938	 0.72662561	 
0.15255151	 -0.61682985	 -0.66175222	 
0.01148121	 0.47112909	 -0.20877435	 
0.42139303	 -0.35164009	 0.31948603	 
0.42832517	 -1.02022672	 -0.08503808	 
0.94661161	 -0.75678703	 -1.47372895	 
0.39993780	 -0.54683875	 1.24525073	 
-1.26205160	 -2.60223927	 1.47598433	 
-0.92781569	 -0.18181001	 -1.14999602	 
-0.11469856	 2.24788811	 2.30367898	 
0.25503232	 -0.26103202	 0.61236378	 
2.26552873	 -1.39291977	 -3.01060392	 
0.49443180	 -1.72268826	 0.14768213	 
-0.08347653	 0.65404243	 0.30003856	 
0.06557606	 0.39801207	 -0.80434983	 
0.21198052	 0.17936377	 -0.31739668	 
-0.69323747	 0.52728547	 0.07478213	 
0.76524545	 1.24493872	 0.25107668	 
0.24357595	 -0.16251102	 -0.13455263	 
0.33929781	 -0.37470335	 0.56605379	 
-0.37664593	 -0.14533779	 0.23462107	 
-1.78084768	 0.68107846	 0.07334406	 
-1.16368543	 -1.95871065	 -1.85575767	 
-0.05018665	 -0.45478177	 1.09475227	 
0.48283159	 -1.40820013	 -0.43250963	 
-0.18973914	 -0.39721653	 1.03516206	 
0.06724225	 1.02118516	 0.92406689	 
0.68694916	 0.41357672	 -0.35613261	 
1.27576386	 1.42789632	 -0.00575818	 
-0.98790898	 -0.47896453	 -0.50493306	 
-1.32289857	 -1.88795148	 1.58671544	 
-0.54583440	 -0.98667837	 -0.56913629	 
0.92327659	 0.73969605	 1.86931597	 
0.88777143	 -2.15074765	 0.78983399	 
0.35225060	 0.36377717	 -0.08641471	 
0.58032530	 0.04891915	 0.31820155	 
0.79814821	 -0.31350162	 -0.65513864	 
-0.17868021	 -0.30155841	 -0.55869308	 
0.56167661	 -0.60392970	 0.08262417	 
1.20786176	 1.13446715	 -1.27110284	 
0.15214208	 0.88978630	 0.44087299	 
0.43683664	 -0.78009805	 -0.97471949	 
-0.33164438	 -1.08879811	 1.04905566	 
0.68703640	 0.15000682	 0.15626815	 
0.22364288	 0.48750961	 -0.10656656	 
0.96826634	 0.81913879	 -1.30180093	 
-1.01616971	 -1.94726634	 -1.23171834	 
-0.16892790	 0.53135279	 0.17970582	 
-0.58807119	 -0.16601978	 1.02919487	 
1.52420180	 1.24127298	 -0.05003481	 
-0.87458006	 0.43026430	 -0.13943047	 
-1.62481177	 1.29423593	 -0.51020748	 
0.56710767	 -1.03480366	 -0.64284546	 
-0.75632081	 -0.39289221	 -0.74163553	 
0.45085941	 -0.47806277	 -0.12024127	 
0.54995033	 0.37763609	 -0.44666196	 
-0.84973933	 0.76754629	 0.85820552	 
-0.26820691	 -0.18363640	 -1.13091930	 
-0.40866478	 -0.08349218	 0.82889775	 
-1.37102522	 0.66941815	 -1.57254254	 
0.04953754	 0.48731749	 -1.39640951	 
0.31929965	 0.58627702	 1.10176186	 
-1.63497106	 -0.08477634	 1.45505501	 
-0.60036535	 -0.29448953	 0.55773429	 
-1.02040673	 -0.66598641	 -1.00191961	 
1.67259810	 0.35089271	 1.51299361	 
0.51653166	 0.16256570	 -1.69885189	 
0.33861386	 0.50490809	 -0.81339650	 
-0.14679639	 -0.11764172	 -0.03204154	 
-0.85034826	 0.32137080	 -0.13569713	 
-0.83153705	 0.24942944	 -0.14737715	 
-0.71408304	 1.27516643	 -0.67656384	 
0.98682422	 1.81986886	 -0.13043879	 
-1.75783296	 0.49817018	 0.48375295	 
-0.36362486	 -0.64973809	 -1.89686534	 
-0.93367664	 0.08799124	 -0.03281091	 
0.30470765	 -0.93185031	 -0.72770100	 
-0.30072175	 0.35061918	 0.31554992	 
-0.60036085	 -0.19206479	 -0.18352543	 
1.68292048	 0.87583704	 1.32302886	 
0.62853965	 0.23086987	 -0.28294417	 
-0.79649645	 -0.10647000	 -0.22107447	 
-0.56560042	 -0.21569053	 0.43588436	 
0.31331831	 0.14117445	 0.74921655	 
-0.39917440	 0.87846467	 0.23205212	 
0.14042833	 -0.75643071	 -0.02515560	 
-0.52058242	 0.33499435	 -0.52082707	 
-1.37328880	 0.20429516	 -0.12949258	 
-3.01652711	 0.91608099	 0.27608662	 
0.46594833	 1.56024962	 -0.52178744	 
2.71292083	 0.11200645	 -1.12257280	 
-0.59216652	 0.43606803	 0.47083475	 
-0.94571486	 1.25798750	 3.15543604	 
-0.62539343	 1.29151022	 0.85453180	 
-0.61336470	 -0.35383697	 -0.09630587	 
-0.70171540	 -0.70034052	 -2.12344974	 
1.02089735	 0.71174152	 2.42573478	 
-1.00530110	 -0.58540262	 -0.40269129	 
-0.39199682	 -0.21621959	 0.17367389	 
-0.32866149	 0.23271325	 0.51662430	 
-0.19103453	 0.17678017	 -0.50592798	 
-1.53540145	 -0.84161366	 3.34550064	 
0.04941363	 2.12543881	 -1.40248050	 
0.46866782	 -0.66325019	 -0.57230736	 
0.72625120	 -0.50000973	 0.14238101	 
-1.63417157	 -0.58767352	 -0.64050903	 
0.09411337	 -2.38844674	 -0.63901338	 
0.19011779	 0.61278764	 -0.96943351	 
-0.58320434	 0.77640252	 0.52341292	 
0.19903976	 -1.19077246	 -0.76410100	 
-0.01134216	 -1.64709754	 1.60283025	 
-0.64373216	 -0.45874772	 -0.58744132	 
1.35203195	 -0.51995041	 0.77782420	 
-0.71735994	 -1.91909195	 -1.64059555	 
-1.04652499	 -1.95147102	 -0.92219727	 
-1.78702488	 -0.29006731	 -2.25174966	 
-0.23549818	 0.53063126	 0.02155508	 
0.82916594	 1.09223746	 2.39104036	 
-0.12700337	 0.06631912	 0.45164958	 
0.04121585	 -0.37972577	 -0.52339269	 
0.45884000	 -1.84043292	 -0.14986739	 
-0.09894824	 0.56475195	 -1.11845104	 
-0.99394424	 -0.96930415	 -2.65672609	 
-0.05614231	 0.40467898	 -0.27157964	 
-0.55048726	 -0.84164271	 -0.20272824	 
-0.86884935	 0.52251551	 -0.34017642	 
0.19121960	 -0.97301465	 0.03360883	 
-0.24679681	 -1.14647594	 -0.59634002	 
0.12136439	 -0.22894147	 0.06832522	 
0.90435735	 -0.11875312	 -0.34813189	 
2.75502013	 -2.58533549	 0.43346098	 
0.07456046	 0.34159658	 0.74318173	 
1.45730701	 -1.47047182	 -1.32867059	 
0.29426875	 -0.51351718	 -0.24779095	 
-0.30427488	 1.38914634	 0.31782844	 
-0.25237273	 0.35565349	 0.41734973	 
0.03069648	 -0.41816908	 0.18599223	 
0.06377145	 0.24709394	 0.54882564	 
0.39743602	 -1.64638188	 -1.08668022	 
1.22716170	 0.33579231	 -0.69313734	 
-0.86716493	 -0.10943591	 0.61903144	 
0.91467329	 -2.14899543	 1.56662353	 
0.28075120	 2.30603420	 1.26586676	 
-0.45546766	 -0.12429331	 -0.45088300	 
0.00831350	 -0.28401477	 -0.17086812	 
-0.12048563	 -0.11890094	 0.53163194	 
1.10178790	 0.39328813	 -0.36857940	 
0.41290787	 0.10721269	 0.65785124	 
-0.25688739	 0.40547485	 1.95900682	 
0.47414706	 0.22879958	 0.63093655	 
-0.40964182	 -1.53033427	 -1.80872105	 
-0.58426756	 0.55044953	 -0.14449667	 
-3.62138478	 1.32521999	 -2.02197228	 
-0.32480167	 -0.17081101	 2.16159624	 
-1.96219147	 0.22033906	 0.32442132	 
-0.43781613	 1.10135173	 -0.87028968	 
0.38968769	 -0.25969623	 0.57448553	 
0.43372926	 -1.49480310	 -0.44949644	 
-1.49619093	 -0.43750329	 1.59100791	 
0.34912838	 2.72860647	 -1.65969372	 
1.01298933	 0.15699305	 0.72321835	 
-0.02849435	 0.40479756	 0.28579620	 
0.41945189	 2.53138854	 3.20143690	 
-0.50005327	 -0.09126207	 1.35330485	 
0.38733013	 0.09064984	 0.39148459	 
0.36243939	 -0.28919466	 -0.18407312	 
-0.42300865	 0.39598409	 1.05214309	 
-0.00671583	 0.77914675	 -1.11760008	 
0.13760424	 1.09196081	 0.55669574	 
0.53876741	 -0.29981423	 -1.26427094	 
-0.34929345	 0.42478679	 -0.81931012	 
-0.39535667	 1.22825532	 0.53874602	 
-0.42627848	 0.05813618	 0.45922744	 
-0.15471883	 0.34674369	 0.74342514	 
0.11789590	 0.08376160	 0.17401198	 
0.67814197	 0.06589293	 -0.90710435	 
0.21082901	 -0.40213006	 0.23527966	 
0.38366816	 -0.60320525	 -0.02332305	 
-0.66144532	 -0.34540541	 1.82546233	 
-0.66084624	 -0.92450799	 -0.51773847	 
-0.88416342	 1.07359053	 -0.46733333	 
-0.58067073	 -0.28371088	 0.78235935	 
-0.04729188	 0.23122470	 0.27067441	 
0.21294423	 1.28986148	 1.01080717	 
0.30587345	 0.50897605	 -0.39686466	 
-0.34947966	 -0.23098927	 2.24987260	 
-1.80249312	 0.02647420	 1.82121307	 
0.32112200	 0.15638338	 0.25739921	 
0.73277188	 0.28521650	 1.62688558	 
1.16406145	 -0.52076160	 0.27838261	 
0.19040383	 -0.07178314	 0.45685315	 
1.66448239	 -1.48240825	 -1.84993521	 
0.63054000	 -0.63921064	 0.84444589	 
0.44025647	 2.01912965	 2.00544465	 
-0.82901833	 0.80187441	 0.36695785	 
0.15484095	 -0.43852214	 0.29275790	 
-0.29422458	 -0.54707164	 0.45215964	 
1.55333685	 1.93824455	 -3.31886030	 
-0.46140820	 -2.80591648	 0.09683596	 
-0.60480218	 0.58183950	 -0.37133360	 
-0.39701985	 -0.65090285	 0.19945746	 
-0.25171533	 0.55905091	 -0.21463206	 
-0.48178145	 0.05790738	 0.09943971	 
1.02970426	 -0.27451917	 2.15698477	 
-0.84715860	 -0.41196974	 -1.16540357	 
-1.88426380	 0.84020997	 0.80497731	 
0.43457099	 0.26658393	 0.46176969	 
-1.12274849	 -0.30472956	 0.92862608	 
-0.82210333	 0.55852314	 0.75493858	 
0.21946970	 -0.10956969	 -0.02709492	 
-0.64806268	 -1.13444092	 -0.34250554	 
-0.19624149	 0.43027643	 0.47497320	 
0.04902683	 -0.07352423	 -0.06647265	 
0.21524482	 0.10084655	 -0.27078907	 
0.63319948	 0.47784916	 2.12274539	 
0.07794057	 0.05779999	 -0.33171543	 
0.53271474	 0.10712715	 -0.70841585	 
0.20148101	 -0.39072395	 0.38970229	 
0.91923939	 0.88449507	 1.05519583	 
-0.18160716	 0.38634022	 1.09746044	 
1.37021467	 0.11355039	 -0.36366469	 
0.75182628	 -0.18071977	 -1.50009875	 
-0.41683146	 0.10764372	 -0.16735197	 
-0.21189431	 -0.05295554	 0.39394090	 
-0.61686923	 0.31125554	 -1.15798658	 
0.24550918	 -0.02970731	 0.15755380	 
0.69880084	 -0.99102264	 0.08384316	 
0.00457978	 -0.78234758	 -0.31198079	 
-0.17990097	 0.35824272	 -0.95276410	 
-0.62934679	 -0.31925159	 -0.07871748	 
-1.16050599	 -0.70221296	 -0.78741396	 
-1.18511774	 -0.18256331	 1.42730049	 
-0.13503084	 0.36312608	 0.32764610	 
0.21755264	 1.18069801	 2.91411737	 
-0.20241502	 -0.25950624	 0.53635352	 
0.03760229	 1.46741884	 -0.07979159	 
-0.05147715	 -0.57792051	 0.37586364	 
-1.76254578	 2.64586196	 0.13763179	 
-0.23377174	 -1.82790061	 0.37772524	 
0.63654046	 0.25158909	 0.44948905	 
-0.05152099	 -0.78103694	 0.06297049	 
-0.59109275	 0.23947423	 0.52047201	 
0.16256727	 -1.17316710	 -0.18624425	 
-0.90307602	 3.33652750	 -0.21070603	 
-0.20379855	 0.42078259	 -0.81122505	 
-0.14680263	 -0.90709608	 -0.52563571	 
-0.28570810	 -1.09857460	 -1.48991754	 
0.29254890	 -0.06624351	 0.45054373	 
0.21590649	 -0.17863771	 1.14203207	 
0.88056446	 0.31532330	 -0.54723821	 
-0.31821291	 -0.03003119	 -0.53350247	 
0.81819205	 0.17301515	 0.92249312	 
0.10376970	 0.32725157	 1.34635452	 
-0.57383747	 0.56928218	 0.26341359	 
-1.94907193	 -0.63371573	 -0.29061307	 
1.13240936	 -0.76036117	 0.17659394	 
1.12963134	 1.73039310	 0.61020003	 
-0.01661894	 -0.01294046	 -1.10856463	 
0.74802825	 0.01498746	 2.23925370	 
-0.62206386	 -1.61749043	 -0.23097717	 
-0.69358688	 -0.11177958	 1.14459517	 
-0.40189296	 0.15023456	 -0.46510501	 
1.11485831	 2.40633518	 0.28413460	 
-0.81711304	 0.67456015	 1.13019714	 
-1.17443077	 -0.13269717	 0.55054418	 
0.08739393	 0.43535050	 1.61779442	 
0.65901041	 -0.11600296	 1.20057799	 
0.87850379	 0.39556474	 0.99440860	 
-1.09487083	 1.13086397	 -1.01111166	 
0.34976257	 -1.91149907	 0.69165898	 
-0.45429977	 0.07572965	 -1.10324061	 
-0.54275433	 1.19047197	 0.29647913	 
1.26012504	 0.29312979	 0.44763984	 
1.43512459	 -0.19410555	 1.13779730	 
-0.36767269	 -0.13744176	 1.77207514	 
0.35071272	 -0.14805243	 -0.83275775	 
-0.05547058	 -1.08795675	 2.55383729	 
0.36030902	 0.18369939	 0.06387983	 
-0.54728885	 0.20707361	 0.19618753	 
-1.32511956	 0.70085547	 -1.89985533	 
-0.26500600	 -0.09734176	 -0.72225474	 
0.71439231	 -0.98783374	 -1.94590403	 
0.33760230	 0.16782739	 0.90107506	 
-0.20362711	 -3.56111745	 -0.24892332	 
2.13084211	 0.94316716	 0.00395615	 
-0.73892458	 -0.96601571	 -0.04393729	 
-0.03235385	 0.64236454	 -0.06037159	 
-3.36282568	 0.73787483	 1.01712388	 
-0.09643972	 0.22981777	 0.10917463	 
0.35891966	 2.49801857	 -1.96248756	 
-0.99066701	 1.83255701	 -0.72763234	 
0.51156787	 -0.22619713	 0.78608536	 
0.67142208	 0.31715950	 1.31037238	 
-0.74281718	 -0.16378744	 1.34188052	 
-0.68368854	 -1.23124085	 -0.40002295	 
-1.54571948	 1.51256886	 -0.07780662	 
-0.11272856	 0.05155520	 -0.38120579	 
-0.50593696	 -0.55617274	 -0.21778921	 
-1.16775422	 -0.42532274	 0.61233321	 
0.26321971	 -0.88766824	 0.90786810	 
2.27198187	 -0.54946255	 0.25155076	 
-0.69401585	 -2.31651098	 -1.63916244	 
0.81071654	 1.13459357	 -0.05511159	 
1.95173755	 -1.35813168	 -0.96970244	 
0.05388603	 0.16999530	 0.35827674	 
0.51101075	 0.77478927	 0.39582996	 
-0.72829227	 -0.34479861	 0.25855924	 
0.63671142	 1.43829164	 -0.15525825	 
-0.89464335	 0.52877471	 0.58474366	 
0.63423771	 -0.89477221	 1.05419454	 
-3.14439076	 1.35701751	 0.19007372	 
-0.09825900	 -1.26954133	 1.41733124	 
0.18523367	 -0.06439333	 0.75152757	 
0.87094479	 1.93108341	 -1.02542565	 
0.06371959	 -0.32018448	 0.26698735	 
-0.11469285	 0.11438973	 1.25080191	 
-1.32651007	 -0.22169297	 -0.49182728	 
-0.43306190	 -0.04849119	 0.38510466	 
0.43001112	 0.39436734	 -0.12542477	 
0.90552638	 2.49391910	 2.33056254	 
-0.24155237	 -0.19156592	 0.06404148	 
-1.14843402	 0.09487155	 0.05588020	 
-0.25991762	 -0.14735135	 0.67002186	 
1.04015594	 -1.28319775	 -0.69900594	 
1.04488653	 -0.52505939	 -0.59071244	 
0.83205920	 -0.04295189	 1.31387480	 
0.08377455	 0.72838747	 -0.06531034	 
0.08244293	 -0.96376415	 0.26035529	 
1.49131351	 1.96589801	 0.33157387	 
-0.74777150	 0.58474137	 0.90039562	 
-0.08743965	 -0.16712716	 0.95093055	 
-0.81915806	 0.07070617	 -0.00160467	 
-0.70275405	 0.31488417	 0.17062569	 
-0.56269971	 0.02184461	 0.71085122	 
-1.25103542	 0.56608280	 -0.58447776	 
0.97205251	 1.56904438	 -0.03103162	 
0.44855075	 0.38307383	 2.41048078	 
1.04656516	 0.35458494	 -0.46510849	 
1.09201814	 0.85440882	 -0.64848196	 
1.41218961	 -0.51851334	 -0.31073166	 
0.63325450	 -0.47977137	 -1.01953703	 
-0.91756714	 -0.67258113	 0.74925154	 
-0.77194390	 -2.75246017	 0.87710179	 
-1.70935765	 0.76327557	 -0.55620277	 
-0.48975809	 1.08654288	 -0.95823274	 
0.30273393	 0.08118720	 0.24365956	 
-0.16103451	 -0.49340269	 1.18903860	 
-1.34401011	 0.32287072	 0.82367102	 
-0.22147998	 -0.03760799	 -0.23084945	 
0.10042730	 -0.52998212	 0.04839956	 
0.36933715	 -1.30785511	 -0.08965557	 
0.63686207	 -0.29346589	 -0.69606891	 
-1.38936364	 -1.09045217	 -2.76806055	 
-1.74189176	 -1.07726581	 1.33415864	 
-0.62604848	 -0.58948314	 -0.97317130	 
-0.15328852	 -0.02464528	 -0.50167255	 
0.51082879	 0.28266543	 0.36272275	 
-0.07321882	 0.96520336	 -0.26375931	 
-1.62012735	 -0.03400784	 -0.11979744	 
0.76141086	 -0.11780549	 0.45554141	 
-0.33066023	 -0.50552362	 1.76771576	 
-0.43433622	 0.68760297	 -0.03482132	 
-0.17565994	 -0.32932149	 0.20003701	 
0.33199850	 1.17293079	 0.21017229	 
0.01379297	 0.38275390	 -0.25529938	 
0.48892845	 1.43143481	 -0.63808434	 
0.75449870	 -1.22835314	 0.07929835	 
0.29762914	 -0.24904036	 1.36718507	 
-1.20821570	 -1.58592467	 -0.27998948	 
0.12615227	 0.57630392	 0.78430418	 
0.81234534	 -0.04370142	 0.61328213	 
-0.22187854	 -0.01360716	 -0.39689850	 
-0.36191461	 1.28161799	 0.57845518	 
-0.09160573	 0.23178372	 -0.10474515	 
-0.23132878	 0.31753825	 1.06700720	 
-0.86914518	 0.03530662	 -1.58086492	 
-0.25710333	 2.63128727	 -2.74433413	 
-0.75345600	 0.34565765	 0.85604638	 
-0.62602958	 -0.02651052	 0.85863504	 
0.80297150	 -0.45275132	 -0.37300838	 
-0.71370951	 -0.09607011	 1.17817372	 
-0.30345314	 -0.82698728	 -0.70331006	 
1.99653046	 -2.09076113	 -0.29149162	 
0.14631704	 -2.20287975	 -0.19345597	 
-2.39512002	 -0.42264421	 -0.78744794	 
1.53245374	 1.84557928	 -1.86010836	 
0.33365355	 -2.79135574	 -0.45275613	 
0.09874570	 -0.63312590	 0.86556638	 
0.99075400	 -0.00896029	 1.26158090	 
-0.13397781	 1.55320660	 0.72081311	 
0.98720069	 -0.18717859	 -0.92926607	 
0.17061042	 -0.15382437	 -0.46966991	 
0.99380532	 -0.45302473	 0.74394152	 
1.55651395	 -0.10194761	 -1.94655291	 
0.37482855	 1.50489560	 0.78022164	 
-0.10285922	 0.53661139	 -0.65214632	 
2.14376729	 -1.06267314	 0.98761634	 
-0.87628417	 0.97520624	 -0.29075778	 
-1.03181780	 0.13558782	 -0.43768711	 
2.72247704	 -0.73552729	 1.60985241	 
-0.93359577	 2.74022464	 -1.22971728	 
0.82005064	 -0.89487336	 0.15964282	 
-0.44001927	 -1.60965092	 1.70718376	 
-0.26224756	 -0.17670848	 -0.47351834	 
-0.30855894	 0.66396073	 0.46189622	 
-0.01778347	 -0.21675967	 0.50244267	 
0.09426752	 0.32284761	 -0.00715660	 
-0.46974764	 0.39452644	 -1.31411382	 
0.48632525	 0.01801170	 0.25984558	 
0.03008232	 -0.26237727	 -0.24170496	 
-0.85119329	 1.28597146	 -0.73559549	 
-0.56622971	 -0.98373197	 -0.59653393	 
0.45856281	 -0.85722294	 0.76548290	 
-1.01076207	 -0.44764261	 0.71597611	 
-0.34307122	 -1.17726319	 -0.57113464	 
-0.07057202	 -0.50502815	 0.10830692	 
1.08079112	 -0.05089862	 -0.93963063	 
0.77019938	 0.10476651	 0.13291852	 
-0.20453538	 -0.04138039	 -0.00357044	 
1.22564102	 0.85510506	 1.12908891	 
-1.04662853	 -1.48839230	 -2.07201150	 
-0.20177284	 1.02250227	 -0.06431995	 
0.77747910	 -0.28989331	 -1.93884078	 
-1.03949254	 -2.13326627	 0.06424839	 
-1.08495070	 -2.17945000	 -0.09312773	 
0.25014492	 0.73827337	 0.50614425	 
-0.10278450	 -0.10466841	 -0.07858456	 
0.26804910	 0.12471025	 -0.24972404	 
0.89172017	 1.95590429	 -2.74980753	 
-0.91916248	 0.98580523	 0.59138975	 
-0.88172107	 1.21387292	 -0.88520697	 
-0.48163925	 -1.27055875	 -1.74692173	 
0.11174601	 -0.15873491	 -0.19463308	 
1.55100979	 -0.43833668	 -0.30592083	 
-1.36906291	 0.12111900	 -2.51894521	 
0.63310248	 0.43569597	 0.38453319	 
0.20577457	 -1.92275429	 -4.57616580	 
-0.74753942	 0.79393060	 1.80450894	 
-1.02980077	 2.33814702	 1.31041067	 
-0.17589776	 -0.50614811	 -0.08830807	 
0.55435349	 0.39391624	 -0.89556032	 
-3.01856737	 0.37667965	 1.13078402	 
0.58140740	 0.56780995	 -1.13875971	 
-0.70777944	 -0.24837950	 -0.83018695	 
1.89638486	 -2.25175994	 0.87671064	 
1.09171102	 1.22459090	 -0.50676986	 
1.57255638	 1.62408362	 0.04847814	 
0.58123524	 -0.36891767	 0.97366456	 
1.07755624	 1.16218232	 -0.84474116	 
0.18167954	 0.22557147	 0.58930046	 
-0.50725693	 -0.07753043	 -0.14885735	 
-0.14034530	 -2.32262908	 0.20161128	 
-0.54872424	 0.58257434	 -0.35771819	 
0.40508484	 -0.33522110	 0.67266355	 
0.62903488	 -1.61621318	 0.22037292	 
-1.39894736	 0.12535400	 0.62751437	 
1.94448909	 -0.80606438	 -2.87179964	 
-3.01570388	 -1.18560574	 -0.10651257	 
3.59891859	 -1.80906127	 -8.79487301	 
1.22938938	 0.89558250	 -2.27919647	 
1.38078435	 0.08027199	 -0.34351467	 
-1.52202846	 -0.35423570	 -0.82361501	 
-0.16743458	 -1.44009235	 -0.50173641	 
0.64015238	 0.73403234	 -0.74215315	 
0.69665306	 -0.37219868	 -0.69930694	 
-0.08550619	 0.81133173	 -1.28420302	 
0.22465755	 -0.50465688	 -0.62715887	 
0.03556398	 0.63536753	 -0.34617152	 
2.08131661	 0.43458929	 -0.60031828	 
0.17531170	 0.24313453	 -0.26876149	 
0.40576644	 -0.11736471	 -0.21612682	 
0.16145581	 -0.55449319	 -0.96220010	 
0.11046913	 0.53936626	 -0.29610377	 
-0.01570265	 1.21786913	 0.76601618	 
-0.56982736	 -0.18319870	 -0.10335694	 
0.69920976	 -1.36846116	 0.53550057	 
-0.17461634	 0.93621523	 0.35325193	 
-0.37784749	 -0.39160694	 0.03568151	 
-1.27192916	 -0.48573660	 0.74069162	 
-0.58733651	 -0.75082401	 -0.35653126	 
-1.84993541	 -1.90709809	 0.16082229	 
-0.89704552	 -0.88443371	 1.34012590	 
-2.60956619	 -4.04541525	 1.49421715	 
-0.14956454	 0.12491413	 0.97792111	 
-0.41430660	 -0.41070111	 0.09997824	 
-1.02456908	 -0.58966945	 1.91192617	 
-0.76195941	 0.97927766	 -1.21139051	 
-0.02225604	 -0.22503638	 0.84183626	 
0.76255527	 -0.37150094	 -0.80884222	 
-1.82468975	 0.39263754	 0.48832910	 
1.04842701	 1.16778843	 -0.48562786	 
-0.30800111	 0.17973557	 -1.87658088	 
0.19039256	 0.17055929	 0.65850003	 
-0.10076087	 -0.51021977	 -0.04098503	 
-0.86843234	 0.47785820	 -0.05268246	 
0.25388786	 0.02417445	 -0.57057666	 
0.16322336	 -1.34413486	 -0.27551195	 
0.47225047	 0.03838643	 0.52544062	 
0.36380233	 -0.37838272	 -0.36730898	 
0.34200430	 0.14383203	 -0.05257888	 
2.04599952	 -0.84334399	 0.85940873	 
0.44958231	 0.03236918	 0.16642203	 
0.16783608	 2.97191691	 -1.27426971	 
-1.34001633	 0.73703393	 0.03681318	 
-0.81348931	 -0.14645169	 0.91775944	 
0.53583551	 -0.05714382	 -1.75853052	 
-1.57279649	 1.31543426	 0.14907318	 
1.11075081	 0.62214224	 -0.78470632	 
-0.38729897	 1.82486616	 0.57994237	 
-1.71590486	 1.64493620	 0.82742194	 
0.82714274	 0.37442987	 0.72650092	 
1.43160112	 -0.22477771	 -0.56143972	 
-0.06524681	 -0.11486277	 -0.22789204	 
0.87313228	 -0.67473057	 0.45900228	 
-0.75659640	 -0.00993372	 0.27177697	 
0.48725287	 0.12161757	 -0.35522720	 
0.36627887	 0.42442277	 -0.09561211	 
0.19137889	 1.43499647	 -0.31229487	 
1.52183019	 -1.84072563	 -0.26868664	 
-0.42967691	 0.71854481	 0.63641690	 
0.56318761	 -0.28592978	 0.17440864	 
-0.21422144	 0.51651192	 -1.02152670	 
-1.39687280	 0.46148827	 1.55236674	 
0.05994511	 -0.28413137	 0.40630780	 
-0.39940084	 0.18749564	 0.03641489	 
0.41788480	 0.32615280	 -0.33384872	 
-0.89893493	 0.39871048	 -1.02268057	 
-0.06409708	 0.35879617	 0.39330418	 
1.23750566	 0.17337487	 0.11476693	 
0.05393186	 -0.07561851	 -0.45650795	 
0.80433438	 -1.77856493	 -1.28835793	 
0.29076652	 0.45552880	 -0.13813590	 
0.00715973	 -0.15962128	 -0.34994791	 
-1.01508313	 -0.63186353	 1.93799843	 
-0.69467238	 0.34238771	 -0.65264246	 
-0.08693217	 -0.92154054	 0.47312551	 
-0.59633669	 -0.21064188	 0.18950663	 
1.49432898	 -0.06948006	 1.19683053	 
-1.45914162	 -0.11637021	 1.42655176	 
1.08437784	 -0.48072276	 -1.20773659	 
1.41753022	 -1.61098694	 -0.38818718	 
0.14405675	 -0.01081927	 0.44781070	 
-0.36142540	 0.98683217	 -2.04610907	 
-0.02097387	 -1.27382345	 0.20102293	 
0.18028757	 0.23819888	 0.27193953	 
1.09299741	 0.82761303	 2.31112143	 
0.88184257	 0.26382966	 0.71121959	 
2.16868587	 0.04585093	 0.64725673	 
-0.12257091	 0.94047203	 -1.33470056	 
-0.86977959	 -1.49764384	 -0.43595918	 
-1.26526548	 0.69345522	 0.01689899	 
-1.09128347	 0.29743059	 2.08303085	 
-0.47389766	 -0.02566137	 0.15855867	 
0.83814585	 -0.12433788	 1.25287904	 
-0.39705012	 -0.87231055	 0.12732820	 
0.80349282	 0.32616630	 0.97438499	 
-2.50773630	 0.44550995	 2.93302944	 
0.42831615	 -1.69866991	 0.57744180	 
0.83206478	 -0.23815851	 -0.36500107	 
-0.03194021	 0.94276936	 -0.33235309	 
3.50394540	 2.47599799	 0.57905553	 
-0.28625687	 -0.36515796	 0.04381858	 
-0.76055434	 0.29356908	 0.43162112	 
0.71572486	 0.23219620	 -0.66406759	 
0.50962854	 0.00412462	 1.14955624	 
2.03814166	 -0.64159061	 0.83337767	 
0.06038934	 0.05345050	 -1.89601045	 
-0.99993314	 0.55628894	 0.00036645	 
-0.21941790	 1.51713265	 0.60999513	 
0.46514761	 -0.60033295	 -1.03804586	 
0.13337700	 0.52765571	 -0.67764762	 
0.52172101	 0.41479966	 -0.18385168	 
-0.33055725	 -0.16386862	 -0.81973689	 
0.37255764	 -1.80409854	 -0.82251710	 
-0.31497183	 -0.28436889	 0.22343997	 
0.08774684	 -0.59654717	 0.47374624	 
0.83294028	 1.38774698	 -0.01323852	 
-0.09066750	 -0.58033787	 -1.58120516	 
-1.28579468	 0.46688960	 0.62665115	 
2.53800697	 -0.64475089	 0.87737675	 
-0.04323128	 0.38099238	 -0.74725583	 
0.05420523	 -0.08656383	 -0.33406312	 
0.72207619	 0.47941192	 0.72137629	 
-0.01539523	 0.39702798	 -0.36258460	 
0.14652958	 -0.23053182	 -0.14299123	 
-0.62872139	 0.35632849	 -0.07224316	 
-0.42805911	 -0.32868356	 0.53233202	 
1.33943185	 0.02766489	 -2.59608784	 
-0.31811419	 0.72349456	 -0.23756845	 
0.34538569	 0.00221760	 -0.31970419	 
0.20423906	 0.42024530	 -0.77612335	 
-0.55105863	 0.38051353	 -0.82752942	 
-0.23309022	 -0.39665767	 -0.48503182	 
0.07814771	 -1.13234515	 -1.89836431	 
0.78157096	 -1.08554678	 -0.17760132	 
0.20068928	 -2.24777363	 -1.21719896	 
0.14762006	 -0.08728562	 -0.38410375	 
1.24822764	 -1.30957454	 -0.41651523	 
-0.54810516	 0.07452211	 2.07417471	 
-0.72207453	 -2.37276106	 -1.83110049	 
0.63061622	 -0.13153529	 -1.51391476	 
-0.10520209	 1.25946917	 0.15027008	 
-0.35882319	 -0.31407334	 -0.18944512	 
1.55772071	 0.29747708	 -1.09798703	 
-0.00015517	 -0.44060080	 0.40741967	 
-0.32287998	 0.07177365	 0.69047588	 
-0.66944324	 -0.04674883	 -0.28317624	 
-0.40726908	 0.68827032	 -0.27815208	 
-0.45498922	 -0.62652702	 -1.30033399	 
0.82884765	 1.37409840	 -1.99419068	 
-2.19770488	 -1.31955605	 0.32109516	 
0.23060341	 0.20498954	 -2.41188276	 
-1.06374960	 -0.10267620	 0.13027501	 
-0.70684129	 0.70405058	 -0.88973673	 
-0.14171192	 0.05076993	 0.10919393	 
-0.57726551	 1.36273587	 -0.75120761	 
0.23086252	 0.54822848	 -0.60118985	 
0.20116538	 -0.90855608	 -1.40092634	 
0.35521152	 0.15971673	 -0.04285928	 
-0.40535619	 -0.58803696	 -0.45577984	 
-0.13762770	 -0.21910763	 -1.15719821	 
2.29580493	 1.07553844	 -0.75243795	 
-0.33715132	 -1.42158395	 -1.16790607	 
1.05998501	 1.37549579	 -1.14895785	 
-0.72182420	 1.06253901	 0.14592205	 
-0.33486543	 -0.17165015	 0.51374263	 
0.50126124	 -1.94042638	 0.58789989	 
0.37666468	 2.71558003	 -1.10082953	 
-1.31907551	 1.00801240	 0.93223375	 
-0.11600026	 -1.12356853	 1.93145079	 
1.14353495	 0.15159489	 -0.99073560	 
-1.10014864	 -0.85787510	 -0.78271399	 
-2.66334546	 0.50294483	 -0.42465172	 
0.63759439	 1.08177994	 0.35315634	 
-0.77265479	 0.40055885	 1.05192181	 
0.11716332	 0.12164310	 -0.09039940	 
2.08655533	 -0.78684668	 -1.35260663	 
1.00369003	 2.95572870	 0.58296196	 
-0.47718116	 -0.16612512	 0.90523774	 
1.16411570	 -0.75719467	 0.47996024	 
0.30753840	 -1.06222655	 -0.53580969	 
0.16067423	 0.46952041	 0.02963531	 
2.01628430	 -1.60715020	 0.68643728	 
0.12364519	 -0.67379606	 -0.97198964	 
0.57374264	 0.09122401	 1.23683024	 
-0.89682778	 -0.35057208	 -0.33132650	 
-0.39439191	 -0.17138203	 -0.43623798	 
-1.77137651	 -0.53039531	 0.54829101	 
-0.20217274	 -0.49330712	 -0.27097081	 
0.28916899	 -1.09738767	 1.16764424	 
0.32019207	 -0.39183726	 0.48892530	 
2.66563795	 -1.46111142	 -0.21574727	 
-0.75308498	 1.33271035	 1.12562049	 
2.25621483	 0.64599973	 -0.23446618	 
2.16454459	 -1.50668232	 -1.71774062	 
-2.44898458	 0.55806430	 -0.88211389	 
0.00379138	 0.19504769	 0.16378407	 
-0.55436383	 0.97554707	 1.09820388	 
-2.00915698	 0.16395866	 -0.43579977	 
-1.54884227	 0.35495199	 -0.52881626	 
0.83143454	 -1.02564034	 1.31820981	 
0.20289362	 0.04455328	 0.32757586	 
1.90497290	 2.63477401	 0.58130962	 
0.15708350	 0.00405708	 0.18923485	 
-0.22043075	 -0.61370731	 -0.98644871	 
0.99391292	 0.56163098	 -0.01608508	 
1.24402187	 -0.86920585	 -0.34229937	 
0.75593546	 0.21821772	 -0.62633260	 
0.36396400	 0.98230918	 -0.10126955	 
-3.72858308	 0.79572762	 -1.17605084	 
0.57506246	 0.07429874	 -1.63691768	 
0.34385067	 -0.19081387	 -0.34258741	 
-0.79418263	 0.26817263	 0.64882251	 
0.15963192	 -1.10635058	 -0.80285021	 
-0.65329499	 -0.20267977	 -0.25041425	 
0.28390628	 0.51009721	 -1.92759340	 
-0.38900559	 -0.27958481	 0.42143330	 
-0.60982553	 -0.68639344	 -0.09352136	 
0.51069180	 -1.54852874	 1.21569483	 
0.67197927	 0.21565256	 0.09792690	 
2.14575468	 1.12514523	 -1.07351731	 
0.14390091	 -0.97154343	 -0.75725391	 
-1.00869514	 0.60893648	 1.37279035	 
1.11430500	 -0.74626922	 0.12359808	 
-1.95327986	 -1.54202092	 -1.71647642	 
-0.88633915	 -0.15544217	 -0.41082322	 
1.20683629	 1.09082154	 0.37511878	 
0.98187940	 -0.91473827	 -0.30615425	 
-0.89680546	 2.50244114	 1.25184620	 
-1.84776614	 -1.52639579	 -0.18402325	 
-0.92782440	 0.01309443	 -0.42992524	 
-1.66457275	 0.47936719	 -4.73786325	 
-0.32810049	 0.98356235	 -0.60811501	 
0.43170311	 -0.80950739	 -0.04151736	 
0.43556795	 0.50824368	 -0.26448127	 
0.30988418	 -1.03372206	 0.03525934	 
0.32443830	 0.83415126	 0.02585794	 
-0.65519625	 0.32733203	 0.53938526	 
0.67998078	 1.04252422	 -0.90782816	 
0.48117881	 -0.03318001	 0.21061353	 
-0.58578708	 0.01124485	 -0.98102048	 
1.02380928	 -0.07560524	 1.20506889	 
-0.65722551	 0.08887816	 0.34122661	 
-2.43878110	 1.75192457	 0.22448156	 
-1.22296206	 0.13360924	 0.85816486	 
0.87325673	 -0.30314068	 0.12451508	 
0.90449688	 -0.02205363	 0.74809036	 
0.67942431	 -2.53351117	 -0.01616393	 
-0.56912866	 1.30432713	 -0.04447085	 
0.26111086	 -0.28770007	 0.17038260	 
-0.09740231	 0.30025540	 -0.33858899	 
1.75644114	 0.58462347	 -0.17521647	 
0.59053065	 -0.43891016	 -0.87936132	 
-0.54504213	 -0.33500706	 0.59748776	 
0.39166659	 -0.09316677	 0.05992240	 
1.79545470	 -0.47656511	 -0.27808643	 
-0.64847815	 -0.54560879	 -0.73378322	 
-0.36569497	 1.59536390	 -1.07701236	 
-0.25571301	 0.15218500	 0.52196975	 
0.69021578	 0.27511199	 -0.84586295	 
0.07853634	 -0.33006857	 0.01852615	 
-0.41136414	 1.22408203	 -0.17538990	 
-0.70292467	 -0.25455323	 0.88614358	 
-0.03322622	 0.88370200	 -1.00826394	 
-0.12082139	 0.22312678	 -0.20103364	 
1.11040472	 -0.60448444	 -0.98192631	 
0.70450794	 0.10834689	 0.80499876	 
-0.29526080	 -0.58729746	 -0.58437569	 
-0.46902901	 1.43509275	 -1.04469544	 
-1.95711864	 -0.39966010	 0.60744424	 
-1.95200871	 0.23145076	 -0.85638042	 
0.57677809	 0.33601841	 -0.91510889	 
-0.04605472	 -0.84088014	 0.52215725	 
-0.23616790	 0.39733119	 -0.41817405	 
-0.56089376	 -1.88521416	 0.39781732	 
-0.06867036	 0.11823928	 -0.64587562	 
1.08240890	 1.10024893	 -0.45041723	 
0.15904887	 -0.19002289	 0.21788991	 
0.34572044	 0.12235863	 -0.90992871	 
-0.58449075	 0.54253197	 0.50249068	 
0.79310573	 0.53573269	 -2.11883991	 
0.03586658	 -0.16695364	 0.45865083	 
0.31236057	 -0.13420026	 0.86065718	 
-0.09610870	 0.44653884	 -0.13421158	 
0.23984415	 0.58089939	 0.61964324	 
-2.66329163	 0.84420034	 -0.38693607	 
0.81251086	 0.18503717	 0.06341087	 
1.12994276	 -0.03072154	 -0.19713422	 
-0.56706002	 -0.68016884	 0.50921839	 
0.01790761	 1.58011683	 -0.62074585	 
-0.69260138	 -0.55253974	 -0.61569882	 
-0.11721824	 0.97962909	 -0.93027846	 
-0.78474659	 -0.36626810	 0.09481893	 
0.72841873	 -0.84673204	 -0.51615138	 
-1.34178563	 0.21047586	 0.41045459	 
-0.29747015	 3.13187461	 1.30185394	 
-1.30054559	 -0.54970832	 -0.19282293	 
1.29245267	 0.26173016	 -1.29010612	 
-0.04086689	 -0.65702439	 0.16329431	 
1.35913434	 3.08732330	 -0.97764473	 
0.21672760	 0.20945505	 0.25916457	 
-0.93475687	 1.76706857	 -1.61114342	 
-0.14258620	 0.17899622	 -1.02900756	 
1.74525531	 -0.56123910	 -1.50584000	 
0.17950477	 0.01188729	 1.19497624	 
-0.71126966	 -0.65035331	 -0.61825704	 
-1.67041642	 -0.46908474	 0.26394500	 
1.09564940	 -1.54682347	 2.43117935	 
-1.86287140	 -0.12865990	 0.86162150	 
-0.34060991	 -1.48631356	 1.47485376	 
-1.57792610	 1.11025539	 -1.28950019	 
-1.40626154	 -0.95675993	 0.81067678	 
-0.39226698	 1.90124736	 -0.28283478	 
0.08972460	 0.76675752	 0.44332698	 
-0.91300820	 -0.95275255	 -0.45261688	 
0.29802884	 0.34095668	 -1.07168346	 
-0.21396415	 -0.87961492	 -1.00330494	 
-0.84389918	 -1.92412090	 0.10183307	 
0.23712024	 1.53936630	 0.39061221	 
0.40560280	 -0.70885077	 1.14908286	 
0.20472943	 -0.87531637	 0.68027639	 
0.15937089	 -0.47573036	 1.76718109	 
-0.64150720	 -0.80434622	 -0.28215476	 
1.88148261	 0.25915708	 0.24986192	 
-1.26972199	 -0.66548707	 1.64344420	 
-0.54328798	 0.46225205	 0.55270392	 
0.75383585	 0.22913173	 -0.15597669	 
-0.40388612	 -2.08487881	 0.91820418	 
-0.11790814	 -0.17771578	 0.30962951	 
0.37525414	 -1.04276200	 0.37866221	 
-0.57837194	 0.01018688	 -0.15869320	 
-0.84877240	 1.24837366	 -0.09419435	 
-1.12144640	 -0.15779006	 0.23531898	 
0.41010143	 0.00351905	 0.95304038	 
-0.45097615	 -0.52476596	 -1.86017373	 
1.04913527	 0.29117235	 -0.46850982	 
-0.24380753	 -0.42475964	 0.28837970	 
0.08093940	 0.07660600	 -0.26725446	 
-1.00292716	 -1.13669390	 0.37416318	 
-1.02554733	 0.28946093	 -0.01332522	 
-0.86315977	 -0.62730272	 0.46958755	 
0.20718520	 -0.31491332	 -0.29902484	 
-1.16976241	 1.59166458	 0.03798003	 
-0.38144813	 -0.56767733	 -0.29624078	 
0.27179900	 -0.32383046	 -0.49513336	 
3.48841349	 -0.22103632	 0.91283648	 
0.28968673	 -0.74850892	 0.44519940	 
-0.78223360	 0.50772174	 0.63908662	 
1.21059702	 -0.67165905	 -1.30353608	 
-0.28137048	 -1.67949624	 1.02400634	 
0.97828239	 -0.44033851	 -1.11974959	 
-1.49402416	 1.04506210	 -1.79056650	 
0.44072432	 -2.30463201	 -0.21358631	 
1.12486213	 1.44454891	 -0.85356257	 
-0.45595816	 -0.45925934	 0.68469910	 
-0.30270175	 -0.17400286	 0.47593510	 
-3.41534907	 0.18408906	 1.38673479	 
-0.66903269	 -0.02858195	 -0.17246630	 
0.17415041	 0.22566648	 -0.14818477	 
0.22845985	 -0.12683829	 0.77100484	 
-0.14982626	 0.59579969	 -0.72501667	 
0.55125157	 2.28599427	 0.80074089	 
-0.30603295	 0.84876270	 -1.60009960	 
-0.03718295	 -0.13890469	 -0.22436934	 
0.28279286	 0.67450958	 -0.78636631	 
0.70184443	 -0.43047360	 -0.32424420	 
-1.15240263	 0.52052640	 0.65916527	 
-3.09787819	 1.32290944	 0.73383224	 
-0.08474826	 -0.71390821	 -0.11252765	 
-0.83580492	 -0.15375085	 -0.07122658	 
0.43485681	 -0.85600273	 0.95597894	 
0.95365086	 0.00389188	 0.31971420	 
-1.40849149	 -0.31331045	 1.24785019	 
1.47209003	 0.91306674	 -0.50423655	 
-0.07899575	 0.45348732	 0.01540035	 
-0.14816726	 -0.68872769	 0.66409765	 
-0.49865784	 -0.52274149	 0.35049386	 
1.43147246	 -0.56467636	 0.24601475	 
-0.38678699	 -0.31468271	 3.03950045	 
-0.01809031	 1.08544076	 0.82923553	 
0.00579928	 -0.39077788	 2.63486517	 
1.97899638	 0.72976671	 -0.60808778	 
-0.93073638	 0.45475918	 -0.26371701	 
-0.35535806	 0.37977379	 0.16074702	 
0.05198876	 0.64634273	 -0.44025740	 
0.39386070	 -1.10047096	 1.02387258	 
-1.87479107	 0.65423888	 -0.46227425	 
0.07643664	 -1.34762907	 0.95515666	 
-1.27882606	 0.11227579	 -0.59267576	 
-1.72662108	 -0.60746696	 -0.89822770	 
0.41407706	 0.51624393	 -0.50224254	 
0.05616537	 0.01895669	 0.04609254	 
-0.43428548	 -0.32874106	 -0.76779451	 
-1.19238565	 0.02532003	 -1.89463757	 
1.23873666	 -0.42132898	 2.56642875	 
-0.26798649	 0.01108203	 -0.70232293	 
1.22773574	 0.95451683	 -0.22451469	 
1.64016865	 1.70997589	 -1.39963285	 
1.70050512	 -0.84902676	 -0.31045377	 
-2.51247947	 0.80267816	 -0.86365950	 
-2.27413598	 0.53371161	 -0.86176736	 
0.31498221	 -0.11986461	 -0.27929658	 
1.85726975	 -0.07818043	 0.36191944	 
-0.00576361	 0.24115730	 0.04069561	 
0.71823646	 -0.00854882	 1.02779171	 
-0.16630625	 1.00430617	 0.14280221	 
-0.38228240	 -0.96440738	 1.84565136	 
2.77160455	 -2.65408291	 -1.57649327	 
-0.84741431	 0.86455929	 2.31732511	 
0.56405889	 0.30185126	 -0.89453805	 
-0.04897427	 -0.37174110	 -0.11562401	 
2.46127357	 -3.27183203	 -0.96965963	 
-1.24158345	 -0.40049092	 2.11153302	 
0.54691292	 1.84489394	 0.21163549	 
-1.21513501	 1.46281888	 1.01609975	 
-0.23053731	 0.10623481	 0.32188345	 
0.32007623	 0.94079109	 0.01548285	 
0.43204482	 1.32758676	 0.10325083	 
1.58314837	 -0.17653539	 1.49187832	 
-0.72133890	 0.00846150	 1.25497344	 
-0.22596361	 -2.17103408	 -0.69848459	 
-1.34697814	 -0.79714276	 -1.03636359	 
-0.16426216	 -0.87385600	 0.09388991	 
-0.47557334	 -0.02725473	 1.87298577	 
0.41047024	 0.09606126	 0.10557013	 
-0.16385561	 0.51689516	 -0.42790319	 
-0.19058773	 0.47844464	 -0.38181324	 
1.17896744	 -1.72335094	 -0.11833117	 
-2.24112451	 1.01618713	 -1.14380749	 
0.67643327	 0.06823794	 -0.23216875	 
-0.86380862	 -0.60295368	 0.90136528	 
-0.08464058	 -0.09062566	 -0.17879852	 
1.25662063	 -2.11551474	 1.10749038	 
-0.05691082	 -1.57097222	 -1.32574550	 
0.67500094	 -2.78871197	 1.54725735	 
0.66572320	 1.52414071	 0.98190870	 
-3.54040169	 0.38933773	 0.75425809	 
2.46158261	 -1.04711828	 -0.41969986	 
0.57462976	 -1.03904909	 0.61545186	 
0.57090426	 1.37536913	 0.75335098	 
1.30923874	 -0.67963874	 0.71617675	 
-0.69731341	 -1.04443815	 1.87872373	 
-2.19145646	 -0.26629114	 -1.33234771	 
-0.22237644	 1.53547670	 -0.14645233	 
-0.82333091	 1.41796337	 -0.04382795	 
0.38179117	 -0.58920413	 -0.57248013	 
-0.26806365	 0.34454294	 0.29900981	 
-0.37358483	 0.11697886	 -0.01874936	 
-0.27350773	 -0.06641580	 -1.07596838	 
0.57214398	 1.22160869	 0.58223177	 
-1.10863119	 1.04630527	 1.20946794	 
-0.10587005	 -0.37332808	 -0.66616711	 
-0.09100719	 -0.29970874	 0.63842742	 
-1.37599331	 -0.02214695	 -0.52997037	 
1.49029482	 0.19844008	 -0.43109494	 
0.31027173	 -0.07523240	 1.31054292	 
-1.42824009	 -0.92157384	 -0.02032555	 
-0.23487330	 -2.52627426	 0.02994256	 
-0.01834523	 0.14874989	 0.97036206	 
0.29806477	 -1.47598890	 -1.10689445	 
0.68567478	 1.58386209	 -1.88309582	 
0.51789552	 0.86456527	 -0.98890966	 
0.32856324	 1.35859850	 0.25623682	 
3.64555642	 -1.43683133	 -0.50087517	 
-0.45644866	 1.06839899	 -1.42552043	 
-0.01878377	 0.56117050	 -0.11096473	 
0.02964792	 1.56753391	 0.79595002	 
0.34255640	 0.11753302	 -0.93471806	 
-0.58257422	 -0.23477082	 1.30572749	 
-0.56319342	 -0.14894212	 0.47634767	 
-0.16643595	 0.36907330	 0.25062225	 
-0.20579624	 1.61392643	 1.23797291	 
-0.32829578	 -0.48422891	 -0.82128549	 
-1.26897831	 -0.37447445	 -0.39119331	 
0.12017153	 0.25333299	 -0.44595429	 
-1.03026985	 2.72639108	 -1.46718160	 
-0.27070862	 -1.27711831	 -1.79807446	 
-0.54814291	 -0.37355982	 -2.11503971	 
0.17115074	 -0.19758180	 0.89976516	 
-0.89326958	 0.34332311	 -0.14971435	 
-0.27140113	 0.93834482	 -2.41325781	 
0.94762545	 0.30853941	 0.04133517	 
-0.21824667	 -0.27593919	 -0.47851893	 
0.14988371	 0.06361288	 -0.95323105	 
0.22600960	 0.31584392	 0.04223604	 
0.81672509	 -0.23287178	 0.77413660	 
-1.08358712	 0.37641678	 -0.74213062	 
1.48936811	 -1.00531717	 0.40569757	 
-0.70368471	 0.38926182	 -0.33011820	 
0.38058388	 0.98445010	 -0.35986970	 
0.23999157	 -0.34292877	 -0.77308744	 
0.24530296	 0.27163640	 -0.38842900	 
0.06007113	 -0.79130108	 -0.13283326	 
1.40735209	 0.04343923	 0.58357007	 
1.25096417	 -0.42179687	 -0.04257712	 
0.82411413	 -0.23022419	 0.55979592	 
-0.23916944	 -0.93627053	 0.91964173	 
-1.39803343	 0.84076327	 0.92692417	 
0.64574977	 -0.99429757	 0.63731095	 
-1.19871805	 -1.54290383	 -0.12280103	 
0.35821944	 -0.03632985	 0.49219222	 
0.41152303	 -1.07337955	 0.80962488	 
1.21367070	 -0.71593032	 1.22234720	 
-0.30225052	 1.04251475	 -0.05195932	 
0.79247333	 -0.22878146	 -0.09895332	 
0.01304390	 0.32206231	 0.23443103	 
-0.50260309	 -1.90872699	 0.08394286	 
0.01496624	 -0.30097647	 -0.14239309	 
-0.82579878	 0.35010441	 -0.16250033	 
-0.61415391	 -0.31497804	 0.61341310	 
0.75116302	 -0.50004946	 -0.06680150	 
0.66231438	 0.62841848	 0.25933634	 
-1.06258895	 0.08775377	 -0.67191233	 
-0.24476728	 0.75410194	 0.38014287	 
-0.66165081	 -1.22632395	 -0.27545738	 
1.63125892	 0.07661991	 -0.52378048	 
0.23938854	 0.20809912	 0.18304717	 
-0.10118384	 0.10882833	 4.72186685	 
-2.13160896	 1.91479783	 -0.20690557	 
0.23091227	 -0.23561281	 -0.57419456	 
-1.52779766	 0.76373541	 0.85966678	 
-1.18327433	 -0.03874849	 0.46581962	 
0.87460780	 -3.29358939	 -3.99166706	 
-0.41600738	 -0.06798743	 -2.52927419	 
-1.27847160	 -0.22689148	 -1.33695409	 
0.25753755	 -0.13065752	 1.49218386	 
1.19298095	 1.21494319	 -0.50260920	 
0.05457587	 1.03837903	 -1.53519092	 
-0.09386607	 -0.28027922	 -1.47924095	 
0.30689381	 -0.39761042	 -1.64184337	 
0.38586893	 1.03835675	 -2.59410756	 
-1.21622020	 -0.99592610	 0.49382078	 
-0.06859139	 0.46467905	 -0.84649330	 
-1.23915197	 0.30620586	 -2.09664448	 
-0.66591610	 -0.64183488	 -0.19541396	 
0.20607547	 0.20245148	 -0.28393039	 
1.27925775	 1.56310657	 1.06710248	 
0.14942191	 -0.23359457	 0.10813680	 
-3.92273015	 0.25625348	 0.83226800	 
-0.22680138	 0.82882729	 0.61188397	 
0.06209477	 -0.87483385	 1.12912275	 
0.38090782	 -0.20104378	 1.56580494	 
-0.08647642	 -1.56471375	 0.58150573	 
-0.23643199	 -0.26604411	 -0.30653785	 
-0.37057803	 -0.54029930	 0.57528313	 
-1.93747461	 -2.80785283	 0.78042744	 
-0.35309095	 0.54799462	 0.44828656	 
0.38219438	 0.39854906	 0.34852596	 
0.40530716	 -0.37922341	 1.44732158	 
-0.28344133	 -1.36575962	 -0.15748533	 
0.18654118	 -0.09683958	 -0.18208083	 
-0.69308553	 -0.52764970	 0.14214142	 
0.16592958	 0.50992982	 -0.09142518	 
0.66201587	 -0.14638371	 0.50227771	 
0.38314423	 -1.45522958	 -1.70421329	 
-0.39400053	 0.33067085	 -0.59702982	 
0.35482944	 0.26379003	 0.24789678	 
0.75274617	 0.14742047	 -1.29885694	 
2.12994316	 -0.28335001	 2.62673111	 
0.31025181	 0.57082021	 -1.24342921	 
-0.11677128	 1.07797903	 -2.32271029	 
1.45190339	 2.20915128	 1.64961308	 
0.91691699	 0.89088937	 1.20201455	 
-2.34050091	 2.41051085	 -0.33244547	 
0.81000547	 0.20363705	 -0.54066049	 
1.95787554	 -0.66671985	 -0.98312597	 
-1.89266645	 -0.13092151	 -2.75660093	 
-0.94834324	 0.15010740	 -0.60124585	 
0.56663343	 1.20927801	 -0.99380749	 
0.11118072	 -0.56816821	 -1.30162732	 
0.65941866	 2.16663440	 -1.51329367	 
0.27541860	 -1.14277464	 -1.95414321	 
-0.18369246	 0.58063368	 0.07846134	 
0.39730701	 -0.66164643	 0.37024793	 
1.52649445	 -0.20866815	 0.12096952	 
-0.49530170	 -0.17038475	 1.94912872	 
0.18624697	 -0.74870632	 -0.57860766	 
-0.35537178	 0.81342324	 -0.31414645	 
0.07368301	 1.43236463	 0.36727097	 
0.13448011	 -0.13158776	 0.60431823	 
-0.05117360	 -1.52429447	 0.41772418	 
0.01121481	 -0.75497909	 0.55535717	 
-1.64991130	 0.90832232	 0.37460163	 
0.36863720	 -0.58226219	 -0.45874760	 
1.14998415	 -1.70929928	 2.21206050	 
-1.39333438	 0.40398549	 0.73283392	 
-0.59005449	 0.63113498	 -0.20975963	 
0.83176870	 0.37939369	 0.18464362	 
-1.01042598	 -0.12413810	 0.13405067	 
1.37158352	 -1.41859131	 1.32040946	 
-0.92391560	 0.11659251	 0.47901907	 
-0.44925948	 -1.81668594	 -2.21227113	 
0.53902532	 -0.10773070	 -0.67079921	 
-0.36301707	 -0.50051657	 -0.49985119	 
-0.29861238	 0.64516767	 -0.49039386	 
0.78110009	 -0.39585656	 -1.50034079	 
0.47160045	 0.89696410	 -0.18085262	 
0.58851604	 0.38298310	 0.29274325	 
1.05356013	 -0.29327275	 -1.40303388	 
-1.13194560	 0.50309058	 1.27636670	 
0.39113618	 -1.14462667	 -0.87022338	 
1.41036421	 0.93332138	 -0.72426036	 
-0.72243430	 -0.02586676	 -0.04985687	 
0.20288360	 -0.63389928	 -0.21191138	 
0.34506611	 0.46705030	 0.39405346	 
-0.39770205	 -0.66532405	 -0.42346196	 
-0.53981164	 -0.40889805	 -0.96039843	 
-0.36995837	 0.40960244	 -0.17605992	 
-0.86047148	 0.72869039	 -0.34868706	 
0.71502735	 -0.16305110	 -0.28329968	 
1.21015434	 0.44856088	 0.27314588	 
-0.35832299	 -0.76874057	 0.42970465	 
0.74546447	 -1.79297470	 0.40828133	 
-0.76960593	 -0.80944293	 -0.28132996	 
-0.90928417	 1.34468224	 1.31146328	 
-0.32841887	 0.52853565	 0.56610163	 
-0.30720265	 -0.83082149	 -1.92746573	 
2.37635082	 -0.94916387	 1.24125172	 
0.16822014	 -0.32525017	 -0.71369716	 
-1.10357301	 -0.74627053	 -0.28306998	 
1.00758309	 -0.07921016	 -0.57964239	 
-0.17157084	 0.27353327	 1.30443770	 
-0.51280799	 -0.30790713	 0.18312224	 
-0.50753769	 0.36667285	 0.26752807	 
1.40584013	 0.69817379	 -0.13422199	 
-0.67518710	 -0.90823266	 -1.03270985	 
0.13779539	 -0.04819904	 -0.23321983	 
0.30726344	 0.56369283	 0.19972959	 
0.53634372	 -0.72280200	 0.98364872	 
-1.56311686	 0.45460527	 -0.50964687	 
-0.09700397	 0.50852431	 1.42771509	 
0.99777078	 0.31990208	 -1.21404552	 
3.10108224	 -1.15632844	 -0.00775623	 
-0.82089241	 0.48182595	 -0.30266504	 
0.30562570	 0.82417040	 -1.20777915	 
0.15052754	 -0.09763054	 -0.74040506	 
0.28212475	 -0.18638314	 0.00568217	 
0.14978893	 0.80452011	 0.24870818	 
-0.67231347	 -0.67090041	 -0.02567041	 
0.44227410	 0.23019806	 0.79457286	 
0.02419069	 -0.23779118	 0.06093016	 
-0.06872093	 -0.27434099	 1.39821364	 
2.10949034	 -1.35637794	 0.58213731	 
-0.04772961	 0.15545285	 0.45088821	 
-0.03051481	 -0.31409570	 0.04116017	 
-0.82077618	 -1.24862549	 -0.10205342	 
1.40747978	 0.02951464	 -0.23569015	 
-0.32824797	 0.29485647	 -1.05258697	 
1.85639952	 0.76682638	 -0.22065523	 
-1.02438332	 0.35362931	 0.98919707	 
-1.61388266	 -0.64503034	 -2.21655693	 
-1.19827326	 -1.13151142	 -1.11212581	 
0.43723666	 0.08415569	 0.98181168	 
-0.15216625	 0.98878326	 0.10362980	 
-1.83518214	 -1.13309897	 0.81985557	 
-0.53882310	 -0.87907134	 -0.54857279	 
0.04533671	 1.03869408	 -0.27270509	 
-0.35265152	 1.38794038	 -0.35393781	 
-0.13717793	 -0.94758968	 0.73302885	 
0.71580476	 0.13652123	 -0.28109278	 
-2.12681943	 0.32055668	 1.82863560	 
0.10845402	 -0.06486108	 -1.28050691	 
0.78162750	 1.42049894	 -1.65804057	 
-0.09482295	 -1.22093104	 0.58757854	 
-0.02521566	 1.43852525	 0.43401180	 
-0.07280824	 -0.83514728	 0.47955693	 
-0.93138980	 -0.78399963	 -0.48378808	 
-0.37464833	 -0.52612224	 0.18105046	 
-1.87005503	 -2.81512058	 -0.80078139	 
0.73084214	 0.20562868	 0.21452866	 
-0.56352326	 -1.50822850	 -0.07701371	 
0.68078279	 0.64889713	 -0.63536463	 
1.52060679	 0.26393800	 -0.43639481	 
-1.14228167	 0.59324667	 0.29262649	 
-0.42301774	 -1.33942016	 -0.27784143	 
0.35937110	 2.62497294	 -0.05163052	 
0.41902070	 0.35700029	 -0.35780659	 
1.97710314	 -1.05987267	 1.59036743	 
1.06919900	 -0.76135781	 -1.55197380	 
0.91548212	 0.19001410	 -2.99708828	 
1.29705115	 -0.86812604	 -1.61647323	 
2.18276727	 1.08440991	 0.80962754	 
-0.32235610	 0.26035762	 0.77396403	 
-0.16296607	 -0.20652194	 0.19474994	 
0.75385400	 0.36475305	 0.18888959	 
-1.03969392	 0.78622164	 -0.06239251	 
-0.12943733	 -0.68895448	 -0.86755028	 
-0.10654803	 0.78228029	 -0.49822308	 
-0.75013381	 0.28765901	 -0.83446569	 
3.14831666	 0.24508897	 0.16800980	 
0.83359112	 0.88082925	 1.15573726	 
-0.60307766	 0.74057825	 1.14312316	 
1.02813845	 -1.44623600	 -0.14904795	 
-0.38528302	 -1.30436667	 0.83723162	 
0.40662771	 0.28729073	 -0.13519996	 
0.52084666	 -1.68981568	 1.74080889	 
0.14096435	 1.37621764	 1.09940650	 
0.14395209	 -0.11057421	 0.13893896	 
0.93729112	 0.42040661	 -0.35893096	 
-0.46349133	 -1.26406016	 0.93929986	 
-0.47323952	 1.31938094	 0.61703952	 
0.42141933	 0.61240018	 0.15562442	 
-0.19050402	 -1.67382813	 -0.13085477	 
-0.21669724	 1.62026181	 2.54623664	 
0.09633620	 0.55936537	 -1.08464670	 
-0.57154264	 -0.43159341	 -1.77294009	 
0.15835373	 -0.25363772	 -0.83028469	 
-0.06711119	 -1.00677154	 -0.19814705	 
0.43310876	 0.33575368	 -0.95838291	 
0.48359960	 0.12382037	 -0.21630312	 
0.00355000	 0.43152609	 0.56228490	 
-0.04724298	 -0.16753278	 2.54907244	 
-1.27604250	 -0.05984860	 -0.15744760	 
-1.23272640	 0.15796390	 -1.20013397	 
0.51332576	 0.49678097	 0.81361081	 
-0.40676237	 0.77548780	 -0.19340921	 
-0.38734898	 -0.44764571	 0.51150171	 
0.10364188	 0.93709611	 -0.92137751	 
-1.97599474	 0.35505955	 0.51294594	 
0.53110764	 -0.40607149	 -0.29672236	 
0.62331438	 -0.70136586	 0.74823256	 
-0.08594980	 0.31062336	 -1.79799887	 
0.83749163	 0.47037073	 -0.37675645	 
0.07097954	 -0.69519648	 0.51495339	 
-0.95915311	 0.43338345	 -0.95336134	 
0.85835767	 -0.89274891	 1.38406057	 
-0.93586930	 -1.26276506	 -1.23008957	 
-1.16565798	 0.27422510	 1.40812490	 
-0.34205642	 0.57709950	 0.20845332	 
-0.67711941	 -1.90507107	 -0.45490876	 
-0.33559436	 -0.14825470	 -0.03001854	 
2.00266908	 -2.46489227	 1.94038645	 
0.26155766	 0.65696023	 -0.61685431	 
1.00868443	 -0.99565842	 2.56830714	 
-2.07648435	 1.44991396	 -0.99349321	 
-0.10533173	 0.84997032	 -0.54167050	 
-1.00810239	 -0.48272539	 -0.57840783	 
0.23426230	 1.21237650	 1.75966312	 
2.36043577	 -0.68580592	 -1.28593704	 
-0.78354806	 -0.43592285	 -0.28419429	 
0.05092925	 2.02075167	 -0.28556674	 
-4.31223439	 3.04793719	 -3.20874004	 
-0.65550675	 -1.46027461	 -0.19899582	 
0.29458741	 -0.26176236	 0.14899301	 
-0.34662644	 -0.06305868	 -0.77039225	 
1.80800047	 1.61328211	 0.44575389	 
-1.02197925	 0.74075763	 -0.10291345	 
-0.18728513	 -0.14055669	 -0.24272343	 
-0.41285024	 -1.24381026	 0.73969843	 
2.04399909	 -2.36894256	 -0.48177972	 
-0.77683274	 1.74736134	 0.26308582	 
0.69997526	 0.13590199	 -0.17694108	 
-2.18698480	 0.68299057	 0.39753498	 
-0.22534409	 -0.10977445	 0.66223123	 
-0.12266683	 0.89667665	 -0.37367748	 
0.48266188	 -0.56271194	 2.42188379	 
-0.71749957	 -1.49638299	 -0.03788687	 
0.37061221	 0.22404396	 0.15847234	 
1.32655507	 -1.12764565	 0.36281284	 
-0.21066374	 0.13015673	 -0.66578143	 
0.79815896	 2.43589042	 1.04510665	 
1.29242810	 0.56793375	 -2.50571885	 
-0.74913583	 0.17958861	 0.60578163	 
0.67404917	 -1.09831906	 -1.94999198	 
-0.14960361	 -0.01836169	 -0.34771969	 
0.34411148	 -0.29468094	 -0.27608842	 
0.56844223	 0.93104610	 -0.28752450	 
0.39677879	 -0.29429005	 -0.81096786	 
0.48988370	 -0.20876785	 -0.53506601	 
0.57164799	 1.00863563	 -0.88542076	 
-0.93640231	 -1.26149484	 -0.13585585	 
1.63517785	 2.11897152	 -0.23921016	 
0.48292774	 -0.41200869	 -0.31092741	 
-1.00496771	 0.42824994	 1.37475195	 
-0.40325459	 -0.55857896	 -0.29726685	 
-2.09117216	 -1.00627282	 0.91517529	 
0.60324877	 -0.14893173	 -0.09965375	 
-0.63794195	 -0.70401119	 -2.33011352	 
0.42802205	 0.16757263	 0.36851384	 
1.07281164	 -1.27641276	 -0.37599075	 
-0.45289045	 -0.17339360	 0.48461208	 
0.20784484	 0.46381145	 -0.32663882	 
-0.60519756	 -1.05222991	 0.76709095	 
-0.25307320	 -0.55592364	 0.85192847	 
0.29296073	 -0.35827982	 0.72812461	 
-0.34046404	 -0.35999318	 -0.16313221	 
0.40489581	 0.72791417	 0.37646376	 
-0.57352655	 0.50842100	 -0.78936618	 
-0.20387033	 0.17168942	 -0.40993707	 
-0.14589568	 -0.68514271	 0.75212509	 
-1.60711174	 -2.43003402	 1.19515903	 
1.05375905	 -0.93415912	 -0.63885914	 
0.96728375	 0.41994804	 -0.53676864	 
0.76074006	 -1.15568789	 -1.31492605	 
-0.71019256	 0.83146494	 0.30610406	 
-0.48333584	 -1.26575912	 0.28772867	 
2.31699545	 2.30856676	 -0.18118638	 
0.17682004	 2.39535019	 -0.60626235	 
-1.64017462	 -1.78024998	 -1.34800240	 
1.26550986	 0.58764501	 0.28639061	 
0.34259611	 1.35861873	 -0.67675329	 
-0.21272139	 0.70772715	 -0.23026760	 
0.62100240	 -0.16968301	 0.27478390	 
1.58426705	 -0.57506054	 0.17824805	 
0.17256878	 0.84255003	 -0.06841342	 
-1.02701003	 -0.99385599	 1.54777957	 
-0.28472374	 -0.47236136	 -0.55743839	 
-2.48003037	 0.91024274	 -0.95823891	 
1.42823577	 1.04932908	 -0.88183698	 
-1.21716474	 1.00970230	 -0.31647604	 
-1.31315059	 -0.87429955	 0.26181527	 
-1.04151423	 0.25858894	 0.13088827	 
-0.53420196	 0.63579470	 0.36710176	 
0.93885115	 0.88089887	 -1.30461631	 
-1.05118602	 -1.00320697	 1.41691682	 
0.69487473	 0.57117300	 -0.92122555	 
0.85932301	 0.03757745	 -0.81269401	 
-1.06272277	 1.80013446	 0.16709224	 
0.97950712	 0.09629243	 1.23579482	 
-0.75685886	 0.25587630	 -0.42835787	 
-1.04561334	 -1.04543901	 0.73916712	 
-0.19567506	 0.27651414	 -0.58351429	 
0.93990934	 0.02511066	 -0.98983081	 
-0.29400688	 -1.71800432	 1.44202882	 
-0.07332967	 -0.13151563	 -0.33545973	 
0.26624987	 0.12084619	 1.02226058	 
-0.24241016	 0.82663802	 -0.70003369	 
0.27026312	 -0.02550365	 0.52784591	 
1.20325811	 -1.94507719	 0.21174565	 
0.48784868	 -1.10438797	 1.47730711	 
1.59078868	 -1.27127577	 0.88617473	 
0.11117696	 0.14153720	 0.47106799	 
0.60531505	 -0.37711217	 0.47501249	 
0.29082724	 0.52006376	 -0.92111062	 
-0.17107061	 0.24716101	 -0.14040304	 
-1.14269152	 0.76931986	 -1.58516153	 
-1.16442176	 -1.00905751	 -0.87966249	 
-2.01445837	 1.48130210	 1.23550470	 
0.42116796	 -0.38119260	 1.16280341	 
0.23245425	 -0.79683393	 -0.63670293	 
0.12341040	 0.07510643	 0.14669410	 
-0.00486852	 -0.67090480	 0.30565039	 
0.04327240	 -0.08382320	 -0.15671192	 
0.29313362	 -0.45204718	 2.89706671	 
-0.69231819	 1.01527750	 -0.80661824	 
2.83671337	 -0.12877375	 -1.24082895	 
1.88472946	 -2.21370745	 1.40712335	 
-0.12303589	 0.73222100	 0.27009336	 
-1.28824296	 0.95982932	 -0.74335992	 
0.89524993	 0.56713243	 -2.39539492	 
-0.36755377	 -0.08418411	 0.06222297	 
-1.36344111	 2.25049392	 -0.62413678	 
-0.18394782	 -0.03473702	 -0.04058035	 
-1.97001422	 0.44934567	 1.67035753	 
-0.87981123	 -0.39730074	 -0.00332989	 
0.88066628	 -1.17858313	 -1.46065611	 
-0.61422489	 0.33232050	 1.44845021	 
-0.90802355	 -1.02228909	 0.27830444	 
0.40735709	 0.29726823	 -0.31119288	 
-0.54864474	 0.93099518	 0.18273210	 
0.77832126	 -0.57114456	 -1.41893909	 
-0.27277249	 1.61483427	 -0.51405757	 
0.51707313	 -1.55006518	 -0.82146950	 
-0.11814151	 0.35591123	 0.31581037	 
-0.29162725	 0.55414269	 0.42798805	 
-0.33088398	 -1.78215262	 -0.36991794	 
-0.64688209	 -0.15189837	 0.96688040	 
0.44837381	 -1.30551628	 -0.14268052	 
-1.26903477	 -0.45537739	 -0.79556693	 
-0.99104987	 -0.47479561	 0.35919313	 
1.54285797	 3.96945592	 -0.35543747	 
-0.78920137	 0.23996115	 -1.75089427	 
-0.73982992	 -1.56909283	 -0.21786620	 
-0.15104277	 -1.24872731	 0.22325893	 
0.07122481	 -1.13023062	 1.14739691	 
1.36607665	 0.63648845	 0.44863005	 
-0.74894551	 -0.49005209	 0.16103525	 
0.10915121	 1.27208587	 0.21208826	 
1.54679623	 1.08008798	 -3.08037710	 
1.44462953	 0.88352382	 -0.81446484	 
-0.22519029	 -2.56087670	 0.72485762	 
-2.16243163	 -0.19908482	 0.23619064	 
-1.78075738	 -0.09964931	 0.22426879	 
0.48893196	 0.07476239	 -0.13338886	 
0.17464584	 0.74106120	 0.42797651	 
0.34168428	 0.45807583	 -0.32443676	 
1.88782191	 2.59624231	 0.33127930	 
-0.31286025	 0.15209524	 -0.10078956	 
-0.33487780	 0.42354258	 -0.33321391	 
0.18943610	 -0.27520667	 -0.14059205	 
0.97226121	 -0.05285891	 -0.12757843	 
0.51858311	 0.64254967	 -4.96942324	 
-0.49191075	 -0.71554800	 0.28421517	 
-1.33479668	 -0.95074319	 0.00518332	 
1.27914392	 -1.56565037	 -0.00167498	 
-0.64596260	 0.08573681	 0.46378114	 
-0.09942037	 -1.69256979	 0.27951182	 
0.38535654	 -1.36206141	 0.33221428	 
-1.38723070	 -0.25037025	 0.04555148	 
0.47742773	 0.35257948	 0.83996574	 
-0.05594110	 -0.86646564	 -1.19524496	 
-0.34771247	 1.18777484	 -0.61479858	 
1.20549687	 -2.06968270	 -0.99567698	 
0.15232557	 0.38611899	 0.63253493	 
0.26284446	 -0.88722068	 -1.26979961	 
-2.12545634	 -2.10414850	 0.02215537	 
-0.53592792	 1.81990274	 -0.17152107	 
0.23162998	 -1.02743610	 0.83796355	 
0.55121966	 -2.20748755	 -1.21450557	 
0.17176117	 -1.54548205	 -0.39547984	 
-0.18894095	 -1.41246537	 -0.78605049	 
-1.12649795	 0.94366578	 0.66473592	 
-1.28092943	 0.38029013	 -1.73874967	 
0.85372893	 -0.66201422	 0.57108008	 
0.61098265	 -0.69062694	 -0.25574051	 
-0.21802709	 0.50155621	 -0.84879220	 
0.59674191	 -0.06358453	 0.40261305	 
-1.69381095	 0.17856766	 -0.16527233	 
-0.13867553	 -0.65766428	 -0.21829400	 
0.33482119	 -0.16282419	 0.38598034	 
-0.63109984	 -0.72645233	 0.64782542	 
-0.70703629	 0.51469827	 -0.61428124	 
0.23545290	 -0.22518477	 0.23063273	 
-0.13069133	 -0.27768220	 1.29574459	 
-0.72672707	 -0.87073103	 0.33595546	 
1.02369276	 -0.49746142	 1.39047598	 
0.70315644	 -0.08251544	 0.33010872	 
-0.71812774	 1.31671659	 0.16651376	 
0.86070804	 -1.14226874	 2.16480810	 
-0.53625878	 -0.27034498	 1.03450768	 
-2.06849210	 0.74650621	 1.73058123	 
1.18318921	 0.39819425	 -0.46400905	 
-1.57935514	 -0.32115043	 0.58281055	 
0.56352468	 0.95042594	 -2.07007182	 
0.35033136	 1.42636560	 0.52687286	 
-0.81445665	 -0.68859253	 1.08609047	 
-0.74681651	 -0.30968085	 0.73936673	 
0.82816278	 -0.02186272	 1.06355233	 
-0.03443223	 -0.89516178	 0.04171153	 
1.08354947	 0.48624688	 2.11327471	 
0.29106036	 1.49213510	 -1.16429335	 
-1.31393701	 -0.21121347	 -0.91344798	 
-0.75635535	 0.70847665	 1.20906565	 
0.32333762	 0.62400175	 0.04033174	 
0.81059971	 0.00756596	 0.33042031	 
0.83908130	 0.04964009	 -0.02826564	 
0.48725589	 0.48543592	 0.17702453	 
0.14492606	 0.06225722	 0.40500245	 
0.02893861	 -1.33293995	 -1.29962086	 
-0.59436071	 0.10192065	 -0.34663601	 
-1.46153747	 1.24993000	 0.12964759	 
0.79022161	 0.20174845	 -0.34507046	 
-0.04019377	 -0.08667518	 0.29983083	 
-0.05659435	 1.50896923	 1.13766233	 
0.83069219	 0.69821914	 0.92567191	 
1.61941014	 -0.70744024	 -0.95342106	 
0.00514063	 0.10092964	 -0.39032068	 
2.28555780	 -1.45466939	 0.68861708	 
0.29325892	 0.46063580	 1.02100204	 
0.24318859	 0.72636129	 -0.17163335	 
0.12629985	 -2.19808692	 1.71075173	 
-3.41606146	 2.96827688	 0.43266488	 
-0.34363565	 -0.98696063	 0.88137891	 
-2.49218053	 1.33081554	 -1.31813201	 
-0.09211346	 -0.91255952	 -0.33819585	 
0.75671243	 0.78369198	 1.56632411	 
-1.15998061	 0.56560099	 -0.27408253	 
0.06316809	 -1.79124484	 -1.63851998	 
-0.43753853	 0.26707524	 -0.13525479	 
-0.56233204	 0.18926909	 -0.30416985	 
-1.51981678	 -1.27596108	 -0.30488649	 
-1.57737993	 0.58664643	 0.42814263	 
-1.17682268	 -1.21959649	 -0.57570797	 
1.70014900	 -0.87575936	 1.95038753	 
-3.44802337	 1.99561456	 -1.66511091	 
-1.94957094	 0.93947618	 1.99729228	 
1.31020280	 -1.45076021	 0.50448466	 
0.48606114	 -0.13434989	 -0.47248590	 
-0.67440897	 -1.00647065	 -1.12781330	 
-1.13061006	 -0.63503740	 -0.46219275	 
0.02726648	 0.46954447	 -0.28972759	 
-0.70743945	 1.24960502	 0.20220486	 
0.13257890	 -0.04207420	 0.71806604	 
-0.26347358	 -0.08073586	 -0.25071045	 
-1.32252658	 0.69283869	 1.99364666	 
0.20783576	 -0.68545463	 -0.32653394	 
1.68097613	 -2.10608715	 -0.67361234	 
-0.21336770	 -0.62136822	 -0.33363696	 
-0.24580965	 -0.80330691	 -0.81361692	 
1.03860926	 0.70868465	 -2.19242080	 
-0.44173737	 -0.50126154	 -0.27308043	 
-0.46486951	 1.45576546	 -3.09649175	 
0.03503763	 0.45043087	 -0.43198768	 
-0.20015004	 -0.08428371	 -0.21448714	 
0.41746017	 -0.85402077	 -0.80242119	 
0.20251654	 0.13584356	 -0.36495562	 
-1.81328341	 2.58348738	 -0.14926507	 
-1.10842446	 0.22137515	 -0.26335428	 
0.44596286	 1.17875316	 1.12256056	 
0.25859339	 -0.91488754	 0.43951808	 
0.74118478	 -1.78724185	 0.92288895	 
1.80973672	 0.32291615	 0.05396740	 
-0.42674472	 0.35204982	 -0.28644877	 
-0.62547578	 0.34443363	 0.22656066	 
-0.13782716	 -1.15571264	 0.32960704	 
0.97610703	 0.32072129	 1.11766097	 
0.58352932	 0.61395926	 1.27209123	 
-0.70045993	 -1.14965912	 0.49849855	 
2.11383819	 -0.47447309	 0.72223741	 
0.89062420	 0.60572852	 0.56461264	 
0.37787951	 1.95186273	 1.49714333	 
-0.41692182	 1.20739226	 0.01464467	 
0.31138634	 0.08206545	 -0.32272118	 
-0.30947738	 -0.33157411	 0.89779721	 
-2.08171661	 2.01427389	 0.14217495	 
-0.20931764	 1.45989418	 0.74582104	 
1.91495039	 1.56092366	 0.72367509	 
-0.08747577	 1.56705615	 -0.76054480	 
-0.58023959	 -0.16578231	 1.71877674	 
-1.11795151	 0.12361312	 0.82252017	 
0.53276755	 -0.67431010	 -0.78815852	 
-0.22980442	 -0.00234794	 -0.25930034	 
2.21186373	 2.73884597	 -0.00388269	 
-0.30369008	 -0.23676292	 0.44682247	 
0.09611063	 0.62489399	 -1.10523240	 
-0.40276336	 0.07537544	 0.23108009	 
0.14158133	 0.59369870	 0.45369626	 
0.12020248	 -0.01674479	 -0.49311797	 
-0.19748809	 -0.12535547	 0.36903085	 
0.68154277	 -1.53371461	 -0.88117894	 
-0.16583465	 1.17461963	 0.60581501	 
-2.00092061	 2.93828826	 0.06159832	 
-0.50239711	 -0.20654100	 0.48609193	 
-1.54020933	 0.04901015	 0.44581035	 
2.08060013	 -0.88665422	 -1.35059148	 
1.45687936	 -0.59271013	 -0.18802069	 
-1.72566977	 0.89294427	 -0.79519169	 
0.03655452	 -0.33277539	 0.46847642	 
-1.03802553	 -0.24647680	 0.06133283	 
-0.47057730	 -0.95638024	 -0.21369453	 
-0.00436426	 -0.20803774	 -0.04273747	 
0.28493043	 -0.76749217	 -1.69455714	 
0.27397916	 0.01443356	 1.03380764	 
0.54069380	 0.96690697	 -0.35515003	 
-0.15006859	 0.42976442	 -0.68731381	 
-0.06071149	 0.40955801	 -0.46939459	 
-0.64503793	 1.01771298	 -0.61258069	 
0.09917640	 1.44952028	 0.87538057	 
-0.24083714	 -0.24706048	 0.82516593	 
-0.96013244	 1.09825717	 1.16549688	 
