x	y	z
-1.54785622	 0.92773050	 0.92882291	 
-3.16536501	 -7.01583561	 -4.25078158	 
-0.38299451	 0.56555498	 3.06493118	 
4.60559222	 -1.40252270	 -2.12710383	 
2.89608320	 -1.06822111	 4.27215263	 
-2.65373995	 -4.67085678	 3.02528064	 
-8.98126525	 1.23099851	 4.12396848	 
0.32130331	 0.63646039	 -1.62809443	 
-1.01187967	 2.06206661	 -5.96833238	 
-2.72353941	 0.79705795	 -2.39162633	 
2.41482281	 5.80052773	 6.56234982	 
-0.20444649	 -2.95393892	 -2.84875597	 
-0.83865407	 1.81627830	 2.73155723	 
-2.76122736	 -2.16248299	 1.53585272	 
4.18897912	 0.46378665	 7.03536347	 
0.45221932	 0.68068257	 6.51282172	 
-2.50176360	 -2.42529192	 3.60059505	 
2.06073430	 6.30656169	 -7.02309960	 
-0.60890900	 0.37898569	 -2.38521096	 
2.76677545	 6.87591271	 5.69274249	 
-4.48888026	 -2.49424236	 3.52969540	 
0.70126319	 -1.13027721	 1.91632669	 
-2.61214540	 0.75122697	 0.64757314	 
0.76348776	 0.47776913	 2.81914037	 
-3.04068773	 -0.20166841	 3.21727840	 
2.84461518	 7.02064288	 3.13770714	 
-1.51853185	 -3.32308913	 4.43289167	 
-0.15509601	 -0.01512767	 -7.19368524	 
-0.41479531	 0.35505791	 -1.14120765	 
-3.68959183	 -1.56349325	 -3.54013192	 
1.80656565	 2.76081460	 5.46485199	 
1.70829957	 -0.64052915	 4.53001363	 
-3.82215063	 -4.75657981	 -4.43793349	 
2.10675045	 -0.12083395	 3.27496168	 
1.45415821	 1.40320968	 13.40011094	 
1.58692389	 -0.27862469	 -2.07496869	 
1.02126904	 0.11918739	 1.86159150	 
0.08676171	 -0.38569490	 -2.64603945	 
1.05693855	 -3.90263095	 -5.73232654	 
1.06331429	 -0.45467310	 -2.93797491	 
-3.13992593	 1.05317751	 -1.46851065	 
0.79363340	 -2.33821801	 6.07856556	 
0.40859907	 -0.99049993	 3.05430866	 
-2.65608063	 2.81315677	 4.79581038	 
0.26357072	 -2.25220694	 1.68367658	 
-1.91985277	 4.16576545	 -5.11858915	 
1.08892609	 0.11593993	 2.70506520	 
-0.09311639	 -1.13835804	 -2.05855602	 
1.14326547	 1.91053404	 4.04899191	 
-1.06453405	 0.61345329	 2.80514419	 
-0.06305264	 -1.37606475	 -3.66549695	 
-1.67507648	 2.65649723	 2.79760957	 
-5.96763780	 2.25244747	 4.60161479	 
0.80601211	 0.62344185	 -4.65093024	 
2.05141014	 -0.76543772	 2.94057486	 
0.24797184	 0.59979243	 -2.42103004	 
-3.36899626	 -1.67369923	 -1.38770503	 
-3.85075900	 2.15538552	 6.08314624	 
0.15603748	 0.57855410	 4.97512986	 
0.80367986	 -0.09715109	 -1.28207546	 
-1.40662820	 -0.00112935	 8.51332263	 
2.65580956	 2.28704676	 2.38349912	 
-1.09184116	 -0.00806628	 2.98408490	 
3.51267706	 -6.15070514	 8.96644900	 
-2.74522873	 2.52059487	 5.98302114	 
0.05517269	 -0.02612504	 0.77219456	 
0.93279942	 -0.34362254	 2.04104305	 
0.96559569	 -2.33871182	 6.48272788	 
0.44907607	 2.51451783	 6.87797790	 
-1.32222886	 4.55782146	 4.73232389	 
3.61499663	 3.18436095	 2.48846489	 
1.29494579	 3.10846722	 8.08139698	 
-1.49906085	 0.45798331	 2.86884548	 
7.40828458	 1.11854040	 -8.79443906	 
-0.93745860	 2.12136504	 -4.28650074	 
1.08133406	 0.73535240	 7.39378691	 
-0.67135143	 1.80006739	 -1.86352090	 
0.96813717	 -1.51618620	 -1.94140391	 
-1.62971500	 -2.16481891	 2.90849579	 
-0.66426599	 1.09921314	 2.60165307	 
0.33147046	 0.41233296	 2.97608109	 
-0.11669099	 1.33898406	 -2.93932144	 
1.41622625	 -0.73877819	 1.97991268	 
0.88160646	 3.45763178	 -0.77284282	 
-0.78157581	 0.52981415	 0.78143748	 
2.51306877	 2.88095873	 -3.45221491	 
-2.71089767	 -0.00277277	 3.29941362	 
0.03527890	 -0.49866164	 -1.85548175	 
0.20269684	 0.86781635	 -2.32538659	 
1.17904293	 -5.67805723	 6.80560806	 
0.10646860	 -1.88660394	 3.58863290	 
-1.71172670	 0.77499005	 5.22523720	 
-2.56626414	 -0.43853358	 -1.32215008	 
2.02530861	 -3.57861823	 3.51475456	 
-4.68711614	 -5.87281311	 3.64502636	 
1.30970603	 -1.96856784	 -3.96972735	 
-3.01091444	 2.39420183	 -3.43815972	 
-1.19486571	 -0.54564150	 -2.63762147	 
0.29704711	 0.47625540	 -0.79389676	 
-1.81874095	 3.01865098	 -2.42507115	 
-2.07352628	 1.37783405	 -3.72908091	 
-2.69660154	 1.62852565	 8.93082479	 
4.93210147	 4.68468529	 5.38273147	 
2.37996007	 -0.00264252	 -2.53234848	 
-3.73760405	 -0.52635569	 -1.99189281	 
0.79907289	 -1.14849088	 0.67673714	 
-0.58319917	 -1.87043169	 -6.60535182	 
0.11949293	 -0.78814999	 -1.38536828	 
0.31007917	 1.31416963	 2.40272133	 
6.00387126	 -0.90657913	 -7.37859851	 
2.75859636	 3.94745214	 -6.24088275	 
-1.77224243	 1.86394108	 -1.79740671	 
-3.38149681	 -0.06047931	 -2.80682120	 
-2.85954033	 0.93337016	 -3.47647814	 
2.05358316	 -0.76858392	 -4.53568409	 
-0.21378470	 -0.74274233	 -3.69008605	 
0.54961679	 -0.41229678	 -1.83565415	 
1.26269921	 3.33157966	 -7.94948924	 
-0.60319121	 0.90887906	 -2.87503085	 
1.36394345	 2.03304562	 6.78125735	 
5.42676568	 10.91907532	 7.03084651	 
-1.21084944	 0.17162444	 6.37019657	 
-2.31600469	 3.04284203	 5.34220995	 
-4.20251076	 7.19123332	 -4.07960423	 
3.38724796	 -1.35654450	 5.21483247	 
1.42488027	 1.78712360	 1.89540457	 
1.49907173	 4.94808903	 4.30829079	 
-0.03809831	 -2.96122693	 6.89320991	 
2.58044376	 2.24730446	 2.40025422	 
-2.12383771	 -2.74555537	 2.07075717	 
-2.91894571	 -0.36359818	 2.57870128	 
4.69003181	 1.64434543	 -2.54132688	 
5.37332675	 -2.43511746	 3.06765780	 
2.25438358	 -3.07425453	 4.55392971	 
1.62903643	 -1.02147871	 -2.95780383	 
-1.70079128	 -0.46620217	 -8.58819452	 
2.53678413	 3.26458267	 -5.79343787	 
-1.04680282	 -0.37958751	 -6.00260435	 
-0.56478567	 0.36645399	 6.95485635	 
-2.96665658	 2.90802574	 4.46962298	 
0.17629498	 -1.46521813	 1.56578159	 
-0.87791139	 0.28900915	 2.42924615	 
-0.55246336	 -1.24291978	 2.46436047	 
0.28299649	 -0.29537530	 -2.81710778	 
0.66952641	 -1.09190670	 0.78037057	 
1.74945456	 2.18853529	 2.41169769	 
-0.22802932	 4.09024045	 -3.45867672	 
-3.10478133	 5.32092561	 -5.61415178	 
1.28648543	 -1.41129317	 -3.72192439	 
0.81667121	 2.77613187	 2.86849128	 
-5.40218658	 4.62504099	 -7.45308845	 
-0.16600621	 0.46230785	 -0.43839765	 
0.33162369	 -0.97369730	 2.64350433	 
-1.45831923	 -2.27958643	 4.12298618	 
-1.63792006	 -1.37212064	 -2.30664687	 
1.39634001	 -2.19994844	 -5.35295442	 
1.58588614	 4.71604269	 1.58009340	 
3.14981917	 -2.47736236	 -1.77454977	 
-1.35683405	 1.17933156	 2.29205311	 
-1.80851872	 1.60308630	 -2.61338685	 
-2.00530928	 0.30594060	 6.29869897	 
0.24702192	 -1.22571692	 -4.03119701	 
-1.73325724	 0.88102359	 7.92423302	 
1.53126426	 1.14189048	 4.36544367	 
2.17127504	 -4.92009926	 4.79707452	 
-2.00239802	 -6.84202516	 -5.59614334	 
-0.63914846	 2.68791413	 -5.55340426	 
-1.39318783	 2.30820625	 -4.38399959	 
-0.33422365	 -2.59678641	 -1.88477734	 
-1.00439341	 0.50188763	 4.38468130	 
1.73265541	 2.13585955	 3.61892243	 
-0.14970450	 -1.86425400	 6.36206994	 
-0.03405204	 2.31195416	 1.55531014	 
-0.27504279	 0.79745131	 1.43828901	 
1.48768521	 0.16821269	 -1.13593541	 
1.06762243	 -3.67774682	 -3.04401786	 
-1.00204873	 1.74470614	 2.85130738	 
0.16362147	 -0.69343774	 2.71782834	 
3.30871976	 -3.51725371	 -4.82041490	 
-0.00485736	 1.12653781	 -5.39309094	 
1.62132136	 -0.26295356	 3.76336938	 
3.18264188	 -1.43724359	 1.31565704	 
-1.92404319	 -1.74559060	 4.59704661	 
-2.50683845	 -5.17090737	 -4.33447192	 
-2.10038788	 4.15908488	 3.42686038	 
0.19225009	 1.99654169	 5.36842810	 
0.61365259	 -3.36973914	 -4.22281420	 
0.94122013	 -3.09675255	 3.72539480	 
-2.96950844	 -1.59378175	 -3.80943562	 
-2.23103418	 2.24495974	 -6.63055829	 
-1.53565751	 0.38228350	 -1.76328252	 
-0.75034797	 -2.96584003	 -2.69507447	 
-1.65480488	 -0.35490060	 -3.03678514	 
3.09116261	 -0.80629756	 3.79917531	 
2.53198632	 -1.54419225	 3.94800066	 
-5.08851949	 -2.85894294	 5.34472287	 
-0.26964837	 0.70602767	 4.93030963	 
0.96180716	 -0.39121208	 -2.63488768	 
-3.82884786	 -2.20868528	 5.58627742	 
0.43959610	 -2.03556878	 1.98478868	 
1.96017481	 -1.15363468	 -4.98484842	 
1.94446128	 0.26484229	 -2.42986461	 
-1.29149363	 -1.37375323	 2.38830214	 
2.56292345	 -4.01363886	 -3.52897200	 
1.24455029	 0.34070789	 -4.25948119	 
0.56655792	 1.06083841	 -2.35201732	 
-1.90672419	 7.33345915	 -4.39834933	 
2.57773093	 -5.67021048	 0.99190531	 
-6.05392391	 1.69687865	 6.30504445	 
-0.15893737	 -0.83453005	 1.00444187	 
-0.94311261	 7.82749896	 6.41752913	 
-0.28940946	 -2.30804658	 6.91645929	 
-1.18372305	 -0.00880738	 -2.99179767	 
-5.09138742	 -11.45020262	 -4.15455153	 
2.41579921	 -5.22826029	 -3.07196433	 
-0.81550908	 -0.54444985	 -5.44011746	 
0.32432960	 -0.51228143	 0.92015940	 
-1.58915941	 3.09251766	 5.31575485	 
1.60790710	 -1.03983893	 1.89879961	 
0.45201318	 -0.84518132	 2.47250859	 
-1.24445294	 3.93598907	 2.14553046	 
0.87815616	 -1.46741347	 3.86754296	 
1.50138855	 1.29956667	 2.85462344	 
-2.78212791	 -0.27555624	 -7.73326626	 
0.15150301	 1.35176167	 4.57025374	 
1.08856566	 1.14769341	 -0.81013132	 
-2.30850682	 -0.14323305	 -5.97951606	 
-1.79731414	 -6.51358986	 7.36603416	 
-2.85634179	 1.19403111	 7.91839908	 
-0.97704484	 -0.88836552	 1.25783966	 
-0.49524383	 -1.06542315	 -2.24918051	 
-4.57259544	 -4.59755877	 -3.58944711	 
0.30459542	 -0.61571524	 2.17730489	 
-0.36522664	 0.90986218	 -1.04019776	 
3.14529994	 0.30088439	 1.60408217	 
0.70368911	 0.13081939	 0.31454830	 
1.58084310	 4.21163355	 -7.64008739	 
4.39541332	 -4.65461446	 1.45319417	 
-0.19233154	 -3.38894498	 7.61646842	 
-0.08342145	 -0.24813705	 2.41973858	 
-1.15404714	 -2.85869514	 -4.05313159	 
0.68889572	 -0.38504047	 3.15030144	 
-2.02563805	 1.63251146	 -4.26612353	 
1.63897094	 -0.93552117	 1.84284586	 
0.76410410	 1.86174613	 4.57845398	 
-0.90509436	 -1.04598176	 3.15350473	 
-5.62303697	 5.14040822	 2.98519471	 
1.51886462	 0.33557003	 1.70106694	 
-1.10706541	 0.18554654	 4.47675655	 
-2.03405662	 -1.32036613	 -2.14489098	 
-0.65304671	 0.52651846	 -3.63456272	 
3.65739090	 -0.52963308	 2.82016279	 
-0.49677176	 -1.54976202	 3.27575172	 
2.65440437	 -2.06088852	 5.13755820	 
0.78684559	 0.83039711	 2.28788788	 
1.56602152	 -2.51708733	 4.34750994	 
-0.28144597	 -1.66251699	 9.54118758	 
0.77046710	 -2.89623633	 3.77742741	 
0.97067546	 1.73320827	 -3.30316496	 
-0.23288374	 -1.52349012	 1.50669819	 
2.80955543	 -3.17724250	 6.54073731	 
0.83154316	 -1.80604308	 2.02483351	 
-3.20173842	 0.87395772	 3.79528555	 
0.43847445	 -0.46974692	 5.10985327	 
0.93811913	 7.54067292	 9.13477299	 
-0.64290795	 0.55969552	 1.67757020	 
4.70945476	 -3.20967346	 -3.31710649	 
1.88704986	 0.29280281	 5.42925146	 
-0.98035902	 2.24059223	 2.61738709	 
1.29038895	 -0.98862477	 -1.87264534	 
4.34457260	 -2.74144685	 -8.06854341	 
-3.13557915	 -0.35993983	 -1.69916082	 
0.34899364	 -3.38001804	 2.57257304	 
5.32492967	 -1.92336934	 4.79119450	 
0.92751307	 -0.22072067	 3.80070762	 
2.79485115	 2.30653919	 1.96325471	 
-0.86763392	 -1.81925518	 2.42990228	 
-1.37194647	 1.75983059	 3.33068639	 
0.44134900	 -2.80376039	 -0.59951330	 
-2.40307468	 -3.59638049	 -3.78048094	 
-0.64906252	 1.72071880	 -3.09961952	 
-3.01354851	 1.57325147	 -3.98802700	 
-0.91134273	 1.23971370	 -2.67462775	 
-0.02339338	 3.97827475	 -8.56074022	 
-0.06418244	 1.73993113	 -2.08552679	 
3.05826811	 -1.97772980	 -3.28741339	 
0.56624491	 2.37042207	 -2.49577781	 
-1.06773010	 -6.05354180	 4.30697338	 
-2.90663290	 -2.53236485	 3.53167541	 
0.56332405	 6.08658993	 6.38144192	 
1.02819441	 1.18562123	 -1.95330778	 
-2.75280164	 -2.54603993	 -3.06698843	 
3.05364013	 -4.05745366	 -5.48027063	 
0.14248908	 5.39222165	 -5.33602935	 
-1.48695826	 -1.40041169	 0.64235977	 
5.22367588	 1.80586484	 -6.06726910	 
3.88362103	 -4.11752288	 -7.70701525	 
4.01110853	 0.67890265	 -6.34133311	 
-0.95011785	 -0.63599860	 -6.55518375	 
-1.38751945	 3.56191651	 3.14767853	 
-1.20839712	 -1.72096616	 -2.53758956	 
-2.69385442	 -3.11217098	 -2.84026912	 
0.37803506	 0.92592492	 1.53339874	 
-0.56576898	 -3.11674919	 2.31479311	 
0.13126352	 0.30704995	 -1.15420685	 
-2.75025636	 0.40004478	 3.14816699	 
-1.10215320	 2.58957303	 -10.82150150	 
-1.81545329	 3.69775188	 2.79155150	 
-0.56453374	 -0.57234598	 -6.15021518	 
3.11263912	 0.94983820	 -3.54105636	 
1.08809733	 0.96471921	 -4.21030035	 
1.11784295	 -0.68661452	 -0.69985437	 
-0.59502988	 -0.82222672	 1.56292426	 
2.08046598	 -0.45562424	 -2.99762807	 
-0.45246409	 -1.30299321	 -1.10374730	 
-0.21291355	 -1.79260457	 -2.00741984	 
-0.79056276	 -0.93829115	 -9.58227674	 
-1.67764361	 -0.20722481	 -3.81823211	 
0.05691467	 0.40678530	 -5.05099360	 
0.02818025	 -4.03966306	 3.36168770	 
0.08803545	 -5.84236400	 4.53375283	 
0.09355446	 0.31688683	 2.68629202	 
1.22146302	 0.31676467	 -4.10083627	 
1.62143674	 -2.77742196	 8.27839507	 
0.70522299	 2.20057376	 -6.61870785	 
0.13210828	 0.61870311	 -5.28019355	 
2.97678800	 -4.41385891	 -5.37525265	 
-2.43720389	 -3.54712149	 2.61946928	 
0.72706421	 -0.44037789	 4.49527364	 
2.80353843	 -1.24377150	 -2.19650375	 
1.81094882	 1.36081181	 -3.85666771	 
-2.93663615	 1.70932362	 -3.89911557	 
6.50516265	 -3.81487104	 -5.07163063	 
-1.51131246	 -2.23118686	 4.84837026	 
0.70570807	 -0.97046884	 2.54963609	 
-3.19250533	 3.41645185	 3.30021576	 
3.50901094	 1.52741853	 3.54633422	 
-1.71421387	 5.42949795	 1.12763528	 
-2.89981727	 -1.69694323	 -1.69265387	 
1.04588292	 2.07949247	 2.19372981	 
1.11600375	 0.12635000	 2.94977640	 
-0.15328576	 -1.28792409	 7.07500930	 
1.90963435	 -2.48524726	 2.60048086	 
0.27270207	 3.49402999	 6.09800925	 
-2.71786656	 2.02144789	 2.83912458	 
0.01824515	 4.42632713	 -3.77890612	 
-1.36968901	 -0.24144937	 -4.43332630	 
-0.48787836	 -1.22098479	 -1.41731414	 
2.26744631	 2.22885775	 3.28590987	 
1.61764935	 -1.84380951	 1.44838167	 
-1.43369127	 1.43506831	 3.74285894	 
0.29988582	 -1.11680706	 1.96786893	 
-1.38360407	 -3.63931502	 -1.55302659	 
1.06866340	 -1.29098166	 2.28011579	 
0.69162381	 1.11147851	 3.90579607	 
-0.40885310	 -2.23617714	 -4.85919154	 
1.52223822	 -5.93972175	 8.61301351	 
-0.48558430	 1.75647168	 5.73037796	 
0.87214609	 -0.51744601	 -1.56835925	 
2.44912648	 0.69950666	 -2.17767048	 
-1.30572317	 -2.85689071	 -2.03341000	 
-0.47020768	 1.80627434	 -7.16366568	 
-3.24107662	 -6.57432964	 -8.36241443	 
1.53106595	 -0.24768974	 -6.44357628	 
-5.30316411	 -4.79641932	 5.20209409	 
0.13242180	 1.56614012	 3.67370471	 
-2.42488600	 -2.33582869	 2.59405754	 
-1.73476901	 -1.80209912	 -2.69439835	 
5.02238552	 -1.33614387	 -5.49962312	 
2.21498144	 -0.72783685	 -2.31882348	 
-1.65064433	 1.49402919	 1.61848323	 
-0.16509308	 0.25830727	 -4.31858149	 
-3.62465515	 0.64887935	 -3.42726469	 
-2.33069489	 -0.97858945	 5.94391271	 
4.56619952	 3.64277337	 5.17877858	 
-3.26762321	 4.27959900	 5.16188854	 
-2.88646140	 -2.06760733	 -5.47768503	 
-3.21452394	 1.71706589	 4.74409245	 
-1.23474684	 -1.81337736	 -6.42173017	 
1.66139638	 -3.68320095	 -2.36760731	 
-0.26403265	 -2.34695471	 -1.65359042	 
0.88387636	 -2.22002663	 -3.31195526	 
3.78091864	 1.39977428	 -4.38101569	 
1.14382136	 1.94218742	 4.28711154	 
1.12461719	 -0.72257601	 -3.68259314	 
0.29588451	 -1.85234893	 2.13010941	 
0.19733851	 0.26050928	 -0.52062105	 
2.30966126	 -1.94412237	 4.24457672	 
-3.21087886	 3.58045945	 -5.12060440	 
1.68180084	 -3.34442451	 -3.59789193	 
0.42035404	 4.20040187	 4.24831187	 
-0.19878556	 0.52927847	 -2.03737476	 
-1.24657853	 1.89998304	 2.88088204	 
3.30621972	 -0.29011951	 6.98601176	 
0.35036429	 -1.45115627	 -4.14160822	 
2.29141928	 -0.52273011	 2.39919647	 
0.97882677	 -1.10089446	 2.27734602	 
-2.49050223	 -1.96968611	 2.43095667	 
-4.25429550	 0.86914715	 9.26718237	 
-2.08152036	 -3.26633361	 4.06664386	 
5.08772123	 -0.89038971	 7.56086807	 
-4.91677241	 -3.81776730	 -6.06383291	 
-8.20292683	 0.19646890	 6.50439644	 
-0.08468276	 2.84837942	 3.89190250	 
-0.36301818	 1.43455383	 -0.78764036	 
-0.74184033	 1.90448045	 3.62011370	 
-0.29210122	 0.37833854	 -2.02262676	 
0.10333422	 1.34704434	 2.09225794	 
0.46376969	 2.69207887	 0.68850839	 
1.72805141	 0.69687822	 -2.79603437	 
-0.27295949	 0.54295847	 -2.48658891	 
2.04723077	 1.24096834	 3.91884296	 
-3.47890294	 -2.58073597	 4.09616761	 
0.01490804	 0.26001120	 1.72511891	 
-3.22406402	 -3.60439935	 7.02281067	 
-0.18710347	 1.92328164	 3.38543416	 
4.75764599	 -2.72925185	 2.25450659	 
0.06678756	 2.04517532	 -2.38941412	 
-2.03782685	 1.00371906	 -0.86404585	 
-2.77792025	 -5.12633852	 4.08900531	 
-1.50706121	 3.99885425	 6.12305072	 
-2.14657103	 1.84879994	 2.73064995	 
0.70972124	 -2.24287512	 -1.93034862	 
1.19587514	 -0.90995246	 -3.94173566	 
0.73422751	 1.89009067	 -2.04951305	 
5.16856057	 2.91119336	 -5.48634071	 
-0.32671944	 2.22238866	 2.21715522	 
4.71978041	 -4.49389562	 -4.89089688	 
-0.80571193	 -0.77670429	 -3.24006876	 
-0.00331786	 0.45224418	 -0.72031906	 
-1.09894393	 1.26435630	 0.57277646	 
-7.06307610	 3.99983708	 6.49692920	 
0.92867073	 -5.41728063	 4.43602374	 
0.00712807	 1.68423125	 2.40641594	 
-0.13966448	 0.07762289	 -3.33297791	 
0.19366967	 0.11894122	 -1.42164545	 
-0.92588936	 1.70566442	 -2.93882336	 
-3.51428525	 -2.00776251	 5.10798349	 
0.53745352	 -2.36203828	 4.32165757	 
-0.33519235	 -1.72312196	 3.02575522	 
-3.20952767	 -3.91491007	 6.02325140	 
0.49953915	 -2.06466075	 -3.57687816	 
-0.82608598	 -0.20413600	 -3.14169047	 
2.36735130	 3.13919812	 2.98459066	 
1.20090865	 3.89383623	 -3.73096017	 
-1.26662313	 0.22304125	 -7.34676106	 
-0.61786662	 0.46881465	 -3.51528413	 
0.20251685	 1.51313301	 -1.43001312	 
3.27182056	 1.74454287	 -2.61063268	 
6.30355241	 -6.10960131	 -3.86525282	 
-3.23809556	 4.15825112	 -10.35964604	 
-3.53234900	 -3.34167831	 -3.74268817	 
-0.61013282	 -1.57457190	 1.66420747	 
4.05192108	 -1.25813672	 3.54676111	 
-0.11199509	 -2.17749368	 -1.92699368	 
1.61386897	 1.41158505	 -3.93183732	 
0.60204877	 -0.35519287	 -2.08898780	 
-0.81619066	 1.92377050	 -4.93460292	 
0.36190314	 -4.98946047	 3.38411803	 
-2.26632545	 -1.56419858	 6.09655491	 
0.36191368	 -3.58523221	 1.94379793	 
0.01943322	 1.13127405	 -4.17232379	 
0.03108258	 2.11129970	 1.52439780	 
3.62323579	 -3.04095892	 4.02964956	 
-5.99834766	 -0.65180878	 -7.97968777	 
-1.78761440	 3.25707648	 3.86444975	 
0.22919816	 1.28873595	 4.77221903	 
-2.34411477	 -0.13974079	 3.26078072	 
-0.04011159	 -1.12737589	 8.72388689	 
1.68590946	 -0.49645984	 -5.60946572	 
-0.50376942	 -4.26865395	 3.39890333	 
-2.90276691	 2.51101844	 3.11609200	 
-0.95764644	 1.20546308	 -2.03169758	 
-1.07918676	 -1.86694238	 -3.55401116	 
2.31852080	 4.17036328	 -3.63142311	 
-0.84648155	 -5.01902592	 4.61443199	 
1.54847805	 0.38961599	 2.45280604	 
3.17106770	 2.15212417	 1.23050831	 
-0.30479774	 -0.48493396	 4.99456211	 
0.41978313	 0.19703401	 1.40634365	 
1.53780716	 -2.06328657	 1.06680605	 
-2.79603213	 3.97042433	 -7.23697996	 
-3.82667415	 2.22245567	 1.00093007	 
-2.36023767	 -0.85739567	 1.26748428	 
2.07131160	 -1.92066968	 2.24284359	 
-1.27047467	 -0.21217042	 3.15112643	 
3.90909781	 2.41631333	 1.68727254	 
0.17959062	 -3.29350353	 -2.24791460	 
-4.22705236	 -1.11975266	 -2.93029882	 
3.23396937	 3.49795779	 -2.89790697	 
-5.45082334	 0.09871391	 -2.68756211	 
-0.67429990	 -3.48923822	 -3.51636000	 
1.04894465	 0.72759887	 0.98563648	 
-4.45802102	 -0.34761169	 -4.21644301	 
0.19186037	 -4.02556302	 4.42449885	 
-1.02500114	 -0.88257418	 1.09154949	 
-1.28451604	 1.91427792	 -4.74082493	 
-1.67707622	 3.31565956	 2.66260918	 
2.57261988	 -2.08666640	 2.32187994	 
-0.52909540	 0.77595980	 2.87083465	 
0.30331840	 0.07362797	 2.53614973	 
1.92596644	 0.19209137	 -4.23416597	 
0.35779214	 -0.75787448	 -4.62785677	 
6.10023620	 -0.91825070	 -2.82316085	 
-0.26949409	 1.81989083	 -8.06929310	 
-0.12810942	 3.86206943	 -3.31518615	 
1.03146496	 -1.63457517	 -2.56062580	 
2.84634853	 3.25370226	 2.65531952	 
-2.40910574	 -2.05822010	 3.94147184	 
-0.45977353	 1.61687534	 2.88277211	 
2.60121684	 -1.22308056	 2.27833831	 
-1.24127276	 0.87913837	 -4.31477358	 
1.87438615	 -2.78645860	 -3.66879533	 
1.73959252	 1.14247325	 -2.51190970	 
-2.44365129	 -1.26391605	 2.58409395	 
3.32441098	 0.88386324	 5.34878122	 
-1.56639730	 -0.52715543	 1.88094958	 
0.75514987	 0.45544801	 -2.02850805	 
0.75106996	 -0.58588339	 1.75824176	 
0.13361983	 -0.96494619	 -1.59849740	 
-0.15476037	 -0.87716007	 -2.26769081	 
-0.81217410	 -2.79575040	 -3.36502878	 
-0.49442922	 -0.96890092	 -9.05373511	 
2.24004898	 0.32226957	 -3.33974043	 
3.48417915	 -1.82604507	 -3.13060294	 
0.55541964	 -0.88191146	 -1.50652501	 
-1.40866401	 -3.00753328	 4.29339287	 
1.73783727	 1.34464622	 2.64326907	 
-5.86042294	 -0.29472515	 -2.79743840	 
-1.22112450	 -1.08352599	 -1.20757675	 
1.28941991	 1.91281386	 5.03981042	 
-7.97951482	 1.40811027	 -5.59764426	 
0.42510845	 -0.70351578	 3.58081756	 
2.36771394	 -2.03225876	 3.53129474	 
0.18646235	 -0.79844781	 -2.85447194	 
-0.92596546	 -0.16293871	 1.59088053	 
-3.43363492	 1.17673356	 8.23806492	 
4.40760258	 -0.10762367	 4.68813232	 
0.10287426	 0.60600570	 2.46205386	 
2.81067937	 0.03729111	 -1.78119118	 
0.14972235	 -4.76882508	 -4.23770471	 
0.48708445	 1.34768787	 -4.74583673	 
2.55239797	 -1.16227607	 5.98873132	 
0.52066879	 -1.28846621	 -3.40378840	 
0.80157960	 1.63715155	 2.11727903	 
0.48394140	 -2.55679554	 1.20240034	 
-1.39456376	 -4.35153769	 -6.11252128	 
2.25784358	 1.11124918	 -3.19743922	 
-1.90056420	 -2.60776818	 -1.32153971	 
-1.91811604	 1.01751403	 3.63595539	 
1.45014120	 1.87207088	 3.45270503	 
4.02672901	 0.39929667	 4.69489034	 
2.51965619	 0.90022686	 -3.13377198	 
4.06768657	 0.03904596	 6.41862565	 
4.30958116	 1.27743853	 3.87685228	 
0.61680121	 1.60793930	 1.68360104	 
-4.14420542	 -3.32576956	 7.15138695	 
-0.40205388	 -4.66305972	 7.32471630	 
-2.83004748	 -0.61087415	 -4.64284675	 
-0.97712167	 0.89088229	 -7.63248311	 
2.76141042	 -2.35245019	 -6.07440741	 
-3.13450032	 4.31467767	 -5.82415499	 
0.32440511	 0.30004524	 -6.61584112	 
2.46904481	 -5.20266426	 4.92566161	 
0.37013268	 8.51138666	 2.90803945	 
-0.36992334	 -2.87333917	 3.16253877	 
-1.78287476	 -1.08299734	 -3.03241645	 
-0.56314942	 1.99373734	 -2.83636229	 
2.76624420	 0.48823489	 1.31906532	 
-1.33436385	 -0.40819075	 -4.48162207	 
0.13062441	 0.08081745	 -5.76509367	 
2.41987872	 -1.53987012	 3.18692478	 
-0.71540496	 1.62040598	 1.89555242	 
-1.50213289	 -4.12296408	 4.16676699	 
1.47826276	 0.76488467	 2.82464889	 
2.13433280	 -1.02789784	 -3.88524480	 
0.10318947	 -0.08402995	 -1.79555594	 
-1.62465437	 -0.51443249	 -1.21326862	 
-0.88389477	 -0.59987874	 -5.81936977	 
1.01497248	 7.26261838	 -6.26369153	 
0.02918253	 3.18214964	 -2.86115643	 
-0.26588080	 -0.05267734	 3.63368192	 
-1.47811156	 0.98510391	 -4.71177088	 
-1.43440627	 1.18026197	 4.53416035	 
-5.26196432	 8.61263050	 5.40225430	 
1.14933632	 2.00543956	 2.80885065	 
-3.17943487	 -0.15454598	 -0.77408231	 
2.89504449	 -0.17107341	 -2.32834437	 
0.65673565	 1.53732547	 -2.10490882	 
0.48699451	 -2.25197631	 -7.61001285	 
-2.27605904	 -2.47549757	 1.56579192	 
2.40554502	 3.30115643	 2.40576509	 
-2.80962739	 -0.18078587	 -1.56102156	 
0.98600128	 -1.65239175	 -0.84314820	 
-0.28927154	 -4.12494865	 6.72566842	 
-3.14690428	 -2.48348378	 2.35804384	 
-1.74017244	 -2.64845519	 3.50567817	 
4.39996966	 -2.20860677	 -0.55453386	 
0.93938860	 -2.66804319	 3.85004950	 
1.35444098	 -2.98917659	 -1.28195704	 
0.92811375	 2.33436538	 -5.26598978	 
-3.32287816	 -3.43088048	 6.15403450	 
3.05707700	 -0.04457251	 4.56547348	 
2.47477030	 -0.80907774	 5.87842096	 
-3.97326322	 -1.94705639	 5.44736585	 
-1.06901027	 1.00714601	 2.13486914	 
0.07136085	 -1.42245560	 -2.23669945	 
-0.64856402	 2.54500995	 4.21672291	 
0.94435974	 1.62749395	 -1.69738969	 
5.17121895	 -1.70585700	 -2.67192289	 
-3.51530263	 0.32369587	 -4.57936251	 
-0.32208952	 -0.65480127	 -2.92747890	 
-0.61495051	 -0.22835675	 -3.24066784	 
-0.30080556	 -0.56930439	 -2.42788770	 
-0.08630852	 -1.00661239	 3.10595561	 
-0.61240944	 0.21908578	 0.97181116	 
1.77662059	 2.96899700	 4.13144144	 
-0.04644366	 6.14974294	 2.51993709	 
0.69510940	 -4.16181838	 9.70000209	 
1.85701393	 -2.17934765	 2.28656652	 
0.69422683	 2.01698708	 1.60688736	 
-2.76374440	 -1.65491468	 3.65003407	 
4.53170994	 2.47137204	 -4.95382692	 
0.80668408	 -1.46244571	 3.72377333	 
-5.82160879	 -0.17533741	 -8.29661575	 
-0.17769041	 -2.53075494	 -2.21618660	 
-1.45257278	 0.15231421	 -1.49304756	 
-3.11001407	 -1.08757155	 5.20405660	 
1.40605490	 5.12313086	 3.57252783	 
-2.73902652	 -1.51539207	 -1.77537435	 
3.40238983	 2.58671599	 -4.57374681	 
-1.13692584	 4.25540294	 -6.32002044	 
1.92156940	 -4.12426946	 -3.20572874	 
-1.34957523	 2.22863532	 -4.08891090	 
-0.39108181	 -1.00492072	 -2.16270511	 
2.94851863	 0.77483869	 -1.35221173	 
0.94456275	 2.61169195	 2.99434597	 
-0.07427923	 0.32459649	 -3.08406754	 
3.62350816	 5.54522888	 -7.12934356	 
-1.31567786	 -3.55729245	 2.48530321	 
0.09032565	 -2.30208790	 3.21922967	 
-0.76405037	 2.42384313	 -7.92721124	 
1.26985930	 -3.71850133	 6.72774885	 
2.20840642	 2.00975558	 -3.55755754	 
-3.56198352	 0.10902786	 -1.55498336	 
0.86794591	 0.59727463	 1.22811537	 
0.67599409	 1.66202852	 1.83429551	 
1.77411149	 1.06062589	 -5.10638033	 
2.86224351	 0.42036586	 2.60285972	 
-0.84572890	 1.30067292	 -2.40189362	 
5.32945134	 -1.11419964	 -5.26779782	 
-0.78691523	 -1.44213966	 -1.94810417	 
-2.56542807	 -7.29689139	 6.39459799	 
-1.39547075	 -2.16947738	 2.74035831	 
0.46521052	 6.68636114	 -3.66106202	 
-2.27079018	 -6.00847353	 1.60915844	 
1.53479377	 -0.77036671	 -1.92481681	 
2.02680560	 5.00665524	 -4.51136462	 
0.72484060	 -1.25228734	 1.21354944	 
-0.34229463	 -0.04169005	 2.49059796	 
0.34112375	 0.04863941	 -1.56350874	 
-1.69047048	 -2.20661914	 -3.14321453	 
-5.19261553	 -7.04121604	 4.28560591	 
-0.80254296	 0.30513321	 2.55625551	 
4.27855630	 2.40371825	 2.07848497	 
-0.68434992	 1.62718406	 7.93786366	 
-0.96478067	 -2.77081538	 -3.90986952	 
0.01916769	 -1.54093824	 -2.11723400	 
-2.65091175	 -2.77324581	 5.56413658	 
2.05397524	 4.24515465	 3.17223882	 
0.37027591	 0.44654739	 -2.40470851	 
-1.39688452	 -1.18103468	 3.11081383	 
-2.33428384	 -1.55135775	 4.51845948	 
0.65109226	 -1.18457934	 -0.91307138	 
3.80281411	 0.26267820	 -2.54268796	 
-0.19987467	 -1.74548635	 -5.54581655	 
0.57913043	 -5.56506342	 -2.60667456	 
-2.17532362	 3.18824169	 9.41245026	 
-2.65454586	 3.07249316	 3.37602161	 
0.61609667	 -0.03349979	 2.26289930	 
-1.87384898	 -1.54909524	 7.28733622	 
-3.23131191	 -0.28626617	 2.84364297	 
1.36632888	 -1.54425789	 -3.01405111	 
-0.04020197	 0.84917827	 -1.98950708	 
0.94422923	 -1.55256812	 3.57588382	 
-3.17844888	 1.08740439	 3.58513053	 
0.81132631	 2.20993725	 7.53239866	 
0.95281903	 -0.19485135	 -3.23418820	 
2.21770565	 -0.44706587	 4.41620475	 
1.03812725	 1.57971604	 4.04692939	 
0.32959930	 3.41716198	 -2.07038247	 
-2.06598110	 -4.20793875	 1.61537257	 
3.51340392	 -1.31342677	 -1.98788737	 
4.00587924	 0.53061978	 4.85667503	 
2.75716705	 -2.14904685	 -0.27532451	 
1.37319757	 -1.00700824	 -3.30681636	 
0.41387687	 -0.70801366	 -1.75773281	 
0.10505042	 -2.16454036	 -3.96419578	 
-1.38314624	 -2.36909912	 -1.17487357	 
1.55861435	 1.02571595	 3.73967832	 
1.24649773	 4.09390487	 10.24544491	 
-2.35425451	 2.52645606	 -6.21272307	 
0.31257056	 1.58500858	 -5.81675945	 
2.10721405	 7.27568080	 9.84599014	 
-0.36812900	 -1.99030878	 -5.14416347	 
-1.89951609	 -2.41805153	 -3.32979168	 
-0.42902963	 -0.94924952	 -0.75987617	 
-1.57431105	 3.27132609	 -4.44181792	 
-4.29244167	 -2.22901067	 3.66370261	 
-1.65205220	 0.19264940	 3.96663920	 
0.10237926	 0.62919998	 -0.71925703	 
1.00061501	 1.91642090	 2.50580754	 
0.88707376	 -3.78627910	 -4.02468008	 
0.08067454	 -3.57184619	 2.92693964	 
1.01337809	 -4.19342664	 1.74918509	 
0.65032658	 0.37247576	 -2.21985691	 
0.45480988	 2.96755512	 4.37358048	 
-1.15960210	 0.15060105	 2.93029895	 
-1.96507271	 -1.33635100	 2.92574525	 
2.71878048	 3.10993254	 1.55714928	 
-0.44866834	 -2.72333724	 -3.39660773	 
0.14036100	 -0.28572808	 -3.59063548	 
-0.63546149	 0.17169183	 -1.24805341	 
-6.23357377	 4.43870737	 -10.44871733	 
0.59275419	 -3.75898617	 1.53351897	 
4.47752173	 1.91269515	 -4.04295877	 
0.46604768	 -2.30130732	 6.25154464	 
0.17889474	 -0.39597126	 -0.53945331	 
-4.33498178	 1.38487530	 -4.58431481	 
-5.76886576	 2.83739862	 -5.79126560	 
-1.15345938	 1.87927115	 3.56935820	 
-2.79259267	 -3.11197183	 2.82935452	 
0.29340075	 -0.10567513	 -0.86917454	 
-1.22139671	 0.26845896	 4.22301470	 
-0.04232255	 2.71982203	 5.10157522	 
0.56191170	 -0.34342242	 -2.34680601	 
0.00309590	 4.83507072	 1.49121426	 
-1.68475174	 -0.29957711	 1.42009721	 
-3.58111301	 -4.04249019	 -2.98761074	 
-2.42965546	 3.06136915	 1.71981314	 
0.05770046	 -0.54956536	 -2.33794381	 
-1.11504339	 -1.06865011	 2.01317884	 
-2.28216038	 2.34961214	 8.35710240	 
2.58731656	 0.56260602	 2.22588385	 
6.00674927	 -0.78888402	 4.50179960	 
-0.93457957	 3.03160914	 4.87084483	 
-0.64316168	 -0.69576512	 -4.01304958	 
-0.58674108	 1.26930362	 4.01741197	 
0.56788259	 5.06457944	 -3.73497388	 
1.29223998	 -1.08864064	 5.40391951	 
2.87229173	 -0.07553769	 -7.70331436	 
2.02959283	 -1.40560054	 -3.06435048	 
-1.05721641	 0.03097454	 -2.42698374	 
-2.47903147	 -1.51561292	 5.96970588	 
0.50415025	 5.46088706	 8.15808360	 
6.10426557	 -0.37505498	 4.10311969	 
-2.22127977	 -3.22922218	 6.57758753	 
-1.64862476	 0.12928297	 -4.13033013	 
1.10012990	 -2.35442745	 -2.08727997	 
3.66191467	 2.11745855	 -4.02529066	 
2.63239134	 0.46463820	 -4.80754472	 
0.57746860	 0.33176805	 -1.71951453	 
-1.46742634	 -0.26713109	 4.39218632	 
5.28265029	 2.02151412	 -3.17807400	 
-4.77402756	 -1.67305440	 4.78792132	 
-1.32985502	 -0.51441240	 -3.91603624	 
-2.38794020	 -1.12946129	 -2.25492727	 
-3.94483148	 -2.66890060	 -4.69576334	 
0.65347728	 0.89594566	 3.75749992	 
2.15545425	 -1.87293393	 3.38801813	 
-1.89026830	 1.75865477	 -3.09248415	 
-1.06881521	 -1.43257585	 -3.92909403	 
-3.76237450	 -0.23112548	 5.17054250	 
0.22226745	 5.18364567	 4.67824050	 
-0.10930554	 -1.04826143	 6.61699538	 
0.04731742	 -2.92624210	 -4.45557129	 
-0.25207468	 2.23336033	 -1.25966942	 
-2.88217034	 0.19533013	 -1.42822776	 
-2.56480983	 1.56303827	 10.17806052	 
-0.29627627	 2.37199766	 1.85020251	 
-0.80982940	 1.30803499	 -4.22309969	 
0.39686483	 1.69311239	 -2.24298243	 
1.09749064	 0.44087276	 -3.70348277	 
-1.78826320	 1.95581899	 4.33991400	 
-7.69963238	 -7.59732486	 7.50236211	 
-0.68542175	 -2.85779703	 2.92609661	 
2.97968595	 3.73907352	 2.36093115	 
2.84355147	 0.90205972	 1.05310706	 
2.42987592	 3.61406570	 3.23331145	 
2.49642252	 -1.50608005	 5.37828764	 
0.19068523	 -4.07024381	 5.05052286	 
-3.46042279	 -0.25907138	 -4.98534313	 
1.16822550	 4.21549537	 7.46033231	 
4.84434875	 1.35544970	 -3.28943786	 
-2.10943966	 -2.70969969	 -3.75337691	 
-1.27065602	 -0.38462318	 -3.38764700	 
-2.43344993	 0.34213380	 -6.63583790	 
1.54777011	 1.55752403	 -6.43640117	 
0.16498199	 -0.65318702	 -2.76959976	 
1.40446192	 0.17904960	 -6.82179846	 
-2.07288878	 4.63300822	 -4.35736717	 
2.14050101	 -2.49375204	 -5.45767530	 
-3.23482294	 -4.50884645	 -1.68299833	 
0.70891951	 0.33356504	 2.66094113	 
-0.44840745	 0.80710747	 1.71615651	 
-0.22573117	 -2.59333095	 -1.84747219	 
-0.28990856	 -3.26117646	 -2.76170536	 
0.90131145	 0.12293185	 -2.42850417	 
1.48854452	 -0.46074041	 -5.47410680	 
0.13483477	 2.80636144	 4.66598592	 
1.65835696	 2.82483378	 1.08146180	 
-4.32620635	 2.19095774	 -1.97380082	 
0.53049276	 1.07134052	 5.40384101	 
1.21209138	 -2.61971258	 -2.58920980	 
1.60848696	 -1.14039977	 1.73982739	 
6.29286873	 -8.04768194	 7.52129695	 
2.62513018	 -1.58283563	 7.17426025	 
-2.65441968	 0.02629129	 5.05427146	 
3.18850625	 4.04346944	 5.97333818	 
-9.89220562	 -0.02107179	 7.50211381	 
0.91235819	 2.57565948	 6.91452857	 
2.06297295	 0.77718226	 2.78049911	 
-0.16941688	 -1.85358200	 -3.48185745	 
-3.51679824	 -0.15954135	 -1.43220099	 
-2.27293909	 -0.42017490	 -4.04355453	 
1.49300916	 -0.79624370	 3.00766681	 
6.28804774	 -1.80791273	 -4.16813945	 
0.24449007	 -0.61199205	 -6.14689305	 
-3.35860081	 -2.80800642	 -2.19663005	 
0.72650767	 0.25287376	 -3.21912092	 
0.94770871	 -3.85455219	 1.07623234	 
1.95743313	 -1.28931283	 3.13442940	 
-1.71325176	 0.74144158	 9.33749600	 
-3.32915052	 -4.82399000	 6.58206782	 
-2.15539645	 0.10971743	 -1.10572608	 
-0.16901364	 1.53805273	 -1.69728126	 
6.52422468	 4.91019010	 -7.74931120	 
1.91358019	 -0.65153609	 3.28130815	 
-1.61149427	 -0.04509539	 2.59757264	 
1.34457582	 1.92931014	 3.83340157	 
0.62274136	 0.22399383	 -2.11845739	 
0.38321289	 0.17254712	 3.30571122	 
2.96138643	 -0.30457377	 2.44933895	 
0.39862395	 -4.06696373	 7.94617458	 
-1.43395018	 0.89724983	 1.50742381	 
1.49630821	 0.00863114	 -6.38012014	 
-0.62028532	 -1.76646121	 -3.15294309	 
0.85005602	 1.66236826	 -3.91895722	 
-1.89362907	 -0.21358733	 1.09738769	 
1.93428976	 4.04559327	 -1.43348787	 
-1.12220478	 3.93243489	 -4.09830057	 
3.12943944	 0.97675888	 -5.52589677	 
0.91676234	 -0.44657885	 2.67136439	 
0.54158465	 0.66669790	 2.40269913	 
-1.37049845	 -1.66834958	 -7.76019722	 
1.54629585	 -2.25376141	 -1.17772379	 
0.14199314	 -2.35194025	 2.68192950	 
-2.07577008	 -1.95214997	 -4.56839894	 
-0.71391874	 -0.16217702	 3.37948791	 
-2.04442147	 -2.23915426	 -2.06811023	 
-2.86261661	 -1.71649435	 3.80291639	 
0.85803320	 -1.55125594	 -4.03986540	 
-2.48681034	 0.01053838	 -1.54700795	 
-2.99673332	 2.14636298	 -3.79795408	 
2.57711065	 0.06619797	 -4.22070420	 
0.36200690	 0.00641976	 -2.24061419	 
1.51206994	 -0.84934276	 2.96424224	 
3.46173508	 0.88810980	 -2.16969292	 
1.17546575	 -1.25001785	 1.43998933	 
-0.67002397	 0.33126816	 -3.60554997	 
-1.06024108	 -0.40713473	 -4.12302525	 
-1.80443282	 -1.65400037	 -3.55982505	 
-0.83647576	 4.12360323	 -4.64554708	 
0.12419420	 -0.05640259	 -2.81425000	 
2.18179204	 6.73130298	 -2.54932254	 
-0.10016980	 -2.96454225	 2.41190695	 
1.55010528	 2.42243675	 2.95673895	 
-0.85487982	 0.33970097	 7.17430654	 
-3.46341023	 -4.25895293	 2.39076612	 
-1.79187874	 -0.41188024	 -1.32203316	 
2.17505349	 1.85757744	 4.90634975	 
2.24107643	 5.01925379	 -2.23447338	 
2.78461698	 2.76168064	 3.74816853	 
-1.48753548	 -3.14541669	 -4.76574720	 
-1.39149028	 0.84611476	 -1.79506481	 
-1.34885033	 -0.83263411	 3.40105234	 
-2.42894686	 2.94498215	 -4.35495849	 
0.88326687	 1.47159507	 -6.76168008	 
-5.30957185	 -0.81884620	 -6.95602800	 
4.04423046	 -4.25104662	 3.47930469	 
-0.95453288	 0.34931143	 3.22058947	 
-0.82546643	 -0.13543260	 -1.29068302	 
-1.99404066	 -0.67370821	 -2.45125490	 
3.14038888	 -0.75863823	 4.98355764	 
2.12295197	 1.10562939	 3.33343144	 
-2.03787998	 1.02517171	 -1.71397909	 
-1.47583142	 -1.84960711	 -1.21252067	 
1.91493135	 -5.05643370	 5.36868676	 
0.07401479	 -0.86175127	 -3.78677585	 
-1.63486940	 -1.81210424	 -6.02633304	 
0.03284590	 0.32725737	 -3.18177016	 
3.13362223	 2.15822633	 1.65553573	 
-1.35719182	 -0.18997830	 5.95278319	 
-0.94814467	 3.10840701	 -4.65595947	 
-1.35927328	 -0.28218663	 -1.59688605	 
-1.91828437	 4.95483669	 2.59762746	 
2.84511445	 -1.77188140	 0.65788606	 
2.21409374	 -0.30384763	 3.50488918	 
-5.21170554	 -5.02611419	 6.02877634	 
1.31559324	 1.48311506	 -4.69326304	 
4.01249363	 -0.10863478	 -2.34668348	 
-1.35812713	 -1.45407782	 -2.99869150	 
7.69637047	 0.11623734	 2.65458702	 
0.23716671	 1.10342904	 1.65571955	 
-0.40820706	 -0.91344569	 -1.99884588	 
-3.74532432	 -2.36891138	 0.89342337	 
-0.98494022	 0.87810059	 3.10132318	 
-4.76552937	 3.20134856	 -5.18905812	 
-0.99024007	 -0.50043817	 -1.28480720	 
-4.65933513	 0.86398150	 -5.07355658	 
2.34142876	 -1.64206781	 -4.29155756	 
-3.28355643	 -3.45864813	 -7.41565412	 
2.17754801	 -1.00890474	 -6.44624522	 
-0.81624693	 0.19669050	 -3.63877850	 
-1.53499621	 0.82975330	 3.45251807	 
2.15823158	 -0.94947284	 5.86745269	 
-1.15404833	 -0.08336136	 3.61149835	 
-3.07859441	 -1.45034235	 6.76657365	 
-2.11188363	 -1.14015523	 3.20858579	 
-4.70063263	 0.04506137	 3.72149799	 
0.73983983	 -2.42976575	 -3.02455700	 
5.25317459	 4.53170583	 7.76781599	 
1.35572865	 1.44971377	 -4.67109862	 
-0.42426256	 0.77849559	 0.85129564	 
1.45492800	 -2.28096448	 2.97613214	 
0.71107879	 -2.99164019	 1.72951727	 
-8.46146904	 1.39948167	 -4.87265924	 
-0.70992403	 2.73367033	 -4.66345531	 
-0.64347327	 1.42574718	 2.46831945	 
2.43530033	 0.49022853	 6.09190832	 
2.49043566	 1.19853790	 3.62853696	 
3.20534644	 2.50640695	 -3.09026889	 
-2.59513582	 4.01940027	 -4.19250943	 
-1.25593705	 0.81857094	 -3.22625716	 
0.74543106	 2.79664271	 -1.29635667	 
-2.49230280	 -2.61730606	 -2.43894810	 
2.45326011	 -2.83488992	 -9.48637460	 
1.20621120	 -0.62274841	 -1.41217680	 
-1.68768429	 -0.81382160	 2.12998967	 
0.99209498	 1.84187500	 3.41461433	 
2.54288353	 -4.26741709	 2.90369937	 
-2.64858111	 -3.72239865	 -3.70807825	 
-1.42154581	 -0.02558939	 1.48759940	 
-3.23849058	 -3.29808629	 5.18932834	 
1.26739794	 -2.10534993	 5.85771126	 
0.50701386	 0.94745313	 4.31199695	 
0.07837526	 -0.59208586	 4.83706079	 
0.62953196	 -2.37379747	 1.61554587	 
-0.56346771	 -0.71675409	 -3.04527779	 
-0.42260561	 1.43010297	 2.16738890	 
-0.88178928	 4.05664749	 3.23888771	 
2.03827823	 1.26416061	 -1.07866904	 
-0.75503730	 -2.65828083	 2.55332463	 
-0.76274375	 -0.90842359	 -3.47792839	 
3.61423684	 -0.97130563	 2.46584917	 
-0.59637918	 3.38602317	 -3.90056972	 
2.77948813	 0.99469017	 4.88586574	 
-1.21030089	 -0.81352719	 4.01467398	 
4.35776384	 0.80750620	 -4.73879738	 
-2.38421899	 1.09290905	 -1.36925521	 
-0.37716908	 -0.91367743	 -3.16270328	 
-2.51727720	 3.30853487	 -4.15233714	 
0.00207017	 1.84813383	 4.95345998	 
-0.26235901	 -1.60034828	 -2.54381307	 
-2.97254168	 3.79266336	 2.82329999	 
3.08224401	 -0.14374865	 2.11928493	 
0.69066984	 -0.01668060	 4.59495786	 
0.89209265	 -0.60693028	 2.70704672	 
-0.25222582	 0.16535767	 4.10647768	 
-0.23869915	 -2.86387319	 -4.52227163	 
0.07524293	 -4.24767102	 -2.68387156	 
-1.79269432	 0.25938948	 -3.84758950	 
-0.74649001	 -3.94434152	 1.30917397	 
2.24245390	 -1.49736083	 -2.49201677	 
-1.28156246	 -2.58128099	 2.46061066	 
1.24347887	 -0.13635655	 1.84469962	 
0.18473868	 -0.68199893	 -1.43150114	 
-1.27868979	 -0.39221459	 -4.33485659	 
0.11180710	 -2.55222033	 2.09881918	 
0.88908455	 4.01233434	 9.27246743	 
1.13573652	 1.59998510	 1.58708415	 
4.01092793	 3.05880224	 7.36795976	 
3.00532098	 0.56800950	 -4.53121355	 
1.59725934	 1.81879774	 4.42463908	 
-3.32288470	 -4.13655214	 3.99173878	 
-0.86885258	 -0.57785172	 3.69055783	 
4.69239932	 3.03270000	 -1.25685893	 
0.53664351	 4.90256171	 3.97019276	 
-1.09014778	 -1.99605699	 1.59926676	 
2.97150493	 -4.87267836	 -4.14327072	 
2.20351402	 5.31808690	 -3.91388675	 
1.49286219	 3.21844139	 -2.73333895	 
-1.84782578	 -0.17850378	 2.65250324	 
2.94966674	 -1.06069509	 6.56060483	 
-1.80391716	 -2.05267875	 -11.21420356	 
0.20699815	 0.76384613	 -2.89738072	 
-0.46363574	 1.08835992	 9.30062114	 
-3.78475975	 2.20299475	 -3.34155709	 
-2.83829020	 0.86112092	 3.36827606	 
0.22414157	 -0.71922321	 4.43195790	 
0.41739489	 -0.14668015	 2.41534039	 
0.51259493	 2.33704808	 3.89786199	 
-0.30969104	 0.32706052	 1.23815054	 
3.17159347	 3.90909201	 1.50048299	 
1.08549415	 0.35807662	 3.35549229	 
1.89136085	 1.59226645	 9.07104126	 
0.61761337	 0.93772287	 2.27922554	 
0.26426077	 -2.15781790	 -3.80631856	 
-1.96276017	 -1.20721808	 2.32928700	 
-1.41635513	 3.14756158	 -3.51759864	 
0.44532572	 0.70003123	 3.64338456	 
-3.16726965	 3.28275345	 4.92092054	 
1.59587947	 0.91220885	 -5.79575782	 
4.04088783	 -0.43766396	 10.45508198	 
-2.08685500	 2.55970447	 5.00728606	 
1.78444388	 0.09897648	 1.27436089	 
-0.02297417	 2.32327391	 2.76382306	 
-1.90347192	 -1.20325772	 2.87680999	 
1.23971595	 0.07511250	 3.15694629	 
-4.40769828	 -4.16045785	 -3.13555852	 
-0.97213018	 2.71143474	 -2.95466069	 
2.26679389	 1.27823010	 2.99469280	 
4.67382845	 3.00599794	 -4.99850659	 
0.12854614	 0.02521989	 -6.43648562	 
-0.45456097	 -0.16744596	 -7.33544140	 
-1.13142199	 4.91328782	 -7.42249873	 
3.73897652	 0.67173522	 11.84479560	 
-0.78755177	 -1.36081823	 3.10707645	 
-4.50366985	 -2.07092013	 6.47588017	 
3.36115694	 1.64533815	 -6.17117887	 
2.52471104	 -0.51103139	 2.49422323	 
2.65563819	 1.45357440	 3.27979924	 
-4.30278696	 2.85320833	 -8.83337890	 
1.20728879	 -4.04047210	 -4.95725997	 
-0.11089680	 0.21391326	 -2.07109559	 
-1.70487858	 0.22518134	 -2.88522079	 
0.02308089	 -5.58250842	 3.01877427	 
-1.49390682	 0.10823089	 -3.52837066	 
0.76683229	 -1.08270273	 -2.83292048	 
0.24401546	 1.25123977	 -3.16826286	 
0.44972908	 -0.62312801	 3.53073276	 
1.82087402	 1.97868172	 -2.54168252	 
0.74683353	 2.89088219	 5.58787340	 
-0.86950232	 -2.01618040	 -5.75693430	 
-0.52857530	 -2.09269175	 -2.01723952	 
5.31401362	 -8.03129271	 10.51990092	 
5.81935210	 0.42992553	 -6.06502224	 
-2.22194230	 2.39373169	 3.13695556	 
-0.26969696	 -2.98042822	 4.07907368	 
-1.83415967	 -0.88951466	 1.25412617	 
1.83910579	 0.17117731	 4.44631291	 
4.65399576	 0.50126829	 -4.13985834	 
-1.53766523	 3.46762435	 -2.72611543	 
-1.47155939	 2.91860899	 -1.53724418	 
0.71268231	 0.31749459	 1.11015981	 
-5.52177938	 -3.81096162	 3.37746547	 
-2.39188140	 1.12077350	 -2.25169809	 
-1.45919532	 0.11934086	 2.10512119	 
-1.18675518	 1.52770041	 2.80137117	 
-2.10819880	 -1.09471731	 -1.44146903	 
1.25761410	 0.51666360	 -1.32950401	 
0.94361663	 1.00357718	 -0.19135602	 
-1.25082406	 -0.52047211	 3.19125323	 
1.40388658	 -1.53804629	 -3.98237605	 
0.77752753	 -0.70899038	 -4.37068863	 
-1.24623487	 0.35623373	 -3.65181860	 
-1.59054684	 6.60762393	 -6.92040230	 
-0.04847600	 -0.97097335	 -3.41559474	 
-3.06286714	 -1.49310077	 2.27446778	 
-0.72812008	 -1.65052182	 3.27485285	 
0.13212492	 -1.43271376	 5.28716061	 
-0.81465453	 0.91892422	 3.45316253	 
1.79046006	 -0.98049416	 -0.68289115	 
-3.93394445	 1.31868715	 -7.25624508	 
-0.09899955	 -0.28427010	 -6.09068478	 
1.36281839	 -1.06101531	 -2.23173657	 
0.22661131	 2.10134631	 1.97182838	 
0.32106501	 -0.23528328	 -2.51931378	 
2.12162076	 -7.17918062	 8.68634769	 
1.49264517	 0.57704070	 10.90395074	 
1.72150197	 2.12829894	 -4.07758221	 
3.64398989	 5.67203389	 -3.61099114	 
-0.74103633	 -1.34983782	 3.24319584	 
0.56356270	 0.07256517	 11.35325973	 
1.05706552	 0.12222923	 -2.29331061	 
-0.58495850	 1.90930571	 -3.28298572	 
-2.04376538	 5.93321757	 -6.91586626	 
-0.57550330	 -0.38468392	 3.43606056	 
0.69799584	 -1.95735461	 -2.33425164	 
-1.64217849	 1.05099808	 5.60686034	 
3.35375127	 -2.99472102	 -0.47947246	 
2.59114887	 -0.80419095	 -2.00565261	 
-1.39428392	 0.72837794	 -2.03920675	 
-0.06678601	 0.69551049	 -1.78847391	 
1.56909858	 2.81602714	 3.34340540	 
2.70633921	 0.25989044	 3.36090769	 
-2.01067210	 -2.04026619	 -3.68589671	 
0.23863177	 -0.36027868	 -1.85786128	 
-1.33472403	 3.38094285	 3.26755664	 
1.87813896	 -1.83732502	 1.92690448	 
-2.25468013	 2.23097784	 1.57373539	 
1.27912235	 0.95471980	 2.86653304	 
0.14107973	 3.10657973	 -5.71689759	 
-0.62614975	 1.78847586	 -2.70730003	 
-0.85532351	 -4.09442915	 -3.59707925	 
-0.28735382	 -2.35652191	 1.11000903	 
-2.59178061	 2.20354203	 5.40262935	 
0.02822865	 1.52891170	 -5.85922024	 
2.96457076	 -1.06029810	 -2.70732972	 
6.17387630	 -0.36586407	 7.61588769	 
-0.36845759	 -0.69286273	 -1.33480146	 
-0.96023086	 4.36780758	 -3.07429567	 
0.22739468	 2.86927644	 -2.35444839	 
0.15870225	 0.42235007	 4.25667556	 
-1.04953887	 -0.48986565	 0.89162727	 
-0.34636336	 -2.73840487	 2.91539279	 
-4.02577441	 1.14653787	 -1.39032589	 
3.58797424	 -5.09609083	 -6.53170818	 
-7.12457645	 -2.40602740	 -5.16162598	 
4.56548006	 2.82348326	 -1.74571347	 
1.13225794	 -0.30564691	 -3.19485970	 
-0.88395664	 4.74986658	 -1.32334689	 
-0.93432736	 1.88203992	 -4.79271717	 
-2.28026740	 2.72274960	 -2.08950791	 
0.14294625	 -0.73624103	 -4.50877285	 
0.98381648	 -1.57200102	 -3.23115333	 
1.10994745	 -2.94618459	 -1.07956154	 
-0.44874350	 -0.57041709	 3.52803736	 
1.10011228	 -1.11081267	 3.44409878	 
3.85371461	 -0.45791906	 1.85233798	 
1.19890866	 0.98762753	 3.97040433	 
-2.95827269	 -1.95812791	 -2.29140336	 
-0.99410838	 0.83934352	 -1.76346083	 
-3.07252203	 3.70586232	 -7.74234349	 
1.49420444	 -1.77890320	 2.66124896	 
-0.82551671	 -1.91463012	 3.80484620	 
-0.33938620	 4.16196261	 -4.44576880	 
-3.80832546	 1.56356338	 -1.34636095	 
-1.35544084	 4.70347774	 3.46695076	 
-0.05744756	 0.08370975	 2.94348678	 
-1.42664269	 2.24895011	 -2.73710898	 
0.21841188	 -1.43101722	 0.81230995	 
-0.11182107	 1.41388105	 -2.63186606	 
-0.35681160	 -1.77652471	 -3.23218597	 
1.16893131	 -1.29786829	 3.62450430	 
1.44400067	 -0.09119002	 -3.53228200	 
-0.38713939	 -1.44851781	 -2.24859597	 
-3.18227034	 2.57694348	 3.43595847	 
-5.90809532	 -1.23831144	 -2.73296451	 
2.40498973	 1.33254689	 -9.20370650	 
-1.74143085	 -3.83661029	 1.62524249	 
-1.85931809	 1.45779334	 -3.07245614	 
4.76268442	 11.70793574	 -2.53661720	 
3.48626509	 2.03352787	 5.34778303	 
-2.53847903	 -0.59980229	 -6.74612597	 
-0.43573840	 5.65386945	 -3.89648277	 
-7.44630741	 -3.80036039	 -4.70609659	 
2.15515216	 1.51703746	 3.43078795	 
-1.18183032	 1.15749088	 -6.40501845	 
-3.86041885	 0.20413186	 2.52221709	 
-0.33543582	 0.77591978	 2.76687379	 
-0.77804923	 2.48760896	 -2.90214342	 
-2.53761058	 -5.53216503	 4.65004663	 
-3.90464402	 0.71904341	 7.27463735	 
0.89431926	 -2.72667140	 0.52282645	 
-1.64743910	 -1.88825777	 -5.70291248	 
-3.96108344	 -0.36247884	 -3.65057300	 
-3.24240886	 1.26787519	 -4.40773487	 
-1.11475970	 3.07454141	 -6.68341099	 
0.75120635	 -0.10081076	 -4.95322538	 
0.10063761	 -1.14790723	 -2.82832650	 
2.20829692	 -2.59330437	 2.45527022	 
0.39027366	 2.14519642	 5.39903643	 
0.90454311	 -0.51096053	 6.29227384	 
-0.10285641	 0.79289656	 -3.49077770	 
-1.01869306	 -2.51619774	 2.53684406	 
-3.45238988	 1.94448465	 3.47576268	 
-2.28933787	 1.15721149	 -1.98045688	 
-0.67409013	 -0.46576559	 -3.98137949	 
-5.92378323	 -1.49144334	 -3.41226340	 
1.19665466	 -2.39326575	 5.77794099	 
0.60105301	 1.67461765	 2.71992312	 
-0.35947105	 0.81964210	 -4.87896321	 
0.65674084	 0.98264391	 2.79936962	 
0.42704581	 -1.19943431	 3.15452754	 
-3.67968945	 -5.03921039	 2.53131332	 
-0.88620333	 0.33226459	 -3.06347736	 
-1.65047254	 -1.13703022	 3.05875983	 
-2.19825000	 0.41059983	 4.36194840	 
-0.06938393	 -0.13123869	 -2.32795704	 
0.90005905	 0.21808586	 1.01752134	 
0.57978237	 -1.55752512	 -3.88373174	 
1.85111510	 -1.85605143	 3.13309869	 
3.34900628	 -0.04006283	 4.79065530	 
-0.69712181	 0.94576419	 -2.45685933	 
-1.78503199	 2.04080971	 1.75672228	 
5.09611114	 -0.85085328	 -2.97148750	 
0.50046734	 -1.35724037	 -0.77854918	 
-1.49969386	 1.49165430	 8.93989476	 
0.56547714	 3.40900992	 -4.65632421	 
2.83566917	 -0.80214151	 -4.24337646	 
-0.23665799	 0.30312268	 2.22710474	 
2.33471114	 1.44677854	 0.54653243	 
-2.04304476	 -0.49329903	 -1.33577360	 
-2.38915905	 1.76072846	 -3.61607099	 
-1.21300458	 1.05742902	 3.59719219	 
4.30510840	 1.40711667	 -6.36054354	 
3.42418724	 -4.60629402	 6.00254877	 
0.19652500	 -5.59497493	 -3.78118759	 
-0.53810768	 1.01792651	 3.12451037	 
-0.28409665	 1.32233912	 -2.69874396	 
0.31137968	 -0.76628029	 2.46353081	 
2.10926431	 1.43244216	 1.77586943	 
-0.69490156	 -2.00629643	 -5.16382768	 
-4.03749630	 4.45470787	 -3.36918414	 
-4.41063657	 2.23674812	 0.42367711	 
3.30679123	 1.43180555	 -5.85794247	 
-1.11179222	 -2.52356271	 6.56916552	 
-2.34383658	 1.11766972	 -3.60482622	 
-1.02595496	 -1.06816623	 1.12054191	 
1.48423859	 4.89558886	 -3.36193922	 
4.19989449	 -4.64841769	 -2.59187038	 
-0.72397201	 -0.06229029	 -0.27917564	 
-1.26245442	 0.69358598	 -2.35733683	 
-2.82526463	 3.24963678	 2.86810817	 
-0.25812550	 -1.40326349	 3.19428547	 
1.33373972	 -2.99681014	 2.34389630	 
-0.67377405	 -0.88852944	 6.52040154	 
-1.54027880	 -0.89031744	 3.98094347	 
-3.49637812	 -6.22613765	 -3.36164414	 
0.16911594	 -1.82905333	 -2.54250048	 
0.15764339	 1.37651628	 -3.10168041	 
5.57560460	 -1.15936317	 -6.29058349	 
-0.11044562	 1.88395472	 -4.11599490	 
-3.77153390	 -4.99314282	 -5.62374040	 
2.10076626	 5.04023481	 -4.12452551	 
1.29530165	 -1.28134006	 2.79392446	 
1.12248190	 0.56627689	 -2.80277123	 
-1.34100618	 2.89694316	 -3.33060852	 
-0.41028200	 0.37591313	 -5.34033310	 
3.23873076	 -2.25000344	 -2.62598956	 
-0.98776513	 1.16676799	 3.12136629	 
0.90604822	 -1.74660025	 -3.09462071	 
-2.91078348	 0.95830433	 -4.93203624	 
-1.61762778	 0.03350370	 1.04623680	 
3.91923904	 3.05588823	 3.04567498	 
5.37860451	 6.65668223	 -3.02618922	 
-2.11544282	 2.25694636	 -12.62860035	 
-0.78805399	 1.78759812	 -0.82013164	 
0.82539702	 -1.07840568	 2.49667431	 
-1.98301231	 1.67154349	 4.03626191	 
0.89223566	 -1.30385188	 6.34623589	 
0.95376007	 -1.88224206	 1.79397082	 
-0.42033923	 -3.73944253	 -1.82949144	 
2.11201338	 -2.53310951	 -5.17504166	 
-2.05348349	 1.48525214	 -3.24222698	 
-1.75729218	 -1.59203280	 -4.39491401	 
-0.75868777	 5.61262991	 -7.72277329	 
-2.87064470	 0.55299577	 9.53106458	 
-4.09860868	 0.03178396	 -4.82868716	 
0.49246534	 4.63294270	 -3.75099077	 
-0.62334931	 -0.55608240	 -4.02397679	 
0.36699046	 -2.44156796	 1.25006694	 
0.88721253	 1.10565420	 -2.79445900	 
2.04244781	 0.25761647	 2.72026305	 
-0.61419026	 -0.69329750	 -6.67231070	 
2.46209806	 -0.48825619	 2.73423951	 
0.16737039	 -2.83980830	 2.05447015	 
0.94114038	 1.76114801	 -3.67076183	 
-2.66930057	 -0.85494093	 4.07351175	 
-0.04485124	 -0.08753526	 -2.05599013	 
3.02165667	 -3.16297415	 -3.66995441	 
-1.33779687	 -3.07765193	 -4.17925394	 
-1.13130050	 3.83834970	 -7.41250351	 
-0.35708716	 -0.32995712	 -3.01028683	 
2.71912986	 1.20195866	 -4.25815751	 
-0.33049955	 -1.24004373	 2.11528330	 
-1.07564526	 0.60094737	 -1.24649049	 
-3.52739182	 1.07207977	 -4.06962729	 
-0.07340821	 -2.11580485	 5.17872126	 
-0.73753949	 0.17891621	 2.88720105	 
4.58002100	 -1.74481394	 5.51691150	 
-0.98960764	 1.22997608	 3.29159925	 
-1.12934660	 -1.83018241	 -1.46993287	 
-0.95954610	 1.58697229	 2.35218595	 
-1.31292407	 0.96137006	 -1.22264298	 
1.55648465	 -5.08939579	 5.09202623	 
-1.13648591	 -1.72039596	 3.98775364	 
5.59497024	 5.01301091	 5.08613082	 
-1.87566513	 -3.93293324	 5.34130695	 
-1.56508305	 -2.25198367	 -1.79614223	 
0.96730488	 1.21922441	 -2.05564271	 
0.09698290	 1.85896275	 -1.44652068	 
2.04322538	 0.37711462	 -2.79852747	 
1.95118078	 -1.96113344	 2.60008546	 
-2.68493872	 -1.46108948	 -2.08483645	 
2.54363096	 0.98723106	 1.85541752	 
0.03704329	 -0.87316986	 1.96758597	 
3.19272577	 2.04200663	 -2.82692933	 
0.45347649	 1.32289556	 -4.16056509	 
1.76928443	 4.69323967	 -5.98391114	 
-1.90527290	 -6.72328845	 -4.07203724	 
-0.85086462	 1.32895905	 1.10637811	 
4.15430076	 -0.99619944	 -8.98857341	 
0.60537411	 -0.16606549	 1.06732544	 
-2.68461995	 -0.66991231	 3.72948751	 
2.63892216	 -0.59104027	 1.87009595	 
-0.89393947	 0.84024557	 2.49552528	 
-1.00126522	 -2.84656044	 -1.24460469	 
1.29592274	 -5.40657941	 -4.42521454	 
1.21064355	 -0.61804169	 -3.02023038	 
0.17552673	 0.15642352	 1.27111670	 
0.61570476	 0.29708094	 -6.17142524	 
-4.90242117	 -2.13290583	 4.45063382	 
-0.11809746	 0.70213329	 3.05839069	 
4.18738452	 -2.84948232	 3.70024514	 
-0.15164865	 -2.06182072	 2.86482683	 
-1.19323879	 2.10760285	 -7.84319371	 
4.26212858	 -2.94686494	 -6.84788637	 
2.37355705	 2.49932650	 -3.86670483	 
-0.50517463	 -3.13514297	 2.68401061	 
6.04418807	 -3.69749381	 2.72321803	 
0.74242419	 3.58052008	 -2.58036658	 
0.33805213	 -2.50743435	 4.80924271	 
-2.49937478	 -0.87365706	 3.73200195	 
1.88160038	 -1.09882798	 -4.92707615	 
-2.72814493	 -2.60404758	 -3.41541119	 
-0.04478660	 -2.13367292	 -2.37639991	 
-4.95664507	 -2.15189940	 7.51075401	 
3.51552122	 0.56212480	 3.99837452	 
1.27692096	 0.99642753	 2.74562831	 
-0.77820961	 0.80913458	 -6.49638839	 
2.47331397	 -0.20694262	 -3.10892832	 
-1.01257526	 -0.01731250	 -2.47338724	 
-3.13336038	 0.83365677	 2.58543098	 
3.34055045	 2.40633555	 -3.25556637	 
0.97068172	 -1.24801770	 6.97295722	 
3.02407682	 -1.72995661	 5.22406081	 
0.31964281	 1.64358064	 2.17871165	 
0.57489453	 -2.70725803	 -1.20595724	 
-1.15391252	 0.81607303	 -2.69720196	 
1.50009454	 -0.59662536	 -2.76310559	 
2.06508547	 1.08404807	 3.54433979	 
1.78951942	 0.44619880	 4.52523495	 
1.85758523	 -0.02716464	 -1.57900563	 
-0.30806494	 0.14716236	 1.75684548	 
0.36260676	 -0.82079505	 4.91610639	 
-0.02386945	 -1.53576005	 2.17631559	 
-0.82613033	 3.14252533	 2.84191968	 
2.16445581	 1.66345355	 3.38176139	 
2.19565614	 -1.76515443	 -0.22640283	 
-3.55156065	 3.49305777	 -7.86635865	 
0.79405099	 0.51889082	 -2.83153189	 
2.33776175	 0.25867754	 -2.49509194	 
1.16316109	 1.86829169	 4.08154045	 
-2.16849420	 2.63638051	 -4.26519150	 
1.06096993	 4.03815687	 -2.57471569	 
-1.26795760	 3.12205193	 -9.08001741	 
-3.06794508	 -0.07416909	 5.22057223	 
-0.69971878	 0.53313824	 2.78539173	 
-2.28450380	 0.37556760	 2.86272490	 
-2.55913960	 -0.93992473	 -3.21012283	 
-0.95983021	 -0.49271395	 -3.59936456	 
1.47590278	 -2.62708211	 1.63886806	 
-3.48784607	 0.51711077	 -3.81077096	 
-3.37785047	 1.36249730	 -1.44292551	 
-6.74989714	 1.12093671	 -8.93009372	 
-1.28567285	 -0.10764924	 -1.88468567	 
-4.39511604	 2.13963123	 -2.73777554	 
1.49882845	 -0.20187953	 -1.02638512	 
2.84051759	 0.97264414	 -4.66296499	 
1.39727212	 1.01544617	 5.46806781	 
-3.56218073	 -0.79607843	 -3.72077158	 
-5.03475630	 -3.90583219	 -2.20619985	 
1.95303340	 0.73612075	 -1.94355602	 
0.62700847	 3.10143086	 4.26735276	 
-0.11400274	 -0.89304887	 1.11118230	 
1.27917016	 0.27655161	 3.41662076	 
1.88483042	 -2.00194289	 -4.92906924	 
1.01932427	 0.97897928	 6.26691059	 
0.50941360	 -2.50335015	 -2.99643044	 
2.26870837	 2.74715055	 5.75033017	 
-1.63317732	 0.63805567	 -2.65572466	 
-0.90806833	 -3.91949105	 5.42314910	 
-0.94506650	 2.85372729	 3.98399785	 
-1.14810010	 -3.41056351	 -1.57906645	 
-0.66545696	 4.84305006	 -8.75349899	 
0.52660827	 1.84325176	 1.35495788	 
4.48172175	 3.59617363	 -5.28248681	 
4.25413484	 2.44530326	 4.40142928	 
-2.62339313	 3.34356250	 -4.16376469	 
-2.40879161	 0.12558789	 -3.26333753	 
-2.72195908	 -0.13990805	 1.20186719	 
-4.67093411	 -0.72770546	 3.46557210	 
2.40767826	 0.71598435	 -2.69444065	 
-2.00571979	 0.24605378	 5.96903310	 
3.45985841	 0.56685352	 -3.12050582	 
-0.04055589	 -3.86828394	 2.05118077	 
1.24796064	 1.58342924	 1.70693906	 
10.42870406	 1.40642779	 -5.38492558	 
-4.04566074	 -4.27595365	 -3.93110160	 
2.03418324	 2.98753903	 -3.17616439	 
-4.57470525	 0.18287165	 4.73291324	 
1.36530649	 0.05685456	 4.51197602	 
-4.26511347	 -0.86262053	 3.06316796	 
-2.14562967	 4.10565095	 4.79458885	 
0.49728146	 0.65156420	 -7.05354287	 
-1.03131552	 1.39969573	 -3.84417861	 
-0.30567137	 -0.78438555	 9.81899920	 
-0.41327159	 2.77631835	 -1.52152770	 
1.04739996	 1.79326814	 -1.45231093	 
-0.24875190	 -1.99744872	 3.66561854	 
-0.50312816	 -1.23708887	 3.63725919	 
1.18585922	 2.23893635	 8.79021585	 
4.25083522	 2.73268663	 2.39648597	 
-3.40051972	 -1.88599913	 -3.04673231	 
-2.18915260	 -2.02178669	 -3.48752465	 
1.91176341	 1.68277402	 -2.57607391	 
-0.81885841	 -1.64703604	 1.81204761	 
2.00900891	 -1.21612657	 2.55204738	 
3.63087041	 -2.11634934	 -6.48301316	 
-0.19317228	 0.25417555	 4.62197668	 
-4.72966650	 -2.48873226	 4.96788450	 
-0.86595130	 -0.11499128	 -1.37146117	 
-0.44794472	 -0.43894180	 -2.57849698	 
-3.06125810	 0.46648154	 3.47887439	 
0.20843483	 -2.05924335	 -7.98258286	 
0.99514853	 -0.76741006	 3.78116321	 
6.15329652	 -0.10874588	 3.29165342	 
-0.36091581	 2.99449772	 4.56672956	 
1.37790200	 -3.00263053	 7.63177846	 
-1.47878195	 -1.94381802	 2.44223203	 
-3.08670062	 2.16439586	 -4.74357602	 
4.40323550	 6.45795420	 2.92472456	 
-1.06749288	 -2.99350314	 3.19260211	 
3.36089720	 0.73013432	 -1.96443741	 
-1.47500358	 -13.69812896	 -7.38276574	 
2.71764235	 -1.19127658	 3.85056129	 
1.57440179	 -0.01099215	 -3.62046228	 
4.10608630	 -0.89105436	 -4.08805621	 
-0.53290177	 1.35316257	 -7.32818620	 
-1.83973494	 -0.68582499	 0.78240423	 
-1.87989064	 0.14722833	 -5.12055380	 
-4.54174308	 -0.02564374	 -5.06007841	 
-7.40949035	 -0.38022912	 -5.33942396	 
-0.22477556	 -3.17874139	 7.26114937	 
-3.17596834	 -0.02640816	 7.22045401	 
1.03597255	 -2.07065369	 8.17335354	 
0.30408974	 2.04542219	 -2.85112825	 
-1.18603952	 -1.90275896	 2.63559544	 
-0.94409418	 2.17133265	 -2.92184691	 
-1.71552701	 -6.04853952	 -7.10867234	 
-1.10726376	 -1.56184720	 -3.15471717	 
1.14713209	 2.33961109	 -2.10501047	 
0.16739412	 1.28073919	 -2.37464555	 
-0.88911949	 0.45657238	 -5.35903962	 
2.18965821	 -0.92015773	 5.25761380	 
-2.47620648	 -1.76981100	 2.52141076	 
0.77638426	 1.99634945	 -9.37527064	 
0.17311428	 0.97580865	 0.99269733	 
-0.57358176	 3.69797599	 -4.99549687	 
5.37368661	 -0.64151804	 -7.40322673	 
-1.60277043	 -4.43963267	 1.17709362	 
0.50377794	 2.43411764	 -4.62913079	 
2.48063411	 -0.08978847	 4.96456765	 
-3.09636383	 3.51890624	 0.58308010	 
-5.58607060	 -2.72794438	 2.84405962	 
-1.76253220	 4.02652445	 -4.64881671	 
1.35414850	 -4.74467947	 2.22962459	 
1.39831683	 1.76808828	 3.20562895	 
-0.26853294	 -2.23202160	 4.16181268	 
1.12676295	 -0.67592488	 -4.15975933	 
0.24301217	 -6.80637452	 8.70573213	 
4.72681561	 -5.24795114	 8.90712215	 
-0.96071630	 -2.86282560	 3.76783653	 
1.09532262	 0.34493183	 -0.63523692	 
1.10449579	 -2.48376889	 -2.01748809	 
0.74866876	 0.74723894	 3.32401384	 
-1.33497769	 -3.24711747	 4.58603020	 
-1.65369424	 -2.13185807	 3.20484967	 
0.42063129	 -0.60954721	 1.31104056	 
-0.55493761	 -0.55356505	 -1.85901715	 
-0.80803776	 -3.20744867	 -9.86575680	 
-1.11038208	 0.60416370	 2.84589065	 
0.33825406	 1.37145167	 -2.30126430	 
0.68107028	 0.54780066	 -2.25111750	 
-2.67222599	 1.75651127	 -4.61549801	 
-0.83102665	 -1.75840272	 1.08045993	 
-6.89183135	 -1.50833981	 4.16244990	 
0.15504956	 0.20148760	 4.98301514	 
-1.35100378	 0.16456229	 3.21558184	 
-0.37401974	 2.24164810	 2.14094730	 
1.61721094	 0.29669845	 -4.33280319	 
3.65982389	 -3.10298263	 -2.28104370	 
0.26325628	 1.34759123	 3.26661780	 
-0.80340712	 -4.22616256	 3.19745295	 
0.07823090	 2.19903079	 7.21107658	 
-1.74957790	 0.07973326	 4.47938723	 
-0.15335640	 1.31277223	 2.26197408	 
-3.55104122	 -0.03324633	 -5.46724780	 
-3.50728587	 -2.56735085	 -3.58603768	 
4.31526727	 2.74577267	 4.58595820	 
-5.97501253	 1.48623099	 6.63884211	 
-1.59356668	 -2.89859744	 2.39252586	 
3.34409430	 0.14087716	 3.05358095	 
2.52050014	 3.42816050	 -4.57997981	 
3.25012929	 1.69678320	 0.97170516	 
0.77084025	 -6.73554392	 6.28417499	 
0.85887133	 0.19672707	 4.43414259	 
1.33965133	 1.75258948	 0.27017202	 
0.25968828	 -1.42760333	 4.79491474	 
1.81796634	 2.48250972	 3.47647074	 
-1.66797699	 -0.30511706	 -3.37903086	 
-3.78978483	 4.61249127	 2.98005409	 
-1.08621674	 0.06928613	 -2.85317947	 
3.40779829	 0.63877152	 4.38423714	 
1.94669322	 -1.37676446	 -3.83403694	 
-1.67301320	 -1.56807823	 6.00422636	 
3.55834172	 -2.83195544	 5.61240432	 
-2.03453500	 1.50638376	 -6.02228685	 
-4.80999154	 -1.80361619	 5.73831204	 
2.25399461	 2.24495739	 -4.83993510	 
0.25390130	 0.67341381	 -5.41407640	 
-1.90276792	 -0.58381416	 4.94545041	 
0.61896307	 1.61000360	 2.84184941	 
-2.29672492	 1.53553228	 8.36272114	 
2.58468967	 -1.42017886	 -3.52396931	 
1.41699830	 -2.85550011	 1.57018581	 
0.49692481	 -1.39460150	 -3.42138270	 
2.88206899	 -0.90031498	 1.61567464	 
-1.52391556	 1.21446920	 -1.48917206	 
0.08247963	 -1.14244499	 -5.50166743	 
3.00813029	 -0.36289146	 -5.92412516	 
1.52647549	 -0.58858232	 5.48750841	 
-0.93395419	 -2.85817978	 3.73139524	 
-1.67816084	 -1.22695497	 5.98396034	 
-1.94552324	 -2.01533033	 -4.45977146	 
6.56862718	 -1.06899890	 4.02175488	 
-0.52072315	 1.05058066	 2.97719660	 
-0.50929172	 2.60354326	 -0.95791078	 
-4.42135076	 -0.05088410	 -10.19781027	 
-0.55469035	 -0.40759486	 -3.66959668	 
3.01733001	 -0.28735138	 -2.88011131	 
0.47540674	 6.60293169	 5.75564753	 
5.01714508	 -1.04980806	 2.62628846	 
-3.92140259	 7.10002689	 4.39365103	 
-0.15968288	 0.59308346	 -4.39604053	 
0.91914123	 1.38925266	 -3.08860328	 
-2.90853490	 -1.91398530	 -1.73667701	 
0.26063885	 0.99187824	 -6.93605159	 
-4.39348138	 3.66229270	 -6.18984066	 
2.59574264	 -0.07679447	 -4.70911733	 
3.21643249	 3.95349164	 -4.49938188	 
3.34778672	 2.02723756	 4.58266887	 
3.59544876	 2.13637864	 5.00846382	 
1.87720114	 -1.17657458	 -2.18060499	 
-1.66952874	 -1.09649517	 1.70688923	 
-1.26554860	 1.46590982	 -3.75094531	 
-0.49431666	 -1.08045406	 -3.30490929	 
0.68834207	 0.45191293	 1.55774384	 
-1.28077216	 1.88990396	 4.91760791	 
1.68774479	 1.58584939	 2.93294569	 
-0.62873810	 -2.37361316	 -2.33851744	 
-1.78394124	 -4.63183371	 5.23777420	 
0.30859410	 2.89053741	 3.29172559	 
-1.47607565	 0.51384612	 -3.08662743	 
-2.53752412	 0.66524043	 3.96719530	 
4.99578986	 2.47975843	 -4.90334379	 
-1.22798399	 -1.81518654	 2.01002273	 
0.27352989	 0.80910999	 -1.90594778	 
-6.82490734	 -2.38545744	 1.53433529	 
-0.63585448	 2.78932749	 -2.31494445	 
2.01370962	 -1.66171351	 5.62927193	 
-0.87227477	 -1.82390287	 -3.86729607	 
0.60587687	 -1.36308751	 -2.80694276	 
1.98201352	 -0.69212015	 3.59068164	 
0.13923889	 2.31652046	 -2.99391259	 
3.28241039	 -2.00438756	 -3.91138718	 
0.35467645	 0.04109844	 -1.56055384	 
-0.03024587	 1.48271017	 -3.47528373	 
0.34963232	 -0.31523858	 -6.74592089	 
1.02133084	 -3.26428627	 -3.84395218	 
2.63977312	 0.21562634	 -5.81821890	 
-0.83284515	 -0.92384077	 -1.79069428	 
-1.15291483	 2.02886452	 -3.49310272	 
-1.13001562	 -0.94027430	 -1.23265036	 
-6.27875836	 -0.60574121	 2.21239099	 
1.76816296	 -3.38448989	 -3.86976422	 
3.87206844	 -5.19791572	 -1.89132095	 
-1.37746156	 -0.75083823	 -2.41717622	 
0.47939036	 0.13945949	 2.44398515	 
0.54335849	 3.61076695	 2.69802282	 
2.76223368	 -0.53999309	 4.15624023	 
0.85196208	 -0.99465253	 3.78076868	 
-0.26025803	 0.80178112	 -4.27517149	 
-3.80801223	 -1.09861299	 -1.33036468	 
-1.16556844	 1.67068217	 -5.30457096	 
0.51353296	 -1.11544538	 1.80773387	 
1.52169715	 1.04948028	 1.99176695	 
0.97331584	 -0.23500887	 -4.23992633	 
-0.95530913	 1.73079498	 -7.95372342	 
-1.10768424	 1.87674259	 2.01499940	 
-2.56042802	 -2.77306256	 -2.80952654	 
-7.79280712	 -4.17185591	 -9.76903970	 
1.10491192	 -0.78354170	 2.63739419	 
-0.71135438	 -0.35362921	 -3.83041632	 
5.68073014	 -3.80663927	 -5.65390738	 
-1.32048090	 0.42974050	 2.67898882	 
2.21915324	 -0.10256449	 3.48270111	 
-1.28150351	 -1.19417427	 4.65487849	 
0.84352934	 -0.49702715	 -1.92790527	 
-0.44989533	 -1.55605775	 3.68964748	 
4.25018267	 0.02970370	 2.12606330	 
-0.05314905	 0.08085311	 -4.56601112	 
-1.07559052	 1.70800077	 -1.08473532	 
-1.61405053	 3.79193978	 1.48950580	 
0.49951912	 4.19716404	 3.58917759	 
-1.33114355	 -0.51981056	 4.19895732	 
-1.78913056	 2.23967160	 3.41927977	 
-0.72331806	 -1.61001102	 2.60834530	 
3.37118970	 2.30022814	 -3.13598397	 
0.86569429	 -0.13910840	 3.55952413	 
0.26460428	 2.61540154	 -2.36180835	 
0.21438896	 2.80161207	 2.80822995	 
0.75578540	 0.57846739	 2.15158015	 
0.60799853	 1.02048956	 -4.54661555	 
4.06364161	 0.50416274	 -4.14423441	 
-0.07277871	 4.07377183	 -7.18018472	 
2.53663349	 -6.91466824	 4.54260428	 
-1.46223491	 1.18557411	 4.15017319	 
-1.16331991	 1.33873887	 -3.54066744	 
-4.54228536	 -3.49863599	 -4.30928691	 
-2.67335712	 0.07517672	 -1.86621749	 
0.66251854	 2.08313040	 -3.19342186	 
-1.86427728	 4.29721568	 4.67649497	 
1.27118181	 -0.27103127	 2.58017886	 
-0.22107555	 0.51686515	 3.77884247	 
-2.23866292	 2.39826335	 1.76893113	 
0.53180027	 1.48662353	 -1.36221385	 
-0.14046983	 -0.46126935	 -3.00520960	 
-1.39913246	 -0.70140096	 -1.28111038	 
-0.26895358	 -0.25619522	 4.42010231	 
1.61213011	 -2.69334149	 1.77092382	 
-3.03006215	 -1.44510574	 2.81668810	 
-3.19078796	 -1.67130427	 4.96599875	 
-1.64079858	 -0.94032002	 4.03259453	 
0.43765920	 0.99503105	 2.94761496	 
-1.98649445	 -0.31721591	 1.25936250	 
0.18059137	 -0.50957707	 -1.36735179	 
-2.29177238	 -5.86480254	 2.39194302	 
1.35887070	 -1.54415528	 7.15268869	 
-2.56488182	 -0.46178256	 5.35641198	 
-2.32774866	 0.94361203	 6.40309446	 
-0.34253059	 -1.33188714	 3.58780391	 
0.20176512	 3.61824170	 -2.68665101	 
0.76485946	 1.69233740	 -1.84333872	 
-0.43711942	 -1.92082051	 -7.32983079	 
0.23350730	 -0.57160585	 -1.60848184	 
0.45699667	 -4.77697166	 -3.69433431	 
0.29721783	 4.12606581	 6.25942405	 
0.25789371	 1.79992589	 5.16011878	 
-2.11391739	 2.59692476	 1.72082775	 
-1.85593819	 2.71131285	 1.89327767	 
-1.80509228	 0.14019921	 -2.62629352	 
0.58809583	 2.61695215	 2.51000806	 
-1.43254664	 0.04034849	 -1.26519837	 
-2.92181532	 0.10982321	 -3.43849628	 
-2.01213959	 -1.80296370	 2.92854568	 
0.11571038	 -7.19631253	 -2.87734611	 
-4.39634809	 -3.62299015	 -1.35108356	 
0.12285064	 -0.77888787	 -1.96380224	 
2.20237251	 4.28069210	 -3.17224855	 
-1.34809399	 0.44968493	 1.17046438	 
-0.61766794	 1.43817898	 -2.48123484	 
-3.93145793	 -1.12185904	 6.81158245	 
3.75158078	 -0.77022826	 4.48248523	 
-1.17441897	 2.39527071	 2.25846388	 
2.32033972	 1.97331338	 -6.79674684	 
1.98043798	 1.84752266	 -2.95496802	 
-5.62690657	 -0.37231004	 -6.55385020	 
0.12219844	 2.55638300	 -0.77290188	 
-0.69639123	 2.80323254	 4.05582683	 
0.07148252	 1.71056397	 -4.85533191	 
-2.46464172	 -1.11118536	 -3.98967819	 
-0.56082900	 -0.80866401	 1.78948777	 
0.68002426	 4.38284738	 1.77328507	 
0.94974420	 0.80704582	 3.85989781	 
-0.92107308	 0.34218704	 5.93290639	 
1.67252453	 0.14345692	 2.93957561	 
2.10525873	 1.77939758	 1.57469627	 
1.36271889	 -1.56890697	 -2.19077868	 
-0.21391258	 -0.72617937	 3.51760173	 
1.41271199	 1.49598866	 -2.73409311	 
-3.94215377	 -2.50874131	 10.29209846	 
-1.72164475	 -2.63634696	 1.89083931	 
1.46292146	 1.51490299	 7.01688820	 
-0.13761627	 -2.67999465	 -9.11151778	 
-6.08356271	 -0.19910839	 -2.81920574	 
1.52281002	 -0.90576626	 3.05845765	 
-2.17127519	 1.80601988	 -5.78270630	 
-2.34762766	 -0.01615641	 -1.62520375	 
0.44613840	 0.05013410	 -3.58521112	 
1.83875920	 -0.31026871	 1.78087091	 
-3.06992470	 -0.43839313	 5.32243526	 
1.22681629	 -0.54521659	 -1.97329147	 
1.09443433	 0.90123964	 -2.00503035	 
0.05831417	 -1.59396956	 -3.87704145	 
-2.02842762	 0.08247283	 -3.77540163	 
2.18678334	 -3.26046783	 -1.70271845	 
0.40655404	 -0.35828830	 -2.75579233	 
-3.70346771	 -0.06793100	 2.93826894	 
-1.06117910	 -0.97799363	 3.19795645	 
2.85761784	 -0.44397196	 0.46040923	 
-1.84988418	 -4.66013903	 -3.03828937	 
0.61368180	 6.17621392	 -10.05704176	 
2.03991772	 3.35207249	 3.07209282	 
-0.14251051	 0.92811159	 -1.43180648	 
-0.32927016	 0.74597652	 -4.99218951	 
-4.96491877	 -0.20678689	 -6.00574185	 
0.61272416	 -2.39829308	 -3.16628577	 
-0.84048232	 -5.35418387	 -2.40745401	 
-1.41181872	 1.09684169	 1.64592014	 
-1.72190171	 -0.77766739	 -4.56513090	 
3.05360564	 0.13331486	 -4.95522484	 
1.46893471	 1.30665949	 -5.08451687	 
-1.55479396	 -1.01829790	 4.72186331	 
-0.19859818	 -4.35701994	 -5.71458475	 
2.95947295	 3.82825243	 3.09328490	 
4.45811715	 2.48145079	 -4.09521294	 
2.86235329	 1.24634920	 -1.83255018	 
0.19107699	 -1.17117559	 -4.35393190	 
-1.47299314	 -0.70787324	 3.74536773	 
0.47401981	 1.46811004	 3.43016146	 
0.99301323	 0.22741112	 2.56962825	 
0.02943257	 0.59708068	 3.92593131	 
-6.08915615	 0.25237674	 11.28362341	 
0.28103836	 -1.46060777	 -6.50841304	 
1.13429777	 0.51552946	 -1.85356683	 
-0.99068100	 -1.35082137	 4.40974863	 
1.79648063	 4.32792107	 -2.17941074	 
2.01071774	 -3.01873016	 -10.39220052	 
1.16282988	 0.36257875	 -2.42075476	 
2.56268962	 -1.29713141	 8.90162469	 
-0.36941421	 1.33158326	 1.92160747	 
-0.53572974	 -1.62049114	 4.24892533	 
4.94933312	 -0.61409829	 3.81929455	 
-1.24332271	 -1.32128916	 -3.65895384	 
5.05803320	 2.88920275	 1.99792114	 
1.70044619	 -0.90358703	 3.57949288	 
1.05378715	 4.09911654	 7.62896681	 
1.46230349	 -2.53042675	 3.36438522	 
-0.40833250	 0.80237146	 2.36069849	 
0.22225423	 2.96326405	 -4.67860836	 
-0.05622351	 0.18028850	 -0.85011590	 
-3.46727247	 1.79276926	 3.90652104	 
2.18792285	 0.27691437	 3.20263825	 
2.34952030	 0.17905367	 -1.13020843	 
-1.87148789	 0.32053783	 -2.14174973	 
-3.03676030	 -5.15562061	 4.00502184	 
2.18573418	 1.63928645	 7.33108906	 
2.47701256	 2.33819140	 2.03084373	 
-3.05039520	 -4.40227563	 4.25229600	 
1.66247172	 4.13931263	 -2.42857459	 
-0.37818721	 0.14266025	 -2.57745182	 
-2.98771957	 0.21150815	 -4.04930034	 
-1.65260907	 -1.22751697	 2.55154898	 
1.48299716	 1.93064067	 1.92724131	 
0.37958764	 -0.12072729	 3.37595014	 
-1.95521332	 2.83824653	 -2.28867405	 
-0.22654420	 -5.52460582	 3.53586705	 
-2.18377789	 -1.50356501	 -3.06721558	 
-0.07616787	 0.01189797	 -2.64462267	 
1.50277949	 -1.02401018	 -2.99990864	 
2.92802182	 -2.85359317	 5.81971189	 
-1.62075811	 2.50848391	 -2.32480370	 
1.64063092	 0.09012663	 -1.62859618	 
-4.77071444	 -2.89346736	 8.31788248	 
1.16469085	 1.79697844	 4.74227819	 
1.00663658	 -0.87913286	 3.20678819	 
1.68144520	 0.51138483	 -3.50930411	 
-0.70586698	 -0.33064625	 -6.57916489	 
3.74459499	 -0.42174073	 -3.75441415	 
-1.48007798	 0.00182313	 -3.39296742	 
2.10525290	 1.91502460	 -4.02978702	 
-1.64947706	 0.94183769	 1.59833501	 
-0.27329992	 -1.90883939	 1.77142593	 
0.35154659	 1.46354165	 -2.20799017	 
1.07102173	 0.29034223	 -1.68141001	 
-1.99467545	 -3.95870397	 -2.83165765	 
-0.62046843	 -1.14124515	 -3.01451305	 
1.85689219	 -0.76903605	 -3.47581318	 
-1.10768967	 1.14169042	 1.48384931	 
-2.43254541	 2.37639495	 -3.98377257	 
-2.73232662	 -2.47316664	 -2.19182835	 
1.95125911	 5.95875633	 2.42874786	 
1.31068140	 0.75465911	 1.10081879	 
-5.31926468	 -1.22031470	 5.79288966	 
5.02250796	 -1.69411487	 -2.10618705	 
-1.76229645	 1.71924732	 1.62415859	 
-1.01498295	 -3.85663101	 -1.91351102	 
-1.86457263	 -1.81360255	 -2.60944915	 
0.87496030	 2.39902594	 -4.54994736	 
-0.94021886	 -0.87264177	 -1.99228914	 
-0.11690635	 1.08306024	 3.17262241	 
0.13021129	 0.61860597	 4.37066230	 
-1.60976945	 6.28749393	 3.53309380	 
2.29751334	 -0.24738421	 -0.75278652	 
1.99950708	 -0.32586666	 -3.75861938	 
-2.50783831	 5.54828232	 -4.86841129	 
-2.25543961	 -3.79378158	 -6.45927529	 
0.27879954	 0.22250500	 2.64240037	 
-0.81942659	 -0.21600288	 4.38751426	 
-3.27212976	 4.16056721	 -11.05459690	 
-0.61330051	 0.22359781	 -1.93888693	 
2.94211300	 -0.95699171	 -2.30771145	 
3.77609879	 -3.79530787	 -5.62474119	 
1.20114517	 1.90685448	 -3.47136518	 
-3.21408505	 1.58709799	 -2.51259577	 
0.15030811	 1.94853106	 7.26679363	 
2.03021563	 -1.01940324	 2.50026965	 
0.36583337	 -1.76737649	 3.07561300	 
-0.30547918	 1.32928884	 -1.13384185	 
-2.41043203	 0.93967286	 3.94081849	 
1.85412402	 -0.13989000	 -6.58741780	 
-0.41569786	 0.23672963	 -2.44150381	 
-0.30831092	 0.70904667	 -1.91657095	 
1.40017132	 4.45676823	 0.68360326	 
3.26744150	 -3.14157226	 -2.38385781	 
-3.15782936	 0.01354328	 1.63803201	 
4.15711088	 5.67613794	 -2.55884824	 
-0.71390291	 1.05067375	 1.22521896	 
-0.05423158	 -0.48462295	 1.83342461	 
4.41154380	 -0.56602663	 2.71760843	 
-1.35557399	 -0.03370079	 -8.51539342	 
0.82365463	 -0.94570188	 1.88271255	 
1.92157140	 -1.14107750	 -4.53337532	 
0.30207152	 -0.00323621	 4.07539616	 
0.09760840	 0.86410753	 -1.23871560	 
0.83172332	 0.71213967	 8.10185207	 
-0.82530107	 2.36990655	 6.28596094	 
1.08162177	 3.97592850	 -6.76621199	 
0.85337870	 -2.27963703	 -4.99166272	 
0.96631764	 1.26509814	 2.28753917	 
1.42773582	 -0.99043496	 1.05912267	 
3.38533960	 1.37127941	 -2.97783776	 
3.50688511	 1.50254818	 -2.54424059	 
7.43358285	 -1.43304011	 4.92576539	 
-2.83160437	 0.63788563	 -2.80457679	 
-1.39981105	 -0.67485023	 5.03789060	 
-0.70493200	 1.28099774	 1.56638693	 
0.61018155	 0.77932631	 1.28962822	 
-0.49554312	 -0.71755006	 7.54846191	 
1.96754819	 -2.71387105	 -3.25663493	 
0.59053681	 -0.71622100	 -3.02613314	 
-0.91743379	 -1.09297107	 1.51550195	 
0.88651576	 -3.46689996	 6.63019167	 
0.59357015	 0.65583957	 2.33403308	 
-1.64881223	 0.21704648	 2.57174932	 
2.16184613	 1.37033282	 -2.90004824	 
-1.15390305	 0.16139062	 2.60393646	 
2.26112260	 -2.02471428	 3.33282808	 
-0.01179426	 -1.06237922	 -3.84918280	 
-2.72246259	 4.82390289	 -1.57325206	 
-1.79858507	 0.68657606	 -5.58737013	 
2.11833985	 -2.71842965	 -1.86680534	 
1.35103774	 -2.39204646	 -2.39304190	 
1.20523386	 1.98294384	 -3.93265141	 
1.33290814	 -2.40817305	 -2.22322226	 
2.31640837	 -0.47927914	 1.39662708	 
0.63536990	 0.76969071	 1.05016157	 
-3.41402007	 -2.25970405	 -5.88088581	 
-0.72113035	 -1.05335912	 -0.73280805	 
2.27018412	 1.56088467	 3.55097909	 
-2.19801950	 2.70830535	 -6.03166367	 
2.75254779	 3.20770736	 -5.75309502	 
7.28351026	 -2.16912185	 -1.88684727	 
-1.75101809	 -0.81938172	 3.32167239	 
2.29221056	 1.18994318	 5.84752764	 
-4.15003098	 -1.56679275	 4.81093290	 
-0.85110013	 -0.65786445	 1.75429105	 
-3.04992245	 2.59214075	 -2.76822841	 
-0.84834684	 0.88919710	 2.81251299	 
1.73691132	 0.11722214	 2.13091527	 
1.31818691	 -0.73819185	 2.24472169	 
-4.03376960	 -4.18825346	 -5.32150505	 
-1.37904701	 1.29423818	 4.63644722	 
-1.36396988	 0.56684434	 2.70003612	 
-0.91338797	 1.77956916	 -2.43196386	 
3.64190435	 7.20540293	 7.27042999	 
2.62539746	 0.79508408	 5.05464496	 
-2.05844817	 -4.29980445	 -2.29689984	 
-0.80148512	 1.23031933	 1.09097302	 
-1.13690324	 -1.20057303	 -2.69539777	 
-0.72031255	 -2.76263173	 -6.41997564	 
0.37370449	 -0.42484747	 2.71081158	 
3.68403726	 -3.37271082	 -8.76185717	 
0.87113105	 -4.26202231	 -8.06421314	 
-1.15629892	 -3.53826750	 -6.69351556	 
1.30531810	 1.93590184	 -2.75484951	 
0.91747683	 0.90719285	 1.75619555	 
-0.63008132	 -1.91251258	 -2.63413153	 
-2.91204038	 0.89629986	 -4.58017273	 
-1.61179690	 0.63867132	 2.90428093	 
2.55685505	 3.25848951	 -4.50364104	 
-1.22268976	 0.25852128	 1.38120301	 
2.41399880	 3.69190641	 2.84068950	 
4.65663837	 0.25738512	 4.62653320	 
0.66138317	 1.17714637	 3.64920503	 
1.43227803	 3.24098768	 5.18016410	 
2.47686512	 1.37195196	 4.40167796	 
-0.67080617	 1.34351720	 6.14654302	 
2.37285922	 -1.22055500	 1.44995058	 
2.01341648	 -1.97243161	 6.03477368	 
0.05408472	 0.77057320	 1.75613542	 
-0.65738332	 4.02700769	 6.22010613	 
-1.88464776	 2.98594538	 4.86464251	 
-2.27462729	 0.31601705	 2.88219639	 
0.41539349	 0.75352089	 -1.11347757	 
3.68128733	 -5.51308300	 1.18715074	 
2.22458888	 -0.35215149	 3.31173535	 
2.64394009	 1.16546848	 -6.29824471	 
3.66273031	 2.20021376	 3.62651129	 
-1.20419304	 0.88013231	 -3.78791950	 
2.28683288	 1.72136920	 3.79350864	 
-3.12306611	 0.57951979	 -4.63186123	 
-1.23577804	 0.95975415	 3.88665544	 
2.14696419	 -0.44712470	 5.05559772	 
-2.35375266	 0.16430213	 3.66693539	 
-0.69774536	 -0.19215431	 0.20131816	 
-1.98506573	 -2.69261709	 3.05366401	 
2.37918462	 3.02240550	 1.89315888	 
-0.01135732	 -0.10057083	 -2.44735685	 
-1.66449566	 1.94618609	 4.26564867	 
0.13128719	 -0.19124369	 -1.95913211	 
3.64207099	 -0.90539596	 2.94696110	 
3.70209470	 -0.65921837	 4.11024401	 
0.25031405	 -1.60105745	 2.22906745	 
-4.08035909	 4.01466582	 1.77088329	 
0.79397206	 2.81185262	 -1.22117835	 
1.36199365	 0.52282788	 4.85712438	 
2.04854155	 3.40838160	 -6.20386016	 
0.45295165	 2.99670681	 -0.87861573	 
-0.01920882	 3.38072310	 -4.37151124	 
-0.49444371	 -1.66935535	 -5.64119867	 
1.74500258	 0.16057964	 -2.59739695	 
1.61059620	 5.48597692	 2.95960485	 
0.38863148	 -4.95489465	 4.19062030	 
0.49698227	 -0.07238715	 2.34117598	 
3.24489348	 5.62765237	 4.90584426	 
-3.10462073	 0.82549630	 5.37204887	 
4.09342181	 -0.17662222	 -5.45720965	 
1.89744701	 -3.14510614	 -4.74361668	 
-0.19300083	 0.61174633	 -2.00308770	 
2.36317075	 -1.58506628	 -1.96697917	 
-1.29499290	 1.76117415	 -3.91861364	 
-1.18117942	 -2.02002794	 2.91768159	 
-1.05005661	 0.48645943	 3.30267494	 
1.59396852	 -0.63720719	 3.07107053	 
-0.17233612	 -1.39464253	 2.48721475	 
1.32016564	 -0.75942243	 3.15761584	 
-4.89512971	 1.10632106	 3.13292077	 
-3.88000494	 -5.23195255	 4.72305072	 
-2.88363173	 4.38303115	 -1.48886213	 
3.94774993	 -2.79786320	 -4.10897515	 
-6.42473540	 -1.37687968	 -4.91992805	 
-2.01216172	 1.82335668	 3.74200096	 
0.40711655	 2.98381763	 2.18760224	 
5.37241797	 -2.68104972	 -3.53877219	 
4.24480089	 3.44123282	 -4.89849487	 
-0.94527806	 -2.88454851	 -2.44379405	 
3.52350523	 -1.54559403	 2.81915639	 
1.97608180	 -0.14474456	 0.37807864	 
-0.99436701	 -4.94631576	 1.91852150	 
2.29725337	 -3.01507968	 7.93671645	 
2.35425219	 2.90586910	 1.26574580	 
-0.25234529	 -3.07081801	 3.04787703	 
-1.82991440	 -0.67203076	 -3.75993219	 
0.87387069	 -1.71175529	 -2.26970169	 
-0.41729816	 1.23608341	 -4.79458301	 
-2.29394577	 -0.72801394	 -1.62529912	 
-0.33756250	 0.41822390	 3.07094514	 
-2.72974206	 1.23690629	 3.73947179	 
4.36585299	 -2.55779759	 3.94467749	 
0.97986334	 -2.23019750	 -5.85145357	 
-2.13209990	 -1.40890434	 -3.84893146	 
1.09750842	 0.61868403	 -2.41495867	 
3.72684207	 -8.69287789	 9.87584124	 
1.99960703	 0.25777617	 1.95285058	 
-3.45299549	 2.73343606	 -4.22073655	 
1.87997244	 -3.16063605	 10.88903087	 
2.13457885	 -0.15905078	 0.80290147	 
-2.45066802	 -0.05105938	 -2.61424840	 
-0.55125930	 -0.87551257	 -3.74565807	 
0.75874060	 -2.10806988	 -3.86208248	 
-1.97652539	 5.32415078	 6.03148409	 
2.67162491	 2.82942174	 -4.97252786	 
0.01226556	 -6.12981775	 -4.09725521	 
-3.74461355	 0.14666575	 -2.62499341	 
1.17394240	 4.65126696	 -4.30520308	 
-1.39202904	 2.90327472	 -2.68082896	 
-2.37993024	 2.36076444	 1.20325772	 
-0.28013433	 0.04104473	 -1.74970314	 
-4.95107184	 -0.17419767	 -1.89913033	 
-0.79401047	 2.62080297	 -6.46280727	 
-2.02596555	 1.85027464	 -3.57975917	 
0.23382415	 4.40179017	 -1.03855049	 
1.52431047	 -1.79751573	 -4.67769151	 
4.39340477	 2.61554847	 4.60876911	 
1.13947509	 -1.27107077	 -2.97772968	 
-2.30580326	 -1.58692507	 3.39573724	 
0.42739773	 -0.11491886	 -2.38332638	 
0.48778299	 -0.07280027	 -6.25133511	 
-0.50778437	 -1.31391540	 -2.79954753	 
-2.81895686	 1.71709683	 1.32144196	 
-0.43350978	 -1.30612960	 -2.34195070	 
-0.43074226	 -1.74114870	 2.73976797	 
0.03198495	 -4.20013365	 -4.77479699	 
-1.68361831	 -0.30517768	 6.02281372	 
-2.61150086	 1.49001793	 -9.16507789	 
3.53602933	 -1.06836193	 -5.71285168	 
3.30203721	 1.34434168	 2.76271813	 
-3.88155474	 0.61860310	 -4.30666213	 
0.71588182	 2.21406550	 -4.36157964	 
2.98915001	 0.67991440	 -4.04278184	 
-1.65950012	 2.14990549	 -2.14135789	 
-1.48484913	 -2.52619266	 -2.14342822	 
-0.93057132	 -3.00733280	 -2.18101770	 
-2.14625159	 3.32103717	 3.86045551	 
0.56455852	 0.51141921	 3.36567766	 
3.33469641	 2.41267601	 2.39080778	 
1.00103993	 -3.25007974	 -2.56498586	 
-4.24027315	 0.13835561	 -1.39723603	 
-2.14754240	 -0.41117627	 5.10368311	 
3.03205878	 -4.75574837	 -4.44682268	 
-2.00016518	 -4.53214279	 6.43656192	 
0.41563505	 1.07651760	 2.49399161	 
0.71282723	 -0.72476796	 -3.37900366	 
-1.38370788	 -3.55708044	 3.50889427	 
1.55138701	 -0.86355869	 2.72646680	 
4.08763324	 4.64092406	 3.80067883	 
-0.07497505	 2.21437834	 -3.59733973	 
4.20803543	 0.26110752	 -6.30357569	 
-1.82633773	 2.78299538	 -9.66961980	 
-1.53330048	 1.10733836	 -1.96941239	 
0.79817258	 -1.36316250	 -3.19354830	 
0.49929452	 -0.69131299	 -4.50185858	 
-1.72926189	 -2.66575349	 -4.66214187	 
0.33413754	 0.01281945	 1.56765578	 
1.57462717	 2.04650772	 -1.29934470	 
-0.76509845	 0.68062849	 -2.26725646	 
-3.30936440	 -5.03743782	 -5.12867921	 
1.81104077	 -0.15766040	 2.32773702	 
-0.18625499	 -0.41984233	 -6.55413867	 
-0.88196272	 0.92109192	 3.72001824	 
-3.04990145	 0.86213177	 0.76572729	 
4.40394095	 1.42575255	 -2.27245391	 
-1.00692021	 1.68729591	 -2.59585944	 
2.83580218	 2.42916342	 7.30570209	 
-4.19002178	 3.99932516	 3.22151208	 
-0.10827819	 0.75081575	 -3.10166865	 
-4.79671895	 3.68731782	 -3.73059019	 
1.98592500	 -3.51890837	 3.96210139	 
-2.81415180	 0.57723991	 -4.58750397	 
-2.33563056	 3.99198455	 -2.00737415	 
0.46963008	 -0.13196474	 3.35369074	 
1.54513621	 2.11325869	 2.09723139	 
0.48539042	 -0.34852571	 3.31884343	 
4.64435749	 2.92360316	 -3.42915888	 
-4.26020483	 0.39156344	 4.20356386	 
-3.90109240	 0.69990321	 -2.31401804	 
0.26858924	 0.40456859	 2.55032170	 
1.90413658	 -0.97540768	 -4.78775324	 
-0.93870091	 -0.91854051	 2.09292943	 
-0.24042382	 0.10910441	 -6.96174209	 
-0.67291585	 1.17893865	 -2.50272614	 
-5.76637301	 2.22995781	 -5.09670369	 
1.44104223	 2.73187383	 -4.27789925	 
-2.54425865	 -1.11957652	 4.48939108	 
0.83082282	 -1.64385404	 -2.93332513	 
1.94900662	 -3.26170139	 -6.30282949	 
-1.01716491	 0.59112640	 1.31885362	 
-1.34749104	 -1.04557009	 -2.35182124	 
3.46384579	 1.02727581	 1.92562528	 
0.64253399	 -1.14437769	 -1.37735925	 
1.00988175	 -0.95609912	 -4.52632259	 
2.35926583	 -2.51216544	 -5.05531327	 
0.69790061	 3.01015094	 1.41966330	 
-5.39270209	 -3.28741690	 5.04954903	 
-0.52834352	 -3.43667039	 -2.13836703	 
1.80877861	 3.93496770	 -5.62013171	 
0.39984909	 -0.28489267	 -1.67986072	 
-0.27788020	 -0.35992536	 3.70916769	 
-0.51708830	 3.41245345	 -3.77814730	 
0.69043552	 -2.42907160	 7.29699309	 
-1.64134846	 -0.33625802	 -1.64024878	 
-2.67071798	 -2.81100966	 -4.69469814	 
3.92303170	 4.31168537	 3.70002105	 
0.68576303	 -0.34153643	 1.11420233	 
0.71673138	 3.37298949	 -1.93742317	 
7.26821334	 1.95810306	 5.02322590	 
-1.19973641	 1.48142466	 -4.20665025	 
-3.42169833	 1.07102395	 -3.39203423	 
1.48378057	 -4.22881837	 -2.01451982	 
-2.35174688	 2.23705926	 1.13281114	 
-0.92880137	 1.17583392	 -1.57457690	 
5.09669600	 2.92651213	 -1.71800928	 
-2.15200144	 -2.09384631	 2.86060575	 
-2.52081463	 2.27456120	 -2.81228053	 
-2.15535000	 0.53710323	 -2.11389916	 
3.18831387	 -0.24901719	 10.48346924	 
8.73292386	 -4.57193218	 3.54315493	 
-3.11870927	 -0.69616636	 -4.41310678	 
2.08084127	 -1.21041666	 -6.59294496	 
0.72423913	 0.95861505	 4.74553834	 
1.04442038	 -0.87587034	 8.88538820	 
0.29829724	 -1.78278960	 1.34310888	 
-2.58441575	 -1.62938456	 1.50228364	 
3.55071445	 -2.19204749	 -4.24449937	 
-0.59399108	 -0.68929547	 -2.43678825	 
-2.86636339	 2.05240834	 0.78441565	 
-2.08659803	 -1.45893716	 -6.13141152	 
-3.27340392	 3.60306883	 -5.08883503	 
-3.18276747	 1.00290583	 -4.64971406	 
-0.67311594	 0.99736824	 2.61270798	 
4.66884005	 -3.45264878	 -3.33550376	 
-1.45425003	 -0.32427854	 -3.58572167	 
1.20638174	 0.78750768	 2.51679732	 
1.52606548	 2.41682623	 4.78187121	 
1.19101464	 -0.48815314	 3.11339383	 
0.83003647	 -0.19487118	 3.09709159	 
0.20858577	 2.01680440	 1.69638504	 
0.33031699	 -1.07837869	 2.01650247	 
1.64689711	 1.82189670	 12.91809658	 
0.55336478	 -2.78184491	 4.52038183	 
1.05365227	 0.78474917	 -3.47901774	 
1.13305088	 0.95637957	 -6.64377001	 
-1.24726840	 -3.75544275	 -2.40930214	 
-0.45032409	 -0.82480847	 -3.92664282	 
-0.64109557	 0.07066629	 -1.78096135	 
0.30025966	 -2.62835308	 -6.75582037	 
-2.92463085	 -0.98639688	 5.28919078	 
2.53570937	 3.84282817	 -8.37876553	 
2.46166627	 -0.74637227	 -3.72992790	 
1.87897514	 -4.28960504	 5.05953316	 
-3.97160689	 -6.00911081	 -3.29313138	 
4.78071619	 -7.15857979	 4.64417058	 
0.29137647	 1.28783869	 -2.21608018	 
0.73895422	 4.43520494	 5.54545274	 
2.28143938	 -2.30621632	 -1.09638166	 
1.70159146	 -0.63571843	 -1.67211337	 
-1.51621591	 -0.95012877	 1.57268201	 
-2.62587591	 -0.62053653	 6.44196120	 
1.69132616	 -0.77838407	 -7.51047378	 
-3.57145749	 -0.24701269	 4.44661730	 
-3.30214777	 2.05188518	 5.71312555	 
-0.88976583	 3.79688364	 -5.63347620	 
-1.03152938	 -7.87884957	 2.55665535	 
2.94159058	 0.01114112	 8.42542727	 
1.70975508	 1.85229220	 3.15368346	 
0.52248799	 1.34831477	 2.00381371	 
-0.56748801	 -3.44830965	 6.62091638	 
2.60867588	 -1.80009003	 3.67843134	 
-0.93044546	 -3.64604736	 -2.69974190	 
2.21014633	 1.33944623	 -4.01429217	 
1.79152497	 0.43400397	 3.63141580	 
1.16299512	 -3.41998195	 -1.44703497	 
1.02142503	 0.76911558	 4.31441896	 
-0.27959180	 0.40493510	 -3.35129968	 
2.03811553	 -0.66353201	 -4.80755369	 
-1.85690370	 1.24307344	 -3.33057604	 
1.10281574	 -2.25409392	 -5.35643031	 
2.54374042	 -3.08175944	 7.62007501	 
-0.07278858	 2.72830753	 7.72177088	 
3.16864615	 0.04484464	 3.70642102	 
-2.82008671	 -4.34808838	 4.84736814	 
2.06557073	 0.65811949	 5.10753381	 
-5.99237032	 -0.40072862	 1.98050671	 
1.00849908	 -5.36424281	 -2.07645356	 
2.18661584	 -0.16529255	 -4.46496410	 
0.71692773	 -0.29731028	 -1.80971446	 
-2.64468158	 -0.10954244	 -4.83392437	 
-1.66845566	 1.05249753	 1.64505958	 
0.02025265	 0.56632197	 -4.98154550	 
1.31744248	 0.70493086	 5.48398009	 
1.08084219	 0.89275507	 -0.89173332	 
-0.07809740	 1.67786728	 -5.68068166	 
3.41618506	 0.21459371	 -1.88745178	 
-1.48308878	 2.00219036	 4.00617421	 
-1.62638849	 -2.37933035	 3.11357104	 
2.62665522	 -0.35491964	 3.78680551	 
-0.11555178	 0.67527256	 -1.78119275	 
-0.88491493	 -1.32065891	 -4.18073411	 
1.35859071	 4.51233389	 6.23513111	 
-1.31742708	 -2.09446156	 -1.73920559	 
-5.45775253	 -3.82681915	 3.91941399	 
-1.15979218	 0.73979283	 -0.28862497	 
2.70251052	 -3.68707401	 3.37305930	 
-0.13640921	 -0.73714270	 -1.63231771	 
-0.37409942	 1.03240986	 0.74698579	 
3.03838968	 4.09522330	 5.90138473	 
1.52231475	 0.92515600	 1.83706555	 
2.14740030	 2.17030182	 1.63854272	 
0.13134447	 0.82740876	 -3.46474806	 
-0.78645701	 -1.92980160	 1.45403787	 
-0.56427402	 -1.22250208	 1.06179996	 
-1.07132672	 2.21901720	 -6.46988107	 
2.69757799	 -1.76467867	 -3.47471248	 
2.26727587	 -2.52747703	 3.50634184	 
3.16965085	 2.21514752	 3.91561340	 
-1.54095307	 0.44627815	 -1.27075518	 
0.02878002	 -0.05930250	 -3.04576964	 
0.66260610	 0.26503533	 4.05323506	 
-0.57865378	 2.32466964	 -5.46745346	 
-5.74282869	 -0.04723598	 -4.08924988	 
1.43843147	 2.98080876	 3.74720954	 
-1.91251642	 2.15097026	 -2.75456313	 
2.81480990	 -2.18907463	 6.18531362	 
-2.56493360	 1.71951018	 5.33358271	 
-0.22732701	 2.58723183	 4.02003148	 
-1.38295928	 -2.47342505	 -2.15365907	 
1.79512749	 -1.04506621	 1.16858159	 
1.43790538	 -1.39873946	 -3.48582785	 
-0.84041538	 6.60117392	 4.13808921	 
-0.22754231	 -1.16658822	 -1.32781879	 
-5.61549018	 1.63521125	 13.82882358	 
1.93332898	 -0.30933697	 -1.67848152	 
1.42011319	 2.20991916	 6.38720806	 
1.58961642	 2.51592601	 -3.36222165	 
-0.18116819	 1.24609742	 1.41965291	 
1.81774485	 7.05972027	 7.05741401	 
-2.80113720	 1.77775375	 -4.26644074	 
2.23746604	 -0.40604978	 -4.10502444	 
0.64710418	 -3.50356551	 5.85147276	 
2.98916112	 -1.14083523	 5.90047710	 
0.11355535	 1.03990506	 1.40399253	 
0.30352050	 0.64775364	 1.74602351	 
-0.46520317	 -0.54071726	 3.13517959	 
4.85818650	 -0.81739339	 -3.94943203	 
1.07364898	 1.43468587	 -3.20372707	 
0.81378056	 0.86832298	 -3.06180777	 
1.54089458	 -1.90718675	 -2.01134977	 
-1.41414844	 1.73970016	 -4.39953458	 
-3.89873909	 -1.49886130	 -7.92255189	 
0.44867541	 -0.45610169	 -2.42072167	 
-2.39784353	 -1.55874502	 -3.15977355	 
-4.32838848	 -2.71235215	 3.66236310	 
-0.25884798	 2.54066466	 2.90106173	 
-0.60787021	 2.01247533	 -1.34677841	 
1.25273978	 0.77740877	 5.78349604	 
-4.82113887	 -0.83282586	 -2.52483803	 
-1.05483366	 1.76383882	 -2.35022777	 
-4.26490821	 3.58875477	 -1.95149520	 
-0.15477917	 -0.17907787	 -5.46822836	 
-0.74587298	 -3.07352141	 -4.84487604	 
1.35419557	 2.73427148	 -5.64681324	 
2.21900105	 0.95748569	 -9.26665383	 
1.16440259	 -0.53922948	 1.32013616	 
-3.79845456	 4.70782618	 3.75089173	 
6.04254609	 -0.07183334	 6.42534108	 
-1.35930996	 1.92373003	 -4.65408291	 
-3.92172267	 2.45715322	 1.55232048	 
-0.18666350	 -0.09446465	 1.19921959	 
-0.33725960	 0.57350095	 -2.22801051	 
1.29979914	 4.17473488	 -4.27780520	 
1.06250166	 -3.29606474	 3.19532132	 
-4.56931432	 2.28876226	 -4.10027051	 
-1.23098362	 0.64465971	 -4.59032622	 
0.09716371	 -0.72344897	 -5.10271229	 
4.54157785	 -1.99476376	 4.77508801	 
-0.62312186	 -4.13495050	 5.11038960	 
2.35200788	 -1.19496132	 6.09770903	 
1.33361038	 -0.95612266	 0.94748935	 
-1.60982687	 -0.45927495	 3.13814818	 
1.35566103	 -0.22905408	 5.59364714	 
-2.70934153	 3.04698153	 11.18820349	 
-3.36228619	 4.05220843	 2.02876484	 
0.69461892	 2.01757814	 7.14716030	 
-0.80095271	 -0.02600934	 3.41366624	 
2.51748704	 5.06431874	 -5.95911793	 
-1.05766291	 0.15116453	 -4.77757159	 
4.29286728	 -7.02234142	 -10.06763207	 
-4.40399613	 -5.03161968	 -4.49148957	 
0.97101131	 -2.17837145	 0.72253283	 
0.17339481	 -0.96739988	 -2.00954499	 
0.83027648	 -0.64865209	 -1.23100624	 
-4.07657488	 -1.68114841	 7.17393073	 
0.84753294	 -4.32102935	 -5.24386668	 
1.49615805	 -1.38937241	 2.09744266	 
3.95234711	 0.12273846	 5.53868138	 
-0.76237560	 -1.50892126	 -2.04463790	 
2.01689125	 1.31247356	 -1.95028688	 
-0.84622093	 1.41016855	 -5.37279656	 
-2.35117603	 -2.47750519	 -3.57192287	 
-1.41059120	 -3.15266341	 2.78531022	 
0.82554710	 1.10347144	 7.09660245	 
-0.88397812	 1.84894678	 -3.88255057	 
-4.88782111	 3.97244783	 15.15650701	 
-0.96082915	 -2.08479478	 -5.57450604	 
1.61237597	 3.55006408	 8.73659007	 
-0.99915303	 0.43804879	 4.68440117	 
-2.32337246	 1.49946616	 2.73528276	 
-0.38800842	 0.93154282	 6.36960473	 
-2.29445364	 -1.96659439	 2.63815875	 
-3.82741561	 -0.50298580	 -2.67719256	 
-1.29536239	 4.57203690	 -3.85403053	 
-0.38351000	 -0.15239887	 3.87009478	 
1.27163266	 -1.80640031	 3.45274683	 
-3.78673121	 7.31783031	 -4.60121313	 
-0.88696229	 0.70557677	 -5.67253133	 
0.72438355	 0.66737820	 3.56980662	 
1.85585157	 5.29877964	 0.78904878	 
1.88135682	 1.37745154	 2.71693683	 
5.22647196	 3.38838014	 8.22130536	 
1.83688286	 -0.02323799	 -2.23808440	 
1.84036325	 -1.27330643	 -4.11206252	 
-1.26295444	 3.76145309	 2.30533671	 
-0.39895911	 -1.12875728	 3.67921085	 
4.46759970	 -0.06128832	 -4.08207004	 
0.92457290	 -0.39613249	 -6.33143144	 
3.48650058	 1.90417552	 -2.56145327	 
2.25444275	 -1.11758302	 2.96071196	 
0.50530213	 -0.52894735	 2.98947042	 
2.52540148	 -0.49582469	 -2.73820502	 
5.39344429	 3.34818032	 -3.30281456	 
-0.94549867	 -4.92917766	 4.73495960	 
0.75357121	 2.28741182	 -1.89831359	 
0.30083782	 0.55662269	 -2.99947005	 
-2.55998047	 -1.02257716	 -5.90239980	 
0.77800876	 5.82426018	 1.62771233	 
0.13294290	 0.61435662	 -0.95951007	 
-3.70299433	 1.29780769	 4.85717492	 
-0.98602994	 -2.79421783	 2.80056648	 
-2.84408432	 0.31271150	 3.43983991	 
0.89893696	 -0.76142979	 5.33290672	 
3.30624704	 0.30453633	 -4.82517262	 
-1.44994635	 3.25508858	 -2.95537882	 
-2.41513065	 -0.31422947	 4.27370344	 
0.47118149	 -0.34706370	 -1.38567224	 
2.31549133	 1.18409413	 -4.57756125	 
1.79749726	 -2.86989650	 5.00223849	 
-0.05837438	 -2.88293501	 3.80437568	 
0.53089724	 4.26577086	 -3.78746758	 
0.42667932	 -4.36147437	 -4.36135396	 
0.62844591	 -0.74085638	 4.41666171	 
1.14203895	 -3.39863789	 -4.98915129	 
-1.78565281	 -1.58744854	 -4.85856557	 
2.21077078	 -1.11229419	 -2.63193421	 
-0.33229460	 2.93684464	 1.75642206	 
-3.77895117	 2.25915839	 1.71392488	 
-1.56498207	 -0.12119264	 3.08364752	 
2.33765725	 -0.18436872	 5.02001836	 
-1.87953818	 -2.59443180	 -4.50463033	 
-2.26480223	 1.40839947	 2.55866461	 
4.09684742	 0.93081143	 6.37253912	 
-1.86469840	 5.45679786	 4.94074285	 
2.06197127	 2.61890770	 1.16203446	 
3.55478711	 -1.19787270	 5.29999019	 
-0.65451606	 -0.84631256	 -2.21961484	 
-2.33687076	 0.60715966	 0.95725436	 
-2.08636812	 1.90326974	 4.31458650	 
4.54549637	 2.92390211	 -2.34618972	 
1.17249377	 -0.61817844	 2.94587237	 
-0.38779854	 0.55349995	 -2.42110869	 
1.74192222	 -3.43175930	 4.47055414	 
-1.14043925	 -1.15464811	 3.07461682	 
-0.86728420	 -1.25611315	 0.82543426	 
-1.98291764	 -2.84134511	 3.57473074	 
1.27233310	 -1.18313388	 3.73888504	 
-5.49940016	 -2.32168157	 2.77712196	 
1.53392549	 -1.85736932	 -3.56971989	 
-0.57914265	 -4.12093987	 6.21974389	 
3.00573318	 -1.80489378	 -5.16576017	 
0.93516965	 0.29150341	 -1.28270758	 
-1.34385159	 -1.82501878	 -4.12614746	 
-0.27935288	 -1.28105551	 -2.71437617	 
-2.16666867	 4.82325152	 -3.37494754	 
-3.19943873	 -0.79567102	 3.37509744	 
0.06739994	 -1.08583977	 -3.19584044	 
0.87185507	 -2.40726642	 -8.29739536	 
-0.39055251	 0.31748728	 -2.13766670	 
0.95216836	 0.26605870	 4.34892809	 
-4.67920067	 -4.32525578	 -2.52481509	 
2.76958756	 -1.69059346	 -4.53594329	 
3.49658965	 2.70995958	 2.98510329	 
0.92313035	 0.30668228	 2.62113731	 
0.43965770	 -0.20408922	 2.74942968	 
-2.33017284	 -1.87564922	 -2.79286136	 
-1.16173066	 -3.85064097	 4.34410343	 
-1.06562499	 -1.90487344	 5.38071428	 
-0.13030546	 -1.99248208	 2.75759371	 
1.21530733	 1.81535773	 -3.57266301	 
-1.64312011	 -0.00071721	 3.17718800	 
0.37720396	 -5.46701837	 3.72265507	 
-5.80761201	 -0.82531309	 -11.85441976	 
0.81340336	 2.08324441	 -5.40628958	 
-1.72484240	 -2.90508742	 -8.38291296	 
-0.27679311	 0.65811212	 1.92526747	 
0.55584157	 0.41622019	 -5.30975412	 
4.42889050	 0.29749589	 -10.54759488	 
-0.41737984	 -1.86000619	 -2.41266196	 
0.27843748	 1.92340537	 1.98719131	 
2.27366978	 2.12164913	 1.07377700	 
3.37083533	 -5.47889908	 4.87370855	 
-2.87869136	 -1.77061082	 2.23739573	 
0.49694719	 -3.66850580	 -7.38354274	 
1.03537652	 0.27514091	 -1.76021376	 
1.47098274	 -0.77969367	 4.77676932	 
1.74760791	 0.42717683	 4.26808311	 
3.32983372	 1.31803479	 3.74492974	 
-2.54768632	 -2.54102067	 -4.26610307	 
0.34726382	 0.12550798	 -3.79259417	 
-0.87096800	 0.18448437	 1.32455474	 
-0.10512023	 -3.36507607	 -3.01549962	 
2.54212875	 3.47224080	 -6.27154523	 
-4.93627812	 4.05425005	 5.54829005	 
-1.53534252	 -0.10483941	 1.45934022	 
-0.19595526	 4.12454436	 -1.70545046	 
-3.18149522	 -1.17973752	 1.88775243	 
1.52104304	 -1.30536028	 2.19660954	 
4.58390554	 0.15226370	 -3.99046646	 
-3.84842682	 3.04150829	 5.03396330	 
-2.67670801	 -0.29688638	 1.81946898	 
1.26652483	 -0.69104107	 2.10623639	 
-0.64918051	 -0.58291897	 -1.92789615	 
-1.17626715	 0.31968234	 4.85985913	 
0.93093600	 0.36426656	 3.83664205	 
-0.75533015	 0.90935408	 -2.85704289	 
3.16973668	 0.65488482	 2.37707541	 
5.74966896	 -3.83945318	 2.65123591	 
0.53175057	 0.24011358	 -2.12145229	 
-2.39342764	 -1.10318921	 2.43675262	 
-1.94819666	 1.23469584	 -2.64211282	 
0.19867826	 0.20481090	 -3.20290083	 
-0.18835650	 0.18651521	 1.20170808	 
-0.88507662	 0.58752335	 2.82075662	 
-2.02638802	 -2.60121258	 5.65818152	 
-2.02318354	 -1.42334427	 1.82259452	 
1.04835583	 -1.18698345	 3.15082443	 
0.37050830	 -0.64060050	 2.96254976	 
1.16536815	 -4.12863136	 -8.54624696	 
0.05367992	 2.07908250	 -2.06732256	 
-4.16705283	 0.71687016	 -4.78198966	 
6.22082026	 3.82852230	 4.89432593	 
-1.04920278	 2.06161634	 4.13637332	 
1.28106190	 0.94478766	 3.89522348	 
-2.14044554	 0.62806905	 -1.73804990	 
1.93356042	 -0.70035263	 1.75468383	 
3.39174506	 -2.35289186	 0.99697626	 
1.91634996	 0.60239327	 3.89403390	 
-1.42680904	 0.98632786	 -1.27139381	 
4.73717663	 2.99632262	 1.87595676	 
-0.29465754	 3.03734621	 -2.89036717	 
-0.15877989	 -0.94909657	 3.31543144	 
-6.54684761	 2.09099423	 0.55999863	 
-2.49884268	 -0.10846551	 -10.39300384	 
-1.42217348	 -0.07750229	 3.87106586	 
-2.03610257	 -2.97937823	 -3.65056413	 
1.80105051	 -1.16810205	 -6.21987544	 
1.45831409	 4.36206567	 5.32263155	 
-3.65883047	 -1.97421023	 7.35907303	 
-4.29956361	 -1.23824157	 -3.71076390	 
-1.13078773	 10.22567852	 6.47165931	 
-0.10811178	 -4.20164223	 5.49755046	 
-1.84173633	 0.01379223	 -5.06991185	 
0.78938027	 -1.37116002	 5.58862757	 
0.53757397	 -1.11654348	 7.10690641	 
-0.76017769	 -0.84224589	 -2.33427348	 
-1.50632167	 0.12601986	 -1.20365085	 
2.65115813	 0.06011929	 -2.36391982	 
-1.17454123	 -3.60834792	 4.78987501	 
-1.12628215	 -0.29711483	 -2.63280875	 
2.82213478	 -4.90947279	 -3.49276210	 
-1.52939548	 -3.25482667	 8.51874432	 
-2.39203484	 -2.51407029	 3.50047147	 
0.00840836	 -0.60903484	 3.65239603	 
0.25904842	 0.52875952	 -5.85919500	 
-3.73343126	 1.76970730	 -2.41024101	 
2.27682042	 -0.81075121	 -4.92214093	 
-1.42300202	 0.22897743	 -2.46648896	 
4.04887515	 -1.25793376	 3.02061007	 
1.63916164	 -1.46653928	 -1.30473637	 
0.69967632	 -3.53033598	 -2.21140916	 
2.00792356	 -2.51299673	 -3.20591922	 
-0.48457303	 2.02733867	 0.95745505	 
-1.64493170	 1.19453124	 3.44382749	 
-0.84883735	 -0.42937931	 0.85762083	 
-0.80453608	 2.32558255	 2.24278955	 
-1.99170686	 -1.68388877	 3.96576450	 
-0.20139549	 0.82473576	 2.48807265	 
0.82673667	 2.27622144	 3.01277833	 
0.47029779	 -2.55299480	 5.85016279	 
-0.79364351	 -1.74176749	 3.19530651	 
0.90703723	 -2.43301314	 3.12806524	 
-0.97950463	 -5.06890408	 4.34963758	 
-2.12609131	 0.89587870	 2.69818042	 
-3.11996057	 2.15486070	 -6.57456872	 
1.84839316	 -0.74931016	 -2.48271335	 
2.62802221	 -1.89790715	 1.84256192	 
-1.76748025	 2.53733456	 -4.91238951	 
-4.01223571	 -0.16478585	 -2.85005927	 
2.28648372	 0.80947285	 2.71734247	 
-2.74638536	 0.57141425	 2.74015568	 
1.19061436	 4.46379696	 -1.62686924	 
0.82929155	 -3.31435998	 4.58606778	 
-0.49479213	 1.45032925	 -3.00096512	 
-0.52539528	 0.41927817	 -4.41231514	 
1.86679083	 -1.39558995	 -4.29734697	 
-1.96863963	 4.78202690	 5.54637278	 
-3.99976660	 -2.32528719	 2.33049219	 
2.28334501	 -1.58126532	 1.57874523	 
-2.54327217	 -1.11905628	 5.58932869	 
1.92398679	 1.71268783	 -3.04326507	 
3.78101768	 4.19131095	 3.00988101	 
1.54412602	 2.00974974	 2.49113248	 
-3.95209828	 1.04750224	 2.21342832	 
2.99223975	 -1.14400717	 2.98860762	 
0.15096844	 4.17204934	 1.77785233	 
-5.36925531	 0.83388996	 -1.93049541	 
0.43473485	 1.00565267	 1.84504966	 
-4.69388174	 -3.57367220	 -5.39012445	 
-0.33237202	 -2.79146318	 -2.05949833	 
-0.42176517	 0.66447574	 3.98224734	 
-0.10193894	 -1.36411263	 -5.91716285	 
-1.13627188	 0.53970564	 4.92437173	 
2.52299416	 0.01287431	 -5.92470847	 
1.73871827	 -1.64506539	 -3.17955840	 
1.13704738	 3.44092386	 -2.94578875	 
-6.04541143	 4.84771270	 -5.30641966	 
-9.74592563	 -1.71868605	 6.03902872	 
5.99676689	 2.57666158	 -2.50248604	 
1.63637780	 4.99321265	 3.79371880	 
1.49817729	 1.49778385	 3.56376636	 
0.20943673	 -1.44514321	 -1.79999912	 
0.41794304	 0.01835895	 3.95058847	 
1.84936390	 1.99172140	 -3.93265886	 
-1.42161841	 1.02962166	 2.87010620	 
4.47359562	 1.40775999	 2.60640310	 
-0.17972580	 -1.00221093	 2.49366219	 
-1.74584841	 -0.97121370	 3.15762979	 
-0.61668644	 -0.18708370	 -2.59796933	 
-2.01835001	 -3.33186322	 6.18795853	 
0.13291319	 3.72792052	 4.07521680	 
0.80710448	 3.48434471	 3.05427033	 
-3.86334817	 -3.38505271	 5.66891082	 
-1.35482902	 -4.44782635	 2.25242805	 
-2.51366694	 0.95491219	 -1.84137360	 
3.35464396	 -4.12219382	 3.13661324	 
0.48468986	 0.38012975	 2.69622905	 
0.49849258	 -0.39349367	 -4.00779350	 
-4.20720846	 0.45936974	 -9.95285381	 
2.49642363	 2.16605842	 -4.13791034	 
-1.90489470	 0.86606526	 3.76403669	 
-2.07594505	 -2.88654431	 -2.74954385	 
0.76662778	 1.83655049	 -8.97399842	 
-1.27753458	 -1.08162849	 -4.38908720	 
0.87304435	 -1.45733351	 -5.09873012	 
-0.85555029	 0.11435602	 2.64555219	 
1.69606739	 -1.60922595	 -3.50232247	 
-1.15855853	 0.08913818	 -2.78706167	 
-1.25278554	 0.22565348	 2.67445432	 
2.57368465	 -2.37348278	 1.01387745	 
-1.79133792	 -0.25983640	 2.98240907	 
0.46046238	 -3.54789938	 8.02406957	 
1.65969097	 1.22484846	 -6.85792202	 
0.62665126	 4.49146373	 -5.23491893	 
0.00526078	 1.38936633	 3.17345417	 
-4.35970349	 2.18132491	 2.34464424	 
-3.44915558	 0.34847035	 -3.17047061	 
0.92947092	 -2.60418850	 4.18488620	 
1.00003673	 -2.62940727	 6.31514581	 
1.96859901	 2.67769904	 -2.56390892	 
-0.36866174	 -0.21618526	 3.92373165	 
3.11723809	 0.53246506	 -4.64518677	 
-0.33997297	 -2.62222825	 0.96814480	 
2.84132006	 0.07426270	 7.13595595	 
-0.57204948	 1.60857004	 1.69545120	 
0.36296702	 1.34955795	 4.56489326	 
0.81316604	 -0.94161329	 -2.92381359	 
0.18997264	 1.13905528	 -0.82538297	 
-0.29002842	 2.18052403	 -0.77161697	 
-1.33319370	 -0.20074137	 1.55029506	 
0.58500734	 -0.46232644	 3.23888871	 
0.97402603	 0.42738822	 5.24575326	 
0.89537049	 -1.51869279	 -2.07783737	 
-2.51819213	 -1.89045807	 -2.45457491	 
-4.44033360	 4.04715829	 7.18867803	 
-3.71706233	 4.35904668	 -3.90247240	 
1.25475904	 2.97148505	 4.34105377	 
1.40394478	 1.69049558	 1.21098084	 
-2.55131739	 -0.72357932	 3.72179065	 
-2.02861619	 0.78695573	 1.19688221	 
2.86018383	 3.93123719	 -3.33470057	 
-0.08216693	 3.58881670	 2.81535348	 
-1.52089467	 3.19167083	 8.59511426	 
0.24235255	 -0.74828660	 3.29317909	 
1.14706126	 -0.83572260	 2.28449551	 
-2.53671793	 0.37675637	 1.89626409	 
2.77703696	 1.14166793	 4.53350459	 
-2.38179355	 5.03345060	 -3.30987889	 
-0.22131669	 -0.43735183	 -2.63541839	 
-0.54137969	 0.71174558	 3.71818952	 
-2.74017866	 -0.29535584	 -0.45088905	 
-2.36919154	 2.00099909	 -3.09281701	 
0.07754751	 2.56837094	 -2.88416240	 
-0.50104131	 1.07209695	 -2.76647145	 
-1.09104479	 1.20743517	 2.09596268	 
-3.95913665	 6.50535033	 5.29193515	 
0.91191548	 3.05388326	 0.75527916	 
-0.08431046	 2.26620981	 4.04655290	 
0.53010489	 3.97248732	 -1.59573351	 
-3.56967831	 4.84092610	 6.45777026	 
0.46916703	 1.56475947	 -5.61440756	 
-2.45616405	 1.27303190	 2.62612459	 
-4.21452821	 -3.52521340	 -5.35214217	 
-1.83519940	 1.27202152	 -2.62593406	 
-1.51791203	 1.30121586	 -3.66969832	 
0.61698264	 3.44787045	 3.95991012	 
-4.38973811	 7.28398439	 -2.60889450	 
0.69371348	 0.46404548	 -3.01105629	 
1.24344361	 -1.04822443	 -3.88678723	 
0.83378490	 0.78038412	 -2.33585977	 
0.85396477	 -2.60201492	 -4.29968953	 
-0.41356074	 1.73162459	 -3.36645582	 
-1.23341170	 2.08266768	 -3.60057417	 
6.58188176	 -0.89456878	 1.55433656	 
-1.40727217	 1.17607402	 8.85321457	 
-2.94369953	 -1.39131788	 -4.15833892	 
-0.36388581	 -0.96273074	 -2.01508826	 
0.80713064	 -7.00390614	 2.06745806	 
2.18810833	 1.10549053	 -4.56725384	 
0.03862218	 5.08718207	 -6.74624421	 
1.35857102	 3.17163314	 -4.99944815	 
1.37552324	 0.57259716	 -5.75456874	 
0.62213067	 -0.16730927	 6.71141501	 
3.84890895	 0.68143195	 -4.79978783	 
0.35606806	 -3.17446661	 -4.62822921	 
2.60637318	 1.78655299	 -5.10978748	 
1.07359503	 1.08022041	 -6.25663221	 
-0.24249683	 -2.72731702	 1.89283054	 
-4.15619217	 0.41227821	 -4.59332777	 
6.86669516	 -2.93255124	 4.82664103	 
0.51470449	 -3.56637992	 -9.63720843	 
2.63751123	 2.16971628	 -3.90155031	 
-0.61517825	 2.64127794	 -3.00632530	 
5.84399213	 0.53727893	 2.84940579	 
0.60758221	 6.31507093	 3.41631227	 
-0.44514643	 2.19516274	 2.70066284	 
-0.30235112	 -0.19719935	 4.84052644	 
1.47967316	 -0.83538297	 5.21043436	 
0.72316617	 1.67273777	 2.22021615	 
0.96549514	 0.46940515	 2.27073943	 
-3.12194531	 1.76865378	 3.10875442	 
2.14748812	 1.06875754	 -3.13222213	 
-2.01781613	 5.27245553	 2.59813605	 
0.76839904	 2.02596714	 -5.84919968	 
-1.41369098	 -3.07688636	 -0.84367606	 
0.78289358	 0.76017212	 -2.19820412	 
-8.80241027	 -1.18255938	 -6.31715673	 
2.53150566	 1.74578396	 3.22944887	 
2.43320092	 3.22069389	 2.69004743	 
-2.89184804	 0.68347246	 -2.08536904	 
0.63766784	 2.17193947	 -6.65412294	 
1.52706700	 -1.21702143	 -2.91242684	 
2.86380004	 -3.01259233	 2.22678379	 
4.04268996	 2.49463565	 -6.72141348	 
-0.14130270	 3.23078438	 -0.73257139	 
0.13364778	 4.49652262	 2.49680361	 
2.31994640	 0.83820390	 0.64248650	 
-3.68383389	 5.43342288	 -3.74411125	 
-0.51493731	 -1.52816318	 -3.27132516	 
1.43995932	 -0.24439342	 -2.16636431	 
5.20010603	 1.28531923	 -4.19131598	 
-1.95954207	 -2.24457555	 -5.18188544	 
-1.53973167	 3.72525306	 5.41131214	 
-0.35125423	 -1.96993731	 -3.51576471	 
1.76384691	 -1.73726886	 -2.23552391	 
-0.05556016	 -1.56533023	 -2.91979510	 
0.16707606	 -1.07506084	 2.02724663	 
0.37608149	 -1.55725025	 -3.90441965	 
3.51193670	 -3.61919432	 8.60405369	 
-0.76573383	 0.29042381	 -1.91022614	 
-2.43571681	 1.25453688	 3.71639338	 
2.49596485	 -4.08176150	 -6.85401727	 
-0.49411579	 0.63612649	 1.93438053	 
-0.55794102	 -1.58822982	 2.61932222	 
-4.86502164	 -1.44379427	 -2.94567629	 
-1.63910762	 -1.82623467	 -3.37043542	 
-0.76105938	 -1.92829617	 -2.47726689	 
2.36982018	 -0.09543557	 4.05411916	 
-2.27739423	 -0.07065780	 0.80402109	 
-4.66232269	 -0.18154647	 2.39032993	 
-0.95354927	 1.22544465	 1.34796210	 
-1.46997358	 3.35553837	 -1.83555313	 
-0.65226794	 -1.16350942	 -3.11592478	 
1.53945492	 0.43197717	 -1.55450846	 
0.42856475	 4.95065420	 2.48596790	 
4.41703763	 -5.94818051	 6.00083147	 
-3.85377910	 -0.24521006	 -2.30139485	 
-2.00057542	 -0.10225379	 -5.15096035	 
0.25070650	 -0.45118664	 -4.89185168	 
1.41269415	 -1.58410132	 1.96492009	 
0.93206153	 1.79319954	 -2.61724462	 
-1.55513106	 -2.21255499	 3.00574780	 
1.06240626	 -4.44209227	 -3.46529650	 
-0.10172498	 1.51334737	 -4.13590107	 
9.50144486	 -6.20392566	 -6.10773662	 
-2.10057374	 0.34302903	 8.69902268	 
-1.33715005	 0.54062827	 -0.50748659	 
-0.36762552	 -0.23018183	 -6.74329534	 
0.09276682	 6.69316388	 -5.43686352	 
2.41664061	 -2.56767047	 3.63180554	 
0.97959310	 -5.18316799	 4.31219379	 
-0.55156402	 0.74790808	 2.53718330	 
2.72504420	 -0.29082191	 -2.65650824	 
3.03151017	 0.55054805	 -4.69470773	 
-2.07303655	 0.33802979	 -0.93770592	 
4.26972454	 -2.24308107	 -3.62871245	 
3.17995628	 3.12758238	 -3.57012815	 
-6.24196887	 -2.63729722	 6.27022052	 
-2.88492964	 -0.13148378	 -4.22526674	 
3.47828720	 -0.71186525	 -2.09941367	 
3.54706544	 -1.21481659	 4.66033294	 
0.66628891	 0.25428229	 3.15800149	 
2.44319129	 5.20481508	 -4.36220814	 
0.21394001	 0.30342172	 -1.25070643	 
-7.51872012	 -0.09117136	 -1.27830438	 
2.62372831	 1.01032805	 3.07326786	 
1.27093685	 -0.39076298	 6.46898684	 
-1.45183687	 -2.49462579	 -1.52455906	 
-4.30258635	 2.43280217	 3.98435432	 
1.16277068	 -2.00783122	 1.62784844	 
-1.25970051	 1.55549661	 -1.89825968	 
-2.99356451	 -4.63734588	 -7.14109136	 
-2.11445920	 3.26857717	 -5.80273043	 
3.17324057	 -3.99967046	 4.92721643	 
-0.66859566	 0.00391612	 1.35024320	 
-1.72372556	 1.31903000	 -2.85615262	 
1.95044494	 -0.38715978	 -5.18738732	 
-1.10370409	 -2.42277658	 -2.30160639	 
3.14364855	 1.04608032	 -4.41558312	 
1.43640645	 0.54041310	 3.12431727	 
-0.71694553	 3.29130940	 -2.51599597	 
2.63335059	 1.37285261	 2.94907349	 
3.07895283	 -1.27731914	 -1.85714371	 
4.60001974	 -1.19145601	 -6.22174133	 
-0.66784463	 0.05508641	 6.62806912	 
0.16257642	 -2.79753280	 8.49013707	 
-4.42023402	 6.54561748	 -3.93269627	 
-2.98588137	 7.38588485	 -5.61454561	 
-3.60305249	 0.43482186	 1.24007132	 
0.29238905	 -0.43213943	 1.27530416	 
2.07333203	 -1.39385388	 -3.21695994	 
-1.70079385	 4.16594668	 3.76824149	 
-0.39206887	 -1.10970580	 3.00435491	 
-1.16081330	 1.36113369	 1.07842156	 
1.93164994	 -1.35616486	 -1.86239436	 
0.70500063	 -3.51515409	 -2.02285115	 
-1.51740761	 0.41378319	 1.92737953	 
-1.35349938	 -1.19149576	 0.96739987	 
1.12031507	 -1.25005750	 3.77288712	 
-0.95021268	 -0.45224524	 1.90285730	 
1.42741098	 -3.21788669	 1.96056090	 
6.15006507	 -0.45904262	 -2.23792521	 
-4.15909792	 6.82892322	 8.29427291	 
0.90501586	 0.13760567	 3.52053979	 
-0.05115786	 2.38094994	 3.50707372	 
-1.20019563	 -1.50397830	 -2.86298767	 
1.58290675	 -4.58964287	 -1.88936878	 
-3.32871466	 -4.10467450	 -6.25385339	 
-2.67550247	 -0.23523929	 -5.26788078	 
-3.80846941	 1.95043485	 2.35312395	 
-0.93565371	 -3.01315396	 -2.39357994	 
9.54111020	 1.19235540	 -9.53064255	 
1.40215755	 -0.74273018	 -2.84037702	 
-0.10668421	 0.79853550	 -3.43775333	 
-1.61183321	 -0.63263711	 -4.58322882	 
0.58592290	 -0.84469715	 -6.21523012	 
-5.76819230	 3.54800516	 -5.47143373	 
0.09449948	 -2.56866479	 -6.02228329	 
-0.76168325	 -3.40851471	 -2.21418324	 
-1.55436996	 -1.83474095	 -1.67822439	 
1.49572168	 3.42340382	 3.58710732	 
0.44226809	 -2.24129602	 2.62574075	 
0.36263531	 -0.83651588	 3.64670149	 
0.06721762	 -0.38520813	 -1.39866264	 
-0.99700575	 0.16447919	 1.83148115	 
-3.18112662	 0.83254696	 3.81742368	 
2.34617347	 0.24313132	 0.86530590	 
0.59488851	 0.56478343	 -1.70053757	 
-1.26318694	 0.02981141	 -0.86783353	 
0.36266416	 4.52215557	 3.08968397	 
-2.71824175	 -1.75378799	 2.39449790	 
3.69694224	 -2.21319437	 -4.50090820	 
2.17701516	 -1.28857835	 -5.44914298	 
-0.65775104	 0.55576424	 1.92075325	 
2.78554861	 3.18173178	 -4.11455197	 
3.32495012	 -1.53749958	 -3.59519354	 
6.33593401	 8.84831485	 4.79454095	 
-0.95552516	 1.40217802	 3.44749585	 
0.90656118	 -1.25488481	 -2.92159364	 
-0.03805074	 0.48739647	 4.17271012	 
-0.74390926	 1.88416330	 9.08783428	 
-3.83176497	 -0.82207275	 2.76204821	 
-3.28645779	 0.07180054	 2.55231036	 
2.46536444	 -0.37858677	 4.22261057	 
3.72975342	 0.02334602	 -4.19782316	 
-1.38430920	 0.13165937	 -0.77531815	 
-0.37971488	 0.46953555	 5.47419835	 
6.34136527	 3.10090928	 9.83367180	 
6.59915532	 -2.42481366	 -8.45898704	 
3.52883772	 3.01505735	 -1.96040357	 
-2.06779575	 -1.78072316	 5.21055647	 
-0.40678139	 1.94116757	 2.84162798	 
-3.03521357	 0.96235910	 -4.42870814	 
-0.47200354	 -3.35698104	 -4.98803856	 
0.03622979	 -0.10594250	 -2.31015018	 
-0.06617800	 3.91139263	 1.00425783	 
1.40251693	 -0.37146200	 4.14480915	 
-3.04777983	 -5.36405705	 -5.69787517	 
6.56887195	 -0.75957080	 7.34777822	 
0.05697933	 -6.36382708	 -8.93863908	 
1.14583808	 -3.76466495	 -2.36584933	 
3.39577823	 -1.18661517	 2.73323854	 
-0.36694670	 -0.13295748	 2.71150287	 
0.39076642	 -0.92551095	 0.99978602	 
0.01193847	 0.09187397	 -5.49707100	 
-2.33760307	 -0.16320967	 5.44178319	 
3.37029569	 5.21269546	 3.91377769	 
-4.29132054	 1.87151163	 4.83274540	 
-1.16532980	 -2.28232929	 -4.02137069	 
0.50924025	 0.38863904	 -0.54322270	 
-0.34751075	 2.46052920	 2.81007248	 
-0.25580912	 -2.40026879	 -2.49374712	 
-0.62454979	 -4.79365722	 5.97252028	 
-2.78240105	 0.79953639	 -1.74830072	 
-1.61667701	 -0.42269688	 2.49570182	 
-1.13990528	 2.63265058	 -2.51224468	 
1.74484400	 2.87245782	 -5.76780949	 
-1.14639507	 0.42740373	 1.15272461	 
-1.31875890	 -0.17315106	 0.18675384	 
-5.67061949	 -2.19230293	 2.51526659	 
1.67166610	 1.04891685	 2.38370961	 
-2.74316511	 -1.33996834	 3.78143952	 
-2.12758964	 -2.93446055	 3.10709694	 
0.57220464	 0.34921712	 -0.97888702	 
0.58835557	 2.39989645	 -0.91508770	 
3.35558199	 2.17731468	 -3.79997366	 
-0.52227511	 1.04919781	 -5.67230413	 
1.52107705	 2.27532733	 1.23493062	 
1.37614772	 -0.61074978	 2.89502927	 
-0.16993584	 0.69858854	 2.51332399	 
-0.03685164	 -0.47595856	 -4.19657357	 
-0.68021010	 0.79693152	 -2.35120242	 
1.38717798	 0.07730296	 2.99129351	 
-0.29634116	 0.85221849	 1.98068139	 
0.89606733	 -1.68209635	 1.65772145	 
1.23921451	 7.05917295	 4.47469726	 
-1.87617755	 -0.30599550	 5.39599086	 
-0.49696385	 0.25182512	 -1.60026903	 
-2.01693276	 1.56116093	 -4.87794009	 
1.84340396	 6.17238122	 -3.23053800	 
3.29401312	 0.14077446	 4.29175173	 
3.04260229	 0.48882063	 1.94602370	 
-2.28092114	 -4.10095719	 12.42469035	 
-2.06030255	 1.08665685	 1.72869162	 
-3.98772622	 -2.88170816	 -1.26798438	 
-2.06920610	 1.42044401	 -3.92323495	 
-0.98678435	 0.74873344	 3.27446971	 
3.27500558	 -0.09918801	 4.02625030	 
0.56974593	 -0.98348777	 -1.82570894	 
-3.56068995	 0.17279876	 -3.31972370	 
-1.21311847	 -2.97194407	 4.94688048	 
-0.11611912	 0.74896560	 -0.68026087	 
8.43212765	 -0.52247931	 -7.48278821	 
-0.49607889	 2.06496798	 -5.85984243	 
-0.36784714	 1.07860630	 3.30610546	 
-0.38498536	 0.73294177	 2.02118504	 
-1.83908330	 -3.50794798	 -5.25788818	 
-1.86426626	 0.66783219	 2.98859765	 
0.79807676	 -0.93238882	 -1.51853390	 
-0.84901429	 -0.55451999	 6.98338333	 
2.44568868	 2.19814678	 -4.16020697	 
2.80123324	 -1.57888743	 4.05631055	 
-3.27138787	 1.02819024	 1.56636732	 
-0.10655951	 3.96062855	 -6.80256070	 
2.88364792	 -0.91085313	 -6.67285804	 
-3.39044530	 1.11421737	 1.79857187	 
-3.59455219	 -6.08436327	 -7.13579372	 
-1.32389337	 -1.97540986	 3.53883775	 
1.44780326	 1.45677831	 3.35582868	 
-3.27103727	 -2.94537269	 -6.57236635	 
1.91150260	 1.53700253	 5.03749393	 
-0.65390713	 -0.75535868	 4.72653877	 
-3.81848463	 -0.42889620	 1.28252186	 
1.93400650	 -0.81531667	 -7.97125082	 
-0.14994771	 -1.11005258	 -3.19396491	 
-0.78635059	 1.42037297	 3.31669746	 
0.57724295	 8.72984295	 5.24611339	 
3.26449636	 -1.89134040	 -3.43045360	 
-1.38115806	 1.21863747	 -2.19492784	 
-0.28411277	 0.70735474	 -6.78883856	 
2.04207302	 -0.40009091	 -1.80724569	 
0.11809808	 -0.15060434	 -1.35701926	 
-2.05969070	 1.69924530	 4.24037637	 
0.60733908	 -1.92069291	 2.92859297	 
2.09818346	 -1.44044549	 -2.43263414	 
-2.40698531	 2.48366128	 0.22443507	 
-6.21178450	 3.44163617	 -5.37260637	 
1.40871995	 -0.22344943	 -2.63114356	 
-0.38834152	 2.12941075	 -1.80758096	 
1.16935311	 -2.88336554	 -2.51691843	 
6.92771398	 4.61568955	 -5.07216088	 
-4.60133442	 -3.99109680	 2.23241942	 
-1.57202587	 -0.25228846	 -0.97529344	 
0.65886489	 0.34411634	 -2.43868799	 
0.30328232	 5.04137012	 5.78721685	 
2.41283275	 -1.00016749	 9.57681996	 
-0.55312535	 -2.85110545	 -5.12813954	 
1.46831475	 1.28294256	 2.48628664	 
5.15593451	 -0.03097288	 -3.04394965	 
4.20211953	 -2.13431308	 -5.78678460	 
-0.65854178	 0.58946019	 -4.02478641	 
-0.73161572	 0.92073388	 -2.52527338	 
-3.40817821	 5.28505410	 -1.39351305	 
-3.54644522	 -3.07607251	 -1.09905398	 
-4.13237516	 0.09287898	 -5.43255053	 
-2.79292641	 1.56776284	 -2.44569428	 
-0.16264460	 -3.27280637	 -2.43956483	 
-0.85258280	 -1.42668249	 -2.99023627	 
-0.63340861	 -1.81239929	 -5.04200535	 
-4.15572837	 1.58285667	 2.51650472	 
-0.54163861	 -1.14831814	 -4.17857045	 
-1.00686597	 -0.25831122	 2.51400794	 
-2.08371906	 -0.30029209	 -2.03564343	 
2.22600939	 0.65420661	 -3.10095366	 
2.48744261	 -2.42458035	 -5.86440406	 
-1.22655042	 -0.35047273	 -2.34783517	 
-1.63363164	 1.80561385	 3.93642142	 
-1.65144316	 -0.26613751	 2.40023799	 
-1.97780927	 -1.39904986	 2.12552915	 
2.60796538	 1.53206890	 3.75902715	 
-0.93010444	 -0.82251141	 2.23850499	 
0.72949299	 -4.02248774	 2.33661822	 
-2.39081622	 -0.93383866	 2.78248122	 
4.27246135	 1.38419719	 -4.85217670	 
0.60172683	 1.02656237	 -5.24246744	 
1.98706268	 -0.86642210	 2.03506879	 
1.60940475	 2.49269099	 4.07707107	 
2.29322141	 0.37377849	 -1.21181010	 
-0.24498125	 0.50018872	 3.04718408	 
0.78412803	 -0.50818965	 -2.49081352	 
2.22346204	 -0.78756703	 3.57521820	 
-2.04333272	 -0.68895165	 2.17690191	 
2.43184308	 -3.88763243	 1.95270420	 
-2.26103611	 0.28409805	 -1.43524214	 
5.47055221	 1.87600816	 -8.79670334	 
3.35261059	 -4.71639538	 -4.98763948	 
3.26108983	 4.83693172	 -5.49629289	 
5.45357566	 0.01214593	 -8.01257674	 
1.14285693	 -6.48809304	 5.47317263	 
0.39683858	 0.74740859	 -4.70694191	 
4.87673133	 1.13357827	 -7.83182287	 
-0.57809044	 0.70109674	 -4.28953191	 
-0.22051333	 -0.20605025	 2.95765580	 
-1.79886673	 -2.64560598	 1.52169618	 
1.57467291	 1.33615374	 4.51334223	 
-0.73696619	 2.49539366	 -4.20162483	 
-1.21612654	 -3.53997140	 4.76541928	 
0.44755197	 -1.57627242	 -2.17611380	 
1.69660167	 1.09216180	 -1.57829216	 
-3.44843034	 -1.62884605	 4.05352992	 
-1.80894916	 -0.00127691	 1.30278253	 
-1.77374417	 0.39895365	 4.62120264	 
-0.43187079	 1.80991990	 3.59994211	 
4.32800760	 0.50528581	 -4.00352635	 
-2.55821651	 -4.36164071	 -4.71554068	 
-0.69136586	 -2.85998073	 5.19881228	 
1.25698330	 1.16828636	 2.95239669	 
1.09065168	 -0.44976713	 -5.56382807	 
-0.58195112	 1.06729398	 3.24003500	 
-2.36988281	 1.61072476	 -3.72472784	 
-0.20871755	 1.70288731	 -3.10835787	 
3.27644570	 -0.68298061	 -2.41354048	 
1.66527444	 -2.75443192	 3.72093876	 
0.51740792	 0.14956378	 2.29526418	 
-0.26195841	 1.10196599	 1.91933614	 
-2.34208054	 0.99034106	 3.99852283	 
1.95131487	 -2.48130696	 -2.30680373	 
1.08753084	 -0.47730002	 -4.25899185	 
1.37034870	 0.18775760	 -1.47310959	 
1.29600100	 2.77444665	 2.64611916	 
3.15237155	 2.81850442	 4.75668367	 
-2.25362304	 2.97195449	 -3.38329130	 
-3.52120751	 0.35427988	 -2.03399428	 
-2.37338319	 -5.35065615	 2.09363867	 
-1.34262116	 0.86891237	 1.07492749	 
-5.24093416	 -1.40945714	 2.45932345	 
-1.12513947	 -0.66891675	 -3.23385253	 
-0.14104518	 0.60879572	 -1.27494938	 
-1.52028639	 2.12783711	 -0.97668626	 
-2.84938187	 2.35095329	 -3.97257927	 
0.11341419	 2.17859988	 5.56714682	 
3.20863200	 3.02756106	 2.07575502	 
1.52944361	 -5.10482619	 6.63877654	 
5.79099039	 -3.14022624	 -5.64995721	 
-1.35660694	 4.61499564	 -2.42248240	 
1.46444911	 0.74194416	 3.44966536	 
0.08024278	 2.83560007	 1.64459076	 
-3.38013722	 -1.78102161	 2.67198679	 
2.63213945	 -2.60386352	 -2.11024089	 
-3.10640350	 2.73009322	 4.34084076	 
0.61431829	 -0.55285213	 1.66554892	 
0.33070605	 -0.77548286	 -5.51492554	 
-2.34442748	 3.08552891	 -3.50219486	 
3.38880227	 -0.52868335	 -0.48317967	 
1.43937483	 -0.43646030	 -2.35218808	 
-0.63177308	 1.06054393	 -1.80819317	 
0.05039625	 -0.61592246	 -0.87918298	 
1.10351384	 0.98965733	 3.62771599	 
-2.52568784	 -4.23570132	 -8.01286302	 
2.90397990	 -1.39157940	 6.57093285	 
-0.32917156	 -0.00758404	 -2.75912984	 
-0.55360478	 3.29875840	 3.49153529	 
1.64085427	 0.16234405	 -3.96101465	 
5.06128785	 -5.75783675	 -4.12725844	 
1.82528977	 -0.58091309	 2.78747700	 
1.30365674	 -1.77441213	 -7.65357039	 
-1.28335318	 0.26945463	 -2.01926076	 
2.84752403	 1.02336186	 8.55961894	 
-2.30634798	 2.47654032	 -1.40231887	 
2.71859931	 0.91927090	 -1.18977938	 
2.82043415	 1.25937917	 -7.10129436	 
-1.11353440	 0.34155759	 -3.82157101	 
1.84337556	 -3.73419974	 -3.19774767	 
-1.83653249	 -2.41121825	 3.60823655	 
-1.20359170	 0.86818651	 8.88265449	 
-2.00234866	 -1.70640677	 -2.61222465	 
-1.05675277	 -1.09200418	 3.47277896	 
-0.56600125	 5.22966066	 2.21465446	 
-0.83301514	 0.48483713	 3.05531039	 
0.04656496	 0.46776176	 -4.63300368	 
-0.38855113	 -3.71209778	 -5.41338002	 
0.69802853	 1.78752700	 -1.85375518	 
4.55487969	 -4.57286670	 -6.74127747	 
-1.73024264	 -0.58018038	 4.01367170	 
1.78829900	 1.00180373	 -4.00394289	 
-0.81794400	 5.44645744	 -8.95897417	 
-0.50646266	 -2.43934524	 -4.44692154	 
0.89889289	 0.52401492	 -2.25060529	 
0.94536241	 0.06734164	 -6.01356727	 
-0.91538835	 1.10227268	 -6.37534614	 
-0.97192046	 -0.34149364	 4.45191281	 
3.26005033	 1.17715250	 -2.39478763	 
2.64611825	 -0.02781620	 -4.79150605	 
0.53980138	 -0.17667506	 2.76688175	 
-6.04375733	 -0.31445282	 6.25285199	 
0.85534665	 -1.66062708	 -0.53995667	 
-0.31689088	 -0.97346053	 3.02417594	 
-3.08527383	 -3.74249190	 -3.97416071	 
-2.94706422	 -0.20777615	 -4.01327176	 
5.74344938	 -4.07330927	 1.77791894	 
-0.09886346	 -0.49087840	 -1.42283016	 
-5.38385159	 0.72450323	 2.87556355	 
-4.55622205	 3.46282075	 3.66273049	 
-0.61472319	 1.71872465	 -1.35811725	 
-0.99650247	 5.27090437	 3.24129069	 
1.96995599	 -3.79748358	 3.40615439	 
-0.45196030	 0.68220274	 -1.31379684	 
-3.65335578	 1.22910682	 2.59551481	 
0.39530701	 -0.83651513	 6.57815557	 
3.20732174	 1.71689045	 -6.84344126	 
-5.46748557	 -2.54124563	 -2.66612664	 
1.80708429	 2.23604285	 3.28339668	 
-2.97661272	 -0.99804068	 -5.62183864	 
-1.04605523	 -2.07348668	 -5.79547767	 
-0.55291568	 1.82969056	 4.43088653	 
-0.98321147	 -0.86763902	 -3.60482187	 
-2.01953606	 -0.30475960	 -1.33978998	 
-0.32377449	 1.63579429	 -3.09093791	 
3.22789880	 0.82405335	 -4.40840991	 
-3.74050885	 -0.61473882	 5.05585335	 
-0.24247968	 1.08316608	 -0.92513266	 
2.04626172	 -1.67569553	 -3.05663390	 
1.39517951	 3.57724972	 -5.78095038	 
2.19740931	 -0.90241803	 -3.82494996	 
1.92513559	 -1.31195213	 2.46321952	 
0.45749644	 -3.71673936	 -1.20678435	 
0.73444800	 1.91123726	 1.93086215	 
1.94710658	 2.29861473	 4.41959639	 
-4.67323446	 -0.74644084	 -0.65820718	 
2.20613019	 -1.58383418	 -4.97203386	 
-1.51701460	 0.48528867	 -5.17869113	 
-0.19447294	 2.46118182	 -3.10728574	 
-1.43646703	 1.23288239	 -2.33739612	 
0.21507427	 -1.12258234	 -3.85705137	 
-2.88926775	 -3.71557975	 9.40426684	 
-1.62136256	 -1.08794460	 1.90628761	 
-2.37413282	 -1.91291840	 -4.16266949	 
-1.34959085	 -1.29005161	 7.20783770	 
-1.62114782	 1.43212116	 -4.07006745	 
-2.08633200	 2.45857609	 -5.41093407	 
-0.76537071	 -0.33310400	 -3.11012122	 
-1.95479411	 -3.57198561	 -1.74032473	 
2.40871087	 0.83236689	 0.83202458	 
-0.47458112	 1.23949308	 -2.22992283	 
1.73398626	 1.05602189	 -5.45792979	 
-2.18821042	 1.25083263	 -2.89188730	 
-1.70150252	 1.61221654	 -2.58095185	 
1.16582776	 0.90843443	 -3.35101101	 
-0.73614602	 -0.34609371	 -3.60716085	 
-1.49619513	 0.04712145	 -2.75322935	 
2.44515752	 0.14837817	 2.01457732	 
3.45541479	 0.23087268	 8.05111064	 
-2.65505961	 -6.62649643	 -6.82752194	 
0.60817002	 0.07607346	 2.15298304	 
-0.97906108	 0.72834640	 -1.76979523	 
3.34586341	 -2.17925704	 -6.88364115	 
-2.23594864	 7.01741498	 5.36450704	 
-1.54692734	 -2.05985430	 8.76707239	 
5.05420498	 2.52412716	 2.37650511	 
0.53928113	 2.51837550	 -3.13861617	 
3.78016429	 2.16277482	 -4.32677788	 
-0.44836980	 0.31694877	 3.81247757	 
3.89669708	 2.13814009	 -1.95342966	 
-4.23072376	 3.49615511	 5.28751651	 
1.65449166	 -0.23394095	 2.42372219	 
2.25360099	 0.16963494	 -2.33588459	 
1.76561243	 -7.45099603	 -2.54126646	 
-0.70105606	 -0.54340248	 -2.07218947	 
3.10453682	 1.00809970	 -3.27661823	 
3.49473818	 3.85307185	 -5.83159593	 
1.16359243	 0.84643207	 1.40422025	 
-0.27971693	 2.19402728	 3.39198406	 
-0.44381773	 -0.71462921	 -4.14723738	 
2.10595274	 -1.68809043	 2.96821550	 
0.88731242	 0.51544423	 5.19685613	 
-2.69440280	 -3.21945248	 -4.01848529	 
-1.06433163	 0.01681077	 -7.00722955	 
-3.29709389	 0.79222910	 1.88543993	 
-1.53404288	 0.83772449	 -3.57285546	 
0.17643471	 1.11816474	 2.68541182	 
-0.76677394	 -0.20342521	 -5.72485945	 
0.99568236	 2.55045214	 5.81703614	 
-0.74098258	 -1.24789328	 -0.85036847	 
-1.12794001	 0.56060704	 -6.07448245	 
-0.55899531	 -0.86479703	 2.98683765	 
-4.20326598	 0.87352743	 -8.31213182	 
-1.36183693	 -0.62203940	 -3.07999517	 
-0.86698201	 7.82331255	 -2.27467901	 
2.15872496	 0.71533125	 5.45066346	 
-0.19957488	 -2.06046965	 -2.70474406	 
-5.41094364	 4.69755364	 -5.43749400	 
2.39147660	 -1.06549291	 -5.06050519	 
-2.77471049	 -2.02469878	 -3.55833664	 
1.67998139	 2.86621456	 -7.05925608	 
0.65876934	 0.85122038	 -2.26333674	 
1.74125822	 4.20404926	 -2.04654452	 
2.93209215	 -1.38372158	 -4.96007074	 
-0.23834805	 2.56813885	 -1.47673223	 
-2.99278291	 4.04266917	 -4.56814078	 
0.57620380	 0.80760755	 2.65064481	 
3.60312660	 5.44730303	 -3.26111416	 
-1.63117602	 0.07194243	 -2.49622631	 
2.84317557	 -3.72490105	 -2.91342034	 
-2.33782544	 0.50745459	 -7.05544747	 
-1.10616935	 2.99008157	 4.48192408	 
0.87186743	 0.60534783	 3.91055833	 
2.91306327	 -1.04883662	 -8.19116134	 
-0.27920569	 -0.96252984	 2.93364393	 
-0.18789093	 -0.83359251	 -1.98320956	 
-1.34803140	 4.48049126	 2.72432479	 
-5.46588681	 0.15289517	 2.87860244	 
1.47280879	 -0.34095213	 4.21339084	 
0.01748131	 1.73977015	 -0.63384835	 
0.22735122	 -0.34151761	 3.87610833	 
-6.58465463	 3.87898235	 1.54682548	 
-2.03337187	 6.24399035	 8.62217496	 
0.01713229	 1.15058522	 -4.79979205	 
0.75107986	 -3.52495959	 5.55244597	 
2.18378496	 -2.40488299	 2.45561111	 
-1.92799564	 2.25735077	 -4.10242600	 
5.51771133	 0.81922857	 -4.08151010	 
0.62283224	 -0.08719037	 -3.26475065	 
0.67803620	 3.97330447	 -3.09096842	 
1.43513474	 1.60479399	 -3.03599439	 
-0.25083468	 -1.10823649	 -3.56610183	 
1.22510961	 -1.90288259	 -2.56899761	 
-0.54115020	 -2.16039713	 -6.16073870	 
-1.29717173	 2.39085901	 1.87863348	 
1.96177148	 -0.95356266	 -0.73312493	 
2.53546957	 1.06064935	 1.84546569	 
1.15070210	 -0.74528133	 4.28344257	 
0.91937275	 -0.97181730	 -1.39777960	 
-3.83096111	 0.52089315	 -4.01686695	 
-0.09487401	 0.79121257	 4.10833763	 
0.28378126	 0.53374023	 -4.92509972	 
1.12247766	 0.10045510	 -0.91319375	 
-1.33575424	 -2.22514506	 5.67800523	 
3.18449566	 1.39819155	 -3.16654547	 
1.20242013	 0.25814434	 0.91817358	 
-0.98018471	 0.66928660	 5.53612421	 
-2.68912662	 -5.70762263	 -3.76348081	 
0.03347878	 -1.43596522	 -0.79687884	 
1.58398721	 -3.03999273	 3.76374801	 
-1.54878414	 -0.26710132	 1.75392391	 
2.06795215	 1.17366546	 -2.46785310	 
-2.39049735	 1.13053591	 -4.31159811	 
-1.26417068	 -0.24830553	 -3.17398763	 
2.27421675	 -4.30277386	 5.38982975	 
1.31309458	 -1.30711990	 -2.77850567	 
4.73848351	 -1.17805774	 -2.66191074	 
-0.31818602	 1.22377383	 4.10205084	 
2.00821001	 -2.17035498	 1.75674378	 
-1.89539349	 -4.16918783	 1.33204542	 
-0.33257946	 -1.66752770	 1.74520467	 
2.90533013	 0.05470308	 1.65764837	 
-6.36229143	 -0.53335406	 -2.66511362	 
2.63889791	 -1.42494947	 3.69533836	 
-0.82431409	 0.08836681	 -2.66335329	 
1.29738168	 1.16050739	 -1.96987380	 
-2.14234840	 -0.57241078	 2.45260839	 
-1.65090881	 -0.56425265	 4.35664626	 
0.45573580	 0.33423774	 -3.48371309	 
2.66495522	 1.04141882	 -1.37412509	 
-1.15101206	 -3.03718347	 -9.57901636	 
-3.46129037	 1.07955116	 2.12971753	 
-2.06122359	 -4.51458290	 2.86874754	 
1.49940777	 4.43646455	 5.97164667	 
-0.56467763	 1.33063130	 -2.67399018	 
0.70243091	 -0.80432941	 1.17822616	 
0.78945750	 0.76524098	 -1.90986201	 
-4.35872520	 1.84136090	 2.16309608	 
2.64620785	 2.58016780	 3.63189015	 
-6.35057392	 0.81090427	 -6.39742967	 
-0.30780506	 2.32270662	 -7.66181177	 
0.76692060	 -0.96810998	 2.40705298	 
0.89725800	 4.96916826	 -4.73893630	 
1.36070675	 2.37591037	 3.19016162	 
-0.30078558	 0.33898294	 -3.29591757	 
-2.82362614	 -2.25307383	 2.67987118	 
-1.91678473	 -4.00343487	 3.72213599	 
-2.79367939	 0.18709664	 -5.65889054	 
-3.82260613	 2.61652080	 -2.89223765	 
4.65252607	 1.78567488	 -2.51010272	 
4.27018683	 -2.93047665	 -6.10421279	 
-2.88822992	 0.20806183	 -6.17946647	 
3.52290779	 -0.56510954	 2.26718623	 
-1.86914311	 0.72492856	 3.92248879	 
0.71393540	 2.11101364	 2.24578530	 
-2.96212933	 -2.99917856	 3.65971338	 
0.94375513	 3.90057372	 7.56260578	 
-3.95457953	 -0.30245191	 -4.41871813	 
2.81826539	 0.61997878	 -5.90581676	 
-0.82179968	 -1.99125011	 3.81233118	 
1.00593838	 -0.48083129	 5.82749694	 
2.95936181	 4.69975093	 -3.52383912	 
-0.45179588	 2.15982402	 -1.96629596	 
-2.11280668	 0.09723656	 3.20430489	 
0.94999785	 -2.16299156	 1.86128790	 
1.64510644	 -1.90999940	 -4.53926645	 
0.74740357	 -1.71506031	 -1.57005596	 
-0.02734047	 -0.56407683	 7.24246378	 
-1.22241947	 -0.35203038	 -4.16394774	 
1.03329303	 2.42536526	 -7.87968636	 
-0.32465048	 -3.84106590	 3.85487951	 
-0.32731395	 -3.53536432	 10.79221570	 
0.54168543	 0.79018390	 0.83044997	 
-0.55522571	 -0.56490873	 2.96787619	 
-1.12358540	 2.76451197	 -4.95437025	 
2.06794818	 0.69471722	 -4.73411903	 
0.43233502	 4.91157252	 -2.17089757	 
3.08562779	 0.98851454	 2.22128140	 
4.43433230	 2.66326336	 2.85844295	 
1.12227524	 -1.90915689	 4.13301439	 
3.13946243	 -2.58873837	 -4.90520162	 
-0.50084690	 -0.82754512	 -1.97982200	 
2.46604415	 2.09919248	 -3.84686635	 
-1.20762835	 2.25909980	 -4.84130710	 
-0.46799342	 -0.29418472	 -1.94003642	 
3.75597365	 -0.23099122	 2.14883646	 
-0.60282209	 0.32278880	 -2.07488014	 
1.93173175	 0.24633730	 2.52577975	 
-1.87724136	 0.94844412	 6.39955106	 
3.24971865	 4.51785702	 2.73399036	 
-0.50315000	 -2.07847232	 -4.12054175	 
1.78382848	 2.25398700	 2.68820708	 
1.84895996	 -0.34495198	 -3.67445986	 
-3.27550973	 -0.66005831	 -1.40800326	 
0.47746447	 6.63598116	 -5.16263044	 
0.30349297	 -1.32570064	 -3.72672861	 
-3.43623368	 0.69302548	 -7.54683405	 
-0.00265077	 -1.33439543	 2.84787079	 
-2.64863189	 -1.32396225	 4.20396933	 
2.93135928	 -4.34151017	 -7.90293537	 
-1.17711633	 0.75460988	 3.82346441	 
1.00446379	 2.25604539	 3.10641864	 
-7.90082818	 -1.02717907	 0.30894350	 
-0.30098569	 -0.42858438	 -3.38696088	 
-3.32327285	 -0.79121897	 2.90063008	 
-3.22029167	 -1.13308895	 -5.20745554	 
0.74788848	 -2.39374152	 -3.14552369	 
-2.39139557	 -4.77260612	 3.51068242	 
-2.56661464	 -2.25958714	 3.53388111	 
-1.72115017	 1.59537221	 3.78683731	 
-0.37686914	 0.92775342	 -2.71756777	 
1.83966433	 0.55534881	 -3.10485838	 
0.99297924	 -1.88297521	 4.82466081	 
-1.51826013	 3.44386062	 1.58916707	 
-0.39636592	 0.55174726	 2.39588628	 
0.67989281	 -3.01218529	 2.76566237	 
1.73215710	 -1.34515328	 1.47214728	 
0.62486394	 1.97023914	 3.28513110	 
0.82481641	 -1.97252731	 -4.02540121	 
0.93046713	 -0.64171726	 -1.59488284	 
-0.13181051	 0.10183441	 -3.63062344	 
0.93082976	 -1.32956166	 1.34784734	 
-2.34555037	 -1.02803601	 -5.58398979	 
8.34812150	 -0.53767930	 3.75353625	 
2.70833553	 2.40560549	 8.24293112	 
-0.32559534	 3.28770640	 1.23589936	 
-1.63516435	 1.01083204	 3.75002729	 
0.66440269	 3.76538002	 -2.59012492	 
1.10798326	 0.80316520	 4.83184410	 
-3.46528832	 -1.91618706	 2.61504079	 
-3.42690699	 -1.96578082	 -2.57670864	 
2.02347177	 -1.47550875	 -5.59023245	 
-3.28869728	 2.24838599	 4.03462343	 
1.57832617	 -2.76637047	 4.39075438	 
7.68549264	 3.78735819	 4.21325768	 
-1.44452172	 3.12282802	 -5.69031421	 
-0.01403068	 1.66140139	 8.55552033	 
1.13435026	 -3.44354041	 -5.55189966	 
2.70799913	 -0.71914283	 -7.66495769	 
1.18412496	 1.04546060	 -3.59801434	 
0.74560846	 -1.98069606	 1.64193218	 
-1.23728488	 -1.07217502	 0.60817963	 
1.70135799	 -5.54045239	 -8.50341374	 
-0.68668657	 0.99033065	 -6.80300783	 
2.61237258	 -0.48124297	 -3.01193378	 
2.93766698	 2.75157618	 4.57800018	 
2.49110110	 -3.41572372	 3.84320546	 
2.52929750	 2.70584675	 3.49935700	 
3.38232433	 -2.15814913	 3.38182883	 
-3.22775788	 1.04200478	 -5.74932500	 
-0.63029723	 -1.12760268	 -1.52163188	 
0.32697123	 -0.57384167	 5.45180182	 
-0.80684730	 2.46606330	 -3.91518003	 
-1.47029502	 -4.38267714	 1.69256102	 
2.42580087	 -1.92580127	 2.92188327	 
-0.65671109	 -2.86590445	 -2.20669164	 
0.09131082	 -0.64917860	 -3.65813720	 
-0.11083944	 -0.60066679	 -9.17259872	 
7.51905636	 -8.76622375	 -5.95134015	 
0.66879066	 0.18148922	 -0.93584413	 
1.69507171	 -0.20583023	 -3.18626495	 
-0.46845383	 -0.48945693	 -3.33666410	 
1.22668763	 -1.22460350	 2.28410962	 
0.06473905	 2.27952389	 3.02874680	 
-0.62743231	 -1.63258208	 4.50859045	 
1.61566902	 -2.83507182	 1.65266642	 
0.30271069	 0.24391263	 -1.82849321	 
2.96457989	 2.34010254	 4.90755844	 
-1.86586693	 0.11017449	 6.23423814	 
-1.67571892	 -0.55797433	 2.15949081	 
-1.94051173	 0.66369337	 -0.56736567	 
-0.16335927	 -3.33775221	 5.75609419	 
0.20467657	 0.52223132	 2.94466457	 
0.41447459	 -0.83386662	 5.59266038	 
0.43133658	 -0.91959564	 2.98439517	 
-0.91033480	 0.16897069	 -2.20039442	 
-2.47235933	 -4.55269844	 -1.40438513	 
3.26910103	 -5.11712319	 3.44814008	 
2.63334274	 -2.08128650	 -2.48114524	 
-0.27294376	 2.15659066	 1.03932594	 
-2.80236508	 -0.09030031	 9.41160694	 
0.38290732	 3.22189560	 4.20051521	 
2.47897918	 -1.34046465	 -2.79707821	 
5.04923172	 4.81276384	 -4.91616496	 
-1.02218952	 0.24806091	 -4.24287948	 
-0.15267073	 1.18943862	 -2.03467855	 
-3.58564985	 -1.33025330	 -6.02849893	 
8.71273230	 1.18127836	 -5.22574520	 
-0.88022501	 0.77322354	 0.43366085	 
-3.83012028	 1.82545776	 0.55101043	 
-2.10462405	 -6.50645691	 4.90924147	 
-4.24417759	 -0.29923087	 6.90023266	 
0.66367844	 1.76170359	 -4.50542001	 
1.80967585	 0.19016079	 1.03173792	 
-1.44592464	 -6.18068298	 -3.71902901	 
-1.55292444	 1.57846583	 -2.25389931	 
-1.11218844	 -2.92996922	 7.30580089	 
-2.30982720	 -2.05265101	 2.87733792	 
5.67266081	 7.85748662	 6.97534200	 
-3.40967010	 -1.94874459	 2.90887558	 
-1.04501434	 3.29402635	 2.83519862	 
-1.08141562	 -0.49918685	 9.15064831	 
-0.92697465	 1.52181264	 3.05074430	 
1.81894618	 -3.06885113	 -2.36126913	 
-0.56747047	 -0.44399046	 -6.32824124	 
4.09197736	 2.84899003	 6.74486711	 
1.10368076	 -0.93717742	 3.39277416	 
-4.36843802	 1.31573026	 1.60210941	 
-3.41010902	 0.23455345	 5.89285108	 
2.99872604	 -4.59408846	 -5.52575762	 
-1.00261392	 4.55118554	 -2.18751781	 
1.04574087	 -0.65190716	 2.98304760	 
2.17535620	 0.84135682	 2.64248445	 
-0.96933499	 -1.47244356	 2.17081488	 
-0.70261529	 1.22078744	 1.95842913	 
4.67574371	 -2.18928419	 0.58210347	 
1.14183413	 -4.11377675	 -4.60036223	 
0.39094575	 0.11603169	 1.17564457	 
0.79658184	 -0.92378433	 1.59343993	 
-0.61821703	 -2.56694451	 4.71621840	 
0.11349677	 -1.16352503	 -5.56312072	 
-0.99155423	 0.01837637	 -2.85637080	 
0.17225978	 0.19340916	 -2.94772895	 
-0.47902163	 1.79024612	 4.32911821	 
-3.15979037	 -0.63065504	 3.41331320	 
-2.06784432	 -1.23125436	 -3.45104687	 
-1.06227555	 0.08588854	 -4.54185284	 
-0.95062012	 -2.52796323	 7.25750594	 
-2.04253587	 2.71481207	 6.99170639	 
0.80143806	 -0.16942639	 3.38035913	 
2.85059487	 -1.01010369	 -3.67041191	 
1.68279064	 -0.90738997	 -3.07232638	 
3.66837505	 -7.01060550	 -1.17816352	 
4.92505303	 0.27413360	 2.24366611	 
-1.91803936	 -3.07463280	 -6.25331963	 
-1.43458131	 0.35483535	 -4.38095093	 
1.59663496	 2.52418417	 -5.05498649	 
1.65142188	 -1.79334725	 -2.96793789	 
-0.07181860	 -0.32262474	 -5.17473523	 
-0.41352222	 0.18782586	 -3.68479639	 
-1.89140524	 1.52828114	 -5.53394100	 
0.99200581	 -1.14453396	 3.81020567	 
1.04756932	 0.72153521	 3.75515153	 
2.89603442	 -2.33246508	 4.56813852	 
3.14643193	 -3.93774790	 5.43213356	 
2.28577761	 0.08179595	 -1.95205707	 
-0.69295284	 -0.11388839	 -1.95299041	 
2.31811636	 0.83145772	 -5.43796587	 
2.38889978	 -2.66907560	 2.58859831	 
0.98502117	 5.34622273	 3.84386980	 
0.42183916	 -4.15046035	 -3.48330848	 
-0.67438342	 -5.35778898	 -3.95400903	 
0.82171189	 -7.26678671	 -4.61379827	 
0.81565087	 -2.19237898	 -2.05768515	 
1.68504996	 3.48306306	 -4.84922745	 
-2.10333216	 -0.75596024	 -6.10110004	 
-3.21326949	 -2.11121054	 2.91435773	 
2.75853273	 -2.32376643	 -3.29303482	 
1.73646397	 -1.48278001	 1.18581721	 
-3.44829451	 1.31931531	 3.20248821	 
1.19765019	 -0.03839857	 7.96100125	 
-0.72357815	 -1.34829126	 -6.47364393	 
-1.76049130	 0.26023821	 -4.21552808	 
-1.15858369	 1.35907155	 -2.32658370	 
1.81025788	 -1.81226487	 -5.03766012	 
-10.74051123	 -0.67310595	 10.14512342	 
0.23590759	 0.50325437	 -2.96119570	 
-2.91780583	 -0.47539334	 -2.88502331	 
-1.10106168	 2.78854624	 -2.84920615	 
-2.20305680	 -1.82437119	 -1.34168685	 
1.59732070	 -1.69864867	 3.13493812	 
1.86198914	 -1.25681345	 2.64804764	 
1.12187079	 4.41773684	 -5.16026530	 
-0.37733422	 -7.13854515	 3.96584766	 
3.70696559	 0.91417384	 -4.22165460	 
0.69730647	 -3.55140602	 -5.82086934	 
-3.30967693	 -0.92122435	 -4.22961450	 
4.86975642	 5.08957844	 -4.89043452	 
-1.58432433	 1.83825154	 -3.81226062	 
-1.44480215	 0.47445893	 -4.70804600	 
2.47287824	 3.05812263	 -2.69194051	 
-0.00424635	 1.82065212	 -1.17274984	 
1.69297806	 1.31244263	 3.06265399	 
-3.23259314	 2.96372710	 2.41119961	 
3.56863181	 1.90071027	 1.59448460	 
5.68914798	 6.96753202	 -4.08234035	 
2.11929165	 -2.60159618	 -4.90586027	 
6.06484916	 0.38055214	 -5.69189895	 
-0.22098420	 -0.77822226	 -5.48445930	 
0.81148265	 -0.02275221	 -2.10465312	 
-1.53317604	 1.68939584	 -2.81522103	 
0.19699251	 -3.25942101	 -2.46882059	 
-0.01033344	 3.76617791	 -5.39081448	 
0.60907628	 -1.69182714	 -4.14146466	 
-2.76695264	 -4.25494061	 -2.86552255	 
-0.36391413	 1.56652258	 5.47652246	 
-0.52619036	 3.24169407	 -2.62635032	 
-2.02877625	 0.43585834	 3.95935087	 
-0.77476311	 -1.42842617	 2.58921697	 
-2.58178789	 -11.40537650	 7.93077228	 
-4.14002097	 -1.13493660	 6.36119111	 
9.65767889	 0.93711373	 -8.21893015	 
-5.02657679	 -0.55823543	 3.91283194	 
3.11397446	 0.21105235	 2.64509701	 
-1.63127251	 -0.10398430	 -5.46341041	 
0.88396498	 -2.07038704	 7.79682399	 
0.54777325	 0.13656216	 -1.51678928	 
1.41487248	 -1.21035993	 3.74869296	 
-0.54781562	 -3.37041463	 3.41618659	 
-2.31135640	 -2.09520602	 -1.73402976	 
-2.12686862	 1.29723132	 -3.75538337	 
3.41137307	 -0.15225327	 2.42317617	 
6.22222724	 0.05860936	 2.24533023	 
-6.63061830	 3.68544054	 -4.72927128	 
-0.47886790	 0.31295176	 -1.46680549	 
-0.87512829	 -0.34087773	 4.00205819	 
5.68845925	 4.91432293	 6.76950323	 
3.54172255	 -2.47460094	 -2.54309253	 
2.42387910	 -0.17161973	 5.00004904	 
1.42703406	 -0.92755622	 1.59674563	 
3.21730651	 1.12949490	 1.52679468	 
1.41643491	 1.56649770	 4.15486438	 
-4.89988189	 -2.15113014	 3.64595584	 
0.87531519	 -4.59386225	 1.55498963	 
-0.21774149	 1.66194996	 -1.39257542	 
1.46044773	 -1.60044076	 -4.05824880	 
0.81927811	 -1.32762024	 4.99161030	 
1.80783188	 0.46949588	 3.27653637	 
0.32570653	 4.69328438	 -4.42550800	 
0.66865176	 0.60233505	 -2.05832406	 
-2.51187810	 -0.94214192	 1.02981730	 
0.91794312	 -3.37187828	 -4.77174159	 
6.14650354	 2.06737203	 7.59714192	 
1.86137865	 1.37823586	 4.03867740	 
-4.35851978	 -3.45134906	 2.01369359	 
5.36717330	 0.16325296	 -3.57483876	 
-1.93393082	 0.52387830	 -1.98115739	 
-1.68863397	 2.25393598	 -4.89703851	 
-3.83547209	 1.27627913	 -8.09118845	 
-2.75490246	 -1.22079372	 -2.98504909	 
0.01737879	 1.47163972	 -4.72983147	 
2.54320646	 -0.78280807	 8.85199673	 
-0.88864509	 -1.85599795	 -5.67255662	 
0.66013298	 -2.92172518	 3.71213618	 
1.78252626	 -2.57297527	 3.21066798	 
1.40053529	 0.06014089	 -0.99677237	 
3.39150934	 -2.21067964	 3.39627929	 
-0.28676712	 0.17156883	 -1.67177537	 
1.21262480	 -3.95288614	 2.55059503	 
-2.08999646	 0.20478203	 6.31067542	 
3.66848078	 1.20141985	 1.70788787	 
-0.01442183	 -1.75537454	 -4.93261901	 
-1.57512915	 -1.89007091	 -1.51906046	 
-0.95019343	 -1.13622336	 -1.62668282	 
1.50136734	 -1.86306450	 1.73211933	 
-2.70512738	 -3.73066228	 -4.63876347	 
0.30581896	 3.72722137	 2.45211055	 
-2.69789540	 -1.02885669	 -2.69042749	 
1.51683622	 -0.40029842	 4.37782814	 
1.25440650	 -5.97507463	 3.01030932	 
-3.24876072	 4.40545931	 5.74929141	 
1.77277748	 2.77463957	 -2.44832140	 
-0.22993575	 -2.57328354	 3.16250034	 
2.69186305	 -1.80266167	 6.07619950	 
5.31131556	 -3.25210950	 7.76480982	 
-0.34764983	 -0.17570110	 -7.27098455	 
6.98658471	 -2.58418967	 4.05235784	 
-3.80328459	 2.97663753	 9.81517668	 
0.12563280	 -2.23866497	 3.63980670	 
-0.28048719	 0.14126726	 4.52388110	 
-2.28202927	 -3.33508590	 2.18451698	 
-4.21649904	 -0.28126448	 -3.02002548	 
-3.54967910	 -3.84737398	 5.49071644	 
0.55833039	 -1.18260102	 -4.14086558	 
-2.43116049	 -4.37373382	 -0.77237899	 
2.35324387	 0.85336097	 2.13014608	 
0.09205782	 -2.71972541	 -3.25141852	 
-0.42587373	 1.57556730	 -5.11877623	 
1.95356760	 1.28877385	 -1.97280847	 
-3.54001966	 0.78453590	 2.71407599	 
0.98427856	 -1.49988402	 2.85556302	 
-0.10915311	 1.93519977	 -4.18826359	 
1.71070957	 -0.92332319	 -2.12561536	 
4.47183360	 -3.11913812	 4.00501902	 
-3.71162952	 2.60479003	 -6.13372890	 
3.55927508	 -4.07898596	 -2.79900561	 
-2.67708680	 -4.42181679	 -3.40508878	 
0.72983691	 -1.53675273	 -2.36293076	 
-3.86190635	 1.25299396	 -7.44030434	 
1.54338637	 -2.52672829	 2.11589376	 
-1.61805289	 1.51467273	 2.19499965	 
1.27397124	 0.76713654	 -1.54309423	 
-0.63767377	 -0.44956885	 2.46742562	 
-1.14174466	 0.75681003	 1.90550539	 
-4.15648605	 2.65296513	 -2.11107063	 
0.94145414	 1.90504730	 -2.12552527	 
-2.78689997	 -0.57102588	 3.26334673	 
5.32346999	 -3.67674829	 0.47354276	 
3.58973158	 -4.12417086	 4.18003816	 
0.48542061	 0.89464888	 -3.49061727	 
2.79987630	 1.46524545	 -1.49189655	 
0.53986895	 1.75296049	 -2.32711714	 
-2.56221180	 -1.41789479	 2.53479980	 
0.92015829	 2.72922249	 -3.68836885	 
-1.71086114	 0.20621136	 -1.79023178	 
-2.39046037	 -5.95789347	 -3.35629843	 
2.89715553	 -2.81881876	 -4.02335840	 
1.62754998	 -0.64119207	 -5.73709927	 
-0.66708220	 -1.25560869	 2.94539807	 
2.62951236	 -0.59289726	 -3.44774303	 
-1.98635799	 -5.65715567	 -3.44220589	 
3.92547276	 0.66349278	 -2.38181012	 
1.73502287	 0.30900489	 2.65722264	 
2.36712316	 -4.95340150	 4.17456039	 
-5.72815680	 3.97964702	 -2.81184439	 
-2.77651146	 -4.85979952	 -2.96964656	 
-0.51216867	 -2.29110137	 -6.77870319	 
-1.91044262	 -1.76197708	 -1.80101472	 
-0.58050289	 1.12843719	 1.61060207	 
-5.62667917	 4.16996701	 6.63338826	 
1.72579607	 -2.52862629	 5.43047536	 
1.07078752	 -2.65203284	 -4.71203566	 
4.92632428	 2.54809150	 -3.46707763	 
-1.62198635	 -5.05691996	 3.00317682	 
0.72938272	 -0.56306596	 3.52489402	 
-0.19156330	 0.14093764	 3.93308395	 
4.33951528	 3.25469538	 2.60324291	 
-0.01887978	 1.86278915	 5.58058624	 
1.46636256	 1.46582897	 2.71892705	 
-1.31518688	 1.62196577	 6.30701396	 
0.34743291	 -0.70883204	 -2.62302545	 
-2.46667562	 -2.65552662	 3.72288160	 
-1.63344865	 1.24014446	 -4.20146606	 
6.69704127	 -2.30982221	 6.96002070	 
0.52380808	 -2.32389643	 3.29433058	 
2.09306421	 -1.71389899	 -3.09127575	 
-4.53263756	 1.17333843	 4.61265731	 
-1.41229117	 -0.65943587	 3.79541275	 
-0.24517859	 2.73561314	 2.84269935	 
0.58528741	 0.62449140	 -2.73896021	 
-3.08058291	 -2.74067494	 4.18267774	 
-2.61779418	 1.00874968	 10.82958638	 
0.00361089	 -5.35166889	 -5.12757140	 
0.93872018	 -5.31822195	 -3.60491622	 
2.50910330	 2.18433975	 -2.19729527	 
0.00644351	 8.40638737	 -6.49210392	 
3.01897554	 1.76766279	 -5.04384478	 
-2.05636187	 -2.19844419	 5.63938853	 
0.39222571	 2.34610034	 5.66021544	 
-1.93567697	 -0.12533181	 7.15454404	 
1.71838211	 6.39586721	 1.92153086	 
0.45945846	 -1.55887527	 -1.66230712	 
-2.20040792	 0.73253612	 -1.56289757	 
9.12393763	 -3.01785627	 -5.91847641	 
1.33298517	 -0.27464924	 -1.17035399	 
2.82001366	 -1.38677760	 -2.75991801	 
-0.48366184	 -0.28502218	 -0.81816032	 
-3.15358866	 4.18099520	 3.95484086	 
0.95545738	 -0.70821242	 -4.65106423	 
-2.50696090	 0.55522089	 -7.19921092	 
10.41807164	 -4.25722594	 -3.32785998	 
1.22043095	 0.56734244	 1.32486620	 
-1.85517906	 1.56932182	 2.98067453	 
2.25336900	 1.69964585	 -2.25033427	 
-1.32366471	 3.28953598	 -4.23873760	 
-1.91753299	 -1.94317175	 -2.31508631	 
-6.71124043	 0.61722596	 3.68192126	 
-0.37730501	 2.48334881	 -1.41727545	 
0.04353265	 -0.74898774	 1.02120648	 
3.21175877	 0.84037086	 5.63715529	 
-3.33412150	 1.46895479	 -4.45330714	 
3.28675442	 -0.92516705	 -3.05183016	 
2.00750354	 -3.83338042	 -3.95732225	 
2.44300267	 -0.43264401	 -4.74868879	 
1.37482210	 -0.04431112	 2.57253982	 
-3.43089819	 -3.37239972	 -3.39133808	 
-0.83442966	 -6.92790016	 -4.15740958	 
2.44122147	 -0.90936778	 -5.85718189	 
1.36894504	 1.23072118	 5.07229336	 
3.33132759	 2.81407460	 -3.23165733	 
3.98397076	 1.30111248	 5.26116775	 
0.08898545	 3.10884831	 -2.36076354	 
1.29795710	 1.80937072	 2.25656923	 
0.54031991	 -3.25447175	 5.44661547	 
-2.10899851	 -1.38872698	 2.25677483	 
5.64424178	 4.17612526	 -5.01539725	 
-2.36070548	 -1.53520642	 -6.50654564	 
5.60697174	 7.21958670	 3.74416860	 
-1.88469685	 1.93872291	 3.75899864	 
4.28686443	 4.40813961	 1.58654911	 
1.22290007	 -0.64179463	 2.30719078	 
1.34251455	 4.40074933	 3.47483139	 
1.84101112	 1.78598470	 -2.61959700	 
2.89409724	 -0.48765570	 2.59761731	 
-0.84250946	 2.00037258	 -0.36465538	 
-1.00189192	 -0.91601709	 2.86918787	 
0.42800092	 -3.33601704	 -2.52258407	 
0.17683960	 -0.58342480	 -2.63801167	 
-5.92761163	 1.96094394	 5.56744490	 
-1.62004775	 2.62823971	 3.84810152	 
-0.98392675	 -1.56314430	 1.16712166	 
0.99650692	 -0.96490633	 -2.81624777	 
0.78911493	 1.61182110	 1.19632181	 
-1.31163332	 0.81054725	 -2.89657292	 
1.76623029	 2.39448690	 -2.10286589	 
0.35201454	 -0.19760456	 -0.89369769	 
-0.22305208	 -0.04626937	 -4.35378942	 
-1.41470841	 0.46565949	 -3.01588944	 
-1.41490571	 -1.91868406	 -2.72974482	 
0.16337881	 1.14744226	 -2.21631515	 
0.91600384	 2.19188665	 -6.71375197	 
-0.50132660	 -3.25676592	 -2.83781926	 
-2.83502262	 0.92751631	 -3.65671408	 
0.29496325	 0.68430535	 1.57712018	 
1.20951866	 0.57866316	 2.26228521	 
0.31920712	 -1.63463034	 2.69886876	 
0.35841930	 4.24787315	 -1.86316535	 
-2.74438561	 1.57530443	 1.60137724	 
0.63293521	 -0.49777297	 1.46715917	 
-1.02819943	 -1.89273913	 -1.12642500	 
-2.91098266	 -1.87725264	 5.88913253	 
1.06007509	 -4.84581059	 2.21209174	 
-1.23963639	 -4.09614130	 -1.61615325	 
-1.89775651	 -1.91068718	 1.35070923	 
0.75235852	 4.19520356	 5.11508166	 
-0.96336932	 -0.11140853	 -1.34153530	 
0.94797384	 -1.17564133	 -2.34873936	 
4.02292065	 0.07443295	 -4.36870859	 
-0.44575484	 1.13531856	 -5.94336396	 
4.69272284	 -4.71569571	 -4.95870443	 
-7.44331957	 -5.36877023	 1.83710716	 
1.19864640	 -2.28791613	 -7.51947074	 
-2.68639538	 1.07781100	 -3.17077547	 
0.40036567	 -4.64377081	 3.28706782	 
-1.36028817	 -1.00636925	 -2.54196137	 
-0.59342874	 -1.73518713	 2.50070116	 
-1.10166658	 -1.31396306	 1.53262187	 
-1.57804186	 0.74207115	 3.26691635	 
6.76975268	 0.62042204	 -3.59840521	 
-0.38500926	 0.53076573	 4.67075591	 
1.27690477	 0.05619228	 -2.46349607	 
2.12236296	 1.51149728	 -1.90484263	 
-2.17778859	 -2.87093530	 4.20588579	 
-0.74243770	 3.40236281	 5.57938671	 
-1.29705295	 -0.12485640	 5.60556949	 
-2.77161517	 -1.80464056	 -3.30987737	 
0.70044751	 0.55175208	 -1.98875593	 
1.85073094	 1.86216217	 3.88482389	 
-0.63322901	 -0.02423035	 1.46150748	 
2.73112074	 2.41132358	 2.06354668	 
-2.35298489	 4.57272505	 -3.09598720	 
3.21303940	 1.04888505	 8.69017671	 
-1.30181170	 1.58598323	 1.31464667	 
-4.16792076	 3.84333884	 9.36340285	 
-0.54929946	 0.28079465	 1.51374346	 
-1.01210282	 -0.32228123	 3.47845623	 
-0.59300444	 2.56866177	 4.85450182	 
-1.27557141	 -1.89319437	 1.17587590	 
-4.16749722	 3.65465311	 2.94911220	 
1.80030995	 2.07627026	 -5.51368141	 
-3.12461117	 -4.76964304	 -3.39383407	 
1.20027480	 -0.32571642	 1.58058614	 
-0.57360759	 0.62112343	 -1.30267999	 
-3.15238680	 3.01879306	 -5.00974338	 
-2.75814824	 0.92764494	 4.06661641	 
-0.18257182	 -2.33393771	 -6.52422598	 
3.14003437	 -1.92581369	 -6.57333410	 
0.34163170	 -2.16091224	 -4.44617694	 
-1.68055904	 -0.74550837	 1.94537244	 
-0.68329565	 -2.08990227	 3.30874660	 
-1.83054355	 2.24902367	 2.00258226	 
-0.58482125	 0.74500180	 -2.02055593	 
-1.56741941	 -3.66201903	 5.98844012	 
-1.74570068	 -3.33832160	 4.37679378	 
-1.13567136	 -2.91455815	 4.92697055	 
-1.85632408	 1.53750921	 1.51955848	 
2.28641565	 2.53795162	 -4.75844700	 
-0.04841593	 0.81364617	 2.11017903	 
-3.96474713	 1.45353814	 -5.24513779	 
5.57779932	 -3.59086373	 4.41408892	 
-1.17996408	 -1.74495941	 5.89958456	 
1.62356325	 -6.13164241	 -6.04320379	 
1.78920714	 -2.87233245	 -6.73341604	 
-0.34130237	 -0.42291620	 5.73330326	 
0.10735378	 -2.48489872	 7.58402397	 
0.85448716	 -0.42819315	 -1.47137284	 
-3.48504960	 0.95209096	 -8.65242939	 
-5.70432153	 -2.89494922	 3.31543583	 
-0.74495977	 1.57578964	 3.42950247	 
9.48475004	 -3.53698701	 -5.84680930	 
1.48728255	 4.01743792	 -2.41597482	 
-4.05282176	 -0.57944447	 -5.91242622	 
1.93417964	 -0.72118754	 -4.24203011	 
0.65444690	 -0.09623739	 4.32661464	 
0.09487003	 2.66529103	 4.23762742	 
-0.68211242	 2.26654583	 -3.34525783	 
1.97647129	 0.62722008	 -3.26303170	 
-2.68904924	 -0.83217982	 -3.74398187	 
1.10672198	 -2.54135531	 -3.21418104	 
-2.83464038	 1.64669709	 6.30857200	 
1.11899411	 2.27544950	 -1.82226935	 
2.02459833	 -2.15026596	 -3.23294379	 
-0.18673921	 2.38223560	 -1.43612655	 
-2.48056635	 1.54077605	 -5.89648359	 
-0.91246993	 -4.66902876	 7.78530111	 
1.59987789	 -2.73341650	 1.52346186	 
5.84905607	 0.86149346	 -4.61849300	 
1.33623878	 3.84906890	 7.98423350	 
-3.51515578	 2.73367935	 5.36273244	 
-3.05749010	 1.03164958	 -2.34694786	 
-2.01847808	 -5.66928200	 -3.43487534	 
1.11203006	 1.00623845	 6.55802090	 
0.17205429	 -0.15495735	 7.82902111	 
-1.11731281	 0.88553992	 2.32825739	 
-3.06229806	 1.92201905	 5.15361154	 
1.85148471	 1.20041765	 -2.84685099	 
-0.59474543	 -0.29583264	 -6.24980657	 
-3.09578446	 -5.61737342	 4.26613181	 
2.53035698	 4.28584496	 3.93606248	 
-0.55633920	 0.77806018	 4.93216172	 
5.82033447	 -0.17320240	 6.02279197	 
-0.66261699	 2.13347139	 3.52125440	 
-8.46240562	 6.68449366	 4.64554380	 
1.27104936	 1.53506018	 -3.79383458	 
-7.45441726	 -0.73422008	 -8.18286204	 
-0.93941074	 0.31698728	 5.45419884	 
-2.23464499	 -1.08039059	 -5.24285066	 
3.19740130	 0.28641998	 -2.73053274	 
1.01454681	 1.23161137	 -7.47210585	 
-1.63031779	 1.30354144	 2.23886536	 
-0.59608253	 -0.08874302	 -3.48175729	 
2.88876467	 4.76201256	 3.95708059	 
0.18953996	 0.63250927	 -2.72725501	 
-0.41208779	 1.33620032	 1.76364180	 
-1.45218390	 -0.88229899	 2.19393081	 
-1.48730395	 0.47869480	 -4.56786257	 
3.19795497	 9.72982470	 -7.47373439	 
-3.48633794	 -5.01826443	 -4.14351233	 
1.72838337	 0.74901549	 1.19622839	 
-0.94468780	 -1.14851770	 -5.13567302	 
-1.54121643	 0.51709575	 -2.82031413	 
-0.49107250	 5.14555461	 3.47136499	 
-0.50250915	 -2.39742034	 2.03096312	 
1.16008606	 2.76448767	 -1.92230835	 
1.24889367	 -1.27648521	 3.90035989	 
1.87363450	 0.19347407	 3.34921190	 
5.39739068	 1.14467576	 6.12962140	 
-0.70004759	 -0.75515077	 3.21275357	 
-4.48132566	 -1.74449893	 1.65478686	 
0.48099953	 -1.59193053	 4.60082712	 
-3.20040947	 1.00895867	 6.46150281	 
-2.02082507	 3.81208060	 -1.68776636	 
1.13138897	 2.49815929	 2.21040701	 
-0.38278165	 -1.55038866	 -3.92366360	 
-1.18310530	 4.23882000	 -4.60733605	 
1.66368561	 -0.56967895	 -3.82846890	 
-1.65008413	 3.02583699	 -6.84899979	 
-5.36923778	 2.73305596	 2.86222831	 
-1.42604417	 -3.32652811	 10.60395201	 
-3.16340880	 -1.69863930	 6.50379208	 
0.14526872	 0.76598256	 -1.52341005	 
-3.74111097	 6.00449893	 -3.99239898	 
3.34011894	 -1.17464450	 -4.11995418	 
5.11680418	 2.92335422	 4.76483256	 
-1.66854713	 -5.47871073	 2.47489107	 
2.20445575	 -0.05133474	 -5.16256600	 
-0.57232212	 -1.20006768	 -1.20014920	 
-0.41539294	 -0.97082750	 0.92435629	 
0.99710009	 -0.77620861	 -2.89136234	 
2.04914701	 -0.25988682	 1.69645859	 
-4.12954134	 1.16197446	 -3.14908407	 
-0.62759918	 -4.60995507	 7.59224676	 
-2.45593566	 -1.32668022	 7.84064630	 
-3.81923319	 1.51831925	 -7.53822453	 
0.23444541	 -3.87887710	 -1.80126601	 
-2.27986810	 -0.90227845	 5.18428068	 
-0.83171813	 -3.56626936	 -2.75113490	 
1.12496862	 0.10261765	 -4.13746552	 
1.89283263	 -0.08565200	 2.86235419	 
0.79483726	 2.86196402	 -1.50252333	 
-3.47009888	 -2.20334049	 -5.37133393	 
0.48274322	 0.92785468	 -6.52498870	 
-5.42415864	 0.77275987	 -4.22012288	 
-0.65462665	 1.06835988	 3.12800576	 
-0.56335005	 -1.19557418	 3.19502787	 
-0.68800686	 0.27493327	 -5.15196633	 
1.38747212	 -0.80025068	 2.44156605	 
-4.27272843	 -2.54320995	 3.86395423	 
-2.42482072	 1.94437027	 2.50871567	 
-3.24989476	 -0.90224412	 -5.22210968	 
0.87239921	 0.79395652	 1.79389639	 
-1.53649436	 -1.23949005	 -0.61521357	 
1.43088539	 -0.15622937	 -5.35870595	 
1.02104025	 5.04926893	 -3.22502455	 
-0.04323780	 -1.63620832	 4.38277434	 
-1.22259965	 1.28776849	 -3.59708836	 
1.12464384	 -1.02334199	 -3.87632405	 
-3.47469199	 5.00409795	 5.99626068	 
-2.82493147	 -0.35331044	 -3.93136672	 
-1.91918631	 -3.60009933	 6.22875223	 
0.01492002	 0.01859446	 -2.96683649	 
-1.41515404	 1.13468857	 -2.46785036	 
4.88328986	 2.47435075	 -10.46665371	 
1.80793937	 1.99608324	 -2.97170472	 
-0.27346490	 -0.98909170	 3.35529796	 
2.29739571	 3.00128119	 2.99226757	 
4.13252925	 1.90273516	 3.96177107	 
-5.84493334	 2.11656319	 -5.07290279	 
-2.79166869	 2.59849806	 -2.59950997	 
-3.64755146	 2.02606932	 -4.28529771	 
-3.19321398	 -2.84638666	 -1.64673853	 
-0.89920110	 -2.29166349	 -2.22117104	 
0.27313899	 -1.42297752	 3.59875484	 
-1.37774852	 -0.01567149	 4.19982131	 
3.09510299	 -4.33822785	 3.87784924	 
-1.67617517	 -2.41808753	 3.10277567	 
-0.92294344	 0.76102168	 2.41138310	 
0.41559098	 0.01219742	 -3.77080921	 
0.59874119	 3.24354415	 -1.67772630	 
0.20588764	 -2.93423866	 -4.28367963	 
2.74515271	 -0.73120201	 -2.23255722	 
0.63905630	 -0.12863146	 -4.00754365	 
-1.38671024	 -0.18672398	 -0.97428971	 
-0.98143870	 0.05251667	 -3.90193318	 
4.45614823	 -2.83888321	 -4.90795772	 
-0.13967784	 -0.54164232	 -4.71309127	 
-1.60262469	 -1.15278969	 -1.88775858	 
-2.63326770	 -4.12697220	 -2.45324439	 
0.07109877	 1.63450292	 3.07078840	 
1.44865966	 1.65893156	 -0.77893149	 
-0.04822439	 -2.09368808	 3.34520268	 
0.37143779	 -4.70842126	 -2.36669427	 
-0.57370406	 -1.04970265	 -2.53081670	 
2.39166506	 -1.53370298	 1.82003290	 
-3.74625086	 -1.91531645	 4.40821148	 
-0.72343769	 -0.03554551	 1.10884906	 
1.25681264	 -1.58917215	 5.19154649	 
4.05574882	 1.23267509	 -2.68201236	 
0.69991627	 -4.65948240	 2.74852664	 
-5.49326924	 0.13882563	 2.02907808	 
-1.52980897	 -0.98838088	 0.94507079	 
-0.93718971	 -2.34488764	 3.15875551	 
-3.32060966	 3.74410272	 -8.61617386	 
0.65014317	 -0.14705127	 -2.42468058	 
1.48547462	 -1.10273543	 -1.06061331	 
2.24259453	 2.02565156	 4.75600331	 
-0.82334446	 1.45004678	 2.68628105	 
-1.07023154	 -1.05916818	 -1.51206285	 
1.82649061	 1.19985463	 -4.11272777	 
0.53677196	 -2.75407632	 -3.42504480	 
-2.09474820	 3.28356883	 -5.62118007	 
-2.48667675	 -0.66835442	 1.77625982	 
-0.14126410	 -4.39435491	 -3.58643018	 
1.18706132	 -0.98816624	 -1.12748466	 
-0.44644687	 4.66486573	 8.96199831	 
2.50916294	 3.26716562	 3.15824276	 
0.42673909	 -2.79197184	 -2.30786858	 
-3.25434163	 0.39443540	 4.59119092	 
-1.35205319	 -1.15770676	 4.67274785	 
-1.83790772	 -0.31454523	 3.82654428	 
-1.86618578	 1.07587065	 -3.75800978	 
1.95338529	 -1.07485203	 -2.93276654	 
0.44261728	 0.54796117	 -4.10282896	 
2.13544991	 0.85583744	 4.07351689	 
-2.94842014	 1.40015704	 3.36731923	 
1.91937169	 0.63907115	 5.71345674	 
2.05013432	 0.45444595	 -2.56818187	 
0.25873814	 1.13206167	 -5.74230516	 
0.01880786	 3.65429731	 -3.21002998	 
-6.38163012	 -0.24155723	 8.72131888	 
-6.05486652	 -1.76851990	 -1.60039537	 
0.12998126	 0.37173518	 2.08614265	 
-6.06149986	 -1.14935957	 -6.91561405	 
0.20282993	 1.79207719	 2.47734975	 
1.40419119	 1.00135189	 -1.34215264	 
-2.60783939	 -3.86996123	 -1.29228979	 
3.71992215	 -6.78148670	 -4.57207973	 
0.90802510	 1.33433454	 -7.57213321	 
-0.78681412	 -4.74918761	 -5.01642590	 
-0.97944051	 -6.08209557	 -4.91010994	 
2.13967965	 -3.06443851	 -3.71575943	 
1.14927214	 1.40965050	 -2.75937301	 
-1.91131609	 4.32949121	 3.48204016	 
-1.31234864	 0.68628425	 1.84117568	 
-2.33563304	 -0.36231119	 -1.12636346	 
-0.81728638	 0.08810958	 -2.99841997	 
1.97002166	 -3.32008680	 6.15913866	 
3.57560933	 -4.14880075	 4.51636096	 
6.60356447	 1.16861704	 5.83144694	 
0.72010125	 -0.89091732	 -4.39927332	 
-1.34593708	 -0.39824532	 -2.97151935	 
1.23293443	 -0.35620091	 -2.31114344	 
-2.97858903	 -3.21372280	 -4.89023714	 
-0.65860398	 0.15408832	 3.89150810	 
-0.47274471	 1.45458241	 1.87934857	 
-0.76159672	 1.11305012	 2.00525196	 
-0.35250239	 0.54597942	 2.47860407	 
4.61721784	 -4.75615045	 -3.21022727	 
1.75935060	 -0.36212103	 -3.03697923	 
5.93159656	 -2.63647670	 3.34714442	 
1.57088238	 1.19510055	 4.45562270	 
1.47782096	 -4.03700280	 1.71909697	 
-4.72508794	 -1.13367119	 6.94759037	 
-0.41672762	 -3.58378493	 5.99373123	 
-3.10318806	 0.62753300	 3.54480429	 
5.23343092	 -1.36346450	 3.81968733	 
-0.70500978	 0.06985909	 -5.35391399	 
-2.37978359	 1.46748942	 -2.12398160	 
-2.24063184	 -0.03684596	 -1.67020992	 
2.55166915	 3.44590907	 -6.57961656	 
-0.11704825	 -0.58845775	 -0.80947902	 
0.84239306	 -4.16064951	 3.76602357	 
1.08182120	 5.59351672	 6.18730593	 
-0.07720807	 0.71484433	 5.90421421	 
0.04578863	 0.35899829	 -3.79336981	 
-3.11291502	 2.67631883	 3.89250913	 
-3.25931262	 4.36852946	 2.63678457	 
-1.92097987	 0.16750853	 2.66099381	 
1.59241995	 -1.17788512	 3.52385218	 
1.53701889	 4.41871511	 1.26718457	 
2.73525341	 -1.78608563	 -4.23134060	 
1.74645442	 0.45822386	 -0.66907698	 
3.77419171	 -3.99753768	 -8.33859652	 
1.66820044	 -0.95028256	 3.13868748	 
2.94933744	 -2.27206839	 -5.42692091	 
0.10258903	 -1.34039377	 4.00972024	 
1.83314069	 0.14580444	 4.58309335	 
-1.13339754	 0.22141136	 4.13024999	 
0.89464108	 2.88251352	 -5.32285083	 
1.49335869	 1.05206327	 -5.42488682	 
-0.38882388	 0.87247680	 -3.35280626	 
2.06929723	 2.61145086	 2.74230642	 
-1.62596836	 0.10836627	 -2.40415124	 
-2.42495324	 -0.25521673	 -2.83278648	 
-1.14060067	 -1.93024456	 1.94047235	 
2.87963434	 -2.06516931	 4.01823861	 
1.55725190	 -2.18098434	 5.33217344	 
0.99889140	 1.81412645	 -6.54088763	 
-0.57177336	 -2.66498152	 -1.47713314	 
-1.91494833	 1.04770971	 3.24719995	 
3.39387307	 0.70293453	 -2.80252027	 
2.48984438	 2.19882267	 3.36898728	 
-1.52400060	 0.89887084	 8.46856892	 
0.39201517	 4.76490868	 -4.69548518	 
0.60174299	 -0.86537303	 -1.07577759	 
-1.20743929	 0.81643527	 -1.82851853	 
-2.98350795	 3.61205966	 3.18967999	 
-0.01011103	 2.86325836	 -2.47766909	 
1.72767301	 2.01522438	 1.08728966	 
-0.26943530	 3.99820770	 -6.58793447	 
4.43483531	 -3.06213458	 1.53212565	 
-1.70558730	 -2.23841706	 7.79944359	 
-1.15376895	 -0.97352852	 3.36924116	 
-2.54355278	 -3.80578643	 -7.40624282	 
-1.48881368	 1.71642513	 -8.24174003	 
0.04874525	 -0.62674220	 -6.81795668	 
-1.93773443	 -0.16647460	 5.53718534	 
2.24863022	 -4.65555716	 -2.86091941	 
-3.20328598	 2.03682955	 3.20478289	 
0.53711655	 3.73878286	 3.09463232	 
0.05942043	 1.90514578	 -4.33318661	 
-0.29342487	 0.20429555	 -3.47559998	 
-2.74897040	 -3.35135653	 -5.24265019	 
-4.34989602	 1.90580557	 6.56679829	 
-0.30873344	 -0.08861742	 -5.29224355	 
5.91616919	 2.58477947	 2.01017075	 
-5.64369141	 -4.67952408	 -11.37746340	 
-2.39884734	 1.83775370	 -5.39846079	 
-0.09041278	 -1.27197697	 -1.94597416	 
0.22506284	 -2.33744970	 -1.52249591	 
0.56692248	 0.50956401	 5.62145507	 
-0.93710830	 3.54924840	 -5.69032990	 
3.39554744	 -2.86721978	 4.24437512	 
-1.68763404	 3.87954488	 6.38159544	 
-1.57499114	 0.50705745	 -1.81690100	 
1.79750531	 0.08202916	 -1.07622192	 
2.21460110	 -0.05884731	 -3.79128586	 
5.55764446	 2.58335484	 4.74417491	 
-1.04065218	 -0.62796028	 -5.73358341	 
-2.27453906	 2.89033475	 8.51826620	 
-4.73986462	 -8.17813728	 -4.39075801	 
1.61339194	 0.42141240	 -3.31259203	 
2.14021226	 -2.77381338	 3.90042749	 
0.28659368	 -3.72850764	 -2.31228835	 
6.22715392	 -1.21008170	 3.54824149	 
-7.49420252	 0.71888813	 -3.32225571	 
-8.09306406	 3.83031186	 -5.51697291	 
0.51995525	 -1.84042633	 -4.27915735	 
-0.87202218	 6.54731149	 -13.55497306	 
1.31053805	 0.91912029	 3.76967719	 
-3.26751743	 2.55693423	 -3.90158266	 
1.34225255	 -0.94878740	 -3.17033847	 
-6.12080139	 -7.05700634	 5.42969674	 
0.93884867	 -2.35217875	 -4.17141898	 
0.21988200	 2.58535917	 -1.26630917	 
0.07990013	 -1.08050625	 1.52228643	 
-2.98915291	 2.44883051	 -4.17404789	 
-0.46647242	 -0.37260823	 -3.26754973	 
-0.00293912	 -1.27372729	 1.21226181	 
0.39552234	 0.52433014	 5.61817296	 
-1.22994729	 -0.61885695	 3.84570754	 
0.90365540	 5.26758462	 -5.11169140	 
1.61770203	 -2.43752668	 0.85208325	 
-8.47387687	 6.12772843	 -10.81194573	 
2.59355830	 -0.47791272	 -1.58620626	 
0.37163757	 0.44254239	 1.04853503	 
-0.23468010	 1.39711993	 -2.19395697	 
-0.41348737	 0.64890456	 -3.50565831	 
-0.17600621	 1.04230408	 7.31485980	 
-1.91994187	 -6.45004032	 3.94831495	 
-2.47414051	 3.12214248	 -3.34722122	 
-0.35672772	 -2.37372852	 1.77262405	 
3.64765975	 0.43757485	 3.63816180	 
3.19291720	 -0.42154677	 -4.06863413	 
0.82875441	 0.35385588	 1.88183971	 
1.55585088	 -4.16017345	 2.08548855	 
-1.23459817	 0.17765706	 2.03567688	 
-3.96909852	 -5.12682557	 3.12781189	 
-0.15859997	 0.73642578	 -4.55697778	 
1.07371283	 2.95733815	 2.80944702	 
1.13534929	 0.71062153	 -2.72620522	 
4.03046521	 1.18213794	 3.80724154	 
1.74744293	 3.28012371	 -3.48253045	 
-0.54567351	 1.71843956	 -1.87146752	 
1.34656156	 -0.31805955	 4.98350146	 
-2.45025490	 -3.51867709	 3.58989450	 
5.52821668	 -1.24150510	 9.75174767	 
1.95618195	 1.40892301	 2.22131641	 
-2.27213632	 0.84576759	 3.30319680	 
-1.85792415	 -6.20119483	 4.01665748	 
4.83100182	 -3.21565538	 -6.14420515	 
-5.49025359	 -2.16326004	 4.49710783	 
1.08423537	 -0.20213000	 3.47267201	 
0.16897634	 0.24383366	 -3.01848161	 
2.04187740	 -4.30480045	 -7.66407428	 
-0.80111356	 -3.01643255	 2.30551948	 
2.46113328	 -2.33218482	 1.83815419	 
-1.33661032	 4.03747546	 -4.15810954	 
2.14249428	 -0.44936688	 2.12178576	 
-1.45589631	 2.03541579	 4.91889704	 
1.80616307	 -0.84158079	 -4.11592041	 
0.12869358	 -0.84107795	 4.53579603	 
3.44349813	 2.10310318	 -0.89866461	 
-0.54542861	 4.41454501	 -3.53437785	 
-2.49236746	 -0.05137133	 3.66190303	 
-2.45105346	 -0.99445547	 3.89839140	 
0.26587928	 -1.36567737	 -1.78287876	 
3.06358477	 -5.70382498	 -2.05653533	 
1.22223486	 2.35720683	 -4.15768704	 
6.20385392	 2.45091766	 5.91302254	 
3.87509241	 -1.86656684	 2.91165415	 
1.45897758	 1.41414600	 0.30482737	 
-0.75647422	 2.84895157	 -1.42002507	 
-0.21095755	 0.97289478	 1.56971404	 
1.78041520	 0.76773110	 2.98802814	 
-0.52787169	 0.75140726	 4.67428029	 
-6.87033430	 3.44322793	 4.46212664	 
-1.22640847	 2.53174542	 3.66318152	 
1.31983203	 -1.87754136	 -6.12933264	 
3.36357640	 -3.85082311	 2.70874165	 
3.76963455	 -4.73369399	 5.22664759	 
0.28539437	 0.37445798	 -3.39475736	 
-1.55592614	 -4.04990101	 -1.66812773	 
-1.17770432	 -9.25965805	 9.70831396	 
-4.46789592	 -0.23173074	 -4.74977272	 
0.23023882	 -1.25361227	 -5.39944835	 
-3.39789071	 2.74418138	 3.14888539	 
0.53614509	 3.69407760	 2.39844594	 
6.56051371	 -3.38267436	 -6.34908415	 
-0.81855935	 -0.25969999	 -3.65636517	 
0.48276973	 -3.24518012	 -1.44641629	 
7.04188087	 -2.40093391	 -3.80252110	 
-1.39235772	 5.28329907	 5.96955334	 
-0.45241563	 3.53287227	 5.47530168	 
-1.04661635	 -3.02692944	 4.33248525	 
2.07097952	 -1.59347507	 -5.58066399	 
1.38126319	 -1.93376781	 -1.42729119	 
-1.20888731	 -1.84902549	 -2.03848029	 
0.00984958	 3.55257629	 -5.42205116	 
-0.62484086	 0.62108080	 -1.12439962	 
-2.19241399	 0.67582005	 5.16072563	 
1.63748494	 1.02004133	 2.78432008	 
1.59190681	 1.49208697	 4.31851289	 
-0.41476383	 -2.44752010	 -2.31549731	 
-4.55415051	 5.75187769	 -3.53786768	 
3.91958984	 2.23243472	 -4.14399476	 
-1.05951081	 3.63707709	 -3.79274545	 
0.57017637	 2.64946748	 3.00949630	 
-4.41578259	 2.27815632	 -3.02845262	 
-2.01720814	 -1.12570674	 3.49804643	 
3.68232574	 3.58490710	 0.54521208	 
1.21594060	 -0.26209680	 4.29955001	 
-0.05544207	 0.65606503	 -3.08212686	 
-3.91482428	 -1.19120499	 -5.22128303	 
-0.80328514	 -1.53814955	 -1.11564524	 
-1.38215579	 0.80713447	 3.04531753	 
0.91342775	 1.43875109	 3.76595174	 
0.86132929	 -0.73146693	 0.84815223	 
-1.26770058	 1.43575819	 5.03745104	 
1.61788595	 -4.22425025	 2.92811588	 
1.90305282	 -2.84247551	 -8.04669593	 
-1.96402868	 -3.21851924	 -3.62310987	 
2.45448914	 -3.29713830	 -5.57503220	 
-0.84731954	 1.43709124	 3.43889003	 
1.91511193	 0.27012858	 3.72860562	 
0.06400665	 0.98020957	 3.39443241	 
2.31734641	 0.29255441	 -6.89400304	 
0.08951112	 -0.21777598	 -2.39406262	 
1.08034241	 3.58909050	 -2.49077859	 
1.53043240	 -0.01311441	 3.88788338	 
-1.33124909	 1.56564874	 -6.48424578	 
4.06197960	 2.00430763	 -7.40252071	 
1.24876708	 -3.06601107	 4.06374982	 
-5.58404511	 3.71546308	 6.96147597	 
0.94307104	 -3.17395807	 3.14938105	 
3.57427598	 -1.60437753	 -1.98295471	 
0.29708837	 -0.29398420	 -2.29333480	 
-0.26900987	 1.78740156	 1.99416049	 
0.56619628	 2.44843624	 -2.13917342	 
3.00120060	 -4.21222240	 4.72292510	 
1.94935497	 1.27688928	 -1.02454882	 
3.89335622	 -0.94135920	 -3.11962503	 
0.56514784	 -6.71858774	 -3.62991822	 
0.36455841	 0.93829857	 -4.20195870	 
-2.46131981	 0.82167066	 -4.79974199	 
-0.71611348	 0.73951150	 2.40230356	 
2.70928688	 -1.30083095	 2.88720978	 
-6.07328878	 -4.47713401	 1.29090039	 
-0.35034569	 3.46156495	 5.40155346	 
-6.28053087	 2.58243070	 5.59646389	 
-0.64268168	 -0.85932589	 2.03597040	 
-7.45547969	 -1.52717895	 -5.66121553	 
0.58928689	 2.33090855	 3.21141905	 
-0.82479858	 -0.30164807	 3.05537832	 
-0.93087989	 2.92390172	 4.46983486	 
1.64981214	 0.86412620	 4.72812546	 
0.29778674	 -0.52653938	 -0.28528193	 
1.06922428	 1.70139787	 -2.45558008	 
0.15005362	 -1.56127638	 2.29633026	 
0.38343165	 3.91370994	 7.59850342	 
1.12735267	 -1.48251186	 -2.76541521	 
-0.95863737	 1.19982892	 -2.06065274	 
0.80673354	 0.60319988	 -9.88375246	 
-0.06432316	 -2.60721531	 -2.17904529	 
-0.19823293	 0.76810424	 6.85883241	 
-3.31457587	 -1.79125881	 -2.42130134	 
0.91656061	 -0.21503845	 -1.26823850	 
1.15722900	 1.26900570	 -2.17492433	 
1.14476219	 -1.38652427	 3.28319057	 
-2.07494918	 2.61817206	 2.75320517	 
-1.38170714	 -0.18434842	 -3.23910474	 
-1.29147475	 -1.04303148	 2.67421049	 
-0.44729830	 -0.29860296	 2.42463119	 
-2.37362121	 -0.71412141	 -2.08136820	 
-2.05856430	 5.74961907	 -5.65926490	 
-3.88388069	 -1.63372704	 2.68478464	 
1.33864420	 0.15722158	 3.12835147	 
0.26736320	 2.18677707	 5.71190667	 
0.45531104	 -1.46044385	 -6.24982493	 
-0.66859851	 -6.92124274	 -3.73952182	 
-1.62751780	 1.27137703	 -1.18382547	 
6.93447903	 4.61696963	 4.87241436	 
1.70152664	 1.38562985	 -1.93028412	 
4.39763116	 -1.45479969	 -5.58175066	 
4.18762986	 2.07892521	 1.65227402	 
-0.20176571	 1.23473804	 1.76539344	 
1.99844562	 -0.34470494	 2.99273124	 
-0.65804066	 -3.54598306	 3.60115700	 
-1.55772340	 3.46608566	 -1.95398330	 
-1.67276922	 0.48151501	 2.90233408	 
-3.30579547	 2.31138051	 4.81207900	 
1.79236000	 0.11861614	 2.13596720	 
2.62874573	 -3.07182754	 -4.53319161	 
-5.21771895	 3.74701468	 -6.62544690	 
-2.71312245	 4.36845852	 -3.03883338	 
-3.16212131	 0.60189774	 -7.07548379	 
2.12323807	 0.52453374	 -5.30668419	 
0.65154916	 0.10761108	 1.65179216	 
0.70925071	 -1.27821607	 -1.92754965	 
-3.63995042	 5.99507876	 5.54157835	 
1.54387099	 -5.55220120	 7.82765820	 
-1.53137727	 -1.48724995	 -4.44883462	 
-2.64789137	 -2.33705716	 4.10358731	 
0.93554457	 -0.05584555	 0.92960561	 
-0.40699471	 0.67392792	 4.36536196	 
-6.95122115	 0.93794070	 -6.76328160	 
-3.92675775	 -1.01581483	 5.06007028	 
0.39237410	 -4.88062279	 -6.37587245	 
1.39229871	 2.25538373	 -1.60333041	 
3.27488321	 0.67596277	 -2.95828062	 
-1.24185396	 -0.65072474	 1.66449938	 
1.17904447	 2.67943429	 4.51624143	 
4.29776055	 3.64440514	 3.79987075	 
0.72959269	 -1.38487927	 -2.20403547	 
-3.92955244	 3.73496212	 -4.03219517	 
-0.79330915	 2.30162344	 1.90753939	 
-0.73664800	 2.05015983	 -3.93460261	 
0.46542930	 0.41383928	 -3.20592281	 
-5.44924311	 -1.31714423	 1.66908299	 
-1.75159324	 0.37283609	 -5.04209219	 
-4.49915071	 1.96104730	 -7.29673597	 
-0.00164862	 1.10566411	 -4.63484932	 
-0.45742086	 -1.68572373	 1.24617791	 
6.92396419	 3.30298205	 -3.12001516	 
0.05762552	 -0.40743677	 1.67073693	 
0.05930226	 -1.74399056	 2.84046719	 
-2.56753653	 -1.06745664	 2.64739691	 
3.09295327	 1.67776084	 3.80275901	 
1.15084223	 -1.99084892	 4.00833576	 
-4.02758152	 -0.57215722	 -7.43910479	 
-2.79367618	 0.23930770	 3.80257629	 
-1.48627315	 -4.54507207	 4.70085721	 
2.35696084	 2.59047001	 3.79875302	 
-1.17766881	 3.35663035	 4.13297852	 
1.22410237	 0.29223461	 2.15721127	 
-1.40465603	 -1.61827916	 -2.15386528	 
3.90183919	 0.20948252	 2.75319252	 
2.54384282	 1.20965220	 3.97646561	 
2.19183284	 -4.64534759	 2.10942169	 
-0.09718278	 -2.22526138	 -4.16610047	 
-1.97909168	 -0.14184624	 -2.55183730	 
0.09356090	 -1.64759481	 1.57523164	 
-4.18494646	 -3.03015449	 1.44575213	 
0.07099626	 3.56971151	 2.77884679	 
0.35661447	 -0.39747168	 3.85647589	 
-0.83633663	 -0.90859264	 1.52491892	 
-2.53435996	 4.01535270	 -5.70268275	 
0.32473831	 -1.63697985	 4.01645778	 
-0.52946723	 1.75424382	 4.09989358	 
-5.63206047	 2.41426417	 -3.36371662	 
0.43817449	 0.20677482	 -2.89348958	 
0.88097867	 -2.28264019	 3.84922377	 
0.90302423	 0.13451372	 -3.15753258	 
1.77105193	 -3.11746512	 4.03404559	 
-1.27542779	 -1.47352739	 5.56927521	 
-1.69260979	 -6.56174632	 4.07997102	 
-1.01308524	 -2.31219430	 1.51424057	 
2.66355152	 0.14927969	 2.50983418	 
3.88366155	 4.95414525	 -2.75530297	 
-1.02792940	 -3.10446097	 -5.60199399	 
2.09024406	 0.64500883	 -3.60447097	 
-1.16198987	 2.39863604	 -4.25929632	 
-0.96136758	 2.11005568	 -4.44158158	 
1.63886451	 1.23058401	 -5.22254601	 
-0.71551989	 -2.52047548	 3.03208514	 
2.82065955	 1.25019301	 0.75375164	 
5.13029677	 4.34597974	 -7.77879787	 
-2.67881334	 -4.17949837	 4.18362195	 
1.96567033	 1.61748311	 7.06854138	 
-0.77211405	 -0.79238768	 4.44783563	 
0.93502177	 0.89756974	 1.98891415	 
-0.48101918	 -0.57865961	 4.94791863	 
-1.27470369	 1.28649637	 -6.24575057	 
-0.13661210	 -1.62725688	 -5.04280383	 
3.24590949	 0.32645577	 -4.46280219	 
-0.72909890	 -2.56941442	 -3.10519961	 
0.83087126	 -1.29241728	 -0.84057983	 
-0.32794583	 0.51181787	 3.30434616	 
-0.43173346	 -1.30163317	 -2.44861665	 
1.49649689	 3.30427228	 -1.48266014	 
-4.76144028	 -1.34262024	 -2.72678308	 
1.04974308	 2.57878865	 2.86297853	 
-0.47094416	 -1.57429018	 -3.33667509	 
-0.56281172	 0.57627896	 -2.26059016	 
-0.94042906	 -2.83717867	 -2.57987687	 
0.10893669	 0.80069567	 -1.75210266	 
1.12839318	 0.48955570	 1.35963084	 
2.97113650	 -3.13235414	 4.50072944	 
0.71158297	 -1.64246038	 4.22538585	 
-0.05561778	 0.93584982	 2.72817335	 
-0.15423144	 0.59790882	 5.12759768	 
0.41690469	 1.27345194	 -3.09182793	 
-0.02677655	 1.03003825	 -4.75762221	 
-2.73938405	 0.53295113	 -2.66325444	 
-2.48218420	 2.29166669	 -1.66147691	 
-1.54980164	 -0.35144437	 -1.32244330	 
2.77065437	 2.31033326	 1.89853018	 
-1.63358953	 -3.10744609	 2.30369140	 
-1.84133134	 -1.18661048	 2.08393827	 
0.14881056	 -1.36986220	 2.54448232	 
-0.84862747	 1.85084252	 -1.58818911	 
0.86497595	 -2.54516685	 3.82389480	 
3.85042394	 -1.20208595	 -5.38199114	 
-6.26585296	 2.39977874	 6.23808473	 
-4.40213937	 0.85046281	 1.41138153	 
-1.26932445	 1.65216330	 4.06434731	 
-1.07868376	 -2.32442288	 0.99820730	 
-1.41438925	 3.75978987	 -2.51254674	 
2.20885224	 0.07308621	 1.43934045	 
0.47472823	 2.27312057	 -3.97615294	 
-1.34039989	 0.53130047	 -2.35437473	 
-5.45817327	 -2.35998964	 -4.35162017	 
5.44298058	 0.58233867	 4.71340688	 
2.58701239	 0.04042617	 -3.44998442	 
1.42013179	 -0.35449009	 3.37311621	 
0.69209682	 3.79851780	 4.75902086	 
3.17282839	 -3.66803993	 5.43852396	 
0.78928733	 1.85128499	 -4.53594915	 
0.40139620	 -1.18226063	 -3.28075948	 
0.64746198	 4.35132258	 4.33132523	 
0.46639553	 3.79242766	 2.14985148	 
4.47284373	 -5.14695968	 2.25215020	 
1.54020305	 -2.73277981	 3.23146089	 
1.19952037	 -1.33021980	 -4.06773792	 
-1.13066546	 0.69131278	 -1.70278369	 
-0.87909837	 -0.41965611	 2.42658417	 
1.51343084	 1.91057267	 1.60816158	 
0.03058863	 -0.79182958	 -2.08779433	 
4.24198991	 0.03863192	 3.09166979	 
-0.54719712	 0.93414356	 -1.82775809	 
-3.54149565	 4.06735138	 -3.75613477	 
-0.15931750	 1.08185349	 1.96753914	 
2.72111086	 -0.04085117	 1.47622443	 
0.46187322	 -1.06682086	 5.08913386	 
0.20932983	 2.39997823	 4.82824357	 
2.90329192	 3.83310502	 -4.04883285	 
0.68605749	 -0.23004676	 -1.21359352	 
2.38914729	 -0.81492892	 -5.19149952	 
1.07575578	 1.35945532	 3.79557252	 
-0.21492797	 1.92197891	 3.40552353	 
-3.44172665	 -2.29308042	 -7.67895472	 
-5.88301720	 1.49600400	 5.18708071	 
-0.60020426	 0.94285879	 -3.14161530	 
-0.95864861	 1.53038497	 -4.08772505	 
0.69310530	 4.76830658	 -5.50363748	 
-0.90680821	 0.84016476	 -2.60119145	 
0.04420987	 1.35633130	 7.63560624	 
-1.89428953	 0.72455936	 2.62257593	 
2.51943250	 -0.19096680	 2.53005373	 
0.84237479	 3.79552041	 -1.52324457	 
0.06637540	 0.60180624	 -3.21881944	 
-4.60498015	 3.30032349	 -4.90191391	 
2.36230075	 1.17446750	 2.74786026	 
0.86565732	 4.02817839	 3.85005897	 
5.60126915	 -2.06712271	 -2.81514870	 
-1.32430542	 2.94430784	 -4.01141253	 
-0.97878128	 -0.73424280	 1.37925724	 
-0.97301671	 2.64661206	 -2.18317035	 
0.50266300	 0.59711630	 -3.97283262	 
1.92388650	 1.39396768	 -4.42205260	 
-0.40886667	 -0.94069163	 -2.02518938	 
0.11240916	 -4.72401702	 -1.87259075	 
-1.28796046	 1.35240839	 -2.96135366	 
-2.29353872	 -0.54709344	 -3.35426226	 
3.24710896	 1.39008381	 3.51667032	 
-0.24654203	 0.20047698	 3.08539075	 
-8.25557479	 0.88144046	 7.44358668	 
-0.31548570	 0.69039388	 1.52773338	 
-1.84052581	 -0.68776715	 -0.86335389	 
2.77055502	 0.77864324	 -2.26200138	 
-0.54246374	 2.20964965	 -2.99692711	 
-0.71013191	 -2.51897822	 1.96585594	 
-1.30710085	 0.76386392	 -1.80005026	 
-3.00200898	 1.01460849	 -3.32598123	 
-2.26519244	 0.67011007	 -2.58108906	 
8.95874605	 -0.14659188	 7.37531618	 
-0.33968109	 3.70096039	 1.54275783	 
0.20540025	 4.05713786	 -3.42027056	 
-0.20492858	 0.18595250	 -2.31477105	 
0.46539212	 -4.13921684	 -7.34331194	 
1.80191698	 -1.26532443	 -6.08609576	 
-0.19431282	 6.25140037	 -4.56111693	 
2.79361008	 0.66510047	 -2.45672124	 
0.06646936	 2.49792876	 -2.94007072	 
1.82657223	 1.54324044	 -2.51157788	 
1.31871617	 0.04009004	 3.27950846	 
2.55857077	 -4.76228996	 -3.17831765	 
-4.86245276	 -5.33930688	 -6.43192613	 
2.64731012	 -1.94918700	 -6.06154173	 
1.05436508	 -0.59789793	 3.52134632	 
-2.07324811	 2.62665092	 2.85162906	 
1.99200871	 -2.42636433	 -1.27678378	 
-2.30095782	 0.41676481	 2.33978850	 
-1.88539629	 1.98724874	 2.83046400	 
2.32917023	 -1.08262962	 -0.97961051	 
-0.79238284	 -0.18245987	 1.95122871	 
-2.96776408	 1.41055745	 -2.41841404	 
-0.00096478	 5.18663532	 -7.29610733	 
1.76795856	 2.02741727	 -1.35784234	 
1.70776011	 -3.68213068	 -1.45105086	 
-1.81648194	 1.14896564	 3.50453476	 
-0.82032845	 -1.04859112	 -4.49082932	 
0.08192718	 -0.32473352	 2.50976559	 
1.66320669	 1.22636487	 6.19221934	 
-0.25503072	 -0.02727332	 4.26319780	 
1.53304047	 0.17286388	 4.85512182	 
-0.54823211	 0.41740305	 -2.87695269	 
2.23696698	 0.58832461	 -1.48814879	 
-0.43815419	 -1.83634389	 7.25410011	 
-5.71041045	 -2.98699058	 -2.79171507	 
0.97695554	 1.37433042	 3.68550135	 
1.20144208	 2.67264244	 1.90938922	 
-5.00193876	 -2.17775015	 2.02971187	 
-0.59544442	 0.24667734	 4.05731600	 
-0.00533883	 1.31227543	 4.34629619	 
4.86372092	 -2.61153235	 -6.53629720	 
2.78805913	 -1.93468924	 -3.91004371	 
2.80372242	 0.70989200	 3.73287735	 
-2.88102014	 -2.59651674	 2.71900408	 
-5.78471626	 3.95630225	 -2.43745000	 
1.02540017	 -1.80761747	 1.21706861	 
4.15115726	 -0.42303321	 -2.53254714	 
-1.11440797	 -0.93582831	 -4.23396367	 
2.06718469	 0.40417363	 -3.54646041	 
2.65439713	 0.26599934	 3.33750594	 
2.07301061	 3.30318323	 -8.81375584	 
-3.38804960	 -0.21436726	 -3.46560158	 
-1.41951962	 2.48405568	 5.05844248	 
4.84841770	 0.11235602	 4.86343848	 
0.63668810	 1.19046958	 3.35941793	 
0.22379003	 -0.57254038	 -2.08686574	 
0.66482130	 -1.99438817	 -4.39881258	 
2.34284749	 4.86136021	 -5.18847898	 
-4.75806810	 -3.32785784	 -2.90689062	 
0.89345127	 1.27185110	 -3.20245630	 
1.11660746	 0.80240504	 1.13588570	 
-1.07352612	 3.32381416	 -6.58523433	 
0.65609207	 2.54064296	 -2.77062577	 
1.87273795	 0.53844441	 -2.79217473	 
-0.95551987	 -1.22184594	 -5.58848995	 
-0.00810817	 -3.12843808	 -1.77191252	 
-0.12796414	 3.40945529	 -4.08687432	 
1.34438595	 0.79348307	 9.38117309	 
1.56012945	 3.64933851	 2.54745848	 
0.64738539	 3.47763471	 4.44152606	 
-1.67057057	 0.71112567	 1.78348886	 
1.75445737	 1.91800273	 -5.45619619	 
-1.64372346	 0.51374024	 -3.00139010	 
2.04949865	 -0.97370049	 -2.72082697	 
-0.03224613	 -0.58315053	 -3.84672247	 
-2.19881591	 -1.63286800	 2.67440670	 
0.11233607	 -2.05475400	 3.20840129	 
-2.74934360	 1.55601449	 2.85432369	 
-2.23653962	 1.06451748	 -2.51311871	 
0.13046809	 4.61255742	 1.65067646	 
-0.58021399	 -0.90892019	 6.41740280	 
-1.20845838	 0.73798515	 -6.29964124	 
1.67498067	 -0.97326041	 -2.03724598	 
-1.59772650	 0.37801472	 2.16355407	 
0.48747320	 -1.67330943	 -2.22712956	 
-2.32926696	 4.38312180	 -4.65306258	 
-4.49171428	 0.92380730	 5.44645798	 
-0.23064342	 2.09203158	 -2.28442799	 
0.10379159	 -2.40051411	 -5.02819818	 
-2.03415861	 -4.19802700	 3.60727161	 
0.43425546	 0.42599320	 2.54789324	 
4.93260069	 6.94997943	 4.38065477	 
-0.44341295	 0.77537378	 -1.89768100	 
-2.16716093	 -1.53111413	 -3.67876451	 
5.20239943	 0.20590790	 -0.78311586	 
4.61972495	 -2.30985583	 -3.76797535	 
-4.49100895	 -3.68777095	 4.21398053	 
-6.26081396	 1.66092146	 2.31452061	 
-2.81884416	 1.85173977	 -4.18881680	 
0.22182829	 -0.42746129	 -5.01971841	 
2.08755549	 3.61794423	 2.46078743	 
1.92616005	 -0.97992589	 -6.17985179	 
2.24372908	 -5.97052511	 -3.55886701	 
-2.83804813	 2.34757267	 8.60071051	 
-3.33018248	 1.83956070	 5.28032878	 
3.95031555	 -6.36966352	 2.73081343	 
-1.72683689	 -0.21355105	 -6.33109923	 
0.09234873	 -7.13283805	 -3.32601489	 
1.40414271	 0.58213664	 5.47554633	 
1.83357257	 1.65413309	 -3.37292891	 
0.77879295	 0.28418158	 2.42265684	 
-0.71189870	 -3.91760707	 4.29405513	 
-6.12558277	 5.18762282	 -5.88358324	 
-3.17492161	 -3.08674340	 -4.87971569	 
-0.36093481	 -0.61050239	 0.44303614	 
-0.44805674	 -2.08468120	 -2.64432179	 
1.93955442	 -2.49888510	 2.29104995	 
1.65761933	 0.84546095	 -4.89545068	 
-3.80653437	 -2.67443953	 2.65375701	 
-0.59583036	 0.66072747	 -1.58143906	 
-3.65590894	 1.96637732	 4.14724079	 
0.72740224	 -3.24203439	 10.18709426	 
0.11431937	 -3.41439373	 -3.45908436	 
2.08705755	 3.54124094	 1.22705599	 
-0.96967992	 -0.00491551	 1.67298602	 
1.56941589	 1.95064430	 3.63398934	 
5.54022686	 4.54017462	 5.79585611	 
0.28538864	 -2.08903223	 -2.03880729	 
-1.20947493	 0.93113173	 5.35883377	 
-0.74256105	 6.12737058	 7.53940899	 
4.98018922	 4.95299766	 -5.27219876	 
-1.45230223	 2.10810879	 1.84106318	 
-5.57164123	 0.34536657	 2.46551103	 
1.99952259	 -4.06131947	 1.99623259	 
0.06163557	 -2.20242173	 1.07496522	 
-2.26729830	 -0.35595032	 2.91633770	 
5.00264665	 0.93270145	 3.78070299	 
-3.43901910	 -7.45778266	 -4.69567061	 
0.25647920	 3.59773012	 5.13971023	 
-0.33574685	 -0.05432606	 -0.51067262	 
-0.03754231	 -0.72234031	 -1.99739050	 
0.17555785	 -1.00452378	 -5.99256720	 
3.89478050	 -3.70337642	 -4.11847864	 
-4.06207015	 -1.66028878	 4.71087447	 
-1.09658031	 2.76902456	 -4.06572222	 
0.79239015	 -1.11337338	 -2.72333148	 
0.03046746	 -0.06771329	 -2.04827089	 
0.18795644	 0.10621836	 3.87755846	 
1.25947674	 -0.94491254	 -3.00327414	 
-1.51645088	 -5.13471151	 3.51769504	 
1.78681948	 1.21640254	 -2.25989719	 
0.68681814	 -0.78983290	 -2.62359983	 
-0.65953820	 -5.43654707	 -4.87615390	 
2.20655670	 -1.43925783	 6.46581036	 
1.45262536	 1.82730542	 -3.27804116	 
2.27045691	 -1.16773915	 4.80277109	 
-0.55126245	 -0.07237949	 3.87902974	 
-0.50722524	 -1.13351735	 -2.73951937	 
-0.55567513	 -0.07864523	 -3.68566770	 
-2.00977321	 2.76684745	 3.35660838	 
1.61416409	 -0.74784441	 4.09496766	 
0.17781651	 -1.67483391	 1.96301563	 
-5.76151371	 -2.91267385	 6.25155521	 
-0.74475780	 -0.32756388	 -6.74755522	 
-1.07146474	 -0.81944573	 8.22164106	 
0.52720121	 1.96799228	 -2.10069927	 
0.83082193	 -3.60465747	 2.05198743	 
1.49891446	 0.29455270	 0.98446003	 
5.52850076	 -2.06565457	 -3.81358062	 
2.51537875	 -0.10301712	 -4.41660820	 
2.52240906	 -0.11006668	 -6.20034760	 
-5.48378505	 2.00391501	 5.93100320	 
-0.25688984	 1.90927722	 -3.55084126	 
0.93757767	 0.18429647	 6.18779885	 
1.99195501	 -0.92072164	 2.76711883	 
-3.00877592	 -3.49465098	 -1.91483787	 
4.46010886	 -5.89202298	 9.83392163	 
0.46207755	 -0.18496545	 1.16612212	 
3.02029772	 -1.70939326	 -0.64230030	 
-0.09485074	 2.57877203	 9.30505297	 
1.20331654	 2.55337911	 -2.19101192	 
3.89406237	 -0.72243736	 2.64317215	 
-0.46211780	 6.27103485	 6.81018398	 
-0.13640356	 -2.33774880	 2.36716673	 
1.33092958	 -2.60890912	 -2.46917489	 
-2.94735871	 -0.61119370	 1.64651826	 
-0.31671421	 0.71865494	 2.45277050	 
1.45979143	 -1.62072279	 3.92671290	 
5.61342829	 -1.46264550	 6.18968368	 
3.84793966	 -7.06001471	 3.17288435	 
-3.32766890	 1.05823309	 -2.95907107	 
-1.40778787	 1.60840289	 6.10281178	 
-1.52646812	 0.31609628	 -0.71688252	 
4.64584516	 -2.63266585	 3.15759900	 
1.95969735	 2.06680742	 -6.53518940	 
1.90244109	 1.40556642	 -2.60022340	 
2.75045358	 -1.42166711	 2.98004937	 
-3.07310515	 -1.86623478	 6.86967858	 
-2.06641407	 -2.76584887	 4.83710064	 
-3.74234324	 4.99159009	 -4.70131283	 
0.84870355	 0.87280862	 -5.15129929	 
1.81533487	 1.16240960	 -1.09503501	 
6.44319602	 0.05662395	 -8.07257371	 
-0.75567778	 -4.37314840	 -3.23619256	 
2.05884014	 1.88029323	 -0.94680720	 
2.71990088	 2.34996722	 1.59288887	 
0.18286334	 5.35418921	 -3.67296213	 
0.60390653	 3.68695400	 -7.72030349	 
1.51746920	 1.03284864	 -1.82213105	 
-0.44016650	 -2.02820967	 -4.56281284	 
-4.83748681	 3.80500733	 -6.53516446	 
3.47619195	 -0.30933802	 4.63815162	 
4.59865509	 7.12997123	 -3.86461502	 
2.13575098	 3.62639201	 2.74813967	 
-3.35529746	 1.21126285	 -1.24461612	 
-2.35691560	 3.66295560	 -1.87522668	 
1.13283938	 0.87810015	 2.43418194	 
-1.31468032	 -1.39748506	 2.80574127	 
3.62791658	 0.70328710	 -3.54357616	 
-2.31175810	 1.42194733	 4.23170350	 
-1.67710802	 -0.39467365	 4.86133143	 
-3.60314589	 0.59810037	 6.51755169	 
-1.13656466	 2.83242675	 4.12871283	 
0.88346899	 0.15712555	 1.37267856	 
-1.60434571	 -0.71689027	 -1.19510798	 
1.94537385	 0.34723613	 -0.40301188	 
-0.11747803	 -0.73231729	 1.32324195	 
-3.49213774	 -1.75838963	 -2.89662125	 
-2.64453140	 3.12591144	 2.51270528	 
0.60016981	 -0.10000217	 2.32304727	 
1.18942303	 0.09672535	 2.88868276	 
9.54062194	 -0.99822211	 -6.80560301	 
-2.72745013	 -1.35144846	 -2.07291752	 
1.08167603	 0.59473971	 3.89253641	 
4.20062182	 -0.31349606	 -1.80340953	 
-2.96748412	 0.10627692	 -6.83212380	 
1.57853647	 3.53716598	 -3.16070925	 
0.82562662	 -1.73441610	 3.32197783	 
1.58011259	 0.68449795	 7.93387451	 
-0.19015892	 -2.12971223	 -3.07185294	 
-3.18412992	 -1.75161199	 -3.43991876	 
-1.91651364	 1.75495316	 3.99771416	 
-0.59958497	 -0.10396632	 2.56120208	 
-2.70078844	 0.22582937	 -5.25808515	 
-2.14788050	 1.59829992	 -1.81136396	 
4.98213375	 1.28919609	 -6.73830358	 
1.25236420	 -2.83099786	 -2.98616440	 
0.62965975	 -2.30470605	 0.66765506	 
3.23937662	 3.85017962	 -5.84005324	 
1.17095177	 2.15196250	 3.53120934	 
-2.30043172	 3.92341478	 4.04645759	 
3.17324787	 5.58088818	 -1.02733710	 
-1.13997356	 -1.32688356	 -2.28211057	 
1.56492038	 -1.00844302	 3.35454124	 
-1.15909012	 -2.23777139	 2.19876270	 
-1.88853888	 -1.15094811	 -4.69771013	 
-1.24284008	 -1.13090731	 4.06448232	 
0.44538473	 -2.58296304	 -8.53971519	 
1.08855904	 0.65962198	 -2.69254824	 
-2.43321408	 -3.72020447	 -4.33862968	 
1.80862446	 -0.18099770	 -2.53430877	 
5.85305917	 -0.86467587	 4.40268863	 
-0.54427930	 -1.22383179	 3.80036870	 
-5.07208518	 -3.96303243	 4.43008093	 
-1.78435970	 -3.13031426	 5.27890506	 
-0.07335522	 0.29686922	 3.38043755	 
-0.57227459	 -0.68469731	 4.03692535	 
-4.75823728	 4.53798889	 -3.21591555	 
0.08471285	 2.96340519	 1.80986285	 
1.39258874	 4.27035371	 7.45385370	 
-1.62163973	 -1.92941083	 -3.14906966	 
-1.49691781	 -0.50762166	 -3.31565041	 
-2.06739020	 4.65279798	 -2.80737286	 
-0.12707872	 2.42985726	 -9.85182969	 
0.70083269	 -0.05047226	 7.54674781	 
2.58657132	 1.21124559	 -2.19721813	 
-1.98923494	 6.56004505	 3.43043681	 
0.91270511	 0.68940949	 -2.54734663	 
-2.05384792	 -1.69629467	 -3.42304261	 
7.10396410	 6.31117824	 3.15309416	 
-2.13992863	 0.10430257	 -1.63224776	 
-1.95186122	 -1.68668204	 8.47689210	 
-1.53467998	 0.14650138	 4.52821627	 
-0.83309952	 1.82853018	 4.32888991	 
-6.89993411	 5.37000553	 12.60831731	 
-0.75121305	 2.98781757	 -3.93651651	 
1.38346573	 -0.63384710	 -2.39227710	 
-4.16511537	 -1.60489169	 3.96179536	 
-0.30125907	 0.73700421	 -4.82600184	 
-0.52752242	 -1.45902224	 0.58413753	 
0.91737724	 1.04203649	 2.61243267	 
-0.93723139	 0.19818366	 1.62785121	 
-0.21716673	 1.69734777	 5.56522675	 
-0.30525977	 -1.34837901	 -1.88599790	 
-1.73198165	 -0.37425072	 -3.66741036	 
2.09634863	 0.05506726	 -5.59131624	 
-1.28733795	 0.02207398	 -2.66056882	 
1.99948163	 1.64901451	 3.39748788	 
-5.10002247	 -2.28481594	 -6.84645916	 
4.92743986	 -4.42159455	 -4.00962746	 
-0.57829850	 -1.42578889	 1.32336246	 
3.79266858	 4.24414916	 6.63494905	 
-3.15587247	 -0.75661994	 7.48269190	 
-1.55129820	 0.32991541	 4.34988377	 
-0.26156272	 -2.14143864	 5.17812082	 
0.92768969	 0.25789870	 -2.67573825	 
-3.62799784	 -1.39334473	 -7.20522021	 
-5.08416330	 4.34888573	 -4.38829431	 
2.11517787	 0.45245787	 1.22011886	 
1.48288008	 -0.09203837	 -6.07306259	 
-4.71490093	 0.30379474	 -2.56444016	 
-1.06696000	 1.29109225	 -3.83549303	 
0.04477915	 1.36487753	 -0.63931090	 
-2.48800772	 0.84133335	 -1.89878481	 
1.53187509	 0.48598324	 -5.27296540	 
3.96896876	 1.69657286	 4.74295843	 
-0.75439085	 -3.30009565	 4.14686804	 
1.18950343	 -0.01229594	 -4.11382448	 
3.69098860	 -0.27339557	 1.85727995	 
0.91143701	 -2.23055043	 3.36826036	 
-0.76079908	 -2.79879265	 -6.77163014	 
3.00372247	 3.70742272	 5.51444258	 
4.91565778	 -3.02797475	 5.47582267	 
2.96856387	 -0.26447042	 8.41738621	 
0.83597840	 -0.73696650	 -1.44618271	 
-3.02261049	 4.10724050	 -2.62405090	 
-1.00834684	 -0.68643828	 -0.92751064	 
-4.04302546	 1.72485871	 2.55445832	 
0.79652983	 -0.96526621	 -1.02114075	 
0.22831229	 -1.36454663	 1.86251252	 
2.27808927	 1.75452511	 7.62897772	 
-3.11522026	 -1.36898823	 2.94949171	 
0.90988210	 0.92246576	 1.57340472	 
-0.54474714	 2.14952947	 -1.97374064	 
2.99340736	 -3.54120914	 -3.94618641	 
-0.03940258	 -5.57629439	 -1.96294327	 
1.31715743	 0.31963956	 -4.71789757	 
-0.73194338	 2.37467968	 -2.40189965	 
0.62129658	 -1.25561586	 8.24056086	 
-1.42371486	 1.38579296	 -2.04187687	 
-0.00670376	 1.47973408	 2.13735855	 
-2.34002631	 -3.69750856	 2.97491571	 
0.66716912	 0.79239251	 2.42179259	 
0.22769547	 1.13170891	 3.65375023	 
-0.13128227	 -1.12470861	 -2.55795455	 
3.48950941	 -3.30384408	 -5.28256246	 
-1.49587454	 1.99315592	 -1.38933662	 
-1.08210353	 -0.01361426	 2.58001826	 
3.30290222	 1.17538880	 4.05187812	 
0.62458825	 -0.55540433	 6.41800051	 
-0.39634200	 -2.37757514	 -4.70307613	 
0.74703617	 1.77714363	 4.34780529	 
-2.47027795	 -2.47392209	 -2.55464541	 
-2.74443421	 -1.38938099	 -3.90117159	 
-0.95485623	 -3.29122184	 -7.18367654	 
7.62827735	 6.12135455	 8.42610575	 
-2.10909784	 1.31219730	 2.64900824	 
0.69264757	 -1.06190184	 -4.81250946	 
-3.09842533	 -0.76610832	 -3.54016387	 
-0.17608452	 0.25394587	 3.37054466	 
-1.96079113	 -0.72184148	 -5.84616357	 
5.26500297	 0.41521208	 3.85988880	 
-0.65489569	 -2.87762806	 3.43775122	 
-0.31693202	 -0.25146796	 -2.22038811	 
-3.10956906	 1.45945551	 -2.12499278	 
2.01781644	 -0.26464041	 1.22978278	 
-1.12710955	 -1.29252534	 -8.33813608	 
1.20397658	 -1.21526101	 -7.81524080	 
-0.94008436	 -0.33337041	 -2.15228965	 
0.29287390	 -0.66190760	 0.44817202	 
1.77540975	 -0.55070363	 -3.63134336	 
0.21889230	 1.71851265	 -4.05876247	 
-2.51817207	 -0.48274087	 -2.71285684	 
-0.27759233	 3.79210623	 -5.38896200	 
0.86234163	 1.13004991	 -4.27755159	 
1.27061019	 -3.45710374	 -4.97986545	 
2.08071925	 1.56572355	 -1.53298078	 
2.97520095	 0.43296269	 -4.20700244	 
-1.75915385	 2.23390171	 -5.81872456	 
-0.78480870	 -1.46668085	 2.27855467	 
2.52295547	 2.51846359	 2.71121748	 
-0.38250461	 4.87418888	 2.88036892	 
0.17871034	 2.05515718	 -5.55930349	 
-4.69165497	 -2.91478659	 -6.47900134	 
-1.21533942	 0.66190402	 -4.23711433	 
-0.02793510	 4.05608200	 9.70094382	 
2.07991201	 -6.05061267	 7.74260347	 
0.20083046	 -1.38209969	 4.18581623	 
-1.16122920	 -1.53256254	 7.26645344	 
1.11574268	 -0.86881748	 -7.12090435	 
0.72855144	 5.01813315	 -2.89250606	 
4.17925058	 4.70655580	 -14.18956590	 
0.73528484	 -3.24249520	 2.71035779	 
-0.83255927	 0.69155428	 2.65623854	 
0.33660953	 -3.46208158	 5.39179059	 
-0.69805055	 -3.17301749	 2.89248572	 
1.53668876	 -2.55443372	 -3.85469590	 
1.73152183	 0.95233065	 2.93778047	 
-2.00472895	 -1.29389685	 -1.97336680	 
-1.47928093	 3.71970269	 -2.35238547	 
-3.31274101	 2.53630607	 -1.62022577	 
-2.33156581	 -0.37745853	 -7.06394667	 
0.26906161	 1.23513378	 3.24181077	 
2.29799384	 -0.25666937	 4.36271095	 
2.73762539	 4.22009892	 -7.28272410	 
-1.75848968	 -0.00185966	 1.83645186	 
-0.86158596	 1.75830235	 3.73123515	 
5.44715873	 -3.72642624	 1.40843465	 
-1.79804048	 0.08795552	 2.69028893	 
-2.53522759	 2.46196725	 5.06019584	 
8.89614517	 -0.97103587	 3.85003354	 
1.55958625	 4.11908101	 -4.11725397	 
2.02057250	 0.55826914	 4.56645992	 
0.56561155	 1.23052826	 -3.30622080	 
2.32185643	 2.48652651	 -6.68769721	 
4.22267457	 3.48758509	 -2.42470542	 
-3.63842458	 3.68529805	 -5.24400123	 
1.35572027	 1.79200150	 -1.84501664	 
1.69026733	 -0.25635258	 2.28199887	 
-1.53482906	 1.96289530	 2.76648139	 
-0.76761404	 1.48578834	 -1.03706720	 
1.98744659	 1.03835828	 2.63161900	 
0.87015768	 0.79788098	 -2.09798527	 
2.71226548	 1.17575834	 3.73720795	 
-3.47139585	 -1.36679474	 4.12317490	 
-2.66897204	 -0.40311704	 -6.00245334	 
3.94047927	 2.90132599	 6.03165877	 
-1.98966928	 1.62382170	 4.06046508	 
1.87247597	 1.40216820	 -1.80065388	 
1.87394772	 1.86265714	 2.66701005	 
3.19234599	 -0.97300136	 -2.60947025	 
-3.50096586	 -2.74937988	 -2.39278631	 
-2.90544323	 -0.65335848	 2.86340599	 
-1.47853080	 1.75320497	 -0.96178621	 
1.89648995	 0.70562273	 3.35091505	 
0.22578314	 1.27918077	 -4.23038784	 
1.69505773	 -1.97790953	 -4.75572176	 
-0.38248607	 0.91619101	 1.41289392	 
2.24622778	 -1.56379040	 -7.05716182	 
-2.07695293	 -0.12614311	 6.39199235	 
-0.90172333	 -0.39269724	 5.75737710	 
-1.73421034	 -2.47275979	 -3.73687797	 
2.57895220	 -1.69625389	 -5.08692044	 
1.95345945	 7.10000089	 2.49985252	 
-1.21423916	 -2.75658846	 4.22003008	 
0.04811859	 -0.13364362	 3.88636635	 
-2.01265375	 4.31582832	 -2.97880527	 
-0.34701188	 -2.46079658	 5.97203212	 
0.22528206	 -0.98340535	 -6.28267823	 
2.52067834	 -0.75718065	 -4.31711014	 
1.87576746	 0.56105987	 -1.03648583	 
5.31481001	 0.38826639	 -5.65750403	 
-2.33817146	 4.85640043	 -2.38792643	 
-0.91539128	 2.87573717	 -3.46392793	 
0.97934265	 4.00337299	 -4.91031826	 
-0.75083550	 -0.47158646	 -2.25220657	 
-0.70581118	 -0.90203492	 -1.18644367	 
-2.06874946	 2.79912339	 -5.38107515	 
2.47074651	 -5.21801379	 4.24810687	 
-0.53055108	 0.88085523	 0.47082460	 
-4.92425661	 -0.87677632	 4.29948442	 
0.65757718	 -0.59621498	 -2.28391383	 
3.67406227	 -1.32946984	 -3.09049570	 
1.67290297	 -3.48219727	 -2.39632349	 
-3.91722427	 -2.33051828	 2.53278765	 
1.61430541	 6.86919214	 10.77909110	 
-3.43774507	 2.44589194	 -3.18922469	 
-2.18345534	 0.82898995	 1.39539788	 
2.32730864	 0.35290447	 -4.82750821	 
4.53466189	 0.19808262	 -2.70509773	 
-0.61734087	 -0.56382027	 4.32254378	 
3.67280127	 2.05295453	 2.88105051	 
-0.56680241	 -2.25604589	 -4.20852192	 
1.64701116	 0.23140504	 0.72043743	 
5.04274524	 -0.06530075	 3.57470746	 
-6.64236775	 3.27413453	 -5.65371939	 
2.12959802	 -7.25284877	 -5.89764597	 
-5.97725529	 5.29592177	 -1.90718047	 
-4.63077823	 -0.96792758	 -5.99961530	 
-0.15807632	 0.85126189	 1.87857053	 
1.18750870	 0.37388006	 5.63214668	 
-2.95357966	 3.05817618	 -1.62887651	 
3.07013802	 -1.97873560	 -2.87513866	 
-2.30213989	 0.26743097	 1.51576270	 
-1.95148112	 -0.23978719	 3.89890243	 
-5.07480461	 0.93646282	 -4.52116254	 
2.23978719	 3.22165360	 4.51265209	 
-3.39921892	 -2.51831244	 -5.02192976	 
5.95993685	 0.37124172	 -3.90852312	 
1.39291678	 0.32491010	 -5.08915497	 
2.16302430	 1.39849966	 -1.86677350	 
0.31222921	 2.46763959	 -3.08679664	 
1.22368003	 -0.06717550	 -1.99217530	 
-2.10768937	 2.78184785	 -6.36974657	 
0.02736653	 -4.93609216	 -2.27606102	 
3.80642814	 2.49971726	 4.94957307	 
2.95112970	 -0.40352932	 3.23887474	 
0.27661800	 -1.88044866	 1.41224568	 
-1.20818706	 -1.95220051	 1.05656793	 
4.54210869	 0.26660216	 -1.36332491	 
0.89783484	 -0.13594873	 -3.17885712	 
0.53950970	 -0.52909793	 -1.86366261	 
-0.58277831	 2.71269089	 -7.78122499	 
3.49156102	 0.84289676	 -5.66453259	 
2.12395357	 0.41004665	 -3.13677069	 
-0.40055327	 -0.69179131	 -2.33537857	 
2.72504239	 -0.63208287	 -1.17457593	 
1.21780368	 -2.62877686	 5.21373534	 
2.73554105	 -3.60978866	 -3.87200192	 
-3.84437325	 -0.27543838	 -3.40172759	 
2.21432540	 2.65555465	 -2.25073844	 
1.22778306	 2.41532030	 -1.99914902	 
-2.67144674	 -1.75338748	 -2.42421253	 
-2.28593241	 4.59955522	 -3.58378454	 
3.48263517	 -3.55444813	 -2.05096689	 
2.51018925	 -3.41798903	 6.16302057	 
-3.23218248	 -1.93676725	 4.73342673	 
-8.37980278	 3.48521516	 8.82257116	 
3.91646752	 -1.48781412	 2.23996608	 
1.50379285	 -1.07561956	 3.61204274	 
3.91614764	 1.30695870	 3.77925379	 
-1.07995759	 0.55936506	 4.90680365	 
-1.25017423	 -4.50133205	 5.70704557	 
0.07475295	 -0.83353015	 -6.66932870	 
2.58093577	 -1.29633182	 -2.93420654	 
0.79638291	 1.00357128	 2.86974715	 
0.75803269	 2.79141364	 -3.15141444	 
-0.97503789	 1.80351854	 -0.94876252	 
-3.83081855	 1.41520031	 -3.46064393	 
-0.73835715	 2.92359074	 3.71832289	 
-0.34666872	 0.78939312	 -1.19202497	 
2.34097077	 2.79054945	 1.70908054	 
-3.74390125	 1.60398932	 -9.45750598	 
3.87364483	 0.74578262	 2.62178017	 
-3.18424913	 2.09217915	 2.77228939	 
-0.30074855	 0.08649580	 -4.00849046	 
1.15915665	 -1.08499315	 1.16996284	 
-0.29770008	 -0.42034756	 -1.79718586	 
6.40712339	 2.44042848	 -5.44725032	 
-1.23709850	 -1.47937792	 -5.63562767	 
-1.97367588	 1.65739447	 -3.65061388	 
-4.12513161	 4.69369201	 2.47534827	 
1.46398324	 -1.43643878	 3.88326166	 
-1.23534070	 -5.61581076	 6.12488875	 
0.75662019	 -0.97129849	 5.29242214	 
-3.36351132	 3.66008305	 2.62556533	 
0.00794809	 -0.92890658	 5.39025166	 
0.37742346	 1.30683163	 6.14271282	 
1.39938491	 0.24524332	 2.86055896	 
0.41454529	 -1.74981157	 -4.85344864	 
3.55793384	 5.51988857	 -2.99527350	 
0.99589821	 -1.09985297	 5.21303460	 
1.31472947	 0.62165384	 2.16559718	 
3.69005204	 -4.50290574	 -5.87187089	 
-0.11939538	 1.15002420	 -1.44409100	 
-2.35994066	 6.54741892	 7.63639725	 
1.88512075	 -1.92774817	 7.85020820	 
0.74421775	 -2.00697580	 1.80722657	 
3.51707581	 -1.30760934	 -3.63686952	 
2.31800957	 2.29968883	 5.81002661	 
-4.78977617	 3.02991647	 2.65919675	 
1.39116615	 -2.47561599	 6.14059402	 
0.13336435	 -0.97364488	 4.28314117	 
-3.56744806	 3.14886108	 3.01995922	 
6.33366618	 -2.86762264	 -4.44255082	 
0.02461949	 0.87559384	 -1.95875453	 
1.42194749	 0.71753653	 -3.73616203	 
-1.11836197	 -2.41265062	 -4.88680269	 
1.27628639	 1.74377681	 -1.58223634	 
-0.57339461	 -1.17511636	 5.14757837	 
1.69459195	 0.65802559	 -6.50105589	 
0.55760621	 4.07548558	 -4.51202938	 
-0.71125396	 0.39927685	 -3.18156610	 
-0.54495533	 -1.48787245	 -1.46580899	 
-0.03065254	 -0.07343535	 -4.43988762	 
-2.67539830	 1.17026281	 5.10345231	 
0.74197981	 -2.73628241	 3.13990367	 
0.61810855	 -1.54178201	 3.28479928	 
-1.53087662	 -0.38176329	 4.59874163	 
-1.72900315	 1.95063642	 3.82696405	 
1.04420983	 -3.26857704	 5.27025121	 
-4.02764399	 3.12617244	 -5.02542115	 
-0.44397041	 2.75781898	 -5.97659608	 
0.52466759	 2.42047940	 -1.01964138	 
3.37506317	 -2.14008569	 1.80809532	 
2.86081413	 0.52363893	 2.48034211	 
4.23051557	 3.65165108	 -6.23977842	 
1.13113643	 1.70544723	 -1.89354673	 
4.22835873	 -1.76458874	 4.89189255	 
-0.51316296	 3.12150460	 -5.32504601	 
3.21393214	 2.92480020	 -1.61087054	 
1.01414355	 -0.28009497	 -2.05717271	 
-1.01530196	 -0.15203763	 -3.72906336	 
1.86485877	 -1.89792920	 -2.61700921	 
2.13691508	 -1.60140471	 -3.21213638	 
1.20428151	 -3.56670461	 4.84535954	 
0.49081096	 0.31362545	 -1.10421754	 
-1.63643187	 0.98637402	 0.78674940	 
-1.96341511	 -1.57480179	 -6.08891060	 
2.04996483	 3.22889409	 -1.58857063	 
3.32943716	 1.17230584	 6.48749387	 
0.31368561	 1.19622852	 -4.00446154	 
-2.15004126	 -4.70768248	 3.14293169	 
4.63621964	 -3.07903129	 -4.72376253	 
0.94198925	 -0.68334449	 -2.47078902	 
-1.43490470	 3.26133592	 -4.02984157	 
-1.84312110	 0.50458109	 2.81672608	 
-1.90399020	 4.50587793	 6.11684900	 
-1.61566285	 -1.33164586	 -1.86867712	 
-0.49368235	 1.64660957	 5.75115269	 
4.53352488	 -0.16161557	 3.32011522	 
0.64225268	 -6.53416435	 -5.82030645	 
2.39998391	 -0.42289833	 1.29040891	 
-4.59061259	 0.93534883	 4.59021313	 
5.07325180	 0.08545814	 -5.41555631	 
1.11086427	 -1.59062164	 8.92766210	 
-0.77998421	 -1.87172584	 4.87878632	 
-2.96993679	 2.63044412	 -8.13125437	 
0.50133863	 -0.13695962	 2.34676491	 
0.64626913	 0.41244947	 2.46845970	 
0.03154893	 2.00754972	 5.08464451	 
0.10737608	 3.49510354	 -4.72746213	 
-1.23111978	 -1.99650786	 -2.27423082	 
2.62245693	 0.30521645	 2.72476047	 
-4.36918166	 3.49666549	 -5.54155707	 
2.27139524	 0.89223560	 3.42288599	 
0.69895191	 1.50541736	 2.68112866	 
3.28201494	 1.77414554	 -6.59896260	 
-0.75033779	 -1.48808508	 5.13269296	 
-0.32034497	 -0.86540209	 1.29785301	 
0.16473025	 0.52632811	 1.18279449	 
-0.19560969	 -0.15653096	 -1.07686964	 
-2.59910570	 4.16825752	 -5.67973525	 
0.34083091	 3.02558214	 3.86142257	 
0.87403843	 -0.13475747	 -3.69560666	 
1.47504462	 0.22334737	 -6.45294339	 
-0.63067695	 -1.06892296	 6.53442184	 
-5.86026230	 -1.95971171	 6.00468121	 
-1.04976282	 -0.99657009	 -2.24585293	 
0.97135947	 1.64704933	 1.41154503	 
0.20368920	 -2.87512053	 -4.35678516	 
-0.38257685	 -2.59609664	 -1.10837190	 
-3.42117265	 -1.08282695	 3.63399308	 
0.77904236	 -1.44737333	 3.91431175	 
1.26498024	 -1.39724936	 -1.75329972	 
1.66030607	 1.01985838	 3.21039153	 
3.84425369	 -2.15477899	 -6.98684948	 
1.30497030	 1.17577358	 1.59801489	 
-0.12345821	 0.89104498	 -6.60950473	 
-1.27408575	 -3.62234225	 -1.79674151	 
-2.95490505	 -2.14027704	 3.10148770	 
-0.98500317	 3.03447298	 -2.78556542	 
-4.13886634	 -1.03835760	 3.07865827	 
1.30788310	 -5.50818958	 5.57526543	 
-4.53197652	 -4.18114027	 7.19527550	 
-0.16922487	 5.00044785	 4.09605377	 
0.55804662	 2.69740873	 6.15709687	 
-1.85026155	 1.46087967	 -4.91164888	 
4.07215199	 0.66104467	 -3.56706006	 
-2.38931780	 0.48901444	 -4.42482822	 
-3.60265500	 2.24047369	 1.64575104	 
-3.63214129	 7.53332203	 5.38784934	 
-1.95579409	 3.77721924	 2.74996881	 
-1.38371555	 1.21427721	 -6.53213363	 
-0.64372486	 -1.42177873	 -5.14627207	 
0.23758348	 0.51718899	 -1.89496693	 
-1.61703699	 -1.51689941	 2.04939724	 
1.91798061	 3.59381591	 3.91173732	 
-1.89153007	 -8.60671917	 2.21906346	 
-1.45984516	 -0.09926740	 4.18439520	 
0.51698834	 2.49509399	 4.98264763	 
-0.09741144	 -1.88335165	 -7.70775360	 
-0.91663110	 -0.21599703	 3.60621609	 
-1.82829143	 2.79410041	 -3.58458180	 
0.81434455	 0.68624560	 -1.07880949	 
-0.46604962	 -0.59511336	 2.12861321	 
-5.22318896	 -2.90178069	 7.48296325	 
-0.89751141	 0.31945597	 -2.08095751	 
2.74334128	 2.57711081	 4.63793900	 
-1.06365266	 -0.55589805	 1.82494753	 
1.88111971	 -2.54040207	 -2.47128770	 
0.39427585	 0.56293259	 -2.33658120	 
3.53783416	 2.36586815	 5.69189295	 
-1.48864681	 -1.42995182	 2.05540248	 
0.89273775	 1.48143491	 -1.65121138	 
4.62647101	 2.05027853	 1.31440776	 
0.77042092	 0.85864682	 -2.22544354	 
-2.81082062	 -2.37405308	 -3.92784199	 
-4.43534685	 -2.34797194	 4.29903499	 
-0.10980999	 3.11876964	 2.20818271	 
1.36453690	 3.43724515	 4.14963192	 
-0.03697019	 -1.61467460	 -1.65671500	 
0.89329095	 1.73216735	 -3.22405512	 
2.31212604	 1.57037262	 -2.49094754	 
-0.87282990	 0.80333166	 2.05874925	 
-1.13454128	 -3.08290062	 5.94227142	 
-4.75906761	 -1.97749660	 -3.22814989	 
0.52195298	 -2.77046645	 2.62450717	 
2.73897178	 -4.52145407	 -4.64745096	 
-1.30478793	 -0.95346045	 4.17718920	 
9.14305490	 3.60210433	 5.61420488	 
1.10759595	 -0.80383661	 -4.27433265	 
0.91075553	 0.06598189	 0.66463770	 
2.91209248	 3.50340445	 -2.59018751	 
-2.33605120	 0.35773979	 0.46920316	 
1.80198452	 -0.08756816	 3.75536432	 
-1.36044744	 -0.05364072	 2.65141052	 
-1.49554276	 1.50388547	 3.16458236	 
2.15148195	 4.31009313	 -6.11777442	 
-0.45589242	 1.22753933	 3.15197595	 
-1.53799585	 3.05900543	 -5.21647137	 
0.61125543	 0.70011929	 -1.41776107	 
0.70390847	 3.30106078	 1.15529174	 
4.37704896	 -11.89121751	 5.45661696	 
0.31604258	 1.21296536	 -3.24094027	 
-0.52385627	 -0.75644705	 4.18752757	 
-1.06665243	 2.38086725	 -2.50951355	 
-0.59571963	 -1.16667253	 -2.94640473	 
-0.35165422	 0.17223917	 -3.01462001	 
4.03824293	 2.18707325	 -8.44074854	 
-0.86461879	 -1.67152818	 -2.96483788	 
-1.07047123	 0.51693363	 -1.83724028	 
4.76889803	 1.97301524	 7.02924130	 
-0.90522825	 1.32074088	 3.58151977	 
0.28084207	 -0.85914798	 -0.28755851	 
6.68449020	 -1.43500649	 -7.57516159	 
0.65590582	 -1.26322052	 -2.30178810	 
-4.27041121	 0.79861730	 4.42976340	 
0.51267475	 -1.16930364	 -6.01874902	 
1.88456888	 -4.43084056	 3.65076344	 
-3.45964827	 1.99924204	 1.43041833	 
0.44946616	 -0.67887759	 -1.35621597	 
-0.33102329	 -1.78017485	 3.30365761	 
0.62466081	 -0.41038938	 3.17107229	 
0.22906541	 1.01733658	 1.51091235	 
0.47046968	 0.31716990	 -1.58645664	 
0.33837271	 -3.04310677	 3.19938329	 
3.35608731	 -1.40018964	 -7.11732627	 
3.06362577	 -1.19851572	 3.67859621	 
1.63059325	 2.83491905	 3.63048166	 
2.23599416	 -1.69783626	 2.61668082	 
-1.85466905	 3.13115725	 1.35496549	 
2.04052408	 -1.13555834	 0.77758358	 
0.54198965	 -3.62982130	 -2.16864297	 
1.41938283	 3.90197684	 -6.84848212	 
0.07231784	 -0.54169719	 -1.07929036	 
-0.59210323	 0.83582467	 -2.87527160	 
1.92732698	 0.08579285	 -5.12348137	 
4.53124367	 3.41339556	 6.43830858	 
-4.24433376	 4.05174887	 4.14318275	 
8.70262524	 1.14243420	 3.43292266	 
1.56762924	 3.82740886	 2.34271408	 
0.04794680	 2.01102653	 -1.59362233	 
0.48020953	 3.87725205	 -6.26756995	 
0.20116264	 -1.91481906	 3.36708910	 
-1.02304708	 -1.68197430	 2.12352863	 
-2.12938003	 -4.78206789	 3.91447626	 
-0.66540969	 -0.42332396	 -6.37184015	 
-4.45924130	 1.71812887	 2.77406899	 
2.17604125	 -0.25093264	 -1.20722412	 
-1.16449547	 -3.64166712	 1.28136655	 
-0.45818401	 -2.40923544	 5.32712132	 
-2.63364510	 -4.35275321	 1.60314098	 
-2.63003673	 3.86347309	 6.33850507	 
-0.84436300	 1.29834941	 5.90028316	 
-5.82658651	 0.99710850	 4.24143523	 
3.17382953	 -1.96080809	 3.02095025	 
1.21972932	 -1.59284887	 4.25599463	 
-0.66307146	 -0.34353920	 1.67780799	 
-1.26802251	 2.52509445	 2.22558883	 
1.78237779	 0.30399949	 1.80198180	 
-1.90495140	 -0.43806449	 3.86136076	 
-4.49223755	 2.00757166	 6.46892578	 
-6.12285475	 1.55751720	 -3.95604882	 
-0.94509431	 1.87510738	 0.26225558	 
3.76525391	 -0.49553022	 4.85281688	 
1.96409326	 -0.71936575	 5.46885294	 
1.93431749	 2.33020447	 -2.11073389	 
-1.47803109	 -2.98983592	 -2.16918651	 
-1.16707498	 -0.93694201	 -3.58506948	 
-3.93457059	 -1.24309169	 -2.23952880	 
4.04745596	 4.54291840	 3.45124300	 
0.18835137	 -0.31486250	 2.72987162	 
-2.80280136	 1.52460936	 -4.25955163	 
-3.12653087	 -4.13879794	 1.06951509	 
-2.24417980	 0.20547554	 3.74518639	 
1.98788035	 0.77731921	 4.35980612	 
-0.76191333	 0.94996407	 3.62973057	 
0.39517579	 0.67888306	 1.88525892	 
1.28170189	 2.92023698	 -2.56114208	 
2.02090732	 0.22087013	 -3.02262965	 
-0.25886935	 0.06100013	 -2.53393020	 
4.94255411	 -2.19776888	 1.42924887	 
2.70449660	 2.98208434	 -2.05452115	 
3.42131578	 -4.75656808	 5.37821367	 
-0.30942750	 2.78991720	 -3.70180944	 
1.17981548	 3.13733007	 -4.73536186	 
1.39732137	 0.56824937	 4.30310723	 
-2.09172424	 1.23937998	 4.69155890	 
-0.29710501	 -0.09402793	 -3.31475204	 
-2.60743137	 3.80017867	 -3.29883614	 
3.60197424	 1.93060302	 -8.03308865	 
-0.41263832	 -2.65491406	 -3.01036870	 
1.62305946	 -0.71405964	 -4.48018396	 
0.50569163	 0.01773879	 -1.33585769	 
-0.57413397	 -0.35068756	 -2.76950430	 
-1.31565490	 -0.64842866	 -3.24188289	 
1.62830063	 0.56604925	 1.22109400	 
-3.97074631	 1.54793375	 6.42018602	 
3.28697235	 0.30347298	 2.99764078	 
-1.00248328	 -0.22868416	 5.92242333	 
5.40377507	 0.51123231	 -4.79443683	 
0.05092379	 1.42648423	 -0.51579756	 
-1.68605204	 1.82640294	 1.80633135	 
0.07552917	 0.80131678	 -1.85617857	 
-0.85263431	 -0.11286638	 4.76525316	 
-0.95984227	 -0.81744161	 -6.75428000	 
-2.02110087	 -1.54529828	 -4.38036399	 
-0.07182647	 0.74464246	 -4.28434808	 
2.07623069	 -2.47502519	 0.86459907	 
2.10949283	 2.23969218	 3.80907392	 
1.03940584	 0.34189335	 4.63357391	 
0.27334090	 1.02590871	 1.33932896	 
-2.57734665	 -3.69276661	 4.01376200	 
-7.55008718	 -2.61982818	 -2.98817134	 
1.08629554	 -1.54702858	 -3.27934704	 
2.74016922	 -2.30912452	 -1.56892652	 
-5.78070409	 6.68714628	 -6.15694850	 
0.72341025	 1.19908284	 -3.22293385	 
-1.59207020	 -1.89717323	 -3.86816433	 
0.33189605	 -0.36265051	 4.22371012	 
3.47709992	 1.32906693	 -2.21422582	 
3.23718258	 0.72384212	 1.70808246	 
-0.80510287	 -3.25033625	 -2.48543186	 
-2.59183994	 0.32871688	 -5.90755215	 
2.39176554	 1.69416136	 4.34000571	 
-1.13471709	 0.35711687	 -7.10009961	 
-0.84994218	 -2.67044235	 -2.16517224	 
-0.02753290	 -1.09936330	 3.16153777	 
2.83847137	 -4.24869458	 5.11275533	 
-0.39760230	 -1.14001671	 -4.82332674	 
-1.42149035	 1.58113266	 -2.35349189	 
2.97175040	 2.48134786	 -4.24440536	 
-2.91170505	 4.78588954	 -3.46200088	 
-0.94284073	 -2.77575854	 0.95713724	 
3.16923810	 -0.45628648	 -1.19495763	 
2.57590949	 -3.94094469	 -2.57023958	 
-1.30386316	 -0.75879257	 -1.33385253	 
-2.20851103	 2.35170596	 5.52962656	 
-0.85920500	 -0.04554997	 -4.72396592	 
0.35804493	 0.18951875	 -4.20752187	 
-1.08688100	 0.65841022	 -3.32387464	 
-1.80407068	 -6.27635576	 3.96049810	 
-1.51665453	 -2.97377664	 6.00090844	 
0.85515391	 -1.15613234	 -6.37206168	 
-0.35779958	 -2.14454163	 3.31534091	 
-1.67675795	 -0.60065808	 1.07188405	 
-4.86733352	 3.50979272	 3.05802056	 
4.58098705	 7.98256645	 2.60988780	 
-0.18701170	 -0.09692809	 0.89315803	 
0.93474903	 -3.11660678	 -1.84489654	 
-4.06911225	 0.45346405	 -5.33683610	 
-0.98394610	 0.28649522	 -5.46212884	 
-2.91568082	 2.46679449	 3.25936972	 
-4.39052324	 -1.74270606	 -4.19471279	 
0.61905519	 1.65405510	 4.52549543	 
-1.67369397	 1.79134857	 2.15985619	 
-2.54356951	 -1.91167077	 4.87772163	 
-3.60314157	 1.51904486	 4.75671310	 
3.06330897	 1.14240286	 4.02805010	 
-2.60017823	 -0.55610758	 -3.41425765	 
0.50073160	 -4.46420078	 5.25157798	 
-0.84616364	 0.67744813	 -4.10878617	 
-1.57809145	 -3.15571280	 3.44712236	 
-0.45801346	 1.25762064	 3.14708589	 
-0.63092606	 0.58610700	 1.49968625	 
5.39874023	 2.68973412	 -3.13903052	 
-0.96666137	 0.41465980	 4.36090596	 
-0.49377813	 -0.74456619	 -6.53757350	 
1.08157087	 -3.07013039	 5.54517887	 
3.08550909	 3.72826149	 -3.10547847	 
0.75764129	 0.82824959	 2.92011981	 
-0.43648292	 6.06852985	 8.44800134	 
-0.61516777	 3.97246877	 5.87514264	 
0.95988973	 -3.63494579	 3.00050935	 
-1.65569098	 0.20185586	 -2.65579106	 
1.05260496	 0.49676647	 3.77348348	 
-0.17379331	 -0.34792830	 -3.51752628	 
0.29375706	 1.31779944	 2.20961458	 
-0.14534900	 0.69605821	 1.45743951	 
-0.35492470	 -2.89466449	 4.70021998	 
-1.39483751	 2.65276602	 -8.73791668	 
0.44845338	 0.97787707	 2.11064386	 
1.31255675	 0.08142090	 -1.97354515	 
5.68302383	 -3.73943162	 -2.74452489	 
-0.80968205	 0.07466717	 -4.72836533	 
1.73234515	 -0.31805118	 -1.88868522	 
-0.44467125	 0.48735448	 1.43548774	 
2.83731711	 -1.80465978	 2.34340555	 
1.80879384	 -2.56930062	 2.71081175	 
2.21595532	 -1.86561723	 2.32981469	 
-4.12400722	 -2.06157998	 -4.82515194	 
-1.90275825	 5.96063883	 -3.70962132	 
1.60355171	 0.17183377	 -4.49449193	 
1.77353282	 -1.94680828	 2.47352496	 
0.47423954	 -0.01561810	 0.47876130	 
0.47358454	 0.09594197	 5.26303116	 
2.00077823	 7.61275922	 3.44256561	 
-3.43392811	 -0.27331245	 -4.04944223	 
-1.50371294	 -3.05247857	 -2.81543708	 
5.29502964	 0.82864112	 3.00572291	 
1.76829794	 1.10593076	 -1.38909764	 
-2.03114320	 -0.26335333	 -1.03272147	 
-8.13244911	 0.24456630	 6.75746862	 
-1.74049722	 2.84357462	 1.62258263	 
1.91160480	 0.25210039	 12.60795141	 
-0.28383290	 2.99620871	 4.06109959	 
2.16978862	 -1.44921957	 2.89571948	 
-1.42939973	 3.67346394	 3.74777574	 
0.37384390	 5.07704144	 6.50112399	 
4.00127898	 -0.42502471	 -6.96209975	 
3.62682653	 -2.60298095	 2.14453302	 
6.07498741	 1.68764457	 -4.94605145	 
2.27748865	 2.78960072	 -2.47492104	 
0.96238982	 -1.38195023	 -3.46416553	 
0.11658719	 -5.29321711	 -2.95337582	 
-2.00693469	 0.93018947	 -5.01500945	 
0.18720952	 0.92414408	 -4.46362175	 
-1.03215876	 1.60500244	 -3.09310236	 
-0.97354141	 -3.46607098	 -3.45593616	 
0.87597979	 -4.86520914	 -3.43086068	 
2.74334148	 0.02799754	 -2.55589265	 
1.23000790	 1.01782177	 -6.97223626	 
0.74910998	 -0.89149588	 -1.00863290	 
-3.36856173	 -2.19557681	 2.68158564	 
0.55902089	 -0.36182119	 2.79978437	 
-3.04811527	 -1.33155844	 0.35260468	 
-6.86015195	 -1.54495487	 -3.53863034	 
-0.02458705	 2.08851314	 -3.47915368	 
0.05508046	 0.36823602	 -2.37131466	 
0.64632408	 -1.40672864	 1.77354536	 
0.82848250	 4.30666868	 2.57544914	 
-0.60447466	 0.83570270	 2.50673098	 
-0.56861536	 -2.68639844	 4.68999634	 
-4.60557708	 -1.61752874	 -7.10916793	 
-2.09537269	 4.27665723	 -3.52014673	 
-1.91843852	 2.88881999	 4.17246274	 
0.42905871	 6.52296568	 3.90375637	 
-0.54276013	 -1.17349629	 -7.86050804	 
0.17568366	 3.27609695	 -3.41979644	 
1.34617529	 -0.48896744	 -5.28930391	 
-0.56181999	 -0.28984399	 -0.58582895	 
-4.76608037	 -4.02682551	 2.76196110	 
-1.29109605	 3.03337653	 -4.15838186	 
1.84156262	 -0.70490000	 -4.41506552	 
-0.93349242	 -1.33112664	 -3.19730898	 
-5.42634989	 -1.23121035	 -1.60069900	 
0.75122486	 0.95170801	 -2.98443023	 
-0.58416764	 -0.93683769	 6.59906797	 
1.73441117	 1.02682806	 -0.97855978	 
0.80952430	 0.74454849	 -4.75414928	 
1.62278912	 -2.87991848	 -3.51912737	 
-2.42816546	 0.59211500	 3.12266480	 
-0.99524416	 2.89425049	 -7.38475626	 
0.93143566	 -1.62474413	 -1.23131265	 
0.62377347	 -1.83515436	 -3.07705623	 
3.20581610	 -0.58396254	 2.89291207	 
-3.11307798	 5.53766497	 -5.03250463	 
0.69876771	 -0.33172431	 2.00409144	 
-2.51386568	 -1.44038541	 -4.02796865	 
3.09708542	 -1.87543181	 4.60777622	 
1.79661400	 -3.17525058	 1.21535981	 
1.42286028	 0.13801660	 -2.09453862	 
-0.30816795	 -1.38655196	 -1.20580772	 
-0.09787142	 -1.19671840	 -4.40501949	 
0.30375963	 -0.23675218	 9.58022806	 
2.47791122	 -0.47343765	 4.63746839	 
2.73710210	 -2.64848526	 3.93854145	 
-0.35077556	 -0.71845865	 3.01794158	 
2.94733216	 0.17494549	 -6.35098152	 
-0.69612471	 0.93265594	 -1.62963427	 
0.35336697	 -3.60392584	 -4.95882420	 
3.02010105	 -1.30752545	 3.23190425	 
-1.52888416	 0.98284428	 4.95529360	 
1.23612348	 1.38531601	 -1.58934517	 
-1.14818145	 0.40999695	 -1.92837366	 
-0.14587829	 -0.06916039	 4.75140398	 
-0.41119725	 -0.45366625	 -1.71171961	 
2.30558284	 3.41317185	 -1.86205436	 
-2.09030024	 4.55854658	 6.22321471	 
5.34292964	 -0.46344481	 -5.34536597	 
-3.35404343	 2.96266788	 4.43353384	 
-2.57965351	 -1.10284361	 -1.84732120	 
1.86698213	 -0.48441391	 1.51410103	 
3.91879061	 -2.63914368	 -5.22444813	 
0.78519063	 -2.50307919	 -1.79719095	 
1.74966143	 0.51135031	 4.06478381	 
2.80573873	 -2.95530258	 3.58570422	 
-0.75468516	 -0.99599266	 0.76409937	 
1.45382930	 -3.10042702	 -2.99373529	 
3.35637002	 -1.47345513	 -3.09292597	 
-0.38970915	 -1.35767266	 -2.58640027	 
1.76988134	 2.15478438	 -7.52987501	 
-0.19338006	 -5.22517449	 -3.72252092	 
-1.30475917	 -0.02266001	 -2.03054496	 
0.34202366	 8.73369209	 -8.20134089	 
0.32759711	 -0.39483567	 -1.73157719	 
3.27379741	 1.54426659	 -6.50271734	 
0.62779041	 -1.21712199	 -2.09079852	 
-1.06988394	 -0.02140695	 -5.53910783	 
-3.68550986	 -2.14950326	 2.85822239	 
-1.94479664	 -2.54951748	 4.07446321	 
1.96685525	 -3.55087584	 4.30999171	 
2.30911554	 1.03200924	 3.65976083	 
2.01998492	 -2.54823422	 2.02496064	 
1.71342635	 1.78802227	 1.81925877	 
1.35246184	 1.51489351	 -7.77220826	 
0.27593114	 -0.70909799	 -3.47532932	 
-0.18625784	 1.03213278	 3.32805815	 
2.52603993	 0.97286633	 -6.95048039	 
1.28669831	 1.23771275	 1.84967623	 
0.32976126	 2.35927217	 1.41963175	 
1.34481583	 -0.55380065	 -3.95825677	 
-1.84088933	 2.13314459	 -2.45737934	 
-0.93070891	 -2.58451841	 2.55299972	 
2.06451195	 -0.57910969	 -7.87629747	 
-1.82956152	 0.31534247	 2.46304278	 
-0.40266536	 0.39242192	 5.40274358	 
0.92922730	 0.37069487	 3.63023919	 
-1.76821954	 -0.97346347	 2.29178370	 
-3.16290393	 -3.71258540	 -5.69460280	 
1.99450308	 0.89443336	 -1.33702594	 
3.30286514	 -0.03506370	 -3.56059523	 
1.16773167	 1.00646764	 -2.75166073	 
2.21636632	 4.88991741	 -4.88504438	 
0.90250549	 -0.18828673	 1.32826662	 
0.03190334	 -0.19678131	 -2.62617476	 
3.63740127	 6.40113525	 5.15334036	 
-0.23886218	 1.75105647	 1.05736363	 
2.76328132	 -2.32364364	 -11.62628228	 
0.40765426	 -3.10487678	 5.66770427	 
0.91183559	 -1.69390818	 5.70827350	 
3.67534938	 -3.90195962	 3.02225966	 
-0.03995777	 0.28643042	 -3.60617668	 
-4.31422991	 2.95329193	 -6.18702326	 
2.79410019	 -1.20917332	 2.61644136	 
-1.34901489	 0.52979696	 -2.44903245	 
-1.18545269	 -0.72384223	 -1.18388673	 
1.66143212	 4.13004226	 2.20474813	 
2.13092055	 -1.47466218	 1.72165467	 
-3.08726135	 2.86175069	 -6.49911543	 
-2.50317347	 -3.68077233	 4.61711553	 
3.83387484	 2.45355844	 4.18512043	 
-0.78333601	 -1.71211048	 3.85281640	 
1.98561072	 1.78054302	 5.10413471	 
1.34493051	 -1.47024345	 1.84030152	 
-3.41246849	 -5.77439150	 -2.49415154	 
-1.43913387	 3.85935503	 -3.17773801	 
-0.60216878	 -0.43676946	 2.22631616	 
-2.34009599	 -0.41090921	 4.80420832	 
-0.50302861	 -2.29229938	 -4.56361800	 
-3.05766185	 2.05391029	 5.55658797	 
-0.88942870	 -2.47169790	 -3.44782324	 
0.47873640	 -0.76413868	 -1.96106716	 
0.93456328	 -0.90255992	 3.00241235	 
-2.29910097	 -1.50861456	 1.99441890	 
-2.81014601	 -1.25127690	 3.17620303	 
-0.22805227	 2.57456139	 -4.32966587	 
1.76431375	 0.16062778	 2.97141183	 
-2.27284374	 7.74319664	 -8.00057153	 
-0.46982190	 1.15913886	 -1.24591141	 
-1.07624684	 4.53502046	 -5.65505298	 
0.33894961	 -1.39683596	 2.00087225	 
2.86559938	 0.05219044	 0.89522927	 
-0.50105440	 1.14351457	 -1.50748492	 
-1.01596647	 -0.16551006	 3.10443105	 
0.25807157	 -4.94480547	 4.09276592	 
5.60974540	 0.46284522	 3.27927188	 
-1.16688003	 0.74533157	 5.48298398	 
0.63779071	 -0.90277470	 1.44571961	 
-0.47555081	 -0.06081489	 1.82294333	 
2.29610937	 -1.19938702	 -1.56095616	 
0.01704884	 -0.27487657	 -3.21757701	 
2.27291118	 -0.14666945	 2.99721309	 
2.01610093	 -0.01534419	 -6.18733995	 
4.93186441	 -5.54545621	 -5.35833318	 
0.50545793	 2.95608586	 -1.64486482	 
3.75060174	 -0.98719794	 3.75593499	 
-1.24973494	 -0.64479625	 2.69032429	 
-7.54667371	 -4.01776625	 -5.91776777	 
0.06627451	 1.14755360	 5.55309089	 
-1.96486120	 -0.32701269	 1.48530489	 
1.96321594	 1.85645863	 -4.36390569	 
-4.40565119	 0.83326111	 4.00342138	 
-3.21275276	 -1.24495582	 3.07399262	 
1.43911558	 -2.99307680	 -1.62440211	 
4.13741825	 -0.86849793	 -5.07393368	 
-2.85643419	 1.86683928	 -6.38138512	 
-0.32478282	 -0.87368335	 4.60359300	 
-0.31786605	 0.94336882	 -1.59108225	 
0.22518818	 -1.38455115	 -2.01535906	 
-1.87431000	 -2.73665849	 -2.25471801	 
-0.18877508	 0.41058250	 4.90322831	 
-2.78139456	 -4.86502493	 -4.56122700	 
-0.88066060	 -0.81192270	 1.59153930	 
-2.30811213	 0.39538727	 -7.54931371	 
-1.46025950	 -0.82450818	 -0.52547030	 
0.80460361	 -0.45748263	 2.46316112	 
5.72161112	 2.47388416	 -2.53961411	 
3.23199722	 0.74274472	 3.40507478	 
-2.82605654	 -3.56368730	 4.89161440	 
-0.87987407	 -2.94974788	 1.77692647	 
0.56506765	 -3.26397597	 3.53132036	 
0.79485537	 0.17881047	 -1.96599523	 
-5.15906880	 -2.80991643	 1.67722013	 
-2.23903166	 0.20869753	 1.63642914	 
1.32716421	 -2.27294380	 2.35632262	 
-3.79990719	 2.98219371	 6.65109195	 
-0.89380821	 -2.40041008	 -6.16033171	 
-4.50070118	 1.12018088	 -5.45686333	 
-1.14278292	 1.66446144	 3.96355144	 
1.96810905	 0.45472972	 -1.45126034	 
0.08525837	 -0.26905401	 -2.94289993	 
1.85438117	 -1.99329060	 1.87540586	 
1.46622329	 -1.09920518	 3.39183300	 
2.23767218	 1.12857543	 3.37012984	 
-4.40191473	 -1.12321722	 -3.21327320	 
-0.24783067	 -0.10714605	 3.23238861	 
0.07028938	 -1.76690873	 -3.07349175	 
-1.89038524	 0.82709975	 -2.30783257	 
-2.12734741	 -1.93417134	 -1.93973046	 
-2.67706592	 2.18704859	 3.41760777	 
0.83181762	 0.38891953	 5.58556067	 
-1.42349994	 -0.10086661	 1.11640126	 
-0.13403483	 -0.73941637	 -1.87742662	 
2.60418806	 -1.54894700	 4.96219007	 
7.19627792	 -3.16861487	 6.86436826	 
-3.95071475	 -1.00455262	 -7.63464071	 
4.03369605	 3.40737542	 -6.20326282	 
-5.08336066	 -0.46465563	 -3.46433468	 
-2.17277015	 1.19241326	 7.20964517	 
-1.86849781	 -3.24183232	 -2.64228693	 
0.67605802	 -1.54573575	 -7.23036236	 
-0.79384167	 1.80117714	 -7.69086115	 
-0.24093281	 0.82408502	 2.08852556	 
4.60492280	 0.58400625	 6.99688095	 
3.98440960	 -1.18878224	 -2.21632488	 
-2.81532135	 0.35147285	 3.79937495	 
-1.22100081	 0.89852596	 3.24238201	 
-4.43999293	 3.45064159	 2.78363764	 
-2.27721016	 -3.17960324	 -4.84896473	 
2.06683698	 2.02014703	 8.25966724	 
2.15965977	 2.62004545	 -2.95604314	 
1.42641778	 -0.38527717	 -2.84009585	 
-0.93189845	 -1.06512417	 2.42310276	 
2.07825169	 -1.40904401	 -2.84770885	 
4.37257083	 0.70645491	 -3.04429871	 
-0.01942093	 -0.21222783	 -1.06576718	 
3.47443670	 1.34630103	 -3.60686520	 
-5.23144471	 -1.31078149	 4.97631556	 
4.81694299	 2.43539175	 2.40102549	 
0.80794424	 2.01056905	 5.30456601	 
0.53016346	 -0.36340034	 3.43170501	 
0.26715918	 1.13155339	 -4.40234781	 
-2.94813311	 -1.17575125	 -5.35931449	 
0.00301306	 -0.67175218	 2.02896409	 
3.50771533	 -1.05566996	 4.27366864	 
2.25250076	 0.35840297	 -3.89075321	 
-1.70572126	 -1.63300085	 -6.47513231	 
-4.36586097	 -2.17008595	 5.94028984	 
1.68999932	 -1.35528411	 4.52242694	 
0.21093945	 -3.74782598	 -4.69280559	 
5.68006984	 4.38311994	 3.82931542	 
-1.86490650	 0.21672572	 4.04313860	 
-2.40960492	 0.18493308	 3.26961289	 
6.02998771	 -6.47299585	 2.78305366	 
-3.57434243	 -0.48255409	 4.59378500	 
-3.63432626	 1.84112657	 -7.87618036	 
4.17569459	 0.14701084	 2.58677853	 
-2.09783779	 -1.29833933	 2.30619871	 
-0.49652713	 3.67139663	 7.46613055	 
0.15491620	 1.19809249	 2.71794830	 
1.14917905	 -1.85238965	 -3.59335994	 
1.58162720	 2.35104863	 8.68626019	 
-0.04471610	 -0.81964503	 6.67047733	 
-1.09290627	 1.35305603	 4.64975835	 
-2.04006418	 4.48640870	 -5.33311562	 
2.66060383	 -7.14097455	 -3.85310729	 
-0.43150293	 3.43823372	 2.56192672	 
3.92465379	 0.27970922	 0.92504266	 
-2.31535501	 -0.76507476	 -4.03360736	 
0.13738360	 2.71918499	 2.48557931	 
-0.15146867	 3.05254187	 4.60991013	 
-0.58665812	 2.48003563	 -2.35093053	 
0.69717796	 0.29913864	 3.77730186	 
3.40727892	 6.95999267	 -2.81000412	 
1.07469033	 0.52335989	 3.40163528	 
0.51556604	 -3.02823890	 -3.64438224	 
-3.20479106	 -8.35617978	 4.35843169	 
-0.50272063	 7.38516089	 3.34516577	 
0.86579830	 -1.16101387	 4.29538601	 
-1.98439758	 -0.52065420	 2.14646601	 
1.06054496	 -4.11243823	 2.31935762	 
-2.92510562	 -1.78247222	 5.29327287	 
-1.14726185	 0.40205867	 -4.31947460	 
1.96879678	 -1.24515122	 -4.18152153	 
0.65244206	 0.12415220	 -2.96140109	 
-1.59099280	 -1.32773544	 -0.46992294	 
3.40318896	 0.33063780	 3.92191828	 
-0.09014415	 0.53300414	 -3.07090453	 
-0.47393727	 -1.20457042	 -1.72892674	 
-2.73377246	 5.08968127	 -4.17994421	 
0.41728902	 -1.27425158	 -0.34689492	 
-0.89190505	 -2.69924137	 2.07917082	 
3.97992051	 3.76266616	 7.96192050	 
4.65544651	 1.65799603	 -5.97581114	 
-3.31115695	 -0.66239444	 2.75208618	 
0.19994023	 -1.25582717	 -5.34936219	 
0.18428853	 0.04180836	 -5.11241824	 
3.67728873	 5.27032307	 4.92121127	 
-4.85555411	 0.97258036	 4.42967923	 
-0.77283315	 0.76331340	 3.19125569	 
-2.26202026	 0.89330233	 1.59554795	 
-0.91786374	 -0.62807699	 1.92339022	 
0.98484682	 1.81850183	 2.67736023	 
-6.80864444	 -9.40371287	 4.13693807	 
0.40054560	 0.84414022	 3.04937161	 
-0.50455225	 -1.45823506	 2.35781545	 
0.62870013	 1.73308169	 -1.88274342	 
-0.79891105	 2.84251239	 -2.11157073	 
-0.26597205	 0.87554608	 -2.08705989	 
1.84483258	 4.90596959	 -2.00009898	 
4.07579098	 0.89308012	 -7.04357116	 
2.20024309	 -0.87285472	 -7.22684233	 
1.28338197	 5.47605964	 -3.02958175	 
4.14484215	 2.69208214	 -3.37851511	 
-5.92685120	 -0.65731451	 4.35450822	 
3.95970011	 -4.87943568	 3.31394398	 
-0.07355362	 0.87801836	 -4.79370031	 
2.50423775	 0.89237246	 7.96290714	 
-0.70391124	 1.01078065	 2.38695393	 
4.15369580	 -2.76867893	 4.91556076	 
-1.01002320	 2.62781177	 -3.58767281	 
-0.39494296	 -0.54181950	 4.39145151	 
1.56978495	 2.28973047	 2.95434116	 
-5.54378240	 1.95833317	 4.90208170	 
-0.68574085	 2.52875590	 7.52750880	 
0.99594810	 -1.15634552	 -1.01537872	 
3.17638512	 1.87686386	 -3.64488419	 
-0.48114385	 2.42623490	 3.01250869	 
0.92296320	 -1.64676933	 3.54664019	 
-3.44193117	 -4.01915516	 -4.50170943	 
0.79136909	 0.54217361	 -1.91896508	 
-3.17243350	 1.25093181	 -11.66422491	 
5.13941460	 -1.84078940	 -4.51238343	 
-1.47249472	 -0.37607443	 -1.16764506	 
2.26167009	 -1.88137871	 -2.05053317	 
3.34677773	 -0.34784563	 3.49881614	 
-1.48847242	 -3.24220885	 2.45106463	 
-1.60035526	 -3.58947107	 2.56304074	 
-3.54536099	 3.84646473	 5.23690071	 
-1.26635248	 3.30706244	 4.22750885	 
0.87970020	 -5.62294415	 3.86061161	 
-3.76887457	 3.14998397	 -3.17923465	 
-2.97617203	 -0.61123044	 3.44600269	 
3.15730750	 0.98731567	 3.71231246	 
4.01682752	 4.61282035	 6.84312356	 
-0.92277958	 -0.63046766	 -3.68722923	 
2.44326893	 2.14545036	 5.93579711	 
1.24530248	 1.50527476	 -4.15054434	 
0.96882208	 0.92894825	 -2.02168834	 
-0.91912250	 2.83567002	 3.34824838	 
1.04933920	 1.08754701	 2.22885228	 
-2.15651816	 -2.61916478	 2.00302198	 
0.55044137	 -0.60359774	 1.41372122	 
-1.10798154	 -0.81261244	 5.55085129	 
-0.47869876	 0.27865680	 0.94303122	 
-4.17800958	 -2.75304630	 -2.54438241	 
-1.07965257	 -4.83224456	 -1.64933969	 
-0.81436315	 2.20847978	 -4.30927637	 
-4.10631541	 1.49563772	 -3.99654249	 
2.39999464	 -0.22158450	 2.74133013	 
1.48914784	 -0.64581461	 4.97457479	 
-2.98100292	 -1.57775425	 2.14144072	 
0.37871749	 2.37160481	 3.36802716	 
3.20520661	 -0.49948415	 -2.91465993	 
3.74304958	 -3.61123473	 -5.32433307	 
2.34894746	 -1.93323609	 -3.51029447	 
-4.38226683	 4.50121374	 2.76019908	 
-1.83869999	 -1.14659497	 2.67920493	 
-3.16778602	 0.74944489	 -3.92638095	 
1.85311086	 -1.31604115	 -2.31935635	 
2.05624544	 2.29185889	 2.78892611	 
-2.19056270	 -1.33650202	 -1.61979379	 
1.54060870	 5.12893793	 -1.76811138	 
-4.86213670	 -1.71068143	 -3.30249044	 
-1.17453048	 -0.31611545	 -2.11110467	 
3.49008006	 -4.04101067	 5.70474099	 
-0.41823456	 6.66487989	 -3.96749328	 
-2.64265067	 -0.20103001	 9.77138554	 
-2.30524278	 -0.97617679	 2.08044179	 
-10.33486153	 2.66516649	 7.19413428	 
-1.28725817	 1.10923796	 -3.06054374	 
-3.74023015	 0.80280239	 -2.75578139	 
-1.08862851	 -2.68323191	 -5.80066656	 
-1.79723741	 -2.60392236	 1.45406688	 
-1.39531223	 -0.62148043	 -5.13524827	 
2.08653664	 0.26126122	 -2.12563210	 
-0.10527947	 -2.91896180	 2.56431364	 
-1.86726140	 0.32668329	 -5.77068619	 
-4.43995838	 5.97543935	 -5.49123024	 
0.35515475	 -6.74011555	 -5.38012462	 
0.33812891	 0.93932533	 1.58025448	 
1.35074054	 -0.28427360	 1.92431070	 
1.17527144	 -0.86923508	 -4.99724629	 
2.69364743	 4.08729691	 -4.91515747	 
2.36627645	 -0.84666249	 3.86258698	 
-2.67344544	 -0.41721989	 -2.15610047	 
-2.72649207	 1.44764852	 -3.85034357	 
3.65935190	 -2.50929005	 -7.61518535	 
0.20164858	 2.99002307	 5.17996148	 
3.71903145	 -1.02148157	 6.46699919	 
1.77470407	 2.77265709	 -2.40414745	 
-3.17819423	 -3.48967738	 4.60265970	 
-1.43428189	 -0.90753087	 3.14064615	 
0.59120337	 1.18205797	 -4.80409006	 
1.30487518	 1.69368833	 -6.87374510	 
2.60213477	 2.71471948	 -3.28456611	 
-0.41864594	 2.98945245	 -3.81838523	 
-2.66200557	 -2.07977123	 3.50239521	 
-4.79505097	 -0.21245162	 2.13405893	 
-0.66836019	 5.35069541	 -4.50515542	 
2.73111566	 0.24160489	 -3.75822832	 
2.25991954	 -2.45735590	 2.75445415	 
-0.16955123	 0.94079137	 4.07450440	 
1.20355255	 1.26120837	 -2.05295579	 
-0.16256545	 1.41283993	 -1.90746703	 
1.14539498	 -6.56587565	 7.54745220	 
-2.55574290	 -0.07843662	 3.00207399	 
3.04880060	 -0.61138392	 -2.39478994	 
0.22914297	 1.15075152	 -4.01595450	 
3.74504767	 -3.59333395	 3.38430196	 
0.82250728	 -0.72225335	 -4.78436939	 
0.18895540	 -0.36814286	 -5.21071311	 
1.74268390	 1.46278053	 -4.04104449	 
-5.53447731	 3.74129969	 3.78576872	 
-2.57572171	 -0.73868202	 1.96293405	 
-4.18709869	 1.27735297	 -2.09598728	 
0.11115375	 2.45074779	 -3.99586065	 
1.74736429	 -1.71335431	 -3.53697676	 
-0.17053654	 -0.26397876	 1.94193646	 
-0.27819632	 2.31895438	 7.89679921	 
1.00010874	 2.04985636	 -1.29741676	 
-3.82324181	 1.27379775	 3.29130162	 
-0.10402425	 2.63196339	 2.48059510	 
-3.14013917	 1.11618670	 -5.27100640	 
2.33099841	 -1.10440639	 -3.86544089	 
-1.95182540	 -1.52276620	 -7.79760632	 
-0.64962537	 0.97996050	 4.17560086	 
0.78269979	 -1.43631112	 0.93198346	 
1.14578891	 -0.36076783	 -7.84546601	 
0.21545811	 -2.23358691	 -6.15782297	 
-0.08470975	 0.71089990	 -2.07880869	 
0.14213273	 3.82681433	 -9.39271669	 
0.04806101	 2.45735948	 -2.17710079	 
-2.89097864	 1.51477296	 3.02390918	 
0.26101362	 0.90436743	 4.84159750	 
1.29912577	 -1.46581799	 4.77751880	 
-3.56021146	 0.09499632	 -5.57182978	 
1.11604008	 1.01356094	 2.09054771	 
-1.44664343	 -1.33894663	 -2.92696538	 
-3.20982312	 6.00296723	 2.14232222	 
-4.15951840	 -4.25035392	 -1.64250567	 
3.69673011	 -0.40184556	 -4.32889311	 
0.58580756	 -0.18041010	 5.57867651	 
3.18531661	 -1.52568326	 5.21225356	 
0.11041599	 1.54292164	 1.23767061	 
-2.06631427	 5.95260444	 -4.42472018	 
1.40682730	 -0.28097428	 -3.99108547	 
1.48234438	 -2.71696258	 -7.52822864	 
0.16413461	 -1.53625789	 -0.78338793	 
-0.17030751	 -2.98617794	 1.97482695	 
4.42672465	 2.65524819	 4.60931706	 
0.96077258	 2.71872686	 -2.18462097	 
0.97208118	 0.44519368	 -2.11367514	 
-11.19525796	 -1.39409433	 -4.37526547	 
-2.18030839	 -1.30804868	 6.59357327	 
0.76768751	 1.78085687	 -3.77076002	 
-4.93338208	 0.72357524	 2.88196024	 
6.94904604	 1.09635188	 -3.21923301	 
-0.27356670	 0.92129183	 -1.77003069	 
-1.17784864	 0.58895207	 1.34330385	 
-5.72293089	 -1.29302181	 3.98696695	 
-6.74486634	 0.30520781	 -1.64034418	 
1.52371847	 1.21623754	 2.72995629	 
0.48425935	 -2.99445302	 -2.29050573	 
-1.58501247	 -0.23888875	 2.09408271	 
-0.15811427	 -3.38722526	 3.58183278	 
1.09978918	 1.64183162	 5.14078626	 
2.57563924	 -1.53148868	 1.67562832	 
2.13877161	 0.89284981	 6.16552853	 
2.14110813	 -0.13901745	 -7.14302004	 
-2.69379730	 3.54280500	 1.62545524	 
0.42466526	 -0.87519892	 6.84141998	 
-3.31441862	 -1.43894116	 7.34811889	 
1.05347337	 1.36368132	 3.92248777	 
0.32578529	 -1.34683248	 3.48336143	 
2.32877390	 1.62190478	 2.01036746	 
-2.01498867	 0.78250428	 -3.16138058	 
2.72326624	 3.71876836	 -3.53305854	 
0.49060818	 5.12929522	 -2.33217059	 
1.68430945	 -1.51923001	 4.49163593	 
-1.26369779	 -1.88140053	 -3.57457043	 
2.48610165	 0.11559406	 -3.61334236	 
-2.28425914	 0.71398896	 -2.32934514	 
-2.29658844	 3.01675494	 2.88790008	 
0.86135277	 -0.43964999	 -0.49207578	 
0.00733973	 3.33048709	 -5.60026980	 
1.78485960	 0.35638928	 -1.43646029	 
-0.96932104	 -1.37815097	 1.97783351	 
0.63081785	 -0.22749604	 -2.20134480	 
3.17791576	 1.50520478	 -5.60080734	 
-0.15564144	 0.32670102	 -2.13874934	 
-1.09706509	 -0.45277211	 1.05210208	 
0.69839244	 -2.23721116	 5.18378595	 
-0.17813536	 -0.90771107	 2.93546212	 
0.32242281	 0.54989488	 -2.12650348	 
-0.09157783	 0.80327146	 4.65593219	 
-1.12945172	 1.30266203	 -2.61481547	 
1.15188143	 -0.73051402	 3.80400224	 
3.21572023	 2.06669493	 2.25063879	 
-0.18651714	 -2.55351191	 -2.63273418	 
-0.87875672	 -2.79376121	 -1.68121667	 
-3.09854292	 -5.87985234	 3.23163148	 
0.24357820	 -2.66877389	 -3.86534261	 
-3.68978433	 -2.71746699	 -5.76511768	 
-0.34129943	 -0.39712342	 -3.99171170	 
-0.80288632	 1.45908216	 -1.62828478	 
0.87356609	 0.96729101	 5.24337328	 
-0.16481447	 -1.19959146	 3.57890008	 
-2.07701288	 -0.27843323	 -2.62602407	 
0.88337016	 0.64165533	 -6.19448479	 
1.58713702	 3.01476573	 -2.70990487	 
-9.76072849	 0.11292606	 2.12502966	 
2.22979822	 -3.38842668	 -4.97519605	 
0.06653240	 1.06451844	 -3.04461703	 
-4.68003197	 3.07791134	 11.51438605	 
0.28863112	 -0.25538131	 3.77485838	 
-6.01808260	 -0.60074872	 -3.12963656	 
-2.47936119	 3.86473607	 -5.80685913	 
-5.85530756	 0.29155572	 -5.45837763	 
3.05292129	 -2.43534737	 -0.83370845	 
-0.27410277	 -0.48414786	 -1.07846402	 
-0.98347549	 3.42821187	 2.54443083	 
2.51086725	 2.03278614	 3.65576942	 
-0.98022349	 1.98220378	 4.34512963	 
-1.77005321	 1.18255600	 2.46571448	 
0.69833000	 0.75998452	 2.28866036	 
2.55191371	 1.89140810	 2.96884723	 
3.23124551	 -4.83817893	 3.17864052	 
1.11987107	 -0.04859247	 1.21555600	 
-3.09738593	 -2.44938969	 3.88243628	 
-0.60860201	 1.34886279	 -4.21163715	 
-1.55313288	 0.96020161	 0.50242244	 
-0.57207186	 4.07404768	 -7.74192980	 
-0.26231160	 -0.04752386	 -4.95978046	 
-4.85275038	 -1.80300328	 5.44292598	 
0.82993508	 -2.77978026	 3.19931018	 
-1.95896585	 -1.71365932	 2.61753260	 
1.25745061	 0.71691783	 -3.48584241	 
-0.46741243	 -3.72115375	 4.93542369	 
0.81929268	 -1.40179894	 -2.04587227	 
5.38354786	 1.70013410	 -3.08580415	 
2.30105379	 -1.34321084	 -7.71334052	 
7.34492802	 0.09000346	 5.96822898	 
3.06473395	 -0.48429620	 -5.47647793	 
0.71595869	 3.88863195	 4.99760741	 
-2.71153744	 -0.66465872	 5.74262190	 
-0.71549126	 1.42155928	 2.68710371	 
0.06370669	 0.14425457	 -3.20339671	 
4.18265463	 -2.32661299	 2.53081142	 
-0.58124902	 -0.97525516	 4.14091345	 
6.13413620	 -4.32100658	 -3.85816030	 
-1.55691483	 -0.41241623	 -0.13747995	 
1.96003584	 -3.80071647	 3.68741673	 
0.84538059	 -2.87778698	 1.27980446	 
1.17164463	 -2.84733937	 1.56594227	 
-0.59190550	 -0.71906302	 3.89157436	 
5.05858983	 1.27342090	 4.38889398	 
2.91850016	 -0.35021384	 -1.31378802	 
1.60263619	 -0.91999675	 -2.98572164	 
2.04951573	 -1.22138098	 2.85101064	 
-4.91665286	 4.07851288	 7.91361328	 
1.98331564	 -1.48098251	 -4.30182783	 
-1.41057963	 -1.74212632	 -2.02764380	 
-0.23302801	 -3.15911367	 2.57540438	 
1.11639059	 -0.46022044	 -1.71858841	 
-0.50948295	 0.89805054	 1.81769289	 
-0.12564820	 1.40681802	 -1.93387770	 
-0.35990966	 -0.43397014	 -1.05080315	 
-2.05316213	 -0.12207510	 -1.22157376	 
-4.76890471	 1.32766442	 -4.45641900	 
3.31788053	 -2.04327458	 -3.09382503	 
1.17529199	 -2.65267672	 -5.82318128	 
-2.89505913	 -0.31456384	 -3.67579020	 
-1.70483327	 0.42702383	 1.90650855	 
1.52875684	 -0.13825957	 3.07510498	 
2.85167371	 4.89625055	 5.13705565	 
2.29533460	 -2.63375397	 3.17117937	 
0.59559327	 1.77739459	 -2.23489655	 
0.29877700	 -0.53573008	 3.08435334	 
-1.67293037	 -0.37219160	 -3.14483876	 
-3.17232860	 0.72760610	 -0.64221894	 
-0.54356912	 -4.09323793	 1.82544147	 
-0.95403510	 -3.27471102	 2.07177443	 
0.03157959	 5.72501212	 4.49111673	 
1.78010435	 0.33280770	 2.65066744	 
-1.47002873	 1.52502115	 3.32567188	 
3.11251481	 -0.51993809	 -4.19826385	 
-2.47892183	 -1.18367021	 3.72521588	 
-3.77206290	 3.77742742	 -5.31780652	 
1.79375463	 -0.38576049	 -7.23683278	 
-1.03831980	 2.23545374	 5.80282900	 
-2.08429796	 -5.41704504	 4.49341695	 
-0.13779931	 2.05736673	 -3.75623469	 
-0.55791737	 1.98790453	 -3.45855324	 
1.98367665	 0.03480335	 1.89627339	 
-0.83799100	 -0.23865217	 -1.35417837	 
3.09147028	 -2.50478118	 -6.13103173	 
2.87154157	 -0.50224195	 2.98764124	 
0.53856280	 0.96378380	 6.89501432	 
-3.42254234	 -2.73372520	 -3.96631567	 
-1.09540289	 0.05234992	 2.70264162	 
-1.07092052	 0.20002008	 -8.44671512	 
-0.78685779	 0.51835138	 -1.20143711	 
0.57846917	 4.54313204	 8.52054916	 
2.20201838	 -0.25510767	 2.08820432	 
-1.03537150	 -2.99043721	 -2.26580344	 
1.04618442	 3.86742339	 1.85742161	 
5.24687629	 4.69834378	 -2.23585853	 
0.92599172	 -4.97670646	 -4.19112314	 
1.56942605	 -0.94879318	 3.01223671	 
-0.76248553	 2.78283735	 3.37741919	 
-0.60011939	 -0.41652049	 -1.43564437	 
0.58351141	 -0.76775662	 7.07666512	 
-0.95233939	 -1.10604748	 -1.03302225	 
0.10976213	 0.61000896	 -2.50148624	 
-0.24539930	 1.71954045	 -2.86235469	 
4.88783972	 1.96013005	 -6.00879591	 
-1.76070627	 1.08431240	 -2.68155626	 
-3.51245287	 2.75119685	 2.49869766	 
2.44018597	 1.78160542	 4.00400129	 
-1.79185063	 1.87771420	 4.81751384	 
3.88423944	 3.87291341	 -3.42785596	 
2.19759750	 -3.25580998	 -3.56823380	 
2.64964144	 2.62333420	 -1.22979672	 
-2.25551680	 -3.78856534	 1.67926231	 
0.79362072	 -5.41071483	 -5.67798559	 
0.56733924	 2.66379015	 -3.65826662	 
1.78495704	 0.69042709	 -2.51156056	 
-0.89410553	 -1.01140899	 2.94925651	 
2.17422307	 0.26497528	 5.94042433	 
1.21249679	 -0.80826578	 -2.11563869	 
-2.43811291	 -2.49848507	 2.59743892	 
-0.18103211	 0.31423457	 2.09823448	 
0.39087792	 -1.34109239	 4.05504993	 
-1.40239883	 0.06986203	 2.83236677	 
3.08700435	 -0.53954063	 -4.46824221	 
-1.32417940	 -0.57424964	 2.09766987	 
0.65208742	 2.07280671	 2.26060333	 
0.51146608	 2.16360542	 3.41172622	 
0.51789633	 -0.74890601	 4.47574076	 
3.02052763	 -0.02569081	 -1.76999778	 
1.22505625	 -0.52499608	 -6.59581706	 
3.60736030	 0.12461765	 -5.06776098	 
1.61126044	 2.91546830	 -6.47128560	 
-1.71713532	 1.41870648	 -2.57957089	 
-1.11216494	 1.65163147	 2.08209865	 
5.81433563	 -5.07257607	 8.11604815	 
-0.29639086	 3.62712500	 4.48620286	 
-0.43200404	 1.66895928	 1.36688203	 
-1.38636084	 -0.21969357	 -3.37229100	 
2.98695033	 -0.24313336	 5.30937956	 
-0.15019645	 1.37718576	 2.45527502	 
3.81436570	 -1.94602051	 -3.76340391	 
-0.28332309	 0.84776115	 -3.75104354	 
1.66686971	 0.85782960	 -3.37226901	 
2.31546498	 -0.94547630	 -5.18834960	 
3.73974260	 2.55644121	 -5.01442422	 
-0.17691220	 -1.62243705	 -3.01592632	 
-2.29809094	 -1.35522688	 -6.93436853	 
0.93115933	 2.86449674	 4.32592846	 
-0.33723038	 -0.59453214	 3.82698971	 
-1.26910403	 0.82479174	 -4.29861679	 
1.69174056	 -0.82992100	 -2.31871401	 
-0.41806069	 -0.23012848	 -6.19572509	 
0.50899688	 -0.74407255	 -5.29428229	 
0.16039086	 -0.10569621	 -1.81557637	 
-1.30734593	 3.25996827	 7.43764455	 
-4.26148547	 -3.50551800	 9.83523111	 
-1.38418537	 -4.74842757	 5.16425606	 
2.53892352	 -0.14569351	 5.90810790	 
-1.46412223	 0.46193350	 -4.00448552	 
-2.50304405	 2.58461883	 -1.37267330	 
3.81642382	 1.04052016	 5.22915224	 
0.84335337	 2.56481736	 -2.47489833	 
0.23278462	 2.67725659	 -1.29841452	 
3.24516039	 0.05855695	 -4.87119563	 
1.31414807	 -4.97360654	 -5.48447154	 
1.35972361	 1.92906565	 4.61662045	 
-0.89393102	 -3.21685211	 1.62888747	 
-2.03652625	 -0.17691510	 -6.26926792	 
-3.82742173	 3.40310690	 4.40749209	 
6.36262817	 4.76038786	 -6.78909793	 
-2.39948936	 -0.82140136	 -2.31569505	 
-4.48614592	 -2.14037324	 7.38701221	 
1.38567727	 6.55666492	 3.41840003	 
-2.46853126	 -5.61065658	 1.83031850	 
1.92930719	 0.17709453	 7.34646450	 
6.28016850	 2.34556196	 6.01156159	 
-1.24335740	 1.53156285	 2.64386277	 
-0.33885864	 0.17860638	 1.64810283	 
-8.25813206	 -8.90959232	 2.71356792	 
0.85249523	 1.55472552	 -4.31372486	 
0.23952065	 -3.38098679	 -5.71312860	 
1.35789328	 1.15523664	 -4.44758765	 
-3.81097691	 -2.15607521	 -10.23408361	 
1.04569711	 -3.22861099	 8.44612203	 
-0.37435662	 -0.74565250	 6.39146420	 
2.95490232	 -4.58432556	 3.73918555	 
-2.39393772	 1.43764007	 -3.85340574	 
-1.32318107	 -0.44559498	 2.18392255	 
0.45326273	 -1.59059302	 4.14110766	 
0.50695918	 0.51084413	 -3.19589361	 
-1.93837278	 -1.61412547	 -4.68170060	 
-2.64938606	 2.01916650	 -3.42719277	 
0.86954573	 2.77387615	 -2.39990088	 
0.46330888	 0.48660287	 -1.85392751	 
-1.63517038	 -3.67917903	 4.30061990	 
-0.32053658	 -2.61787953	 4.07374948	 
0.58334694	 -3.05194442	 -6.90146762	 
0.90285450	 -0.67247975	 1.10926461	 
-2.04345437	 -0.17181158	 -6.88913149	 
1.98764983	 0.75613905	 -1.93141333	 
2.15343915	 -1.89767186	 6.55491876	 
-0.82489001	 -0.91481157	 -2.13789549	 
-1.98108705	 0.17458163	 -1.49355619	 
0.66698978	 0.60141759	 -1.92347915	 
-4.11984371	 -2.91822259	 -7.07305113	 
-2.75441164	 2.52087774	 -8.97863388	 
3.04373559	 -1.48207909	 1.76652850	 
-4.08547497	 -0.19843352	 -4.35250650	 
0.78343620	 -1.08004963	 -2.40399443	 
-2.05122253	 -2.12758096	 -2.50135311	 
-1.09123913	 -3.45197466	 5.21242176	 
1.21547323	 2.91245960	 1.92000946	 
1.58249687	 0.38566630	 4.63052172	 
-0.02703883	 1.70165898	 1.31529785	 
1.89720989	 -4.33671506	 2.85697519	 
-0.73682717	 0.14281956	 -1.18182676	 
-0.42705742	 0.53221243	 5.17000698	 
-1.56937554	 -3.82940902	 5.48124664	 
0.59493719	 -0.94492331	 -6.44914978	 
1.41918761	 -4.60535930	 -6.89808626	 
2.02439508	 -2.49104481	 -2.12265818	 
1.58695695	 0.46881845	 1.79312417	 
2.68604294	 -0.30922700	 7.88608879	 
2.33032820	 5.56018171	 2.52719263	 
-3.71241468	 -0.73016378	 -2.59541450	 
2.03305739	 1.93981990	 -1.46059218	 
1.65233302	 4.83057831	 5.43437455	 
-1.34476331	 1.55035673	 -1.85992534	 
-3.29561233	 0.12598704	 -3.05406716	 
-2.36590422	 -6.65909281	 -2.47599392	 
-1.64285768	 -0.98478239	 1.99494645	 
-1.04304322	 2.75881043	 4.74191407	 
0.56842718	 2.30949355	 5.08329857	 
-2.36047762	 1.97268592	 -3.20270403	 
-3.70663453	 0.93161745	 -2.19829951	 
2.65588521	 -3.86579046	 0.27898341	 
0.41951099	 1.53410638	 -2.47801590	 
-1.84347802	 -1.97698599	 -4.36957229	 
-4.58035773	 -6.85243951	 3.76903417	 
-3.75033374	 -0.23930326	 -1.87408405	 
-0.20367208	 -0.44098536	 -3.73142966	 
-1.91894999	 -2.12577764	 -1.13665882	 
3.35908274	 3.45385370	 -2.50334093	 
1.19452346	 -0.07470700	 -1.04147667	 
0.34228630	 -1.67821672	 2.45267088	 
0.36234051	 1.18823176	 -9.48321857	 
1.76238001	 3.24483281	 -5.48147234	 
-5.40783749	 -1.75385444	 -4.91149133	 
-0.47584167	 3.60879898	 -6.46590267	 
-0.89979735	 1.02825560	 1.07636284	 
1.08688192	 -1.21421392	 3.34387437	 
0.26616075	 0.18482633	 1.01135250	 
-1.50949731	 -1.06141043	 -5.22386302	 
1.72687139	 3.60392013	 -4.22347198	 
0.90278731	 -1.56228832	 -3.90547379	 
1.40037338	 1.14145261	 -6.08542652	 
-1.48374021	 1.24480395	 2.69953062	 
1.58937799	 3.55879179	 7.63862773	 
-3.15177658	 1.36884613	 -3.03069772	 
-0.31071726	 -0.43479177	 1.38253399	 
0.05730535	 4.13844311	 3.57368822	 
1.41957212	 1.31821716	 0.87192062	 
-0.21194768	 -0.06516877	 -1.34593720	 
-0.38392678	 2.31867773	 -4.72640109	 
10.05366391	 5.06306444	 3.73431714	 
-0.50381351	 0.53374841	 1.32528297	 
-2.25867004	 1.05213737	 -2.38493353	 
-0.12153620	 -1.13273559	 -2.12812097	 
-0.41709104	 -0.88919276	 5.51937890	 
1.34771598	 -0.94107643	 5.85115412	 
2.26154988	 -0.36110701	 2.98957199	 
0.87991507	 -0.51893244	 3.75978492	 
-0.36977125	 2.87936002	 -2.11230544	 
1.04571455	 -4.60757847	 -2.17219113	 
-0.52033875	 -0.17858302	 2.57894861	 
-2.55303847	 -1.74081337	 -6.55210797	 
-4.02740039	 0.31882861	 -7.41424640	 
-1.39018298	 -0.25018192	 5.13174661	 
-1.51157356	 -0.34747480	 -2.19393701	 
4.38286839	 2.23654380	 5.38462944	 
2.22674417	 3.23263209	 1.02864833	 
-0.32682849	 -0.18293312	 0.69637535	 
0.74342329	 0.57194928	 -1.48946775	 
3.54231005	 -2.21060097	 -3.68879674	 
-1.58577413	 -0.26965995	 2.06325023	 
0.79288655	 0.78736751	 2.04018952	 
6.33678571	 -0.68729652	 4.97268719	 
-0.89063772	 -0.42992750	 3.41965083	 
-0.93696914	 0.32257944	 -2.22776931	 
-2.43947009	 -0.72817729	 2.71017744	 
-4.38232648	 -0.12555935	 -4.51824122	 
-1.52591350	 1.85926323	 4.69428314	 
0.82813633	 2.47553005	 3.91397315	 
-0.64065896	 -1.59417208	 -5.91597350	 
-3.68837888	 1.03930550	 -3.10882904	 
-1.37979783	 2.96783767	 -7.78899771	 
1.74253226	 0.45581664	 -4.55519136	 
3.38505407	 0.61458909	 -2.38286146	 
2.31654635	 7.96672243	 2.86892560	 
-3.84200814	 -0.43529075	 -6.16147894	 
-3.67429515	 2.08640321	 4.42367721	 
-1.40320524	 -3.77330030	 -4.67348435	 
-3.68087920	 0.93198660	 1.51264828	 
1.97378593	 -0.44557493	 -2.96170483	 
4.52134159	 -2.46239019	 -6.73558716	 
2.47416511	 2.70955653	 2.43146677	 
0.29293404	 3.23689212	 1.79102214	 
1.68431538	 1.02571337	 -2.91904899	 
-0.22149070	 -1.86588682	 -6.92934386	 
0.74301350	 -0.12575131	 -2.18792679	 
-0.25701549	 -0.01887330	 2.18220873	 
-1.08922795	 2.16225763	 -2.52426847	 
6.44294926	 -2.46661641	 -4.94637047	 
5.35959068	 -4.47928476	 -4.42025664	 
-0.81115962	 -2.46256043	 -6.70565266	 
-0.43958452	 -0.95710031	 -3.67479885	 
0.58628627	 -0.16674095	 -4.11649064	 
2.15897706	 1.81347055	 2.11222079	 
-5.36473151	 1.94595533	 8.66024012	 
0.49924045	 -0.55022743	 -6.95726634	 
0.99041559	 0.72200580	 3.66994158	 
-1.37444540	 -4.12389364	 -4.02615078	 
0.97936348	 -0.62895909	 -1.20055810	 
3.29416790	 -2.94675763	 6.44600081	 
-1.37329794	 2.12541420	 -4.02611340	 
-9.69644756	 -1.93678741	 -4.88439465	 
-1.23574436	 -1.57219689	 -2.16428943	 
-2.67580359	 0.97344522	 -0.45227184	 
-1.21208927	 -1.08249584	 7.05138410	 
-0.40963307	 -1.69876363	 2.28831653	 
0.33470988	 3.64535180	 3.49786665	 
1.52124564	 1.55332529	 -2.12390541	 
-0.19792816	 -5.39868239	 2.97734274	 
-0.54184672	 -1.89824650	 1.82006218	 
-2.67921718	 -2.10955586	 -7.08889526	 
0.88506701	 0.26783232	 -7.53602354	 
-1.15630686	 2.54838874	 6.13101939	 
-0.93415024	 -1.00968447	 -3.23941693	 
4.13509966	 0.66672591	 2.85561011	 
-1.95196969	 0.77795114	 4.99088006	 
-5.69984217	 1.23947510	 -3.48797698	 
-1.21938928	 1.63692167	 4.94877352	 
0.52872102	 -1.23132773	 3.27714163	 
1.49331947	 3.21916450	 2.68602975	 
-0.79357403	 2.69597200	 5.49660227	 
1.74182267	 3.14830532	 2.97416265	 
-2.29959779	 -0.02164788	 0.57007077	 
-1.81779791	 0.22723658	 2.25816395	 
0.67593235	 -7.04884448	 -4.58339794	 
-3.42878360	 5.01999541	 3.80446667	 
-0.71464547	 -0.06371092	 2.87708605	 
-2.08377050	 -0.58142929	 -3.42967114	 
1.87008455	 0.75781248	 -0.92844616	 
-0.49349708	 0.44410240	 -2.37303292	 
-0.99826512	 -1.88689641	 0.96346300	 
-1.14344737	 4.74555764	 -6.18271782	 
-1.22658477	 -0.42066636	 -3.01197049	 
0.89335849	 2.91695383	 -2.47293446	 
-0.14406708	 -2.24135402	 -2.44842475	 
-2.86510429	 -0.46851614	 -3.96439286	 
0.75586909	 -4.30749139	 -3.15277606	 
3.79329484	 -1.03143963	 -3.79981213	 
-5.24188588	 -3.65123092	 5.08986903	 
0.60887014	 0.53797972	 -3.01044074	 
0.83590095	 2.89767740	 -3.37737315	 
-1.16974739	 2.76068466	 1.53689562	 
-1.22610136	 -2.01801155	 -5.04171886	 
-0.75151470	 -2.02977966	 -4.46490545	 
-5.08123820	 -0.02797353	 -5.23055699	 
1.66818411	 1.65341493	 4.37895422	 
3.43866876	 -2.38442277	 -3.46359773	 
-3.01587963	 -4.85914979	 4.61435596	 
-4.45615550	 -0.78970736	 -3.98874105	 
-1.22413414	 0.66094830	 2.27815586	 
3.11863977	 1.41823182	 -6.66268279	 
0.46432427	 -0.91341500	 -3.42898550	 
0.27681800	 -1.12303723	 -1.48982490	 
-0.99499289	 0.72199275	 2.51254438	 
-2.20995166	 -1.18037457	 -0.48388255	 
2.79961163	 2.42288954	 -4.92277255	 
-0.70810350	 3.64959870	 2.40117766	 
-0.03756536	 0.48725012	 2.71746191	 
5.85359596	 -1.08424353	 -3.00594518	 
3.36986043	 -4.37762850	 -4.69579689	 
-1.43557253	 -0.27231017	 -2.19151987	 
1.42460227	 -3.62380754	 4.62736154	 
-0.54195298	 1.32659993	 4.54916287	 
-0.40326602	 -1.43322939	 2.47797671	 
4.98731422	 0.12812705	 -3.77932817	 
-4.04227163	 -1.26394945	 6.40683753	 
-0.78192680	 -0.12259763	 -3.18207353	 
1.27635666	 -1.16176976	 -4.70837843	 
0.43318920	 -2.33815853	 2.38468503	 
2.59957138	 3.13077827	 9.28987830	 
-0.67761390	 -0.65809675	 2.81685182	 
-1.11730554	 0.42374270	 1.37440977	 
0.16823161	 -0.26787749	 -2.06323755	 
0.30014110	 -0.31131942	 1.98323893	 
-0.79107808	 1.98901822	 -3.51426835	 
1.58074919	 -3.85932356	 -6.60839303	 
-0.55867344	 2.22655203	 3.83787433	 
-1.43345020	 -4.91190746	 -5.02930289	 
0.76145080	 -3.51124756	 2.40861107	 
1.65296901	 -1.02478792	 -5.48620611	 
-0.87918641	 1.55440552	 1.90903785	 
1.31528574	 1.31380152	 3.08409057	 
1.27304601	 -0.77240660	 1.59625045	 
0.70727081	 -0.26639571	 1.86267763	 
1.67376239	 -1.58257980	 5.65538218	 
1.40568239	 0.59911753	 -2.08643545	 
0.03151441	 -1.72900790	 -1.05369663	 
1.04907675	 3.98193473	 -3.32970472	 
2.57331803	 0.03119478	 -5.59846638	 
4.50985765	 -6.36149970	 -7.89151295	 
3.63399942	 2.44660721	 4.18197450	 
-1.19079963	 -2.49347524	 3.61882587	 
0.62662857	 -0.90265165	 -2.87192568	 
-0.87201933	 2.34457689	 5.25435706	 
4.56060842	 -4.10579850	 -5.03849885	 
0.16485458	 6.50708250	 2.54541989	 
1.16613618	 1.09011513	 3.11710751	 
-2.19378150	 3.77719883	 -6.24328562	 
-1.54121900	 -2.47104732	 4.61847120	 
-1.83665195	 -2.12276432	 3.09301966	 
0.09830257	 0.86784649	 -4.69177653	 
0.50449120	 2.86215298	 3.48402029	 
-0.87558472	 7.86637342	 6.27275856	 
0.45045984	 -0.53007319	 -4.35146654	 
-2.42469355	 -4.91068221	 7.78887335	 
-0.04092744	 -0.01535649	 -6.24716526	 
-1.16453107	 -0.12459248	 2.63943750	 
0.53859707	 4.60995894	 6.71157919	 
-0.48975784	 -0.59604853	 0.99915512	 
2.86597677	 4.09888246	 -4.72527099	 
-1.30547019	 -1.39475638	 -3.90804887	 
2.85680793	 -0.44785047	 -4.85835931	 
-2.22270647	 1.34142577	 3.01446214	 
-3.80240611	 3.84599964	 -8.54294646	 
-1.13720314	 5.63642984	 -3.94978604	 
-1.20083778	 0.02810972	 2.19855006	 
0.89774373	 -1.69504826	 4.57360349	 
-4.94589137	 1.08776854	 1.36393453	 
3.38302821	 4.24896097	 -6.01092800	 
-0.03825183	 -0.80725091	 2.24018243	 
-4.24801721	 -0.86447590	 1.78597219	 
-7.46439200	 -1.54112216	 6.39013641	 
1.39453623	 -1.65866380	 -1.29089664	 
1.47315309	 2.67275532	 7.34789193	 
-1.19664317	 5.60420647	 3.52807853	 
-3.09895824	 6.71433227	 -8.97154285	 
6.93633992	 -5.31466800	 4.59177810	 
1.15666746	 -0.41466999	 1.40446463	 
-1.63102921	 -1.84310425	 -5.20825112	 
1.72004969	 -0.84114276	 3.72991965	 
0.71075337	 -2.90783449	 -3.37617447	 
0.43351612	 0.86027697	 1.91511421	 
3.23816867	 1.41424747	 -3.11593190	 
-2.18044168	 -0.88599576	 5.76692274	 
2.72192253	 1.73000668	 4.67037259	 
-1.24592205	 0.23128886	 2.76476819	 
-1.22801304	 0.88303165	 1.76819282	 
-1.37171098	 0.93564314	 -1.29250470	 
-2.72457324	 -1.77199194	 1.51423314	 
-2.49308628	 -0.34670060	 -1.81403232	 
-0.70864754	 7.33891964	 11.28845442	 
-5.85650245	 2.46675350	 -7.67561658	 
-0.92895679	 -3.23842113	 3.95753470	 
2.00941193	 -11.92466563	 9.19509715	 
2.37412930	 1.29740549	 2.28244023	 
2.74610339	 0.38586154	 -3.36187623	 
0.00237729	 -1.96176802	 2.05613193	 
0.51341826	 -0.94324470	 3.86955491	 
3.20382072	 2.54100665	 -5.94982206	 
4.22480133	 -0.94747052	 -2.36959269	 
1.02393942	 6.76004505	 6.37770105	 
-2.69223796	 1.01615171	 -2.01875240	 
-2.74000613	 2.83348358	 5.72989891	 
1.43584660	 -4.00542563	 2.25176679	 
3.56340791	 1.92224343	 5.44173605	 
-0.77284381	 0.13899735	 2.57398057	 
-0.42501623	 -0.73357688	 -3.90702362	 
-1.57453680	 -6.33621344	 -2.66703410	 
2.55526235	 -0.60897980	 -1.69306012	 
-1.85109066	 1.20061699	 -2.69163726	 
4.86575702	 -6.13064639	 6.02910350	 
2.65703865	 0.90115267	 0.83733876	 
2.76204090	 -0.31876604	 5.49250556	 
-1.22992371	 -0.01971325	 4.57231435	 
-0.87417705	 0.88925744	 -6.29428912	 
1.87989030	 1.51674570	 0.69827962	 
0.56315853	 -0.90044755	 3.68896843	 
-5.49657227	 5.43102179	 5.70538290	 
1.13814897	 -4.37813546	 3.26792300	 
-0.87238785	 2.44344355	 -1.84278572	 
-1.58270239	 3.28240328	 -2.06130651	 
-1.15242449	 8.69506075	 -6.57782081	 
0.64737556	 1.64177773	 -2.01256307	 
0.98593563	 -2.29755553	 4.56684803	 
0.77529252	 -0.39588920	 0.60712317	 
-0.53896826	 0.13348053	 6.54407578	 
2.40681147	 -1.11376228	 3.62415732	 
-1.66362509	 0.85245941	 6.02043297	 
0.93457758	 -1.26945342	 3.87568239	 
-0.42002735	 1.80620044	 1.23753682	 
-2.08165826	 -4.79383796	 2.20647212	 
0.81099311	 -0.67664087	 1.17050029	 
0.59053501	 3.38961746	 3.63629528	 
0.96684107	 -0.62450106	 -2.62798250	 
-0.05637358	 0.64943771	 3.15020380	 
-3.65118919	 -0.73123458	 3.76775094	 
0.45119470	 0.78366517	 -1.16316669	 
-0.32413138	 -5.52164764	 5.69759520	 
-3.39185121	 -2.07140651	 4.40949205	 
-3.42426545	 -2.11218516	 -2.73137172	 
-2.34799561	 -0.87534046	 2.94764506	 
-0.73696479	 -2.51897738	 8.91757980	 
5.93791709	 -0.70858018	 4.47924327	 
1.91155376	 0.00251528	 2.52506639	 
-2.73316851	 4.28506970	 4.15286281	 
-2.29485085	 -1.95939176	 -4.89836873	 
7.36701364	 3.15010707	 -6.35990746	 
-1.41585755	 5.68304986	 2.17035186	 
1.43969238	 2.85600306	 -2.92507450	 
-0.38195521	 1.19686557	 -5.60147518	 
-1.34262251	 -3.27257889	 0.99407987	 
3.89214639	 1.68488237	 8.13097539	 
3.27554818	 5.86047362	 -8.75774799	 
0.74050476	 0.19543155	 -4.80450640	 
2.49403188	 -1.95781907	 -0.57634090	 
-0.83926083	 -4.91865000	 2.48436747	 
1.62365302	 -3.56339357	 -3.43782886	 
-1.74381052	 -0.79346577	 1.43461706	 
1.14292206	 -2.51647424	 3.00741170	 
-2.43982477	 -3.63000349	 3.51317635	 
0.29745549	 0.28015887	 0.81647280	 
-1.52976221	 1.10559054	 -2.79818794	 
-3.71109186	 1.06289283	 6.07797550	 
-0.87606458	 1.69700377	 2.82162406	 
-7.06565155	 -1.81884329	 -8.40296300	 
0.54324384	 -0.91687148	 -4.54091384	 
2.61592186	 -1.49276758	 5.62846200	 
-1.53152741	 3.14571539	 -5.86940880	 
2.54188404	 2.46018635	 -4.84802072	 
-3.56472604	 0.54649222	 -4.15472498	 
-2.31385560	 1.09929249	 6.63069565	 
-2.94002720	 -2.32164639	 -6.13919779	 
-2.64419715	 -4.98796822	 -4.23374685	 
-1.48858044	 -0.43315381	 -8.97498298	 
-2.25792582	 0.98126143	 0.97314247	 
-0.75711123	 0.03600100	 1.01086770	 
1.99576919	 -4.40775736	 4.71683705	 
-1.58042988	 -5.76771774	 -4.24047866	 
1.30985425	 3.85846929	 3.50582955	 
-1.09612029	 -0.48965533	 2.26255399	 
-1.22329939	 -0.67862397	 2.50968000	 
2.30439365	 -1.15275497	 -4.71965004	 
-0.60636135	 0.19546679	 4.03172556	 
-0.96915514	 -8.91516054	 9.31563474	 
1.40193232	 -2.04020759	 -5.69576459	 
-0.99667585	 2.33747767	 4.69810194	 
-3.37215419	 -0.92217091	 3.32500315	 
1.42021819	 -1.22347130	 3.38691676	 
-5.21511414	 1.67435738	 -4.60336554	 
-0.25669832	 -0.53790977	 1.31330446	 
-0.85130374	 2.30615351	 2.53743035	 
2.78317383	 -0.72403953	 -1.65236011	 
-1.24279655	 0.28580468	 -2.87489063	 
-4.33491480	 1.11416499	 -8.05859447	 
-1.36894386	 2.43739208	 -3.58486058	 
-3.48179390	 2.84005509	 4.89330026	 
7.07995180	 8.99094372	 -1.64519001	 
-0.69053566	 -1.25159104	 -4.08904003	 
0.43500381	 1.68034160	 3.84293318	 
-3.72297174	 1.31045486	 7.42478681	 
1.97521026	 1.58563918	 2.78891646	 
-3.20961735	 10.44889984	 -4.94147840	 
-0.28736928	 -0.91284959	 -1.67884054	 
0.34479751	 -1.78590318	 5.73413008	 
-0.84647244	 -4.69613951	 3.47356250	 
4.32295180	 3.27568257	 -1.89681569	 
-0.72676778	 1.65455693	 6.33747309	 
-2.78704973	 -1.70378433	 2.26409196	 
-1.13469971	 -0.97025499	 2.84829101	 
2.44951025	 0.58293892	 1.88377755	 
2.53472051	 -3.77563833	 5.65991584	 
-0.86104130	 6.30634013	 7.58664274	 
-1.90454455	 -4.13070802	 -4.64349183	 
-0.90947838	 -0.80203109	 -3.35020960	 
-2.40483663	 -1.73217795	 1.35200795	 
2.64844272	 -1.59355991	 3.64188036	 
-0.87678817	 -2.06602128	 2.01326478	 
2.49417638	 4.86921348	 -8.77368423	 
5.36702305	 -2.24039573	 1.73836791	 
-0.09777092	 -2.12729347	 4.54452721	 
-3.90240897	 -4.03799227	 6.70401287	 
-0.52401244	 -0.80272399	 2.80402998	 
-1.03592411	 -2.18385784	 1.18555290	 
-1.71836564	 -5.29831345	 -3.26047662	 
-1.10811036	 -1.58120155	 -3.89555383	 
1.53629450	 -1.13120949	 1.75042691	 
-0.99714812	 -1.66660047	 -3.33280785	 
1.65802432	 2.66786013	 1.34285504	 
2.39533359	 -5.90315053	 -5.10193935	 
-1.23592639	 1.61963730	 -3.67498196	 
1.03410888	 0.32112666	 1.27967316	 
1.71210078	 1.16025349	 -5.08683709	 
0.07650418	 -1.02648986	 2.95992925	 
-3.55117030	 -1.12124894	 -5.90886516	 
-4.27946142	 1.05325760	 -4.04718060	 
3.90621513	 -4.37831656	 -5.14422541	 
1.61846591	 2.41568234	 -3.76446211	 
2.03072794	 2.76598183	 -0.91655698	 
-3.01972244	 2.31401941	 5.14691214	 
-1.94795270	 3.65969283	 -5.18632464	 
-2.55854162	 1.17489358	 -5.67577255	 
2.23273249	 -0.49489931	 -5.09057660	 
-0.21925429	 2.48898516	 -4.87469981	 
1.01478745	 -0.54322400	 -2.38332219	 
0.18633989	 0.16109529	 -4.80661333	 
0.19496326	 -1.41717359	 2.82553325	 
-1.76888240	 2.53371015	 4.66134033	 
-0.96172588	 -1.81551437	 2.35703539	 
2.39145034	 0.97684304	 2.61026834	 
-3.22342396	 -0.90550794	 -5.34901576	 
-0.83198609	 3.65564133	 2.14777311	 
0.68512223	 -0.55733267	 -0.79333311	 
-1.55504661	 -1.89318688	 0.64613133	 
-0.28098737	 -0.73096174	 -0.92683986	 
3.23913211	 4.13255498	 -7.50044610	 
1.17292409	 -0.25055295	 -2.64745433	 
1.21642671	 1.37326028	 -3.74050410	 
-0.96029423	 3.06390958	 -2.90789428	 
2.90596141	 -4.83777552	 3.61910084	 
1.03679863	 1.42383396	 -5.77858242	 
-0.53783345	 -2.01679346	 2.97976063	 
-1.06767503	 -0.48393204	 -5.40199993	 
1.36082642	 -2.99116435	 9.58995330	 
2.55645688	 1.69830736	 -2.98629504	 
0.68335022	 -1.20907264	 -4.20814083	 
0.25356581	 -2.37145926	 -1.85979317	 
2.07491118	 -2.75282615	 -5.56106864	 
3.97143342	 0.30939333	 -4.38318944	 
0.44686833	 -1.00848922	 1.32193883	 
-0.86825967	 2.10864726	 -2.79338365	 
-0.77349766	 0.27530206	 4.28484611	 
-5.37741854	 0.70524087	 6.51576308	 
-3.47757508	 -2.51367835	 -3.17664154	 
8.42350255	 0.73618324	 4.52260868	 
-4.58010406	 -2.93509125	 -4.27678909	 
3.75476279	 -0.97896075	 -6.40025842	 
-0.99709166	 5.75307632	 3.55406998	 
2.14463281	 0.10121542	 -6.22654316	 
0.74061680	 3.13650837	 2.57393505	 
-3.32548612	 1.19728294	 8.79054198	 
-3.46442888	 0.80842627	 -7.54644488	 
-0.60767120	 0.79398548	 -3.21277005	 
0.18014603	 1.98542727	 3.03845301	 
-1.16127049	 -1.96358606	 3.59776663	 
-0.17309660	 3.78786577	 3.41320116	 
2.35048048	 -2.47136747	 0.98508793	 
-0.43645252	 -0.81177181	 3.01881752	 
-3.78298002	 3.83112407	 8.63570534	 
-0.34758405	 0.85872329	 3.66793492	 
-0.17683603	 -2.47114299	 -3.31425606	 
0.87655072	 3.30494320	 -2.87976529	 
-1.87148144	 -1.57069688	 -3.95719415	 
-0.52459292	 -0.40202405	 -3.28494364	 
0.09755761	 -4.50761158	 8.62790727	 
-0.02026642	 -3.85635592	 -2.24354361	 
-2.63448890	 -2.39641082	 5.59889456	 
0.91827548	 1.88752718	 -7.13188015	 
-0.94782042	 0.53360519	 1.90510201	 
-0.31749618	 -1.60634300	 3.37394341	 
3.39146168	 -3.08159260	 3.94833936	 
-0.25140351	 0.12794399	 -1.22045153	 
2.38953920	 2.48684946	 4.54202332	 
1.12338262	 1.19537816	 0.39278445	 
1.54377709	 1.05877963	 3.09113747	 
3.54915895	 1.92866315	 -4.35693165	 
-2.35455303	 1.02843967	 4.70903751	 
-6.79147363	 -0.30883810	 3.02753819	 
-2.48385143	 1.23430983	 3.18076133	 
-3.18315691	 -2.90752846	 2.02249436	 
-0.23183795	 -1.26932997	 -3.33160343	 
0.92866052	 0.81743876	 3.30980832	 
0.62439178	 0.60238495	 -2.36585209	 
-3.92766525	 -2.54932296	 1.86884550	 
1.20634286	 -0.45314451	 2.56096865	 
-0.27437734	 0.46199006	 -2.14886414	 
1.16680231	 0.16197603	 -1.57473439	 
1.00828296	 -1.98962372	 0.94711673	 
-2.80333712	 0.95886283	 2.77024954	 
-4.07003637	 -2.67049736	 1.84861145	 
-5.38515060	 -6.42811265	 -3.67006099	 
1.08380793	 1.67365251	 7.45477540	 
2.66680868	 -1.49151624	 -1.61801150	 
1.36721454	 -0.41792113	 -2.41345772	 
-2.00210347	 0.23307715	 -4.09819017	 
0.05858129	 -4.21216632	 -7.86315329	 
-0.96979436	 0.28643774	 1.07415592	 
1.91585492	 1.02205748	 5.33194763	 
0.62875686	 -1.62128741	 -2.96853499	 
3.52088090	 -1.48515863	 2.68398192	 
-1.12680400	 0.98998602	 -1.19918501	 
-5.03229454	 3.96303305	 2.85231079	 
-0.23584705	 1.13861140	 -1.52401468	 
3.25438612	 6.32100965	 3.21469264	 
2.44515388	 1.90964107	 -3.84835209	 
-2.68567551	 3.74903156	 -3.34569439	 
-2.11115247	 0.47572917	 5.29940681	 
1.50252529	 -4.12356212	 1.29860748	 
-2.87433659	 3.98269242	 4.19492458	 
-4.53012162	 -0.45581985	 1.23656633	 
-0.15973641	 1.52205777	 -3.42447873	 
3.75435304	 -1.32029106	 5.19712466	 
-2.82378812	 -3.10703157	 7.55502480	 
-2.68872753	 1.77572500	 5.33207122	 
1.21489921	 -1.83152403	 -2.67582561	 
0.57751484	 0.55558263	 -3.28349394	 
-3.75224088	 -5.64083384	 -3.55963933	 
-0.62891089	 0.93057493	 1.82269416	 
1.49082199	 -8.27285286	 6.86153908	 
1.39376248	 -1.04199664	 8.50720127	 
0.75875320	 -0.12792213	 -1.34706036	 
-2.84488068	 1.27414095	 2.18166146	 
1.17228148	 0.79744468	 4.20748710	 
2.34271239	 -0.35259870	 -2.93233028	 
0.97267169	 2.20275616	 -6.00439162	 
1.41025068	 -2.30187931	 -2.38413810	 
-4.42540844	 -4.64274648	 -3.86145734	 
-6.87023903	 2.65148012	 -3.63100246	 
3.27197268	 -0.72049339	 5.91973790	 
1.80264487	 1.49197351	 1.76310501	 
-2.52977678	 1.33390643	 -6.68498185	 
-0.78851067	 -1.48860175	 -3.12960894	 
-2.04576389	 2.28126810	 2.26330374	 
-1.27874729	 1.47702073	 2.72680071	 
-1.54991055	 -3.43722043	 -2.95535261	 
1.35458757	 1.78010138	 -4.01102890	 
-1.12489798	 0.08580797	 -4.41375436	 
-0.27988118	 0.57998619	 -3.45255281	 
-0.44579707	 -0.78881327	 2.19768087	 
1.31971697	 1.56909754	 -2.36737147	 
-0.71756765	 0.58763677	 -1.30802016	 
-2.04080095	 -2.40837734	 -2.23637067	 
-4.53995242	 1.05541959	 -4.15532266	 
-1.06926794	 2.76261462	 -4.57366887	 
-2.73552321	 2.83688180	 5.59103795	 
-0.61461408	 -2.20595046	 5.21738382	 
3.84444855	 0.72188788	 5.92239548	 
1.46472211	 0.92454124	 2.21537239	 
1.48292137	 -0.17887669	 -2.07042493	 
-0.45610716	 -1.08861881	 -0.48761794	 
-4.26543912	 1.90253451	 -9.26462087	 
-0.00917078	 -1.55864584	 -2.43379841	 
-2.41385265	 4.18816495	 4.68822814	 
-0.79115816	 -2.98448382	 2.77734766	 
-0.73583528	 -3.63251542	 -1.88054092	 
-0.99335649	 1.36428929	 4.28844230	 
0.89240085	 0.47353135	 3.62945007	 
0.14104438	 2.43896673	 0.81210824	 
0.86505330	 2.21697457	 3.60056380	 
1.26639973	 -1.42880966	 4.78097397	 
-1.27315597	 0.54407477	 -3.88410583	 
-8.14410319	 2.16895706	 3.88220203	 
1.43748869	 -6.66456581	 -3.34242311	 
-3.70367604	 -2.30661057	 -0.94588896	 
-3.26881263	 -3.06435668	 -5.05789788	 
-1.60982947	 4.62466902	 8.85775605	 
-0.13338189	 -0.03777974	 -2.19349083	 
-0.74953185	 -1.19048878	 -5.93258953	 
1.73506293	 -2.04769468	 3.96577984	 
-2.24716862	 1.25332184	 -2.49799486	 
-4.28204436	 -5.38293260	 -5.77869286	 
1.95060876	 -0.40110319	 -2.83432695	 
1.91987137	 -5.01288945	 3.97513185	 
0.09815129	 0.58106631	 2.46008994	 
4.24058046	 1.28015618	 -1.84749679	 
3.16421825	 2.91629674	 -4.22053635	 
1.27555072	 -3.39023152	 -3.35152050	 
-1.96742825	 -0.18370119	 1.21787083	 
-1.72589615	 -3.42737708	 -7.06681911	 
3.09887504	 3.49730639	 -3.45060605	 
-1.18055148	 2.26047995	 -3.91404690	 
-0.88310689	 1.56083096	 -3.37721982	 
0.35615843	 -0.48557482	 -2.55351757	 
0.46244396	 0.85429423	 4.26011474	 
-0.76915353	 -0.87309158	 4.27573121	 
-1.09943924	 0.04175987	 2.59671077	 
1.66807905	 -2.97318071	 3.83032710	 
4.87969759	 -0.04082772	 1.21493502	 
1.73014437	 -1.79531680	 1.78496513	 
-3.17301864	 5.00320014	 4.81746886	 
1.35171509	 -0.40384385	 5.44652890	 
1.19577947	 0.54225385	 3.86887775	 
-2.21051196	 -0.28018714	 -2.99399955	 
-0.11799966	 0.49075887	 1.18985882	 
-2.57213929	 -2.06766903	 3.29049241	 
1.04925704	 1.85592094	 -2.21720971	 
1.30698182	 2.17521856	 2.23097252	 
-2.67265992	 -0.98465955	 4.56972709	 
0.21048976	 1.86214831	 3.12932255	 
4.08398155	 -1.37854602	 -3.12248506	 
-1.32018733	 -3.29759463	 -4.28645570	 
0.94299226	 -0.80630782	 1.56415709	 
0.43166124	 0.58695512	 3.36835631	 
1.54393080	 1.74086435	 0.52321081	 
-1.39236251	 -0.54791091	 2.15389790	 
-1.68474940	 -1.49044641	 3.86231247	 
0.13894159	 2.80197397	 -3.00040016	 
-4.27557140	 1.50555867	 -3.25675679	 
1.52422284	 -5.04659728	 -4.38483293	 
-0.43680772	 -2.72945267	 3.93072087	 
-1.45812474	 2.61011937	 -1.62577059	 
1.03083428	 0.39754021	 2.39185652	 
0.19133809	 -0.73790305	 1.68236778	 
1.66609744	 0.61526530	 1.19374377	 
1.34231050	 0.28618130	 4.78959274	 
3.95366586	 -1.35635718	 -4.80812784	 
0.14364136	 -3.53775432	 -2.36619654	 
-0.42016673	 0.58409218	 2.76109594	 
0.49673894	 1.93795143	 4.15517305	 
-1.15394745	 5.07404319	 2.83095070	 
-1.23863994	 0.56175855	 1.00095533	 
1.04532834	 -4.96365889	 1.61414184	 
1.28376885	 -3.22376992	 3.00184631	 
1.88085093	 -0.62261759	 2.62238427	 
-0.60532788	 0.87504995	 -7.72383817	 
-4.21890775	 1.27447858	 -5.93499143	 
2.31608117	 -2.08792815	 -6.57958483	 
2.86274656	 -2.42487169	 5.35716994	 
1.60187247	 -3.59704730	 -2.73094948	 
1.37659513	 2.31683637	 2.31238932	 
-5.60410409	 -1.41220296	 -4.43314962	 
-0.95057218	 -0.35256838	 1.53839476	 
-1.72287144	 2.06971892	 5.37134663	 
-3.72938582	 -1.02208127	 5.17071613	 
0.40716751	 -1.03778322	 -0.80521438	 
-2.26991035	 -1.38504732	 1.96105955	 
0.78121158	 -0.21596922	 -2.33209207	 
2.00350551	 0.89250135	 -4.05456396	 
-3.11465629	 2.75470509	 4.84840635	 
2.01458596	 3.48820805	 2.11084512	 
1.27793853	 2.12267205	 1.69107627	 
6.55991275	 -1.64085642	 3.95069513	 
-3.66510129	 -1.42126424	 -4.51734028	 
1.33555692	 -1.22666172	 -3.43225696	 
0.25155714	 -0.92979948	 -3.46703571	 
-1.36152830	 -0.31774101	 -2.62238085	 
1.18810065	 0.78953231	 -4.16911118	 
-1.91366979	 0.19205034	 3.64278242	 
-3.00411622	 0.12522044	 -1.85487616	 
1.39877947	 -1.47608674	 2.58883621	 
-0.04292150	 -1.43339687	 2.77493113	 
-1.43612999	 0.90957057	 0.26464709	 
-2.98850081	 3.27111901	 -3.61239699	 
-2.27500363	 0.95279701	 -3.06301446	 
-2.06131328	 -1.72417661	 -4.54622891	 
-0.21201739	 2.17346790	 -5.47351138	 
-2.41979829	 3.16446304	 -1.52752964	 
-4.06553067	 3.00968169	 1.89458336	 
-0.63022293	 3.19700472	 -6.66237791	 
-2.22992119	 -1.49433239	 -3.55215076	 
-0.13331267	 -0.19410024	 -2.31107342	 
0.44490768	 0.59264487	 -2.11317432	 
1.55878173	 -1.29277689	 -4.23597798	 
-0.61179129	 0.58632236	 1.65171035	 
0.04168404	 1.44892441	 1.70315206	 
-2.16662555	 -0.09224126	 2.64007656	 
-1.43274293	 0.94122040	 -5.14052314	 
-0.45126165	 -2.73299077	 -2.20192089	 
-1.23760771	 1.11151290	 1.41634208	 
1.92458970	 -1.76183257	 1.76449470	 
0.82746337	 -1.89493698	 4.08168869	 
1.93718185	 1.81817265	 3.97090155	 
0.20874296	 0.57998165	 -5.16419954	 
-2.98219351	 2.57704238	 3.09375536	 
3.18500866	 2.69317454	 6.28062466	 
-2.74531715	 -4.65486649	 7.97483646	 
-4.30646341	 -0.90091173	 -2.83870720	 
-1.98009765	 -2.23324565	 7.60426084	 
-0.48062194	 1.80660408	 -5.76398843	 
0.37007828	 1.05333710	 3.49851023	 
-1.30281220	 0.58808352	 6.05055100	 
0.12552150	 -0.30965535	 -1.29833435	 
0.34623265	 2.19947520	 -1.31703558	 
0.93142043	 0.22555468	 -1.48952001	 
0.48954299	 -0.19190155	 2.55768654	 
4.16789893	 -1.07114424	 4.69943048	 
-0.81897416	 0.23950826	 -2.40598164	 
-0.24997883	 -0.24800615	 -3.09276011	 
0.07181748	 -3.62377769	 7.01378791	 
0.69801475	 0.89819346	 4.19862574	 
-0.85584140	 4.83293123	 -2.21291087	 
-1.44949495	 -5.58793802	 -3.36988448	 
-1.52923235	 0.89789346	 2.77063568	 
-2.08882959	 0.99128556	 -1.86781018	 
0.17716380	 -1.93574952	 -3.03349041	 
-2.59973334	 0.11300748	 -2.82205176	 
2.67595433	 4.42835122	 5.37216684	 
2.10356019	 -0.55157488	 -2.27228229	 
0.22451802	 0.79530672	 3.15170486	 
3.27768480	 1.75615128	 -3.62360285	 
-8.18933514	 6.71872163	 -5.89103150	 
-0.76535008	 0.77975462	 -3.39057919	 
-2.55322975	 3.19133707	 5.26980134	 
-1.44099669	 -6.48497577	 6.70225866	 
-1.23265698	 1.04144359	 4.99445070	 
-3.97107017	 -0.71055221	 5.50161255	 
-0.73436546	 -4.59822244	 -5.29684555	 
-0.29683613	 0.85622852	 -2.64016973	 
0.10570577	 -0.92917291	 -2.10202699	 
0.92594630	 1.26409768	 6.23627799	 
0.33372642	 -5.32426474	 -2.27339453	 
-4.63009104	 1.25273169	 -5.83282105	 
1.74036514	 1.23254385	 -5.25933333	 
1.10932878	 3.53361284	 -7.27774698	 
-2.12410445	 1.39744808	 -3.71430695	 
0.12792336	 -1.09033196	 3.12557621	 
-2.87492896	 1.97031994	 -1.46571244	 
-4.54101822	 2.16088673	 2.47425570	 
0.81576131	 1.07275209	 2.42464608	 
2.42244846	 -0.94366909	 -0.70198188	 
-1.38955307	 -1.60054148	 -3.15004668	 
-3.35660026	 -0.30694979	 -3.88786041	 
-1.84443525	 -1.43252821	 2.65965333	 
1.39047775	 -2.19062405	 4.09414592	 
3.63455166	 -4.22378906	 -2.48680623	 
0.74127974	 -3.44055353	 3.82539146	 
2.54139781	 -0.35374798	 2.75927226	 
-7.87392415	 0.96738244	 -2.80913075	 
8.03371323	 -4.81278023	 -2.05330257	 
-1.03751475	 5.57270908	 2.83802148	 
-0.21442328	 -0.57717526	 3.83809907	 
-1.87133747	 5.49722902	 5.23194370	 
0.46766498	 -2.36895642	 4.27951491	 
1.54521279	 4.48155074	 1.12682803	 
-1.43572685	 2.60671746	 1.76452465	 
-0.80333319	 -1.72075459	 3.56939340	 
-4.56439981	 2.99895633	 1.69600643	 
4.81083858	 4.31537136	 -5.02534125	 
-3.72068510	 0.63035615	 1.14100508	 
-1.18342091	 -0.31034708	 4.65693007	 
-0.65397359	 -1.69000030	 1.60075866	 
-2.68968924	 -0.71739555	 -6.67371949	 
0.13418904	 0.23720575	 5.79774082	 
0.53172391	 -2.78783169	 7.47363401	 
9.36436925	 -0.07257834	 8.30670369	 
0.51745443	 2.47961108	 7.54545271	 
1.33900778	 -3.18486300	 -3.27825972	 
-0.18719934	 3.51318371	 3.23953129	 
1.26458987	 -1.04669769	 4.13115694	 
0.84594980	 1.52699559	 3.23668488	 
1.63409716	 -1.34008504	 6.06231380	 
-1.13122953	 -2.15295538	 0.82762199	 
1.32037425	 0.17502905	 0.68426721	 
2.35808738	 -0.99070603	 6.54874344	 
-5.52201417	 -0.70022551	 2.59095212	 
-2.02735279	 0.20376519	 2.96579542	 
-3.34163029	 -1.89963799	 -9.62119788	 
2.57413468	 3.79981369	 3.50979568	 
-2.42960586	 2.06314800	 3.93794867	 
2.94451189	 0.39603377	 3.97159889	 
0.39681597	 0.35503613	 2.31458797	 
-0.41160263	 -1.16661133	 2.46001211	 
-2.51168108	 1.55909877	 -5.91726543	 
-1.26668635	 -1.78578793	 5.21433617	 
0.80977393	 0.95328152	 3.97491066	 
1.79927020	 -2.47125550	 4.04850375	 
-4.16894906	 -1.17748650	 11.31229169	 
-0.95710998	 0.72323107	 -4.07621237	 
-0.58565057	 -0.19058586	 -4.71853997	 
1.50212449	 -3.61413109	 -3.95025526	 
2.16788013	 2.34046604	 4.16579226	 
-1.09502768	 -0.51669562	 1.23723100	 
-4.22979651	 0.08395222	 -4.91320801	 
0.73544416	 1.98729606	 -3.86910623	 
-1.45434280	 0.69677024	 -1.04823288	 
-1.34179630	 1.29987606	 1.17837769	 
1.16242143	 1.32759996	 -6.21550400	 
-2.43245963	 -1.71995127	 3.41407991	 
0.51278273	 2.32788449	 -2.80880060	 
-1.24181237	 -1.30871529	 5.04490342	 
3.12619628	 -0.67106167	 -4.02314377	 
3.67729877	 1.81731624	 -2.74435303	 
2.89692712	 0.20892380	 -3.36112685	 
1.09867047	 -0.85976629	 -2.23048189	 
2.52408816	 0.07700283	 3.04454747	 
3.39860267	 -1.20949682	 3.77179042	 
-0.37722361	 -1.80391478	 -2.45980437	 
-3.46542790	 -2.55404934	 3.29878979	 
0.22470717	 -1.35768013	 3.72079693	 
-4.03101038	 -0.93041467	 2.06876795	 
2.96183338	 -1.85045942	 -1.15681227	 
1.61667010	 -1.91361825	 -2.35151260	 
-0.16959956	 -0.96843311	 5.68352432	 
0.18833185	 1.56147069	 -0.47850931	 
-2.21218680	 0.56486418	 -2.89946316	 
-0.31593922	 0.53889302	 2.61714600	 
1.80259640	 2.43720223	 -1.01666610	 
3.36527494	 -1.01564050	 -1.98361469	 
-3.72278633	 -2.11286137	 -3.76033765	 
1.02293887	 -1.68044240	 2.29705058	 
-1.10240755	 -0.60815387	 -0.95736708	 
4.29439682	 2.84080804	 0.57714449	 
0.99898068	 1.16759693	 -4.69253533	 
2.76785025	 -2.82325819	 -2.65382758	 
-4.56988591	 -0.39148412	 3.40679599	 
3.95529012	 -3.73399973	 -1.30257849	 
-1.96977335	 2.93235121	 -3.46168019	 
-5.52776641	 -1.67759639	 -1.92641515	 
3.00099907	 -3.64244913	 3.97014385	 
-0.61202334	 -3.76561479	 -2.36985299	 
0.09621849	 0.01395444	 3.72734528	 
3.83697946	 -2.96185192	 -6.04258220	 
-5.39345716	 -6.31154880	 3.66726009	 
0.99570728	 -0.55703991	 3.50786879	 
-4.21264489	 0.22441914	 -2.89302708	 
-0.86019797	 0.20635544	 -1.50974379	 
-0.14228852	 -5.31353393	 -2.70970241	 
-3.13889878	 -0.57104009	 -3.12581724	 
3.22691429	 2.12111322	 7.76580713	 
-0.99451168	 -0.61019143	 1.82415219	 
-5.66293974	 2.40133998	 -2.32203865	 
0.38259731	 5.96267273	 -3.00148227	 
0.44008618	 -6.59835512	 5.24800117	 
1.40925435	 1.49416660	 14.60593598	 
-0.18783182	 -1.01540528	 -2.06935698	 
-1.60821794	 -2.42225810	 -5.42605690	 
2.67407765	 0.81660472	 -2.09343304	 
-2.98991393	 0.86264441	 -3.00333558	 
-2.79645053	 -0.00383400	 3.50678497	 
-1.28794096	 0.88825365	 2.19369052	 
-0.61713558	 -2.48882906	 1.30130538	 
-2.35587431	 -1.74903294	 -3.80571638	 
3.70411641	 1.16518799	 -2.87586943	 
2.99508106	 2.57148653	 -3.25813025	 
4.02646670	 1.23001016	 2.85987857	 
1.87020220	 -0.22046890	 1.37425506	 
-2.69721794	 -5.11311524	 -8.39765006	 
-3.78909971	 -1.15449604	 3.31854572	 
-2.12911393	 -2.32517584	 -3.20433206	 
0.42389721	 1.51658273	 4.41621622	 
0.12544778	 -0.58378488	 1.94298879	 
0.63729638	 0.42213635	 -7.16920966	 
0.40840861	 -0.69764615	 -1.86669059	 
-1.34400646	 -2.62870341	 -3.43039616	 
3.68631437	 0.48890626	 -3.55847625	 
0.86586368	 -1.86715040	 -1.77192029	 
-1.84588500	 4.30733624	 4.45476083	 
-0.30878371	 -1.33505605	 6.96213061	 
-3.61553117	 0.90862176	 8.75987036	 
3.37396698	 1.25495697	 -5.54146552	 
-2.00375704	 -3.56701124	 -5.41197664	 
-1.41836217	 0.50454222	 4.13043371	 
1.37575680	 1.53524302	 5.43779939	 
-1.15609315	 -1.87342408	 7.60606282	 
0.09187601	 0.56091311	 2.39841989	 
5.42044443	 -0.21440064	 4.90498577	 
-0.56559111	 -1.60054044	 5.77504302	 
-3.59309162	 -3.54781548	 4.77443532	 
2.56920925	 -1.77505493	 -7.70913760	 
-0.94712785	 -0.19837239	 2.34138956	 
-2.25508719	 2.22812448	 -4.46419156	 
5.32127836	 -0.48264668	 5.18383849	 
-5.62952747	 -6.01477438	 -4.46600206	 
0.70751823	 -1.48899871	 -4.49174581	 
-1.79611217	 -0.79689188	 2.00549950	 
-2.95843695	 1.41791038	 -2.81509192	 
-0.98102907	 -0.96764122	 -3.70379625	 
2.96994728	 -0.35115420	 3.32661495	 
-1.86078336	 4.25249436	 4.32767760	 
-1.16817172	 1.33995012	 3.32235110	 
0.95471299	 1.65246828	 4.58755269	 
3.08980265	 -2.41870600	 2.57166363	 
0.35401976	 1.18620752	 -3.30310119	 
-1.53530220	 -2.78074997	 3.01116523	 
-0.66372662	 -0.65471941	 1.13267077	 
-0.69223100	 1.82724732	 6.27849083	 
-1.03179225	 6.79897216	 -3.47102499	 
-4.72096871	 -4.46360580	 -3.74968907	 
-2.26401506	 -0.46229635	 2.18301523	 
1.06735759	 -0.58927781	 3.59962008	 
-1.39669386	 1.47090788	 -7.02630577	 
-0.11913121	 -4.05976776	 -3.10480998	 
-6.66910971	 0.47981595	 -5.77905028	 
-0.69263895	 -3.09062955	 -1.88299204	 
2.95128175	 0.39801035	 2.36052041	 
-1.66304495	 3.72765940	 1.38301226	 
-0.92503354	 -1.39410127	 -2.87381809	 
-6.50025384	 0.28284687	 -9.30882523	 
-0.66602821	 -1.35241407	 -2.32529855	 
-1.78467219	 0.24973762	 3.70848116	 
-0.94124817	 0.36884122	 3.00332131	 
3.06135121	 -1.32633602	 2.06328098	 
1.11391436	 0.09364221	 -0.73694088	 
1.27706216	 -0.03603620	 6.09360655	 
0.62818852	 -0.56089464	 -1.87179335	 
-2.05372275	 1.82902228	 3.32092301	 
2.28420822	 -2.64117338	 -1.31943923	 
-3.29410450	 -0.08585593	 7.62494223	 
-0.71721233	 0.45349982	 -4.48998499	 
1.33425537	 1.45878340	 -2.81023754	 
-1.95488267	 2.73965394	 -1.76007551	 
-3.43858645	 -0.10234768	 -5.12586528	 
-2.51823387	 -2.10686578	 1.89673758	 
0.65481807	 1.83493799	 -4.82085904	 
2.60924091	 -1.49544479	 4.55886100	 
-1.16123782	 2.05508164	 -2.60893789	 
0.37427267	 2.30338811	 -4.53736356	 
-0.24943667	 0.14884728	 -3.49108037	 
-2.53637053	 4.59031057	 9.38590352	 
0.93021168	 2.27276484	 2.19518676	 
5.82579698	 4.60247039	 4.51492932	 
-0.74369224	 0.96452835	 -1.98029476	 
-0.66228568	 6.00105970	 -2.00828542	 
0.98427408	 -0.18154979	 -4.29287573	 
-1.87925089	 2.60537807	 -3.54048943	 
-2.15992583	 -4.48674880	 4.48427511	 
0.46290579	 2.30703008	 2.22004282	 
-0.56778693	 4.14530116	 2.62688757	 
-0.91295803	 6.26154581	 2.75780484	 
-1.53749073	 -1.11968418	 -3.13700024	 
2.05970822	 -0.08882690	 6.65890889	 
1.62867853	 0.73592555	 -1.25870439	 
3.28937767	 -2.19788096	 -3.37203415	 
-3.32944048	 3.19773554	 -3.63584853	 
0.13523565	 0.35971340	 -1.09429785	 
-0.46881144	 -0.10773628	 5.55668337	 
4.27960332	 -1.12737691	 2.58984986	 
5.63037562	 3.08547132	 -5.20017422	 
-1.30360542	 0.32174486	 -5.16504753	 
-3.43202377	 -1.63440429	 5.44401246	 
2.24381073	 -1.30166833	 -7.60391642	 
-3.17000551	 -1.84274787	 -4.05301274	 
0.07469036	 -2.52152201	 2.32479297	 
2.09931008	 -0.29292100	 -1.58103056	 
-1.69218010	 2.76762680	 3.95315482	 
-0.38701282	 0.97828764	 5.08282350	 
1.35636050	 -0.43450989	 -2.97878334	 
1.10633053	 -4.78777408	 2.14368610	 
0.97772125	 -5.89683509	 3.30517642	 
-3.68780770	 0.57743299	 3.51132782	 
3.34370650	 2.79906623	 -8.94217704	 
-4.21452884	 1.34808638	 -2.51682812	 
1.11098648	 0.58741201	 -5.52668972	 
-3.42865174	 -2.16689259	 -6.07999789	 
-1.61226287	 -2.42829378	 -4.67102999	 
2.54535797	 0.87792950	 -2.46926499	 
2.40072772	 4.10306516	 3.75508810	 
-3.24892668	 3.03323217	 4.21505002	 
1.02455520	 -1.56668926	 -5.40908378	 
1.29237540	 2.44112800	 -5.16718965	 
-5.40679093	 -3.73522234	 4.26528229	 
-2.34588615	 8.54420141	 5.00401904	 
-0.42028784	 1.05447032	 5.14184224	 
4.52866181	 3.66358953	 4.20543681	 
-1.33851233	 -4.34049767	 4.68789692	 
0.54876387	 -1.32362624	 -5.70592380	 
-0.26021379	 0.24868310	 4.81380956	 
1.53476431	 -2.87923253	 2.73753209	 
0.43002829	 0.68102728	 0.78730060	 
0.19346318	 -0.37269333	 -1.17979559	 
-2.82080309	 -3.24668592	 6.49140959	 
-3.78484642	 -5.23077162	 7.90177933	 
0.57480315	 0.59261210	 1.14854471	 
-1.81107131	 4.02201440	 -2.73048449	 
1.52894583	 -0.06768498	 -1.50491680	 
6.78247922	 -3.27245729	 3.91295923	 
0.49800162	 0.66860139	 -1.55279084	 
0.51665166	 1.53437372	 2.97721063	 
1.55623645	 -7.48792151	 5.19310569	 
-1.28311539	 -1.05252169	 1.01376590	 
-1.69143976	 -2.28511807	 4.59730142	 
-0.93325273	 0.13891904	 -1.10095285	 
-2.50114661	 -2.57939804	 -4.76550048	 
0.63139979	 0.05919377	 -5.70924302	 
-0.07599569	 0.52506286	 1.23067486	 
-2.31245208	 1.76126983	 1.41820063	 
0.47375461	 2.42781247	 -5.04353973	 
-0.95082281	 -0.92996826	 3.73330813	 
1.50912070	 -0.03359445	 -1.83610488	 
0.22092603	 1.71989252	 2.11393361	 
-1.29401262	 2.85739409	 -4.74602830	 
0.95663709	 0.19624435	 -0.74497375	 
-5.11360664	 3.96903674	 9.02806735	 
2.43101854	 2.80166844	 4.11107296	 
-1.50301849	 1.73910688	 -4.87328048	 
-2.66244700	 3.86185784	 -6.21362791	 
-0.56127233	 -1.33488025	 -3.10514347	 
0.14763102	 0.99546360	 -0.56334106	 
-0.38725302	 1.25363741	 1.39427564	 
0.14175934	 -0.72321061	 -2.27620957	 
3.68797956	 0.43709535	 -8.54365637	 
-1.55646318	 -4.14422711	 -7.37859777	 
1.28323956	 4.64463289	 1.86311468	 
2.30800037	 5.53645894	 9.01878700	 
2.96610203	 0.21136133	 -5.96810397	 
-1.74812944	 -0.69764460	 -2.67833557	 
2.47353515	 3.54117845	 2.71684728	 
0.08714229	 -0.27912907	 -3.67535894	 
-1.10130566	 -0.20477592	 4.53574105	 
-5.32819088	 -3.54966033	 2.98972074	 
-0.74859523	 -1.62884784	 3.78218118	 
2.36404768	 0.74301799	 -2.06433029	 
-0.84027894	 -0.18758926	 -2.84137165	 
1.63268938	 -5.67146187	 2.86314581	 
0.60996611	 4.25454436	 4.40593955	 
-1.91953845	 -2.92700292	 -2.58149651	 
0.19232549	 4.27337346	 -4.43986331	 
1.11046624	 -1.96970028	 -4.78226646	 
1.86291425	 -2.31827713	 3.01759841	 
0.14143052	 1.83873809	 -2.68727189	 
4.98654123	 -1.11114507	 3.55249168	 
-1.68628079	 -1.39138437	 -5.62185554	 
0.25679286	 2.86213931	 -2.85529924	 
2.89406260	 -5.43183247	 5.10091172	 
-0.34936061	 -0.65090667	 1.87846957	 
0.52034799	 1.37897931	 3.22272637	 
2.50799130	 -2.39390617	 3.87508941	 
0.77588833	 -0.74092843	 3.07258280	 
-1.63219536	 1.30108413	 1.10875500	 
-0.36004289	 -0.32901384	 -1.04452908	 
1.55125459	 -0.42334695	 1.84947399	 
-0.98062360	 0.19759594	 3.70372603	 
4.23937748	 -1.20770660	 2.95112077	 
2.70133568	 4.34120745	 2.11033955	 
-1.86293647	 1.54660847	 1.99782521	 
-6.39062008	 -0.77005549	 8.16833705	 
0.19072636	 -2.04800398	 6.12437872	 
-0.34355503	 1.36266900	 -3.73925747	 
0.48887039	 -0.22508792	 -3.52887576	 
1.99112630	 -1.04318755	 -4.07824328	 
-3.87558220	 -4.18733157	 0.98342607	 
-1.56865965	 -1.70521375	 -3.57630722	 
-0.50631747	 0.47546092	 -2.30697353	 
4.38441109	 -2.03338353	 10.20651628	 
2.16269167	 -7.87963937	 6.80287739	 
-2.62532707	 2.31121808	 2.78112944	 
-0.26575600	 1.11217448	 -5.14373268	 
-1.32785178	 -0.65474935	 3.72380812	 
0.01216581	 -1.05406481	 1.36620647	 
-0.54472512	 -0.02189750	 3.01623442	 
-2.36800089	 -9.69069100	 -4.63102425	 
-0.62968770	 -0.82813958	 3.04524990	 
2.91274158	 2.36670833	 -1.48521415	 
-2.20419221	 -0.57567976	 5.48794076	 
0.76368146	 2.15382076	 -4.39908386	 
-0.74852160	 0.13682303	 1.19165680	 
0.82533745	 0.62409650	 2.29280148	 
-7.30995449	 0.52819243	 -5.61076561	 
-1.71459618	 -0.19887619	 -4.24024157	 
-0.66190058	 -1.42768608	 2.89945330	 
-2.38196278	 -2.92728931	 -3.86610469	 
0.86434138	 -0.80197495	 -3.08208962	 
-1.91930272	 -0.42601595	 -2.06599407	 
3.69361008	 2.59852325	 -6.75015271	 
0.06563695	 -2.89766383	 -4.61276891	 
1.90243552	 -1.83747657	 2.73726899	 
-1.33364135	 -5.21540989	 -5.07682381	 
4.41620406	 -1.12962469	 -7.63444188	 
1.60490039	 -3.90486313	 -4.04611446	 
-0.80978159	 0.31053308	 2.41663450	 
-1.84712344	 -0.20080490	 9.35810112	 
0.54353901	 0.75002322	 -1.50769332	 
3.17489173	 -1.89065573	 2.13693456	 
1.07081725	 0.40783410	 -6.69991122	 
-1.43268264	 -0.67339408	 0.78114258	 
4.00423219	 -3.31862083	 -1.65834119	 
3.49237214	 -2.43451732	 -3.85397116	 
-3.39333732	 -4.58595187	 2.42684708	 
0.86656585	 2.90880949	 3.73759941	 
-0.80511708	 0.97162494	 2.23975584	 
0.05101727	 0.84398570	 2.80033940	 
-1.44881752	 -1.78719143	 2.27508045	 
-1.00229666	 -1.24128517	 -3.73904516	 
-3.55744155	 1.79347964	 3.67347576	 
0.39503551	 -8.66075272	 -2.23840861	 
-0.34914847	 3.94660483	 -2.57587449	 
-0.01790879	 -0.40784721	 1.77204346	 
0.24503254	 -0.95724607	 4.30869753	 
-1.36403488	 -2.30558358	 -4.49013423	 
0.46862899	 -0.74106188	 -2.45848946	 
-0.26273358	 0.37021917	 3.07959451	 
0.03580638	 -0.17812076	 3.55745390	 
-2.93011562	 4.13678295	 5.12153009	 
-2.03855025	 2.34733168	 5.67689787	 
0.62479474	 1.39516432	 0.75243582	 
1.58951990	 0.37545772	 -2.51991134	 
0.90796588	 -1.43968300	 -4.58785833	 
0.89993174	 -2.98445840	 -1.96374334	 
0.89665322	 -3.43902473	 -3.46211464	 
1.02539263	 1.60582619	 3.48778443	 
-1.49449709	 0.01859477	 0.98947579	 
-0.21863335	 2.64610226	 -3.94068552	 
-0.63094066	 -1.32664353	 -1.74445624	 
2.48993373	 -1.38849348	 5.86817139	 
-0.39550094	 -0.57191404	 1.64797478	 
-0.53095267	 -0.62646403	 -1.97233779	 
-3.11168542	 1.91639671	 -7.82459067	 
0.40147297	 1.54644433	 -2.35346848	 
-0.56628251	 0.09809337	 -5.83292081	 
0.47727916	 0.43149655	 -1.66475991	 
4.83412879	 0.47075772	 2.51365093	 
-1.83139591	 4.55348848	 -5.00828703	 
-1.06717241	 3.64680636	 2.83480106	 
2.12866851	 -4.94726886	 6.44819054	 
1.84408789	 -1.38977864	 6.93381728	 
2.15505500	 3.22415523	 7.49044932	 
-0.15616005	 -0.32399024	 3.29942063	 
-2.70221304	 1.37112842	 2.61038997	 
5.15357927	 -3.11905221	 -1.52478493	 
1.03274866	 -1.13597745	 -3.40370081	 
-0.80190818	 2.22327936	 3.05636324	 
2.68448851	 0.14657505	 -3.24577202	 
-0.11486334	 0.04063282	 6.23424226	 
1.20699637	 3.80862296	 -5.05752012	 
-0.58938256	 -2.44900862	 1.83002045	 
-2.39385656	 -2.98588129	 -2.41799566	 
3.82687865	 0.92169389	 1.64480994	 
-0.61491371	 -1.30664310	 2.03303605	 
-3.65466345	 -2.77183787	 -2.15380833	 
-2.14440768	 1.33360015	 -4.76099356	 
3.23816068	 -1.71297018	 -4.85712626	 
3.95959986	 1.75910394	 -5.16794168	 
-0.92523808	 -0.20380889	 2.96881674	 
1.95651609	 0.42346986	 3.64237892	 
-1.79783053	 -2.68261244	 -2.72704179	 
-1.78230015	 1.83455101	 4.04694028	 
0.34945994	 -2.37644411	 2.39665315	 
0.72195285	 -2.67115761	 4.97764646	 
-5.87895651	 -1.56983390	 4.75247925	 
-0.35350357	 0.79408793	 1.74835336	 
1.83262420	 1.85071397	 6.58041240	 
-0.78601255	 -1.16285620	 2.92909544	 
2.99552625	 0.07306451	 3.70932673	 
0.32884843	 -0.22117855	 -1.84102156	 
1.07192028	 1.60289328	 -2.01875671	 
2.60316982	 -1.11297115	 -5.67076090	 
-2.85258386	 -0.79799486	 -7.70368191	 
-0.14492603	 1.92309160	 -0.36592565	 
-1.23454696	 1.30568320	 -3.25326633	 
-1.41475743	 -2.89116814	 -0.98708664	 
-0.72050301	 -2.02000909	 -3.89318308	 
0.44469402	 -0.43013122	 0.76767128	 
-0.18007395	 -4.52878128	 -3.68821708	 
-1.44022195	 2.14359389	 -4.20088707	 
1.69297710	 1.38204995	 8.63391377	 
1.55190444	 0.75232328	 -3.79851478	 
2.60597925	 -1.80348573	 5.46254268	 
3.17896911	 3.32508847	 -6.46767186	 
-2.12863655	 0.32834985	 -7.09579332	 
2.88785989	 -0.61915650	 -1.63275396	 
-0.67146348	 1.61065654	 -4.00338396	 
-1.34000824	 -6.20691657	 -6.42154942	 
-4.76511040	 -5.59942467	 11.73098758	 
1.24115944	 1.65408572	 4.43977790	 
-0.20676924	 0.93450550	 -5.65787634	 
-7.48018059	 0.56168483	 -2.24656843	 
-0.39231617	 0.06613372	 -1.65977097	 
-1.07920420	 -5.58784812	 2.88141178	 
0.00284268	 0.65095953	 4.59626413	 
0.30988584	 -4.05603988	 -3.17927709	 
-0.05317161	 -1.36611507	 7.07744524	 
1.78822918	 -1.15515347	 -2.56992300	 
3.26007944	 0.63787524	 1.26749732	 
-0.06422239	 1.33452851	 2.83784990	 
-1.23704666	 1.08451368	 4.72942657	 
-2.06948356	 -0.90169828	 1.61325451	 
-0.62415930	 0.69785640	 -2.42154035	 
1.40905348	 -2.90779877	 1.09108879	 
-2.98211652	 1.60657022	 -6.89438784	 
-1.39900302	 0.91262324	 2.56295585	 
0.99969472	 0.93463309	 -0.69900820	 
0.01395836	 2.10839861	 4.11370730	 
1.15605806	 3.33626904	 -5.54162884	 
-4.75953477	 -5.31994239	 -8.94871197	 
-4.54951272	 -2.99278432	 5.37310229	 
5.64338295	 -0.28243084	 -5.10761993	 
-0.44299764	 -3.54281221	 -6.89758861	 
0.88546946	 0.48611776	 2.40121183	 
-1.34549679	 -6.18388120	 1.74015710	 
1.99743630	 4.65690602	 -4.11950620	 
0.91862668	 -0.72666144	 -4.07560332	 
-2.84077616	 -3.84099156	 -3.04736577	 
6.09525716	 -0.93898864	 -3.18635207	 
1.50524660	 -2.19055995	 1.21542600	 
0.82120576	 0.43532217	 -7.85869623	 
-0.32704802	 -2.21086248	 -3.09072790	 
4.61399552	 -0.31715544	 2.55357543	 
-1.69283996	 -0.17697462	 6.04264196	 
-2.61554984	 -2.08163183	 1.05840938	 
1.35194800	 0.28255777	 -4.72260783	 
-0.07357290	 2.36330334	 -4.42165481	 
0.84836630	 0.34254120	 2.63470733	 
0.22625450	 -4.10082576	 -8.47140519	 
1.24523042	 1.86284703	 -0.87119912	 
2.32583009	 1.41595025	 -2.78526426	 
2.66551014	 2.87549524	 -5.31406930	 
0.47383730	 -0.12792204	 -2.89133749	 
-1.40394946	 -0.67715591	 -3.26227498	 
-0.39812823	 -0.93530418	 -1.75793283	 
-3.17350252	 -3.58258084	 -1.34398884	 
2.42665043	 2.12763096	 -4.34300763	 
-0.90512821	 3.34015054	 3.26035332	 
-2.38640156	 1.22600497	 -1.94476835	 
0.38782703	 0.50074570	 4.15792104	 
-5.47859783	 -0.70723248	 -2.83835719	 
8.36601875	 -8.27819051	 -3.85707537	 
0.59031557	 0.01745678	 -1.22624179	 
0.47180246	 -0.05890633	 2.73547832	 
-1.13132637	 0.04257158	 -2.72223311	 
1.33356328	 0.96660080	 -2.21118119	 
-0.98136007	 -1.17357314	 2.46840694	 
2.49774634	 -2.76936811	 10.36306944	 
-0.25335220	 -1.86728585	 5.04323565	 
1.28397885	 0.66781985	 0.97630604	 
-1.44129374	 -2.88238468	 -1.46920512	 
0.13694330	 2.19761802	 0.90617903	 
-3.65834519	 -1.90006943	 6.16753095	 
-1.32415769	 -1.34796352	 -2.01515028	 
-4.73715853	 0.68036697	 -4.80174209	 
-3.68420863	 1.02026011	 -5.32690201	 
-1.44592465	 0.35721237	 -5.25829848	 
4.16929481	 -1.22489592	 -2.71757635	 
0.05722560	 -0.52439298	 2.04668153	 
6.42553664	 -2.80101101	 5.28268083	 
2.80451362	 1.72435537	 4.36421234	 
-0.36242649	 4.03295787	 -3.20235231	 
-1.55332392	 -0.13699259	 1.36637915	 
0.05442939	 3.48891012	 3.98044430	 
-1.84814301	 -1.81901475	 2.88597454	 
-1.23592945	 2.69127716	 -3.69426661	 
2.14520712	 -1.36899385	 3.21733025	 
2.72925473	 0.93047921	 -3.72789554	 
3.90973482	 4.41522219	 1.61794944	 
-0.90697698	 -0.26400475	 7.06137245	 
2.19716165	 -0.09513936	 4.14038381	 
0.46738956	 2.37674948	 -2.47072965	 
1.02890087	 -1.03980945	 -3.51067145	 
0.52581236	 -0.02090853	 -6.19765731	 
0.27676318	 -2.40364274	 4.40571655	 
-0.10317790	 1.78447414	 1.41977548	 
-3.37466580	 2.01990595	 -5.00332727	 
-0.54940700	 -0.50415584	 -4.63987684	 
-1.78283308	 -1.57494007	 -1.96179939	 
0.33868391	 -2.70135646	 -4.41984333	 
0.81596464	 -0.98194179	 -1.04528276	 
-0.66027614	 -2.60969223	 4.43409902	 
4.41148278	 -1.53573295	 10.03975568	 
-1.71280288	 -0.03241132	 -4.42952142	 
0.67939134	 1.36395135	 -3.74336664	 
-5.15651760	 0.70275037	 2.13840868	 
-1.08128280	 1.97529408	 1.88135268	 
-1.29185807	 0.99902270	 3.04559536	 
-3.81713632	 0.92615651	 -2.67500051	 
-0.74694265	 -0.55510497	 -1.94619737	 
-3.75631853	 1.93285095	 3.14886165	 
0.92089237	 -1.45708045	 -2.66309374	 
0.36203634	 -1.87046596	 -2.88549368	 
0.96148834	 2.19788985	 6.95263941	 
1.88955723	 0.38283044	 -3.18870691	 
-2.39532234	 -0.66872772	 1.92600626	 
3.64793477	 -4.50378845	 4.28097173	 
1.85986612	 1.58203359	 -1.98409395	 
-6.06365809	 -5.60570886	 -8.36665539	 
-0.24395136	 -1.18746668	 -4.02929832	 
-2.28292616	 0.19556103	 -4.33239232	 
2.55260199	 1.16678104	 -2.77890887	 
-0.28804316	 3.01357978	 -5.91395270	 
6.05826720	 -4.52319654	 -5.01944744	 
0.61018265	 -1.08687295	 7.98213580	 
2.46750734	 -2.82806301	 5.00541659	 
1.03676146	 -3.61273734	 -3.69359287	 
-0.62503645	 3.42465252	 5.30212737	 
-0.67026566	 -1.95354114	 4.39365863	 
-0.07759602	 -1.69126018	 -4.00178748	 
-0.85931794	 1.87383907	 -3.14971984	 
0.98544750	 -0.45835231	 6.56357541	 
0.86001811	 -2.66200896	 3.01112869	 
1.72435797	 1.28005395	 4.35983393	 
0.68846573	 2.33535316	 2.57368851	 
-0.40163602	 0.62983445	 4.99540131	 
2.80526714	 2.57259916	 -3.35470877	 
2.14987354	 1.61941122	 1.94074232	 
-3.22037402	 2.33141817	 -0.81772516	 
-0.81866817	 2.39269571	 3.22897378	 
2.99727416	 4.39172672	 2.67313348	 
0.89401027	 -0.98402766	 -5.47700826	 
0.50063518	 3.69476432	 -5.80501113	 
3.08016925	 -0.78601654	 -14.21118461	 
-1.11898745	 -1.17364882	 1.93621495	 
-0.37720617	 -0.98592349	 -1.19853566	 
-2.05534509	 -7.60307125	 -2.77438465	 
-2.47167443	 1.02946814	 -4.19775850	 
0.09396509	 2.03634522	 2.84863603	 
2.36351229	 -0.36824613	 0.84815069	 
4.11991429	 -0.78278230	 2.15971547	 
0.05855281	 2.03935270	 -2.51122209	 
1.10996026	 1.20112546	 -6.64592769	 
0.98246028	 -1.87986121	 6.98843836	 
1.02214252	 1.31911169	 -2.04009352	 
1.75176158	 -0.76303148	 0.99836743	 
1.62276238	 2.02284957	 2.83348391	 
-0.74717551	 3.31805244	 -3.29869779	 
0.61963705	 0.42197461	 2.07992594	 
-1.53488420	 -2.46177961	 4.55314491	 
-2.88413434	 -1.54423638	 2.42307434	 
1.13389954	 6.79035350	 5.19618628	 
2.89336451	 1.90253645	 6.91782975	 
-4.38492857	 1.38562312	 3.71396677	 
-0.41595939	 2.66824112	 5.17158061	 
3.59032305	 2.38491907	 8.20237436	 
-1.60130026	 0.25292131	 -3.11329319	 
0.63352725	 1.47800137	 2.12996331	 
-3.64477112	 5.11397319	 -3.85668703	 
6.18328448	 0.56442640	 -5.74471571	 
-0.68910717	 0.35406336	 1.41235274	 
0.60863758	 2.82063711	 3.23455378	 
-0.58208207	 -0.30041631	 -4.17772734	 
-2.86526956	 0.97478712	 -3.00340940	 
0.07529108	 -1.62847665	 3.89575520	 
-1.66321599	 0.21712346	 -3.86772592	 
-0.98944637	 -0.72912589	 -1.67801767	 
1.90420425	 0.93562330	 -0.32071868	 
-3.87575459	 5.45089141	 -7.52603298	 
2.47688512	 0.83330784	 -5.29409293	 
0.33500350	 0.12903950	 2.87920021	 
-1.47426388	 5.04950125	 2.71915706	 
1.87573029	 -3.03153548	 -8.66748233	 
-2.51756622	 3.72919444	 -3.05350208	 
0.30692944	 -1.66468893	 -0.73837423	 
0.36276079	 2.36585781	 5.69197077	 
-1.99084360	 2.90023668	 -4.89005821	 
-4.91062164	 2.94670812	 -2.08097385	 
3.79096776	 -1.76238290	 -6.69504868	 
7.10562484	 2.45792376	 -1.07649244	 
-2.28409821	 -0.17187276	 6.07500592	 
-1.32292121	 -0.46279138	 0.48954256	 
0.75329415	 0.02777756	 2.08549888	 
-0.51158356	 -3.09933111	 -6.69353656	 
-0.25253752	 -0.21168884	 -6.10168711	 
-0.42537368	 0.32887720	 -2.45882224	 
1.17690944	 0.75230088	 -2.30985175	 
-0.43296119	 -0.37926514	 1.24146680	 
-0.91412527	 -3.23869532	 2.66878533	 
-1.65172862	 0.17921980	 4.95533809	 
-1.26036980	 2.98109277	 -1.61745654	 
-0.27293730	 -1.49793708	 3.27702586	 
-3.89888733	 -0.61772598	 3.24047142	 
0.10021867	 -6.14846636	 -3.52169655	 
-0.21922125	 -3.17363948	 4.05268869	 
1.18435270	 2.54592728	 -7.42598531	 
0.53407682	 0.46275828	 1.62717257	 
-3.92397944	 1.24630597	 5.64704443	 
0.64808918	 -0.90448316	 2.04852740	 
-0.91598639	 -0.79172489	 4.42797703	 
-0.27519206	 1.82078794	 1.24168437	 
1.88853878	 1.69357486	 -4.65072677	 
0.40115122	 1.88642957	 -3.25697280	 
-0.72914392	 1.02476263	 0.95780690	 
2.28198216	 1.54935887	 1.07326099	 
0.64576676	 -0.54069515	 -3.40779123	 
1.77480086	 3.50098390	 2.77995225	 
4.68244608	 -1.71745128	 5.32028781	 
2.12190293	 0.05612085	 -7.17473876	 
1.81260457	 2.49325370	 -5.35422008	 
-0.89069246	 2.46450319	 -4.85295824	 
1.11403236	 0.24625328	 -2.38675135	 
2.97971332	 -3.54167270	 3.14816039	 
1.62374424	 6.02322175	 3.91300119	 
-5.19782886	 -1.34855404	 4.62461808	 
-1.86065873	 1.08083202	 -2.74551455	 
-1.69770661	 -0.74185229	 3.76203470	 
0.13880819	 -0.98009234	 1.80379670	 
2.36887946	 -0.62153234	 -1.62916511	 
-3.17114888	 1.20866323	 -6.75005089	 
-0.20956924	 0.14672772	 -1.92357450	 
-0.43453966	 2.34227589	 -7.30669048	 
6.21173126	 3.43991692	 4.71510247	 
1.71006559	 1.40664646	 4.60043974	 
0.35419173	 -2.30488853	 7.86268458	 
0.62119101	 -1.22900249	 2.77933529	 
2.00550710	 0.10687528	 -3.90701853	 
2.32425676	 -0.59886548	 -2.04205205	 
0.61471179	 1.63934282	 -3.23689047	 
2.45572202	 -2.66505429	 -2.29930617	 
-4.33138783	 -0.59401284	 5.24013741	 
1.55147707	 1.03175408	 -6.39622058	 
4.35800537	 -0.84194415	 -4.23943605	 
1.58356200	 2.35174600	 -1.51282588	 
0.33578126	 1.81396094	 1.76948203	 
-0.80392027	 -0.22332332	 -0.85666000	 
-1.81639695	 0.39652000	 3.75969698	 
0.26713997	 -1.37747061	 3.72797414	 
-1.75154321	 0.70266808	 2.56253343	 
-0.97892852	 -1.54541930	 2.39422433	 
-1.38144055	 0.11302746	 1.72589643	 
3.52083636	 -0.25741633	 -3.82209821	 
-0.22517648	 3.51873579	 -3.34163686	 
2.77237997	 -1.61533549	 -3.98726929	 
-0.38824559	 2.72581167	 3.00695606	 
-0.94982195	 0.24381405	 2.73558646	 
4.90514502	 2.15978457	 -10.37271941	 
2.30366912	 -0.56123330	 4.13117747	 
-1.36039497	 -0.85682503	 -1.38299680	 
-0.35302598	 2.85213532	 5.63121744	 
3.04613239	 -0.52326778	 -3.48418133	 
-0.82153488	 1.20195693	 7.57739425	 
0.39109857	 -1.25819745	 1.45812739	 
-1.55439396	 -5.98532506	 6.46905256	 
1.27421125	 -1.27240339	 3.83695321	 
-1.29452625	 -2.14586015	 -5.22423470	 
-2.36531745	 -1.10547951	 5.00491681	 
3.78851861	 -0.10798437	 3.75334037	 
-1.18398887	 -0.53560068	 -4.03447808	 
-3.84069675	 0.78113494	 -4.08020238	 
-0.61200742	 -0.18845381	 -1.28069544	 
1.10364328	 2.55009595	 -10.44409753	 
-0.26366015	 0.60731619	 1.67834257	 
-1.34816941	 -0.93824963	 3.20860040	 
0.33162904	 2.25056820	 -1.48598487	 
1.80692766	 2.32049832	 2.39575543	 
-1.03252373	 -0.85961608	 -1.37744194	 
-0.67921685	 0.31494267	 4.69959887	 
-3.11822009	 0.45914262	 5.61490407	 
0.72140108	 -1.93696028	 -2.66245674	 
-2.70119102	 0.51791940	 2.88582934	 
-1.83371171	 0.63624035	 -6.53063669	 
6.89913699	 -0.03642265	 -4.53330542	 
0.89097746	 3.78588139	 -4.92242670	 
-2.21451776	 -0.83189801	 1.60532110	 
-2.10908985	 2.59694520	 -3.77376430	 
0.44001278	 -1.66664363	 -3.61074064	 
-0.61800808	 0.23596034	 3.13240882	 
0.14059102	 -0.46552371	 -6.19388773	 
2.06505968	 -0.80444759	 -2.15971401	 
-0.94347798	 -0.88863541	 -2.58788873	 
-0.49526856	 0.34158152	 3.51863069	 
1.82083455	 -2.96771123	 -6.11727569	 
-3.92618940	 -1.30755882	 -4.96757009	 
1.56834906	 -0.54233074	 -7.46374381	 
2.56469027	 -4.13256319	 2.84547070	 
3.37430149	 -2.65267840	 2.68376358	 
1.12769697	 -0.11136578	 3.23534530	 
2.67698938	 -1.01133104	 -4.71193486	 
-1.77850986	 0.97916100	 -3.24422774	 
1.23855985	 1.71270845	 1.92116785	 
0.01769875	 -1.79946953	 -2.41831215	 
0.62224162	 -2.04832862	 4.79006262	 
-0.43707270	 3.75507205	 -1.47754670	 
-1.15747088	 -3.43964031	 2.53816177	 
-0.57653165	 -1.67546221	 -4.53208536	 
1.29841466	 -1.10231244	 1.79193497	 
0.20308800	 -2.24485298	 -3.44955727	 
-1.71768102	 -1.44373140	 -6.63425178	 
-0.51169843	 -1.32187925	 -4.38167890	 
-0.64700299	 0.17280967	 -2.95163777	 
-3.04991875	 -0.29645079	 8.42163251	 
-1.00324349	 1.35784604	 2.66296279	 
0.19271709	 -1.00099675	 2.86951848	 
0.27200111	 -10.45527224	 -5.35209711	 
0.70101606	 -7.51918340	 -4.84782335	 
-0.74455421	 1.34406967	 3.57051135	 
0.26217586	 1.43588146	 2.84927366	 
-2.73596207	 1.15592300	 0.94319052	 
1.26764246	 0.84803490	 -3.56958149	 
2.29078648	 1.49095858	 2.90972817	 
-0.86298908	 0.33273380	 -3.05950390	 
0.64924912	 2.15800680	 1.71460636	 
-2.76921097	 -1.96472073	 0.95044179	 
0.88566381	 -2.25784994	 2.12310427	 
-6.94920948	 -3.49019926	 1.77785626	 
4.48319796	 -1.34377481	 5.35657715	 
-1.84564900	 -5.00238625	 -5.25613510	 
-0.79030367	 0.52229006	 1.88384054	 
5.48608347	 1.91066916	 -5.28173347	 
0.42931303	 -2.58011248	 -3.50885759	 
2.12648719	 -0.86195618	 1.95516628	 
0.25830815	 -0.73114443	 0.67463450	 
0.06922345	 1.20084364	 5.07271550	 
3.96684925	 0.03579616	 -1.38279412	 
8.18002532	 2.01770334	 3.30047712	 
-1.30647153	 1.81850288	 2.28847444	 
-3.62026014	 -1.52102433	 5.91181007	 
-2.49812654	 -3.10865342	 4.93634565	 
0.39699140	 -7.04812526	 4.28682609	 
0.76404669	 6.44532778	 1.57982667	 
0.06660744	 -2.17878662	 1.57985187	 
-1.44634761	 -0.25148348	 5.30942513	 
-3.89252766	 2.67386807	 -3.03306637	 
-1.40706375	 -3.50841434	 1.96041985	 
-0.24859633	 5.06605422	 3.99343432	 
2.31044394	 -1.59888822	 2.12489561	 
0.76558655	 1.27313893	 -2.67477668	 
7.11599132	 -0.98433298	 4.69842569	 
0.65445202	 0.38577262	 -3.05912992	 
3.53689538	 -1.87926803	 -1.47799512	 
-1.01072590	 5.23890160	 -0.68369379	 
5.04953370	 3.51837719	 6.45561182	 
-7.35331788	 -1.70999549	 2.51649438	 
0.25908720	 -2.09500907	 -1.76562014	 
3.12666636	 -5.12755190	 2.51707469	 
-3.44517636	 -0.70701232	 5.34915421	 
2.25053982	 -0.33115460	 -5.16878069	 
0.56591229	 4.23300434	 -3.46462937	 
1.60292293	 2.32519207	 -6.49542136	 
-2.37487978	 1.29579436	 -1.58460299	 
1.41716474	 0.65105733	 -2.56324606	 
2.14828036	 -0.39661998	 4.30207030	 
-0.72693556	 -4.21638618	 1.32336535	 
6.11884585	 -1.45559603	 6.50401215	 
2.36247568	 -0.66835253	 0.71609922	 
-5.39543812	 -2.03106499	 -5.24617383	 
-1.04369771	 -1.80102767	 6.21643650	 
-3.05610250	 -1.41425454	 1.69167324	 
3.31417120	 7.17320188	 -5.10981689	 
-1.49249066	 -2.33036840	 3.91272311	 
3.07206090	 -0.72070825	 -4.39771770	 
-2.38392545	 2.98535828	 -3.90073201	 
3.06278709	 0.61766651	 -2.95147005	 
-3.55375895	 -8.59828185	 -5.04519576	 
1.06802133	 1.20892477	 -4.73359598	 
-1.51019716	 2.20096947	 -1.93312647	 
0.35097955	 1.88491381	 -4.08019498	 
-0.28351757	 1.47641578	 7.56221864	 
3.24660978	 -1.38099203	 2.38528114	 
-2.46856133	 5.12559874	 5.63205306	 
-0.36893226	 0.80205845	 1.15703324	 
2.69661392	 -1.83121851	 3.85578003	 
-1.45002509	 8.79133730	 7.37140127	 
-1.45531679	 0.35140873	 -3.31953056	 
-0.17135290	 -0.77640132	 -5.51106361	 
2.79696352	 0.65197862	 -5.30894416	 
-0.66128054	 5.13906955	 6.60391819	 
-3.83781281	 -1.10815062	 -4.77828685	 
-1.29947595	 -0.42380385	 -4.05204345	 
-0.80185045	 -0.60232045	 -5.79798506	 
3.70748674	 -3.73382204	 5.91688473	 
-1.50267924	 -0.16430630	 6.15901167	 
2.11401810	 2.04358706	 3.72750926	 
-0.70487591	 -0.55338939	 4.19685336	 
-0.52132241	 1.46436376	 3.16827123	 
0.52758465	 1.59261365	 1.98596617	 
-1.11597302	 -0.24556243	 -2.82085663	 
1.74903952	 1.58821282	 1.69643157	 
-0.73157322	 -0.38595783	 -2.49141291	 
1.13995153	 2.09252991	 1.92272270	 
1.62299444	 -0.79113678	 -1.38362226	 
-2.34280014	 7.23778890	 11.11713208	 
-2.96526249	 -6.05972634	 -4.11166097	 
6.24114605	 -4.17687830	 -4.92791502	 
-1.51654159	 -2.03004478	 -3.06694532	 
0.90743452	 1.34388243	 -3.11682426	 
-0.22468328	 2.44104818	 -4.05609409	 
0.06336710	 1.35872280	 -3.95580990	 
1.59619206	 1.77490368	 2.21265803	 
-2.94613428	 0.15320480	 4.18533873	 
-3.35579528	 7.16138493	 -7.91742775	 
-0.46492529	 -0.93947861	 -2.43643688	 
-3.32564755	 0.12249287	 -1.42066073	 
4.48488137	 -0.80010957	 8.91863056	 
-1.38617038	 -0.96108893	 3.10162040	 
2.02129697	 4.53501045	 3.03220236	 
-1.96626794	 0.70049569	 -1.37096174	 
0.27989912	 2.88781653	 -3.26415390	 
5.92996217	 -1.62442536	 7.89834887	 
-0.65312410	 2.36998563	 3.10831689	 
-0.30691706	 1.64131632	 -6.93881415	 
-6.57516352	 0.92415348	 -5.79797075	 
-0.89856485	 -0.32816114	 -3.67082865	 
3.47511022	 -0.86668185	 -4.99246477	 
-2.57796975	 2.77833421	 -2.39716664	 
0.26064816	 -0.14856058	 -1.17578533	 
3.25754698	 0.71888739	 -4.06321795	 
4.97215322	 0.08719102	 3.53991248	 
-0.48505325	 0.35397347	 2.58496767	 
0.95044142	 1.33146279	 -2.56701322	 
-0.24255604	 -1.91100004	 4.47168248	 
1.85353865	 5.69196780	 3.49519290	 
0.35859666	 -1.63119234	 4.31007162	 
-0.97473203	 -2.44357660	 -3.07405619	 
0.53869099	 -1.17651682	 1.02612856	 
0.03947479	 1.59062747	 1.30114338	 
-0.49617667	 -0.47380470	 2.18832468	 
0.23931051	 0.74139036	 1.41964105	 
-0.88655282	 1.03525317	 4.20630589	 
1.84102556	 4.95584399	 -5.98691991	 
0.32567310	 -0.21372022	 -5.35654780	 
1.73784180	 5.20980518	 -4.84929706	 
-4.03419622	 -0.69188264	 4.54788312	 
1.38645494	 0.61179427	 -1.02412656	 
2.19157035	 -2.74344698	 3.74522029	 
0.24889066	 -0.88538638	 2.18632635	 
2.32832321	 -0.35988488	 2.15852385	 
0.60939863	 3.08439338	 -3.97383801	 
-0.78367588	 -2.50173221	 1.91160452	 
-3.67666197	 1.43462479	 -2.72174352	 
0.02115299	 2.16301671	 -4.74194976	 
0.19069259	 2.12932378	 -5.72925473	 
-0.57087342	 -0.27660114	 -1.22183536	 
-2.47433829	 -3.82077455	 -5.24440186	 
1.63667541	 0.50207649	 2.39363152	 
1.09352817	 -2.08616515	 2.43775732	 
-0.66096293	 -3.95487162	 3.78577251	 
-4.85973509	 -2.95425909	 6.57609850	 
-1.99411151	 0.64186096	 -4.89084242	 
4.13352390	 -3.78028520	 -2.30892544	 
0.54127817	 -0.69747044	 0.91711592	 
-1.00396871	 0.12910646	 -4.12854151	 
0.89402374	 -6.57239313	 -8.91743640	 
3.06365959	 -5.61450470	 -2.82973250	 
0.48323713	 -4.16219904	 -1.21865089	 
-0.33542127	 4.17626212	 5.95874827	 
2.44686419	 0.02836991	 5.65818042	 
3.15927820	 0.47210501	 1.12103553	 
-6.30175146	 -0.71696990	 -7.96416434	 
-0.62891571	 -1.35781267	 -1.81561395	 
-3.90944247	 0.69139039	 -1.48052300	 
-2.97496697	 3.86005889	 -2.41369117	 
-3.05595596	 1.74529523	 2.05346058	 
-1.13507864	 1.45218984	 6.78743269	 
1.76224639	 -2.03373510	 3.71297847	 
0.81108242	 -4.02448435	 1.06066084	 
2.17146994	 0.67236883	 3.77049869	 
-4.13171590	 -6.97378148	 -6.34994723	 
1.04470252	 -0.33971217	 1.95009513	 
5.28329590	 -3.67631178	 -5.90788422	 
-2.94987307	 -1.23640712	 2.23158501	 
2.91314973	 1.72724330	 -1.71088208	 
-3.38762102	 0.75745961	 -2.02761419	 
3.22597652	 -5.42891200	 7.75931996	 
-1.12261751	 1.72249326	 3.17220056	 
0.08725652	 -0.05497408	 1.55332208	 
0.95360778	 1.27177931	 -7.43243940	 
0.02545235	 -2.21437302	 -5.79582559	 
-0.04420047	 -0.38050204	 -2.46841040	 
-0.43287000	 -1.77470812	 -3.13333919	 
3.60848508	 0.75044449	 -2.34449450	 
2.43096423	 -3.67658005	 5.05567938	 
0.99574691	 7.01705805	 5.76477417	 
0.25884357	 2.46199957	 4.47293008	 
-0.23827604	 -5.25108986	 3.35322752	 
3.71269899	 2.02835719	 -3.84998395	 
-4.84128362	 0.98838305	 -8.06620218	 
2.97509113	 -2.70941727	 -3.81263298	 
-4.22008231	 -0.82915722	 -4.51088271	 
3.06956059	 2.61793683	 -3.45717482	 
0.64718882	 0.30542145	 4.13298220	 
-0.75744618	 1.28170705	 -3.25582895	 
0.63873493	 -1.43465342	 -6.03641537	 
-1.01995905	 6.65099572	 -6.91933283	 
-1.97034155	 1.98525900	 -3.23985875	 
-1.82233028	 0.19832957	 -1.86617884	 
2.79693643	 2.18525936	 3.00009327	 
4.49303384	 -1.65550643	 5.66268186	 
1.76767375	 -0.54541622	 3.40182367	 
1.16331487	 1.24963327	 -4.57332979	 
-1.79339999	 1.50341378	 3.46154518	 
1.81277324	 -2.08236113	 -0.76647079	 
-2.32526791	 0.83011750	 -4.67894418	 
0.44084988	 3.22539690	 2.82102395	 
1.03106801	 3.48699712	 -0.65456631	 
-3.45085980	 1.81921749	 4.54282118	 
-0.32010844	 -1.14024969	 1.66641023	 
-1.01429489	 -0.14313854	 -2.72488119	 
3.04666757	 3.23822364	 6.31656376	 
-3.26157027	 6.28031381	 -8.03493110	 
-0.65881823	 0.87277514	 2.83485293	 
-0.36551235	 -1.13999030	 -5.65433225	 
4.70710915	 -5.77056642	 -0.98634800	 
-1.77620935	 -3.02719823	 4.60200569	 
-2.40002692	 3.62052536	 -3.91031527	 
-1.14777858	 3.34494537	 -6.61771198	 
-0.55398149	 3.22178872	 -2.93121717	 
-0.29107456	 -3.62152580	 9.73283824	 
-0.31675056	 2.06417958	 6.73654583	 
-1.19336022	 2.00735042	 3.97514751	 
-2.22883963	 0.15929748	 -1.92443233	 
-0.76843919	 -0.51291463	 -0.89183450	 
-1.89566222	 3.25863427	 -2.61305149	 
-0.18819783	 4.43833357	 5.18076975	 
-2.40875002	 -1.99471860	 2.35751264	 
-0.78106376	 -0.97925870	 3.85784115	 
-7.65641819	 -1.63853527	 -5.28561491	 
-1.08316170	 0.72791021	 -3.13512631	 
1.70988652	 0.27684211	 -4.19341874	 
-3.30329785	 3.44192449	 -6.99382971	 
-2.49402935	 -5.96565478	 6.56387511	 
2.58182298	 0.58572087	 -5.39324838	 
-1.42734790	 2.78876130	 11.19958080	 
1.14114406	 0.00843628	 -2.62185869	 
0.80606382	 4.75474682	 -4.92144785	 
0.27730265	 -0.36358270	 -1.90175745	 
-1.54664867	 -2.67752533	 3.90344665	 
3.53566880	 -0.51324084	 1.15739620	 
-0.03285347	 0.51103848	 1.76486878	 
-1.06138639	 -0.54479917	 1.99876876	 
2.07437948	 -0.89584663	 1.76558505	 
0.25962373	 2.27053947	 8.65386591	 
-0.00614835	 0.10837260	 3.43200379	 
-1.88600821	 -1.09194334	 -2.55603254	 
3.19194763	 -0.53921743	 2.66368665	 
2.94271836	 6.30753093	 0.23773555	 
0.42898067	 0.51721475	 -1.69013082	 
-0.04056164	 1.86918672	 -5.66505918	 
1.65458701	 -2.82872006	 -10.42750923	 
3.80968896	 0.99538994	 -3.85054858	 
-3.01789150	 0.99118040	 4.25460177	 
-2.82695200	 -4.05234641	 4.92128232	 
-0.32575830	 -2.18728626	 2.75808288	 
-0.10367967	 -1.87531860	 -2.97641737	 
-2.40255224	 4.63114786	 -3.40902032	 
-2.18057157	 1.10054330	 3.74249600	 
-0.14714005	 -1.09519942	 1.25826860	 
-1.08799760	 0.48819445	 -5.13810440	 
-1.49115223	 -5.96684623	 -7.32672335	 
5.46283380	 1.62011782	 -3.94623295	 
2.95799321	 0.94379527	 -2.65444963	 
-1.91404093	 2.20632385	 -5.65474134	 
0.83178535	 0.97969805	 3.83306858	 
-0.24484814	 -0.45157752	 -2.25872860	 
0.71555984	 2.97511173	 0.25893780	 
1.06898607	 -0.74001291	 6.53987258	 
-1.47580868	 -4.82818005	 -3.24263733	 
-3.14761317	 1.61402582	 -3.31964636	 
0.76273298	 -0.82142630	 -2.16331817	 
1.34208385	 -3.80358718	 0.62113233	 
-0.69962724	 -0.49341156	 -2.92170663	 
-0.35674710	 -0.47307676	 2.46906252	 
-1.81927064	 0.24660800	 3.63159314	 
2.07942807	 1.05835015	 5.27878930	 
1.58428268	 2.92291447	 -4.57196832	 
-3.55732497	 0.41138074	 -1.38240918	 
0.97848867	 -0.94305403	 -2.61524193	 
-4.61945979	 1.17773947	 -4.03327694	 
-1.72275301	 -1.71517014	 4.41824950	 
2.19615550	 0.15380242	 -4.65788441	 
3.37177866	 -3.27113128	 1.26202782	 
-0.92901136	 3.29872474	 -4.11583055	 
2.59088820	 -0.05330160	 -1.39151354	 
0.48646508	 0.31606057	 1.32391434	 
-2.35617498	 1.94004533	 -4.88331835	 
0.22665506	 0.27128536	 -1.63423557	 
-2.77058002	 -3.99029312	 -4.21072401	 
-1.71886331	 0.67205948	 -4.37162909	 
-1.05276950	 -0.44818064	 1.12606842	 
2.91249566	 1.30001040	 5.73059357	 
1.32546850	 1.12781240	 1.21434473	 
-1.32634853	 -1.28587729	 3.90062110	 
1.06887460	 1.55869606	 5.55563282	 
2.01949974	 -0.48481517	 5.11997302	 
-3.51220250	 8.90490997	 5.29668502	 
-3.70347734	 -0.41901072	 -6.02528980	 
1.81161601	 1.43772566	 -2.57263548	 
2.17593870	 -0.37830124	 -4.46124782	 
-2.21219817	 -2.64323999	 2.20380050	 
-0.86687801	 -2.90768505	 -3.75546999	 
-2.48719240	 1.28217892	 -2.04108309	 
-4.02514360	 -0.44244023	 1.18737423	 
1.91628865	 -3.36521085	 -5.50539083	 
3.69492241	 1.03458722	 1.78509752	 
0.50369007	 -1.50078567	 2.15487719	 
0.13311610	 0.30088609	 3.73016812	 
1.02783068	 -0.66776879	 -4.85566664	 
-0.08646687	 1.59376248	 -4.84368455	 
-2.28872235	 -2.35647584	 5.30585816	 
0.28549210	 0.69100203	 -2.39318929	 
5.26916187	 -3.85148576	 6.43307712	 
-1.52027438	 -0.49755260	 4.37855212	 
4.60696982	 0.17173895	 2.72495217	 
2.07975308	 -1.73934402	 -4.95924947	 
6.08867264	 3.94889762	 3.22661662	 
0.07851238	 -1.98223465	 1.96853946	 
0.98169304	 1.28612403	 1.52248531	 
-0.36744142	 5.51318477	 3.97267435	 
1.78959299	 0.18690504	 -4.96365316	 
-0.65695560	 -3.59183794	 1.05238772	 
3.53993188	 3.02744912	 2.68289778	 
-2.07927272	 -0.14752978	 1.95716364	 
0.58263624	 -2.38425690	 3.94795143	 
-0.81602667	 -0.98537227	 -2.12528446	 
0.23483745	 1.82004906	 3.48787410	 
0.92403789	 -2.67710278	 4.38873446	 
-0.28683627	 -0.59562692	 7.05366973	 
-5.59274870	 2.90976383	 9.41344881	 
5.24555273	 -2.97396727	 2.84898292	 
1.02861964	 -1.35731701	 5.14696566	 
0.11972985	 -1.03683783	 4.09661428	 
1.94715763	 0.19718832	 -6.48832405	 
-0.12044743	 1.10522248	 -1.92836421	 
2.54915634	 -1.24327588	 -2.05055630	 
1.17119726	 -3.04183909	 4.52057477	 
-4.73117404	 1.48971850	 -6.32263361	 
-0.44156695	 1.03322299	 2.83491723	 
-2.54810743	 0.95740030	 3.70391880	 
-3.95388218	 4.48232800	 -5.02286021	 
2.25846349	 -0.28342540	 -2.07079175	 
1.15846480	 0.49329561	 10.12129616	 
-1.72019415	 0.72704235	 2.62792730	 
-9.12303556	 -0.01385150	 -7.07073802	 
2.93646346	 -1.45072751	 -2.79278338	 
-3.14466029	 0.93042511	 -2.10463001	 
1.63670372	 0.04049764	 -2.93566973	 
-1.57497155	 -3.00313359	 4.04771107	 
-4.13776680	 -0.05467729	 1.79363283	 
-3.34131692	 -3.39036283	 9.22615377	 
2.54153405	 -0.40028584	 -2.20786396	 
-1.49930164	 0.46915184	 -5.83955602	 
-4.01013549	 0.08719370	 -6.49431115	 
1.84404109	 -3.27225353	 -1.98389117	 
0.28619062	 0.35028913	 -1.04113152	 
1.40902084	 0.70938474	 -4.32159657	 
4.02484032	 -0.75055917	 -7.11328456	 
-2.56730688	 2.33511303	 -2.54139936	 
2.28935246	 -1.77071069	 -1.54678887	 
0.13437439	 2.44183513	 1.95079565	 
7.66301539	 0.49815465	 -2.61432420	 
0.12421717	 1.11490033	 -4.27714952	 
2.30092958	 1.79380527	 -6.50049010	 
0.94913136	 -4.42022185	 -2.10447005	 
3.18603900	 2.46951913	 -2.29907330	 
-0.00670058	 5.79592672	 3.89079132	 
2.26483309	 0.99400681	 -3.87791846	 
1.18125965	 -1.40112027	 -4.41270591	 
-2.41430069	 0.83764741	 -1.48505597	 
1.79369906	 -1.70612791	 -5.35247183	 
-3.22713790	 0.11190374	 -6.24701241	 
-0.46856043	 1.77912464	 1.89303381	 
-4.37171122	 0.78046806	 3.35547180	 
-1.46036471	 0.18764880	 -2.61013045	 
-2.01071562	 0.30887793	 -6.03891740	 
3.42678707	 -3.70145710	 5.35109846	 
-0.30796394	 0.74434653	 -5.52674099	 
6.00628826	 1.05837350	 -4.92339477	 
-1.62053670	 -0.39113712	 -2.39636979	 
0.38290527	 0.46851014	 5.35537687	 
-2.45748210	 -2.85454415	 2.74693172	 
-0.07829152	 -2.37765700	 -3.09051630	 
4.65201051	 -1.32507627	 2.57595113	 
1.88782745	 1.32682318	 4.50588009	 
-1.82387914	 3.07204384	 5.58473019	 
3.81662134	 -4.93367732	 -6.62031123	 
-2.05056179	 -1.45126647	 -5.98081663	 
5.77653343	 2.76080664	 6.23449384	 
2.75570580	 3.65318231	 -2.75295563	 
-0.34079905	 2.35820215	 -2.78241429	 
-1.49990286	 2.05390572	 1.45722247	 
8.00201427	 6.17280011	 6.24919047	 
1.69575527	 2.67160751	 1.96767778	 
-1.82688921	 -1.82341994	 -3.41671453	 
-0.66106672	 -0.14435049	 6.15476273	 
-0.36404611	 -2.19410053	 5.34153568	 
2.09716512	 2.97438306	 3.38095540	 
0.53997184	 6.07359117	 1.47677170	 
2.74556436	 -0.29607293	 4.29191935	 
0.49583176	 -0.06794090	 -1.90519402	 
-1.09361371	 0.40269769	 5.00156187	 
-0.21659980	 -4.70634504	 -3.81006205	 
-4.85074931	 -2.12522866	 -6.25569850	 
1.30191838	 -3.76095044	 -3.46032714	 
3.14938927	 0.70125299	 -6.25142025	 
0.77322540	 1.70400727	 3.65691351	 
10.06253227	 6.69727047	 11.57079947	 
2.15169650	 0.68197595	 6.17861559	 
4.21464346	 6.13942249	 -0.91357636	 
2.48108422	 4.43220074	 -5.82887618	 
0.65662286	 -1.53760926	 -7.26596724	 
4.74426619	 -5.18748827	 4.80897569	 
1.49882920	 0.76155392	 5.08152011	 
0.32957167	 1.78003889	 5.04030481	 
-1.24352405	 0.69143880	 7.31939825	 
-1.46174729	 -0.15293580	 -0.53366770	 
4.89640399	 3.57059335	 2.00834039	 
-1.19372960	 2.30827526	 1.89685844	 
-2.29237478	 -1.32093327	 -2.72853133	 
4.63222434	 -2.51302085	 -5.89989876	 
-0.23376404	 -1.61374686	 1.18210450	 
-1.12430327	 -1.81215071	 -9.04812116	 
-2.44922506	 1.75456921	 -4.96135437	 
-2.41430032	 2.94519422	 -3.66403524	 
1.51871344	 1.72450793	 -3.39754297	 
1.64785966	 -0.67805157	 2.92831479	 
3.06352850	 1.05602801	 6.10462383	 
4.50690420	 1.43235491	 8.05298702	 
-1.17685117	 -0.40619311	 4.04515751	 
1.12441236	 -2.59729239	 4.86908441	 
2.98869230	 -2.81055480	 3.04030914	 
-2.10768035	 0.48389834	 2.49933246	 
3.22404685	 -1.39451116	 -5.08322573	 
-1.60340762	 1.78515611	 -1.77082338	 
2.37616026	 -4.08133501	 12.71298268	 
-3.82717847	 -1.08619120	 -4.51407299	 
1.61694656	 2.53046636	 7.90744219	 
-0.59881129	 -4.30181352	 1.33470650	 
-0.68208732	 2.98038860	 2.60489944	 
5.06201697	 1.46791703	 6.49891492	 
0.00213539	 1.81171247	 2.46878390	 
-0.27061164	 -3.39350894	 -3.76271227	 
-1.21843682	 -3.14187873	 -1.58051129	 
-0.40486912	 -0.51850090	 0.66294713	 
1.33321062	 -0.49803205	 -6.06113849	 
0.51133370	 3.79674198	 2.81932616	 
-4.09260804	 -0.89301939	 1.84074743	 
0.11629553	 8.59359103	 7.28667469	 
-0.89467161	 1.15522091	 -1.59295294	 
2.59061685	 0.85449257	 -2.88115160	 
0.76892433	 -0.17495742	 4.76938512	 
1.56127803	 -4.28682725	 3.09020889	 
-1.45037493	 -1.24666368	 -2.65305914	 
-1.01911009	 0.95039653	 -3.80693959	 
0.50498577	 0.75321475	 -2.13358830	 
-0.98927882	 3.64051963	 -6.01470510	 
-0.39746916	 -0.09869714	 1.44183782	 
-0.61448986	 -0.35563073	 4.80183274	 
0.57945147	 -1.85638364	 -3.39084026	 
-1.23260047	 -1.46367192	 2.27770977	 
3.37435784	 0.38402826	 4.22030753	 
-1.35505969	 -1.98034479	 -4.11114533	 
4.30170430	 -1.77690367	 -2.79177968	 
2.75455350	 -2.65000757	 -4.34340386	 
-0.27704339	 1.74045907	 -3.62814953	 
-4.16463012	 4.67542974	 -6.17109621	 
1.35412960	 -0.37571866	 2.67099075	 
1.23776869	 1.76741572	 -2.74188709	 
1.76204285	 1.18701529	 -6.00826510	 
2.49030252	 4.20174214	 1.29911285	 
1.86299511	 -1.76007911	 -5.83429692	 
-0.02553272	 3.01785767	 -5.72707372	 
2.60079881	 -1.15523257	 -1.92369800	 
3.33317551	 -1.93097530	 -3.90731365	 
1.14038311	 -0.85504247	 1.80641744	 
3.68884033	 2.09971504	 -11.35146289	 
0.06456615	 0.14857664	 2.78783288	 
2.04439645	 2.46098610	 1.96107874	 
1.33669544	 -2.61541594	 3.34631205	 
-2.39413232	 -0.97689788	 -5.59506693	 
0.43334350	 1.49311901	 -2.17940312	 
1.34218510	 1.31153383	 0.78638876	 
1.93860242	 -0.07726183	 1.69001895	 
-5.61982801	 -2.33205629	 3.37542425	 
-1.55271459	 -0.49677921	 -1.49368992	 
2.07103806	 0.49104488	 -4.08960054	 
1.17186328	 0.01898721	 -6.73331488	 
-2.21072138	 -0.95501033	 -2.76914928	 
0.99894169	 -0.98821585	 3.19859345	 
-0.44431967	 -1.09842240	 3.67390052	 
-1.36525735	 2.80442251	 -5.13495035	 
-3.23179125	 -1.43524311	 -1.88088361	 
-1.33299346	 -0.81917328	 3.16408065	 
0.94535762	 -1.15676831	 -2.94182653	 
0.31286274	 0.63567816	 1.78840793	 
-1.38535820	 2.47310285	 5.99097806	 
-1.02278919	 3.30607625	 3.32450347	 
-2.50977715	 0.97696122	 -4.76363634	 
-5.47574947	 0.37061467	 -8.92859362	 
-0.72920830	 -0.36816038	 1.99703179	 
-0.74992879	 0.45821780	 1.39498747	 
0.53888485	 1.56546300	 2.03187072	 
-0.09367635	 0.76526391	 -1.55676196	 
-0.27468358	 2.74911027	 0.79777314	 
0.51386182	 1.69460181	 1.49124189	 
2.50472198	 0.90766843	 8.61074065	 
-2.82236796	 1.18819639	 5.05394804	 
-2.04723710	 0.86886983	 2.60590263	 
-3.91313958	 1.41670712	 -5.38065759	 
-0.95659600	 -0.17033313	 -1.88727798	 
0.83699953	 -1.08670056	 -1.72718756	 
-4.10463464	 0.88545825	 5.78365153	 
2.06228717	 0.13478737	 -2.70167023	 
2.55366209	 -0.21056635	 -2.16620596	 
0.38599178	 2.72106550	 -3.05845745	 
-0.83248954	 0.00874329	 -1.81763421	 
-5.48506696	 -5.49044077	 -1.30223352	 
0.01744689	 -1.40353555	 3.42530419	 
-2.02220847	 -1.55286829	 -4.42533635	 
-2.38007183	 2.33792129	 -0.97191359	 
4.34458017	 -0.13177980	 -2.74505341	 
0.36798730	 0.06454054	 -1.76907147	 
4.94548119	 7.81271222	 -4.57535716	 
1.46046490	 0.18739344	 -2.62777909	 
-2.05866890	 -1.96590505	 -3.70912242	 
0.46486711	 0.55865750	 -2.36188195	 
2.63960970	 -0.84682629	 2.48598090	 
-2.06235571	 1.53040158	 2.21284050	 
1.32383437	 -0.35332846	 -1.73832453	 
-2.15093545	 -3.93578888	 1.40497441	 
0.07446478	 -0.12030532	 -1.33508547	 
-1.29730874	 5.56809821	 -4.15932879	 
-0.80781120	 0.60410621	 -8.20374679	 
-0.56116061	 -3.34141379	 -3.63867885	 
-0.26708604	 -3.86002486	 -1.28949003	 
-2.59542526	 -1.12171183	 -6.97805879	 
-0.50874834	 1.98448199	 -5.36155491	 
0.15344671	 -0.54004190	 -6.19661538	 
2.52416469	 0.00486451	 -2.94623734	 
0.34309422	 -0.23414287	 -1.14818290	 
2.16701733	 2.47468841	 -4.69581152	 
-5.16225951	 -1.16996115	 -2.98486946	 
-7.18734016	 -2.12020050	 -8.68752413	 
-0.85600288	 -2.14359960	 -4.23057629	 
0.96189337	 -2.65340995	 2.11705654	 
0.03631181	 -0.12649468	 1.36714339	 
0.93346919	 -0.95239543	 6.26375100	 
2.05019729	 1.61519460	 -3.52839075	 
-3.12801658	 -3.77426247	 -3.61587072	 
3.29536865	 -4.23958454	 -10.40822634	 
0.45456606	 -2.91238231	 -1.00327959	 
7.86731726	 -3.70536007	 -4.27034027	 
1.40605121	 -2.44644900	 3.88364244	 
-1.69347500	 1.30194126	 -0.80552696	 
-3.33760020	 0.25964641	 4.28899257	 
2.99562123	 5.67241235	 -2.42726732	 
0.21530009	 -4.76969187	 -4.39002584	 
2.95937330	 2.69815329	 1.08970582	 
-2.00288501	 1.81425968	 2.25558998	 
-3.00204863	 0.93282908	 3.13433937	 
-1.83059520	 1.88092861	 7.62846061	 
-2.34088842	 -3.68639235	 1.13399803	 
1.35099474	 4.18174086	 -4.31684701	 
-1.55217547	 0.29410362	 -3.96146241	 
0.01969873	 -1.70636840	 -4.29087323	 
-0.02178409	 0.45604153	 4.75427247	 
-2.62081933	 1.40484216	 -3.77426222	 
0.32038697	 0.89218591	 -5.91572931	 
6.28004310	 -6.65057121	 -5.09957754	 
1.01128541	 2.53489679	 -6.52588100	 
2.95721730	 1.28650283	 -2.41227893	 
-2.52220226	 -5.63967776	 6.23382140	 
1.79574371	 -0.57971098	 2.32018402	 
-3.23325615	 0.95819305	 -1.81555266	 
1.07858518	 4.26249098	 -3.91636824	 
-0.58936262	 -1.10242484	 3.94262148	 
0.89182285	 -2.83157359	 -5.26985980	 
1.66361671	 -1.48050259	 3.76749246	 
2.28706912	 3.54055218	 4.04699950	 
2.42836771	 -0.51637896	 5.80084916	 
-2.22982955	 1.14842161	 4.21231204	 
0.67338154	 0.41561646	 3.14128167	 
1.40962174	 -0.39501957	 -2.74983205	 
3.61793249	 -0.62838876	 7.87262469	 
2.96383629	 -4.92490326	 4.84950521	 
-3.43196504	 0.41617841	 3.28418744	 
-0.50431320	 2.68640463	 -3.85466787	 
6.87799818	 -1.59711771	 -9.27886159	 
0.11589624	 1.29707333	 -3.95624622	 
1.06087334	 -0.12548942	 1.90014591	 
-2.01492223	 1.44341783	 -3.79615918	 
0.47414750	 -0.38783056	 -5.63787518	 
0.04819494	 -1.68256826	 -6.96528922	 
-1.86899028	 -0.30171774	 -0.84107308	 
0.22623462	 -4.06201445	 -7.98594155	 
1.74156919	 -1.33175994	 -1.99461542	 
0.28746164	 1.63405080	 1.30105554	 
2.93408935	 -1.13777124	 3.61576645	 
-3.92137273	 0.46166176	 6.92162625	 
-0.26970803	 1.97886530	 2.20823070	 
1.17292633	 -0.85702187	 -3.14778735	 
-3.59558994	 3.37356840	 1.88458852	 
-1.27422531	 -1.54255913	 2.39431166	 
-1.79797526	 -0.40208024	 -2.61083113	 
-1.80795868	 0.26472493	 5.56300494	 
-4.82074316	 0.90864668	 -7.86864348	 
-1.07592386	 -6.60488077	 6.24584670	 
0.90845781	 2.93779486	 1.88394978	 
2.37974606	 -0.48276465	 2.07316616	 
0.66246426	 -0.86354143	 2.62986795	 
-1.58677902	 -0.82700525	 1.68861335	 
-3.07099116	 -0.38131976	 3.26479687	 
-0.51086904	 3.11523598	 -4.30024405	 
-1.73406958	 0.55957827	 -1.17281484	 
-0.52283217	 -0.11623088	 -4.49212265	 
1.12592412	 -2.46982482	 3.04029533	 
-2.32296734	 -0.92623053	 -5.34261405	 
2.42876311	 -0.27761451	 -4.55239758	 
0.79322679	 0.56642351	 -5.38160552	 
1.94853936	 4.11334115	 -4.95715791	 
-4.38335744	 0.99817886	 -8.67541372	 
0.85163526	 -4.67897801	 -3.44407232	 
-3.58213479	 -0.80541623	 -1.35889438	 
-1.84183405	 2.54281212	 -3.84508636	 
1.28345538	 -0.18709534	 -6.86278497	 
0.49557714	 -0.10429318	 -3.67811505	 
2.64138941	 -0.71012844	 -5.52698910	 
-4.48141920	 -0.80380697	 6.07211119	 
2.48873319	 0.67222664	 5.08309675	 
-5.11405959	 -5.58726953	 9.08097247	 
-3.83986329	 -2.89888878	 2.17938924	 
0.01831147	 0.60409463	 0.77217901	 
-1.90726648	 -3.94513734	 -4.60540017	 
-4.87020974	 -0.00815180	 4.62253353	 
0.62752127	 2.41940205	 0.28409209	 
2.20344441	 0.86511764	 -3.66165231	 
-4.50296857	 2.17651932	 5.31882611	 
5.13097230	 -1.66808055	 7.79072562	 
-2.42380136	 1.09750241	 -3.93875285	 
0.36701855	 0.06953840	 -1.58179357	 
-3.42399291	 0.37965178	 5.52097241	 
3.94015523	 2.42721782	 6.85494245	 
-5.15083536	 -1.79117258	 -5.80246642	 
0.07310303	 3.17388372	 -3.65856782	 
-0.12331169	 0.24201961	 3.70831621	 
-0.43866053	 -0.07202413	 1.53445060	 
-0.07497363	 0.08329033	 -3.49944782	 
0.53240188	 -1.39260340	 2.19977577	 
-0.60793945	 -2.42881777	 7.32694039	 
3.84838927	 -1.06693213	 7.07662572	 
-1.79990020	 1.79799308	 2.85841544	 
-1.31521792	 -1.69438212	 1.42867791	 
1.74294937	 -1.03075075	 6.31342087	 
1.23365383	 -1.50956643	 2.17882263	 
0.27569391	 1.03041321	 -1.40629976	 
0.05244160	 2.66128630	 3.64541663	 
1.43798257	 2.58856476	 -2.71164858	 
-1.15551033	 1.29621454	 12.36173918	 
-3.37248479	 -0.09381978	 4.46516642	 
2.07901035	 0.14279689	 0.36123056	 
-2.16283673	 -1.97462873	 -5.60784918	 
-1.35948352	 5.00885765	 3.09791720	 
-1.65082235	 0.84161375	 -7.46619875	 
0.89303657	 -4.90731225	 2.21723177	 
-1.85296433	 -1.21307638	 1.23117086	 
-0.93969508	 -4.31252730	 4.98663305	 
2.23158618	 1.25683551	 -1.84504421	 
2.87443766	 1.42120613	 4.27941825	 
1.87235187	 0.66058444	 -3.06218314	 
-1.18455002	 1.61181195	 2.38662152	 
-0.54256545	 -0.76743120	 -1.03163793	 
-1.57833044	 6.88565894	 4.23430221	 
3.23839694	 -0.29375584	 -4.49362041	 
-1.08936736	 0.23438372	 4.87625771	 
-1.30814156	 -1.19235943	 -1.31541803	 
1.62367332	 -1.47273331	 3.14731731	 
0.73248947	 -0.91668944	 -2.36025382	 
-2.60766921	 2.86956770	 -2.31493225	 
-2.89343361	 -1.75372326	 -0.78205697	 
6.09680601	 3.81291482	 4.79839939	 
5.90062953	 2.97198410	 3.45698435	 
-0.58971563	 5.41550230	 -4.94422953	 
-4.31141362	 -0.28654931	 1.07481095	 
-2.63620042	 0.70306594	 -3.95007151	 
3.26711984	 3.53941190	 -3.19854474	 
0.81998259	 -3.25905005	 -3.43723636	 
-3.70544059	 -0.27733060	 -8.54908822	 
2.98540630	 -0.77805903	 -0.66457237	 
-2.17120150	 -0.20416731	 -0.84715701	 
-1.66503950	 -1.14946587	 -1.99251249	 
3.85820599	 -1.64092705	 6.15321356	 
-1.44326859	 -0.05623895	 -2.59423299	 
-1.50264558	 -0.00358875	 1.89587741	 
-1.14178708	 -0.24433195	 4.07190631	 
0.65540280	 2.86349343	 4.04408401	 
-3.63883296	 -1.15018421	 2.69096410	 
0.74569937	 2.12549522	 3.02863252	 
-1.39821230	 0.43101023	 -1.95544211	 
1.29220906	 0.39170155	 2.60969962	 
-1.15535565	 -5.19558623	 3.59199151	 
1.77335115	 2.17235284	 4.58207145	 
0.80091699	 -3.22496399	 3.98796984	 
4.86637333	 1.66506538	 5.75194233	 
0.54545447	 -3.20296600	 4.30520682	 
-1.88947480	 -6.32481572	 -7.52023125	 
3.02488075	 -1.54156091	 3.77398635	 
-1.99523104	 1.50902513	 -3.44684596	 
0.15871018	 1.50118561	 -4.69270598	 
-2.02764331	 -1.01937019	 -1.28300177	 
-1.31947716	 -1.33342343	 -1.46103843	 
0.86503538	 5.21826842	 7.98438711	 
-0.89349391	 0.24694555	 4.34598503	 
-0.17681913	 -0.02096513	 0.69301335	 
-4.17837097	 -1.44977490	 -2.37510731	 
2.75052450	 -2.37083941	 -4.83427172	 
-0.09159994	 -4.58195665	 -2.59666861	 
-0.30433849	 -0.28022232	 -7.94072166	 
1.73332357	 0.54167479	 -1.49290406	 
-0.98846642	 -4.12815034	 2.18253444	 
-0.53850213	 2.18787422	 6.69974409	 
1.09191183	 5.17233878	 3.14458762	 
-0.87557681	 -2.53399380	 -3.52991757	 
3.38901762	 -0.29545831	 -2.73288316	 
0.22720225	 -5.77523639	 -5.40875501	 
-0.95833081	 0.49355806	 -4.56364841	 
-1.22011391	 0.09799590	 -2.70975682	 
0.25070461	 -4.12870039	 5.54115054	 
-0.16437371	 1.90259069	 -3.00336090	 
-1.93855823	 -0.60895138	 -3.75437242	 
2.82314008	 0.66851500	 -3.29405646	 
2.08771691	 3.19542049	 3.28621036	 
-0.86173865	 0.50553168	 0.36929748	 
-0.97271638	 -1.05621925	 3.74223607	 
4.24960910	 0.50519026	 -3.29325651	 
2.53690155	 -0.61873286	 -2.96890131	 
-0.43848042	 -1.09167613	 -1.57475541	 
5.80200181	 -0.76238023	 -1.01981368	 
0.74200152	 1.52521740	 2.11209092	 
-0.07867495	 -3.01025339	 3.21521117	 
-1.16309910	 7.81311306	 -1.80258055	 
-2.62501367	 2.43674013	 -4.93112636	 
-0.13275390	 0.01049321	 -1.04749132	 
-1.55099022	 -1.52240501	 -2.58300618	 
1.15117233	 -0.80186919	 4.19066729	 
-0.29617774	 1.76127421	 0.85968526	 
1.50699462	 -2.04811911	 1.91367999	 
6.74087437	 -0.74104990	 -1.40374655	 
-5.21573954	 0.58167402	 2.86026431	 
3.66888500	 -1.61129521	 6.21531616	 
4.97232849	 -0.57030135	 3.51320538	 
-1.92756232	 2.14016285	 5.14073141	 
1.32165940	 1.27371393	 2.76827757	 
2.72308591	 2.04403109	 7.67370191	 
-5.63768207	 -2.04579319	 -4.56949476	 
-0.54423527	 -2.02096351	 -5.17275497	 
1.26390925	 2.93383376	 1.21439935	 
-2.33093394	 0.11437012	 -3.35086539	 
-1.74916281	 -0.67827402	 -3.31119171	 
0.15253575	 -0.86875423	 -5.45085114	 
0.28640495	 -0.40226997	 3.07522941	 
0.22304512	 1.26128711	 -7.88238631	 
3.46121331	 1.93436291	 -5.15777334	 
0.98935039	 -0.58820450	 5.48806262	 
1.46330849	 -1.64845661	 -4.21770935	 
-1.68927752	 -7.10077472	 -11.87173258	 
1.04927102	 -1.17544550	 -1.40944995	 
1.20620713	 -0.44466311	 5.30673818	 
2.55564736	 -2.68499465	 -6.91722898	 
-1.80298695	 -0.57823106	 1.20318865	 
-1.15794489	 1.94607025	 2.14326144	 
-4.16792169	 -2.67728988	 -9.89147242	 
-2.41091858	 0.64689146	 -3.81074908	 
3.20327140	 0.31761471	 -5.54543618	 
2.93470897	 -0.74790478	 -3.63574461	 
-1.97911289	 -0.05420151	 -3.52892588	 
1.35575403	 0.76295359	 1.08257276	 
-0.44928517	 -1.55572000	 4.33700953	 
-1.61485705	 2.91130195	 2.49460395	 
-0.71273898	 -0.87080626	 -1.82131610	 
-0.47548621	 0.46118382	 2.47211650	 
1.55529226	 -1.62079985	 0.61548679	 
-2.26802260	 0.32372740	 -3.99500559	 
-0.59930008	 -0.35969618	 -1.98306139	 
-5.56472720	 -0.52013157	 -6.23134690	 
1.03808885	 -2.20797669	 -2.48536503	 
1.30976940	 -1.80481899	 -2.13538310	 
0.99122704	 4.21502699	 -5.07458842	 
1.16157506	 -0.47156249	 3.13380150	 
1.57075468	 -0.06194561	 0.86720355	 
1.79254594	 -1.19166379	 -2.07351781	 
-0.34280936	 1.26424016	 -1.08145989	 
0.32372387	 3.68706498	 2.47161111	 
-1.53925694	 -5.98619700	 -4.71561062	 
2.02886697	 1.33369565	 1.40037584	 
2.67984295	 5.27825739	 -5.49342608	 
0.49597342	 -5.17625331	 -5.09217919	 
0.51871973	 -1.53469266	 -2.70169882	 
6.45547273	 -5.58342395	 4.13506778	 
-2.38750680	 -5.79874750	 5.08229906	 
5.60146694	 3.51311498	 -4.86670042	 
0.03285484	 -0.30950168	 3.23645262	 
0.80727099	 6.50943130	 -5.07802975	 
0.91816930	 -0.04152144	 -5.85807816	 
2.18355219	 -0.15108198	 -2.58997158	 
-2.73498238	 0.92730675	 3.95456218	 
4.29313632	 2.70824702	 -3.22011097	 
1.70840330	 -7.33559951	 -5.53440159	 
-0.13343184	 2.35473942	 -4.39192456	 
-1.97785628	 1.65367809	 2.05519302	 
2.71891477	 0.87148648	 -2.18384486	 
2.32328020	 5.05631485	 2.50405502	 
0.88613427	 -2.25788475	 6.11962799	 
-2.42498799	 1.24116053	 -2.33402539	 
5.20063994	 -1.20985063	 4.32925769	 
0.60840512	 -0.50556884	 -2.48214031	 
-3.24038930	 2.96753529	 7.42366899	 
-1.46329941	 -2.15601095	 2.93929084	 
-1.37522174	 1.17898000	 -4.32359136	 
0.60899977	 -1.70754685	 4.76562357	 
-2.95995802	 0.90027077	 -7.83459123	 
1.36353727	 -0.20848720	 -2.68417123	 
-0.64474528	 6.66841243	 2.88140679	 
2.37474916	 -0.05855688	 -2.98334065	 
0.98954833	 -0.73291457	 -1.14506365	 
0.78828207	 -1.32122151	 -3.49231271	 
8.03195126	 -6.88717848	 6.23682339	 
0.74189780	 6.15898345	 -2.76501258	 
0.69564190	 0.10354521	 -8.02035215	 
0.44460829	 1.91178544	 -1.36086608	 
4.87069352	 -5.56638268	 -5.17161029	 
0.09366448	 -4.19719780	 -3.00496668	 
0.78375809	 2.13863179	 7.65287420	 
-5.76963188	 3.72728962	 5.04837980	 
0.09839965	 1.13604333	 -2.19591680	 
-3.46181971	 -3.00185277	 4.50982243	 
-1.28425403	 -4.18974785	 -4.02629348	 
1.99763097	 2.47058810	 -3.04728284	 
-0.52004630	 0.02930647	 -5.46511121	 
-6.03475141	 -1.27083347	 -3.25637036	 
2.01858335	 0.63172038	 -0.67359223	 
2.12946823	 -2.03179089	 -4.57968526	 
-2.42408198	 -5.16959763	 7.99039434	 
3.21135522	 -3.61527622	 7.79879711	 
-0.03805473	 -3.32124559	 -1.98013709	 
1.19631066	 -1.23172128	 4.67003468	 
-0.26941721	 -0.21313283	 0.74547990	 
3.84029633	 -5.28204674	 -1.47759759	 
2.84489242	 1.39879783	 5.36791859	 
4.48299688	 -0.62339002	 6.01948048	 
-1.55449681	 0.17576205	 -2.09172101	 
-1.41908667	 -0.01817822	 -0.79215692	 
-3.04377844	 0.16867434	 -3.40114492	 
2.66146901	 -0.97229275	 -3.28741697	 
2.23696831	 -3.38164803	 3.81322505	 
-1.31180800	 1.37826155	 3.71224480	 
-1.70084226	 1.25001151	 0.89163445	 
-0.74980110	 1.74726230	 4.64555248	 
0.46592728	 1.82652203	 3.90265509	 
0.10644650	 -1.29947281	 -5.45360476	 
0.98565771	 -1.33825878	 2.93776146	 
-4.41241291	 -1.85240131	 2.05882905	 
3.58134472	 -0.39715226	 -3.20457849	 
-2.02833596	 -0.75012920	 -2.53354314	 
1.58866914	 -0.28475617	 1.95988953	 
-6.85569036	 0.06709789	 2.69263004	 
-1.14534792	 0.90674821	 3.49319961	 
0.40294888	 0.20830633	 1.76988164	 
1.25202035	 -1.54356622	 -4.26095018	 
4.92199127	 2.97356184	 3.80492431	 
-0.98491455	 -2.15485002	 -0.94866739	 
0.57948792	 0.00176521	 -3.01117845	 
2.74633594	 -2.00775284	 -2.49856310	 
-5.00175091	 0.08253204	 3.53862577	 
-0.64346772	 1.28406354	 1.36888656	 
0.48461043	 -2.77409309	 2.23970205	 
-4.75378038	 -4.32572212	 -1.19949992	 
3.48428641	 7.83536499	 -3.53788959	 
0.81199073	 1.39470443	 -2.82793034	 
-2.68030474	 -1.04592125	 -2.03116299	 
-2.39265712	 2.01174015	 -8.00933831	 
-1.33809792	 1.16237477	 -3.55010322	 
-1.87355784	 -0.14721915	 1.34812315	 
-3.07209454	 -1.76631244	 5.45149642	 
3.24821415	 3.34671868	 -1.54684131	 
-0.43158593	 -1.54884111	 2.86973474	 
-0.82286877	 3.91921694	 -4.82338612	 
-2.30544234	 -0.64242862	 1.83062954	 
-1.51453069	 1.36035562	 -4.54130069	 
-6.00575536	 2.51603023	 3.14970065	 
3.13683868	 1.79026535	 1.95281063	 
1.93880178	 1.60236222	 -4.99012256	 
3.45565137	 -7.78458225	 1.36305098	 
0.84748300	 -0.82273249	 -1.66861925	 
1.90003279	 0.81091030	 -2.26981245	 
0.96224840	 -4.42101484	 -4.52094865	 
-1.98919020	 -0.09227513	 1.19061848	 
0.37307956	 -3.58277114	 -2.52206019	 
3.02944926	 2.20227736	 -3.83975824	 
0.51838739	 0.82388895	 7.69697468	 
1.97242389	 -3.00837467	 -1.14321639	 
-3.21121618	 -0.62373613	 4.93434642	 
-1.89445894	 0.37155212	 3.30271566	 
3.32530918	 -0.64686536	 -5.74980101	 
-3.68650073	 2.81276261	 -6.73053941	 
-0.09859232	 0.90874293	 -2.11811609	 
-4.78476555	 -4.75222754	 8.71385763	 
0.03520310	 2.82507188	 4.74922547	 
5.83350198	 -1.08567164	 -5.62307540	 
0.32286752	 3.22772394	 5.25239446	 
-0.93492213	 0.79120277	 4.82575318	 
-3.67740611	 0.85941622	 7.91802724	 
-0.44834833	 -6.23128518	 4.81558815	 
1.51727075	 0.10521787	 3.49316028	 
-1.18977670	 -1.17164140	 3.72112111	 
-2.05003465	 -2.01068508	 1.29882276	 
-2.98202622	 0.31027941	 4.85507662	 
-1.11184677	 -3.94599363	 -3.10530795	 
-1.45225860	 4.22649000	 7.17357879	 
0.69460542	 -1.05959488	 3.21493209	 
-2.34306133	 1.22544312	 2.32001595	 
4.15352157	 -0.64754308	 8.02259444	 
-0.90803352	 -0.12845873	 -4.58647280	 
0.90896203	 -4.09524590	 5.86959054	 
-1.73527628	 -2.88622568	 -4.45127763	 
-6.37165098	 -2.70778663	 -1.17683602	 
-0.67233606	 2.21711211	 -4.59297204	 
1.12383325	 -2.99502395	 -3.83275010	 
4.00154331	 -2.12202813	 -3.76455153	 
0.30174264	 -0.41769736	 -0.84180387	 
1.22413582	 -0.97921146	 2.77363338	 
-2.50196377	 -2.01478791	 1.31897591	 
-1.20744247	 0.56559937	 -5.50332540	 
-0.06780477	 -5.11447177	 -5.97660081	 
-2.83095041	 -3.32255879	 -5.30632077	 
0.49117833	 -3.78204291	 -4.41259161	 
-1.16227679	 -1.22443473	 -2.08104763	 
1.84165252	 2.77545542	 6.54153238	 
-3.11781186	 -3.78867689	 -2.69609788	 
-0.37195009	 -0.37361517	 2.43618304	 
1.86900148	 0.77330564	 -2.33890684	 
0.64166476	 -5.25329244	 8.03216925	 
3.00455852	 -1.73849936	 -5.14113479	 
0.42111334	 0.25355559	 2.72642345	 
5.98247969	 -2.37718874	 3.10354655	 
-3.42839644	 1.27589756	 -3.08228757	 
1.79650543	 -2.44901893	 -6.37889589	 
-0.73950651	 -0.13910917	 -1.19833625	 
-1.48133703	 0.50289097	 -6.51848165	 
2.29457323	 -0.08971413	 -3.74677614	 
3.13169923	 2.88361898	 6.68414293	 
-1.20588603	 4.11288087	 -3.65255626	 
-0.88369009	 2.18830226	 -3.00886878	 
-0.22892982	 2.61260041	 6.07860423	 
2.86562934	 -0.89604348	 -2.86294720	 
1.65793152	 -2.12685232	 -4.71971851	 
-1.62432508	 0.18240832	 -1.79029804	 
2.57859304	 -4.31287435	 -2.99482117	 
1.23365376	 -2.36808978	 -1.48896825	 
-3.11731578	 -0.16003636	 -6.19546161	 
3.61590304	 6.51641586	 -6.87182643	 
-5.47822963	 -2.05284024	 -12.07025503	 
-1.05654594	 -2.67740674	 4.92365030	 
0.58638365	 -0.64833128	 3.56661386	 
1.03162344	 -2.07441672	 2.70273364	 
-0.53559398	 -2.82310684	 4.40528529	 
-1.30545993	 1.55980061	 1.96765537	 
2.05068093	 0.02284234	 -1.31696512	 
-0.30899704	 0.58094959	 -3.06156678	 
-1.16049388	 -0.88219369	 1.65798223	 
0.95683910	 1.40754511	 -3.43851983	 
-2.82691638	 0.21251391	 3.12230486	 
1.16387723	 -1.42927044	 2.04868998	 
0.33885077	 -1.28607147	 3.57326200	 
-0.48853702	 0.49910835	 -1.30829574	 
0.47331055	 -1.15400598	 -2.32913441	 
-3.72555922	 -1.83002754	 -4.57316172	 
-1.26977032	 0.36541164	 -4.10218242	 
0.09926546	 2.06511386	 -1.51045040	 
2.15529282	 -0.99180718	 -7.54011186	 
-0.53534544	 0.47393784	 2.28912628	 
-0.74911225	 6.24414775	 -5.52321058	 
-2.38614777	 -3.35391418	 3.55272398	 
0.28556574	 -4.27209668	 -2.70023424	 
-3.10943405	 2.04016248	 4.19360715	 
-2.76496994	 2.00650924	 -5.34481009	 
-3.49290256	 -4.64836204	 3.40632337	 
1.87970081	 -3.32668804	 -4.23997303	 
-3.96747232	 -0.75092687	 3.38051120	 
-5.82072018	 0.42130257	 -4.20953912	 
3.06462713	 -1.21300977	 -3.70050036	 
-1.97566657	 -4.10132469	 -3.56610628	 
-1.01596655	 0.19503803	 2.35185414	 
2.35081825	 -0.88727002	 -7.44123468	 
-1.54824489	 1.60683638	 1.64089480	 
-1.74938880	 -0.53380348	 5.38763950	 
-0.47156002	 3.35525232	 5.97252726	 
1.22897959	 -4.48961137	 5.38721453	 
-3.63232068	 -2.80600829	 -4.18562335	 
0.16871186	 -0.79239791	 2.32577841	 
1.04940088	 1.23392920	 3.67197134	 
-5.49503904	 -2.14617334	 10.41355158	 
0.08325576	 1.43164682	 -2.34608392	 
-1.64368928	 0.68561314	 -2.66908461	 
0.24664633	 -2.95081052	 7.62100481	 
-0.60141324	 0.15055950	 4.08746084	 
-1.22370234	 -3.92443781	 8.10580745	 
3.02436315	 -2.40030804	 5.00456580	 
-4.59194567	 2.29794791	 6.04335528	 
-1.73304206	 0.11028866	 -1.99878099	 
-1.44385572	 -2.54618069	 2.21802175	 
-1.97654688	 -8.81863506	 -8.34481763	 
2.48999979	 -1.85818246	 2.20875148	 
-2.28647340	 -1.63085540	 6.09615243	 
-1.57217558	 0.37898885	 -4.45250621	 
1.88049107	 -2.36089867	 4.12750804	 
-0.95392277	 1.99503266	 4.00820229	 
-2.57402249	 -4.72875644	 1.99769370	 
0.96943990	 -5.97399334	 -3.23262938	 
-3.35110852	 -2.84421794	 -3.37912041	 
5.52908488	 0.92533648	 -1.60093784	 
-3.10512141	 8.22588340	 -4.55894895	 
1.86837426	 -6.13332587	 -4.28811011	 
1.12898347	 3.22751261	 -8.30098853	 
3.21295213	 -0.75847563	 -2.84591295	 
-8.36366415	 -4.48920799	 -8.53843045	 
-0.34963914	 3.48368709	 -1.87408078	 
-1.02194541	 0.90525990	 -2.54970885	 
0.73750094	 1.75870623	 4.27937289	 
-2.43736615	 0.18081662	 -3.28425519	 
0.32235090	 8.86486998	 -4.10870252	 
-0.02377920	 0.34865247	 -2.26549795	 
0.30864035	 0.28628668	 1.95202428	 
3.70389191	 1.68564775	 1.63843887	 
1.40933644	 1.92095538	 -1.28726633	 
-0.27055354	 -2.25624748	 -2.93780292	 
2.89544391	 -6.08736347	 3.81109503	 
-0.35641612	 -0.50356948	 -1.84847313	 
0.73196230	 0.09240666	 6.80021365	 
1.09159261	 -1.23869008	 -2.21333468	 
-0.99758416	 -1.98951513	 -3.51569832	 
3.94671351	 1.56354696	 -11.65020177	 
2.32293814	 -1.51277385	 1.51051128	 
-2.79380767	 -1.25451819	 -5.13607306	 
-5.30437441	 4.75286721	 -2.65255547	 
-1.02817017	 -1.34549754	 -4.43280668	 
-0.53193910	 -0.25306593	 3.19363501	 
1.08390832	 1.30031060	 2.89709258	 
-1.53365059	 2.77720689	 -1.43485920	 
-2.17800694	 0.34649819	 -3.01052503	 
1.27844255	 -0.05132956	 -2.78457690	 
2.48395781	 0.37477783	 1.65888422	 
2.92557091	 2.26298493	 5.00958924	 
-1.56502344	 0.80316830	 4.60246351	 
-3.09516278	 4.68200910	 -1.04626398	 
-1.72135786	 0.60065423	 -3.43232821	 
1.17687367	 0.92052150	 -4.27651075	 
4.29478275	 4.21506355	 -6.34249799	 
-0.27058357	 -2.54924924	 -1.84776391	 
1.15326297	 -1.05961115	 6.23480073	 
5.91046044	 -2.01918691	 -1.91940532	 
-0.89842304	 -2.10633340	 -2.52770951	 
-4.82035381	 0.97630412	 5.50711426	 
-0.73362100	 -0.40533524	 3.06098493	 
-0.31877732	 0.20574647	 -3.71825340	 
-2.48827776	 -0.86683022	 -0.22438014	 
0.63257735	 1.58023624	 4.14536663	 
3.14874484	 0.51376520	 4.78053743	 
4.02674502	 -0.51220049	 2.42829005	 
0.23597247	 -0.38459226	 5.45449442	 
6.82179780	 -2.65108789	 -5.85552480	 
-1.88177706	 2.12223318	 -4.04104534	 
2.58827266	 -5.54101321	 -5.22774345	 
1.10609257	 -0.39021460	 -1.38995563	 
-0.97425815	 -3.24028358	 -4.68183626	 
1.34370738	 0.31512618	 -1.14531562	 
2.17745568	 0.20890178	 1.19178699	 
-1.69517900	 -2.10984014	 -1.92101012	 
0.71465576	 -1.63955676	 2.42683294	 
2.86466025	 3.29921130	 -4.18868496	 
-0.46405065	 0.81298991	 -4.60688915	 
-2.23427407	 -3.76650126	 3.76595870	 
0.91458276	 -1.01624570	 -1.43053048	 
0.48557342	 -0.21975594	 5.70613673	 
3.09493732	 -4.40184503	 -4.36381671	 
0.80650403	 -0.88845450	 2.15162221	 
4.94442708	 0.48847543	 -5.89728355	 
0.25526946	 -0.73932737	 -0.93950901	 
-1.64624102	 -1.32449970	 6.61305680	 
2.88543639	 -1.05721258	 -3.83466492	 
2.15322767	 -1.47681266	 -3.90450674	 
-0.50926024	 0.22701811	 -1.19740453	 
0.22725680	 -0.88505447	 1.36867481	 
-0.54295627	 -0.82153905	 5.44752357	 
-0.29311516	 5.55461368	 2.09042014	 
-3.01651853	 -0.48447989	 -3.43007994	 
0.05548293	 0.19276124	 -2.06925959	 
-0.76092336	 3.21727919	 0.68765441	 
2.32827256	 5.64469841	 -4.44961443	 
1.20434968	 0.32716241	 -3.84255382	 
1.81796491	 6.09964304	 2.18430119	 
0.31485631	 -1.03197342	 -4.55042201	 
-1.27013637	 1.00741201	 -2.48324879	 
-2.32921939	 -0.71936465	 0.52560672	 
0.52836461	 -0.93834918	 -2.10783635	 
-1.76609593	 -1.22678592	 0.93381658	 
-0.22309396	 -3.03675733	 -5.68136701	 
-2.62894471	 1.78763939	 1.30354608	 
-2.05779986	 -1.13438040	 2.36493164	 
2.13180763	 -2.14821278	 2.05325772	 
2.88723735	 2.00392811	 3.81216332	 
0.28516256	 0.69884243	 0.54359235	 
0.55926217	 -0.84745673	 -2.23581209	 
0.85964068	 1.60475256	 2.07108380	 
0.32165595	 0.59262573	 -3.96098427	 
-1.34446885	 5.18585003	 -2.77245507	 
-4.00390631	 -0.37685812	 -4.38179658	 
1.01193974	 0.20520810	 -2.66080531	 
-3.77456271	 -0.69458638	 -5.59255294	 
-1.59427081	 -1.45135535	 -4.89433046	 
-1.07600602	 0.87680516	 2.13212779	 
-3.79000064	 -2.35214185	 2.73139344	 
-3.30634739	 4.29226109	 1.98195915	 
3.40653910	 4.43549032	 -8.56358744	 
4.97307664	 4.21408504	 -3.00939572	 
1.30480120	 -0.04873964	 2.11318266	 
3.02567044	 -1.20313310	 3.53635301	 
-0.68585758	 -0.58235196	 0.93132332	 
3.67957018	 -2.37067990	 -5.01428580	 
0.15423134	 3.25060777	 2.19299072	 
-3.17168868	 1.82110321	 2.75926516	 
3.13830010	 2.33751248	 -1.08699116	 
-3.17176895	 0.46288520	 2.23480215	 
-2.52084592	 1.28651539	 1.07621607	 
-1.92546967	 1.87768563	 -2.31123607	 
-0.07712574	 1.33494550	 1.86570445	 
4.64920925	 -2.19599694	 3.68401110	 
-1.21403552	 -0.53497697	 3.53252920	 
7.06322985	 0.45590577	 1.40404108	 
-1.07489853	 2.23730109	 -3.95940071	 
3.06001413	 7.42656731	 4.52799300	 
4.07591955	 4.96459432	 -9.01434865	 
1.00566903	 0.19352522	 3.03072916	 
-0.76664323	 0.33459763	 3.79949087	 
0.87181915	 0.92301765	 4.52883945	 
2.22664507	 -0.39252672	 -1.76363802	 
-4.27338203	 0.40925016	 3.04310429	 
0.33483286	 -0.82338548	 3.98881933	 
-3.57344395	 3.86144878	 4.41708750	 
0.12132641	 -0.09884570	 1.20869061	 
-2.42607109	 0.02699282	 -7.21651144	 
-0.02165582	 -0.78848450	 -4.96431349	 
6.62469358	 0.55222382	 -5.45386686	 
2.41892004	 2.00841364	 10.46190494	 
-0.81155801	 -1.08116092	 4.16092066	 
-2.17309760	 3.74296881	 8.12560504	 
-3.67651030	 -1.84625863	 1.89787359	 
-0.66122251	 -3.52525471	 -6.04736852	 
3.67504716	 1.71517765	 2.07413451	 
-2.36756134	 5.09432531	 2.13634588	 
2.41780696	 1.78673799	 -5.09930532	 
-2.02516162	 -1.23131184	 -4.44583473	 
0.39131279	 3.80617781	 2.58068665	 
-1.52825706	 1.01176513	 1.67782436	 
-8.26548294	 4.07123858	 7.07786771	 
-0.65712818	 -0.72562703	 3.16230347	 
1.71983651	 0.58356458	 4.61076814	 
-3.15248727	 -0.41177481	 3.93011773	 
-1.45410560	 1.05522988	 1.78456996	 
6.19684860	 -1.40224820	 6.63052897	 
-1.37374099	 -2.99535035	 -4.77623750	 
0.48548933	 1.49094660	 -4.13056618	 
-1.47517750	 1.67871469	 1.75735007	 
-2.02699549	 -0.01217517	 1.14741222	 
3.90249644	 1.74714793	 -1.14420543	 
-0.65420660	 2.29311846	 -2.34496358	 
2.29305406	 0.92518046	 -1.70267043	 
-0.25425322	 0.85709449	 -1.44413644	 
-4.19459360	 -2.87905227	 -3.93946072	 
1.85899316	 -2.83540403	 -5.01593507	 
0.59115281	 -2.99915167	 -3.46989330	 
2.62005891	 -2.74141121	 -6.02634587	 
-0.62802732	 -1.38950715	 -1.30122009	 
-2.20620078	 2.91821079	 -2.24234444	 
-0.54761297	 -4.42436909	 2.19030732	 
0.69506188	 -1.34373890	 -2.30270385	 
1.20152057	 0.91818172	 6.02065248	 
0.65137415	 -2.77535848	 3.56086044	 
0.91556235	 -1.16427190	 -0.98463721	 
-0.30189704	 -1.37937970	 -4.20211636	 
-0.64843418	 2.94756151	 2.31501869	 
-0.17851462	 0.18774584	 0.75908940	 
0.08985810	 2.94766563	 -7.16249054	 
-0.34688025	 -0.09026283	 1.52270467	 
-0.72036947	 4.08319977	 -1.30672050	 
-1.68784966	 1.47729726	 1.81477894	 
-0.84406286	 0.96281423	 3.71594503	 
-2.03855761	 -3.59187158	 -3.72014298	 
-0.93497119	 -2.89754789	 5.53057488	 
-1.89480645	 2.05867759	 2.73052921	 
0.80405221	 -1.07611752	 3.01594437	 
-2.90891607	 -3.00538302	 -5.11900539	 
0.19520948	 -1.23743529	 2.55944423	 
-0.85446138	 -0.36520762	 -6.33329980	 
-0.37833989	 0.73816852	 -5.99447908	 
0.12668045	 2.58594983	 2.83424548	 
0.78086735	 -0.91830288	 1.25099001	 
4.20384165	 1.81977562	 3.67534894	 
0.56147370	 3.45981032	 3.22592578	 
1.66761342	 2.41975332	 7.04759189	 
0.10913804	 1.70885568	 -1.42173122	 
2.15924256	 -1.18391509	 -1.86536193	 
-2.29867224	 -1.70540317	 4.21892830	 
1.48384192	 -3.54647425	 6.30560717	 
-2.77156926	 -0.21855299	 -2.24274970	 
1.50528307	 2.69095127	 2.67023284	 
1.95974493	 0.51169960	 6.80748724	 
1.45922878	 1.29024149	 3.29547343	 
3.42707621	 -1.66824972	 3.30184280	 
-1.00695245	 4.89769270	 4.88060429	 
-2.77007493	 0.25869369	 -3.64920133	 
0.28116977	 1.34422353	 -1.04034984	 
-0.53523231	 -0.11253783	 3.52582195	 
2.09313258	 -3.74179095	 -3.59619992	 
2.05365456	 5.79120165	 -1.97482367	 
-0.50685957	 -1.34498164	 -4.13568319	 
-0.00310286	 2.10972332	 -3.56152469	 
-1.84208805	 5.63204954	 -9.67017801	 
0.48130715	 -0.88508220	 3.95606757	 
0.48784893	 -1.43830131	 -2.48378596	 
1.01072948	 3.36286391	 -5.23357826	 
-0.24865599	 1.04309034	 1.54876410	 
-0.79796764	 1.80568023	 -3.88065544	 
0.94065043	 -0.07262036	 4.53565459	 
-1.74155034	 1.51607778	 -4.60799050	 
-1.71845450	 3.52215374	 4.71307704	 
0.85619782	 -0.12687850	 -2.00854954	 
-0.00249100	 -0.32594641	 -1.73181977	 
0.11245653	 0.11628072	 2.21624741	 
-1.69548572	 0.48952818	 -2.75452472	 
-1.50285570	 -3.98019497	 -1.84929375	 
2.84892055	 -2.52104318	 -2.53017950	 
-0.53603062	 -2.28157039	 -0.91413996	 
0.31441317	 -7.59493359	 0.99307128	 
3.96714984	 1.61801770	 -4.65550549	 
2.27766011	 -0.08076820	 4.88145256	 
-2.26207593	 -1.87862724	 1.72351365	 
3.19017761	 1.38272545	 1.63913997	 
0.37255940	 -1.29631781	 4.48680092	 
-0.09113844	 1.77561534	 2.70337111	 
-3.42579041	 -0.06876342	 4.42581351	 
0.64648327	 1.07173148	 1.61157833	 
-0.87002783	 3.56005260	 -2.59925763	 
4.27113423	 1.59712916	 3.56528758	 
0.46246934	 2.07374284	 2.42857212	 
3.68990549	 -0.98107803	 4.10928130	 
-1.45019420	 -0.62410725	 1.50582718	 
-0.41625411	 3.23618938	 -4.73271785	 
2.36950109	 0.16847230	 -8.57703363	 
1.49158463	 0.24359276	 -7.28799846	 
-4.16016339	 4.08722892	 -4.25563055	 
12.81943502	 -4.47080496	 8.12225821	 
-2.44850196	 -3.24850803	 -3.51181948	 
1.30867792	 1.25062636	 -1.07448835	 
-1.69870978	 -1.93111740	 4.42421810	 
0.00922880	 1.16103853	 4.38534884	 
0.03558317	 -2.15113268	 -5.53914233	 
-0.53722554	 0.86848307	 4.58118381	 
-2.48618368	 -0.70494260	 -1.76908654	 
-1.28032286	 4.10644557	 -6.07281974	 
0.46089501	 -2.65204053	 -3.28622823	 
1.87232322	 -2.99863779	 -3.82409938	 
-2.75888113	 0.97145436	 -5.91194288	 
-1.89827171	 -4.86478651	 13.19484154	 
2.13187119	 -1.96032558	 -5.28172874	 
-5.07383182	 1.90402056	 -3.47076513	 
-1.48696608	 1.38585811	 -2.04714154	 
-0.81152344	 2.35499335	 -1.83557261	 
-0.11313009	 0.57698307	 1.59449334	 
2.26198488	 -1.65515498	 2.37546795	 
-2.01924979	 -1.06567627	 1.56301879	 
1.31724996	 -1.44254039	 -1.86671274	 
0.67495444	 -5.58395151	 -4.64051381	 
1.19239982	 -2.39347479	 5.50407696	 
-2.07020178	 -0.94446880	 -2.21586473	 
-2.07490162	 -0.26582966	 -3.12975333	 
-0.49003696	 -1.56098521	 -6.45634325	 
1.03675515	 -0.00991387	 2.93102150	 
-1.86655309	 -0.66464318	 1.22899432	 
5.29553828	 -0.44288073	 3.34814802	 
-1.03603425	 -3.20549802	 5.31235804	 
1.50946332	 -0.16915271	 1.82537082	 
0.33086859	 0.35590413	 -2.03153093	 
-0.51911643	 0.73734827	 -2.01179575	 
-2.12744605	 -0.00721350	 3.92471478	 
4.62601600	 -0.17994131	 7.12877139	 
0.84866001	 -1.37735493	 -3.36155282	 
-5.88527265	 2.86863339	 -6.59859783	 
-2.73226531	 1.05176118	 -6.60340900	 
1.21736391	 1.15573212	 -1.55434594	 
0.20184192	 -0.13620919	 -2.48426324	 
-2.51787557	 2.24311993	 3.83082404	 
1.59920610	 0.08721333	 8.48425992	 
-2.13053634	 1.31582465	 -5.77386585	 
0.38504058	 1.46664453	 -4.53429386	 
-1.90766866	 -2.69442417	 2.90936916	 
2.12423526	 -7.34458338	 7.35587566	 
0.28057485	 0.68111648	 -1.57545353	 
-1.20419285	 -1.64480138	 3.63771432	 
-0.79352260	 -2.00883564	 3.25545061	 
2.94976290	 7.53312397	 6.70641458	 
-0.94643301	 -3.44883085	 -4.33867635	 
-3.85766457	 -1.44142935	 -1.35773292	 
-0.89031384	 0.59575075	 -2.19367133	 
-0.11589875	 -0.12190204	 6.69719665	 
0.27986766	 9.20274353	 8.47843214	 
1.50983178	 0.03000949	 -2.10034115	 
0.78548718	 -0.70118261	 2.62533937	 
1.89739505	 3.16540539	 4.40385831	 
-2.30581087	 -2.05457785	 4.81599197	 
-2.38669572	 -4.72807346	 3.31896311	 
0.90814784	 -1.97274520	 2.53525335	 
1.02511301	 -2.80824189	 0.52162638	 
-4.30656905	 -2.58325415	 3.89117076	 
-1.62681331	 -0.07138077	 1.46223796	 
0.60175149	 -1.39834364	 1.94904226	 
-1.30229282	 -3.07349533	 3.20594033	 
1.58675889	 -0.51628816	 1.14311790	 
-0.18752880	 -3.11213937	 -2.98200186	 
1.27762727	 -2.22145262	 -4.52298468	 
1.28478033	 4.48679895	 -3.91145521	 
-1.87472349	 1.13360114	 -6.03590985	 
-0.24430985	 1.53514843	 -2.28326410	 
4.63988513	 0.86604932	 -2.94533569	 
1.72430551	 -0.92612619	 5.17621517	 
2.52290671	 7.10946392	 -3.31828342	 
0.91788225	 -8.99310629	 -5.90893879	 
-1.29825281	 2.21374028	 -2.69321921	 
5.03594016	 2.12597680	 -6.30281491	 
2.33422462	 -3.67001512	 4.46891117	 
-0.05514501	 -4.63663819	 1.96443825	 
-2.06366566	 0.45816744	 -3.92747123	 
2.58870354	 5.19919825	 1.11863320	 
-0.72467508	 1.11624681	 -0.68705623	 
0.00339856	 0.16282023	 -4.10490914	 
-1.58044302	 0.83942546	 -1.43155991	 
-1.08628559	 3.01755820	 -2.52270773	 
-0.66225945	 0.91405738	 -1.25519934	 
-0.29409176	 -1.31699374	 -2.92289095	 
2.53883363	 0.19838600	 -3.67246663	 
-0.51978777	 0.20129818	 8.17246259	 
-1.45701781	 -0.84415574	 -5.80570121	 
-0.23501462	 -1.51301487	 6.06010632	 
-0.89485715	 2.32267801	 2.42383242	 
5.50573880	 1.36852595	 2.69323430	 
-0.55230845	 -1.21037930	 -1.10003642	 
0.68128451	 -3.19923233	 2.57473163	 
0.04591834	 -1.71822326	 1.86035054	 
0.75507910	 -0.42830396	 3.66583193	 
1.08421447	 0.36705734	 -2.08610010	 
-1.59156738	 2.38106362	 1.99059711	 
-0.07813662	 2.92208889	 2.23449067	 
6.58703180	 2.77096073	 -6.40114947	 
-1.72121698	 1.88315028	 1.94323548	 
-4.45262218	 4.60127176	 2.76808626	 
0.00731316	 0.01179977	 -2.24928223	 
1.94985402	 -1.63713641	 2.34576500	 
-1.72078286	 -0.37618161	 -0.83122064	 
-4.83134296	 1.73861763	 -0.86689913	 
0.38225574	 -1.82180117	 2.34666475	 
-2.38124568	 4.14000031	 -5.82349578	 
1.01593632	 -0.69136074	 5.44171137	 
2.31722364	 -0.27834780	 -4.95118386	 
0.35115964	 0.05728763	 3.90125717	 
-0.66991410	 -1.01089723	 1.77699613	 
2.73342519	 -0.46824876	 1.86211831	 
1.15021297	 -0.14260536	 3.44261361	 
2.81889807	 -0.53742266	 3.23996884	 
-2.46824695	 0.64940093	 3.48769277	 
1.19813788	 3.64479104	 4.15825631	 
2.33481149	 3.25310211	 11.32992245	 
0.23775459	 2.62863645	 4.20120021	 
1.48748678	 1.96316012	 -3.10407059	 
0.64646890	 -3.59767097	 -4.69385032	 
1.55601016	 1.09100667	 -1.93126094	 
4.32096377	 -0.57298520	 4.98889786	 
-2.45555988	 1.96996826	 4.96085258	 
0.89907458	 0.45484501	 1.39173290	 
-1.12005020	 -0.83052105	 0.83421520	 
-0.92562132	 -2.18342896	 5.80183751	 
-0.72640321	 2.64437361	 -6.87010021	 
3.06752139	 4.46718296	 -2.57651036	 
3.70312487	 1.55233806	 2.30107645	 
1.74945850	 3.17731734	 -2.66606835	 
-0.96938091	 -1.61123497	 1.68530230	 
-2.20021185	 -0.00880907	 2.71004161	 
-2.60395211	 -3.74175021	 -5.38446412	 
-2.56493828	 -4.76446967	 -3.88697876	 
-5.48222881	 -7.73529064	 -2.90506343	 
0.55808589	 -0.40141486	 -4.33965408	 
2.11559331	 2.61372283	 -4.63322441	 
-0.09465176	 -0.75983330	 -0.74487476	 
1.14238573	 0.53675965	 -2.23985134	 
0.10294775	 2.00570410	 5.38107283	 
-1.36555047	 0.02348693	 3.25874104	 
-4.65069902	 -4.47426118	 -5.44320586	 
1.56528512	 0.13630396	 -1.78017738	 
3.01669003	 -3.56093352	 -4.02607787	 
0.20579297	 -5.25138025	 -3.81873892	 
-1.08849161	 -1.73472203	 -3.20401787	 
-1.06783967	 2.13811422	 4.18758037	 
-0.36524882	 0.30627696	 2.27113622	 
-2.28551248	 2.20178935	 -2.40019313	 
-1.23431921	 1.77573786	 -3.09691576	 
-2.56304344	 0.92423175	 -5.41825107	 
-3.52569333	 0.32238509	 2.82664321	 
0.22610466	 1.68459897	 -4.38843416	 
-2.50987095	 -0.78142375	 -1.02017140	 
0.46124130	 -1.29071901	 -5.53242906	 
-0.35619735	 -1.20425644	 -6.73546121	 
6.12184362	 0.60691740	 -2.29075506	 
-0.75324702	 0.45997767	 -5.22174543	 
-2.31091693	 -0.29148644	 -4.77186133	 
0.51417334	 1.73311822	 -3.21006348	 
-2.14459713	 -1.68893252	 0.49605823	 
2.23625684	 -0.02350178	 -7.06692547	 
-0.50835614	 0.97349098	 2.28132308	 
0.91742030	 -2.41154590	 -2.62152889	 
-1.45488415	 -0.87187598	 1.53152642	 
0.58402120	 1.44326267	 4.17392653	 
-1.42590961	 2.10703441	 -5.54636600	 
-1.60550100	 -0.44812195	 -1.61967172	 
3.51650181	 -0.77546202	 7.47276869	 
-1.59816452	 0.99760360	 -2.06432692	 
0.96350034	 1.31456270	 -3.99367750	 
-3.44974594	 0.98425380	 0.44240787	 
2.52250689	 -0.04941323	 -2.93722615	 
-2.26050122	 0.03964357	 -5.58634003	 
-1.50161759	 -0.89182779	 2.78742350	 
-0.38602997	 1.69595173	 -1.51944414	 
-0.56340519	 0.32567947	 -4.25971590	 
0.44414930	 0.28679446	 2.28136998	 
-2.68223482	 0.52422283	 2.83560412	 
0.19245826	 1.31095180	 -1.54072319	 
2.26921459	 -1.01726935	 2.99511076	 
-1.75654952	 1.95907799	 -4.60381836	 
2.29893801	 -0.33249871	 -3.72567349	 
-1.41713083	 -1.40933039	 -3.68972424	 
-4.60453701	 0.98849011	 -2.27616604	 
-1.72548146	 -1.50889230	 -2.95718110	 
-4.53641180	 3.05071926	 -3.14641223	 
-1.38616508	 -1.49262984	 1.83695091	 
2.89843202	 0.15651154	 -4.01929504	 
-1.52305072	 -0.98568621	 -6.40460335	 
0.08028689	 3.45912441	 -2.74207261	 
-1.83761151	 1.62888191	 2.54620310	 
1.42495916	 -0.99556565	 -1.23116928	 
1.49747948	 0.86658013	 -3.59281676	 
3.15630114	 -0.80313240	 7.30199525	 
-1.18129580	 1.47713225	 -1.87001096	 
-0.04619917	 0.65675959	 -2.51164602	 
1.33627215	 3.55166074	 7.56484295	 
-0.26628293	 -2.23208974	 -3.28629644	 
-1.06084379	 0.60033917	 3.24406286	 
4.67782865	 1.23750046	 1.76594745	 
-2.60216760	 10.60904394	 8.21841225	 
1.64587711	 -1.85334925	 2.46330401	 
-0.07790916	 -1.08026008	 1.75905573	 
2.87691668	 -0.15688227	 -5.12815183	 
-2.28616441	 0.38028465	 -3.46111515	 
0.27071829	 0.25638119	 2.27143830	 
1.46560797	 -1.30932390	 4.06274727	 
-0.96642339	 0.28654364	 -2.36909025	 
-1.30192019	 -3.65133852	 -2.01192642	 
-1.43475040	 1.57011265	 -6.38466781	 
-1.73907667	 -1.27364186	 2.15499396	 
-0.71871264	 -1.30464137	 8.01498689	 
-0.10446359	 -3.63314705	 3.64190297	 
-2.95014129	 -3.37122197	 2.66467594	 
2.40557671	 4.66254155	 4.42413659	 
0.52977265	 3.20128852	 -1.25135571	 
3.92816367	 -0.89009147	 3.27619677	 
-3.10673600	 -0.38905505	 1.95353590	 
-3.14871078	 2.15075544	 -2.38275894	 
0.30454548	 -0.81631498	 -4.91742718	 
-1.27174227	 -0.99407227	 3.53188512	 
-0.54194019	 -0.54535631	 -4.29973430	 
-0.55398619	 0.91571053	 -4.17500702	 
-4.09092270	 -0.46310697	 4.27294252	 
-3.39985657	 1.19828157	 4.78600000	 
1.54284757	 1.15516655	 3.17286608	 
0.57928457	 -0.60976701	 -2.42564483	 
1.45317834	 2.31765072	 -1.46523073	 
1.05176210	 0.39426859	 -3.73412747	 
-0.43175400	 -0.33512072	 -2.31752451	 
-2.16550354	 -0.49553421	 -3.96842187	 
-1.68474105	 2.34994939	 -2.24055009	 
-0.87146987	 -0.64619998	 -7.62621528	 
1.16726177	 0.82385816	 2.62940148	 
2.67009241	 -1.20704338	 3.72028652	 
-3.43604329	 1.28402186	 1.09534219	 
3.33521288	 0.61857507	 2.72635328	 
-1.05235791	 0.90506820	 1.52043269	 
1.95426751	 -1.44552157	 -3.28037479	 
-1.45913220	 -1.39135363	 3.27798301	 
-2.17802429	 0.73343732	 2.96825709	 
-1.01935010	 1.08837789	 2.51088805	 
4.55778472	 1.50846538	 2.55473578	 
2.06250846	 -1.03653343	 4.51223530	 
-1.77254848	 3.10760916	 -3.02306088	 
-2.66854049	 -0.78629194	 -2.81590447	 
0.46350839	 -2.06052621	 -1.96487896	 
-6.49010781	 2.01728955	 -7.07140574	 
-1.11960947	 -0.81401929	 2.02777681	 
1.33213829	 -1.16548217	 -4.79093112	 
-0.60080119	 -2.93693691	 -4.03889991	 
-0.26068336	 -4.78429357	 -2.22744061	 
-2.22489445	 -0.69766251	 -2.83353946	 
0.07493257	 2.97386505	 4.75993385	 
1.90199269	 1.58842759	 -2.77021675	 
0.57669796	 -1.54677949	 -2.18474741	 
0.80374538	 1.18550707	 4.57038390	 
-1.55764707	 2.60477592	 3.33803627	 
5.89895670	 -1.08925561	 3.91920166	 
-2.10284422	 1.18654965	 3.65611964	 
0.96916155	 -2.93376963	 -1.83763215	 
-2.66702165	 4.95337772	 -8.28093855	 
-2.61991553	 0.28136620	 -8.41653420	 
4.31372940	 1.47091268	 -2.74182250	 
1.11093774	 -0.91535469	 3.27028665	 
1.29236165	 -0.39528449	 6.04595475	 
1.17931607	 -0.88481630	 1.77189515	 
2.23759484	 1.72787920	 -3.44652761	 
0.01563620	 1.04311936	 -1.43602885	 
1.92421698	 -1.68346186	 -1.31070571	 
-1.23859052	 2.77552843	 7.93941220	 
-2.67310905	 -1.81490520	 1.49675455	 
1.08525328	 -0.35957507	 -2.39114960	 
-1.28407999	 0.40947197	 1.36164017	 
0.43441474	 0.67406855	 -2.63053262	 
2.31533100	 -3.55950425	 2.72964559	 
-0.07103955	 3.06153225	 5.36198079	 
1.48627654	 -4.35436333	 2.81241071	 
-1.21060166	 -1.40821909	 1.31362955	 
-0.52904656	 -5.07188362	 -2.30643754	 
1.87673794	 -1.68604108	 -2.95858143	 
-1.48606179	 -5.24855703	 5.81547336	 
2.02395381	 1.06175239	 1.41224322	 
3.35476413	 2.99027165	 -3.93971524	 
-1.16503761	 1.81314492	 -3.70026036	 
-3.28877614	 -0.88262981	 5.58297684	 
-2.54435690	 -0.47546649	 3.38884228	 
-2.11434425	 -0.74674324	 2.85798241	 
-0.97480231	 -0.29378867	 5.47977245	 
-1.10357297	 3.46179831	 -4.38672422	 
1.44421391	 -4.08955618	 -5.77706335	 
2.18478135	 -1.87988261	 -5.33727662	 
0.12266852	 -1.53606362	 -3.89325671	 
-1.70544100	 -2.21796459	 -4.84493316	 
-1.43454291	 -3.03201884	 -5.17460991	 
0.83453427	 2.63468487	 -2.04200737	 
-0.67013012	 -0.33778319	 -5.10387109	 
0.08329736	 -3.69532842	 -3.26578963	 
-1.74672344	 1.01724843	 2.78368653	 
0.31592975	 1.81675416	 1.35473348	 
-2.81696712	 1.68264386	 2.17805187	 
-0.33594999	 0.46877818	 3.10326228	 
-0.17412007	 -2.44141872	 2.85440262	 
-1.22226619	 -1.76238338	 5.11385833	 
1.88595771	 -1.11858446	 5.67227143	 
6.53488083	 1.84947392	 -5.06680023	 
-0.44888801	 -3.44455507	 -2.75247425	 
-1.49118199	 3.57156339	 1.85843912	 
-0.19431841	 2.10107859	 -3.51161314	 
3.87246182	 4.86712951	 4.52115966	 
-1.31322288	 3.14284993	 -4.46840249	 
1.17226824	 -4.31250279	 -2.75497365	 
1.36631890	 -7.21319886	 4.40332161	 
3.14918517	 2.15188477	 5.29101035	 
-4.62597588	 0.95625146	 6.78686660	 
0.33806804	 -1.57015956	 4.81593939	 
0.42947103	 2.51779078	 7.11569733	 
-2.12189301	 -3.78291222	 4.08965422	 
1.23566535	 -0.31314988	 -6.22894229	 
-2.13097130	 -0.02987233	 -2.79324386	 
-0.82355413	 -0.53099704	 -7.56766746	 
-2.41752530	 -3.72261514	 -5.49099233	 
-1.22157870	 5.75263385	 -9.68184802	 
0.59867328	 -2.07275989	 2.51740592	 
-0.98585057	 0.15576077	 1.89099314	 
0.13053113	 -0.73971005	 3.26105786	 
-0.67200351	 -1.27767499	 0.57999225	 
0.05562208	 -2.50924947	 1.55283167	 
-0.65199410	 -2.35838176	 -1.57166174	 
-3.21672488	 -1.76563669	 -0.78205265	 
2.55383157	 3.31219394	 5.60677078	 
0.22427873	 0.11391120	 1.57639355	 
0.49164558	 2.44047228	 4.86088558	 
1.47896801	 0.11858300	 -2.80300048	 
-0.32927214	 4.23647265	 4.02704370	 
0.09444094	 1.48111873	 -1.48861284	 
0.39249186	 -4.39826006	 1.01635810	 
3.19400763	 -2.27532142	 3.15726641	 
-1.05048189	 3.55713295	 6.08814936	 
0.28743499	 0.32645066	 -0.74310617	 
-3.63303390	 0.05413188	 0.75999353	 
1.05090342	 2.40352842	 -4.19570236	 
0.61881616	 0.70737748	 -2.23247756	 
1.32989570	 -5.68697157	 2.64666876	 
-0.98508397	 -0.80888002	 5.15515272	 
-6.53243392	 0.20283409	 4.37923885	 
-0.02390484	 2.73914077	 -5.55341094	 
-1.74308889	 -1.16431275	 2.11245160	 
0.33242898	 -0.74656795	 1.55521612	 
-0.63060427	 1.94860374	 3.84354887	 
-1.41996666	 0.41670917	 -1.94644968	 
-0.73688023	 -0.10250378	 -4.30300586	 
1.59238065	 0.07425406	 2.53384355	 
0.99909921	 -0.71713498	 3.73495821	 
-0.01421610	 -0.04384042	 4.50768235	 
1.75950546	 3.64993125	 2.41191178	 
0.40655829	 -1.55265154	 -1.31487674	 
0.70537215	 4.75321386	 -2.16525987	 
-0.65643923	 -2.41244377	 1.71825100	 
0.11575817	 -2.58846787	 9.30437126	 
1.05029831	 -1.03596990	 -1.49208235	 
2.13714380	 -0.14134944	 -2.70857823	 
1.29514825	 3.66458755	 2.66997926	 
-2.05204947	 0.01733061	 -4.60474271	 
-1.23962222	 1.92949960	 -1.57943704	 
1.98437010	 1.94001317	 2.42786889	 
-4.75049016	 0.82625863	 -2.81440258	 
-1.29800635	 -8.02362539	 -4.99921448	 
-0.33002845	 1.60255593	 -1.79656945	 
1.26878798	 -2.00831612	 5.25956741	 
0.48358192	 2.46735269	 -2.85287935	 
-0.86383920	 -1.06918222	 -1.54825951	 
1.04537611	 0.02635213	 -1.55770368	 
-3.22371141	 0.80588616	 3.15837221	 
1.15143364	 2.66042963	 -5.10819331	 
-3.77815654	 -1.02524721	 -4.98467880	 
-3.17647783	 0.17351570	 -2.99569842	 
0.90196530	 1.80699678	 -3.38598521	 
0.20933200	 -4.46507095	 6.54252417	 
-1.13880244	 0.42572339	 -0.81924162	 
8.06839326	 0.18433562	 7.32960487	 
0.09849569	 -2.53923936	 4.70247713	 
3.71940592	 1.62633459	 -1.73394474	 
-1.47867790	 1.70994534	 -3.83959279	 
-1.55796832	 -1.86246272	 4.37711806	 
-2.88374484	 -5.61547133	 -8.41755833	 
-2.46901353	 -4.67203185	 8.31882384	 
-4.44376093	 0.05566633	 -4.44767566	 
1.68055664	 -2.26442830	 2.52490388	 
1.47237765	 -0.61244771	 -6.08087760	 
-0.46763615	 -3.86889295	 3.28852490	 
2.34346157	 -0.10437350	 -4.10479236	 
4.02721576	 7.31009106	 -6.24190267	 
-0.60614576	 -2.64761224	 1.78406561	 
-1.17876571	 0.21438946	 2.01767998	 
-2.19170892	 -0.77823026	 -5.05351494	 
2.76909514	 0.72136292	 2.52780267	 
-3.21493738	 -0.75786074	 2.93415433	 
0.86818057	 2.83758846	 -4.89359979	 
-2.01500377	 -4.89312171	 -2.24581445	 
1.09659130	 4.88971493	 -1.24064387	 
1.63687212	 -0.31314145	 -2.95252819	 
0.80279945	 -0.23290341	 2.81285728	 
-1.86710643	 -0.46246353	 -1.72356539	 
1.96974550	 1.76672520	 -6.84366076	 
-6.71426889	 -1.08515175	 8.11437162	 
-2.04915215	 1.53477757	 -1.72608876	 
-0.02859974	 -1.50714282	 -1.16390290	 
-0.16739137	 2.10939529	 -2.86275548	 
-2.21514210	 -0.57006349	 3.91442744	 
3.63747361	 -0.71300314	 -4.13639414	 
1.76525007	 1.28295618	 -4.18580620	 
-1.97478060	 1.69978453	 -1.82933208	 
-0.28396551	 -5.90379546	 6.29178197	 
0.71415478	 0.05316120	 3.84543113	 
-0.03234699	 0.85661449	 -0.64520838	 
-1.00729690	 0.59295510	 2.85864443	 
1.33269340	 2.52902879	 -3.76136937	 
0.91003570	 -0.28972308	 -1.31355023	 
-3.54427449	 0.09438898	 -5.51472293	 
-2.06172984	 -0.35141463	 2.12191652	 
4.36007446	 -0.80754400	 -3.00569166	 
-0.85081966	 -2.11386624	 -4.08951047	 
1.74991483	 -1.38633342	 -1.37670757	 
1.05055918	 -1.90702041	 -5.31125105	 
1.43422604	 -2.36842397	 0.61393151	 
0.73802830	 1.26325233	 -2.22963075	 
-1.21030049	 -1.54653641	 -1.33693894	 
4.89240467	 -4.63626289	 8.65854565	 
-2.57575020	 -2.33839419	 2.94856858	 
-3.02349406	 -3.74153901	 -3.93528745	 
-0.78385920	 -0.29011032	 -5.69831189	 
-0.76563598	 0.57295438	 -3.53849848	 
-1.14178657	 -0.18908719	 -5.94172573	 
0.64165876	 -0.72295003	 -3.62976252	 
-0.51005100	 -2.91058544	 6.24370877	 
2.06570525	 1.04844090	 -2.04706432	 
0.92525597	 -1.07045700	 -2.07253045	 
5.47403701	 0.75342154	 4.34896317	 
1.01104702	 -3.14556293	 -1.75474791	 
4.95652245	 -1.52813549	 -3.76785027	 
0.68469458	 0.33707146	 -2.75803238	 
-2.22423274	 -2.07404175	 5.54265723	 
-3.96779989	 -0.02926789	 -3.08378740	 
-2.82465510	 4.02836586	 1.67247706	 
1.80965921	 3.93575376	 -3.40430528	 
1.77888233	 0.27330307	 6.31369532	 
-2.93775329	 -1.12835100	 -3.74714750	 
-0.08746345	 -0.27942065	 1.17061044	 
2.71794549	 -0.59580340	 -2.67568905	 
-3.25927675	 4.12486772	 0.93631494	 
-5.56096244	 3.80164774	 6.40830862	 
-1.73987096	 0.41845593	 1.95613359	 
-6.30024378	 -3.14570544	 4.29765553	 
-2.02869219	 3.26979153	 -5.47687456	 
-2.49250424	 3.69615085	 3.75346447	 
2.07591051	 1.00902901	 0.72149709	 
-0.42798645	 0.31520403	 -1.28596904	 
8.28677309	 3.56685259	 3.96531234	 
-6.49396611	 3.17691420	 3.92275532	 
-0.40364991	 -3.86262432	 2.16527040	 
-3.80843089	 -2.02076781	 -5.47492013	 
-3.35240558	 -0.40719458	 4.12042778	 
2.23560332	 0.55093182	 -1.51217576	 
1.59121572	 2.27373796	 4.35250927	 
0.50692937	 -1.14170395	 -3.79223794	 
3.91078508	 -0.04824154	 4.02699181	 
-3.44381475	 -0.13135397	 -1.48065574	 
-0.37200200	 2.40674574	 0.56087638	 
-3.91045298	 -5.65336472	 3.58094619	 
-1.17903853	 1.11111834	 2.98115450	 
1.32133213	 0.59836426	 4.82559383	 
1.89078274	 -1.57625064	 2.99052051	 
-1.40062834	 -0.38104686	 -4.64016424	 
-2.95453715	 1.12385301	 4.62689142	 
0.53678669	 0.30723033	 1.66852342	 
-5.62878403	 1.89972870	 4.73452717	 
-0.90382855	 -1.57442120	 -4.76775035	 
-1.08698279	 2.74342470	 -4.04759254	 
-1.05691216	 -1.18363942	 1.65115424	 
1.41941598	 -0.14422681	 1.51514591	 
-0.32270850	 1.25658316	 4.95814344	 
-1.54338044	 1.75577855	 -5.83648503	 
2.01932148	 -0.44848466	 -3.97743455	 
2.64049753	 2.17895247	 -9.64759882	 
0.81942768	 2.01208490	 -5.28781713	 
-0.95064825	 0.24007864	 -1.32619654	 
3.05512713	 -0.15615163	 -1.57551871	 
7.01873760	 -3.50533819	 7.52684401	 
-1.06852005	 -0.56347754	 2.04039722	 
1.62111992	 5.52222638	 -3.30564249	 
-1.27210522	 0.86781673	 2.26678892	 
-0.58121054	 0.27730200	 2.18533586	 
0.29322297	 -3.35117993	 2.48163770	 
0.68573136	 2.09111898	 3.12902578	 
0.47737008	 1.72905244	 -4.93567039	 
-2.00553832	 -1.98198699	 -3.90293597	 
1.78395027	 -1.64653819	 2.17896848	 
0.41142502	 -0.26660812	 -5.31730506	 
-1.70919814	 -2.87836526	 -2.84471003	 
-1.13836052	 0.83297340	 -2.79146868	 
-4.13491110	 -2.32051459	 2.81365280	 
-1.04074210	 -2.21720209	 -1.09859198	 
0.62367739	 3.02858901	 -1.61618687	 
3.03899745	 1.70023895	 3.09326702	 
3.54403129	 -6.71014980	 6.41500322	 
-2.77382316	 2.24755245	 -4.16731382	 
-0.56514262	 -2.62237976	 -4.34733854	 
0.20918699	 -1.53172786	 1.90474754	 
-3.70354815	 1.35845725	 4.23410608	 
3.35524678	 0.09111666	 5.32918944	 
6.64657696	 -4.56630904	 -2.62908719	 
-1.91389450	 0.16602659	 -2.43944911	 
-4.38055444	 6.02794272	 -5.53275893	 
1.33218197	 0.19481020	 -0.95489358	 
-1.37190878	 3.07754524	 3.49827205	 
0.64305900	 -0.40017995	 -1.89278626	 
-0.82897969	 -2.09879080	 3.24791504	 
0.63486395	 2.28879989	 5.73579401	 
-1.81737085	 3.26324860	 -2.22825832	 
0.54232670	 2.11982626	 1.62654714	 
2.30807413	 0.62200296	 7.85085405	 
2.57799387	 -3.70432340	 6.67253243	 
-2.64330840	 -0.93432058	 -2.43239042	 
0.82066064	 3.66543706	 4.95430358	 
-2.73375719	 2.34401054	 4.55872165	 
-0.09804218	 -0.72751270	 -0.69854140	 
-3.92694504	 0.54356789	 -4.41697068	 
-0.76796105	 -0.83826323	 -2.33353680	 
2.08237226	 5.44821288	 -5.30667507	 
-0.58664176	 0.03773693	 -7.74709229	 
0.54298383	 -0.79742253	 1.99268994	 
-1.20090321	 1.81149038	 8.09358560	 
-0.11649718	 0.85984766	 3.46344132	 
0.80678945	 0.26626424	 -6.19079817	 
0.36912432	 1.44670176	 4.39096180	 
0.96469231	 2.83099830	 5.48940593	 
4.06585505	 -3.02623704	 -5.70267184	 
1.93839378	 -0.85921299	 -3.98455306	 
-0.69816623	 0.21665388	 4.94350352	 
-6.41575923	 -1.26201851	 -5.57863143	 
-4.17307322	 -1.84000016	 -5.98769402	 
-0.18978243	 -2.07460257	 -5.35345367	 
-6.65463888	 -1.89771170	 1.30444650	 
-0.47447776	 1.99446787	 1.75533386	 
1.97925888	 0.67796164	 -3.95015756	 
-3.34070528	 -0.94345049	 2.00144449	 
-2.15437883	 1.28706946	 -1.56899707	 
0.23818085	 -0.29891038	 -4.91266174	 
-1.25088857	 -2.36197953	 -3.73042367	 
-0.71533310	 -1.86814972	 -2.95922117	 
-1.69930686	 -0.84373556	 3.90060451	 
3.12675779	 0.65442727	 -5.58132908	 
-1.58661660	 0.39395140	 -3.89868637	 
1.80099865	 -4.72069265	 -4.46721317	 
-2.14939233	 -1.28557060	 -3.37818279	 
0.37642865	 -2.26345404	 -2.71060842	 
1.50046468	 -1.32025344	 3.01333942	 
-1.01592917	 -2.00550943	 -1.75125982	 
-2.20666578	 -1.65424734	 -2.52889711	 
1.13159771	 0.53890063	 1.43625850	 
-0.20564720	 3.16884076	 2.48206062	 
4.28362103	 0.42713765	 1.54898427	 
5.77949173	 0.58049409	 6.01887881	 
0.56786499	 -0.22002743	 -1.07550738	 
-1.08519279	 -0.46167868	 -1.11667582	 
3.41945957	 1.78894858	 4.92450118	 
3.82350423	 -1.01807801	 1.74550231	 
0.73608484	 -0.04868365	 4.14192066	 
1.75764616	 0.59771829	 2.45328645	 
-0.77937217	 0.37539126	 1.39375965	 
0.72601862	 0.33893699	 7.02977872	 
-3.42481586	 3.81060371	 -3.37225847	 
1.07864054	 0.61948925	 -3.86323724	 
0.73488521	 1.54950218	 -0.62180613	 
-1.76088422	 1.84116859	 1.74430519	 
0.70883543	 0.76207451	 3.72656974	 
6.72161932	 3.46895240	 6.90073948	 
-1.96101435	 -0.59189778	 2.25277054	 
-2.61320855	 -0.67489988	 -2.08076613	 
-0.66193145	 -2.66311338	 -3.53655504	 
0.53794363	 4.38137216	 -5.21295447	 
0.82791794	 1.67471467	 5.47761870	 
3.18911862	 -2.66406541	 8.22362847	 
-2.74058894	 2.63003938	 7.52191493	 
-1.56696114	 0.63969517	 2.38927807	 
-3.79580901	 -1.44277977	 2.47049147	 
0.35847104	 -0.72405454	 -1.87030689	 
3.17817924	 -0.13104104	 8.32822715	 
-6.88945318	 2.96373458	 3.51636422	 
-3.35617056	 -3.98537954	 1.91083943	 
1.86204800	 -3.11937006	 -1.92762617	 
6.04587262	 -1.86124799	 2.02504179	 
0.23896461	 -0.36537763	 -1.09888396	 
2.72897885	 0.85269087	 2.14944204	 
0.69749449	 -1.08760997	 1.42925794	 
-0.00629648	 1.42814886	 -1.19363522	 
-0.51553947	 -0.29018537	 2.69597763	 
3.97474085	 -0.50064797	 -12.71211249	 
3.17104022	 -4.46780331	 1.99462262	 
-0.30465621	 -1.42964962	 2.72007073	 
0.86106092	 -3.62131708	 1.81171863	 
0.69912785	 -2.26781178	 2.06829453	 
-3.08437511	 1.17208850	 -4.47852901	 
2.88030831	 4.10888058	 7.65644927	 
0.64506813	 0.37779961	 1.97232870	 
2.77645983	 -1.15644687	 3.56224738	 
0.06673323	 -0.20685767	 2.05274119	 
-0.55582399	 1.64931713	 -5.73304191	 
-4.75948749	 -0.42642356	 -5.49238069	 
2.76712116	 -3.65963432	 -3.68078375	 
-6.79733906	 -4.01309273	 -8.89320693	 
0.45099182	 1.31261428	 3.57281028	 
3.77615269	 -0.93711165	 -3.51475943	 
-0.60877897	 -0.40110127	 2.31578291	 
0.17711149	 -0.38718381	 -2.84360522	 
2.35664743	 -3.22705041	 1.76561428	 
-0.05153885	 -1.43472760	 6.20498941	 
-0.19226154	 4.54361236	 5.72073589	 
-3.22348676	 -0.00906984	 3.37381643	 
2.24719691	 -3.59843731	 2.42167562	 
-2.33658764	 0.24823211	 -4.34966505	 
-0.45877199	 -2.59920139	 -3.66243585	 
1.31966476	 0.86661820	 -4.61474917	 
-0.54400557	 -3.52341906	 -5.25437273	 
-1.87934703	 -1.98334151	 -1.73767122	 
-0.21035390	 0.44910932	 5.73655614	 
2.30095781	 -1.54934197	 2.91850767	 
-3.44272900	 -0.15269466	 2.68656466	 
-4.06803299	 1.01596950	 -6.43921964	 
2.63682890	 -2.61148919	 5.16313909	 
-1.00442696	 -1.37711390	 -4.56791855	 
2.12226510	 -0.86425644	 -8.06125188	 
-1.38257161	 1.41959043	 -7.24337540	 
1.95369506	 -1.51774346	 -2.53893690	 
4.14072412	 0.09863514	 -4.09173086	 
-3.12263163	 -1.14510659	 -6.28343433	 
0.16237370	 -1.61879403	 2.10345559	 
0.70995011	 3.44292026	 2.92822785	 
-0.21539721	 -3.94262460	 3.38287840	 
0.03508099	 0.47741312	 6.19243663	 
1.91189234	 0.90144559	 3.49375622	 
-2.10873808	 1.72401298	 -4.44151327	 
4.62705901	 -0.05394972	 -4.66931820	 
-0.62412751	 -2.44265933	 1.34638120	 
2.13333494	 -0.58266979	 3.28360573	 
0.21039927	 -3.00955500	 -1.06147485	 
-1.87972262	 0.20616090	 3.17902289	 
-1.47131338	 2.34143633	 -4.36822728	 
2.06038484	 3.65786507	 -5.00365822	 
-2.20579932	 4.16753727	 -5.57131899	 
0.29544804	 2.27951272	 -3.28271575	 
-0.09562871	 5.70766256	 -2.73285132	 
-1.11688714	 3.25782222	 2.25480742	 
1.16618832	 -2.94430636	 2.98765532	 
-1.93768888	 1.28398291	 2.14491924	 
-1.10390936	 -1.05958146	 3.06404418	 
5.15950536	 1.83368869	 -6.00400472	 
-1.21596714	 0.98711033	 -5.06642365	 
-2.05226176	 8.15346624	 -3.99342530	 
-1.64294158	 -3.46893775	 -3.95344498	 
-2.38121758	 -2.17699373	 -2.87467513	 
-1.96242994	 -2.12717078	 -4.39450698	 
2.06983767	 3.43487088	 1.49039567	 
-0.13125395	 -0.69408299	 -2.92933096	 
-2.66586470	 -0.46148716	 4.66150405	 
-0.88757712	 0.33535341	 1.72801992	 
-0.40951692	 2.55411050	 -4.70384061	 
-1.90315691	 -0.45913906	 -3.81806328	 
-0.44650386	 0.51013321	 -3.85303857	 
-1.65323208	 0.27186292	 -4.25798111	 
3.77452721	 2.49972195	 -4.33786399	 
2.35295797	 -0.85348252	 5.70034592	 
2.72434881	 1.74786480	 -4.10120704	 
-1.78557845	 1.88840411	 3.86607099	 
3.36232981	 -1.11566110	 4.40527919	 
4.84001874	 1.90961286	 -8.65957726	 
-4.65859090	 2.74220944	 -3.02109414	 
0.50105390	 -1.29341369	 2.63914038	 
0.28711819	 2.00078188	 -6.85122001	 
2.73367198	 -0.06018548	 -5.15854629	 
-1.57976135	 -0.52732858	 3.26485337	 
-2.56053176	 -0.28355212	 -4.17833354	 
-2.03635559	 0.39158547	 2.49875486	 
-1.50279295	 2.97573879	 6.23239159	 
-0.75848074	 0.06402084	 -7.17804594	 
1.46907245	 -5.41485633	 9.20493399	 
1.00477384	 -2.54560672	 3.85363565	 
1.73830951	 1.59401751	 4.43092729	 
-0.66005494	 0.49145411	 -1.86387493	 
-0.11266593	 0.88743746	 -2.34124908	 
-0.94148037	 -0.76318588	 4.34998891	 
-2.68997005	 -0.28132913	 4.38425349	 
-0.54299658	 -1.72781317	 -3.50226312	 
-2.53213570	 1.50543884	 5.64544782	 
0.05125733	 0.64055067	 -2.94288276	 
-2.74633392	 -1.17718186	 -3.61990957	 
0.14597512	 4.04217137	 -1.72809637	 
-2.08003449	 3.07310488	 5.24901038	 
-1.68943448	 -2.90036249	 -2.89532845	 
-3.86623513	 -3.18275365	 -5.69797980	 
-1.90907469	 -1.41474031	 -8.27285498	 
2.70407907	 0.44461499	 2.42694884	 
-1.52106472	 1.00385509	 3.28537510	 
1.03337699	 0.41937624	 -1.86912500	 
-4.13833557	 -0.01485252	 5.07545254	 
-1.05959166	 1.87554482	 -3.72800434	 
-3.59249251	 1.30299454	 -2.66787805	 
-2.02457310	 -6.70104165	 3.25148871	 
1.69933453	 -0.19326657	 -2.85100180	 
0.48121222	 -2.55924901	 -3.26348260	 
-1.27649614	 4.38792720	 5.61915164	 
-0.98327719	 4.91470954	 9.46956352	 
0.04597754	 -0.42816466	 -3.75099380	 
-3.21354913	 -0.74218093	 2.67174138	 
-0.33054433	 -1.37713264	 -5.42780160	 
-1.16896349	 1.88564787	 -2.73020416	 
1.85757958	 -2.37278917	 5.27957232	 
0.68878552	 0.70865473	 4.95738342	 
2.33123705	 -1.65589346	 3.56206098	 
0.29172088	 -1.90400756	 -2.69957186	 
-2.43515142	 -1.93837077	 -3.42101873	 
3.08217608	 -6.43485637	 -3.66114973	 
-0.28543317	 0.90705651	 -5.63540158	 
0.34918184	 -0.51425851	 -1.84862461	 
0.91244075	 4.30791680	 -6.96416024	 
-2.32634145	 1.09952464	 1.83900075	 
9.67288744	 0.86436808	 -5.49958014	 
0.42640560	 -0.66903650	 -3.56668879	 
-0.00188188	 -3.86790148	 -1.54736674	 
0.52667666	 -0.26944833	 -5.72639903	 
-3.52286476	 -1.06468488	 -4.61792677	 
4.21299980	 3.60954161	 -7.39667715	 
2.02087227	 0.90211436	 -3.36473767	 
0.45277206	 1.82419388	 3.95471086	 
1.22030061	 -0.29118425	 -4.10891739	 
4.37906982	 -0.01164823	 -1.42094188	 
3.74790666	 -2.92053519	 3.23742198	 
5.15548924	 1.88584542	 -3.47522879	 
-4.62763674	 0.47411713	 5.26591315	 
2.12311249	 -2.09327701	 -6.40135259	 
-0.99835861	 2.06039888	 -3.33686387	 
2.49957173	 2.22472898	 -4.11344070	 
-3.23084939	 -3.57063829	 2.54118816	 
0.89976157	 2.20594744	 -1.06453177	 
-3.17360087	 3.88422069	 -2.54296962	 
0.88463296	 1.41587723	 2.63202982	 
-5.24291221	 -1.09127129	 1.82234547	 
6.34376210	 -1.48892214	 4.60347792	 
1.54955877	 1.84203798	 6.12410347	 
-2.91790940	 -3.50832150	 -4.68292142	 
1.39747690	 0.67011110	 2.40603497	 
0.84678506	 -2.06930759	 3.78233081	 
1.21601232	 -4.72980001	 2.11608334	 
-0.73148909	 0.47182868	 -2.59014251	 
-0.51623412	 -2.94948877	 -5.52741183	 
-2.19951645	 -1.98564773	 2.21162071	 
2.49686273	 -0.70802473	 -3.41264119	 
4.60718109	 -1.80036128	 5.95122718	 
1.31721152	 -1.19477122	 2.18142859	 
2.20773443	 0.32409316	 3.02361754	 
-2.23531125	 1.82398992	 1.26664283	 
0.67462237	 -1.46912976	 1.35698590	 
1.87431480	 -5.20815894	 8.27404117	 
2.57072849	 -2.74143690	 -2.63455943	 
-1.72679415	 1.49549887	 5.91270655	 
1.25123788	 -0.03414601	 2.21173063	 
-1.33855951	 1.97446897	 -4.64612777	 
-0.09662368	 5.33850724	 -5.94425442	 
-1.53903158	 -1.59211958	 -3.17947417	 
-1.43651420	 1.34782500	 -4.71627158	 
0.32893597	 2.49887377	 7.20953836	 
2.65572418	 -1.07033265	 1.73922880	 
-0.96532530	 -2.42611844	 -1.73436779	 
0.20006750	 -3.31313312	 5.11368425	 
0.55334699	 3.53570852	 -4.33825432	 
1.61422466	 0.98040057	 5.21498935	 
-5.15184316	 -1.88237335	 -2.47811060	 
-0.09129164	 -0.36248345	 -1.48570637	 
0.64386720	 0.79185619	 -6.99923886	 
-2.78352307	 -1.21119876	 3.40153273	 
1.32191502	 0.08626742	 1.35451889	 
2.00456988	 6.57039113	 1.86407327	 
0.52198424	 1.67289557	 1.97093986	 
5.79232947	 1.31002161	 2.99642537	 
-0.21615951	 4.21978598	 -6.24127555	 
-0.28023274	 4.63686084	 -1.46475547	 
1.55365249	 -2.28298988	 2.35962364	 
0.83642455	 0.14446928	 5.96530026	 
-1.30810826	 -2.65044563	 -3.99398131	 
-3.41835921	 -2.35584077	 -5.14367445	 
-2.43109449	 -2.25069624	 3.91176756	 
-1.28379615	 1.65834949	 2.08221808	 
1.22993490	 2.56419141	 3.71046819	 
-4.03505381	 -1.86263661	 5.67818479	 
-1.15909425	 -1.20997024	 3.66892538	 
-0.20143584	 -0.68868145	 2.35395593	 
1.21364431	 0.93031971	 2.20746429	 
3.53451984	 1.61756974	 1.95583646	 
-2.11701296	 0.58485477	 3.77430995	 
2.04030154	 0.39094457	 -3.70020100	 
-0.95223433	 -1.52963388	 -3.77242824	 
-2.94940109	 2.87698867	 4.86826229	 
1.50431651	 -0.16490395	 5.74265350	 
-0.37938587	 -2.97234251	 -3.91297179	 
-0.04672136	 -1.28058183	 1.81111341	 
0.62248268	 0.21892828	 3.59695583	 
1.90727034	 -0.54944062	 3.16959822	 
-2.51268744	 -5.13854271	 5.90369705	 
1.37907817	 -3.96011692	 -6.08284262	 
1.10748343	 -0.61088849	 -1.71573206	 
-4.39044096	 -0.11038851	 -3.21613117	 
4.82058208	 1.59703301	 -0.98022625	 
0.16005263	 1.52019929	 2.12494233	 
-0.16941176	 -0.21111173	 -4.01427959	 
2.15512242	 -3.83260696	 8.85858947	 
4.08767245	 -0.26026417	 5.50458714	 
-2.37917566	 1.33670541	 5.26111988	 
-0.98290724	 2.11269835	 -3.06688979	 
-0.74296828	 -0.75762179	 3.73225255	 
3.60342836	 0.36356536	 3.37235034	 
1.05648800	 0.28342396	 0.72438251	 
-0.38088173	 3.12697775	 -4.85560490	 
-1.18304831	 -1.78023559	 3.78796111	 
0.57201988	 1.57210407	 4.25745362	 
-0.90968475	 -0.51959253	 1.74364146	 
-2.47709581	 0.51942307	 1.01997682	 
-5.37027189	 4.24169373	 -6.40228170	 
-1.58723220	 -1.00347730	 1.84571172	 
1.79056162	 -0.51535859	 -3.10175623	 
-0.85466263	 -0.81514523	 1.64840062	 
-2.10124348	 -2.06885539	 -3.02672967	 
3.30457552	 2.92056874	 -4.58813191	 
-2.39960807	 1.15158403	 5.10108498	 
4.82073753	 -6.53927863	 4.62022752	 
-5.04454396	 2.04359316	 4.38973552	 
-0.41212826	 2.39495053	 6.38453072	 
4.03764864	 1.35122417	 11.20995580	 
-1.44304374	 2.87308835	 3.71145795	 
1.55547403	 0.48996010	 3.77877567	 
-2.87509264	 1.05401102	 3.55803092	 
7.10847322	 -1.25522628	 -6.20713873	 
-0.37419480	 1.55423557	 4.45864398	 
-1.17972477	 -0.20342879	 2.22741604	 
-0.36506703	 0.96892681	 6.24747215	 
-0.33560770	 1.91764574	 2.71530529	 
0.91859636	 2.72318073	 6.56029959	 
-2.19562005	 2.40847202	 2.63981688	 
-2.05900792	 -0.96677232	 -1.84659216	 
-0.74990403	 2.53992050	 -4.95782815	 
2.51706008	 3.64429733	 3.89014148	 
-4.65848026	 1.14145770	 2.66118943	 
-4.97150076	 -1.31347664	 6.35469972	 
2.08221116	 -3.93173921	 3.77610184	 
0.36699772	 -0.72223452	 -1.57152121	 
-2.21488406	 0.27361134	 2.94538774	 
-1.62409708	 1.34459022	 -8.23442763	 
-3.27771221	 -3.50814848	 2.93155098	 
2.61572257	 5.57438882	 9.20420306	 
-3.87740390	 2.88092967	 -7.34851427	 
-2.32237566	 -1.29921301	 -1.27916141	 
-5.63497476	 -1.87509764	 -5.38669634	 
-1.97960877	 1.64287130	 2.10484686	 
2.92732586	 0.21522866	 3.79025251	 
2.44043805	 2.42125821	 2.58012441	 
-1.50214350	 1.49172455	 -1.53284262	 
0.97634277	 -1.94589680	 0.94665113	 
-0.06000235	 -1.37298557	 -2.84948617	 
-5.99079354	 1.66943778	 -3.00651251	 
-1.29086024	 0.62930434	 -2.69960095	 
0.21991138	 2.30595593	 2.69534309	 
2.56214074	 -0.87145664	 -4.65938888	 
-2.50461055	 0.52103085	 -4.30597967	 
-1.08659164	 -1.81751526	 4.03954169	 
-0.84492849	 -0.33366710	 -0.94039104	 
-0.45058503	 0.85941425	 -0.71682729	 
-1.64531770	 -1.15531765	 -4.10749446	 
0.26654811	 1.34670705	 -3.10964269	 
-0.63122316	 -0.18711384	 3.83171335	 
0.84030244	 1.51074615	 -7.67504962	 
-5.05900835	 -1.42123965	 1.00505519	 
-0.39003491	 0.11251499	 5.67444731	 
1.24886873	 -3.46446398	 -1.46363470	 
0.23725609	 1.99259473	 2.82401497	 
3.05668803	 1.72406436	 6.23771265	 
0.79112542	 1.52745503	 -4.07392837	 
1.11599190	 0.67317617	 -2.94279619	 
-2.83966750	 2.17602880	 -3.99547969	 
-0.49766010	 0.07002660	 3.39676630	 
-2.73812352	 0.39860598	 5.14504523	 
-3.61458004	 -1.14418589	 5.30494847	 
-4.02000938	 0.89161668	 5.40480121	 
0.76828476	 1.40002979	 6.57649985	 
1.60328012	 4.68571274	 -7.44492068	 
-1.43776057	 0.89278944	 -2.74680169	 
-2.73468805	 4.32641853	 -7.20183722	 
-1.00383568	 0.34911704	 -2.28458001	 
3.02525736	 0.30506396	 -8.52613431	 
2.75142546	 5.11199156	 -4.21896603	 
0.73688346	 0.63014234	 -4.50477168	 
0.08711751	 0.46165375	 -2.79911097	 
2.20453939	 3.94375223	 -2.77745872	 
3.36363978	 2.76885058	 5.03155855	 
3.79282525	 -1.50659943	 -5.09496162	 
-2.91040110	 2.48260702	 6.50321912	 
4.87534565	 -2.58001711	 -3.90359386	 
-0.37758658	 0.06164605	 2.04852294	 
-1.56359095	 -2.45108644	 -1.81324347	 
1.70596373	 -1.31294795	 -2.01511756	 
1.51365881	 2.46978222	 -4.39376157	 
1.33160473	 0.15029900	 6.42572347	 
3.87525485	 -0.31377793	 1.85048735	 
0.03572201	 -0.59756424	 -9.12971528	 
1.17256152	 -3.91094326	 3.90972134	 
3.34954823	 4.71587209	 -2.24924191	 
-2.78942373	 -2.94969077	 -5.29164575	 
2.09276710	 1.50753098	 -3.07831473	 
4.02175039	 -2.31371659	 -4.90084282	 
-2.97751461	 2.91775217	 2.63550673	 
2.45581483	 -1.40460568	 -3.52821892	 
3.79030624	 -3.68579589	 -5.73578581	 
0.53846807	 0.40400798	 -3.70405335	 
1.20945145	 -0.20331706	 -4.75501144	 
2.03996217	 -2.52397789	 3.29771528	 
-2.76108482	 -0.57586618	 -2.66926333	 
-2.36062683	 0.23289857	 -4.74858184	 
-6.19671319	 1.33316135	 -3.59315190	 
3.01715553	 -0.48634421	 -5.74429392	 
2.05270627	 -2.05120599	 7.45091603	 
-0.32445869	 1.67059824	 -2.14364128	 
9.30279192	 1.60311592	 -3.63016817	 
1.19480079	 0.13562448	 5.83747231	 
0.85591774	 0.48416399	 -2.17719197	 
-3.77684624	 -0.42820019	 3.46680869	 
1.10730219	 -1.22590219	 -2.84559572	 
-0.58665883	 2.89335656	 -3.75855868	 
-1.05558182	 0.52998989	 -6.33292816	 
2.61964312	 1.40315794	 -2.97545948	 
-1.55599144	 4.07046174	 3.01530423	 
-1.01695127	 -0.42109435	 1.96783288	 
-2.61908699	 -3.68766680	 -3.47796449	 
-1.52004324	 -2.41460569	 -1.10893604	 
-3.46258614	 1.78479027	 1.61327114	 
1.62503915	 1.60379956	 1.94877949	 
-6.14882813	 -0.58876425	 -5.30942618	 
-0.23296186	 2.37552824	 -4.08642241	 
-2.90001603	 -2.20882780	 -4.13005173	 
-3.18460483	 1.47175142	 7.65213624	 
2.86791178	 0.02136615	 5.27885637	 
0.64884852	 1.71088289	 1.27157113	 
1.00266053	 -2.21818634	 2.75069232	 
-0.34051625	 -1.63852213	 3.87959739	 
-2.93883218	 -2.81456859	 1.53790842	 
-2.25115069	 1.52005630	 4.78338348	 
4.08183306	 -1.50215835	 -5.69231014	 
-0.35163110	 1.07701793	 1.40972727	 
-2.34926469	 0.91506985	 -4.04592470	 
1.60772320	 1.98760097	 -2.73913191	 
-0.08697926	 2.69524334	 -4.29860090	 
0.52785510	 -1.51492695	 -2.42076185	 
0.31576794	 -1.55881779	 -2.73684110	 
0.28817518	 1.51447464	 -2.19680396	 
5.16020202	 1.40442371	 1.61788500	 
-1.10308578	 3.01693074	 3.84359825	 
3.69651776	 -5.22984687	 6.72950045	 
-1.21092440	 1.48666855	 -6.59072889	 
2.87692986	 -3.58850385	 3.28971201	 
3.33817455	 1.22394482	 3.99526385	 
1.95630103	 0.29839005	 -1.39106846	 
-0.69691903	 2.34676585	 -4.99481689	 
-5.11220982	 -0.66631859	 -3.21942687	 
-0.44248484	 1.22087494	 -2.79733370	 
-3.82896220	 -2.61712975	 -4.83379962	 
2.60892393	 3.00259168	 6.14643939	 
-2.71251593	 0.47300838	 -6.58304479	 
1.14783768	 0.82130928	 -7.74005611	 
-7.15771894	 2.80366695	 6.38268814	 
1.75074097	 0.35577436	 2.02772679	 
2.21615563	 5.61276297	 3.96868577	 
7.07143806	 1.41996956	 4.37143194	 
-0.32293007	 -0.54705481	 -2.12712156	 
-0.91833413	 1.06624650	 -1.88595825	 
-0.39308763	 2.18743459	 3.14765895	 
3.70858316	 2.27840266	 6.54446761	 
3.03488422	 1.31046923	 -2.13594556	 
0.90242401	 -2.20595754	 3.55468725	 
-0.21573295	 -0.27891800	 1.06241501	 
-1.40702427	 3.60132845	 11.26828896	 
2.12468629	 -0.51090395	 -5.96630244	 
-3.50930672	 0.51426474	 4.11908978	 
3.06060986	 -0.09490741	 4.96893493	 
-0.42130372	 0.09367595	 0.95085731	 
-1.98590028	 0.13987256	 -0.38437749	 
-1.08395017	 0.98808527	 6.52268755	 
-4.06198277	 3.56425271	 -6.23390939	 
-0.97647352	 -1.65156444	 -0.81019326	 
3.58866003	 0.49553009	 -5.61300548	 
-2.02328599	 -2.59727316	 -1.78747978	 
-0.25241307	 8.95491781	 -7.99802129	 
-2.20955427	 2.39276998	 -4.02687450	 
0.14517086	 0.88325550	 -2.10729094	 
-0.70101915	 -0.21657394	 -2.05615676	 
-0.04969758	 0.28249058	 4.53395892	 
-1.30589270	 -3.02326203	 -4.14789638	 
-0.13574916	 -1.99801286	 -5.33630054	 
-3.46693390	 -2.20672136	 4.20768171	 
-4.54546058	 -3.37278530	 -5.32309018	 
0.46431129	 2.45321921	 -1.00231863	 
-2.89990233	 0.66852213	 1.00582464	 
1.56334757	 3.35489842	 3.76464374	 
-1.13294390	 -2.15361091	 3.73792356	 
0.61250761	 -1.05032767	 -6.14704374	 
3.66525309	 -0.93347355	 -1.67543764	 
3.37809115	 -2.17890418	 2.52666196	 
2.00406119	 1.49904287	 -3.48790407	 
-1.05250175	 0.43943297	 -4.00739730	 
-1.63365866	 -0.70489938	 -8.54076463	 
4.15916060	 1.10357810	 3.34364679	 
-2.87416861	 5.42374832	 -2.20037002	 
0.76897527	 -0.93290384	 2.10845616	 
1.51214688	 -0.55645705	 -3.67454197	 
-3.09804492	 -1.72587653	 -6.70159680	 
-0.54924932	 4.16519511	 -2.54653502	 
1.66664377	 -7.68591900	 -8.29149701	 
-0.61209229	 1.52728713	 -3.81660482	 
-1.30836492	 -0.23021166	 -4.49982336	 
2.84658531	 -2.48744893	 -1.54865533	 
3.77437629	 -1.73758175	 -2.54772429	 
0.11211416	 1.19120543	 -1.16905328	 
-1.69897598	 1.13424465	 -2.30657090	 
-1.27496484	 -2.25868169	 5.80867230	 
2.50697359	 -2.02110186	 3.46313257	 
-4.20085928	 2.11358905	 2.71577071	 
-4.00187588	 -4.80281569	 -2.39496016	 
0.10074960	 0.25127309	 1.96580798	 
4.54554689	 -0.61689059	 -6.79652260	 
-0.42519042	 3.06110979	 -2.62976414	 
-0.79842132	 1.05101268	 2.42216227	 
0.78519652	 2.37996637	 -2.62081142	 
1.44841623	 -3.18637149	 -3.06354993	 
-0.02064499	 -3.10879865	 3.40911573	 
3.79480589	 0.21484356	 -2.07406075	 
0.62133402	 0.44173888	 3.25256364	 
2.25129076	 -2.04032917	 4.75801057	 
-2.46389655	 2.27479001	 3.11157652	 
0.47967328	 -0.96147903	 -2.78999147	 
2.78789874	 -4.17118339	 -1.54672064	 
2.41185392	 1.83963437	 3.31406631	 
1.29528855	 -0.08266816	 -4.82728832	 
2.34343964	 1.90507326	 3.11219551	 
3.41052816	 -3.61985430	 -6.63656850	 
-0.30560872	 -2.48598818	 -5.59519404	 
-0.49347739	 0.31431986	 1.16279319	 
-0.07485363	 2.16179128	 2.26278401	 
-7.38062805	 6.62301232	 -4.48942377	 
0.39730879	 -2.94249921	 -5.26435541	 
-1.37739654	 -2.80351611	 -4.83945778	 
-1.55444536	 -0.25105028	 -2.44929101	 
-0.94254329	 -1.59779260	 -3.97978998	 
-4.15603486	 -3.30910483	 -9.29117514	 
0.69016487	 0.72567810	 -2.48321253	 
-1.45831275	 -2.43569114	 2.24310212	 
-1.58599902	 1.90492852	 -2.33547149	 
0.61887286	 -0.36603088	 -1.53569409	 
1.68898722	 3.49077912	 2.87201000	 
0.53593219	 -0.84962648	 2.10613300	 
1.45112147	 -0.27806905	 -4.34508272	 
-7.20781649	 1.08066121	 -5.66507061	 
-0.30593731	 0.67880710	 -2.40272188	 
-3.80669179	 -0.20952088	 -1.83262365	 
0.01060918	 -1.29797737	 1.67428092	 
-1.20959603	 0.61880646	 3.49398078	 
0.39624365	 3.84705568	 1.67428860	 
-0.93821355	 0.16024746	 0.80940094	 
-1.18837100	 2.20867706	 4.19989221	 
-1.06344790	 -0.51036435	 2.55662787	 
0.55773506	 1.73197393	 4.43298729	 
4.90764160	 -2.29641756	 -4.50089372	 
2.64512901	 -0.76089790	 -1.51351098	 
3.34039534	 -0.75519363	 -1.86796355	 
0.53253731	 1.75848026	 -4.11763886	 
2.84166057	 4.87491279	 -4.40514404	 
-1.83353707	 -0.05991928	 -5.55042010	 
1.22699082	 -2.15279260	 -5.24653534	 
0.37625798	 -9.63092583	 -2.53410816	 
-0.90788714	 1.10299722	 -1.05035684	 
-0.19693433	 -1.36042141	 0.89285647	 
-0.19278831	 2.51815726	 4.23939442	 
-0.17992833	 -6.41662863	 -3.21083615	 
2.26002460	 2.13225927	 -1.08523786	 
-1.58570167	 1.41256545	 -4.77428782	 
2.38865223	 -5.28895004	 -3.81154215	 
1.01286205	 0.19060910	 -1.80055063	 
-2.90651192	 -2.33796974	 -4.39588109	 
0.70538532	 0.94805704	 -5.10512042	 
-1.75008121	 -1.93997323	 -2.48045026	 
0.81504621	 -0.06817810	 -2.29589132	 
2.02128240	 -1.51501430	 -10.12912913	 
-1.69289547	 -1.29122575	 -3.04077641	 
0.25964845	 1.86375364	 -3.93602431	 
-0.36998438	 0.42831464	 -5.90886710	 
-2.75325690	 -0.67372905	 2.66533538	 
-0.72306494	 -0.18656902	 5.80240535	 
-4.37440554	 -2.23438648	 3.18390406	 
1.09302322	 -0.39700744	 -3.18186574	 
1.54754034	 -1.67759712	 -4.93329667	 
-0.05758517	 1.27419790	 6.31691798	 
-2.90957374	 -1.07333091	 -5.54173288	 
1.54353876	 -1.91407566	 -1.14480955	 
-0.21235687	 -1.35983214	 2.81313463	 
2.18548048	 0.05783189	 -4.30355115	 
-3.63417812	 -3.14770976	 -3.87790291	 
2.58056210	 2.22397227	 -4.99745269	 
-0.39905737	 1.93816917	 -1.09895094	 
-8.14104972	 3.15906694	 -3.81541958	 
-2.25283744	 -0.15256390	 -2.73347668	 
3.96523680	 -8.53280265	 -2.18866876	 
-2.59866280	 2.46119278	 -2.06932175	 
1.27775803	 -0.13629741	 -2.06424596	 
5.40662254	 1.90744624	 4.99915474	 
-3.45556936	 0.40441645	 -6.23111828	 
2.40880567	 2.04781304	 -3.56847271	 
2.03573174	 -1.64172678	 -3.18385128	 
0.01279522	 1.97565047	 -2.10582358	 
2.59830089	 0.51869551	 5.06280729	 
3.92600245	 1.26370587	 1.98795147	 
-2.84203650	 -2.75389617	 -3.39394993	 
-2.53312608	 -2.10463956	 -8.40071959	 
2.99009429	 -1.40138395	 -5.54574199	 
-1.56204241	 3.34628676	 -3.06546578	 
0.04951953	 4.10714298	 -6.30449449	 
-1.44270042	 1.46595249	 2.49456378	 
0.27131899	 -1.42499363	 3.96321388	 
0.76860197	 0.88201860	 0.62167133	 
-0.83801310	 -2.34696463	 5.49959336	 
0.13198237	 0.17542279	 -1.19381850	 
-1.20891876	 1.21843073	 -1.39409497	 
-1.12147088	 -3.54334380	 1.76225559	 
-1.00664444	 1.01881571	 3.24036718	 
1.20697215	 0.95338957	 2.02260111	 
-2.42201498	 -3.09320286	 6.57994557	 
0.77337522	 -1.98606178	 -3.92451658	 
-0.21934273	 -3.52556464	 -3.24206437	 
-1.12036198	 1.52423060	 -2.91565072	 
5.39156757	 -0.37521030	 -7.36040998	 
-5.06327454	 0.23330336	 -6.90342990	 
2.06757353	 0.17517005	 -2.85075917	 
-0.56288488	 -0.28796519	 1.21298715	 
-0.60807863	 -1.71073004	 -5.95931792	 
-2.07291573	 1.70816749	 3.86362371	 
4.83871904	 -4.83364069	 -4.29154080	 
1.46477412	 3.50899313	 -4.10201274	 
-2.32745237	 0.32625853	 -6.89186472	 
3.48804012	 1.36010735	 -7.16030701	 
-3.07197155	 1.53856915	 6.40097915	 
1.84137246	 -1.70851986	 3.47703944	 
-4.87835485	 -2.48047985	 6.14888281	 
2.28815942	 0.52259450	 -2.75526691	 
-0.95575380	 0.16975994	 -4.46565667	 
-1.23060292	 0.85138689	 4.20133126	 
-0.17788955	 1.94146369	 -2.14406584	 
1.13892985	 0.33625072	 -3.47353405	 
4.04467443	 -1.40462666	 5.65322690	 
3.91025192	 -1.17633431	 -1.99684463	 
-3.76596300	 0.64808732	 -1.58716522	 
1.13135701	 -0.98341214	 -1.84368631	 
1.87965151	 1.82245632	 -4.77096978	 
4.20061869	 0.03040118	 -5.11614472	 
-0.32084601	 0.95737886	 -2.49394009	 
0.64795474	 1.62860072	 4.98429975	 
0.97615941	 2.87109368	 4.37073330	 
-2.32361481	 -0.40617368	 2.56232010	 
-1.98088327	 -0.68279158	 -3.78535184	 
-4.80142860	 -0.55294655	 -5.25399726	 
2.59758515	 2.22133485	 -7.08128911	 
1.06880782	 4.05873992	 -5.06511866	 
