# BLOCK:    VELOCITY:     AVE_POFV:        ERROR:
           1   0.0942809   0.0117851   0.0117851           0
           1    0.282843   0.0373195   0.0373195           0
           1    0.471405   0.0853439   0.0853439           0
           1    0.659966   0.0647199   0.0647199           0
           1    0.848528    0.131404    0.131404           0
           1     1.03709    0.172259    0.172259           0
           1     1.22565    0.219007    0.219007           0
           1     1.41421    0.250335    0.250335           0
           1     1.60278    0.229515    0.229515           0
           1     1.79134    0.270665    0.270665           0
           1      1.9799    0.523357    0.523357           0
           1     2.16846    0.342554    0.342554           0
           1     2.35702    0.349134    0.349134           0
           1     2.54558    0.493011    0.493011           0
           1     2.73415     0.62412     0.62412           0
           1     2.92271    0.403051    0.403051           0
           1     3.11127    0.273807    0.273807           0
           1     3.29983    0.263888    0.263888           0
           1     3.48839    0.139359    0.139359           0
           1     3.67696    0.119422    0.119422           0
           1     3.86552   0.0632468   0.0632468           0
           1     4.05408   0.0400694   0.0400694           0
           1     4.24264   0.0118833   0.0118833           0
           1      4.4312   0.0358464   0.0358464           0
           1     4.61976  0.00196419  0.00196419           0
           1     4.80833   0.0063836   0.0063836           0
           1     4.99689   0.0658984   0.0658984           0
           1     5.18545    0.008446    0.008446           0
           1     5.37401  0.00540151  0.00540151           0
           1     5.56257   0.0593184   0.0593184           0

           2   0.0942809           0  0.00589256  0.00416667
           2    0.282843   0.0175795   0.0274495  0.00697917
           2    0.471405   0.0388909   0.0621174   0.0164236
           2    0.659966   0.0587291   0.0617245  0.00211806
           2    0.848528    0.128949    0.130176 0.000868056
           2     1.03709    0.137493    0.154876   0.0122917
           2     1.22565    0.183357    0.201182   0.0126042
           2     1.41421    0.248077    0.249206 0.000798611
           2     1.60278    0.278227    0.253871   0.0172222
           2     1.79134    0.248862    0.259764  0.00770833
           2      1.9799    0.376731    0.450044   0.0518403
           2     2.16846    0.435951    0.389252   0.0330208
           2     2.35702    0.511277    0.430206   0.0573264
           2     2.54558    0.565489     0.52925    0.025625
           2     2.73415    0.643271    0.633695  0.00677083
           2     2.92271    0.387239    0.395145  0.00559028
           2     3.11127    0.343732     0.30877   0.0247222
           2     3.29983    0.188856    0.226372   0.0265278
           2     3.48839    0.156742     0.14805  0.00614583
           2     3.67696   0.0682554    0.093839   0.0180903
           2     3.86552   0.0578453    0.060546  0.00190972
           2     4.05408   0.0624611   0.0512652  0.00791667
           2     4.24264   0.0164992   0.0141912  0.00163194
           2      4.4312  0.00608898   0.0209677   0.0105208
           2     4.61976   0.0321144   0.0170393   0.0106597
           2     4.80833   0.0193472   0.0128654  0.00458333
           2     4.99689   0.0329001   0.0493993   0.0116667
           2     5.18545  0.00923167  0.00883883 0.000277778
           2     5.37401  0.00186598  0.00363374     0.00125
           2     5.56257   0.0210168   0.0401676   0.0135417

           3   0.0942809           0  0.00392837   0.0032075
           3    0.282843  0.00137493    0.018758  0.00848587
           3    0.471405  0.00176777   0.0420008   0.0197399
           3    0.659966    0.080728    0.068059  0.00536138
           3    0.848528    0.111271    0.123875  0.00517781
           3     1.03709   0.0928078    0.134187   0.0187754
           3     1.22565    0.172947     0.19177   0.0113868
           3     1.41421     0.17933    0.225914   0.0190253
           3     1.60278    0.385177     0.29764    0.037536
           3     1.79134    0.435067    0.318198   0.0479875
           3      1.9799    0.413363    0.437817   0.0359732
           3     2.16846    0.479654    0.419386   0.0330148
           3     2.35702    0.434281    0.431564   0.0382337
           3     2.54558    0.375356    0.477952   0.0452345
           3     2.73415    0.759354    0.675582   0.0344966
           3     2.92271    0.371231    0.387174  0.00750005
           3     3.11127    0.321734    0.313091   0.0168549
           3     3.29983    0.123351    0.192032   0.0331504
           3     3.48839    0.145252    0.147117  0.00416744
           3     3.67696    0.112941    0.100206    0.013133
           3     3.86552   0.0993878   0.0734933   0.0106478
           3     4.05408   0.0194454   0.0406586   0.0101417
           3     4.24264   0.0566668   0.0283497   0.0116115
           3      4.4312   0.0303467    0.024094  0.00746395
           3     4.61976   0.0513635   0.0284807   0.0117376
           3     4.80833           0  0.00857694  0.00464727
           3     4.99689           0   0.0329328   0.0155324
           3     5.18545           0  0.00589256  0.00241274
           3     5.37401           0   0.0024225  0.00129326
           3     5.56257   0.0140439   0.0314597   0.0114914

           4   0.0942809   0.0155171  0.00682554  0.00347595
           4    0.282843   0.0271058   0.0208449  0.00661605
           4    0.471405   0.0311323   0.0392837   0.0149908
           4    0.659966   0.0644253   0.0671506  0.00409728
           4    0.848528    0.232756    0.151095   0.0238912
           4     1.03709    0.152126    0.138671   0.0146074
           4     1.22565    0.076505    0.162954   0.0263764
           4     1.41421    0.265165    0.235727   0.0166078
           4     1.60278    0.324582    0.304375     0.02875
           4     1.79134    0.387534    0.335532   0.0389958
           4      1.9799    0.386552    0.425001   0.0291738
           4     2.16846    0.309556    0.391929   0.0343301
           4     2.35702    0.455495    0.437547   0.0291396
           4     2.54558    0.467476    0.475333   0.0340016
           4     2.73415    0.436147    0.615723   0.0579368
           4     2.92271    0.530232    0.422938   0.0314796
           4     3.11127    0.392248     0.33288   0.0212957
           4     3.29983    0.159099    0.183799    0.025865
           4     3.48839    0.152126     0.14837  0.00330835
           4     3.67696    0.138868    0.109872   0.0129261
           4     3.86552    0.090549   0.0777572  0.00879826
           4     4.05408   0.0527384   0.0436786  0.00804338
           4     4.24264  0.00805316   0.0232756  0.00975447
           4      4.4312   0.0541133   0.0315988  0.00857782
           4     4.61976    0.044096   0.0323845   0.0094301
           4     4.80833           0  0.00643271  0.00394926
           4     4.99689           0   0.0246996   0.0136582
           4     5.18545           0  0.00441942  0.00221407
           4     5.37401           0  0.00181687  0.00110267
           4     5.56257   0.0169902   0.0278423  0.00917025

           5   0.0942809           0  0.00546044  0.00303701
           5    0.282843  0.00324091   0.0173241  0.00615882
           5    0.471405   0.0221953    0.035866   0.0123761
           5    0.659966    0.103022   0.0743248   0.0072055
           5    0.848528    0.225096    0.165895   0.0232495
           5     1.03709    0.177464     0.14643   0.0135911
           5     1.22565    0.126199    0.155603   0.0221017
           5     1.41421    0.268111    0.242204   0.0144943
           5     1.60278    0.266442    0.296788   0.0239801
           5     1.79134     0.44862     0.35815   0.0371817
           5      1.9799    0.344616    0.408924   0.0274132
           5     2.16846    0.391757    0.391894   0.0274641
           5     2.35702    0.648378    0.479713   0.0443376
           5     2.54558    0.550856    0.490437   0.0303715
           5     2.73415    0.235604    0.539699   0.0822919
           5     2.92271    0.360723    0.410495   0.0275333
           5     3.11127    0.307984    0.327901   0.0176091
           5     3.29983    0.198285    0.186696   0.0208536
           5     3.48839    0.099486    0.138593  0.00913633
           5     3.67696   0.0579435    0.099486   0.0139004
           5     3.86552    0.078862   0.0779782  0.00704138
           5     4.05408    0.086326   0.0522081  0.00998033
           5     4.24264    0.076505   0.0339215   0.0123111
           5      4.4312    0.128654   0.0510099   0.0186687
           5     4.61976   0.0438013   0.0346679  0.00781563
           5     4.80833  0.00491046  0.00612826  0.00317112
           5     4.99689  0.00196419   0.0201525   0.0116589
           5     5.18545   0.0214096  0.00781746  0.00351777
           5     5.37401   0.0118833  0.00383016   0.0020052
           5     5.56257   0.0129636   0.0248666  0.00780409

           6   0.0942809           0  0.00455036  0.00266371
           6    0.282843   0.0142403   0.0168102  0.00515375
           6    0.471405   0.0700232   0.0415589   0.0115488
           6    0.659966    0.117262    0.081481  0.00887304
           6    0.848528    0.210561    0.173339   0.0205318
           6     1.03709    0.111762    0.140652   0.0124939
           6     1.22565    0.123449    0.150244   0.0190567
           6     1.41421    0.131502    0.223753    0.020726
           6     1.60278    0.517366    0.333551    0.039059
           6     1.79134    0.364356    0.359184   0.0309991
           6      1.9799     0.49635    0.423495   0.0264347
           6     2.16846    0.386552    0.391004   0.0229012
           6     2.35702    0.419452    0.469669   0.0380685
           6     2.54558    0.495171    0.491226   0.0253198
           6     2.73415    0.303368    0.500311   0.0774314
           6     2.92271    0.376043    0.404753   0.0235356
           6     3.11127    0.133172    0.295446   0.0330621
           6     3.29983    0.309065    0.207091    0.025468
           6     3.48839     0.10803    0.133499  0.00892128
           6     3.67696   0.0781746   0.0959341   0.0120289
           6     3.86552    0.124922   0.0858022  0.00924358
           6     4.05408    0.147216   0.0680427   0.0166768
           6     4.24264    0.157429   0.0545061   0.0214093
           6      4.4312  0.00962451   0.0441123   0.0167832
           6     4.61976   0.0388909   0.0353717  0.00654464
           6     4.80833   0.0102138  0.00680918  0.00271472
           6     4.99689           0   0.0167938   0.0101881
           6     5.18545  0.00206239  0.00685828  0.00305945
           6     5.37401 0.000883883  0.00333912  0.00173008
           6     5.56257 0.000883883   0.0208695  0.00745711

           7   0.0942809           0  0.00390031  0.00236117
           7    0.282843   0.0031427   0.0148577  0.00477304
           7    0.471405   0.0235702   0.0389891   0.0101808
           7    0.659966    0.153403   0.0917555    0.012179
           7    0.848528    0.256523    0.185223   0.0207546
           7     1.03709   0.0934952    0.133915   0.0123929
           7     1.22565    0.124333    0.146542     0.01669
           7     1.41421    0.243461    0.226569   0.0179554
           7     1.60278     0.40256     0.34341   0.0347009
           7     1.79134     0.28461    0.348531   0.0283422
           7      1.9799    0.539464    0.440062   0.0273615
           7     2.16846     0.41955    0.395082   0.0199894
           7     2.35702    0.582774    0.485827   0.0358958
           7     2.54558    0.298851    0.463744   0.0334423
           7     2.73415     0.36583    0.481099   0.0687118
           7     2.92271    0.370642     0.39988   0.0206717
           7     3.11127    0.162242    0.276417   0.0333688
           7     3.29983     0.16234    0.200698   0.0226178
           7     3.48839    0.105771    0.129538  0.00848072
           7     3.67696    0.103611   0.0970308   0.0103604
           7     3.86552    0.161751    0.096652   0.0127936
           7     4.05408    0.203588   0.0874063   0.0229285
           7     4.24264   0.0774871   0.0577891   0.0186009
           7      4.4312   0.0603987    0.046439    0.014546
           7     4.61976   0.0534258   0.0379509  0.00609676
           7     4.80833  0.00559793  0.00663614  0.00233241
           7     4.99689 0.000883883   0.0145209  0.00898258
           7     5.18545   0.0095263  0.00723943  0.00264602
           7     5.37401  0.00991914  0.00427912  0.00171943
           7     5.56257   0.0152224   0.0200628   0.0064353

           8   0.0942809           0  0.00341277  0.00211576
           8    0.282843           0   0.0130005  0.00452333
           8    0.471405   0.0470422   0.0399957  0.00895786
           8    0.659966    0.109405   0.0939617   0.0108546
           8    0.848528    0.132288    0.178606   0.0191861
           8     1.03709    0.150948    0.136044   0.0110251
           8     1.22565    0.291682    0.164685   0.0223891
           8     1.41421     0.36524    0.243903   0.0225774
           8     1.60278    0.322716    0.340823   0.0304596
           8     1.79134    0.281566     0.34016   0.0260062
           8      1.9799     0.47003    0.443808   0.0241964
           8     2.16846    0.370053    0.391953   0.0177339
           8     2.35702    0.430648     0.47893   0.0320646
           8     2.54558    0.493207    0.467427   0.0294641
           8     2.73415    0.404524    0.471527   0.0607859
           8     2.92271    0.291387    0.386318   0.0220928
           8     3.11127    0.108423    0.255418   0.0351902
           8     3.29983    0.199758     0.20058   0.0197909
           8     3.48839    0.164893    0.133957  0.00849445
           8     3.67696   0.0762104   0.0944282  0.00938653
           8     3.86552    0.106361   0.0978655   0.0112518
           8     4.05408    0.206338    0.102273   0.0244108
           8     4.24264    0.078371   0.0603619   0.0164527
           8      4.4312   0.0480243   0.0466371   0.0127291
           8     4.61976    0.104789   0.0463057  0.00946235
           8     4.80833 0.000294628  0.00584345  0.00217139
           8     4.99689           0   0.0127058  0.00804106
           8     5.18545   0.0379088   0.0110731  0.00426853
           8     5.37401   0.0111959  0.00514371   0.0017081
           8     5.56257           0   0.0175549      0.0061

           9   0.0942809           0  0.00303358  0.00191435
           9    0.282843 0.000687465   0.0116323  0.00422256
           9    0.471405   0.0527384   0.0414116  0.00807366
           9    0.659966    0.108423   0.0955685  0.00976677
           9    0.848528    0.101352    0.170022   0.0188771
           9     1.03709    0.240809    0.147685   0.0147135
           9     1.22565     0.12561    0.160343    0.020318
           9     1.41421    0.318787    0.252223   0.0215476
           9     1.60278    0.324582    0.339018   0.0271286
           9     1.79134    0.358071     0.34215   0.0231926
           9      1.9799    0.575015    0.458386   0.0255247
           9     2.16846    0.366615    0.389138   0.0159853
           9     2.35702    0.435067    0.474056   0.0288699
           9     2.54558    0.287262    0.447409   0.0322822
           9     2.73415    0.412774    0.464999   0.0543813
           9     2.92271    0.349821    0.382263   0.0200068
           9     3.11127    0.278914    0.258029   0.0313769
           9     3.29983     0.20349    0.200903   0.0175946
           9     3.48839   0.0776835    0.127705  0.00957933
           9     3.67696    0.153698    0.101014   0.0104003
           9     3.86552    0.139948    0.102541   0.0109301
           9     4.05408    0.160474    0.108739   0.0225388
           9     4.24264   0.0747373   0.0619591    0.014702
           9      4.4312   0.0254362   0.0442815   0.0115307
           9     4.61976   0.0789603    0.049934  0.00907999
           9     4.80833  0.00324091  0.00555428  0.00194928
           9     4.99689           0   0.0112941  0.00727048
           9     5.18545    0.040364   0.0143276   0.0048797
           9     5.37401  0.00874063  0.00554337  0.00156437
           9     5.56257           0   0.0156044  0.00572559

          10   0.0942809           0  0.00273022  0.00174679
          10    0.282843   0.0528366   0.0157528  0.00545183
          10    0.471405   0.0346679   0.0407372   0.0072944
          10    0.659966   0.0988967   0.0959014  0.00879576
          10    0.848528    0.059122    0.158932   0.0199832
          10     1.03709    0.111664    0.144083    0.013676
          10     1.22565    0.180705    0.162379    0.018388
          10     1.41421    0.302485    0.257249   0.0199704
          10     1.60278    0.301699    0.335286   0.0246711
          10     1.79134    0.462271    0.354162   0.0237815
          10      1.9799     0.49193    0.461741   0.0231916
          10     2.16846    0.436933    0.393917   0.0150844
          10     2.35702    0.341572    0.460808   0.0288631
          10     2.54558    0.439487    0.446616   0.0290637
          10     2.73415    0.304056    0.448905   0.0512695
          10     2.92271     0.30111    0.374148    0.019583
          10     3.11127    0.361116    0.268337   0.0298847
          10     3.29983    0.251514    0.205964    0.016547
          10     3.48839    0.166563    0.131591  0.00937647
          10     3.67696    0.121976     0.10311  0.00956915
          10     3.86552    0.139359    0.106223   0.0104388
          10     4.05408    0.157921    0.113658   0.0208146
          10     4.24264   0.0637378    0.062137   0.0132328
          10      4.4312    0.018758   0.0417291   0.0106563
          10     4.61976   0.0520509   0.0501457  0.00817446
          10     4.80833  0.00176777  0.00517563  0.00179075
          10     4.99689   0.0205257   0.0122172  0.00660178
          10     5.18545   0.0285789   0.0157528  0.00459513
          10     5.37401           0  0.00498903  0.00150294
          10     5.56257           0   0.0140439  0.00536145

          11   0.0942809   0.0101156  0.00340161  0.00171216
          11    0.282843   0.0248469   0.0165795   0.0050185
          11    0.471405   0.0373195   0.0404265  0.00663789
          11    0.659966   0.0612826   0.0927542  0.00854064
          11    0.848528    0.107048    0.154215   0.0187149
          11     1.03709     0.11078    0.141055   0.0127634
          11     1.22565    0.181491    0.164117   0.0167982
          11     1.41421    0.244639    0.256103   0.0181878
          11     1.60278    0.334108    0.335179   0.0224285
          11     1.79134    0.618817    0.378222    0.031522
          11      1.9799    0.424166    0.458325   0.0213334
          11     2.16846    0.490359    0.402685   0.0160602
          11     2.35702    0.277048    0.444102   0.0306952
          11     2.54558    0.379677    0.440531   0.0270511
          11     2.73415    0.352571    0.440147   0.0473507
          11     2.92271    0.339411     0.37099   0.0180555
          11     3.11127    0.312502    0.272352   0.0274363
          11     3.29983    0.221953    0.207418   0.0151064
          11     3.48839     0.22264    0.139868   0.0116165
          11     3.67696   0.0989949    0.102736  0.00870653
          11     3.86552    0.213802    0.116003   0.0133044
          11     4.05408   0.0773889     0.11036   0.0191817
          11     4.24264   0.0357482    0.059738   0.0122454
          11      4.4312   0.0421318   0.0417657  0.00968764
          11     4.61976   0.0245523    0.047819  0.00775538
          11     4.80833   0.0146332  0.00603541  0.00182271
          11     4.99689   0.0148296   0.0124547  0.00600589
          11     5.18545  0.00353553   0.0146421  0.00430952
          11     5.37401 0.000491046  0.00458012  0.00142085
          11     5.56257 0.000589256   0.0128208  0.00501163

          12   0.0942809  0.00982093  0.00393656  0.00165094
          12    0.282843   0.0129636   0.0162782  0.00460933
          12    0.471405    0.059122   0.0419845  0.00626489
          12    0.659966   0.0304449   0.0875618  0.00927398
          12    0.848528    0.138868    0.152936    0.017199
          12     1.03709   0.0951648    0.137231   0.0122593
          12     1.22565   0.0468458    0.154344   0.0180182
          12     1.41421    0.284414    0.258462   0.0168244
          12     1.60278    0.432808    0.343315   0.0219856
          12     1.79134    0.560186    0.393385   0.0323374
          12      1.9799    0.408943     0.45421   0.0199485
          12     2.16846    0.507742     0.41144   0.0169408
          12     2.35702     0.43929    0.443701   0.0281399
          12     2.54558    0.346384    0.432686   0.0259096
          12     2.73415    0.403935    0.437129   0.0435008
          12     2.92271    0.324483    0.367114   0.0169617
          12     3.11127    0.221757    0.268136   0.0254718
          12     3.29983    0.240416    0.210168   0.0140956
          12     3.48839    0.156251    0.141233   0.0107284
          12     3.67696    0.135725    0.105485  0.00840381
          12     3.86552    0.193276    0.122442   0.0136655
          12     4.05408   0.0854421    0.108284   0.0176953
          12     4.24264    0.112744   0.0641552   0.0119952
          12      4.4312  0.00176777   0.0384326  0.00943634
          12     4.61976  0.00353553   0.0441287  0.00793868
          12     4.80833  0.00628539  0.00605624  0.00167093
          12     4.99689    0.004223   0.0117687  0.00554444
          12     5.18545 0.000196419   0.0134383   0.0041151
          12     5.37401 0.000392837  0.00423118  0.00134461
          12     5.56257 0.000392837   0.0117851  0.00469979

          13   0.0942809           0  0.00363374  0.00155146
          13    0.282843   0.0148296   0.0161668  0.00425611
          13    0.471405   0.0226863      0.0405  0.00595626
          13    0.659966   0.0584345   0.0853212   0.0088271
          13    0.848528    0.161358    0.153584   0.0158882
          13     1.03709   0.0714964    0.132175   0.0123151
          13     1.22565    0.168232    0.155412   0.0166638
          13     1.41421    0.196026    0.253659   0.0162013
          13     1.60278    0.438504    0.350637   0.0214791
          13     1.79134     0.49085    0.400883   0.0307067
          13      1.9799     0.42613     0.45205   0.0185306
          13     2.16846    0.446263    0.414118    0.015848
          13     2.35702     0.55115    0.451967    0.027162
          13     2.54558    0.359053    0.427021   0.0245278
          13     2.73415    0.254264    0.423063   0.0423679
          13     2.92271    0.268799    0.359552   0.0172608
          13     3.11127    0.295315    0.270227   0.0235981
          13     3.29983     0.33126    0.219483    0.015792
          13     3.48839    0.149376     0.14186  0.00992143
          13     3.67696    0.172652    0.110652  0.00920966
          13     3.86552    0.176875     0.12663   0.0132402
          13     4.05408   0.0934952    0.107146   0.0163706
          13     4.24264   0.0586309   0.0637303     0.01108
          13      4.4312   0.0485154   0.0392082  0.00874228
          13     4.61976  0.00677644   0.0412555  0.00783073
          13     4.80833   0.0395783  0.00863486  0.00291836
          13     4.99689  0.00274986    0.011075  0.00516116
          13     5.18545           0   0.0124046  0.00392624
          13     5.37401           0  0.00390571  0.00127996
          13     5.56257           0   0.0108786  0.00442483

          14   0.0942809           0  0.00337419   0.0014622
          14    0.282843  0.00756211   0.0155521  0.00399624
          14    0.471405   0.0144368   0.0386383  0.00581447
          14    0.659966    0.071791   0.0843548  0.00824933
          14    0.848528    0.127181    0.151698   0.0148648
          14     1.03709    0.170197     0.13489   0.0117311
          14     1.22565    0.208498    0.159204   0.0158991
          14     1.41421    0.288637    0.256158   0.0152355
          14     1.60278    0.357285    0.351112   0.0199501
          14     1.79134    0.395587    0.400504   0.0285157
          14      1.9799    0.442531     0.45137   0.0172195
          14     2.16846    0.425443    0.414927   0.0147366
          14     2.35702    0.472485    0.453432   0.0252614
          14     2.54558    0.308181    0.418533   0.0242002
          14     2.73415    0.260844    0.411476   0.0408954
          14     2.92271    0.413068    0.363374   0.0164458
          14     3.11127    0.269584    0.270181   0.0219126
          14     3.29983    0.290307    0.224541    0.015453
          14     3.48839    0.134547    0.141337   0.0092265
          14     3.67696    0.224408    0.118777   0.0115949
          14     3.86552    0.135136    0.127237   0.0123084
          14     4.05408    0.146626    0.109966   0.0154423
          14     4.24264   0.0700232   0.0641798   0.0102977
          14      4.4312   0.0170884   0.0376282  0.00825937
          14     4.61976  0.00854421   0.0389189  0.00761199
          14     4.80833   0.0203293  0.00947018  0.00282692
          14     4.99689  0.00284807   0.0104873  0.00482585
          14     5.18545   0.0185616   0.0128444  0.00367034
          14     5.37401  0.00157135  0.00373897  0.00119935
          14     5.56257           0   0.0101015  0.00417644

          15   0.0942809           0  0.00314924  0.00138191
          15    0.282843           0   0.0145153  0.00386198
          15    0.471405   0.0491046   0.0393361  0.00546855
          15    0.659966   0.0755229    0.083766  0.00772036
          15    0.848528    0.133761    0.150502   0.0139219
          15     1.03709    0.133859    0.134822   0.0109492
          15     1.22565     0.26271    0.166105   0.0162678
          15     1.41421     0.25063    0.255789   0.0142242
          15     1.60278    0.395587    0.354077   0.0188392
          15     1.79134    0.362589    0.397977   0.0267265
          15      1.9799    0.433201    0.450159    0.016114
          15     2.16846    0.371722    0.412047   0.0140329
          15     2.35702     0.39706    0.449674   0.0238552
          15     2.54558    0.388221    0.416512   0.0226711
          15     2.73415    0.471994     0.41551   0.0383676
          15     2.92271    0.216944    0.353612   0.0180152
          15     3.11127    0.269093    0.270108   0.0204519
          15     3.29983    0.211641    0.223681   0.0144467
          15     3.48839    0.210462    0.145946  0.00969419
          15     3.67696    0.268995    0.128792   0.0145161
          15     3.86552    0.132484    0.127587   0.0114928
          15     4.05408   0.0413461    0.105392   0.0150752
          15     4.24264     0.11186   0.0673585   0.0100899
          15      4.4312    0.017383   0.0362785  0.00781825
          15     4.61976   0.0202311   0.0376731  0.00720576
          15     4.80833   0.0166956  0.00995187  0.00267919
          15     4.99689  0.00697286    0.010253  0.00450981
          15     5.18545   0.0374177   0.0144826  0.00377359
          15     5.37401   0.0104102  0.00418372  0.00119902
          15     5.56257  0.00540151  0.00978819  0.00390975

          16   0.0942809  0.00824958  0.00346802   0.0013318
          16    0.282843    0.012669   0.0143999  0.00362233
          16    0.471405   0.0148296   0.0378044  0.00533695
          16    0.659966   0.0922185   0.0842942  0.00725589
          16    0.848528    0.187482    0.152814   0.0132422
          16     1.03709    0.188365    0.138168   0.0107641
          16     1.22565     0.15134    0.165182   0.0152772
          16     1.41421    0.303761    0.258788   0.0136475
          16     1.60278    0.371427    0.355162   0.0176929
          16     1.79134    0.388418    0.397379   0.0250627
          16      1.9799    0.272531    0.439057   0.0185409
          16     2.16846    0.549776    0.420655   0.0155738
          16     2.35702     0.45412    0.449952   0.0223659
          16     2.54558    0.350509    0.412387   0.0216262
          16     2.73415    0.431041    0.416481   0.0359819
          16     2.92271    0.244836    0.346814   0.0181267
          16     3.11127    0.310832    0.272654   0.0193313
          16     3.29983    0.151635    0.219179   0.0142283
          16     3.48839    0.188267    0.148591  0.00944227
          16     3.67696    0.202213     0.13338   0.0143158
          16     3.86552    0.160376    0.129636   0.0109557
          16     4.05408   0.0434085    0.101518   0.0146223
          16     4.24264   0.0232756   0.0646033  0.00982823
          16      4.4312   0.0853439   0.0393451  0.00790818
          16     4.61976   0.0672734   0.0395231  0.00698886
          16     4.80833           0  0.00932988  0.00258293
          16     4.99689           0  0.00961223  0.00427323
          16     5.18545   0.0240613   0.0150813  0.00358491
          16     5.37401   0.0250434  0.00548744  0.00169028
          16     5.56257           0  0.00917643  0.00371294

          17   0.0942809   0.0238649  0.00466783  0.00171056
          17    0.282843   0.0288735   0.0152513  0.00350788
          17    0.471405   0.0265165   0.0371404  0.00506415
          17    0.659966    0.130913   0.0870365  0.00732898
          17    0.848528    0.172455    0.153969   0.0125135
          17     1.03709    0.179232    0.140584   0.0103984
          17     1.22565     0.13219    0.163241   0.0145013
          17     1.41421    0.265558    0.259186   0.0128506
          17     1.60278     0.24788    0.348851   0.0177419
          17     1.79134    0.536615     0.40557   0.0248908
          17      1.9799    0.348938    0.433756   0.0181923
          17     2.16846    0.499394    0.425287    0.015331
          17     2.35702    0.425934    0.448539   0.0210948
          17     2.54558    0.400203     0.41167   0.0203659
          17     2.73415    0.428782    0.417205   0.0338726
          17     2.92271    0.100566    0.332329   0.0221028
          17     3.11127    0.269388    0.272461   0.0181952
          17     3.29983    0.167741    0.216153   0.0137093
          17     3.48839    0.241104    0.154033   0.0103368
          17     3.67696    0.247684    0.140104   0.0149696
          17     3.86552    0.187383    0.133033   0.0108251
          17     4.05408   0.0414443    0.097984   0.0141827
          17     4.24264   0.0160081   0.0617447  0.00965686
          17      4.4312   0.0470422   0.0397979  0.00745594
          17     4.61976   0.0838707   0.0421318  0.00704781
          17     4.80833   0.0248469   0.0102426  0.00258725
          17     4.99689  0.00667823  0.00943964  0.00402535
          17     5.18545  0.00805316   0.0146678  0.00339779
          17     5.37401   0.0141421  0.00599654  0.00166575
          17     5.56257           0  0.00863664  0.00353356

          18   0.0942809    0.012669  0.00511234  0.00167229
          18    0.282843   0.0708089   0.0183379  0.00446916
          18    0.471405    0.113923   0.0414061  0.00632933
          18    0.659966    0.146823    0.090358  0.00763746
          18    0.848528    0.119521    0.152055   0.0119638
          18     1.03709    0.222542    0.145137   0.0107716
          18     1.22565    0.162536    0.163202   0.0136957
          18     1.41421    0.195535     0.25565   0.0126138
          18     1.60278     0.41572    0.352566   0.0171408
          18     1.79134     0.45795     0.40848   0.0236775
          18      1.9799    0.333519    0.428187   0.0180138
          18     2.16846    0.421907    0.425099   0.0144804
          18     2.35702    0.412675    0.446547   0.0200168
          18     2.54558    0.328314    0.407039    0.019754
          18     2.73415    0.322323    0.411933   0.0323983
          18     2.92271    0.177071    0.323703    0.022495
          18     3.11127    0.282941    0.273044   0.0171936
          18     3.29983    0.180901    0.214194   0.0130868
          18     3.48839    0.238452    0.158723   0.0107741
          18     3.67696    0.326055    0.150435     0.01734
          18     3.86552    0.129538    0.132839   0.0102254
          18     4.05408     0.04881   0.0952521   0.0136553
          18     4.24264  0.00942809   0.0588383  0.00954774
          18      4.4312   0.0188562   0.0386344  0.00713192
          18     4.61976   0.0317216   0.0415534  0.00667996
          18     4.80833  0.00225881   0.0097991  0.00248124
          18     4.99689   0.0381052   0.0110322  0.00410467
          18     5.18545   0.0393819   0.0160408  0.00347538
          18     5.37401 0.000392837  0.00568523  0.00160204
          18     5.56257   0.0346679   0.0100828  0.00362111

          19   0.0942809  0.00147314   0.0049208  0.00159521
          19    0.282843  0.00569614   0.0176725  0.00428318
          19    0.471405    0.088683   0.0438944  0.00646684
          19    0.659966    0.213802    0.096855  0.00960948
          19    0.848528    0.155465    0.152235   0.0113355
          19     1.03709   0.0620683    0.140765   0.0110564
          19     1.22565    0.330769    0.172021   0.0155575
          19     1.41421    0.249648    0.255334   0.0119539
          19     1.60278    0.228435    0.346033   0.0174393
          19     1.79134    0.393328    0.407682   0.0224447
          19      1.9799    0.457557    0.429733   0.0171319
          19     2.16846    0.466592    0.427283    0.013882
          19     2.35702    0.415425    0.444909   0.0190301
          19     2.54558    0.327037    0.402829   0.0191578
          19     2.73415    0.241104    0.402942   0.0319163
          19     2.92271    0.305529    0.322747   0.0213314
          19     3.11127    0.190133     0.26868   0.0168333
          19     3.29983    0.282745    0.217802   0.0128857
          19     3.48839    0.271156     0.16464   0.0117199
          19     3.67696    0.284218    0.157476   0.0177996
          19     3.86552   0.0946737     0.13083  0.00988256
          19     4.05408   0.0715946    0.094007   0.0129933
          19     4.24264   0.0251416   0.0570648  0.00920847
          19      4.4312  0.00756211   0.0369991  0.00694152
          19     4.61976   0.0283825   0.0408602  0.00636425
          19     4.80833  0.00687465  0.00964518  0.00235542
          19     4.99689   0.0416407   0.0126432  0.00419287
          19     5.18545   0.0074639   0.0155894  0.00332165
          19     5.37401    0.022981  0.00659553  0.00175742
          19     5.56257   0.0261237   0.0109271  0.00352757

          20   0.0942809 0.000982093  0.00472387  0.00152756
          20    0.282843   0.0254362   0.0180607  0.00408657
          20    0.471405    0.115887    0.047494  0.00707475
          20    0.659966    0.117655    0.097895  0.00918511
          20    0.848528    0.080728    0.148659   0.0113185
          20     1.03709    0.116967    0.139575   0.0105674
          20     1.22565    0.280977    0.177469   0.0157045
          20     1.41421    0.255639    0.255349   0.0113562
          20     1.60278    0.298262    0.343644   0.0167301
          20     1.79134    0.398042      0.4072   0.0213276
          20      1.9799    0.579828    0.437238   0.0178435
          20     2.16846    0.277932    0.419815   0.0150631
          20     2.35702    0.415523    0.443439   0.0181353
          20     2.54558    0.236292    0.394502   0.0199275
          20     2.73415    0.361803    0.400885   0.0303867
          20     2.92271    0.343143    0.323767   0.0202892
          20     3.11127    0.261826    0.268337   0.0159952
          20     3.29983    0.291682    0.221496   0.0127599
          20     3.48839    0.300226    0.171419    0.012947
          20     3.67696    0.257112    0.162458    0.017593
          20     3.86552    0.149671    0.131772  0.00943323
          20     4.05408   0.0305431   0.0908338   0.0127252
          20     4.24264  0.00893704   0.0546584  0.00905701
          20      4.4312  0.00166956   0.0352326  0.00681551
          20     4.61976  0.00176777   0.0389056  0.00633909
          20     4.80833   0.0364356   0.0109847  0.00259069
          20     4.99689   0.0169902   0.0128605  0.00398885
          20     5.18545   0.0113923   0.0153796  0.00316219
          20     5.37401   0.0299538  0.00776344   0.0020207
          20     5.56257           0   0.0103807  0.00339324

          21   0.0942809 0.000982093  0.00454569  0.00146517
          21    0.282843  0.00157135   0.0172755  0.00396669
          21    0.471405     0.11353   0.0506386  0.00740379
          21    0.659966   0.0372213   0.0950058   0.0091909
          21    0.848528    0.140734    0.148282   0.0107858
          21     1.03709    0.182669    0.141627   0.0102615
          21     1.22565    0.186008    0.177876   0.0149619
          21     1.41421     0.32193     0.25852   0.0112493
          21     1.60278    0.348938    0.343896   0.0159353
          21     1.79134    0.441058    0.408812   0.0203729
          21      1.9799    0.425934    0.436699   0.0170019
          21     2.16846     0.42721    0.420167   0.0143499
          21     2.35702    0.276066    0.435469   0.0189423
          21     2.54558    0.234917    0.386902   0.0203761
          21     2.73415    0.492912    0.405268    0.029254
          21     2.92271    0.312502     0.32323   0.0193301
          21     3.11127    0.189544    0.264585   0.0156674
          21     3.29983    0.322716    0.226316   0.0130309
          21     3.48839    0.328903    0.178919   0.0143388
          21     3.67696    0.235211    0.165922   0.0170929
          21     3.86552    0.153206    0.132793  0.00903908
          21     4.05408   0.0306413   0.0879675   0.0124379
          21     4.24264 0.000687465   0.0520883  0.00898297
          21      4.4312    0.029561   0.0349625  0.00649631
          21     4.61976   0.0279896   0.0383858   0.0060585
          21     4.80833   0.0164992   0.0112473   0.0024806
          21     4.99689   0.0241595   0.0133986  0.00383502
          21     5.18545           0   0.0146472  0.00309525
          21     5.37401           0  0.00739376    0.001958
          21     5.56257           0   0.0098864  0.00326747

          22   0.0942809           0  0.00433906  0.00141306
          22    0.282843 0.000589256    0.016517  0.00385822
          22    0.471405  0.00461584   0.0485466  0.00735686
          22    0.659966    0.124529   0.0963478  0.00887057
          22    0.848528   0.0775853    0.145068   0.0107636
          22     1.03709    0.238059     0.14601   0.0106904
          22     1.22565    0.191017    0.178473   0.0142937
          22     1.41421    0.192196    0.255505   0.0111346
          22     1.60278    0.389105    0.345951   0.0153429
          22     1.79134    0.623629    0.418577   0.0216608
          22      1.9799    0.353062    0.432898   0.0166487
          22     2.16846    0.284709     0.41401   0.0149604
          22     2.35702    0.373686    0.432661   0.0182882
          22     2.54558    0.230301    0.379784   0.0206559
          22     2.73415    0.511081    0.410077   0.0283169
          22     2.92271    0.351786    0.324528    0.018495
          22     3.11127    0.241006    0.263513   0.0149918
          22     3.29983    0.360624    0.232421   0.0137947
          22     3.48839    0.303859    0.184598   0.0147689
          22     3.67696    0.198677    0.167411   0.0163807
          22     3.86552   0.0661931    0.129766  0.00912106
          22     4.05408   0.0327037   0.0854555   0.0121235
          22     4.24264   0.0546044   0.0522027  0.00857538
          22      4.4312   0.0477297   0.0355428  0.00622689
          22     4.61976   0.0204275   0.0375695  0.00583785
          22     4.80833   0.0161063   0.0114682  0.00237765
          22     4.99689   0.0154189   0.0134904   0.0036618
          22     5.18545           0   0.0139814  0.00302532
          22     5.37401           0  0.00705768  0.00189762
          22     5.56257           0  0.00943702   0.0031497

          23   0.0942809           0  0.00415041  0.00136416
          23    0.282843  0.00697286   0.0161021  0.00371272
          23    0.471405   0.0324091    0.047845  0.00707038
          23    0.659966    0.102039   0.0965952  0.00848834
          23    0.848528   0.0829868    0.142369   0.0106287
          23     1.03709    0.278816    0.151785   0.0116813
          23     1.22565    0.197499      0.1793   0.0136962
          23     1.41421    0.207516    0.253418   0.0108442
          23     1.60278     0.42888    0.349557   0.0150936
          23     1.79134    0.316037    0.414119   0.0211728
          23      1.9799    0.308082    0.427471    0.016786
          23     2.16846    0.346973    0.411095   0.0145911
          23     2.35702    0.479261    0.434687    0.017605
          23     2.54558    0.287851    0.375787   0.0201408
          23     2.73415    0.383704    0.408931    0.027109
          23     2.92271     0.41464    0.328446   0.0181011
          23     3.11127    0.277539    0.264123   0.0143524
          23     3.29983    0.506563     0.24434   0.0176068
          23     3.48839    0.181491    0.184463   0.0141274
          23     3.67696     0.14152    0.166285   0.0157071
          23     3.86552   0.0992896    0.128441  0.00882022
          23     4.05408   0.0969326   0.0859545   0.0116067
          23     4.24264    0.044587   0.0518716  0.00820893
          23      4.4312  0.00166956   0.0340701  0.00612784
          23     4.61976   0.0127672   0.0364912  0.00568275
          23     4.80833   0.0647199   0.0137835  0.00320934
          23     4.99689  0.00255344   0.0130149  0.00353334
          23     5.18545           0   0.0133735  0.00295422
          23     5.37401           0  0.00675082  0.00183976
          23     5.56257           0  0.00902671  0.00303936

          24   0.0942809           0  0.00397748  0.00131824
          24    0.282843           0   0.0154311  0.00361814
          24    0.471405   0.0437031   0.0476724  0.00677788
          24    0.659966     0.11736   0.0974604  0.00817864
          24    0.848528    0.119521    0.141417   0.0102284
          24     1.03709    0.212132    0.154299    0.011462
          24     1.22565    0.204668    0.180357   0.0131662
          24     1.41421    0.334795    0.256809   0.0109096
          24     1.60278    0.359446    0.349969   0.0144703
          24     1.79134    0.307395    0.409672   0.0207524
          24      1.9799    0.334108    0.423581   0.0165312
          24     2.16846    0.334501    0.407904   0.0143279
          24     2.35702    0.453334    0.435464   0.0168886
          24     2.54558    0.313779    0.373203   0.0194666
          24     2.73415     0.54241    0.414492   0.0265438
          24     2.92271    0.426032    0.332512   0.0177977
          24     3.11127    0.143189    0.259084   0.0146122
          24     3.29983    0.307984    0.246992   0.0170717
          24     3.48839    0.162831    0.183561   0.0135675
          24     3.67696    0.153501    0.165753   0.0150617
          24     3.86552    0.113235    0.127807  0.00847543
          24     4.05408   0.0955576   0.0863546   0.0111299
          24     4.24264   0.0841653   0.0532172  0.00797641
          24      4.4312   0.0175795    0.033383  0.00591091
          24     4.61976   0.0635414   0.0376182  0.00555662
          24     4.80833   0.0585327    0.015648  0.00357647
          24     4.99689           0   0.0124726  0.00342747
          24     5.18545           0   0.0128163   0.0028832
          24     5.37401           0  0.00646954  0.00178448
          24     5.56257           0   0.0086506   0.0029359

          25   0.0942809  0.00206239  0.00390087  0.00126773
          25    0.282843   0.0262219   0.0158628  0.00349906
          25    0.471405   0.0756211   0.0487904  0.00659832
          25    0.659966   0.0763086   0.0966144  0.00789513
          25    0.848528    0.114414    0.140337  0.00987611
          25     1.03709    0.212328     0.15662   0.0112361
          25     1.22565    0.183455    0.180481   0.0126402
          25     1.41421    0.259665    0.256923   0.0104738
          25     1.60278    0.405211    0.352178   0.0140592
          25     1.79134    0.478279    0.412416   0.0201029
          25      1.9799    0.546927    0.428515   0.0165899
          25     2.16846    0.329099    0.404752   0.0140973
          25     2.35702    0.427996    0.435165   0.0162157
          25     2.54558    0.302386    0.370371    0.018893
          25     2.73415    0.303467    0.410051   0.0258509
          25     2.92271    0.406095    0.335455   0.0173275
          25     3.11127    0.192392    0.256417   0.0142692
          25     3.29983    0.139555    0.242695   0.0169211
          25     3.48839   0.0784692    0.179358   0.0136605
          25     3.67696    0.219792    0.167914   0.0146135
          25     3.86552    0.160572    0.129118  0.00823712
          25     4.05408   0.0434085   0.0846368   0.0108165
          25     4.24264   0.0450781   0.0528916  0.00766399
          25      4.4312   0.0396765   0.0336347  0.00567984
          25     4.61976    0.102334   0.0402069  0.00590663
          25     4.80833    0.114807   0.0196144  0.00518564
          25     4.99689   0.0105084    0.012394  0.00329128
          25     5.18545  0.00716928   0.0125904  0.00277671
          25     5.37401           0  0.00621075  0.00173176
          25     5.56257           0  0.00830458  0.00283878

          26   0.0942809           0  0.00375084  0.00122782
          26    0.282843   0.0472387   0.0170695  0.00356651
          26    0.471405   0.0815137    0.050049  0.00646346
          26    0.659966   0.0785674   0.0959202  0.00762192
          26    0.848528    0.157921    0.141013  0.00951939
          26     1.03709    0.103414    0.154574   0.0109887
          26     1.22565    0.279307    0.184282   0.0127127
          26     1.41421    0.217828     0.25542   0.0101783
          26     1.60278    0.328805    0.351279   0.0135472
          26     1.79134    0.596032    0.419478   0.0205327
          26      1.9799    0.540446     0.43282   0.0165009
          26     2.16846    0.305824    0.400947   0.0140592
          26     2.35702    0.523848    0.438576   0.0159467
          26     2.54558    0.411497    0.371953   0.0182324
          26     2.73415    0.288146    0.405363   0.0252782
          26     2.92271    0.153599    0.328461   0.0180175
          26     3.11127    0.144171    0.252099   0.0143586
          26     3.29983    0.219596    0.241806   0.0162936
          26     3.48839     0.11186    0.176762   0.0133795
          26     3.67696    0.158903    0.167568   0.0140556
          26     3.86552     0.10037    0.128012  0.00799418
          26     4.05408   0.0768979   0.0843391   0.0104046
          26     4.24264   0.0569614   0.0530481  0.00737082
          26      4.4312   0.0623629   0.0347396  0.00556782
          26     4.61976   0.0707107   0.0413801   0.0057948
          26     4.80833    0.127967   0.0237818  0.00644681
          26     4.99689   0.0381052   0.0133829  0.00330992
          26     5.18545   0.0214096   0.0129296  0.00269055
          26     5.37401           0  0.00597188  0.00168155
          26     5.56257           0  0.00798517  0.00274751

          27   0.0942809  0.00245523  0.00370285  0.00118328
          27    0.282843   0.0133565    0.016932  0.00343707
          27    0.471405   0.0679608   0.0507124  0.00625802
          27    0.659966   0.0977182   0.0959868  0.00733992
          27    0.848528   0.0914328    0.139177  0.00934226
          27     1.03709    0.140145    0.154039   0.0105947
          27     1.22565    0.297181    0.188464   0.0129112
          27     1.41421    0.130815    0.250805    0.010797
          27     1.60278    0.484172    0.356201   0.0139108
          27     1.79134    0.573346    0.425177   0.0205479
          27      1.9799    0.607523     0.43929   0.0171115
          27     2.16846    0.353455    0.399188    0.013648
          27     2.35702    0.439585    0.438614   0.0153561
          27     2.54558    0.302583    0.369383   0.0177372
          27     2.73415    0.339706    0.402931   0.0244587
          27     2.92271    0.124922    0.320922   0.0188614
          27     3.11127    0.181589    0.249488   0.0140622
          27     3.29983    0.207025    0.240518   0.0157409
          27     3.48839    0.123547    0.174791   0.0130283
          27     3.67696    0.243559    0.170382   0.0138139
          27     3.86552   0.0419354    0.124824   0.0083095
          27     4.05408   0.0754247   0.0840089   0.0100245
          27     4.24264   0.0911382   0.0544589  0.00723157
          27      4.4312   0.0262219   0.0344242  0.00537053
          27     4.61976   0.0318198    0.041026  0.00559099
          27     4.80833    0.115396   0.0271749  0.00704462
          27     4.99689   0.0940845   0.0163718  0.00433151
          27     5.18545  0.00520509   0.0126435  0.00260607
          27     5.37401           0   0.0057507  0.00163375
          27     5.56257           0  0.00768942  0.00266162

          28   0.0942809   0.0171866  0.00418442  0.00123513
          28    0.282843   0.0273022   0.0173024  0.00333421
          28    0.471405   0.0800406   0.0517598  0.00612155
          28    0.659966    0.114708   0.0966555  0.00710817
          28    0.848528    0.150162    0.139569  0.00901684
          28     1.03709    0.108521    0.152414   0.0103403
          28     1.22565    0.307493    0.192715   0.0131313
          28     1.41421    0.219007    0.249669    0.010471
          28     1.60278    0.408845    0.358082   0.0135405
          28     1.79134    0.484761    0.427305   0.0199239
          28      1.9799    0.496251    0.441324   0.0166208
          28     2.16846    0.368285    0.398084   0.0132052
          28     2.35702    0.493894    0.440588   0.0149341
          28     2.54558    0.254558    0.365282   0.0175714
          28     2.73415    0.372017    0.401827   0.0236101
          28     2.92271    0.159197    0.315147   0.0190517
          28     3.11127    0.186303    0.247231   0.0137399
          28     3.29983    0.258389    0.241156   0.0151917
          28     3.48839    0.111468    0.172529   0.0127578
          28     3.67696    0.228828     0.17247   0.0134773
          28     3.86552   0.0227846     0.12118  0.00877555
          28     4.05408   0.0114905    0.081419  0.00999542
          28     4.24264   0.0718892   0.0550814  0.00700005
          28      4.4312    0.112744   0.0372213  0.00586206
          28     4.61976   0.0252398   0.0404622  0.00541966
          28     4.80833   0.0953612   0.0296101  0.00720164
          28     4.99689   0.0467476   0.0174567  0.00431053
          28     5.18545   0.0597112   0.0143245  0.00300665
          28     5.37401   0.0101156  0.00590659  0.00158282
          28     5.56257           0   0.0074148  0.00258069

          29   0.0942809           0  0.00404013  0.00120094
          29    0.282843   0.0373195   0.0179926  0.00328991
          29    0.471405   0.0129636    0.050422  0.00605488
          29    0.659966    0.120012   0.0974609  0.00690854
          29    0.848528    0.212525    0.142085  0.00905005
          29     1.03709   0.0975218    0.150521   0.0101555
          29     1.22565     0.32193     0.19717   0.0134132
          29     1.41421    0.278718    0.250671   0.0101577
          29     1.60278    0.400006    0.359527   0.0131505
          29     1.79134    0.519331    0.430478    0.019488
          29      1.9799     0.37457    0.439023   0.0162063
          29     2.16846    0.453432    0.399993    0.012887
          29     2.35702    0.361017    0.437844    0.014669
          29     2.54558    0.260353    0.361664    0.017334
          29     2.73415    0.364946    0.400555   0.0228302
          29     2.92271    0.295413    0.314466   0.0184069
          29     3.11127    0.120797    0.242872   0.0139407
          29     3.29983    0.206829    0.239973   0.0147139
          29     3.48839    0.194258    0.173278   0.0123399
          29     3.67696     0.19907    0.173387   0.0130438
          29     3.86552   0.0513635    0.118772  0.00879697
          29     4.05408   0.0767997   0.0812597  0.00965202
          29     4.24264   0.0348643   0.0543842  0.00679329
          29      4.4312    0.103807   0.0395174  0.00609302
          29     4.61976   0.0278914   0.0400287  0.00525008
          29     4.80833    0.108521   0.0323312  0.00744966
          29     4.99689   0.0548008   0.0187444  0.00434998
          29     5.18545   0.0142403   0.0143216  0.00290297
          29     5.37401           0  0.00570291  0.00154129
          29     5.56257           0  0.00715912  0.00250433

          30   0.0942809           0  0.00390546  0.00116844
          30    0.282843   0.0348643    0.018555  0.00322796
          30    0.471405   0.0293646   0.0497201   0.0058936
          30    0.659966     0.07788   0.0968082  0.00670901
          30    0.848528    0.286869    0.146911  0.00995236
          30     1.03709   0.0951648    0.148676  0.00998323
          30     1.22565    0.253282    0.199041   0.0130958
          30     1.41421    0.298163    0.252254  0.00994172
          30     1.60278    0.377811    0.360137   0.0127263
          30     1.79134    0.703178    0.439568   0.0208508
          30      1.9799    0.380757     0.43708    0.015782
          30     2.16846    0.378302     0.39927   0.0124777
          30     2.35702    0.348545    0.434867   0.0144789
          30     2.54558    0.314957    0.360107    0.016826
          30     2.73415    0.186401    0.393417   0.0231583
          30     2.92271    0.268602    0.312937   0.0178567
          30     3.11127    0.130127    0.239113   0.0139734
          30     3.29983    0.135725    0.236498    0.014628
          30     3.48839    0.260647    0.176191   0.0122674
          30     3.67696    0.191901    0.174004   0.0126236
          30     3.86552    0.137297     0.11939  0.00852538
          30     4.05408   0.0508724   0.0802468  0.00938329
          30     4.24264   0.0519527   0.0543032  0.00656733
          30      4.4312   0.0618718   0.0402625  0.00593531
          30     4.61976   0.0810227   0.0413952   0.0052499
          30     4.80833   0.0768979   0.0338167  0.00734797
          30     4.99689   0.0642289   0.0202606  0.00446139
          30     5.18545   0.0106066   0.0141978  0.00280885
          30     5.37401   0.0113923  0.00589256  0.00150154
          30     5.56257  0.00461584  0.00707434  0.00242229

          31   0.0942809  0.00471405  0.00393154  0.00113103
          31    0.282843   0.0279896   0.0188593  0.00313814
          31    0.471405   0.0212132   0.0488005  0.00577478
          31    0.659966    0.135332   0.0980509  0.00660669
          31    0.848528    0.174518    0.147802  0.00967108
          31     1.03709    0.251907    0.152006   0.0102015
          31     1.22565    0.228042    0.199976   0.0127067
          31     1.41421    0.236292    0.251739  0.00963434
          31     1.60278    0.173143    0.354105   0.0136708
          31     1.79134     0.62029    0.445398   0.0209774
          31      1.9799    0.641208    0.443665   0.0165899
          31     2.16846    0.398926    0.399259   0.0120752
          31     2.35702    0.446361    0.435238   0.0140166
          31     2.54558     0.23256    0.355993   0.0167788
          31     2.73415    0.242282    0.388541   0.0229187
          31     2.92271    0.147609    0.307604   0.0180595
          31     3.11127     0.16892    0.236849   0.0137048
          31     3.29983    0.110878    0.232446   0.0147067
          31     3.48839    0.226765    0.177822   0.0119797
          31     3.67696    0.229024    0.175779   0.0123405
          31     3.86552    0.167447     0.12094  0.00839013
          31     4.05408   0.0692375   0.0798917  0.00908732
          31     4.24264   0.0296592   0.0535082  0.00640342
          31      4.4312   0.0504796   0.0405921  0.00575299
          31     4.61976    0.118539   0.0438837  0.00563957
          31     4.80833  0.00265165   0.0328114  0.00717938
          31     4.99689   0.0982093    0.022775  0.00497586
          31     5.18545  0.00392837   0.0138665  0.00273771
          31     5.37401   0.0408551  0.00702038  0.00182824
          31     5.56257  0.00432121  0.00698553  0.00234578

          32   0.0942809           0  0.00380868  0.00110234
          32    0.282843 0.000785674   0.0182945  0.00309049
          32    0.471405   0.0106066   0.0476069  0.00571633
          32    0.659966    0.104298   0.0982461  0.00640311
          32    0.848528    0.186303    0.149005   0.0094434
          32     1.03709    0.227846    0.154376   0.0101542
          32     1.22565    0.396471    0.206117   0.0137133
          32     1.41421    0.311323    0.253601   0.0095115
          32     1.60278    0.314171    0.352857   0.0133004
          32     1.79134    0.613121    0.450639   0.0209664
          32      1.9799    0.502733    0.445511   0.0161738
          32     2.16846    0.325269    0.396947   0.0119172
          32     2.35702    0.434183    0.435205   0.0135786
          32     2.54558    0.196026    0.350994   0.0169828
          32     2.73415    0.252987    0.384305   0.0225906
          32     2.92271    0.183357    0.303721   0.0179077
          32     3.11127    0.139654    0.233812    0.013609
          32     3.29983   0.0705143    0.227385   0.0150926
          32     3.48839    0.231381    0.179496   0.0117216
          32     3.67696    0.216159    0.177041   0.0120192
          32     3.86552    0.190821    0.123124  0.00840733
          32     4.05408   0.0376142   0.0785705  0.00889886
          32     4.24264     0.08446   0.0544755  0.00627594
          32      4.4312   0.0452745   0.0407384  0.00557507
          32     4.61976   0.0665859   0.0445931  0.00550778
          32     4.80833    0.015026   0.0322556   0.0069765
          32     4.99689   0.0628539   0.0240275   0.0049755
          32     5.18545  0.00353553   0.0135437  0.00267112
          32     5.37401 0.000294628   0.0068102  0.00178314
          32     5.56257 0.000883883  0.00679485  0.00228021

          33   0.0942809           0  0.00369326  0.00107496
          33    0.282843 0.000589256    0.017758  0.00304305
          33    0.471405   0.0182669   0.0467179  0.00561182
          33    0.659966    0.115003   0.0987539  0.00622918
          33    0.848528    0.150948    0.149064  0.00915742
          33     1.03709    0.186794    0.155358  0.00989394
          33     1.22565    0.423675    0.212709   0.0147978
          33     1.41421    0.331456     0.25596  0.00951137
          33     1.60278     0.45137    0.355842   0.0132281
          33     1.79134    0.685697    0.457762    0.021507
          33      1.9799    0.291191    0.440835   0.0163458
          33     2.16846    0.294628    0.393846   0.0119526
          33     2.35702    0.406783    0.434344   0.0131944
          33     2.54558    0.229417     0.34731    0.016863
          33     2.73415    0.217042    0.379237   0.0224674
          33     2.92271    0.235997    0.301669   0.0174822
          33     3.11127    0.155171    0.231429   0.0134036
          33     3.29983   0.0651127    0.222468   0.0154155
          33     3.48839    0.217239     0.18064   0.0114221
          33     3.67696    0.129833     0.17561   0.0117398
          33     3.86552    0.138475    0.123589  0.00816542
          33     4.05408     0.15959   0.0810256  0.00896148
          33     4.24264    0.173438   0.0580804  0.00704543
          33      4.4312    0.088683   0.0421913  0.00559223
          33     4.61976  0.00206239   0.0433043   0.0054896
          33     4.80833    0.027204   0.0321025  0.00676677
          33     4.99689   0.0252398   0.0240642  0.00482486
          33     5.18545  0.00363374   0.0132434    0.002607
          33     5.37401   0.0237666  0.00732403  0.00180162
          33     5.56257  0.00157135  0.00663657   0.0022166

          34   0.0942809           0  0.00358464  0.00104882
          34    0.282843           0   0.0172357  0.00299804
          34    0.471405  0.00206239   0.0454045  0.00559835
          34    0.659966    0.122467   0.0994513  0.00608489
          34    0.848528    0.202311     0.15063  0.00902101
          34     1.03709    0.243657    0.157955  0.00993794
          34     1.22565    0.385275    0.217785   0.0152081
          34     1.41421    0.422889     0.26087    0.010422
          34     1.60278    0.501457    0.360125   0.0135146
          34     1.79134     0.46178    0.457881   0.0208748
          34      1.9799    0.413952    0.440044   0.0158841
          34     2.16846     0.15959    0.386956   0.0134409
          34     2.35702     0.34334    0.431667    0.013075
          34     2.54558    0.272236    0.345102    0.016511
          34     2.73415    0.203686    0.374073    0.022392
          34     2.92271    0.244345    0.299983   0.0170491
          34     3.11127    0.139359    0.228721   0.0132801
          34     3.29983    0.208302    0.222051   0.0149678
          34     3.48839    0.161456    0.180075   0.0111001
          34     3.67696   0.0912364    0.173129   0.0116539
          34     3.86552    0.113137    0.123282  0.00793105
          34     4.05408    0.215668   0.0849857  0.00953281
          34     4.24264   0.0787638   0.0586887  0.00686442
          34      4.4312    0.136314   0.0449596  0.00607444
          34     4.61976   0.0327037   0.0429926  0.00533698
          34     4.80833   0.0491046   0.0326026   0.0065862
          34     4.99689           0   0.0233565  0.00473458
          34     5.18545   0.0239631   0.0135587  0.00254932
          34     5.37401   0.0278914  0.00792895   0.0018474
          34     5.56257  0.00186598  0.00649625  0.00215584

          35   0.0942809           0  0.00348222  0.00102384
          35    0.282843           0   0.0167433  0.00295254
          35    0.471405           0   0.0441072  0.00558668
          35    0.659966   0.0661931   0.0985011  0.00598477
          35    0.848528    0.189839     0.15175  0.00883255
          35     1.03709    0.233345    0.160109  0.00988468
          35     1.22565    0.478181    0.225225   0.0164933
          35     1.41421    0.289521    0.261688   0.0101564
          35     1.60278    0.360624    0.360139   0.0131285
          35     1.79134    0.477297    0.458435   0.0202857
          35      1.9799    0.531607     0.44266   0.0156442
          35     2.16846    0.261728    0.383378   0.0135247
          35     2.35702    0.331653     0.42881   0.0130099
          35     2.54558    0.325466    0.344541   0.0160488
          35     2.73415    0.315448    0.372398   0.0218148
          35     2.92271    0.212918    0.297496   0.0167425
          35     3.11127    0.117655    0.225547   0.0132744
          35     3.29983    0.226667    0.222183   0.0145407
          35     3.48839    0.124824    0.178497   0.0108946
          35     3.67696   0.0615772    0.169941   0.0117486
          35     3.86552    0.153698    0.124151  0.00775191
          35     4.05408    0.155171    0.086991    0.009469
          35     4.24264   0.0666841   0.0589171  0.00667209
          35      4.4312   0.0974236   0.0464586  0.00608302
          35     4.61976    0.108128   0.0448536  0.00549941
          35     4.80833   0.0115887   0.0320022  0.00642533
          35     4.99689 0.000392837   0.0227004  0.00464454
          35     5.18545   0.0255344   0.0139008  0.00249934
          35     5.37401   0.0247487  0.00840952  0.00185607
          35     5.56257 0.000785674   0.0063331  0.00210041

          36   0.0942809 0.000491046  0.00339913 0.000998769
          36    0.282843  0.00157135   0.0163218  0.00290045
          36    0.471405   0.0413461   0.0440305  0.00543202
          36    0.659966   0.0864242   0.0981656  0.00582792
          36    0.848528      0.1371    0.151343  0.00859657
          36     1.03709    0.234524    0.162176  0.00982386
          36     1.22565     0.47386    0.232131   0.0174213
          36     1.41421     0.26929      0.2619  0.00987644
          36     1.60278     0.29394      0.3583   0.0128919
          36     1.79134    0.484466    0.459158   0.0197351
          36      1.9799     0.38007    0.440921    0.015306
          36     2.16846     0.39323    0.383652   0.0131518
          36     2.35702    0.291976    0.425009   0.0131921
          36     2.54558    0.412872    0.346439   0.0157148
          36     2.73415    0.346973    0.371692   0.0212203
          36     2.92271    0.231676    0.295667    0.016377
          36     3.11127    0.146725    0.223358    0.013085
          36     3.29983    0.181884    0.221064   0.0141798
          36     3.48839    0.185812      0.1787   0.0105939
          36     3.67696    0.080728    0.167463   0.0116807
          36     3.86552   0.0923167    0.123266  0.00758685
          36     4.05408    0.111369   0.0876681  0.00923016
          36     4.24264   0.0853439   0.0596512  0.00652702
          36      4.4312   0.0958523   0.0478306  0.00606681
          36     4.61976   0.0806298   0.0458474   0.0054357
          36     4.80833   0.0377124   0.0321608  0.00624881
          36     4.99689   0.0292664   0.0228828  0.00451911
          36     5.18545  0.00795495   0.0137357  0.00243536
          36     5.37401  0.00815137  0.00840235  0.00180453
          36     5.56257 0.000687465  0.00617627  0.00204791

          37   0.0942809 0.000294628  0.00331523 0.000975293
          37    0.282843  0.00451763   0.0160028  0.00283955
          37    0.471405   0.0951648   0.0454125  0.00545819
          37    0.659966    0.076014   0.0975669  0.00570108
          37    0.848528   0.0723802    0.149209  0.00862507
          37     1.03709    0.299735    0.165894   0.0102377
          37     1.22565    0.450879    0.238043   0.0179256
          37     1.41421    0.357678    0.264488  0.00994296
          37     1.60278    0.209873    0.354289   0.0131528
          37     1.79134    0.445084    0.458778   0.0192054
          37      1.9799    0.364749    0.438863   0.0150301
          37     2.16846    0.434871    0.385036    0.012869
          37     2.35702    0.321832     0.42222    0.013127
          37     2.54558    0.292173    0.344972   0.0153584
          37     2.73415    0.365731    0.371531   0.0206474
          37     2.92271    0.225881    0.293781   0.0160426
          37     3.11127    0.168134    0.221865   0.0128162
          37     3.29983    0.182767    0.220029   0.0138343
          37     3.48839    0.148787    0.177892   0.0103384
          37     3.67696    0.109602    0.165899   0.0114692
          37     3.86552    0.167741    0.124468  0.00747641
          37     4.05408    0.111762   0.0883193  0.00900364
          37     4.24264   0.0624611   0.0597272  0.00635105
          37      4.4312    0.130815   0.0500735  0.00630379
          37     4.61976   0.0310341    0.045447  0.00530351
          37     4.80833   0.0100173   0.0315623  0.00610851
          37     4.99689    0.069925   0.0241542  0.00457232
          37     5.18545   0.0210168   0.0139324  0.00237748
          37     5.37401   0.0116869  0.00849112  0.00175794
          37     5.56257   0.0115887  0.00632255  0.00199778

          38   0.0942809           0  0.00322798 0.000953521
          38    0.282843   0.0188562   0.0160779  0.00276582
          38    0.471405   0.0302485   0.0450134  0.00532912
          38    0.659966    0.112057   0.0979482  0.00556379
          38    0.848528   0.0949684    0.147782  0.00851538
          38     1.03709    0.253576    0.168201    0.010225
          38     1.22565    0.350804    0.241011   0.0176978
          38     1.41421    0.358955    0.266974  0.00998724
          38     1.60278    0.514617    0.358508   0.0134664
          38     1.79134    0.349821    0.455911   0.0189128
          38      1.9799    0.224212    0.433214   0.0156601
          38     2.16846    0.747569    0.394576   0.0156727
          38     2.35702    0.309948    0.419266   0.0131098
          38     2.54558    0.234033    0.342053   0.0152292
          38     2.73415    0.203195    0.367101   0.0205738
          38     2.92271    0.293744     0.29378   0.0156204
          38     3.11127    0.217435    0.221749   0.0124794
          38     3.29983    0.114217    0.217244   0.0137476
          38     3.48839     0.14643    0.177064   0.0100994
          38     3.67696   0.0814155    0.163676   0.0113808
          38     3.86552    0.129145    0.124591  0.00728068
          38     4.05408    0.044587   0.0871685  0.00883994
          38     4.24264    0.101156   0.0608174  0.00627679
          38      4.4312    0.131699   0.0522215  0.00649357
          38     4.61976   0.0446852    0.045427  0.00516398
          38     4.80833   0.0375159    0.031719  0.00594977
          38     4.99689   0.0666841   0.0252734  0.00458693
          38     5.18545  0.00599077   0.0137235  0.00232408
          38     5.37401   0.0395783  0.00930921  0.00189248
          38     5.56257   0.0105084  0.00643271  0.00194824

          39   0.0942809           0  0.00314521 0.000932657
          39    0.282843   0.0136511   0.0160157   0.0026956
          39    0.471405   0.0660948    0.045554  0.00521982
          39    0.659966     0.12286    0.098587  0.00545767
          39    0.848528      0.2523    0.150462  0.00870855
          39     1.03709    0.150751    0.167754  0.00997262
          39     1.22565    0.294137    0.242373   0.0172963
          39     1.41421    0.280977    0.267333  0.00973761
          39     1.60278    0.621861     0.36526   0.0147171
          39     1.79134    0.521393     0.45759   0.0185022
          39      1.9799    0.283432    0.429373   0.0157225
          39     2.16846     0.46178      0.3963   0.0153652
          39     2.35702     0.35758    0.417684   0.0128687
          39     2.54558    0.168625    0.337606   0.0154743
          39     2.73415    0.131011    0.361048   0.0209179
          39     2.92271    0.232069    0.292198   0.0152998
          39     3.11127    0.257112    0.222656   0.0121924
          39     3.29983   0.0724784    0.213532   0.0138872
          39     3.48839    0.127377     0.17579  0.00992046
          39     3.67696   0.0879955    0.161736   0.0112533
          39     3.86552    0.210855    0.126803  0.00742239
          39     4.05408   0.0796477   0.0869756  0.00861538
          39     4.24264    0.159099   0.0633374  0.00660238
          39      4.4312    0.149769   0.0547227  0.00679172
          39     4.61976   0.0561757   0.0457026  0.00503892
          39     4.80833   0.0864242   0.0331217  0.00596027
          39     4.99689   0.0493993    0.025892  0.00451084
          39     5.18545 0.000491046   0.0133842  0.00228912
          39     5.37401 0.000589256  0.00908562  0.00185712
          39     5.56257   0.0073657  0.00645663  0.00189843

          40   0.0942809           0  0.00306658  0.00091265
          40    0.282843           0   0.0156153  0.00265778
          40    0.471405    0.067568   0.0461043  0.00511825
          40    0.659966   0.0856385   0.0982633  0.00533082
          40    0.848528    0.299636    0.154191  0.00925499
          40     1.03709    0.210168    0.168814  0.00977951
          40     1.22565    0.300128    0.243817   0.0169241
          40     1.41421    0.257799    0.267095  0.00949709
          40     1.60278    0.470128    0.367882   0.0145808
          40     1.79134    0.330081    0.454402   0.0183122
          40      1.9799    0.397551    0.428578   0.0153495
          40     2.16846    0.350902    0.395165    0.015023
          40     2.35702    0.530134    0.420495   0.0128504
          40     2.54558    0.316037    0.337067   0.0150968
          40     2.73415    0.334403    0.360381   0.0204055
          40     2.92271   0.0801388    0.286896   0.0158092
          40     3.11127    0.232854    0.222911   0.0118902
          40     3.29983   0.0943791    0.210553   0.0138558
          40     3.48839    0.168625     0.17561  0.00967407
          40     3.67696   0.0878973     0.15989   0.0111223
          40     3.86552   0.0846564     0.12575  0.00731123
          40     4.05408   0.0696304    0.086542   0.0084109
          40     4.24264    0.200936   0.0667774   0.0072785
          40      4.4312    0.171768   0.0576488  0.00722483
          40     4.61976   0.0431139   0.0456379  0.00491336
          40     4.80833   0.0594166   0.0337791   0.0058474
          40     4.99689   0.0214096   0.0257799  0.00439946
          40     5.18545   0.0340786   0.0139015  0.00228961
          40     5.37401    0.004223  0.00896405  0.00181466
          40     5.56257           0  0.00629521  0.00185782

          41   0.0942809   0.0159099  0.00337984 0.000942617
          41    0.282843   0.0122762   0.0155338   0.0025942
          41    0.471405    0.106459   0.0475764   0.0052008
          41    0.659966   0.0235702   0.0964415  0.00550329
          41    0.848528    0.334206    0.158582   0.0100167
          41     1.03709    0.214293    0.169924  0.00960368
          41     1.22565    0.227354    0.243415    0.016516
          41     1.41421    0.362294    0.269417  0.00954507
          41     1.60278    0.440763     0.36966   0.0143331
          41     1.79134     0.17933    0.447693    0.019055
          41      1.9799    0.327626    0.426116   0.0151713
          41     2.16846    0.411497    0.395563   0.0146618
          41     2.35702    0.622549    0.425423   0.0134488
          41     2.54558    0.313582    0.336494   0.0147395
          41     2.73415    0.297181     0.35884    0.019966
          41     2.92271    0.159983    0.283801   0.0157237
          41     3.11127    0.215962    0.222741   0.0116014
          41     3.29983    0.111664    0.208141   0.0137262
          41     3.48839    0.202409    0.176264  0.00946017
          41     3.67696    0.132975    0.159233   0.0108704
          41     3.86552   0.0523455    0.123959  0.00734885
          41     4.05408   0.0499885   0.0856505  0.00825288
          41     4.24264    0.248077   0.0711993   0.0083367
          41      4.4312   0.0781746   0.0581495  0.00706594
          41     4.61976   0.0105084    0.044781  0.00486766
          41     4.80833   0.0570596   0.0343469  0.00573228
          41     4.99689    0.074639   0.0269716  0.00445063
          41     5.18545   0.0165974   0.0139673  0.00223471
          41     5.37401 0.000392837    0.008755   0.0017824
          41     5.56257 0.000883883  0.00616323  0.00181719

          42   0.0942809  0.00559793  0.00343265 0.000921652
          42    0.282843   0.0673716   0.0167681  0.00281075
          42    0.471405   0.0944773   0.0486931  0.00519547
          42    0.659966   0.0767014   0.0959715   0.0053923
          42    0.848528    0.249844    0.160755   0.0100111
          42     1.03709    0.257407    0.172007  0.00959825
          42     1.22565    0.107441    0.240178   0.0164371
          42     1.41421    0.429469    0.273228   0.0100498
          42     1.60278    0.475136    0.372171   0.0142102
          42     1.79134    0.291878    0.443983    0.018959
          42      1.9799    0.358464    0.424505   0.0148954
          42     2.16846    0.382329    0.395248   0.0143161
          42     2.35702    0.419059    0.425272   0.0131294
          42     2.54558    0.209088     0.33346   0.0146974
          42     2.73415    0.328314    0.358113   0.0195038
          42     2.92271    0.169215    0.281073   0.0155842
          42     3.11127     0.14535    0.220898   0.0114706
          42     3.29983    0.234818    0.208777   0.0134141
          42     3.48839     0.24572    0.177918  0.00937836
          42     3.67696     0.20948     0.16043   0.0106772
          42     3.86552    0.124628    0.123975  0.00717389
          42     4.05408   0.0747373   0.0853906  0.00806047
          42     4.24264   0.0845582   0.0715174  0.00814427
          42      4.4312     0.15301   0.0604081  0.00724969
          42     4.61976    0.010803    0.043972  0.00481852
          42     4.80833   0.0186598   0.0339734  0.00560796
          42     4.99689   0.0237666   0.0268953  0.00434532
          42     5.18545  0.00687465   0.0137984  0.00218788
          42     5.37401    0.027204  0.00919426  0.00179328
          42     5.56257   0.0205257   0.0065052  0.00180582

          43   0.0942809   0.0101156  0.00358806 0.000913228
          43    0.282843   0.0287753   0.0170473  0.00275922
          43    0.471405    0.121976   0.0503973  0.00534687
          43    0.659966   0.0930042   0.0959025  0.00526734
          43    0.848528    0.127476    0.159981  0.00980819
          43     1.03709    0.230694    0.173371  0.00947157
          43     1.22565    0.311127    0.241828   0.0161374
          43     1.41421    0.156938    0.270523   0.0101734
          43     1.60278    0.470815    0.374465   0.0140637
          43     1.79134    0.289717    0.440396   0.0188545
          43      1.9799    0.376338    0.423385    0.014591
          43     2.16846    0.373392     0.39474   0.0139922
          43     2.35702    0.501849    0.427053   0.0129443
          43     2.54558    0.352866    0.333912   0.0143625
          43     2.73415    0.342947     0.35776   0.0190534
          43     2.92271    0.146626    0.277946   0.0155323
          43     3.11127    0.142993    0.219087    0.011346
          43     3.29983    0.299538    0.210887   0.0132671
          43     3.48839    0.230988    0.179152  0.00924111
          43     3.67696     0.14093    0.159976   0.0104385
          43     3.86552    0.124235    0.123981  0.00700706
          43     4.05408    0.145252   0.0867827  0.00799233
          43     4.24264   0.0758176   0.0716174  0.00795548
          43      4.4312    0.113137   0.0616343  0.00718405
          43     4.61976  0.00854421   0.0431481  0.00477638
          43     4.80833   0.0010803   0.0332084  0.00552946
          43     4.99689   0.0327037   0.0270304  0.00424636
          43     5.18545  0.00491046   0.0135917  0.00214674
          43     5.37401  0.00147314   0.0090147  0.00176054
          43     5.56257   0.0462566  0.00742965   0.0019864

          44   0.0942809    0.010803  0.00375204 0.000907075
          44    0.282843   0.0586309   0.0179924  0.00285378
          44    0.471405  0.00932988    0.049464  0.00530618
          44    0.659966   0.0232756   0.0942519  0.00540006
          44    0.848528    0.205061    0.161005  0.00963864
          44     1.03709     0.16725    0.173232  0.00925733
          44     1.22565    0.161161    0.239994   0.0158744
          44     1.41421    0.159001    0.267989   0.0102531
          44     1.60278    0.406292    0.375188   0.0137626
          44     1.79134    0.390578    0.439263   0.0184599
          44      1.9799    0.510885    0.425373   0.0143943
          44     2.16846    0.392051    0.394679   0.0136743
          44     2.35702    0.522473    0.429221   0.0128305
          44     2.54558    0.585327    0.339626   0.0151301
          44     2.73415    0.277147    0.355928   0.0187083
          44     2.92271    0.113628    0.274211   0.0156218
          44     3.11127     0.16067    0.217759   0.0111656
          44     3.29983    0.297476    0.212855   0.0131107
          44     3.48839    0.150162    0.178493  0.00905454
          44     3.67696    0.151733    0.159789   0.0102029
          44     3.86552    0.198776    0.125681  0.00705098
          44     4.05408    0.153894    0.088308  0.00795489
          44     4.24264   0.0503814   0.0711348   0.0077893
          44      4.4312   0.0436049   0.0612246  0.00703245
          44     4.61976  0.00549972   0.0422925  0.00474385
          44     4.80833           0   0.0324537  0.00545506
          44     4.99689    0.033784   0.0271839  0.00415263
          44     5.18545   0.0529348   0.0144859  0.00227656
          44     5.37401   0.0114905  0.00907097  0.00172143
          44     5.56257           0  0.00726079  0.00194842

          45   0.0942809           0  0.00366866 0.000890742
          45    0.282843   0.0021606   0.0176406  0.00281196
          45    0.471405   0.0876027   0.0503115  0.00525552
          45    0.659966   0.0879955   0.0941129  0.00528185
          45    0.848528    0.151242    0.160788  0.00942689
          45     1.03709     0.19416    0.173697  0.00906329
          45     1.22565    0.177955    0.238616   0.0155814
          45     1.41421    0.173339    0.265885   0.0102387
          45     1.60278    0.478181    0.377477   0.0136458
          45     1.79134    0.330671     0.43685   0.0182068
          45      1.9799    0.497921    0.426986   0.0141644
          45     2.16846     0.35925    0.393891   0.0133931
          45     2.35702    0.541035    0.431706   0.0127837
          45     2.54558    0.405408    0.341087   0.0148643
          45     2.73415    0.361705    0.356057    0.018293
          45     2.92271    0.140046     0.27123   0.0155565
          45     3.11127    0.182375    0.216973   0.0109451
          45     3.29983     0.27587    0.214256    0.012894
          45     3.48839    0.115003    0.177082  0.00896258
          45     3.67696    0.247487    0.161738   0.0101606
          45     3.86552    0.159983    0.126443  0.00693538
          45     4.05408    0.150555   0.0896913  0.00789747
          45     4.24264   0.0360428   0.0703549  0.00765514
          45      4.4312  0.00265165   0.0599229   0.0069956
          45     4.61976    0.046453   0.0423849  0.00463933
          45     4.80833           0   0.0317325   0.0053813
          45     4.99689    0.038007   0.0274244  0.00406731
          45     5.18545   0.0354535   0.0149518  0.00227316
          45     5.37401   0.0247487  0.00941936  0.00171807
          45     5.56257           0  0.00709944  0.00191179

          46   0.0942809           0  0.00358891 0.000874941
          46    0.282843           0   0.0172571  0.00277686
          46    0.471405    0.116083   0.0517413  0.00533222
          46    0.659966   0.0729695   0.0936532  0.00518698
          46    0.848528   0.0329983     0.15801  0.00962259
          46     1.03709    0.350509    0.177541  0.00964695
          46     1.22565    0.158706    0.236879   0.0153392
          46     1.41421    0.214096    0.264759   0.0100778
          46     1.60278     0.42613    0.378535     0.01339
          46     1.79134     0.30494    0.433983   0.0180354
          46      1.9799    0.497921    0.428528   0.0139402
          46     2.16846    0.289325    0.391618   0.0132935
          46     2.35702    0.566078    0.434627   0.0128352
          46     2.54558    0.332144    0.340893   0.0145424
          46     2.73415    0.349429    0.355913   0.0178959
          46     2.92271    0.267031    0.271139   0.0152186
          46     3.11127    0.312895    0.219058    0.010904
          46     3.29983    0.285887    0.215813   0.0127073
          46     3.48839    0.202213    0.177629  0.00878437
          46     3.67696   0.0826922    0.160019    0.010084
          46     3.86552    0.109602    0.126077  0.00679426
          46     4.05408   0.0987985   0.0898892  0.00772826
          46     4.24264   0.0618718   0.0701705  0.00749095
          46      4.4312   0.0565685     0.05985   0.0068439
          46     4.61976   0.0162045   0.0418158  0.00457325
          46     4.80833           0   0.0310427  0.00530835
          46     4.99689           0   0.0268282  0.00402234
          46     5.18545   0.0463548   0.0156345  0.00232399
          46     5.37401   0.0518545   0.0103419  0.00191241
          46     5.56257           0   0.0069451  0.00187645

          47   0.0942809           0  0.00351255 0.000859651
          47    0.282843 0.000589256   0.0169024  0.00274033
          47    0.471405    0.137198   0.0535596  0.00552007
          47    0.659966    0.057256   0.0928788  0.00513411
          47    0.848528   0.0877009    0.156514  0.00953343
          47     1.03709    0.232854    0.178718  0.00951321
          47     1.22565    0.324876    0.238751   0.0151267
          47     1.41421    0.171572    0.262777   0.0100566
          47     1.60278    0.231479    0.375406   0.0134657
          47     1.79134    0.415131    0.433581   0.0176561
          47      1.9799    0.488493    0.429803   0.0137018
          47     2.16846     0.36033    0.390952   0.0130273
          47     2.35702    0.394212    0.433767   0.0125909
          47     2.54558    0.340099    0.340876    0.014233
          47     2.73415    0.367794    0.356165   0.0175169
          47     2.92271    0.332046    0.272435   0.0149499
          47     3.11127    0.251416    0.219746   0.0106937
          47     3.29983    0.405506    0.219849   0.0130622
          47     3.48839    0.204668    0.178204  0.00861629
          47     3.67696   0.0682554    0.158067   0.0100567
          47     3.86552    0.193472    0.127511  0.00679934
          47     4.05408   0.0226863   0.0884594  0.00769497
          47     4.24264   0.0745408   0.0702635  0.00733214
          47      4.4312    0.033784   0.0592954  0.00672072
          47     4.61976     0.03565   0.0416846  0.00447783
          47     4.80833   0.0290699   0.0310007  0.00519557
          47     4.99689  0.00805316   0.0264287  0.00395655
          47     5.18545   0.0223917   0.0157783  0.00227899
          47     5.37401  0.00982093   0.0103308  0.00187175
          47     5.56257  0.00235702  0.00684748  0.00183906

          48   0.0942809           0  0.00343937  0.00084485
          48    0.282843 0.000392837   0.0165585  0.00270474
          48    0.471405   0.0880937    0.054279  0.00545176
          48    0.659966    0.151733   0.0941049  0.00517149
          48    0.848528    0.089174    0.155111  0.00943748
          48     1.03709    0.332438     0.18192  0.00983931
          48     1.22565    0.299735    0.240021   0.0148648
          48     1.41421     0.23914    0.262284  0.00985909
          48     1.60278    0.218417    0.372135   0.0135766
          48     1.79134    0.312797    0.431065   0.0174667
          48      1.9799    0.300422    0.427108   0.0136789
          48     2.16846    0.499591    0.393216    0.012951
          48     2.35702    0.365437    0.432344   0.0124088
          48     2.54558    0.283432    0.339679   0.0139867
          48     2.73415    0.435067    0.357809   0.0172289
          48     2.92271    0.300128    0.273012   0.0146496
          48     3.11127    0.212623    0.219598   0.0104719
          48     3.29983    0.367401    0.222923   0.0131468
          48     3.48839    0.290012    0.180533  0.00874598
          48     3.67696     0.14368    0.157767  0.00985164
          48     3.86552    0.149671    0.127973  0.00667334
          48     4.05408   0.0612826   0.0878932  0.00755546
          48     4.24264   0.0345697   0.0695199    0.007217
          48      4.4312   0.0128654   0.0583281  0.00664995
          48     4.61976   0.0528366   0.0419169  0.00439057
          48     4.80833   0.0444888   0.0312817  0.00509492
          48     4.99689  0.00137493   0.0259068   0.0039084
          48     5.18545  0.00176777   0.0154864  0.00225012
          48     5.37401  0.00608898   0.0102424  0.00183484
          48     5.56257  0.00864242  0.00688488  0.00180113

          49   0.0942809           0  0.00336918 0.000830519
          49    0.282843 0.000491046   0.0162306  0.00266934
          49    0.471405   0.0347661   0.0538808  0.00535502
          49    0.659966    0.166563   0.0955837  0.00527313
          49    0.848528    0.193963    0.155904  0.00927812
          49     1.03709     0.25829    0.183479  0.00976116
          49     1.22565    0.283039    0.240899   0.0145874
          49     1.41421    0.247389     0.26198  0.00966257
          49     1.60278    0.326546    0.371205   0.0133313
          49     1.79134    0.222051    0.426799   0.0176234
          49      1.9799    0.341179    0.425354   0.0135117
          49     2.16846    0.439094    0.394152   0.0127205
          49     2.35702    0.442335    0.432548   0.0121572
          49     2.54558    0.345009    0.339788   0.0137017
          49     2.73415    0.370544    0.358069   0.0168793
          49     2.92271    0.237372    0.272284   0.0143686
          49     3.11127    0.223819    0.219684   0.0102586
          49     3.29983    0.312797    0.224757   0.0130058
          49     3.48839    0.367008    0.184339   0.0093589
          49     3.67696    0.104004     0.15667   0.0097115
          49     3.86552    0.149376     0.12841  0.00655143
          49     4.05408    0.072282   0.0875746  0.00740798
          49     4.24264    0.094772   0.0700352  0.00708809
          49      4.4312  0.00520509    0.057244  0.00660202
          49     4.61976  0.00225881   0.0411076  0.00437492
          49     4.80833   0.0158117    0.030966  0.00500071
          49     4.99689   0.0214096    0.025815  0.00382971
          49     5.18545 0.000294628   0.0151763  0.00222546
          49     5.37401 0.000392837   0.0100414  0.00180838
          49     5.56257 0.000589256   0.0067564  0.00176895

          50   0.0942809   0.0165974  0.00363374  0.00085501
          50    0.282843   0.0185616   0.0162772  0.00261636
          50    0.471405  0.00815137   0.0529662  0.00532545
          50    0.659966       0.181    0.097292  0.00543735
          50    0.848528    0.119717     0.15518  0.00912074
          50     1.03709    0.178348    0.183376  0.00956648
          50     1.22565     0.35591      0.2432   0.0144758
          50     1.41421    0.353455     0.26381  0.00964096
          50     1.60278    0.253969     0.36886   0.0132693
          50     1.79134    0.186205    0.421988   0.0179158
          50      1.9799    0.364455    0.424136   0.0132963
          50     2.16846    0.326349    0.392796   0.0125382
          50     2.35702    0.574328    0.435383   0.0122403
          50     2.54558    0.336465    0.339722   0.0134278
          50     2.73415    0.601335    0.362934   0.0172286
          50     2.92271    0.144073     0.26972   0.0143082
          50     3.11127    0.166465     0.21862   0.0101085
          50     3.29983     0.34825    0.227227   0.0129781
          50     3.48839    0.327724    0.187207  0.00960103
          50     3.67696   0.0432121    0.154401  0.00977878
          50     3.86552    0.115592    0.128153  0.00642541
          50     4.05408    0.108423   0.0879916  0.00727154
          50     4.24264   0.0375159   0.0693849   0.0069761
          50      4.4312   0.0381052   0.0568612  0.00648106
          50     4.61976  0.00540151   0.0403935  0.00434532
          50     4.80833  0.00186598    0.030384  0.00493445
          50     4.99689   0.0053033   0.0254048  0.00377502
          50     5.18545  0.00658002   0.0150044  0.00218758
          50     5.37401   0.0257308   0.0103552  0.00179923
          50     5.56257   0.0144368     0.00691  0.00174023

          51   0.0942809           0  0.00356249 0.000841208
          51    0.282843   0.0053033    0.016062  0.00257389
          51    0.471405   0.0500867   0.0529098  0.00522133
          51    0.659966    0.144859   0.0982247  0.00541013
          51    0.848528   0.0664877    0.153441  0.00910619
          51     1.03709    0.229122    0.184273  0.00942086
          51     1.22565     0.20074    0.242367   0.0142159
          51     1.41421    0.460503    0.267666   0.0101942
          51     1.60278    0.307984    0.367667   0.0130627
          51     1.79134    0.267424    0.418957    0.017819
          51      1.9799     0.41955    0.424046   0.0130359
          51     2.16846    0.330867    0.391582    0.012351
          51     2.35702    0.530428    0.437247   0.0121414
          51     2.54558    0.399712    0.340898    0.013216
          51     2.73415    0.394801    0.363559   0.0169021
          51     2.92271    0.214096    0.268629   0.0140692
          51     3.11127    0.275575    0.219737  0.00997177
          51     3.29983    0.415327    0.230915   0.0132373
          51     3.48839    0.188071    0.187223  0.00941279
          51     3.67696    0.130422    0.153931  0.00959833
          51     3.86552   0.0442924    0.126509  0.00650643
          51     4.05408   0.0296592   0.0868478  0.00721836
          51     4.24264   0.0523455   0.0690507  0.00684731
          51      4.4312  0.00500867   0.0558445  0.00643324
          51     4.61976  0.00373195   0.0396746  0.00431917
          51     4.80833  0.00274986   0.0298421  0.00486736
          51     4.99689    0.022981   0.0253572   0.0037013
          51     5.18545   0.0074639   0.0148566  0.00214968
          51     5.37401  0.00186598   0.0101887  0.00177163
          51     5.56257   0.0144368  0.00705759  0.00171235

          52   0.0942809           0  0.00349398 0.000827816
          52    0.282843    0.025338   0.0162404  0.00253057
          52    0.471405   0.0813173   0.0534561  0.00514942
          52    0.659966    0.128261   0.0988023  0.00533684
          52    0.848528   0.0703178    0.151843   0.0090703
          52     1.03709     0.17933    0.184178  0.00924017
          52     1.22565    0.192196    0.241402   0.0139752
          52     1.41421    0.424952    0.270691   0.0104372
          52     1.60278    0.535241    0.370889    0.013203
          52     1.79134    0.416898    0.418917   0.0174764
          52      1.9799    0.266245    0.421012   0.0131336
          52     2.16846    0.358955    0.390954   0.0121294
          52     2.35702    0.455789    0.437604   0.0119131
          52     2.54558    0.383114     0.34171   0.0129867
          52     2.73415    0.192785    0.360275   0.0168931
          52     2.92271    0.278325    0.268816   0.0137999
          52     3.11127    0.166465    0.218712  0.00983249
          52     3.29983    0.546633    0.236987   0.0143076
          52     3.48839   0.0864242    0.185285  0.00942926
          52     3.67696    0.138573    0.153635  0.00941829
          52     3.86552    0.102039    0.126038   0.0063983
          52     4.05408   0.0153206   0.0854723  0.00720941
          52     4.24264   0.0322126   0.0683423  0.00675218
          52      4.4312   0.0382034   0.0555052  0.00631846
          52     4.61976  0.00117851   0.0389343  0.00429908
          52     4.80833  0.00137493   0.0292947  0.00480444
          52     4.99689   0.0707107   0.0262294  0.00373147
          52     5.18545   0.0225881   0.0150052  0.00211347
          52     5.37401   0.0360428   0.0106859  0.00180598
          52     5.56257   0.0166956  0.00724293  0.00168942

          53   0.0942809           0  0.00342806 0.000814818
          53    0.282843   0.0432121   0.0167493  0.00253348
          53    0.471405    0.059613   0.0535722  0.00505357
          53    0.659966   0.0909418    0.098654   0.0052382
          53    0.848528   0.0143386    0.149248  0.00926278
          53     1.03709    0.187776    0.184246  0.00906608
          53     1.22565    0.197695    0.240578   0.0137359
          53     1.41421    0.404131    0.273209   0.0105396
          53     1.60278    0.411104    0.371648   0.0129757
          53     1.79134    0.524339    0.420906   0.0172594
          53      1.9799    0.431532     0.42121   0.0128873
          53     2.16846    0.265951    0.388596   0.0121277
          53     2.35702    0.330474    0.435582   0.0118586
          53     2.54558    0.376338    0.342363   0.0127581
          53     2.73415    0.328608    0.359678   0.0165849
          53     2.92271    0.307297    0.269542   0.0135586
          53     3.11127    0.369169    0.221551   0.0100484
          53     3.29983    0.307002    0.238308   0.0140985
          53     3.48839    0.253969    0.186581  0.00933998
          53     3.67696    0.152814     0.15362   0.0092406
          53     3.86552   0.0288735    0.124205  0.00653494
          53     4.05408 0.000883883   0.0838763  0.00724789
          53     4.24264 0.000883883   0.0670695  0.00674368
          53      4.4312  0.00589256   0.0545691   0.0062682
          53     4.61976   0.0140439   0.0384647  0.00424354
          53     4.80833           0    0.028742  0.00474548
          53     4.99689   0.0752283   0.0271539  0.00377386
          53     5.18545   0.0339804   0.0153633   0.0021037
          53     5.37401   0.0381052   0.0112033  0.00184452
          53     5.56257   0.0491046  0.00803278   0.0018329

          54   0.0942809 0.000294628  0.00337003 0.000801792
          54    0.282843 0.000785674   0.0164537  0.00250375
          54    0.471405   0.0265165   0.0530712  0.00498476
          54    0.659966   0.0664877   0.0980583  0.00517496
          54    0.848528     0.10145    0.148363  0.00913344
          54     1.03709    0.110485     0.18288   0.0090005
          54     1.22565    0.189446    0.239631   0.0135141
          54     1.41421    0.356794    0.274757   0.0104575
          54     1.60278    0.352375    0.371291   0.0127403
          54     1.79134    0.493011    0.422242   0.0169914
          54      1.9799    0.322323    0.419379   0.0127781
          54     2.16846    0.538383    0.391369   0.0122162
          54     2.35702    0.489966    0.436589   0.0116816
          54     2.54558     0.32851    0.342107   0.0125244
          54     2.73415    0.341572    0.359342   0.0162812
          54     2.92271    0.348545    0.271005   0.0133862
          54     3.11127    0.392935    0.224725   0.0103514
          54     3.29983    0.256326    0.238641   0.0138413
          54     3.48839    0.245327    0.187669  0.00923015
          54     3.67696   0.0647199    0.151973  0.00921496
          54     3.86552   0.0666841     0.12314  0.00650016
          54     4.05408    0.016892   0.0826358  0.00721904
          54     4.24264 0.000687465   0.0658402   0.0067299
          54      4.4312   0.0188562   0.0539078  0.00618692
          54     4.61976  0.00687465   0.0378797  0.00420509
          54     4.80833 0.000294628   0.0282152  0.00468675
          54     4.99689   0.0421318   0.0274313  0.00371415
          54     5.18545   0.0571578   0.0161372  0.00220252
          54     5.37401   0.0183651   0.0113359  0.00181512
          54     5.56257   0.0491046  0.00879337   0.0019504

          55   0.0942809  0.00127672  0.00333197 0.000788117
          55    0.282843  0.00569614   0.0162581  0.00246585
          55    0.471405   0.0514617   0.0530419  0.00489421
          55    0.659966   0.0458637   0.0971093  0.00516715
          55    0.848528    0.102039    0.147521  0.00900613
          55     1.03709    0.137395    0.182053  0.00887477
          55     1.22565    0.226372     0.23939   0.0132705
          55     1.41421    0.321144      0.2756   0.0103013
          55     1.60278    0.361508    0.371113   0.0125099
          55     1.79134    0.278423    0.419627   0.0168825
          55      1.9799    0.454611     0.42002   0.0125618
          55     2.16846    0.648967    0.396053   0.0128606
          55     2.35702    0.449995    0.436833   0.0114718
          55     2.54558    0.452254    0.344109   0.0124558
          55     2.73415    0.371919    0.359571   0.0159868
          55     2.92271    0.218614    0.270052   0.0131767
          55     3.11127    0.252692    0.225233   0.0101757
          55     3.29983    0.255246    0.238943    0.013593
          55     3.48839    0.270468    0.189174  0.00918428
          55     3.67696   0.0711035    0.150503  0.00916397
          55     3.86552    0.092906     0.12259  0.00640518
          55     4.05408   0.0181687   0.0814637  0.00718231
          55     4.24264  0.00461584   0.0647271  0.00669897
          55      4.4312   0.0504796   0.0538455  0.00607474
          55     4.61976  0.00157135   0.0372195  0.00418013
          55     4.80833  0.00176777   0.0277343  0.00462614
          55     4.99689  0.00245523   0.0269772  0.00367427
          55     5.18545   0.0556847   0.0168563  0.00227682
          55     5.37401   0.0389891   0.0118387  0.00185044
          55     5.56257    0.059613  0.00971736  0.00212255

          56   0.0942809   0.0010803  0.00329176 0.000775068
          56    0.282843   0.0516581   0.0168902  0.00250154
          56    0.471405     0.08446    0.053603  0.00483887
          56    0.659966    0.097129   0.0971097  0.00507488
          56    0.848528    0.110289    0.146856  0.00886981
          56     1.03709     0.12836    0.181094  0.00876793
          56     1.22565    0.231283    0.239245   0.0130343
          56     1.41421    0.338626    0.276726   0.0101786
          56     1.60278    0.394507    0.371531   0.0122935
          56     1.79134    0.350214    0.418387   0.0166264
          56      1.9799    0.303467    0.417938   0.0125088
          56     2.16846    0.630995    0.400248   0.0132977
          56     2.35702    0.398042     0.43614   0.0112878
          56     2.54558      0.2797    0.342959   0.0122864
          56     2.73415    0.482306    0.361763   0.0158508
          56     2.92271    0.275673    0.270153   0.0129417
          56     3.11127    0.200838    0.224798   0.0100033
          56     3.29983    0.144269    0.237253    0.013455
          56     3.48839    0.291878    0.191008  0.00920157
          56     3.67696    0.109111    0.149764  0.00903009
          56     3.86552   0.0869152    0.121953   0.0063224
          56     4.05408   0.0540151   0.0809735  0.00707076
          56     4.24264   0.0109012   0.0637659  0.00664795
          56      4.4312   0.0822994   0.0543536  0.00598748
          56     4.61976   0.0160081   0.0368408  0.00412261
          56     4.80833  0.00677644   0.0273601  0.00455864
          56     4.99689  0.00157135   0.0265235  0.00363656
          56     5.18545  0.00206239   0.0165921  0.00225144
          56     5.37401   0.0406586   0.0123533  0.00188761
          56     5.56257   0.0864242   0.0110871  0.00248767

          57   0.0942809           0  0.00323401 0.000763619
          57    0.282843           0   0.0165939  0.00247514
          57    0.471405    0.108718   0.0545699  0.00484962
          57    0.659966   0.0476315   0.0962416  0.00505954
          57    0.848528    0.213605    0.148027  0.00879116
          57     1.03709    0.115592    0.179945  0.00868909
          57     1.22565    0.231185    0.239103   0.0128064
          57     1.41421    0.317412    0.277439   0.0100251
          57     1.60278    0.433496    0.372618   0.0121258
          57     1.79134    0.420139    0.418418   0.0163348
          57      1.9799    0.326349    0.416332   0.0123921
          57     2.16846    0.527286    0.402477   0.0132498
          57     2.35702    0.426818    0.435977    0.011091
          57     2.54558    0.272531    0.341723   0.0121328
          57     2.73415    0.273709    0.360218   0.0156478
          57     2.92271    0.397257    0.272383   0.0129054
          57     3.11127    0.234524    0.224968  0.00982927
          57     3.29983    0.135627     0.23547   0.0133365
          57     3.48839    0.193767    0.191057  0.00904026
          57     3.67696    0.117262    0.149194  0.00888965
          57     3.86552    0.196811    0.123266  0.00634642
          57     4.05408    0.046453   0.0803679   0.0069726
          57     4.24264    0.030052   0.0631744  0.00655757
          57      4.4312   0.0916293   0.0550075  0.00591804
          57     4.61976   0.0472387   0.0370232  0.00405432
          57     4.80833           0   0.0268801  0.00450387
          57     4.99689           0   0.0260582  0.00360241
          57     5.18545           0    0.016301  0.00223068
          57     5.37401           0   0.0121366  0.00186689
          57     5.56257   0.0491046   0.0117541  0.00253186

          58   0.0942809           0  0.00317826 0.000752486
          58    0.282843           0   0.0163078  0.00244894
          58    0.471405  0.00687465   0.0537476  0.00483522
          58    0.659966    0.190821   0.0978723  0.00522849
          58    0.848528    0.118833    0.147524  0.00865399
          58     1.03709   0.0745408    0.178128  0.00872725
          58     1.22565    0.232461    0.238989   0.0125861
          58     1.41421    0.334795    0.278428  0.00990087
          58     1.60278    0.457655    0.374084    0.012005
          58     1.79134    0.487805    0.419614   0.0160969
          58      1.9799    0.336269    0.414951   0.0122551
          58     2.16846     0.60654    0.405995   0.0134804
          58     2.35702    0.289128    0.433445    0.011185
          58     2.54558    0.328215    0.341491   0.0119258
          58     2.73415    0.174911    0.357023   0.0157008
          58     2.92271    0.372606    0.274111    0.012798
          58     3.11127    0.255737    0.225499  0.00967411
          58     3.29983    0.186303    0.234622   0.0131335
          58     3.48839    0.209971    0.191383  0.00889028
          58     3.67696    0.261728    0.151134  0.00894562
          58     3.86552    0.101254    0.122887  0.00624833
          58     4.05408   0.0286771   0.0794767  0.00690911
          58     4.24264   0.0461584    0.062881  0.00645107
          58      4.4312   0.0497921   0.0549176  0.00581668
          58     4.61976   0.0643271   0.0374939  0.00401165
          58     4.80833   0.0172848   0.0267146  0.00442925
          58     4.99689  0.00432121   0.0256834  0.00355974
          58     5.18545  0.00127672    0.016042  0.00220721
          58     5.37401  0.00137493   0.0119511   0.0018439
          58     5.56257   0.0515599   0.0124404  0.00257955

          59   0.0942809   0.0095263  0.00328585 0.000747385
          59    0.282843   0.0521491   0.0169153  0.00248164
          59    0.471405    0.106753    0.054646  0.00483601
          59    0.659966    0.121976   0.0982809   0.0051558
          59    0.848528   0.0299538    0.145531  0.00873372
          59     1.03709    0.146037    0.177584  0.00859626
          59     1.22565    0.146234    0.237417   0.0124706
          59     1.41421    0.251318    0.277969  0.00974372
          59     1.60278    0.457459    0.375497   0.0118844
          59     1.79134    0.428585    0.419766   0.0158248
          59      1.9799    0.472779    0.415931   0.0120865
          59     2.16846    0.499983    0.407588   0.0133457
          59     2.35702     0.34825    0.432001   0.0110883
          59     2.54558    0.301895    0.340819   0.0117426
          59     2.73415    0.229908    0.354868   0.0155818
          59     2.92271    0.369562    0.275728    0.012683
          59     3.11127    0.221462     0.22543  0.00951038
          59     3.29983    0.230203    0.234547   0.0129111
          59     3.48839     0.20732    0.191653   0.0087437
          59     3.67696    0.247193    0.152762  0.00894093
          59     3.86552    0.160769    0.123529  0.00617533
          59     4.05408   0.0644253   0.0792216  0.00679671
          59     4.24264   0.0719874   0.0630354  0.00634358
          59      4.4312  0.00923167   0.0541433  0.00576941
          59     4.61976   0.0144368   0.0371031  0.00396265
          59     4.80833   0.0479261   0.0270741  0.00436874
          59     4.99689  0.00687465   0.0253646  0.00351365
          59     5.18545           0   0.0157701  0.00218648
          59     5.37401  0.00284807   0.0117968   0.0018191
          59     5.56257 0.000982093   0.0122462  0.00254313

          60   0.0942809           0  0.00323109 0.000736932
          60    0.282843   0.0434085   0.0173569  0.00247925
          60    0.471405   0.0637378   0.0547975  0.00475779
          60    0.659966    0.132877   0.0988575  0.00510201
          60    0.848528   0.0842636     0.14451  0.00864765
          60     1.03709     0.12777    0.176754  0.00849299
          60     1.22565    0.166563    0.236236   0.0123186
          60     1.41421     0.27862     0.27798  0.00958133
          60     1.60278    0.399122    0.375891   0.0116929
          60     1.79134    0.395882    0.419368    0.015566
          60      1.9799    0.280289    0.413671   0.0120946
          60     2.16846    0.502537    0.409171   0.0132168
          60     2.35702    0.461485    0.432492   0.0109143
          60     2.54558    0.377516    0.341431   0.0115628
          60     2.73415    0.303074    0.354005    0.015346
          60     2.92271    0.410711    0.277978   0.0126695
          60     3.11127     0.19033    0.224845  0.00936985
          60     3.29983    0.280682    0.235316   0.0127188
          60     3.48839     0.32959    0.193952  0.00889507
          60     3.67696    0.167349    0.153005  0.00879522
          60     3.86552   0.0655056    0.122562  0.00614766
          60     4.05408   0.0772907   0.0791894  0.00668351
          60     4.24264   0.0442924    0.062723  0.00624554
          60      4.4312   0.0116869   0.0534357  0.00571648
          60     4.61976   0.0105084   0.0366599  0.00392131
          60     4.80833   0.0491046   0.0274413  0.00431133
          60     4.99689           0   0.0249419  0.00348043
          60     5.18545           0   0.0155072  0.00216578
          60     5.37401           0   0.0116002  0.00179937
          60     5.56257           0   0.0120421  0.00250892

          61   0.0942809           0  0.00317812 0.000726752
          61    0.282843           0   0.0170723  0.00245488
          61    0.471405   0.0508724   0.0547332  0.00468022
          61    0.659966   0.0818083    0.098578  0.00502602
          61    0.848528    0.111664    0.143972  0.00852263
          61     1.03709    0.193178    0.177023  0.00835803
          61     1.22565    0.283334    0.237008   0.0121408
          61     1.41421    0.305824    0.278436  0.00943512
          61     1.60278    0.453236    0.377159   0.0115697
          61     1.79134     0.35925    0.418383    0.015342
          61      1.9799    0.274102    0.411383   0.0121108
          61     2.16846    0.528268    0.411123   0.0131435
          61     2.35702    0.380266    0.431636   0.0107689
          61     2.54558    0.434969    0.342964   0.0114745
          61     2.73415    0.292369    0.352995   0.0151277
          61     2.92271    0.320162     0.27867   0.0124807
          61     3.11127     0.22539    0.224854  0.00921625
          61     3.29983    0.216846    0.235013   0.0125139
          61     3.48839    0.266638    0.195143   0.0088287
          61     3.67696    0.177464    0.153406  0.00866017
          61     3.86552    0.112842    0.122403  0.00604895
          61     4.05408   0.0442924   0.0786173  0.00659838
          61     4.24264   0.0190526   0.0620071  0.00618405
          61      4.4312  0.00608898   0.0526595  0.00567522
          61     4.61976   0.0225881   0.0364292  0.00386381
          61     4.80833   0.0845582   0.0283777  0.00434114
          61     4.99689  0.00913346   0.0246827  0.00343301
          61     5.18545           0    0.015253  0.00214514
          61     5.37401           0     0.01141  0.00177989
          61     5.56257           0   0.0118447  0.00247554

          62   0.0942809           0  0.00312686 0.000716836
          62    0.282843   0.0243559   0.0171898  0.00241809
          62    0.471405   0.0270076    0.054286  0.00462605
          62    0.659966     0.12011   0.0989253  0.00495694
          62    0.848528    0.120405    0.143591  0.00839364
          62     1.03709    0.141029    0.176442  0.00824336
          62     1.22565    0.264281    0.237448   0.0119529
          62     1.41421    0.306511    0.278889   0.0092938
          62     1.60278    0.422202    0.377886   0.0114059
          62     1.79134    0.455396     0.41898   0.0151062
          62      1.9799    0.335581     0.41016   0.0119771
          62     2.16846    0.436049    0.411525   0.0129377
          62     2.35702    0.479261    0.432404   0.0106226
          62     2.54558    0.396078    0.343821   0.0113213
          62     2.73415    0.343241    0.352837   0.0148845
          62     2.92271     0.25171    0.278235    0.012287
          62     3.11127    0.195633    0.224383  0.00907965
          62     3.29983    0.130717    0.233331   0.0124246
          62     3.48839    0.219105     0.19553  0.00869475
          62     3.67696    0.225685    0.154572   0.0085986
          62     3.86552     0.14751    0.122808  0.00596492
          62     4.05408  0.00481225   0.0774269  0.00659846
          62     4.24264   0.0880937   0.0624278   0.0060986
          62      4.4312   0.0212132   0.0521523   0.0056063
          62     4.61976           0   0.0358416  0.00384591
          62     4.80833   0.0753265   0.0291349  0.00433667
          62     4.99689   0.0228828   0.0246537  0.00337776
          62     5.18545   0.0021606   0.0150419  0.00212091
          62     5.37401   0.0298556   0.0117075  0.00177588
          62     5.56257  0.00648181   0.0117582  0.00243713

          63   0.0942809    0.015026  0.00331573 0.000729917
          63    0.282843   0.0278914   0.0173597  0.00238567
          63    0.471405    0.105968   0.0551063  0.00462479
          63    0.659966   0.0612826   0.0983277  0.00491414
          63    0.848528     0.11078    0.143071  0.00827655
          63     1.03709    0.109209    0.175375   0.0081813
          63     1.22565    0.385373    0.239796   0.0119916
          63     1.41421     0.35758    0.280138  0.00922984
          63     1.60278    0.363964    0.377665    0.011227
          63     1.79134    0.398337    0.418652     0.01487
          63      1.9799    0.290601    0.408262   0.0119363
          63     2.16846    0.294137    0.409662   0.0128658
          63     2.35702    0.402167    0.431924   0.0104648
          63     2.54558     0.47111    0.345842   0.0113205
          63     2.73415    0.353848    0.352853   0.0146483
          63     2.92271    0.322814    0.278942   0.0121123
          63     3.11127    0.280289     0.22527  0.00897879
          63     3.29983    0.134056    0.231755   0.0123269
          63     3.48839    0.172848     0.19517  0.00856419
          63     3.67696    0.138868    0.154323  0.00846572
          63     3.86552    0.178839    0.123697  0.00593618
          63     4.05408   0.0453727   0.0769181  0.00651331
          63     4.24264    0.126101   0.0634385  0.00608497
          63      4.4312   0.0095263   0.0514757  0.00555799
          63     4.61976           0   0.0352727  0.00382671
          63     4.80833   0.0982093   0.0302313  0.00440425
          63     4.99689           0   0.0242624  0.00334674
          63     5.18545           0   0.0148031  0.00210064
          63     5.37401    0.042721   0.0121998  0.00181464
          63     5.56257   0.0063836   0.0116729  0.00239994

          64   0.0942809           0  0.00326392 0.000720348
          64    0.282843  0.00991914   0.0172434  0.00235122
          64    0.471405   0.0608898   0.0551967  0.00455341
          64    0.659966   0.0772907    0.097999  0.00484834
          64    0.848528     0.12119    0.142729  0.00815429
          64     1.03709    0.211936    0.175947  0.00807339
          64     1.22565    0.298262    0.240709    0.011839
          64     1.41421    0.285102    0.280216  0.00908595
          64     1.60278    0.375356    0.377628   0.0110516
          64     1.79134    0.374177    0.417957   0.0146538
          64      1.9799    0.556847    0.410584   0.0119735
          64     2.16846    0.264576    0.407395   0.0128629
          64     2.35702    0.422005    0.431769   0.0103025
          64     2.54558    0.371329     0.34624   0.0111506
          64     2.73415    0.212819    0.350665   0.0145819
          64     2.92271    0.245032    0.278413   0.0119346
          64     3.11127    0.307199     0.22655  0.00892928
          64     3.29983    0.287753     0.23263   0.0121653
          64     3.48839    0.331162    0.197295  0.00868998
          64     3.67696    0.144368    0.154167  0.00833487
          64     3.86552   0.0455691    0.122476  0.00596762
          64     4.05408   0.0336858   0.0762426  0.00644648
          64     4.24264   0.0559793    0.063322  0.00599101
          64      4.4312   0.0275968   0.0511026  0.00548365
          64     4.61976   0.0472387   0.0354597  0.00377148
          64     4.80833   0.0869152    0.031117  0.00442359
          64     4.99689  0.00491046     0.02396  0.00330808
          64     5.18545  0.00127672   0.0145917  0.00207843
          64     5.37401   0.0321144   0.0125109  0.00181276
          64     5.56257    0.010803   0.0116593  0.00236247

          65   0.0942809           0  0.00321371 0.000711014
          65    0.282843           0   0.0169781  0.00232997
          65    0.471405   0.0406586    0.054973  0.00448884
          65    0.659966    0.155465   0.0988831  0.00485369
          65    0.848528   0.0542115    0.141367  0.00814176
          65     1.03709    0.197499    0.176278  0.00795599
          65     1.22565    0.232854    0.240589   0.0116575
          65     1.41421    0.393623     0.28196  0.00911214
          65     1.60278    0.434183    0.378499   0.0109158
          65     1.79134    0.208204     0.41473   0.0147794
          65      1.9799    0.645137    0.414192    0.012321
          65     2.16846    0.452843    0.408094    0.012684
          65     2.35702    0.319573    0.430043   0.0102876
          65     2.54558    0.321734    0.345863   0.0109854
          65     2.73415    0.207614    0.348465   0.0145227
          65     2.92271    0.210757    0.277372   0.0117963
          65     3.11127     0.31152    0.227858  0.00888708
          65     3.29983     0.35866    0.234569   0.0121317
          65     3.48839    0.291976    0.198751  0.00867751
          65     3.67696    0.197597    0.154835  0.00823338
          65     3.86552   0.0416407    0.121233    0.006004
          65     4.05408  0.00520509   0.0751497  0.00643927
          65     4.24264   0.0107048   0.0625125  0.00595328
          65      4.4312   0.0186598   0.0506035  0.00542196
          65     4.61976   0.0338822   0.0354354  0.00371353
          65     4.80833   0.0621665   0.0315947  0.00438125
          65     4.99689   0.0134547   0.0237984  0.00326113
          65     5.18545   0.0010803   0.0143839  0.00205682
          65     5.37401    0.074639   0.0134668  0.00202122
          65     5.56257  0.00775853   0.0115993  0.00232689

          66   0.0942809           0  0.00316502 0.000701906
          66    0.282843    0.025338   0.0171048  0.00229811
          66    0.471405   0.0551936   0.0549764  0.00442083
          66    0.659966   0.0904507   0.0987554  0.00478183
          66    0.848528   0.0257308    0.139615  0.00820475
          66     1.03709   0.0770943    0.174775  0.00797611
          66     1.22565    0.276852    0.241138   0.0114938
          66     1.41421    0.478967    0.284945  0.00945034
          66     1.60278    0.478083    0.380007   0.0108542
          66     1.79134    0.242675    0.412123   0.0147836
          66      1.9799    0.511965    0.415674   0.0122231
          66     2.16846    0.418666    0.408254   0.0124929
          66     2.35702     0.30602    0.428164   0.0103019
          66     2.54558     0.29286     0.34506   0.0108483
          66     2.73415     0.41297    0.349442   0.0143355
          66     2.92271     0.21498    0.276426   0.0116554
          66     3.11127    0.331751    0.229432  0.00889075
          66     3.29983    0.251121     0.23482   0.0119505
          66     3.48839    0.260942    0.199694  0.00859704
          66     3.67696    0.300619    0.157044   0.0083997
          66     3.86552   0.0871116    0.120716  0.00593525
          66     4.05408   0.0189544   0.0742983  0.00639775
          66     4.24264  0.00412479   0.0616278  0.00592844
          66      4.4312  0.00206239    0.049868  0.00538946
          66     4.61976 0.000785674   0.0349104  0.00369419
          66     4.80833    0.034275   0.0316353  0.00431506
          66     4.99689  0.00549972   0.0235211  0.00322348
          66     5.18545           0   0.0141659  0.00203717
          66     5.37401   0.0845582   0.0145439  0.00225945
          66     5.56257   0.0136511   0.0116304  0.00229184

          67   0.0942809 0.000294628  0.00312218 0.000692736
          67    0.282843   0.0010803   0.0168656  0.00227622
          67    0.471405 0.000785674   0.0541675  0.00442822
          67    0.659966     0.11245   0.0989598  0.00471482
          67    0.848528   0.0615772     0.13845  0.00816455
          67     1.03709     0.15409    0.174467  0.00786303
          67     1.22565    0.242184    0.241154   0.0113222
          67     1.41421    0.452745     0.28745  0.00963544
          67     1.60278    0.289325    0.378654   0.0107763
          67     1.79134    0.290601     0.41031   0.0146738
          67      1.9799    0.361116    0.414859   0.0120678
          67     2.16846    0.388516     0.40796   0.0123099
          67     2.35702     0.50126    0.429255   0.0102057
          67     2.54558     0.44862    0.346605   0.0107959
          67     2.73415    0.417488    0.350458   0.0141574
          67     2.92271    0.317511     0.27704   0.0114976
          67     3.11127    0.318689    0.230764   0.0088573
          67     3.29983    0.229417    0.234739   0.0117724
          67     3.48839    0.287164    0.200999  0.00856728
          67     3.67696    0.222739    0.158025  0.00833137
          67     3.86552   0.0266147    0.119311  0.00601054
          67     4.05408   0.0438013   0.0738431  0.00631843
          67     4.24264   0.0340786   0.0612166   0.0058542
          67      4.4312  0.00294628   0.0491677  0.00535433
          67     4.61976           0   0.0343894  0.00367562
          67     4.80833  0.00147314   0.0311851  0.00427407
          67     4.99689 0.000982093   0.0231847  0.00319288
          67     5.18545   0.0516581   0.0147255   0.0020822
          67     5.37401   0.0205257   0.0146332  0.00222749
          67     5.56257   0.0202311   0.0117587  0.00226123

          68   0.0942809           0  0.00307626 0.000684069
          68    0.282843           0   0.0166176  0.00225622
          68    0.471405 0.000392837   0.0533767  0.00443315
          68    0.659966    0.116083   0.0992116  0.00465221
          68    0.848528  0.00176777     0.13644  0.00828821
          68     1.03709    0.124824    0.173737  0.00778122
          68     1.22565    0.248371     0.24126   0.0111562
          68     1.41421     0.49635    0.290522  0.00997145
          68     1.60278    0.261924    0.376937   0.0107536
          68     1.79134    0.326546    0.409078   0.0145096
          68      1.9799    0.327037    0.413568   0.0119592
          68     2.16846    0.321341    0.406686   0.0121946
          68     2.35702    0.510394    0.430448   0.0101252
          68     2.54558    0.510885    0.349021   0.0109041
          68     2.73415    0.453138    0.351968   0.0140295
          68     2.92271    0.305725    0.277461   0.0113362
          68     3.11127     0.33676    0.232323  0.00886314
          68     3.29983    0.397649    0.237135   0.0118405
          68     3.48839    0.206829    0.201085  0.00844172
          68     3.67696    0.110191    0.157321  0.00823849
          68     3.86552    0.086817    0.118833  0.00594111
          68     4.05408    0.027695   0.0731645  0.00626186
          68     4.24264    0.030052   0.0607583  0.00578602
          68      4.4312  0.00432121   0.0485082  0.00531605
          68     4.61976           0   0.0338836  0.00365619
          68     4.80833           0   0.0307265  0.00423575
          68     4.99689   0.0339804   0.0233435  0.00314987
          68     5.18545   0.0341768   0.0150116  0.00207114
          68     5.37401    0.030052   0.0148599  0.00220624
          68     5.56257           0   0.0115858  0.00223458

          69   0.0942809  0.00176777   0.0030573 0.000674417
          69    0.282843  0.00196419   0.0164052  0.00223349
          69    0.471405   0.0104102    0.052754  0.00441242
          69    0.659966    0.122565     0.09955  0.00459708
          69    0.848528   0.0244541    0.134817  0.00832548
          69     1.03709     0.13219    0.173134  0.00769171
          69     1.22565    0.164795    0.240152   0.0110495
          69     1.41421    0.461191    0.292995   0.0101291
          69     1.60278    0.247978    0.375068    0.010759
          69     1.79134    0.366517    0.408461   0.0143125
          69      1.9799    0.480243    0.414534   0.0118248
          69     2.16846    0.375945    0.406241    0.012026
          69     2.35702     0.30985    0.428701   0.0101281
          69     2.54558    0.563328    0.352127   0.0111797
          69     2.73415    0.503028    0.354157    0.013996
          69     2.92271    0.289717    0.277639   0.0111733
          69     3.11127      0.3126    0.233486  0.00881072
          69     3.29983    0.136707    0.235679    0.011758
          69     3.48839    0.310243    0.202667  0.00846632
          69     3.67696    0.235015    0.158447  0.00819568
          69     3.86552   0.0730677     0.11817  0.00589192
          69     4.05408   0.0443906   0.0727475  0.00618497
          69     4.24264    0.010312   0.0600272  0.00574817
          69      4.4312   0.0223917   0.0481297  0.00525246
          69     4.61976  0.00441942   0.0334566  0.00362805
          69     4.80833   0.0363374   0.0308078  0.00417515
          69     4.99689   0.0618718   0.0239019  0.00315332
          69     5.18545           0    0.014794  0.00205251
          69     5.37401           0   0.0146446  0.00218475
          69     5.56257           0   0.0114179  0.00220849

          70   0.0942809           0  0.00301362 0.000666196
          70    0.282843 0.000785674   0.0161821   0.0022127
          70    0.471405   0.0426228   0.0526093  0.00435176
          70    0.659966   0.0411497   0.0987158  0.00460649
          70    0.848528   0.0719874     0.13392  0.00825479
          70     1.03709    0.108227    0.172207  0.00763751
          70     1.22565    0.259665     0.24043   0.0108951
          70     1.41421    0.458048    0.295353   0.0102551
          70     1.60278    0.243952    0.373195   0.0107671
          70     1.79134    0.436147    0.408856   0.0141135
          70      1.9799    0.377516    0.414005   0.0116677
          70     2.16846    0.325662    0.405089   0.0119091
          70     2.35702    0.392051    0.428177  0.00999697
          70     2.54558    0.612531    0.355847   0.0116224
          70     2.73415    0.419157    0.355085   0.0138268
          70     2.92271    0.256817    0.277342   0.0110176
          70     3.11127    0.349134    0.235138  0.00883839
          70     3.29983    0.163224    0.234644   0.0116355
          70     3.48839    0.301895    0.204084  0.00846321
          70     3.67696    0.163617    0.158521  0.00807893
          70     3.86552   0.0818083    0.117651   0.0058306
          70     4.05408    0.012178   0.0718822  0.00615685
          70     4.24264  0.00775853   0.0592805  0.00571434
          70      4.4312   0.0139457   0.0476413  0.00520008
          70     4.61976    0.031918   0.0334346  0.00357629
          70     4.80833   0.0767014   0.0314634  0.00416666
          70     4.99689   0.0401676   0.0241342  0.00311682
          70     5.18545  0.00991914   0.0147244  0.00202437
          70     5.37401 0.000883883    0.014448  0.00216237
          70     5.56257  0.00383016   0.0113095   0.0021796

          71   0.0942809           0  0.00297118 0.000658163
          71    0.282843   0.0289717   0.0163622  0.00218886
          71    0.471405   0.0201329   0.0521519  0.00431444
          71    0.659966   0.0198383   0.0976048  0.00467365
          71    0.848528    0.112744    0.133621  0.00814391
          71     1.03709    0.117655    0.171439  0.00756849
          71     1.22565    0.363964     0.24217   0.0108797
          71     1.41421    0.295806     0.29536   0.0101107
          71     1.60278    0.322225    0.372477   0.0106394
          71     1.79134    0.378891    0.408434    0.013921
          71      1.9799    0.382525    0.413562   0.0115118
          71     2.16846    0.395685    0.404957   0.0117422
          71     2.35702    0.590434    0.430462    0.010114
          71     2.54558    0.621567     0.35959   0.0120462
          71     2.73415    0.235506    0.353401   0.0137343
          71     2.92271    0.137493    0.275372   0.0110371
          71     3.11127    0.208891    0.234769  0.00872163
          71     3.29983     0.27479     0.23521   0.0114854
          71     3.48839    0.314073    0.205634  0.00848461
          71     3.67696    0.172652     0.15872  0.00796759
          71     3.86552    0.087308    0.117223  0.00576412
          71     4.05408   0.0676662   0.0718228  0.00607042
          71     4.24264  0.00716928   0.0585466   0.0056808
          71      4.4312   0.0147314   0.0471778  0.00514745
          71     4.61976   0.0350607   0.0334575  0.00352599
          71     4.80833   0.0277932   0.0314118  0.00410829
          71     4.99689   0.0144368   0.0239976  0.00307591
          71     5.18545  0.00618718   0.0146041  0.00199943
          71     5.37401   0.0396765   0.0148033  0.00216091
          71     5.56257  0.00942809    0.011283  0.00214906

          72   0.0942809           0  0.00292991 0.000650315
          72    0.282843    0.004223   0.0161936  0.00216494
          72    0.471405   0.0278914   0.0518149  0.00426765
          72    0.659966   0.0274986   0.0966311  0.00470908
          72    0.848528    0.103414    0.133202   0.0080416
          72     1.03709    0.238943    0.172376  0.00752122
          72     1.22565     0.29453    0.242897   0.0107529
          72     1.41421    0.320948    0.295715  0.00997652
          72     1.60278     0.26546    0.370991   0.0105949
          72     1.79134    0.527482    0.410088   0.0138255
          72      1.9799    0.450682    0.414078   0.0113635
          72     2.16846    0.299342     0.40349   0.0116703
          72     2.35702       0.521     0.43172   0.0100514
          72     2.54558    0.466494    0.361075   0.0119701
          72     2.73415    0.308475    0.352777   0.0135577
          72     2.92271    0.176678    0.274001   0.0109686
          72     3.11127    0.149376    0.233583  0.00868076
          72     3.29983    0.222444    0.235033   0.0113272
          72     3.48839    0.245621    0.206189  0.00838492
          72     3.67696    0.214391    0.159493  0.00789436
          72     3.86552    0.069925    0.116566  0.00572137
          72     4.05408   0.0935934   0.0721252  0.00599363
          72     4.24264   0.0757194   0.0587851  0.00560691
          72      4.4312   0.0725767   0.0475306  0.00508803
          72     4.61976    0.080237   0.0341073  0.00353637
          72     4.80833   0.0137493   0.0311664  0.00405855
          72     4.99689  0.00225881   0.0236957  0.00304798
          72     5.18545  0.00127672    0.014419  0.00198021
          72     5.37401   0.0261237   0.0149605  0.00213661
          72     5.56257  0.00294628   0.0111672  0.00212233

          73   0.0942809           0  0.00288977 0.000642644
          73    0.282843           0   0.0159718  0.00214662
          73    0.471405   0.0491046   0.0517778  0.00420935
          73    0.659966   0.0143386   0.0955038   0.0047776
          73    0.848528    0.109111    0.132872  0.00793821
          73     1.03709    0.219694    0.173025  0.00744607
          73     1.22565     0.24788    0.242966   0.0106058
          73     1.41421    0.243755    0.295003  0.00986521
          73     1.60278    0.265263    0.369543   0.0105483
          73     1.79134    0.566569    0.412231   0.0138013
          73      1.9799    0.459619    0.414701   0.0112249
          73     2.16846    0.508822    0.404933   0.0115993
          73     2.35702    0.308181    0.430027   0.0100552
          73     2.54558    0.351196    0.360939   0.0118069
          73     2.73415    0.360723    0.352886   0.0133724
          73     2.92271    0.271843    0.273972   0.0108184
          73     3.11127    0.165777    0.232654   0.0086114
          73     3.29983    0.313288    0.236105   0.0112227
          73     3.48839    0.247684    0.206757   0.0082893
          73     3.67696    0.202704    0.160085  0.00780838
          73     3.86552   0.0583363    0.115769  0.00569833
          73     4.05408   0.0997806    0.072504  0.00592349
          73     4.24264   0.0975218   0.0593157  0.00555515
          73      4.4312   0.0880937   0.0480862  0.00504859
          73     4.61976  0.00687465   0.0337342  0.00350755
          73     4.80833 0.000294628   0.0307435  0.00402493
          73     4.99689 0.000491046   0.0233778  0.00302275
          73     5.18545   0.0382034   0.0147448   0.0019797
          73     5.37401  0.00815137   0.0148673  0.00210938
          73     5.56257           0   0.0110142  0.00209876

          74   0.0942809 0.000392837  0.00285603 0.000634844
          74    0.282843 0.000785674   0.0157666   0.0021274
          74    0.471405   0.0106066   0.0512214  0.00418908
          74    0.659966    0.039873    0.094752  0.00477181
          74    0.848528   0.0407568    0.131627  0.00792793
          74     1.03709     0.20948    0.173517  0.00736173
          74     1.22565    0.264772     0.24326   0.0104666
          74     1.41421    0.149867    0.293042  0.00992495
          74     1.60278    0.295315     0.36854   0.0104533
          74     1.79134    0.445477    0.412681   0.0136221
          74      1.9799    0.504992    0.415922   0.0111394
          74     2.16846    0.504206    0.406275   0.0115199
          74     2.35702    0.431041    0.430041   0.0099193
          74     2.54558    0.408551    0.361583   0.0116648
          74     2.73415    0.373293    0.353162   0.0131945
          74     2.92271    0.416014    0.275891   0.0108412
          74     3.11127    0.174321    0.231865  0.00853103
          74     3.29983    0.246996    0.236252    0.011072
          74     3.48839    0.244639    0.207269  0.00819308
          74     3.67696    0.156742     0.16004  0.00770299
          74     3.86552    0.095263    0.115491  0.00562806
          74     4.05408   0.0466494   0.0721546  0.00585374
          74     4.24264    0.153698   0.0605911  0.00562459
          74      4.4312    0.025829   0.0477854  0.00498931
          74     4.61976   0.0432121   0.0338623  0.00346249
          74     4.80833   0.0169902   0.0305577  0.00397483
          74     4.99689  0.00353553   0.0231097  0.00299377
          74     5.18545           0   0.0145456  0.00196295
          74     5.37401           0   0.0146664  0.00209042
          74     5.56257           0   0.0108654  0.00207567

          75   0.0942809           0  0.00281795 0.000627521
          75    0.282843           0   0.0155563  0.00210939
          75    0.471405           0   0.0505385  0.00418852
          75    0.659966   0.0501849   0.0941578  0.00474504
          75    0.848528   0.0584345    0.130651  0.00788206
          75     1.03709    0.109209     0.17266  0.00731333
          75     1.22565    0.258781    0.243467   0.0103291
          75     1.41421    0.185812    0.291612  0.00989506
          75     1.60278    0.362196    0.368455   0.0103143
          75     1.79134    0.436147    0.412994    0.013444
          75      1.9799    0.645235    0.418979   0.0114027
          75     2.16846    0.470815    0.407135   0.0113984
          75     2.35702    0.338626    0.428822  0.00986164
          75     2.54558    0.578845    0.364479   0.0118635
          75     2.73415    0.295512    0.352393    0.013041
          75     2.92271    0.227354    0.275244   0.0107159
          75     3.11127    0.303761    0.232824  0.00847097
          75     3.29983    0.275281    0.236772   0.0109366
          75     3.48839    0.166465    0.206725  0.00810188
          75     3.67696    0.119128    0.159494  0.00761957
          75     3.86552    0.111566    0.115439  0.00555327
          75     4.05408   0.0787638   0.0722427  0.00577635
          75     4.24264    0.106066   0.0611975  0.00558218
          75      4.4312   0.0737552   0.0481317  0.00493479
          75     4.61976   0.0292664    0.033801  0.00341687
          75     4.80833 0.000294628   0.0301542  0.00394226
          75     4.99689 0.000491046   0.0228081  0.00296901
          75     5.18545 0.000589256   0.0143595  0.00194558
          75     5.37401   0.0105084   0.0146109  0.00206328
          75     5.56257   0.0102138   0.0108567  0.00204802

          76   0.0942809           0  0.00278087 0.000620359
          76    0.282843           0   0.0153517  0.00209154
          76    0.471405   0.0219989    0.050163  0.00415021
          76    0.659966   0.0370249   0.0934061  0.00474178
          76    0.848528   0.0599077     0.12972  0.00783312
          76     1.03709   0.0426228    0.170949  0.00741456
          76     1.22565    0.393623    0.245443   0.0103804
          76     1.41421    0.374668    0.292705  0.00982502
          76     1.60278    0.274397    0.367217   0.0102526
          76     1.79134    0.386257    0.412642   0.0132718
          76      1.9799    0.556847    0.420793   0.0113961
          76     2.16846    0.517858    0.408592   0.0113411
          76     2.35702    0.305431    0.427199  0.00986463
          76     2.54558    0.398239    0.364924   0.0117158
          76     2.73415    0.279405    0.351433   0.0129047
          76     2.92271    0.296788    0.275527   0.0105787
          76     3.11127    0.341474    0.234254  0.00847928
          76     3.29983    0.344125    0.238185   0.0108835
          76     3.48839    0.185616    0.206448  0.00800004
          76     3.67696    0.121681    0.158997  0.00753554
          76     3.86552   0.0883883    0.115083  0.00549159
          76     4.05408   0.0290699   0.0716747  0.00572821
          76     4.24264    0.114217   0.0618951  0.00555216
          76      4.4312   0.0450781   0.0480915  0.00487002
          76     4.61976   0.0307395   0.0337607  0.00337214
          76     4.80833  0.00874063   0.0298724  0.00390044
          76     4.99689           0    0.022508  0.00294507
          76     5.18545           0   0.0141706  0.00192913
          76     5.37401   0.0218025   0.0147055   0.0020383
          76     5.56257   0.0273022   0.0110731  0.00203247

          77   0.0942809           0  0.00274476 0.000613352
          77    0.282843  0.00500867   0.0152173  0.00206869
          77    0.471405     0.04881   0.0501454  0.00409635
          77    0.659966   0.0396765   0.0927083  0.00473127
          77    0.848528    0.069434    0.128937  0.00777042
          77     1.03709    0.220873    0.171597  0.00734656
          77     1.22565    0.311422      0.2463   0.0102809
          77     1.41421    0.226078     0.29184  0.00973545
          77     1.60278    0.316136    0.366554   0.0101409
          77     1.79134    0.332929    0.411607   0.0131397
          77      1.9799    0.456379    0.421255   0.0112574
          77     2.16846    0.661047    0.411871   0.0116581
          77     2.35702    0.292762    0.425453  0.00988981
          77     2.54558    0.345795    0.364675   0.0115662
          77     2.73415    0.254362    0.350172   0.0127985
          77     2.92271    0.385962    0.276962   0.0105381
          77     3.11127    0.364749    0.235948  0.00853685
          77     3.29983    0.213114    0.237859    0.010747
          77     3.48839    0.145153    0.205651  0.00793565
          77     3.67696    0.121387    0.158508  0.00745349
          77     3.86552    0.186008    0.116004  0.00549698
          77     4.05408   0.0794513   0.0717757  0.00565471
          77     4.24264    0.111762   0.0625427  0.00551769
          77      4.4312   0.0140439   0.0476494  0.00482681
          77     4.61976   0.0322126   0.0337406  0.00332841
          77     4.80833   0.0260255   0.0298225   0.0038501
          77     4.99689   0.0010803   0.0222297  0.00291994
          77     5.18545  0.00127672   0.0140031  0.00191133
          77     5.37401  0.00166956   0.0145362  0.00201885
          77     5.56257    0.033784    0.011368  0.00202736

          78   0.0942809   0.0111959  0.00285311 0.000614984
          78    0.282843   0.0154189   0.0152199  0.00204217
          78    0.471405   0.0700232   0.0504002  0.00405175
          78    0.659966   0.0286771   0.0918874  0.00474129
          78    0.848528    0.256326     0.13057  0.00784056
          78     1.03709    0.208793    0.172074  0.00726783
          78     1.22565    0.237568    0.246188   0.0101497
          78     1.41421    0.318002    0.292175  0.00961642
          78     1.60278    0.308181    0.365806   0.0100384
          78     1.79134    0.252201    0.409563   0.0131292
          78      1.9799       0.351    0.420355   0.0111491
          78     2.16846    0.484368      0.4128   0.0115457
          78     2.35702    0.505581     0.42648  0.00981623
          78     2.54558    0.272433    0.363493   0.0114783
          78     2.73415    0.250434    0.348893   0.0126982
          78     2.92271     0.33401    0.277693   0.0104283
          78     3.11127    0.375159    0.237733  0.00861195
          78     3.29983    0.303172    0.238696   0.0106418
          78     3.48839    0.129538    0.204676  0.00789367
          78     3.67696    0.103513    0.157803  0.00739121
          78     3.86552    0.154287    0.116495  0.00544837
          78     4.05408   0.0911382   0.0720239  0.00558766
          78     4.24264   0.0112941   0.0618857  0.00548593
          78      4.4312   0.0251416   0.0473608  0.00477354
          78     4.61976    0.132975   0.0350129   0.0035205
          78     4.80833   0.0331947   0.0298657  0.00380099
          78     4.99689  0.00451763   0.0220027  0.00289132
          78     5.18545  0.00127672     0.01384  0.00189378
          78     5.37401  0.00117851    0.014365  0.00200022
          78     5.56257   0.0174813   0.0114464  0.00200288

          79   0.0942809           0  0.00281699 0.000608259
          79    0.282843   0.0851474   0.0161051   0.0021998
          79    0.471405   0.0688447   0.0506337  0.00400719
          79    0.659966   0.0514617   0.0913757  0.00470881
          79    0.848528    0.280584    0.132469  0.00796794
          79     1.03709    0.205356    0.172495  0.00718803
          79     1.22565    0.257112    0.246326   0.0100221
          79     1.41421    0.296788    0.292234  0.00949487
          79     1.60278    0.317805    0.365198  0.00992972
          79     1.79134    0.298458    0.408157   0.0130381
          79      1.9799    0.440665    0.420612   0.0110109
          79     2.16846    0.324582    0.411683   0.0114534
          79     2.35702    0.456182    0.426856  0.00969917
          79     2.54558    0.333617    0.363114   0.0113392
          79     2.73415    0.244148    0.347568   0.0126065
          79     2.92271    0.298262    0.277953   0.0102995
          79     3.11127    0.193178    0.237169  0.00852138
          79     3.29983    0.195829    0.238154   0.0105209
          79     3.48839    0.156349    0.204064  0.00781742
          79     3.67696    0.203097    0.158377  0.00731985
          79     3.86552     0.17442    0.117228  0.00542852
          79     4.05408    0.126395   0.0727122  0.00555915
          79     4.24264   0.0495957   0.0617301  0.00541869
          79      4.4312   0.0376142   0.0472374  0.00471471
          79     4.61976    0.109602    0.035957  0.00360032
          79     4.80833   0.0129636   0.0296517  0.00375889
          79     4.99689   0.0552918    0.022424  0.00288527
          79     5.18545   0.0299538   0.0140439  0.00188076
          79     5.37401           0   0.0141832  0.00198314
          79     5.56257           0   0.0113015  0.00198276

          80   0.0942809   0.0478279  0.00337963 0.000820604
          80    0.282843   0.0496939   0.0165249  0.00221201
          80    0.471405   0.0130618   0.0501641  0.00398452
          80    0.659966    0.065702   0.0910547  0.00466087
          80    0.848528    0.266736    0.134148  0.00804316
          80     1.03709     0.12178    0.171861  0.00712608
          80     1.22565    0.356991     0.24771  0.00999188
          80     1.41421    0.350509    0.292962  0.00940408
          80     1.60278    0.208989    0.363245  0.00999574
          80     1.79134     0.34334    0.407346   0.0129003
          80      1.9799    0.485939    0.421428   0.0109035
          80     2.16846    0.419255    0.411778   0.0113106
          80     2.35702    0.329885    0.425644  0.00965338
          80     2.54558    0.238354    0.361555   0.0113042
          80     2.73415    0.291583    0.346868   0.0124683
          80     2.92271    0.301797    0.278251   0.0101751
          80     3.11127    0.205356    0.236772  0.00842414
          80     3.29983    0.300128    0.238928   0.0104179
          80     3.48839    0.174125     0.20369  0.00772866
          80     3.67696    0.124038    0.157948  0.00724093
          80     3.86552    0.221069    0.118526  0.00551366
          80     4.05408    0.158706   0.0737871  0.00559262
          80     4.24264   0.0554882   0.0616521  0.00535152
          80      4.4312   0.0485154   0.0472534  0.00465581
          80     4.61976   0.0667823   0.0363423  0.00357587
          80     4.80833   0.0256326   0.0296015  0.00371224
          80     4.99689   0.0252398   0.0224592  0.00284941
          80     5.18545  0.00677644   0.0139531  0.00185944
          80     5.37401           0   0.0140059  0.00196626
          80     5.56257           0   0.0111603  0.00196301

          81   0.0942809   0.0491046  0.00394413 0.000985697
          81    0.282843    0.038007   0.0167901  0.00220054
          81    0.471405   0.0564703   0.0502419  0.00393609
          81    0.659966   0.0651127   0.0907345  0.00461432
          81    0.848528    0.208695    0.135068  0.00799634
          81     1.03709    0.104298    0.171027  0.00708676
          81     1.22565    0.280289    0.248112  0.00987662
          81     1.41421    0.285593    0.292871  0.00928842
          81     1.60278    0.354339    0.363135  0.00987294
          81     1.79134    0.380266    0.407012   0.0127454
          81      1.9799    0.514126    0.422573   0.0108288
          81     2.16846    0.345697    0.410962   0.0112004
          81     2.35702    0.305922    0.424166  0.00964669
          81     2.54558    0.239041    0.360042   0.0112654
          81     2.73415    0.369758     0.34715   0.0123176
          81     2.92271    0.318886    0.278753   0.0100619
          81     3.11127    0.284807    0.237365  0.00834098
          81     3.29983    0.239238    0.238932   0.0102893
          81     3.48839    0.234229    0.204067  0.00764243
          81     3.67696    0.118539    0.157461  0.00716786
          81     3.86552    0.124726    0.118603  0.00544612
          81     4.05408    0.115101   0.0742971  0.00554679
          81     4.24264   0.0755229   0.0618233  0.00528819
          81      4.4312   0.0965397   0.0478619  0.00463792
          81     4.61976    0.046453   0.0364672  0.00353391
          81     4.80833    0.052542   0.0298847   0.0036772
          81     4.99689           0    0.022182   0.0028277
          81     5.18545           0   0.0137808  0.00184445
          81     5.37401           0    0.013833  0.00194958
          81     5.56257           0   0.0110225   0.0019436

          82   0.0942809  0.00333912  0.00393675 0.000973704
          82    0.282843   0.0948702   0.0177423  0.00237078
          82    0.471405  0.00491046   0.0496891  0.00392672
          82    0.659966   0.0438995   0.0901633  0.00459326
          82    0.848528    0.164697    0.135429  0.00790698
          82     1.03709    0.232756     0.17178   0.0070402
          82     1.22565    0.229711    0.247887  0.00975872
          82     1.41421    0.331849    0.293346   0.0091873
          82     1.60278    0.376633      0.3633  0.00975391
          82     1.79134    0.257014    0.405183   0.0127205
          82      1.9799    0.567551    0.424341   0.0108401
          82     2.16846    0.309359    0.409723   0.0111321
          82     2.35702    0.310832    0.422784  0.00962755
          82     2.54558    0.329787    0.359674    0.011134
          82     2.73415    0.301011    0.346588   0.0121802
          82     2.92271    0.303074     0.27905  0.00994352
          82     3.11127    0.333126    0.238532  0.00832062
          82     3.29983    0.273611    0.239355   0.0101725
          82     3.48839    0.112548    0.202951  0.00763029
          82     3.67696    0.187089    0.157822  0.00708955
          82     3.86552    0.192687    0.119506  0.00545413
          82     4.05408    0.146234   0.0751744  0.00554808
          82     4.24264   0.0280879   0.0614119  0.00523968
          82      4.4312  0.00707107   0.0473644  0.00460796
          82     4.61976   0.0828886   0.0370333  0.00353586
          82     4.80833   0.0541133   0.0301802  0.00364421
          82     4.99689  0.00235702   0.0219402  0.00280353
          82     5.18545   0.0157135   0.0138044  0.00182211
          82     5.37401  0.00648181   0.0137433  0.00192786
          82     5.56257           0   0.0108881  0.00192454

          83   0.0942809           0  0.00388932 0.000963127
          83    0.282843   0.0987985   0.0187189  0.00253539
          83    0.471405   0.0322126   0.0494785  0.00388505
          83    0.659966   0.0568632   0.0897621  0.00455541
          83    0.848528    0.144368    0.135537  0.00781245
          83     1.03709    0.169804    0.171756  0.00695542
          83     1.22565    0.305431    0.248581  0.00966574
          83     1.41421    0.292565    0.293337  0.00907662
          83     1.60278    0.311323    0.362674  0.00965647
          83     1.79134    0.351589    0.404537   0.0125836
          83      1.9799    0.398926    0.424035   0.0107138
          83     2.16846     0.40089    0.409617   0.0109985
          83     2.35702    0.295708    0.421253  0.00963252
          83     2.54558    0.367008    0.359762   0.0110002
          83     2.73415    0.388909    0.347098   0.0120441
          83     2.92271    0.448718    0.281094   0.0100316
          83     3.11127    0.150358     0.23747  0.00828791
          83     3.29983    0.149278     0.23827   0.0101077
          83     3.48839    0.225488    0.203222  0.00754319
          83     3.67696    0.242086    0.158838  0.00707645
          83     3.86552    0.142993    0.119789  0.00539575
          83     4.05408    0.102138   0.0754993  0.00549074
          83     4.24264   0.0879955   0.0617322  0.00518633
          83      4.4312    0.034275   0.0472067  0.00455514
          83     4.61976   0.0710053   0.0374426  0.00351687
          83     4.80833   0.0312305   0.0301928  0.00360032
          83     4.99689  0.00333912   0.0217161  0.00277869
          83     5.18545           0   0.0136381  0.00180773
          83     5.37401           0   0.0135777  0.00191173
          83     5.56257           0   0.0107569  0.00190582

          84   0.0942809           0  0.00384302 0.000952774
          84    0.282843   0.0538187   0.0191368  0.00253941
          84    0.471405   0.0839689   0.0498891  0.00386044
          84    0.659966     0.19907   0.0910634  0.00468335
          84    0.848528    0.221069    0.136555  0.00778552
          84     1.03709    0.138868    0.171365  0.00688363
          84     1.22565    0.278423    0.248936   0.0095572
          84     1.41421    0.185124    0.292049  0.00905952
          84     1.60278    0.227944     0.36107   0.0096738
          84     1.79134    0.282155     0.40308   0.0125179
          84      1.9799    0.263201     0.42212    0.010756
          84     2.16846      0.3181    0.408527   0.0109214
          84     2.35702    0.446067    0.421548  0.00952238
          84     2.54558    0.555472    0.362092   0.0111133
          84     2.73415    0.335974    0.346965   0.0119015
          84     2.92271    0.401578    0.282528   0.0100142
          84     3.11127    0.299342    0.238207  0.00822191
          84     3.29983    0.213409    0.237974  0.00999167
          84     3.48839    0.230203    0.203543  0.00746023
          84     3.67696    0.134645     0.15855  0.00699806
          84     3.86552    0.170295    0.120391  0.00536491
          84     4.05408   0.0713981   0.0754504  0.00542559
          84     4.24264   0.0673716   0.0617994  0.00512503
          84      4.4312   0.0726749   0.0475099  0.00451099
          84     4.61976   0.0021606   0.0370226      0.0035
          84     4.80833  0.00186598   0.0298556  0.00357322
          84     4.99689   0.0210168   0.0217078  0.00274563
          84     5.18545   0.0280879   0.0138101  0.00179437
          84     5.37401           0   0.0134161  0.00189579
          84     5.56257           0   0.0106288  0.00188743

          85   0.0942809           0  0.00379781 0.000942637
          85    0.282843   0.0948702   0.0200278  0.00266125
          85    0.471405   0.0209186   0.0495483  0.00383004
          85    0.659966    0.125904   0.0914733  0.00464616
          85    0.848528    0.153305    0.136752  0.00769642
          85     1.03709    0.202606    0.171732  0.00681245
          85     1.22565    0.355223    0.250186  0.00952621
          85     1.41421    0.346384    0.292688  0.00897546
          85     1.60278    0.225488    0.359475  0.00969061
          85     1.79134    0.266835    0.401477   0.0124728
          85      1.9799    0.317707    0.420891   0.0106994
          85     2.16846    0.357875    0.407931   0.0108091
          85     2.35702    0.441451    0.421782  0.00941323
          85     2.54558    0.319082    0.361586    0.010994
          85     2.73415    0.243755    0.345751   0.0118232
          85     2.92271    0.377713    0.283648  0.00995883
          85     3.11127    0.405997    0.240181  0.00835879
          85     3.29983    0.230595    0.237887   0.0098745
          85     3.48839    0.207123    0.203586  0.00737258
          85     3.67696   0.0967361    0.157822  0.00695342
          85     3.86552    0.227453     0.12165  0.00544764
          85     4.05408   0.0663895   0.0753438  0.00536281
          85     4.24264   0.0528366   0.0616939  0.00506582
          85      4.4312   0.0481225   0.0475171  0.00445792
          85     4.61976  0.00932988   0.0366968  0.00347395
          85     4.80833   0.0185616   0.0297227  0.00353365
          85     4.99689    0.074148   0.0223247  0.00278177
          85     5.18545    0.016892   0.0138464  0.00177363
          85     5.37401           0   0.0132583  0.00188005
          85     5.56257           0   0.0105038  0.00186936

          86   0.0942809           0  0.00375365  0.00093271
          86    0.282843   0.0491046   0.0203659   0.0026517
          86    0.471405  0.00500867   0.0490304  0.00382036
          86    0.659966   0.0744426   0.0912752  0.00459635
          86    0.848528    0.250237    0.138072  0.00771922
          86     1.03709    0.240023    0.172526  0.00677936
          86     1.22565    0.371329    0.251595  0.00951902
          86     1.41421    0.332242    0.293148  0.00888287
          86     1.60278    0.195338    0.357566  0.00976406
          86     1.79134    0.220283     0.39937   0.0125045
          86      1.9799    0.273807    0.419181   0.0107108
          86     2.16846    0.416997    0.408037    0.010684
          86     2.35702     0.53858     0.42314  0.00940123
          86     2.54558    0.335876    0.361287   0.0108703
          86     2.73415    0.322912    0.345485   0.0116887
          86     2.92271    0.279896    0.283604  0.00984313
          86     3.11127    0.374767    0.241746  0.00840682
          86     3.29983     0.20457      0.2375  0.00976728
          86     3.48839    0.153894    0.203008  0.00730946
          86     3.67696    0.138475    0.157597   0.0068762
          86     3.86552    0.110976    0.121526  0.00538571
          86     4.05408    0.140832   0.0761053  0.00535424
          86     4.24264   0.0735587   0.0618319  0.00500879
          86      4.4312   0.0316234   0.0473323  0.00440992
          86     4.61976   0.0658984   0.0370363  0.00345011
          86     4.80833   0.0622647   0.0301011  0.00351276
          86     4.99689   0.0237666   0.0223415  0.00274948
          86     5.18545  0.00982093   0.0137995  0.00175362
          86     5.37401  0.00677644   0.0131829   0.0018597
          86     5.56257           0   0.0103816  0.00185161

          87   0.0942809           0   0.0037105 0.000922986
          87    0.282843   0.0747373   0.0209908  0.00269386
          87    0.471405   0.0354535   0.0488744  0.00377963
          87    0.659966   0.0348643   0.0906268  0.00458903
          87    0.848528    0.169509    0.138433  0.00763895
          87     1.03709    0.183062    0.172647  0.00670251
          87     1.22565    0.435853    0.253713  0.00964234
          87     1.41421    0.380757    0.294155  0.00883767
          87     1.60278    0.213998    0.355916  0.00979029
          87     1.79134    0.251809    0.397674   0.0124752
          87      1.9799    0.286968    0.417661    0.010695
          87     2.16846    0.389989    0.407829   0.0105632
          87     2.35702    0.402069    0.422898  0.00929629
          87     2.54558    0.442924    0.362225   0.0107857
          87     2.73415    0.272433    0.344646   0.0115845
          87     2.92271    0.414443    0.285108  0.00984421
          87     3.11127    0.383213    0.243372  0.00846598
          87     3.29983    0.117065    0.236115  0.00975261
          87     3.48839    0.136806    0.202247  0.00726494
          87     3.67696   0.0990932    0.156925  0.00682997
          87     3.86552    0.141421    0.121755  0.00532866
          87     4.05408    0.191705   0.0774341  0.00545508
          87     4.24264   0.0605951   0.0618177  0.00495124
          87      4.4312   0.0515599   0.0473809   0.0043595
          87     4.61976   0.0754247   0.0374776  0.00343855
          87     4.80833   0.0112941    0.029885  0.00347903
          87     4.99689   0.0224899   0.0223432  0.00271788
          87     5.18545   0.0237666   0.0139141  0.00173721
          87     5.37401           0   0.0130314  0.00184449
          87     5.56257           0   0.0102623  0.00183417

          88   0.0942809           0  0.00366834  0.00091346
          88    0.282843    0.101352    0.021904  0.00281378
          88    0.471405   0.0395783   0.0487687  0.00373816
          88    0.659966    0.094772   0.0906739  0.00453712
          88    0.848528    0.189937    0.139019  0.00757453
          88     1.03709    0.166072    0.172573  0.00662677
          88     1.22565    0.296396    0.254198  0.00954495
          88     1.41421    0.356696    0.294866  0.00876577
          88     1.60278     0.38223    0.356215   0.0096836
          88     1.79134    0.183946    0.395245   0.0125677
          88      1.9799    0.573346    0.419431   0.0107187
          88     2.16846    0.307199    0.406686   0.0105048
          88     2.35702    0.431532    0.422996  0.00919117
          88     2.54558    0.274004    0.361223   0.0107097
          88     2.73415     0.19141    0.342904    0.011583
          88     2.92271    0.353652    0.285887  0.00976311
          88     3.11127    0.271352     0.24369  0.00837575
          88     3.29983    0.179232    0.235469  0.00966319
          88     3.48839    0.212034    0.202358  0.00718324
          88     3.67696    0.179527    0.157182  0.00675718
          88     3.86552     0.14751    0.122047  0.00527614
          88     4.05408    0.171866   0.0785072  0.00549762
          88     4.24264   0.0283825   0.0614377  0.00490953
          88      4.4312    0.051167   0.0474239  0.00431017
          88     4.61976   0.0197401    0.037276  0.00340538
          88     4.80833  0.00785674   0.0296346  0.00344849
          88     4.99689   0.0389891   0.0225323  0.00269357
          88     5.18545  0.00579435   0.0138218  0.00171991
          88     5.37401   0.0245523   0.0131623  0.00182817
          88     5.56257   0.0176777   0.0103466  0.00181526

          89   0.0942809 0.000687465  0.00363485 0.000903811
          89    0.282843   0.0895669   0.0226643  0.00288304
          89    0.471405     0.07788   0.0490958  0.00371044
          89    0.659966    0.132583   0.0911448  0.00451051
          89    0.848528   0.0705143    0.138249  0.00752843
          89     1.03709     0.26163    0.173573  0.00662743
          89     1.22565    0.342652    0.255192  0.00948931
          89     1.41421    0.354044     0.29553  0.00869246
          89     1.60278    0.387141    0.356563  0.00958103
          89     1.79134    0.393034    0.395221   0.0124265
          89      1.9799    0.396471    0.419173   0.0106014
          89     2.16846    0.428585    0.406932   0.0103897
          89     2.35702    0.272924     0.42131  0.00924128
          89     2.54558    0.286084    0.360378   0.0106226
          89     2.73415    0.154287    0.340785   0.0116451
          89     2.92271     0.25063    0.285491  0.00966144
          89     3.11127    0.294039    0.244255  0.00830072
          89     3.29983    0.270665    0.235864   0.0095627
          89     3.48839   0.0797459     0.20098  0.00723343
          89     3.67696    0.212918    0.157808  0.00671021
          89     3.86552    0.119717    0.122021  0.00521692
          89     4.05408    0.198481   0.0798552  0.00559868
          89     4.24264   0.0406586   0.0612042  0.00485991
          89      4.4312   0.0351589   0.0472861  0.00426394
          89     4.61976   0.0370249   0.0372732  0.00336712
          89     4.80833   0.0179723   0.0295036  0.00341223
          89     4.99689   0.0479261   0.0228177  0.00267837
          89     5.18545  0.00117851   0.0136798  0.00170645
          89     5.37401   0.0312305   0.0133653  0.00181886
          89     5.56257   0.0178741   0.0104311  0.00179683

          90   0.0942809 9.82093e-05  0.00359555 0.000894622
          90    0.282843   0.0226863   0.0226645    0.002851
          90    0.471405   0.0374177   0.0489661  0.00367148
          90    0.659966    0.159001   0.0918988  0.00452297
          90    0.848528    0.122271    0.138071  0.00744687
          90     1.03709    0.165777    0.173487  0.00655435
          90     1.22565    0.359053    0.256346  0.00945378
          90     1.41421    0.390676    0.296588  0.00865993
          90     1.60278    0.534848    0.358544  0.00967719
          90     1.79134    0.392542    0.395191   0.0122885
          90      1.9799     0.31918    0.418062   0.0105417
          90     2.16846    0.277441    0.405493   0.0103734
          90     2.35702    0.510983    0.422306  0.00919216
          90     2.54558    0.272138    0.359398   0.0105497
          90     2.73415    0.246014    0.339732   0.0115632
          90     2.92271     0.22431    0.284811  0.00957798
          90     3.11127    0.176089    0.243498  0.00824297
          90     3.29983    0.224408    0.235737  0.00945729
          90     3.48839    0.137493    0.200275  0.00718737
          90     3.67696   0.0508724     0.15662  0.00674003
          90     3.86552    0.180901    0.122675  0.00519982
          90     4.05408    0.222444   0.0814395  0.00575628
          90     4.24264   0.0645235   0.0612411  0.00480606
          90      4.4312   0.0927096   0.0477908  0.00424633
          90     4.61976  0.00304449   0.0368929  0.00335112
          90     4.80833   0.0127672   0.0293177  0.00337938
          90     4.99689   0.0437031   0.0230497  0.00265864
          90     5.18545    0.010803   0.0136478  0.00168778
          90     5.37401           0   0.0132168  0.00180471
          90     5.56257   0.0307395   0.0106568  0.00179098

          91   0.0942809 0.000294628  0.00355928 0.000885526
          91    0.282843 0.000589256   0.0224219  0.00282998
          91    0.471405   0.0293646   0.0487507  0.00363745
          91    0.659966    0.115691   0.0921602  0.00448081
          91    0.848528    0.140145    0.138094  0.00736508
          91     1.03709    0.135823    0.173073  0.00649538
          91     1.22565    0.211641    0.255855  0.00936265
          91     1.41421    0.443808    0.298205  0.00871457
          91     1.60278    0.498903    0.360086  0.00969299
          91     1.79134    0.508822     0.39644   0.0122167
          91      1.9799    0.342063    0.417226   0.0104589
          91     2.16846    0.510786     0.40665   0.0103237
          91     2.35702    0.358857    0.421609  0.00911755
          91     2.54558    0.355125    0.359351   0.0104339
          91     2.73415    0.272236     0.33899   0.0114599
          91     2.92271    0.145448     0.28328  0.00959438
          91     3.11127    0.170197    0.242692  0.00819165
          91     3.29983    0.141912    0.234706   0.0094094
          91     3.48839    0.133565    0.199542  0.00714568
          91     3.67696    0.086326    0.155847  0.00671008
          91     3.86552     0.14476    0.122918  0.00514834
          91     4.05408    0.192097   0.0826555  0.00582005
          91     4.24264    0.209677   0.0628723  0.00502243
          91      4.4312   0.0220971   0.0475085  0.00420904
          91     4.61976   0.0217042    0.036726  0.00331845
          91     4.80833   0.0114905   0.0291217  0.00334792
          91     4.99689   0.0548008   0.0233986  0.00265223
          91     5.18545  0.00117851   0.0135108  0.00167479
          91     5.37401  0.00294628   0.0131039   0.0017884
          91     5.56257   0.0329001   0.0109012   0.0017879

          92   0.0942809           0  0.00352059 0.000876746
          92    0.282843    0.027695   0.0224792   0.0027998
          92    0.471405   0.0836743   0.0491303  0.00361766
          92    0.659966    0.034275    0.091531  0.00447607
          92    0.848528    0.200249     0.13877  0.00731594
          92     1.03709    0.153894    0.172864  0.00642812
          92     1.22565    0.208597    0.255341  0.00927496
          92     1.41421    0.448718    0.299841  0.00877206
          92     1.60278    0.468655    0.361266   0.0096592
          92     1.79134    0.472976    0.397271   0.0121122
          92      1.9799    0.235702    0.415253   0.0105297
          92     2.16846     0.45029    0.407124   0.0102224
          92     2.35702    0.411202    0.421496  0.00901915
          92     2.54558    0.514224    0.361034   0.0104554
          92     2.73415    0.188169    0.337351    0.011452
          92     2.92271    0.125904    0.281569  0.00964138
          92     3.11127    0.142109    0.241599  0.00817525
          92     3.29983    0.191312    0.234234  0.00931894
          92     3.48839   0.0925131    0.198378  0.00716208
          92     3.67696    0.132975    0.155599  0.00664175
          92     3.86552    0.203391    0.123793  0.00516615
          92     4.05408    0.215766   0.0841024   0.0059339
          92     4.24264    0.161751    0.063947  0.00508153
          92      4.4312   0.0238649   0.0472515  0.00417113
          92     4.61976    0.021115   0.0365563  0.00328671
          92     4.80833   0.0233738   0.0290593  0.00331211
          92     4.99689   0.0208204   0.0233706  0.00262354
          92     5.18545   0.0429175   0.0138304  0.00168681
          92     5.37401  0.00716928   0.0130394  0.00177012
          92     5.56257           0   0.0107827  0.00177239

          93   0.0942809           0  0.00348273 0.000868135
          93    0.282843   0.0575506   0.0228564  0.00279497
          93    0.471405   0.0683537    0.049337  0.00358466
          93    0.659966   0.0543097   0.0911308  0.00444579
          93    0.848528    0.256032    0.140031  0.00734512
          93     1.03709    0.147216    0.172589  0.00636492
          93     1.22565    0.220283    0.254964  0.00918289
          93     1.41421    0.499689     0.30199  0.00893707
          93     1.60278      0.4497    0.362217  0.00960203
          93     1.79134    0.427014    0.397591   0.0119862
          93      1.9799    0.222542    0.413181   0.0106184
          93     2.16846    0.334795    0.406347    0.010142
          93     2.35702    0.501849     0.42236  0.00896346
          93     2.54558    0.434478    0.361824   0.0103727
          93     2.73415    0.237372    0.336276   0.0113792
          93     2.92271    0.099977    0.279617  0.00973343
          93     3.11127   0.0973254    0.240048  0.00823322
          93     3.29983    0.248666     0.23439  0.00922003
          93     3.48839    0.168822    0.198061  0.00709212
          93     3.67696   0.0719874      0.1547   0.0066309
          93     3.86552    0.155858    0.124138  0.00512209
          93     4.05408    0.217926   0.0855413  0.00604205
          93     4.24264     0.14535   0.0648223  0.00510172
          93      4.4312   0.0496939   0.0472777  0.00412636
          93     4.61976   0.0186598   0.0363638    0.003257
          93     4.80833   0.0241595   0.0290066  0.00327692
          93     4.99689 0.000491046   0.0231246  0.00260684
          93     5.18545   0.0796477   0.0145381  0.00181106
          93     5.37401   0.0135529   0.0130449   0.0017511
          93     5.56257           0   0.0106668  0.00175712

          94   0.0942809   0.0129636  0.00358359 0.000864739
          94    0.282843   0.0138475   0.0227605  0.00276688
          94    0.471405   0.0112941   0.0489322   0.0035693
          94    0.659966    0.156447   0.0918257  0.00445247
          94    0.848528    0.159983    0.140243  0.00727005
          94     1.03709    0.295021    0.173891  0.00642909
          94     1.22565    0.232756    0.254728  0.00908824
          94     1.41421    0.283727    0.301796  0.00884411
          94     1.60278    0.326448    0.361836  0.00950742
          94     1.79134     0.31044    0.396664   0.0118945
          94      1.9799     0.44754    0.413547   0.0105117
          94     2.16846    0.443218    0.406739   0.0100417
          94     2.35702    0.516188    0.423358  0.00892351
          94     2.54558    0.491734    0.363206    0.010354
          94     2.73415    0.218221     0.33502   0.0113273
          94     2.92271    0.167447    0.278423  0.00970275
          94     3.11127    0.213409    0.239764   0.0081505
          94     3.29983    0.139654    0.233382  0.00917686
          94     3.48839    0.171375    0.197777  0.00702235
          94     3.67696    0.103807    0.154158  0.00658243
          94     3.86552   0.0924149      0.1238  0.00507871
          94     4.05408    0.131306   0.0860282  0.00599736
          94     4.24264    0.154581   0.0657772  0.00513603
          94      4.4312   0.0523455   0.0473316  0.00408282
          94     4.61976  0.00982093   0.0360815  0.00323457
          94     4.80833   0.0493993   0.0292235  0.00324923
          94     4.99689   0.0208204   0.0231001  0.00257923
          94     5.18545   0.0682554   0.0151096  0.00187979
          94     5.37401  0.00883883   0.0130002  0.00173304
          94     5.56257           0   0.0105533  0.00174209

          95   0.0942809           0  0.00354587 0.000856459
          95    0.282843           0   0.0225209  0.00274811
          95    0.471405  0.00854421   0.0485071  0.00355696
          95    0.659966   0.0791567   0.0916923   0.0044076
          95    0.848528   0.0707107    0.139511  0.00723027
          95     1.03709    0.222444    0.174402   0.0063817
          95     1.22565    0.263201    0.254817  0.00899301
          95     1.41421     0.34059    0.302204  0.00876044
          95     1.60278    0.377516    0.362001  0.00940877
          95     1.79134    0.290012    0.395541   0.0118221
          95      1.9799    0.387141    0.413269   0.0104047
          95     2.16846    0.711723    0.409949   0.0104366
          95     2.35702    0.624513    0.425476  0.00907731
          95     2.54558    0.499983    0.364646   0.0103447
          95     2.73415     0.15134    0.333087   0.0113718
          95     2.92271    0.153894    0.277112  0.00968876
          95     3.11127    0.158706    0.238911  0.00810925
          95     3.29983    0.185419    0.232877  0.00909414
          95     3.48839    0.125806    0.197019  0.00698918
          95     3.67696   0.0776835    0.153353  0.00656218
          95     3.86552   0.0937899    0.123484  0.00503506
          95     4.05408    0.099486   0.0861699   0.0059359
          95     4.24264     0.10803    0.066222  0.00510119
          95      4.4312   0.0953612   0.0478372  0.00407102
          95     4.61976   0.0309359   0.0360273  0.00320097
          95     4.80833   0.0491046   0.0294328  0.00322176
          95     4.99689   0.0331947   0.0232063  0.00255427
          95     5.18545   0.0570596   0.0155512  0.00191117
          95     5.37401  0.00795495   0.0129471  0.00171561
          95     5.56257           0   0.0104422  0.00172729

          96   0.0942809           0  0.00350894 0.000848333
          96    0.282843           0   0.0222863  0.00272948
          96    0.471405   0.0492028   0.0485144  0.00351991
          96    0.659966   0.0274986   0.0910236  0.00441212
          96    0.848528   0.0502831    0.138581  0.00721445
          96     1.03709    0.266442    0.175361  0.00638683
          96     1.22565    0.257996     0.25485  0.00889939
          96     1.41421     0.27204     0.30189  0.00867482
          96     1.60278    0.353553    0.361913  0.00931118
          96     1.79134    0.397158    0.395558    0.011699
          96      1.9799    0.610567    0.415324   0.0104974
          96     2.16846    0.487805     0.41076   0.0103593
          96     2.35702    0.701411     0.42835  0.00942686
          96     2.54558    0.275575    0.363718   0.0102784
          96     2.73415    0.208498    0.331789   0.0113272
          96     2.92271    0.252987    0.276861  0.00959109
          96     3.11127    0.180705    0.238305  0.00804741
          96     3.29983     0.12286    0.231731  0.00907133
          96     3.48839    0.139261    0.196418  0.00694222
          96     3.67696   0.0827904    0.152618  0.00653486
          96     3.86552    0.120405    0.123452  0.00498272
          96     4.05408    0.141618   0.0867474   0.0059021
          96     4.24264   0.0565685   0.0661214  0.00504904
          96      4.4312   0.0516581    0.047877  0.00402881
          96     4.61976   0.0130618   0.0357881  0.00317656
          96     4.80833   0.0851474   0.0300132  0.00324005
          96     4.99689   0.0491046   0.0234761  0.00254186
          96     5.18545   0.0491046   0.0159007  0.00192295
          96     5.37401           0   0.0128122  0.00170303
          96     5.56257           0   0.0103335  0.00171272

          97   0.0942809  0.00127672  0.00348592   0.0008399
          97    0.282843   0.0095263   0.0221548  0.00270451
          97    0.471405   0.0146332   0.0481651  0.00350091
          97    0.659966   0.0261237   0.0903546  0.00441707
          97    0.848528    0.117164    0.138361  0.00714345
          97     1.03709    0.262808    0.176262   0.0063843
          97     1.22565    0.374374    0.256082  0.00889254
          97     1.41421    0.164795    0.300477  0.00869976
          97     1.60278    0.290699    0.361179  0.00924408
          97     1.79134    0.407176    0.395678    0.011579
          97      1.9799    0.511179    0.416312   0.0104355
          97     2.16846    0.507054    0.411753      0.0103
          97     2.35702    0.625888    0.430386  0.00954711
          97     2.54558    0.271941    0.362772   0.0102159
          97     2.73415    0.303467    0.331497   0.0112142
          97     2.92271    0.162045    0.275677  0.00956498
          97     3.11127    0.178446    0.237688  0.00798807
          97     3.29983    0.137395    0.230758  0.00902979
          97     3.48839    0.259371    0.197067  0.00690092
          97     3.67696    0.131797    0.152404  0.00647101
          97     3.86552     0.17167    0.123949  0.00495608
          97     4.05408   0.0959505   0.0868423  0.00584202
          97     4.24264   0.0193472   0.0656392  0.00501996
          97      4.4312   0.0735587   0.0481418  0.00399597
          97     4.61976   0.0448816   0.0358818  0.00314519
          97     4.80833   0.0619701   0.0303426  0.00322335
          97     4.99689   0.0362392   0.0236077  0.00251906
          97     5.18545   0.0394801   0.0161438  0.00191843
          97     5.37401  0.00304449   0.0127115  0.00168845
          97     5.56257           0   0.0102269  0.00169837

          98   0.0942809           0  0.00345035 0.000832082
          98    0.282843  0.00923167   0.0220229  0.00268012
          98    0.471405  0.00785674   0.0477538  0.00348927
          98    0.659966   0.0433103   0.0898745  0.00439801
          98    0.848528    0.118833    0.138161  0.00707334
          98     1.03709    0.225096    0.176761  0.00633857
          98     1.22565    0.201722    0.255528  0.00881909
          98     1.41421    0.268406     0.30015  0.00861714
          98     1.60278    0.426621    0.361847  0.00917384
          98     1.79134    0.557436    0.397329   0.0115779
          98      1.9799    0.381838     0.41596    0.010335
          98     2.16846    0.539758    0.413059   0.0102774
          98     2.35702    0.396471     0.43004  0.00945596
          98     2.54558    0.444201    0.363603   0.0101454
          98     2.73415    0.186499    0.330017   0.0111969
          98     2.92271    0.205257    0.274959  0.00949433
          98     3.11127    0.212721    0.237433  0.00791062
          98     3.29983   0.0795495    0.229215  0.00906852
          98     3.48839    0.161358    0.196702  0.00684012
          98     3.67696    0.257799    0.153479  0.00649374
          98     3.86552    0.197302    0.124698  0.00496171
          98     4.05408    0.109602   0.0870745  0.00578702
          98     4.24264    0.057256   0.0655537  0.00496947
          98      4.4312   0.0128654   0.0477818  0.00397137
          98     4.61976   0.0538187   0.0360649  0.00311842
          98     4.80833   0.0993878   0.0310472  0.00326655
          98     4.99689   0.0491046   0.0238679  0.00250676
          98     5.18545           0    0.015979  0.00190592
          98     5.37401           0   0.0125818   0.0016762
          98     5.56257           0   0.0101226  0.00168424

          99   0.0942809           0   0.0034155 0.000824407
          99    0.282843   0.0114905   0.0219165  0.00265516
          99    0.471405   0.0693357   0.0479718  0.00346083
          99    0.659966   0.0377124   0.0893476  0.00438503
          99    0.848528    0.154876     0.13833  0.00700391
          99     1.03709   0.0396765    0.175376  0.00642401
          99     1.22565    0.172259    0.254686  0.00877002
          99     1.41421    0.262219    0.299766  0.00853861
          99     1.60278    0.497332    0.363216  0.00918269
          99     1.79134    0.472878    0.398092   0.0114861
          99      1.9799    0.513438    0.416945   0.0102774
          99     2.16846     0.50126     0.41395   0.0102121
          99     2.35702    0.431433    0.430054  0.00936045
          99     2.54558    0.513143    0.365113   0.0101547
          99     2.73415      0.2358    0.329066   0.0111242
          99     2.92271    0.117753    0.273371  0.00953029
          99     3.11127    0.202999    0.237085  0.00783836
          99     3.29983    0.183848    0.228757  0.00898849
          99     3.48839    0.175991    0.196493  0.00677422
          99     3.67696    0.152028    0.153464  0.00642816
          99     3.86552    0.174616    0.125202  0.00493714
          99     4.05408    0.107146   0.0872773  0.00573212
          99     4.24264   0.0672734   0.0655711   0.0049193
          99      4.4312   0.0576488   0.0478815  0.00393251
          99     4.61976   0.0523455   0.0362293  0.00309125
          99     4.80833   0.0306413   0.0310431  0.00323356
          99     4.99689    0.038498   0.0240156  0.00248579
          99     5.18545   0.0296592   0.0161172  0.00189167
          99     5.37401           0   0.0124547  0.00166408
          99     5.56257           0   0.0100203  0.00167033

         100   0.0942809  0.00304449  0.00341179 0.000816171
         100    0.282843   0.0164009   0.0218614  0.00262918
         100    0.471405   0.0194454   0.0476865  0.00343795
         100    0.659966   0.0962451   0.0894166  0.00434172
         100    0.848528   0.0801388    0.137748    0.006958
         100     1.03709    0.114708    0.174769  0.00638835
         100     1.22565    0.141127    0.253551  0.00875554
         100     1.41421    0.288932    0.299658  0.00845391
         100     1.60278    0.459227    0.364176  0.00914092
         100     1.79134    0.441451    0.398525   0.0113794
         100      1.9799    0.543196    0.418208   0.0102519
         100     2.16846    0.385962     0.41367   0.0101138
         100     2.35702    0.505287    0.430807  0.00929703
         100     2.54558     0.37241    0.365186   0.0100535
         100     2.73415    0.273807    0.328513   0.0110267
         100     2.92271    0.259764    0.273235  0.00943596
         100     3.11127    0.230006    0.237014   0.0077603
         100     3.29983    0.204668    0.228516  0.00890183
         100     3.48839    0.202115    0.196549  0.00670671
         100     3.67696    0.134547    0.153275  0.00636666
         100     3.86552   0.0815137    0.124765  0.00490706
         100     4.05408    0.196811   0.0883726   0.0057785
         100     4.24264   0.0700232   0.0656156  0.00487031
         100      4.4312   0.0785674   0.0481883  0.00390514
         100     4.61976   0.0496939   0.0363639  0.00306327
         100     4.80833   0.0542115   0.0312747  0.00320951
         100     4.99689           0   0.0237755  0.00247251
         100     5.18545           0   0.0159561   0.0018796
         100     5.37401           0   0.0123302  0.00165209
         100     5.56257           0  0.00992012  0.00165663

