1.73141830
3.65203781
3.62237321
2.97759049
4.90375615
4.02015717
2.99296369
2.85190854
3.06272726
2.50120105
3.04824145
2.06612448
4.12318448
3.43349403
2.24290415
3.64178376
3.99319440
1.60803243
5.21479264
2.31535441
3.63839123
3.16451560
2.94148609
3.00274167
4.54318500
2.26567073
5.34007718
4.05180076
5.64682712
3.07806961
1.46820844
3.06299930
4.46124243
2.31029170
3.05085701
2.21853688
1.58144323
2.65694425
1.99876142
3.59538562
3.67824691
4.46970657
1.90079018
2.84787200
2.81692507
4.32422156
2.16395822
4.43057616
4.57431848
4.87431407
4.04120347
5.69248138
3.93085810
2.98267182
5.22844219
3.20846256
3.79283900
2.58978089
4.02882780
5.12435884
3.75420003
2.63056393
2.77354431
5.57703177
1.33596842
3.53082573
3.25487159
3.91096650
4.44543477
3.41326680
1.86866612
4.94813007
4.67603008
2.11548187
1.47980695
1.97795676
3.82278286
4.97001682
5.71556298
3.91948687
3.11714022
4.01921318
4.45824382
2.26784166
3.68884375
4.43522627
4.24990280
4.47237319
2.64145657
3.38825872
4.13826698
3.30398432
4.38204459
4.95370778
3.68447509
4.05427002
3.97442119
5.37158083
2.91961091
3.06928786
3.28927068
3.06918982
1.47842541
2.15592136
1.60337229
2.33079173
3.45504763
3.80895641
2.55405257
3.34549817
3.21689028
1.99214706
1.48390036
2.08743366
2.97936234
2.36670345
1.21468484
3.57977841
2.88540736
4.39579044
2.66832328
4.06698747
3.65029199
5.66378247
4.50665144
3.96713450
3.02347614
3.53417563
3.09065573
4.19898481
2.88580176
3.43021481
3.06373274
3.57605823
3.74164397
4.05744970
2.24244759
1.93259881
2.68207438
2.79758979
2.25216921
4.99402483
4.58649244
1.78818461
3.47386661
2.72708822
4.39658740
4.36281214
1.87225668
3.00262953
3.23789921
5.06161382
3.65440010
4.37647014
2.98065330
1.83217167
3.96174834
3.14164013
5.02295022
3.82587871
5.42755090
3.02779622
2.14579752
4.85511020
1.43543828
3.52134058
4.73087729
3.61165984
2.29390232
4.75240740
1.94834937
2.15706075
5.29530176
3.24254062
4.71339606
3.98056785
4.25692740
3.52954215
5.27662082
4.58073404
3.14556706
5.78362643
3.25481941
3.56166922
4.26591718
4.00167325
4.72504824
2.64522718
4.24709396
5.71402719
4.69632119
3.78552173
3.19040315
2.36094801
3.83967190
3.23232972
3.84543396
2.09347285
2.79872539
5.92509477
3.56044886
3.72610715
1.71932854
5.00940189
4.50694700
1.91641771
3.82819571
3.55294930
2.30718566
4.36925704
4.95693166
4.69820011
4.69734994
1.96100517
3.34920042
2.52405269
2.73796757
2.15187054
3.40521480
3.79902484
2.33707160
4.90194842
3.20912776
3.09360324
3.48052029
3.52939135
3.75131272
2.87956559
3.56778950
3.04670216
5.19892663
3.77923952
2.13045938
2.98381686
2.38455538
5.53781826
4.46452319
3.05430033
2.87414770
4.07700945
3.83655252
3.24363454
4.04184990
4.14844977
3.42765925
2.49623488
3.02075989
3.14047417
5.05810099
2.15048677
2.71502539
4.50198488
1.98928294
4.11875053
3.25011729
4.03232159
5.22881524
4.53193931
3.80451561
3.94619031
4.26819145
3.66593056
4.70745141
3.15786487
4.06155959
2.43972819
1.50375463
2.63903117
5.30796384
2.12294860
3.87826386
1.98980050
2.22834110
2.11286011
5.39866027
2.52257459
3.53246259
3.23886146
2.47699442
3.19360123
3.14991759
3.52494145
2.76658053
3.62721562
2.55314178
2.18831795
4.40233949
3.26291875
3.62939976
3.37511069
3.05907779
2.31560047
2.56253693
3.73155874
3.74359592
3.77437114
3.56422249
4.88194942
3.55292606
3.57562192
4.04831151
3.23208220
2.82240523
3.37109009
2.47086024
2.73974679
5.15369595
1.97186205
4.06223504
3.89135133
1.75427327
2.58440284
3.05666166
4.09649259
4.83630267
3.36485725
2.77846782
3.55991657
3.51424020
3.60302398
2.07317821
3.91297371
3.70689184
4.50756042
3.07552738
4.48432979
3.49107593
4.59913189
3.68536212
5.56234922
4.67043822
2.62837551
3.37631148
4.34922418
5.01437586
3.22070506
5.59100828
2.52957893
3.68843232
2.11013934
3.98055284
4.47393519
4.83893212
1.35949312
3.12481541
4.57008045
3.61102991
2.87442557
2.12408039
3.52303750
2.57075511
3.30399764
4.08144133
4.18698977
2.06803941
2.58054607
3.49926231
2.59017298
3.01912050
1.88683770
1.99192733
1.78640039
2.40312219
4.74862447
2.97100556
5.01454467
2.95901654
4.73587522
3.08786677
5.36995594
4.13558073
2.41611704
2.22268720
4.28945181
3.78836686
5.23847506
4.68769275
3.12417128
4.43410972
4.43715573
4.56639221
3.42224085
1.56440355
2.82827493
2.73945992
2.26585721
4.58688497
4.03408863
4.65183305
4.10504746
3.40356576
4.70383994
1.25449546
2.50302359
2.95236530
4.21059254
3.30832581
4.05570464
4.22929857
3.58857707
3.86629423
4.97063603
3.37518225
4.63573291
5.25419803
3.38819169
5.35212729
3.64128432
5.24903295
2.50060111
3.05149276
4.60834601
2.40800312
5.87199940
3.86638220
4.12670960
2.63007866
4.58535508
3.82816961
4.21111837
3.03591651
3.43978608
4.34794864
5.45549447
5.13086620
2.89443111
3.42020492
3.26373845
4.46968829
2.30269966
4.33741745
4.70287758
3.67051992
3.20337999
3.03070140
2.68449565
4.62952765
4.03274090
5.09301089
2.71553291
4.16659449
4.59441943
2.85782655
2.86970154
2.58629386
2.47154245
4.09765887
2.41591774
1.76730983
4.28818685
4.47310474
3.70030833
3.39736892
2.32493904
3.30460062
2.91350543
3.84965523
3.96597062
4.05542222
3.28509965
4.95058685
5.30270367
4.60588673
4.03227792
4.51773758
3.44179492
2.96511992
5.04982861
4.55059463
2.16282478
4.00815660
3.36385303
3.33574874
2.54373302
4.64254929
5.28167805
2.98201979
4.01969948
3.50006623
2.95562154
3.52992706
4.56382418
4.31546586
3.23841812
3.78381956
3.77561774
4.59574148
2.74326898
4.89388805
2.13596892
2.99963584
3.43163612
2.96918680
3.53491266
2.53863166
5.33705719
1.63169917
3.90117798
4.77703051
4.69341358
4.42538745
3.86015169
2.65013849
1.77124074
2.87307374
2.81954964
3.83598356
3.13582564
3.72790465
3.22974396
2.80739557
2.82599300
3.59505909
1.98835066
2.75768630
3.61263764
3.10326457
3.55633847
3.53457308
5.53121703
3.68459370
3.82557568
3.53339573
1.79257402
5.27491876
2.62538849
4.69208299
4.46161622
5.37630862
3.47836016
5.29673057
1.45353452
3.92655828
1.81325680
2.74805961
2.43239975
1.79994795
4.81562181
2.75543011
4.10713253
3.51723433
2.44423707
5.11649055
2.70499769
4.37178349
2.36430560
1.80695099
5.56293084
3.68266062
4.14586619
3.04637306
2.31216102
4.26439848
2.54860720
1.32227687
4.04174954
3.45707233
3.56190262
2.04627073
3.61182130
3.18921561
2.59154998
2.58231598
4.44742130
5.55001678
4.28234579
3.82864566
3.67908516
3.72614400
5.43829053
5.35126156
3.40636878
3.41245060
3.84987148
3.75834096
3.64573853
4.43472045
1.56052771
4.57129018
2.18437946
3.82651873
3.70205825
2.78958862
2.59663566
2.48111977
3.50139014
4.16297300
4.58995258
5.25338988
2.90877984
5.37591787
3.13234790
4.01540928
4.02017730
4.41577483
4.47359347
4.67352375
4.06413862
4.83733878
3.20744721
2.53342242
3.69632909
4.45301621
4.93243008
3.15374486
2.19231505
2.66917643
3.85379950
2.95762652
3.85199892
3.75567323
3.82952680
2.87549798
5.02670817
3.27693029
4.89824266
1.67135972
3.15260531
4.22939037
2.73727053
3.35866026
5.52174204
3.12153415
3.28402445
2.74081200
3.74473704
4.29908116
3.91420401
4.61528498
2.45671329
3.25939130
3.60537504
5.55912541
2.79078674
1.51549173
4.92468147
2.46765188
4.99105463
4.26156023
2.96458942
4.14698833
5.25968807
2.65810231
3.01072146
1.26499927
2.03038937
2.49646563
2.26099452
5.84409901
3.83313139
2.81874154
3.82543201
4.23331263
2.26275196
1.76050979
3.52117610
4.62587313
4.28663293
4.95028872
4.13738307
4.19254493
5.72434960
4.24095946
2.87984043
4.27977059
2.20483251
3.86483897
3.11530109
4.87564360
2.75423979
2.29548300
3.82068570
4.17561638
4.39039471
3.66570620
4.30246106
3.08375909
3.69729893
2.53271300
2.78665824
2.86429062
3.32588867
2.59763906
5.39015066
1.91201011
2.71485693
3.67820928
4.26896845
4.73916273
3.04802126
4.29962475
2.89958171
5.28018052
4.06237285
4.71019719
2.48424155
2.49464475
2.29359891
1.94465565
3.88162396
4.00272280
4.19352656
4.74945648
1.74917806
3.11623878
3.27659282
1.75083400
4.24373606
3.63244321
3.05010134
1.18773535
2.66209908
2.63645359
1.95568283
2.34818929
3.31346880
4.31224361
5.39703262
5.03906507
3.70075128
2.39096537
3.15165464
3.98558366
4.24791568
2.86929487
3.06199765
2.49834987
5.34574669
2.00939758
3.87402572
4.06208017
2.39848571
4.88601692
3.93892118
1.69160729
3.83901230
1.87509496
3.21627458
5.46714891
3.74037343
4.48224052
3.61477224
3.60223390
1.68662434
5.28826672
2.17904867
4.21408607
2.97610127
4.54292554
2.97902681
3.65767137
4.51540235
3.06687383
4.28072574
5.35102086
3.42250915
5.12581103
5.17517161
5.46084803
1.39263807
3.31963544
2.81470370
3.63388529
3.29056631
2.78337180
2.75362390
5.65077068
3.21833407
4.12552948
3.11279408
5.44572196
5.46738046
3.53345670
3.38544219
3.87664194
3.79932706
1.85416236
3.17409388
5.94670456
5.40977915
4.71298357
4.99620310
1.86987790
3.21467111
2.86138286
3.51871104
5.43924645
4.25883846
3.44906576
3.67941916
3.09840114
5.58165553
3.79451512
2.12571839
3.93257197
1.78473386
4.48194536
2.74887264
1.98758424
3.33183257
3.24158574
2.81471113
2.89112576
3.77128848
2.57410800
3.78924039
4.19221857
2.60642982
4.95892016
5.43034275
3.15119491
3.44959349
2.23995436
3.06438471
1.90388358
1.88052248
5.41148296
3.68921459
2.99011899
4.09007586
5.03040326
4.14268524
3.17809136
3.42534031
3.36033755
4.04849381
2.83246302
2.36238832
2.10680146
2.59878682
4.26558169
2.21808434
4.23159976
3.95563496
5.57752828
4.57249663
4.83851502
3.65113846
3.93214245
4.40862845
4.50126079
2.83857997
4.03257606
2.88633908
3.65857735
3.59469819
3.75133037
2.45248057
3.83025409
4.19581175
4.43613927
3.64943329
5.41176893
3.38817906
3.35446728
4.01937877
5.18414159
4.64563623
2.55579692
2.41180523
1.92950356
2.75521108
4.62228664
1.78689702
3.17179390
3.29406800
1.34478655
5.26761557
5.06589640
3.15879417
3.80260552
3.72843581
3.33743973
4.78069435
1.64182948
3.61885819
3.42938850
3.00841719
3.03839694
3.50497245
2.64045945
4.36189294
2.39854404
4.47250611
1.04430311
3.45921790
5.29063767
3.06994619
1.35729778
3.39077793
1.91882157
3.38047954
3.17670852
3.16255901
4.14030629
4.59665305
4.13987061
3.55324960
4.09454045
2.13181128
4.55896261
2.82739521
2.45390680
1.33752552
2.96484098
3.21952256
3.62199290
3.30638433
5.24731399
2.95180621
3.89689247
2.02467189
4.70813919
4.27050741
1.68339973
3.79961685
4.34693484
3.08407079
3.77936521
3.42105047
3.57910203
2.75842093
3.57788798
4.42746927
1.83876033
3.47265695
3.21842522
3.13165346
3.64860621
4.26099982
4.78630645
5.22114879
3.74250971
4.96450292
3.10154611
2.28407571
4.20557086
4.78869292
4.45425408
3.52088601
3.35026405
3.01096432
1.83535038
5.18784312
3.17620423
3.10420695
2.77769627
4.47815896
3.76497561
4.14080231
3.36416029
3.08187592
1.34036947
2.81378076
3.77554410
3.57573932
1.97828385
3.25958767
4.44269912
4.07946162
2.57944462
2.58956315
4.93357135
3.27493591
2.22201305
5.13489602
2.64731782
3.92011278
2.89005170
2.88246911
2.70404455
3.39941044
3.82772664
3.42666897
4.11012208
4.63768457
3.39802993
2.48488967
2.84544079
2.36494057
3.82871311
3.12211630
2.46037472
3.25412698
2.60702810
3.30263021
4.58662848
3.86450520
4.53877859
2.23453420
5.45754856
2.60824695
3.11609111
4.19545226
2.59988604
3.61806702
3.84222107
3.62541444
3.30040462
1.42885516
3.04061564
2.24559395
3.26713338
3.29642735
3.42936123
2.80921969
5.09647071
3.26167261
4.87104990
2.31364377
4.22375137
3.72852823
2.71200495
5.10019967
4.97629547
3.85937198
2.00371260
3.24114304
3.66436413
2.00157676
3.65321245
2.96062351
4.33685272
1.64412874
3.17810606
4.05929178
3.39495925
2.06336678
4.24574904
4.40980298
1.69847123
3.35205704
5.05509834
3.56313311
4.61572090
3.43617269
3.37359258
3.35328183
4.15966494
4.46890535
3.17034972
1.61059122
2.91895082
2.65159065
2.29087248
2.69156607
1.93423849
4.06638690
3.99735809
5.50573780
3.98645215
4.51570199
2.95261544
3.56777030
2.45504315
3.64851982
3.35449868
4.82566200
3.97075129
2.81393391
3.43167278
4.11355511
3.02875820
2.11735210
3.89043277
3.05031891
3.54453247
5.06499240
5.65620441
3.55273038
1.02607265
3.96744632
1.88226069
1.85473159
2.10266039
3.43324249
3.20209445
2.52189970
3.09164235
2.81849911
3.58079382
3.92292151
3.60116558
3.90891072
4.37467347
2.96752075
4.85819752
2.39547037
3.83732080
5.14294267
3.01756780
3.36548491
3.31412245
3.47875669
2.64917563
4.56559733
2.24624294
4.54239405
2.41691223
4.10368614
1.85893325
3.41549364
3.65425473
4.04166828
2.03795361
2.82378574
3.10789357
2.99138805
4.90180084
4.19089906
3.56216210
4.36093111
4.45633696
2.85913346
5.37344310
4.80885840
4.47232209
3.56789624
3.13513336
2.24901165
3.85526061
3.00315672
4.76015354
1.90869786
2.78087626
3.82892977
2.70939691
4.97821671
1.24843762
4.08445533
3.91091682
2.29985108
1.95806210
4.67839703
3.60605879
2.82959691
1.54703248
3.43403960
3.92514979
3.26506509
3.22406656
4.23712066
2.93676294
3.76814431
4.71938636
1.81058894
4.23098278
2.62116983
3.22234021
3.98823714
3.28850184
2.44049974
3.60723639
4.08181402
4.95378606
4.73155610
2.75195426
3.53387628
3.77195251
3.10454499
3.63280416
4.52129744
3.26540918
3.38022562
3.13301423
3.52200678
3.91771297
3.60025463
2.13112830
2.58018792
5.19850819
3.61678851
2.93950522
5.10282279
1.90481403
4.97118274
2.54201629
2.49312296
1.91033585
4.68178294
2.83394390
4.27404653
1.10588147
3.84595931
3.69599028
2.57775513
1.88036954
3.62169204
3.73821207
4.47452182
3.93332369
4.68917144
4.42860217
5.08725671
5.52615226
4.20303312
3.57494693
3.28547375
1.97091963
4.03100430
3.75749279
2.47517801
1.22172140
5.73489415
2.81386288
4.09880930
3.87518217
3.78501685
4.35657016
3.43203408
4.20300042
3.90929250
4.05738009
3.61183395
2.53087190
3.26342735
2.06168201
4.55299504
2.34452847
3.26873088
3.39993462
3.50775938
5.44503627
4.49928360
4.14215733
3.49605482
2.79190281
3.41032570
3.79534523
2.18137713
4.86394911
5.48489297
4.07259213
1.99005349
3.43430923
3.53588252
3.16661179
4.86927328
4.09732562
3.43588720
3.03925431
4.55192808
3.20151529
4.95729389
2.49252037
3.04395917
4.03418763
5.19029692
3.41548267
3.77256695
2.66970143
3.66663439
4.10542992
3.93129313
3.83475437
4.35201102
1.94045507
5.53064259
3.96050506
2.58032797
2.93461570
3.51056820
4.78273353
4.78799568
2.83570076
2.49379804
3.91765247
3.06676255
3.42954416
1.35664088
3.78238782
2.58864827
3.59373175
1.76656175
4.54555360
2.86672687
2.39745469
5.68347594
5.48475180
3.60066094
1.17316846
2.54436597
4.69423485
5.01604460
2.98962280
4.44848214
4.52737417
3.64176901
3.83473440
2.13304373
4.47498456
2.37978075
5.07068012
3.37701409
4.37196048
3.50675913
3.85249507
3.69317918
3.89108660
2.40739534
4.70536588
1.76641504
4.22429114
3.37411216
3.83471589
1.56868662
4.66801670
4.21821929
2.99708514
1.92897571
5.52078989
3.72265588
4.38871442
5.05899292
4.26747673
5.12662761
4.51264866
3.13318413
4.46611767
4.86760242
3.36408160
3.99419854
3.56964185
3.71628487
3.02756932
3.40264154
2.10616679
2.22534551
4.40864719
4.47259195
2.20799561
4.07283793
2.32629028
5.03201922
3.42083061
4.41639237
5.07156431
3.11989273
5.54112781
3.28443088
2.29171971
4.67943141
1.92092353
3.81580554
2.18788820
3.22959805
2.24587043
1.81941732
5.51844722
3.89459924
3.73362639
4.16052935
4.77902398
3.64380772
4.01614627
3.89064489
4.68401688
3.44218060
2.66083229
2.32297619
2.20341872
3.73390274
1.35190564
4.91568701
3.41263192
4.77964114
5.19476771
3.86024754
2.79187253
2.84045238
1.92252579
3.18239696
3.36566601
2.04904119
1.97526419
4.44836482
3.20184380
5.03172480
2.98904836
5.32915917
2.79335628
5.44211374
4.67305520
4.31088491
3.72512366
5.04017610
4.36962966
5.24921283
4.28205288
4.29800845
2.28347355
2.75127550
2.28325451
3.73629298
3.43257883
3.52842270
1.93140026
3.29307660
3.31492411
2.39842521
4.84506769
3.99916386
3.60135891
2.02587222
3.19582502
5.08207217
2.85650698
5.27466344
5.00071532
2.84315355
2.85592581
3.20665391
3.12470544
5.25014385
3.50916599
2.79566499
5.42657130
3.16005638
3.71478016
1.33623199
3.73559766
5.43499308
4.16473764
4.31161450
3.97537636
3.43610293
3.68210704
2.64575230
3.75489351
5.47857313
3.11727538
3.79900556
2.12600238
3.80319521
2.64437860
1.57767446
3.96028488
5.46770418
4.49102436
4.31244969
3.52721073
4.28374535
3.70079463
2.72110131
3.35940989
3.52297941
1.96942148
2.30587000
2.86977983
3.58849287
3.91193591
3.04618062
3.93905558
5.19533711
3.80949587
3.93245466
2.82137681
1.82667541
1.45100555
1.54695403
4.21929227
2.82967384
3.12604480
5.43274514
4.25854834
2.98792797
3.14203318
3.40202835
4.34691460
3.25487354
2.42995993
4.72023419
2.53020557
3.05528573
3.86941701
3.26244397
2.96256414
2.15962768
3.90507892
3.77384859
4.98697823
4.60866529
1.84317884
4.77611571
3.57590874
3.51342149
4.40793754
3.94669168
5.01081287
3.77819954
3.70430690
3.45822079
5.68325338
4.89206110
1.67479707
3.80042067
2.77919023
2.90680094
3.45456161
2.51690915
3.36195782
4.56711676
3.22032212
1.57463365
5.49833677
2.28132836
1.69511924
3.74371103
4.07603578
3.71865708
4.41228388
1.90064146
4.83980529
4.29173245
4.15842841
5.57801675
2.92731076
4.63064925
2.20666369
3.86899922
1.81479980
3.37755453
3.51765457
2.95500388
5.08650361
3.22840030
3.52753205
2.56017275
1.82061938
5.12115391
3.45808727
3.54638650
4.13862659
4.31741435
2.27607803
3.64771461
5.09359632
2.84703889
3.99488542
2.50336190
4.07705918
2.88304094
1.45316400
3.18332506
2.80290331
2.58667607
2.02153533
2.81112947
2.68068052
4.81028929
4.37978087
2.17317263
4.01960480
2.26815337
3.57339673
3.36435679
1.50843341
2.88318363
1.49977857
3.05484961
3.79532752
3.49007144
1.79071167
4.37296813
2.74569505
3.92303452
4.24924708
5.18433718
2.58492511
1.73903862
4.56545126
4.70763008
3.13682934
2.92500124
2.47692271
1.44235535
2.24751189
3.41014446
3.35637535
3.29430955
2.73829592
5.05232009
4.39999485
5.56947272
3.86024083
2.98978664
4.65668005
4.16727893
3.72669072
3.84757381
5.57968812
2.33935090
5.07920056
3.76022656
3.09860823
2.28994365
1.99609326
4.02037697
3.40099485
2.67949879
2.28180659
2.88524833
2.67939781
2.25286684
4.27909554
2.17085237
3.54093298
5.84891157
5.22506169
4.23629633
5.09294300
1.95836644
3.52588759
3.80827347
2.40970441
3.28196949
4.45406032
4.81846622
1.65154340
3.40105940
2.77577462
2.52424783
4.54912861
3.70797138
4.19511231
5.65572458
2.78211602
5.15372827
5.25550089
4.67981658
3.97272674
4.15567797
3.46786059
2.99473196
4.08124520
3.66788501
3.43875514
2.96584487
3.43183113
3.95223998
3.15076812
3.18664451
5.41344533
2.99840706
4.80123268
4.69607836
3.09209507
3.82588592
4.23434891
4.60626906
2.03701159
2.56162068
4.50562918
3.19224074
2.60477815
4.72174472
2.49651826
2.46794679
4.24183350
2.53620656
2.75094102
3.12054725
3.05718183
3.44017807
4.83443703
2.39754040
4.48354637
1.51630271
2.02044733
3.13900920
2.78661048
4.70699759
4.98722516
1.11989971
3.49839565
3.52617957
4.46274862
1.71490452
3.54223284
4.28494168
3.88391925
2.62118092
4.38318918
4.00586246
4.64023716
4.47178934
3.47921877
2.73578723
2.35104931
3.14539425
1.12471230
4.37707621
2.87937385
1.42542557
3.46952650
1.94247102
3.91420969
3.38455521
3.06298090
4.79888711
4.45714686
4.96799947
3.21371520
1.50059593
5.42799908
3.72181426
1.77270732
2.22241712
2.35808682
4.46000632
3.63815797
2.08869689
3.26870468
3.38694012
1.84735415
3.35400535
3.83621374
3.28917598
4.56203018
2.92664161
5.32410552
1.88353151
4.57015091
2.13619176
3.51629045
1.75581459
4.11844831
2.93154108
4.01476995
3.54733241
3.45644866
3.85589818
3.26875781
4.14393721
1.41413400
2.68054481
3.08122218
3.59502587
5.65178746
2.98918159
4.09272647
3.33756646
3.91197870
4.28989588
3.37135304
1.52288131
3.17005173
4.39193461
5.24140032
3.84157229
3.52088353
3.81962070
2.86244988
2.71463037
2.95608852
4.94590836
3.32430654
4.06642762
2.87724964
3.31322858
3.65222054
4.11794620
4.75716364
2.76943244
1.62070733
3.73625507
3.30249390
2.08179605
3.65318655
2.34890137
3.28763071
1.10220733
2.33856825
2.27953975
3.42096504
1.84181094
3.22482041
5.08377919
3.67118809
1.47354395
4.55345824
4.06188293
4.92263515
2.81615123
1.97780202
4.09761363
4.14509868
3.26342552
3.06175622
3.82017189
4.45494151
5.40757369
3.48476929
3.30883273
5.01074764
4.26576670
3.38253938
3.15754066
5.62815395
4.55408722
3.13193782
2.68938047
2.81491299
1.86324495
5.64252812
3.95849682
5.11864247
3.87558604
4.34596481
3.89969226
3.74612411
4.42307923
2.57846254
2.08358934
4.35442028
4.22111758
3.43043200
3.50789885
5.23048310
5.02313088
4.39128573
2.20299240
3.26733732
3.72616016
3.24632288
4.65263381
4.71132406
2.11770183
3.18650852
4.62838021
2.59629905
3.98928544
3.47086892
5.50881952
4.59708525
4.25240504
4.73513102
2.50246793
3.72588570
4.47758064
2.66914002
2.91580662
4.86176915
3.43748225
2.78949570
5.20559350
2.54474686
2.27020551
4.91275406
2.02724209
4.78236541
1.78894391
3.68844718
3.83871557
3.80814657
4.24945905
3.68008062
5.34204073
2.79761164
3.54690648
3.98617360
4.64220236
2.48903363
1.34873106
3.27231381
1.97583521
3.47246720
4.58050192
3.83910468
3.70978665
3.60201246
4.46671338
2.97978928
5.53227964
5.55267477
1.48873447
3.88524140
3.85706167
1.98458927
1.65724593
4.23292032
3.93358164
2.59378485
4.90665971
3.35029233
4.50389307
3.52006862
3.70417253
3.47212813
2.06963792
2.64901821
4.12626087
4.61499155
2.93012192
1.78647541
2.69058148
3.47114125
3.12514839
3.50034109
2.64139739
1.97797332
2.76393366
1.61587722
3.17180585
3.34803908
4.44408379
2.41712848
4.22620078
2.34857827
5.56226812
1.04848204
5.56155863
2.49841460
3.79088182
4.42679010
4.15629274
3.10396631
3.84264555
3.16588648
3.84057758
3.68503117
4.36774679
3.08173441
5.18220050
4.84491114
3.92578361
4.28784920
4.69715484
5.51834852
4.44742778
2.70704544
2.86434450
1.78465143
1.94838050
2.51696492
2.70892637
4.56229285
2.48085034
3.61324753
2.37897325
2.50517362
3.90543895
3.11561366
3.67529607
4.79964610
3.53897669
4.25853297
3.90442056
3.81530138
3.08150634
2.19956049
3.20986976
2.19142932
2.94826941
4.34482751
3.69705993
2.94496667
3.23020579
5.23258060
2.70227381
4.56465520
2.97913370
2.83206879
2.96633126
3.31003749
5.86143327
4.30648478
2.25873368
2.06282478
3.44671311
2.35507261
4.15821485
4.08207723
2.49559574
3.19092029
2.73078707
3.39354322
2.08341380
4.02736216
4.25652760
3.79741072
2.74426528
1.63732215
1.44150695
5.60762979
3.04253231
4.11633508
4.71141650
3.23987182
4.07662424
2.92138976
3.71860933
5.14409693
4.39236189
1.57414345
2.60442445
2.83160776
4.13107645
3.60846397
2.34382075
2.87537353
2.96015226
2.90866163
2.65950325
4.76631506
3.93139939
4.52617951
4.52788060
3.38714726
2.38529796
3.37891704
4.70934888
2.61928209
5.36681240
4.42876778
3.52055314
3.72720113
2.74113020
3.49935880
3.72643412
3.66861328
3.79533589
5.33738514
1.96502435
1.85761912
2.58468718
4.83733927
2.02811332
4.16201000
1.62981659
3.54084145
4.10605850
2.54473597
4.29383799
4.08818345
3.26517452
2.76348302
3.76599382
5.24110409
3.96128953
3.42120618
3.55113500
4.41222136
2.80321382
2.41437167
3.21198172
3.32795236
4.06502211
3.95456699
3.83376972
5.51815817
1.60620699
3.34304460
5.27854258
4.26715726
4.39391757
5.05667071
1.76900729
3.97715735
3.23165334
4.95765722
3.68952610
4.08656163
3.58393955
4.56836098
1.71447433
2.75201167
3.54666692
4.35634071
4.47184972
4.94443573
2.04793437
3.85376835
2.92267546
3.92577703
2.77438992
4.18919776
3.48439498
1.26448322
4.10322125
3.23859989
2.64911321
3.61424428
4.48010334
2.60647990
3.44519482
1.92187244
3.71856725
1.52679795
3.56338656
3.04662385
3.60640998
3.02732146
3.81628697
2.46466819
3.48992196
4.82994314
3.82264286
4.79881833
3.16686462
3.96340519
4.40560833
3.85503883
3.95428701
4.94377633
3.16675841
3.16365787
1.70742654
4.13193456
3.54530537
1.71461381
2.85109526
2.50621492
3.39462245
2.64247357
3.64510923
3.09228761
4.20583550
5.05836656
3.94047487
2.67123813
4.08089971
1.04238368
4.59320245
2.64072750
3.90523455
3.50139779
4.98777303
3.53301651
4.39264648
3.66366767
3.78244148
1.69754472
4.27292517
1.92299418
4.52371450
5.03466058
4.36515516
2.56160332
3.18749867
2.42100589
3.62744131
4.07233744
4.48956994
3.59596356
3.99640239
2.36714156
2.96817225
5.28248422
3.42744369
1.60023880
3.37670897
2.69451332
3.51947559
4.15079426
2.83464744
3.33714663
1.95540127
5.00127384
4.46991298
4.63454840
3.21235316
1.31410993
1.44620476
3.42457247
3.59331377
5.45069278
3.80382277
3.73793321
3.60441304
3.99311226
3.45275063
4.53367894
2.04985020
4.02048105
2.44189589
3.69162736
4.43904494
3.45807660
3.78854528
3.56632807
3.39827836
4.75894540
2.68724881
1.78602412
3.25174092
5.49401933
3.82750287
3.73399041
2.28456042
3.11820025
2.83475874
5.27853306
4.42303966
1.74627502
1.50943891
3.32184036
2.16498948
3.71392955
2.57380038
5.11678176
4.56569911
3.01553667
2.54663988
2.55465806
2.93274215
3.90179895
3.65099232
4.75581174
2.60547268
3.48673364
4.82013026
3.79891304
4.29272214
2.15489341
2.90232820
4.30364345
2.91486405
2.37612260
3.07501166
2.83540440
5.74406988
2.72655516
2.26406771
2.72958551
4.85923535
4.48096635
3.52424929
3.93683271
1.52971315
3.08299710
5.37176232
3.36966295
2.11464392
3.61617547
2.97028073
1.48467848
3.91233374
3.09006656
5.35679074
2.96353972
2.61678265
2.92228795
4.55382193
3.35976237
3.13612505
4.93853442
3.44977920
1.95731025
5.00039870
3.52916161
2.23924544
3.84086193
2.43371586
5.29228470
3.00028148
3.80653522
2.38856585
3.05975452
3.64590594
1.24576006
3.93763493
3.64377947
3.52209367
3.51389639
4.39118531
5.45836822
3.33478810
3.04910005
3.85569176
3.36117417
1.87357876
5.63584568
3.17209007
3.62772889
3.65985157
3.71142233
2.76964830
4.41145835
2.68237591
4.49262325
4.44412773
1.35928137
5.29344834
2.95375782
4.41655669
4.24399676
2.62386961
1.81601989
4.25159691
3.54107108
2.03518734
2.21215288
3.81213799
3.31884586
3.16279345
4.56925837
4.89941210
3.62758887
2.01362127
4.50650100
3.07557700
1.76422068
3.86734380
3.17336908
3.38837208
4.85595368
4.89013076
2.95805605
5.81510798
3.64748715
3.40517817
2.87443473
3.21590685
1.69280821
2.17438074
3.19000216
3.43376652
2.84405471
2.83067333
3.48607920
5.40167803
2.99630233
2.76072411
4.84545537
1.71468229
4.48854442
5.77281829
2.74157558
4.59740784
3.37753951
3.29492762
2.45727173
3.54528793
3.49260738
2.63311689
3.48994826
3.64031153
4.24586110
2.98059513
3.40403719
3.63981885
4.11376859
3.40287535
2.47044424
2.40950842
3.52234345
2.43466299
3.18661406
3.61947911
2.05967117
1.20924937
3.39974858
1.84478633
5.50588299
3.70134281
3.25961914
3.30964833
3.11209599
3.69942621
4.60631889
1.48709461
2.37624417
3.53388641
4.15220848
4.11350452
2.25513167
4.37231636
3.94621414
1.40014071
3.81844528
4.55354810
4.11254376
2.82143806
4.79187000
3.46713007
3.73479240
4.33246517
3.75285722
3.89511916
3.51031536
4.21563157
3.43400175
3.01821363
3.42865289
3.97937020
3.15539003
3.94840967
2.73169701
3.32918087
5.34868781
3.18552041
2.79219709
5.20407674
2.95214248
4.80505250
1.30110714
3.21913196
3.14708079
4.47009163
3.28318401
2.07748508
3.47288944
5.52000465
3.46415184
1.61280895
3.79887201
2.92392200
2.89165459
4.59591395
4.44778213
3.79712084
2.96612443
4.78680808
4.45723881
2.96358498
4.66660025
2.43619311
2.03163635
3.70817435
2.26043674
4.53803272
4.17856733
4.89699293
4.16475061
1.60748454
4.34018351
3.55470010
3.88135700
4.10614438
3.02132565
4.27266695
3.55585525
2.35920706
1.98265961
3.48203505
1.71542932
3.90680473
2.50846229
2.66089155
5.11883475
4.20443949
2.57510710
4.95493083
4.90594990
5.43508369
3.93770518
1.97612898
4.36317577
3.91817736
3.21876457
4.20411368
2.12487481
4.19840847
3.52413591
1.95006849
3.00994531
4.86981810
2.42791944
1.75316655
3.94653446
2.53842865
3.35941447
2.86468515
2.06679909
3.54924973
5.49159845
2.63510862
3.55752967
3.20117229
4.67202935
3.15468364
5.23135910
4.14591814
4.75347106
1.90804693
3.53718439
2.01486804
4.87294796
3.98870167
5.35733525
2.04024779
3.79434080
5.07927540
3.94293011
3.03480824
2.37104261
2.93864818
4.21776622
2.06679098
4.50159940
3.04719605
4.43499681
2.01462813
3.14266664
3.84655138
5.79975438
2.40848065
3.51001892
1.17043748
3.17478567
4.06337593
3.03975621
2.49829149
3.36506991
4.98136165
1.99825673
4.57354565
5.23129831
3.84774909
4.82083224
2.71359326
3.01099900
3.16917556
5.32544832
1.79862194
3.22999776
1.69887143
3.88927789
4.96165324
3.96581129
5.26717401
3.99226311
3.91228339
2.97847599
3.98298635
4.22326640
2.11177688
3.35322132
4.49453552
2.41079809
3.67732029
1.80330319
3.59544110
3.48171425
4.42840031
3.16021923
3.93476086
4.46768432
4.39842603
2.33243355
3.93733694
3.77063484
3.41987193
2.14264554
2.26342190
2.36478139
3.05137415
4.45754279
4.73422047
4.55426744
4.15036881
2.90288511
3.62263902
2.72183474
2.30501773
3.21067231
3.05619086
4.19535658
3.12432271
1.87405518
2.50166202
3.92547085
3.54548602
2.78955491
2.89879814
4.10895686
3.85273107
2.44506265
4.48292951
3.70890535
5.51195329
4.46599727
1.68410749
4.51413808
2.21072759
3.96090537
1.21298184
3.44673900
3.15335503
3.61169397
4.54130459
3.26796582
3.69578765
4.33259270
2.95760259
3.14921659
3.81542635
3.57584820
2.22621690
4.26613242
2.19594352
1.49106013
4.60056350
3.64032370
2.86743768
4.14897407
3.53912608
4.39461325
2.37738429
3.91945306
3.44534795
4.90409635
3.37800268
2.34725564
3.10024626
3.01672351
2.80081555
5.49815472
2.17922799
4.58351857
1.94933354
3.25183749
2.84224352
5.47995033
4.37595393
4.89693326
5.35906979
3.11638285
2.81931839
3.63742200
3.07917119
4.62693526
3.76353128
4.74858291
2.77824274
4.49248844
2.34079607
3.62454826
4.01119633
4.29498220
3.83418372
3.33843438
5.57400693
4.11655261
3.44740317
4.08992759
3.52449211
3.78846571
3.29360037
4.04410930
3.43475426
2.76120975
2.21536829
2.56921073
4.64567130
2.30851465
2.58330696
2.75989387
3.76647796
3.09447337
3.63062858
2.88656167
3.51013566
2.32434630
3.16645904
3.54010662
3.67784573
2.76603600
3.67064356
3.74541311
3.70371647
3.37062578
2.30802015
2.69583533
3.14325131
3.03678198
4.81028122
4.01477855
2.83698100
2.75522597
5.45869955
1.57941804
2.70321963
1.93588816
4.56115131
4.94549603
2.21157999
4.66176268
3.35202493
3.29104331
1.56154042
3.42988740
4.15376102
2.05077856
5.43801122
4.13128037
3.42392469
3.54184447
4.43850537
4.08807011
1.97186780
4.38544609
1.86417400
2.40746312
5.16419512
3.40786315
3.03962382
3.72859856
1.34840450
3.95821421
3.17408971
2.62974607
4.00922729
1.70925686
5.49919189
4.02970910
4.83235182
5.51141443
1.51616345
2.35870223
3.38536868
4.74912576
2.15809026
4.09037733
2.03593294
1.90252115
2.52036151
1.91807967
4.51229468
3.64633352
3.53518529
4.42482112
3.17150549
2.82186024
4.06368004
2.53786416
3.57576472
4.49669740
3.85170882
3.37521646
2.88752570
4.58087428
4.14327965
3.28274206
3.37913824
4.09692240
3.46799141
2.42700137
4.01295995
3.70531940
3.71666104
3.25033878
4.08302545
1.46565455
3.59192406
1.91114247
3.31951841
4.56776880
2.86825660
3.02360752
2.64244781
2.89602842
4.11852351
3.57773968
3.91108613
3.79379792
3.66181316
4.36174337
3.05088325
3.27408366
5.45997607
4.02534360
3.84972623
4.17622623
3.03794056
4.61399796
4.50057126
3.89742577
2.72553484
2.97036095
5.62763049
3.33179061
4.11620142
2.34076927
2.06845260
2.02850596
3.11064565
5.34092276
3.59439211
2.33462550
1.76111683
3.12634208
2.03711894
2.41689519
2.35467628
3.67959056
1.44897577
4.56092456
3.27146305
2.06765358
3.96014709
3.52492730
1.12662441
4.83927541
4.40575999
2.47915901
5.05223425
4.42345954
4.08119317
3.69108631
4.69817893
4.95674481
3.14402670
2.62022770
3.62864629
3.40827581
4.71622141
2.46551290
1.76350987
4.18809254
4.15027309
3.96191365
4.36155648
1.61547016
4.20824276
4.85200494
3.26516176
5.19054635
3.56272076
4.96202240
3.72367433
5.05387961
4.56393834
1.19088723
4.58542559
4.33498857
4.12739710
1.97457687
3.49593842
1.28232808
3.88154249
5.41712536
1.96256422
2.13356461
2.37516395
4.28344397
5.24343413
3.12641942
3.17936076
1.92805873
3.99126630
4.36675431
3.12906849
5.98776775
3.43022755
1.96198094
4.73429757
3.79512765
4.06670382
5.39428123
3.45139149
2.47358427
3.03249028
2.04953215
1.53976863
5.05396966
2.13156799
2.63423483
3.13976769
4.20599304
5.00929032
2.40415407
2.49237318
2.30725996
4.08545881
3.69478048
3.88175358
3.07626020
2.99042393
5.18513384
2.91670097
3.37467093
2.21600304
2.64283246
4.17721735
4.03822821
4.54066352
4.58975968
2.53764896
3.22432587
5.01107574
4.39406472
4.63792615
2.26840731
2.85979658
2.73564138
3.00962287
2.42012184
2.21150034
1.20863467
3.27370560
3.58412352
2.27783059
4.01593102
4.61199844
3.31929664
3.46360213
5.27699477
2.87454659
3.35409833
3.40473899
1.91181919
1.72021747
4.25461494
3.93099041
3.88016703
2.59803428
1.63583506
3.79412308
4.74668156
4.16189361
1.93554854
2.72494403
3.60885542
3.37147449
4.77418674
2.48016505
1.86625085
4.06730296
2.30282579
2.51277551
5.12577113
4.21809218
3.69548081
4.24724693
4.22918918
2.82363438
2.57072515
3.66354867
4.95554578
4.11667739
4.13157529
4.49161062
3.39243582
2.74237458
2.19148783
1.29052476
3.28660748
4.00405328
4.00822170
3.03443390
2.87570534
3.04920305
2.97622467
3.54971209
4.26939477
3.52974153
3.23210959
5.24569744
3.38951112
4.80577160
3.60669210
2.05389425
5.29528349
4.67219999
3.61096768
1.33821789
3.41108927
4.37274384
3.77231223
2.76151173
1.74060152
4.32600758
4.14109667
4.69122194
4.09259798
5.02346929
3.16681211
3.19977217
3.66010639
2.96937143
4.39670871
5.06283636
2.48596716
3.81766736
5.57885716
1.88136406
3.41430081
4.02133137
3.75544848
2.55086915
4.56877357
3.34449597
3.31105363
3.27414893
3.21496110
3.49803660
4.19447090
3.16125664
4.55551629
2.94438011
4.66169533
1.68320717
4.07325348
2.07746967
4.39145051
1.84355157
4.47866761
1.51897496
2.20362945
2.40461225
2.63481325
4.18199269
5.36489750
3.85282732
3.02387428
4.03863896
4.59461647
3.51030846
2.38616189
3.68809089
2.88815532
2.79737300
2.60368414
3.85679156
2.15355927
1.62346730
3.21683704
3.37268830
1.91145500
1.23155465
3.65417320
2.94053068
3.93697640
2.54369718
3.32161033
5.20541085
3.22640108
2.15321744
2.63884809
4.62688508
4.05009442
2.58148182
4.92716820
3.59617164
2.60726415
2.26500385
2.74419882
3.51407637
2.42693443
3.96122206
5.32763047
3.70745351
2.66345513
2.85896294
1.25127707
2.09716583
5.31376773
2.65225622
4.71328193
4.44066386
2.63755603
4.18382553
2.56767473
3.75746100
3.19031560
1.98723398
4.77689175
3.20593673
3.88328255
4.15432049
3.40427796
4.21505706
1.36306828
2.92721873
4.58199579
2.08475720
3.75775311
4.76190700
4.08117154
3.55388790
3.46509800
1.83289352
5.17751684
4.99478298
3.16243971
4.54629785
2.44706866
3.42866203
5.59674124
4.10124546
4.44309767
2.96623831
2.96717529
5.48714870
4.39664108
4.06305823
3.84152507
4.52710363
3.64952208
2.13925511
4.55159281
5.17528845
4.97012471
3.14855594
2.89171267
2.74890557
4.71859870
4.09153641
4.69837096
5.12286552
1.51957554
1.25327547
3.51784294
4.63806721
4.66688287
3.10571706
2.57266147
3.57178525
2.92615101
3.35020294
4.11663932
2.99133138
1.21761119
4.98579663
4.02207308
3.65981320
3.85279170
3.57417496
4.07166269
3.38546976
3.56522415
2.03201967
3.43158721
5.30371959
5.51667849
2.81699814
1.66108343
3.55371344
4.77685153
3.78357817
3.36778018
1.65883966
1.96584006
3.77007832
1.74694766
4.64328695
2.31513578
3.13851134
2.24672711
3.51442509
3.34428578
5.52393458
3.48031254
5.21342073
3.16676818
2.46017758
5.25996247
4.98416140
2.63003904
4.83397301
3.25662579
3.83321728
2.56111300
4.27967381
3.79287227
3.85122646
2.33044590
3.66189524
3.15572430
3.63874569
2.76329452
3.70357699
3.56989286
2.42726486
2.61913419
2.60211677
5.10082689
4.70873971
3.42612186
4.63638292
4.26089142
4.78465345
4.89899794
4.80257001
3.47089626
2.61827440
4.98522685
4.42701736
3.28310304
3.72143278
2.27558230
2.48926714
3.90074496
4.02979621
4.08178964
4.04879433
1.53299947
3.31827964
3.42524373
3.20399770
3.50326068
2.68088166
4.99722729
3.42219673
3.78246450
2.94689555
3.84246065
2.86453595
5.24812549
4.12809944
3.58422026
3.98985424
1.47365102
3.58918634
3.45066951
5.25673303
1.73140436
2.60635113
2.67845171
5.65309344
5.64689462
4.82660764
4.56100115
5.06786881
3.57037776
3.36306534
2.97543476
2.67943519
2.73605898
3.35905147
4.16329266
1.57063862
2.65799340
3.82662044
3.35680264
3.19041438
3.46568772
3.91264887
4.53374953
2.56714960
3.01131215
4.46837076
2.15043669
4.33909676
5.08433807
3.39586342
3.64363331
3.20230198
1.94832303
5.21765131
5.80880726
2.78666825
2.16847107
4.16325089
4.35334953
1.75592996
4.32750245
3.28913605
3.98990255
2.58747131
3.73127341
4.74625987
3.87631108
2.02307750
5.08449243
3.28192464
5.02512026
5.09186377
4.37078601
3.91044843
2.49695204
1.89178378
5.30027316
2.90973272
3.25849722
2.97627475
2.19171407
3.89849175
3.02726673
2.72775345
2.03520450
2.72156068
4.74165181
3.00983297
3.73529397
1.21835578
4.98624934
4.17528670
2.16331180
3.17221602
2.76881439
4.66694225
3.65159160
3.33601200
2.48660882
1.48384398
2.94119069
4.90206411
2.23632049
4.19517936
4.34860752
4.63206807
4.81313423
2.46962061
4.54590619
3.08538257
4.31094199
3.74788902
5.85256360
2.48168955
3.67708545
1.22150607
4.81626079
1.70669414
2.89143118
5.19085126
3.61374644
4.31718767
3.63098425
5.66080311
3.93180679
3.62445300
4.34765263
5.69239601
4.49228229
4.03264808
4.62818087
3.56408158
1.76397774
4.78145969
4.52167805
2.20633996
3.65821877
3.58997558
3.21157082
4.15854206
3.13371398
3.42137951
4.47521899
1.95712068
5.14028805
3.18572995
3.81583721
4.89926421
3.70995744
2.67073944
3.96777244
3.53650302
1.25772685
5.83812775
4.16759343
3.03771499
4.28339039
4.84577855
4.14985432
3.22123275
3.66952795
4.75358508
3.76780115
4.09089149
3.64979355
3.34352698
3.45569583
3.62101249
3.77549841
1.83217648
4.44083884
4.32047367
5.33739816
2.97648840
3.17977779
1.76617490
2.70349937
3.17138475
4.43459557
1.83136178
3.41260730
4.61030095
4.22157773
3.74442814
3.61724258
4.92751680
2.55596525
3.39897356
5.09846129
2.46375180
3.98290499
2.99604856
4.07901849
2.89416054
3.82611627
1.63467626
5.44022227
4.93052010
2.40219863
1.87689572
1.20173099
4.15705778
3.13991148
4.59872832
1.75245292
2.28202356
3.61016330
3.59862463
4.82461386
1.68476814
3.41385363
4.97010593
3.08196425
4.61074345
4.69111793
4.15547022
3.94700378
2.71449896
2.20693113
3.38258927
4.92100765
5.87340318
3.03443236
3.84697921
1.65454499
4.29247625
3.29873928
3.03648359
1.90508597
4.89337539
3.76042687
5.50606406
3.77220068
4.32823167
4.70925179
2.69534995
3.72975883
1.68169249
3.70510950
4.04175437
3.97844587
4.02218046
2.14461779
2.67712084
2.02081698
2.43603581
3.44812645
4.40602038
3.11501707
2.52586545
4.35335919
3.44897552
3.39220087
4.07707821
3.86830014
5.09404388
5.42659352
4.69424206
4.37734338
3.93535008
3.92603838
1.68155520
3.71113038
4.28731126
4.46478503
2.78937934
3.18190642
4.14845734
5.30917656
2.17143963
4.65263325
5.74890393
3.89080157
5.49495198
4.64950154
4.25069147
2.86058269
2.61859480
5.34389299
4.08036095
3.41117938
5.10089834
3.42124806
4.65829241
3.18398933
4.02428119
3.42070174
3.94948892
2.58093881
3.71761958
4.57075574
4.29564497
4.18015862
3.93289165
1.96266215
5.39849417
2.70854874
1.87909469
4.09459941
4.10958786
2.65314062
3.73929011
4.38612794
4.84181216
4.59707272
2.89428661
4.20381912
2.95310729
4.74490089
4.04912879
4.25535725
3.86300926
2.35587161
3.80621431
2.40082062
2.94779048
1.93269213
3.95151900
3.99625401
2.92013163
3.51723805
3.81806597
3.32605117
3.93441389
5.32354501
2.56343033
3.99707207
4.56887651
3.19233739
3.54572809
4.85882590
4.12104118
3.48025314
3.70519349
3.58045734
3.31296071
2.50083038
3.45610567
4.95667939
4.03800601
4.01322713
4.56648157
5.33120274
4.19106136
1.50855244
2.35060835
3.21761772
5.90915450
4.17259284
4.22214484
1.76409104
2.20970395
4.40762463
4.25317765
3.64964595
3.04872261
3.17490878
2.85727411
5.81620066
2.23147264
4.67337117
2.06223013
2.63194592
3.89322309
1.49887759
5.06086754
1.64804930
3.92791778
2.93241869
3.82589165
3.55207945
2.77771739
2.38442673
3.04747601
2.23795045
3.90653581
2.77635205
2.49989759
4.60359197
4.56584719
3.26953327
3.16620196
2.75395787
4.62119627
4.75530189
5.04753410
1.22839152
2.74300078
4.89916780
4.05642684
3.68777285
2.17539123
3.78583869
1.74099537
4.68827810
3.08198917
3.34073254
2.30964195
2.73498948
5.12768186
2.70754861
4.02353194
5.74999851
2.49060694
5.14036859
3.99675788
4.40605268
3.90871737
4.72266588
4.29176496
4.96820148
2.65045296
3.35450720
2.92026744
3.85230426
5.45920112
2.45313684
3.45754155
3.55066824
3.05638573
2.19104037
3.95063714
3.89149174
2.69817908
3.84949067
4.64870608
3.79019344
3.06598859
5.49448543
4.80630209
4.21711516
3.43102549
2.68589169
3.90816257
5.54749157
2.56841970
4.30951885
2.13663956
4.27598674
3.30650082
3.87574838
3.75060302
2.76950360
3.38202168
3.75725415
2.76729590
3.79837842
2.43225700
3.84225397
2.93627679
1.52747917
3.49006613
4.45863897
3.46724210
4.96513228
5.25816488
3.67823371
3.32117602
3.55920907
3.72400787
3.73934628
2.59693280
5.19610894
3.33683902
2.82967376
4.64301201
1.79978315
4.00362396
1.85053473
1.99694384
2.04434872
3.07073466
3.53730676
3.10235765
1.88524864
3.74341242
3.43985310
2.47646330
4.18032078
5.55519203
1.27062895
2.09833089
3.61354379
3.53462582
2.00706398
3.76101110
2.45063512
3.12680288
3.88872407
3.47819416
3.84708197
2.71231459
5.07866149
2.25876208
4.99559251
2.22647432
2.26226877
2.66024485
2.34136114
2.41675503
2.83585822
2.50484759
2.90994722
4.68656486
2.59109473
3.48937184
4.48397371
3.75863721
2.93031627
3.14301063
2.93125773
4.55146778
3.15168239
3.68465293
2.42839177
3.19738755
1.72199743
3.30398949
3.64020029
2.54101673
3.20896137
1.73836842
3.60690275
4.74200115
4.67350752
2.74000487
4.15722040
2.76608860
4.32679245
3.62580563
5.60707043
3.58375900
3.63530985
4.07472559
4.31989713
3.80577867
4.31150627
2.68522942
3.89609636
3.27020480
3.75618285
3.02808774
2.82539537
3.75552301
4.02287361
3.52739380
3.87745670
3.52975667
2.75329680
2.47534239
2.32238096
3.85554317
4.78688237
3.33396948
3.76418939
3.35632856
5.27628473
3.69970683
2.93677372
2.80898807
4.14469612
3.90426250
4.75320674
3.96333646
5.09968246
3.19799424
3.21571336
3.89914827
5.17216936
2.80959880
2.48500842
3.71646436
5.37811277
3.39859700
2.47411327
4.51511737
2.10429437
4.51474989
3.77316987
4.65456494
4.69858871
3.15119842
3.52817721
2.69527580
4.99895472
2.32577446
2.58798098
5.20807012
4.16431105
3.84758801
4.80025393
2.79797178
3.67436043
4.52365106
4.27861034
3.72428628
3.24433490
2.03295529
3.27940460
4.90877461
3.65453976
3.04307677
4.51816970
2.40894928
2.12348042
4.36703711
4.82205820
2.59367520
1.85726263
3.05580691
4.45605397
3.79341428
3.28686269
3.29449342
3.27712977
3.60760884
4.75877070
1.81791070
3.56193149
4.33685525
2.57341578
1.78388668
2.41997655
3.16767530
1.76968908
2.64031803
4.14575982
4.77284934
2.43278584
5.49463966
2.17956704
4.40043113
4.05649470
2.34203219
4.03820175
1.80972092
2.61996843
3.23134684
3.14323789
3.07262926
4.04291628
3.04538357
3.91581689
3.29402047
3.56206497
1.54481429
3.32341376
3.71478088
3.32564096
4.17269953
3.25540350
1.44651317
2.63153332
4.33920306
3.67066497
4.24691451
4.23870261
3.00376508
3.90186580
3.78005228
3.56030746
3.34465111
3.81747818
3.71590748
5.30092671
2.15344975
2.73398161
3.80871232
4.22916140
2.81474877
4.53711481
2.75376448
3.28080693
2.32887539
4.91244545
3.65755696
5.56669216
4.30824262
3.40193246
3.86621858
4.61318831
3.72549997
4.19456195
3.18241668
4.29229690
4.91434301
2.62554415
3.66102934
3.90213211
1.92149249
4.29996473
2.70905127
2.23751925
4.78101005
3.07319052
1.62535331
4.74433729
4.12977377
2.81173558
4.00107199
4.98013966
4.80559303
3.42469986
2.56156173
5.60749362
4.16709839
4.09729915
4.06599856
2.52538504
2.84719854
3.47441104
4.79088051
3.49794142
4.49955255
5.23346792
1.40882593
4.76863240
4.32016189
3.05243438
3.73422751
5.65201302
3.72384298
3.92001259
4.34247574
1.97398174
3.02799723
3.05162534
2.97962200
4.48543074
2.84375189
4.86613294
3.46450763
5.50307303
3.09720109
5.04464616
4.94554151
3.53513659
3.70113290
3.63420392
2.90946526
4.02852231
2.87028441
3.47549034
3.24960082
2.12792862
2.92082297
4.42517233
2.48623213
5.46635200
1.61740820
4.40984506
1.39192828
4.01027883
4.72884542
3.28997870
2.80977213
4.86179024
4.92599758
4.82866645
2.36261443
2.67370783
3.50327886
3.25137971
5.53662990
3.46281454
2.12770945
3.94934280
3.78260780
3.61009104
4.41716727
5.32054587
3.31356591
4.21581436
4.12212861
5.55882057
3.18743302
3.73127159
3.03284595
4.39280975
1.54870132
3.91774801
2.45656740
2.84306840
3.06310624
5.68735486
4.70705857
4.00693941
1.61454766
2.25916862
3.02134386
2.19725393
2.74362270
4.81805962
2.16624027
3.95231241
2.59229618
2.99249420
2.71991346
5.00100858
4.27939170
3.97150084
4.61134164
2.20836504
3.66674201
2.45989694
4.97322926
3.84315511
4.38599375
3.92477917
1.71156889
2.70069208
4.28121814
5.71518660
4.91770563
2.18027321
2.08263499
4.64075199
3.34641488
5.35817188
1.66191407
5.47406300
5.15616047
3.91347788
4.12967389
5.09536115
3.45535628
2.45549180
2.82095428
4.12711275
2.92111100
4.36778575
5.37459528
4.40989233
3.85459167
2.72544914
3.14761146
4.04992502
4.50979798
1.65844423
3.61580650
4.52254108
3.88019568
4.72540238
3.69702953
3.94470152
2.85031347
4.92859864
3.59363094
4.63366044
4.21706418
3.44224782
4.28583133
3.94773559
4.05820720
3.44267219
4.71787384
2.65906524
3.27302544
4.12029664
2.00398622
2.23713542
3.84294629
3.01983379
4.64133524
3.92576803
4.45749231
4.79642734
4.75231230
3.37516646
4.62360364
3.79192885
3.28864535
4.84452166
2.72403043
4.02688855
4.41498853
3.61958790
1.71314971
3.27024793
4.44979708
1.79354349
3.73621747
2.79012727
4.27645148
3.43835835
4.43072295
3.70550825
4.54775085
2.94779622
4.01616836
4.55001743
2.79205199
4.96208565
3.00125360
2.72542312
3.18948674
3.28820042
2.93510154
2.46386397
3.32184646
2.10859577
4.60181611
3.73423430
2.60987878
3.02515365
2.40532121
5.21955712
4.43689799
3.61399594
4.41408505
2.55858214
5.61776664
2.17073123
2.63299065
2.98625229
2.90746229
1.70460681
2.54226949
1.82408874
4.15359947
3.99394366
2.29107151
2.46295016
1.48243326
4.14413886
5.15590100
4.54702890
3.06802708
5.09342566
3.97180412
2.50935228
3.56942349
4.89048791
3.21685002
3.42546404
3.73081335
4.82193191
3.27810381
4.34336698
1.92485437
3.59652471
2.14994588
2.31421393
2.07944694
4.29701435
4.91324828
5.28964078
3.46343105
4.18925376
3.31657525
1.36804136
3.21682423
5.23225615
1.62823095
2.56349007
4.79637718
5.26171621
3.15063416
2.33742473
4.66737950
3.82343738
4.38615536
3.57460822
3.10780437
2.51201198
5.81620850
3.00129345
2.90103749
4.92400720
4.60304550
4.23492314
4.47859142
3.46381589
2.74635804
4.72110129
2.73436309
4.24423784
1.82444733
4.25498018
4.26714833
2.20276305
4.92237899
2.10061260
1.71828339
3.80843505
2.69719609
3.41322537
4.15644009
1.86307833
3.75292003
3.73577644
4.12175692
3.40458037
4.59572482
2.78256416
2.97664520
2.59882501
3.91232692
3.03906355
4.12076524
3.26077990
2.26228877
2.39857049
3.41282400
2.77414750
3.99759056
3.12264131
5.30200175
3.18289476
3.32048092
4.35372123
4.20697171
3.60688332
3.36327362
4.72476145
3.59063271
3.38772821
3.52141342
2.80203104
4.96383127
2.49991907
3.49379064
3.66373579
3.21150567
2.26614441
2.58194012
4.85846267
3.16984097
2.79466567
4.77241666
1.80387476
2.79318001
3.81049377
3.97429507
3.87748752
3.03459179
2.68102767
2.00639941
3.01776390
3.72415485
2.44072000
4.52652209
4.09517172
3.26416953
3.49824174
2.06754994
3.12925319
5.37066918
2.96352375
2.19307029
3.11916255
3.37575673
2.66095926
2.00768682
2.82153428
4.26544925
3.39895795
2.85493065
1.25095022
3.16286932
3.94494807
3.50830885
2.49468064
4.37677830
3.40882973
4.50868857
4.12478010
2.42060304
2.86678838
2.02387123
3.05702557
5.56726340
3.56128402
4.70386753
2.64759028
5.54026466
2.39193779
3.97804035
4.13475312
2.35167476
3.16594379
4.58793865
4.22434961
3.08276292
4.20554047
2.87230199
3.68407687
5.06323211
1.91398188
2.91837133
4.25317099
4.94013427
3.28035548
2.66629811
2.99038167
5.53771348
3.05749955
3.40109991
1.87457521
4.69457834
3.47617920
4.28926711
3.53870316
4.42476121
3.36258661
3.71478133
1.45928007
4.78437823
1.90513696
3.64196263
2.23992031
2.23576016
2.57043821
2.08021876
3.81888990
2.08608050
4.79721874
1.94842585
3.99703573
3.73766333
2.60090330
2.23432637
1.12386057
3.52230999
2.60043408
4.31698634
3.09591896
2.80213954
4.23283965
2.66800997
4.51311471
3.80459435
2.04996108
4.86986634
4.90488760
2.31941860
3.99565060
3.48733874
3.37968254
2.42057338
2.94066455
4.30076371
4.36750136
3.78620859
4.00637842
4.25738303
2.81674289
4.47496808
2.33735833
3.21978820
2.77294397
3.67706044
4.98672926
3.68809302
3.20843973
4.99368455
3.95718672
4.64512640
4.28836802
3.70855482
5.19440484
2.02159356
3.44984908
3.80042758
2.95850005
1.50081013
3.73757765
2.10568624
3.00311569
1.98026994
4.28047123
3.07519902
3.87059940
2.47996336
4.61042414
2.97981946
3.36565105
4.13501966
3.21562350
4.70405597
4.39872549
2.13290261
3.78728945
3.42759315
3.39438050
2.55304528
2.56010819
2.02950364
2.83866666
3.53946594
4.46303254
2.96014576
4.79356206
4.08456325
4.48853114
3.11089808
4.33536099
1.92494540
3.75477366
2.37203880
3.37783210
4.64780373
2.17664547
2.60423359
3.71986763
2.57899800
3.97789156
1.65925219
3.41125178
3.37167647
3.46809591
4.37068995
2.65908220
3.93691024
4.07460846
4.09562706
4.50128520
2.95547772
3.56093834
4.42331437
3.85257133
4.18259108
2.67953806
3.57713069
3.78208412
2.10501305
3.19830985
3.82121328
2.51090141
4.73266847
4.30657134
2.34331878
3.62145440
3.40451134
3.84762414
3.62062879
2.84983642
3.96106443
2.64147528
3.68536993
2.58587902
4.98370464
3.85266730
3.99227498
2.33477989
2.02342358
2.42457952
1.75006749
4.89797274
4.33944917
2.04296899
4.61430896
3.90983606
2.64077021
3.90792581
3.04910353
3.62074349
2.67126221
2.78482405
3.45031164
3.94586514
2.70176889
3.87125544
1.78308021
2.80303524
5.59015015
3.95833944
3.52165331
3.64190771
3.04296356
2.18120950
3.58958332
3.82052769
3.56010242
1.84488158
4.78361900
4.11435325
3.76637015
2.87811711
4.82470314
3.64666746
2.93162649
4.40929915
5.71466855
2.90822788
2.45379772
3.77474641
1.98737756
2.78790599
3.42669895
4.46129618
4.22820648
4.66497614
3.63727313
3.55139358
3.39593243
3.11761907
2.93450747
4.18033060
2.51623665
3.68111200
5.38494417
5.33168470
2.72619422
3.34308299
2.97735890
4.98841316
2.93427664
3.59211393
3.86183629
3.22346540
4.02054991
2.33988238
3.20612834
4.25518174
2.03690689
1.91593919
1.72483774
3.30915361
2.77732917
3.08812461
3.28462418
2.81962604
2.37332969
2.19053220
3.71128835
5.56992998
2.72988382
2.44483591
3.02224422
4.81283769
4.15231280
3.93970207
5.28054670
3.22814135
2.92473948
1.98691411
1.61429780
3.76616070
3.88589298
3.20174431
5.16791092
3.49229206
2.20819460
2.65901296
1.84936890
1.48911739
2.12121416
3.85518159
2.71026791
3.68899808
3.23074162
3.46073319
2.64309531
3.70148458
4.86987548
2.47599872
3.30284614
4.26627915
3.07868556
1.90749513
3.25773877
3.90389531
3.34416402
1.96074677
2.84644693
2.65256375
5.14233471
3.99946801
2.56692115
4.47134084
4.10954731
1.64989126
4.54452926
1.95578194
1.83013870
1.43293089
1.72490164
3.95394812
1.76280065
4.18577958
3.90952312
3.48692113
5.23814877
3.78844023
3.59976997
2.06940758
3.74514416
4.33960246
2.83774630
2.09241973
2.88417538
5.93017913
2.32993063
3.87142637
4.39976458
2.54172469
3.61229978
3.27977367
3.11601797
3.35086314
3.86325308
2.07858197
2.88309687
3.34975986
3.69331661
3.62073086
4.80314212
3.19657776
3.33826304
1.54795117
4.53924056
4.08876432
4.65493925
3.41644848
3.42117885
3.70592261
2.66674974
4.87788947
2.84688586
3.89792528
3.62840054
3.10898817
3.13862130
2.29783717
4.17716422
3.12433585
4.04812455
3.41811800
3.11058305
2.42352420
2.01509358
2.54248323
3.67818359
5.61501797
1.56852063
2.85470717
4.99743205
3.72563937
4.92056694
2.74955889
3.80181640
2.84593268
4.83781572
3.64996741
2.20159696
3.57808398
3.78489819
1.40841932
3.48542394
3.94447702
4.62064427
3.99949789
3.71367629
1.48137253
2.28706540
4.71437906
1.95203261
2.68360452
1.96663347
3.44700615
3.96644116
4.78259341
2.09347583
1.41557101
5.54831224
3.53138197
2.88926297
4.29183599
4.86141226
3.73680646
2.75472117
2.71473704
5.79959551
4.22032150
3.38285936
5.04361458
3.81716537
5.70540341
2.37015499
2.46032526
4.54131334
3.82086315
4.38710044
3.65839359
3.69874040
4.97580619
3.62966756
2.86126893
4.48622128
2.80338272
1.30840417
3.29065961
2.98752891
2.18687818
2.34203276
3.45982197
3.58679195
4.07310008
2.70757750
3.29558859
2.05101521
2.34442334
3.05920248
3.59682615
4.05214848
3.96226289
2.76309985
3.21591950
3.87174588
2.91114816
3.90592306
3.60378496
4.37891395
2.16398062
4.61941648
4.98782206
5.09490290
3.45546161
2.72404917
2.45611899
2.75535189
2.09208407
4.22961651
3.60013367
3.25385523
3.34348791
4.14092988
2.12197810
2.69817276
3.15138517
1.80187078
3.94134047
3.53306395
3.95866718
4.67124197
3.84098514
1.78138143
3.90271229
5.45900445
1.56867750
3.42771589
4.43331905
2.96164555
1.56728632
4.31654073
2.60709583
1.72057933
5.13372305
3.65946078
2.37654412
2.28763698
2.81128327
3.84382597
4.13347927
2.41686109
3.19886214
3.70762691
1.08283824
2.41197395
4.61442167
3.79324550
2.21433059
5.14404609
5.67899409
2.81529033
2.20579486
2.91404791
2.39141159
2.17540226
3.53352908
4.37012305
2.64285932
4.82957253
2.88127005
2.59957875
4.37425439
3.66117137
2.63090252
2.80074452
3.20836020
2.73554170
3.78438560
4.60000674
4.39245137
4.90966873
4.10778982
5.11448305
2.26625113
3.74309237
2.10474489
4.27095670
3.22376895
1.50388565
3.61800394
3.67684713
2.76657266
3.28617876
3.42423673
4.49914950
1.24993554
4.85336442
4.12857031
3.34243196
3.80220486
3.79377646
3.98180200
3.02713580
2.65164509
2.42329003
3.93461558
4.95457990
4.72391472
4.09194777
4.80953828
1.40522701
3.87724221
4.64937279
2.91278177
4.65192577
3.02127278
2.79638543
1.72451731
5.17999860
4.11946394
1.89789699
3.49754081
3.59120183
3.70381387
4.05480998
2.66069034
4.92874061
3.03461323
4.83031063
2.86478448
2.69567760
5.41681696
3.99859557
3.82525641
2.74923043
3.43853899
4.03173110
2.80706476
4.53860940
3.52607919
3.76299929
3.66386849
3.81420291
4.21379778
2.26274191
3.78485949
4.47107467
2.90605904
2.43536901
3.61905249
2.59989262
3.66237220
5.19385543
2.13823853
3.10356606
3.16576362
3.29070479
4.66621422
3.39802352
3.53832086
3.98201664
4.44330526
2.25072030
1.54675509
4.17394876
3.61160921
2.22062077
3.99473502
3.04852291
2.99778840
3.94855677
3.72765128
2.88837848
3.13665038
4.70701984
2.17937689
3.91773477
1.42015938
4.65360092
2.76949538
3.44947891
4.57292869
2.14244795
2.21337450
3.47595270
1.84664994
4.23326742
3.93636979
4.06366780
2.39232159
2.69755271
4.28734828
2.50983500
2.71054523
4.35687804
3.12562917
5.19124967
4.39656443
2.49825302
3.10934427
2.88373154
3.58812725
3.39668937
4.14212753
3.55297328
4.09065969
3.63528726
3.43894894
1.71530870
3.59564367
2.44830523
2.55081456
2.93956756
1.72449921
3.72283377
5.44196066
3.40884014
4.82167710
4.57984892
3.84207600
2.68363117
2.98707415
4.11557856
2.59999284
2.90553876
2.27928969
1.91927016
3.64419325
2.15325046
4.33764804
1.39360526
2.40938370
3.51030453
4.36231814
2.68916185
2.71729707
4.62672104
3.95826751
4.22448242
2.60378761
2.65426345
5.29019413
2.79846155
1.96319039
3.90774777
4.81198610
5.21192300
3.13482322
3.95247243
3.52566507
1.60041282
2.68541533
4.54049839
3.79117581
4.84039112
4.14515306
3.91616528
2.64979034
1.42616118
2.33393933
3.98388552
3.44030164
2.12503119
5.16836989
4.17891463
3.67858781
3.00335996
3.46883538
5.10445230
2.73753400
4.07629414
3.29006471
5.09608491
5.30570585
3.86916087
1.17733147
2.34723647
3.41957395
3.58863602
3.00445127
1.57695134
3.55549567
4.38696430
4.17860411
4.94398801
3.33406642
5.36266389
5.50092240
2.00885995
2.33085907
3.47630448
4.85069105
5.51811526
3.30397625
1.97010385
2.61491284
3.63280357
3.84024657
3.66524429
3.41389805
2.44573456
3.98830217
2.17096650
5.67744381
2.72978889
2.88818096
5.07465492
4.00507494
4.33219848
4.22350363
3.59228449
1.99772412
2.97736949
4.01368119
2.94375527
2.87713563
2.46347740
2.33001557
4.37779751
1.71318303
5.33571993
5.46096171
3.30628610
3.95819747
2.09176982
4.36822601
3.41795941
2.74130966
2.82262580
3.96678215
3.92669398
4.50471452
3.41471600
3.32829160
3.76964265
4.06767409
3.53676485
4.34882241
2.60569997
3.58298021
5.60759021
3.23816602
3.87491502
2.60450512
5.28865409
2.87945818
2.46462806
3.61337392
4.76784648
4.67421630
3.68826357
1.35419956
2.69863791
3.42931176
3.81786846
2.71172682
1.63139287
3.15880198
2.82164088
1.61213833
5.12129223
5.36495334
4.74285053
3.06218184
4.91996922
4.42919222
2.81670855
1.94318405
1.25561967
2.18512770
4.95690054
3.05592277
3.67900348
3.06219578
3.15365296
1.66623535
1.30041070
2.37988117
2.61035925
3.43014746
1.96532149
3.43887886
3.10594830
4.08121280
2.51414588
3.99696414
3.60533414
5.14166024
1.74408530
4.53374586
4.05044189
2.17285149
1.53881400
1.89988385
3.04946149
4.20945840
2.35433503
5.01275805
1.84213668
4.52567524
4.34702136
4.20198262
3.45405319
3.76068786
2.40250923
2.62456509
1.36304616
1.68452742
2.17176698
4.36091644
1.78600333
3.51434300
2.44331873
4.36932446
5.35449640
3.19503351
4.27825885
5.41790898
2.48282958
4.43708555
4.30734902
3.92948375
2.14225043
5.55837017
3.43714622
2.86615599
3.54022425
1.30555769
2.93476617
2.84690094
4.36382984
3.83471605
4.95854287
2.63275505
2.78149021
3.40956429
4.07450127
1.93067742
3.30740870
4.62975920
2.64621641
5.65853577
3.91823653
1.13049923
3.70828832
4.38007903
3.47165471
5.69863613
5.03131861
5.56016532
4.51170890
3.62939096
2.55893068
4.60691992
1.95589260
2.40167749
2.74503171
3.35890442
2.94412980
5.37894207
1.54217107
1.74178433
2.28996486
3.74633543
2.88950579
3.26038864
4.00942345
1.77393813
4.02154004
4.30846125
2.31316463
3.24966755
1.26646210
3.46981016
2.73270051
4.05440060
3.22555794
2.55096696
3.21161599
2.35575256
3.32283750
3.52687488
3.52787758
1.27585886
3.18666545
2.39753050
4.32347637
4.14241250
4.67284477
4.64490994
4.30280643
2.06111649
4.06125760
5.04591699
3.32133638
5.05161666
4.55582411
2.03849662
2.62128799
3.86788652
5.19019635
3.65446382
3.88119176
2.37794211
3.08926048
3.22400364
3.53134614
2.50667100
4.25917658
3.62320485
2.94736268
2.74946590
3.17634211
3.77739582
3.66913626
2.14325957
3.41832072
2.94945731
2.20273531
1.83546386
2.92743492
2.03369322
3.74786352
3.52022225
5.72037682
4.14224678
3.35370060
3.01529109
4.45484799
4.21245552
1.54108594
3.13177138
2.73689514
1.67994494
4.33916537
2.74281901
4.90026508
3.95366694
4.96977725
3.58636758
4.21175831
3.99549526
1.07301066
5.34080418
5.55421709
2.74839648
4.90252446
2.89144503
3.11143992
1.47360154
4.32937234
4.95956363
2.42697063
2.74860853
2.27823528
2.89463077
1.93136671
4.44425441
3.88011898
2.43433188
4.13020750
3.44049892
4.16073018
2.11583315
3.61775923
5.15697065
1.99390197
4.77567466
2.92887027
3.66573133
3.33459436
3.20457445
2.96432598
2.72012046
3.40615296
2.52733415
4.82254887
2.97494912
3.55166435
5.25694265
1.84318619
2.48971754
3.86940352
2.72588097
2.01578312
1.29793752
2.53752450
1.22653731
4.12939597
3.89204715
4.39330206
2.69654778
3.63665635
3.41481120
4.86738812
3.16378459
3.67845305
3.16450704
3.28370307
4.91961945
3.06305504
2.21260228
4.32073847
3.01799646
3.71615504
4.99903619
3.09020354
5.70175497
2.71596940
4.71162369
2.82410450
1.73654896
3.50018621
2.07250656
2.07150174
2.88661597
4.67921005
4.84598296
3.09134630
4.39555472
3.11280771
1.44845264
4.78795318
2.83917685
3.00491568
1.98262131
2.07082539
1.59640449
4.74402642
1.83451396
3.93069891
4.43809155
3.56422669
4.16325327
4.80883476
4.86255292
3.82461724
3.17996540
2.99674104
5.31049204
4.80249991
5.05358157
3.33866359
1.27092344
3.36837388
5.09771050
4.41934051
3.04359332
2.75843933
3.58416248
2.70467187
5.05230722
4.88296325
3.09511259
2.76311220
4.10748021
3.70651776
2.76729651
3.73074970
3.89513142
4.20875830
4.09803879
2.59319221
3.22345064
5.28206463
4.17431954
2.14253637
5.18697139
5.64502437
2.75249200
5.62785250
3.41229067
4.44839469
4.55766932
3.65277422
4.92818220
2.72283411
2.48820567
1.78393771
1.95685611
3.16535282
3.60210234
4.61917224
4.55202414
3.98408583
5.32857653
3.72449930
2.51333584
5.11864980
4.28943609
2.88415447
3.38565750
2.12600049
4.43131018
2.01800194
3.60557165
1.86936412
2.36119180
3.40586815
4.48638139
2.37047208
3.34415460
3.01847717
3.73680988
1.78298477
1.36351243
3.28982662
4.08749179
3.41764657
3.46009650
4.07599933
3.35325955
2.59737010
2.25873115
3.33056201
4.88813363
4.34310440
3.65639560
3.18685870
3.89383224
3.48899764
4.08796517
3.17266267
3.42152213
3.29802145
1.10183182
2.69280703
4.16043853
2.49688001
4.66911001
4.70057040
4.23590818
3.87168354
4.71654030
1.63875020
1.74321615
2.66352175
2.81460906
5.76651243
1.12266293
2.47572942
5.26880934
3.89826320
4.73506475
2.75229222
3.55337365
3.86594312
3.12585649
2.60949732
3.59321628
4.17630243
3.96986226
3.40058954
2.84122842
1.86987053
5.56770577
4.36584999
3.41447616
1.49849018
3.51873796
4.56817050
3.24425713
2.92344263
3.82426648
2.53685326
5.26137838
4.79634640
2.17877714
5.14002149
4.57942383
4.12016840
5.08574422
1.67868308
5.45518620
2.69784278
3.68853245
3.04314546
3.49684446
3.56114858
3.33579982
1.49513617
4.15687411
2.13265405
3.40471683
1.73663991
3.48808381
2.90869128
2.78422365
3.39911907
3.95757817
2.86148153
4.17445316
3.93444087
4.30485284
5.04368729
2.48735425
4.11149080
5.49663410
2.53882403
4.13745545
3.42010788
4.77248150
3.93612020
2.39061598
4.65663396
1.59157846
4.41857089
1.69251675
3.31302506
2.98254180
1.33808624
3.52755086
3.11412944
3.86448751
2.31179242
5.36267869
4.14539307
2.84899636
4.90869895
2.60971955
1.98590950
3.34902910
2.40610250
3.79345761
2.60938726
3.51224735
2.38025355
3.74184643
3.53826454
4.06260244
4.05596850
3.61850240
4.33385662
3.07546080
3.87502612
2.49658388
3.97807824
3.52794068
4.15334345
2.92705893
1.54993898
5.65754125
4.48208251
5.08327069
4.82266632
4.22855143
2.18799547
3.06761614
4.00496701
3.24713191
1.70347206
2.84505953
4.82259373
4.98237024
3.10690948
4.02210877
3.98404039
3.84201509
4.87918103
2.31878868
3.29684542
3.71800183
2.58213617
3.58505173
3.79863892
2.35828811
3.70022086
3.59197282
3.23972558
3.13792429
4.29646324
3.08198110
4.10165166
3.29368954
5.41922615
4.69128799
5.05886046
3.25303122
3.85628389
2.36157681
3.88819710
4.12945085
2.86793739
2.23692571
4.30367960
4.77288664
3.94103757
4.29584188
5.54160934
3.45504849
2.89094354
3.59719114
4.24375070
4.83606790
2.79859805
4.02271339
3.28396526
2.80023127
2.30505925
3.27772056
4.15634290
4.06497140
3.19598367
3.16548005
3.39052775
3.65869824
3.49371198
3.77969281
1.68259366
3.92945626
3.93476496
4.26338141
4.52747990
3.68780188
4.24571377
3.66140997
2.61165405
3.40370086
3.54054440
3.14776368
4.07232529
3.56865170
3.94779285
3.03762219
3.95218770
3.90064726
3.23588357
4.49816728
3.77632919
3.51099327
3.24026001
4.25097156
3.65059813
1.46840849
1.30605249
3.31272094
3.12837586
3.38723755
1.74518466
2.94993027
2.81535968
2.73301381
3.46697622
5.02721746
3.77961685
5.48001574
3.47645576
2.30760777
3.80682690
3.57186677
3.84475380
2.01724618
3.38828523
3.82763441
4.54110246
3.11580216
5.05189754
4.50229123
3.67612436
4.21775699
4.74405100
4.15180604
2.74124951
2.48867068
3.44290392
4.26954021
2.33925556
4.09443104
3.53129235
3.35203004
3.68608243
3.91039437
5.18010796
3.11864268
2.82422929
3.70123306
3.09065805
5.05099900
3.02319747
3.86121182
3.41717462
2.23446323
3.75259960
4.05852040
2.03829578
2.67540551
4.39871130
2.75619713
3.56899893
5.83434958
2.55539794
2.08608356
3.10212154
1.55652422
5.25550551
2.93115695
4.64126147
4.89774310
1.91896061
5.32549353
4.03450502
1.53494438
2.57898086
3.91002170
2.44108740
1.51712705
1.60795356
4.68613063
3.96074603
4.05382776
3.19969624
2.68810589
3.02818404
2.85468789
2.77496937
2.94927009
3.52271690
2.72506690
5.76226749
4.26561265
2.26583188
3.68906432
4.36607152
1.76459922
2.17704594
3.85271883
3.96990091
2.66575732
4.83110418
4.03655935
3.73166098
2.37354122
3.50721691
3.39808914
3.21393660
2.67188521
3.54369006
3.33119017
1.05203999
2.79376065
4.40895945
4.37084144
5.19777647
5.01795855
2.37269610
2.64795092
4.68704814
1.69922555
1.50830562
3.63050723
2.66457214
2.76678751
3.98080145
1.45366338
4.55914574
4.23020115
5.67168735
2.08277111
3.83804750
4.11038039
2.66514148
5.36979057
3.17931937
2.46755030
2.96745001
2.25490648
3.68583111
4.32678795
3.55429495
3.93158813
3.92518482
3.30571543
2.93815690
2.23473652
4.11467328
4.62781689
3.92074963
4.82796878
3.68066222
3.95875730
5.04305984
2.45749563
2.70692303
3.13198745
2.46822153
3.60645444
4.44659839
2.83382523
4.13011071
4.32496622
2.10763971
3.19711018
2.45320256
2.82759147
3.53171158
3.50643408
5.79688904
4.64126595
4.67171445
4.34685681
2.00011178
4.65320361
4.43323336
2.03192286
2.49982061
4.84966028
4.48037635
3.52570029
4.96942511
3.35285793
3.01662286
2.82746990
3.77106205
4.05477548
3.83645842
1.91659896
3.23815857
4.21291862
3.60372821
3.35903978
3.90242650
2.31458699
3.84779837
2.55579989
3.75208008
2.83256371
4.57877028
2.86763679
5.45572520
3.18655819
1.20814901
3.97913631
3.70902467
3.79113961
3.12152369
5.36924013
4.45890023
2.01230455
3.28497359
2.63419418
4.73268835
2.67122862
1.17707007
2.16279565
3.14732308
1.42515816
3.62350077
4.29272300
4.39627534
2.92180426
4.77149859
4.08063931
3.60963446
3.06500770
2.47641444
4.69766562
3.45537397
4.04584958
3.78292875
3.71572726
3.19749990
4.48478874
4.46855325
4.67918229
4.64943597
5.09681325
4.27723046
5.36004752
2.55865655
2.73299947
3.00599495
4.97404379
3.93123432
4.96827862
3.01781634
2.88858837
4.65262586
3.59661678
3.53890048
3.48276877
2.48367466
3.46122066
3.75888136
3.32323831
5.60846738
2.98878779
2.78749278
5.19888015
2.88333517
2.11322576
2.43146463
3.81099272
3.28394851
1.96567174
3.54054545
2.54465572
5.27010992
3.77404945
3.33170861
2.25084213
1.88550528
4.35680723
4.63575614
3.84774787
4.38233085
4.91188698
3.42069040
4.30371712
1.00836915
3.49337994
5.73137965
2.69304741
3.31674318
2.13473183
4.34520051
4.51986491
4.95623483
2.01876564
3.97849588
3.38416664
4.87270935
4.41119710
4.28884367
4.31803252
3.19984414
3.76572369
2.20328750
2.74891641
3.84001649
4.97517474
1.76283712
2.05083161
2.83386079
4.18461585
3.20870239
3.52315246
3.58966241
1.89870776
3.44588096
5.39066000
1.39141132
3.30702550
4.80487587
4.54736584
2.82699509
3.81745025
5.68247596
3.77055474
3.37566691
2.72915232
5.17768765
3.01039246
3.36658068
4.79309032
1.74906348
3.61435190
3.86784135
5.59935724
3.20482859
3.97461677
4.78817506
4.79711098
1.99736278
4.09052796
5.07097985
3.59423287
3.32875219
4.91704466
4.33317383
2.30026381
1.48428046
3.62409784
4.14891408
4.86757431
2.09588590
3.02062042
2.90091591
2.95213059
2.19776729
4.90094460
3.21975801
4.45662532
3.47147711
2.95016286
3.00421561
3.33514783
1.98799728
1.09895576
2.36331993
3.62997487
2.53944899
2.84729557
4.54349822
1.27746913
4.81324392
3.58034124
4.00180540
4.66147916
2.19664104
3.77874635
1.75891407
1.70904050
4.40982883
3.77950799
4.51318624
2.51458395
2.45080946
2.87239075
4.71980622
4.54526352
3.49551754
4.52086624
1.43661053
2.42142230
4.43176218
5.37541478
3.71090657
3.58262140
5.61573765
3.50094233
2.12922864
4.84106270
1.22500382
3.36897167
2.37463548
2.89064296
4.24199419
4.16917332
4.73381026
4.28128265
2.63726523
3.87370793
2.96887997
4.68457947
1.23185724
4.24175806
4.81652744
3.46824251
3.50329298
4.08053341
2.09962543
2.66316938
4.25989687
2.08294010
3.53427867
4.34843487
5.14327344
3.94101055
2.78781573
4.79586597
2.82894027
3.68809703
3.19092896
4.90728422
4.58026676
3.85173780
3.72981705
4.54390285
4.97102624
3.00301165
3.54184093
3.28877204
3.62702555
2.66710213
4.11086001
4.49957238
4.24743185
3.31369968
4.70607193
3.20046230
2.45157335
3.77477570
2.33083547
3.92809200
1.65714640
4.94116907
2.54561217
4.58830232
2.23091783
4.46833170
4.50181879
4.19643337
4.56316771
4.47548612
4.87103884
3.56557403
1.50227383
3.85135429
3.57669758
3.57348950
2.24599557
3.28352302
4.33296132
3.08037063
3.32117105
2.00741768
2.46827801
2.88595469
2.69369753
3.02476220
1.35863231
5.80597365
2.83582165
3.17030940
2.01824463
3.51429242
2.73792191
3.40953226
5.49310003
3.23850536
4.88712246
3.12887264
2.17534867
4.21316610
3.64523312
4.93405052
3.50427645
2.48623160
1.24366712
3.60084281
2.24219990
3.24070771
4.27314420
1.82664726
2.61129648
2.23489000
2.08114281
3.81005313
3.55003695
2.28099935
3.90022167
2.93954652
4.69554324
4.37341862
1.31548692
2.00138452
5.42085125
3.64414263
4.33963761
3.32057869
4.85371430
2.76445988
5.39917832
2.12783447
2.77623932
4.72829104
3.44554402
1.69919953
5.15230391
3.14401501
2.69003856
3.44408013
3.75235878
3.72802012
4.62164445
4.12119103
4.44287638
3.13462379
3.00191768
3.24091056
3.18036267
3.07341060
4.44133787
3.96641879
2.59750527
3.85644476
1.94663991
2.95490305
2.79168745
4.58421933
2.98880987
3.58402109
2.52375380
2.12061071
4.67658404
5.38771868
4.00756942
2.82351321
4.03044605
2.77940457
3.31857110
2.18923473
3.63727365
3.26939189
1.67216469
5.63514095
4.62594268
1.88742158
2.92047964
3.58644145
4.93935201
4.39998932
4.58864764
3.34941771
3.78848973
4.66610415
3.61942852
3.94479886
2.95931681
3.60401271
3.71766297
5.64139770
2.30340100
3.74532964
3.78368789
3.37152536
2.77838964
1.73192095
3.89750616
2.52610956
3.31456669
3.86479295
4.16315934
4.31884733
5.06889523
4.44314633
4.94540751
3.47512974
3.28810308
3.13566045
2.12847729
3.44288199
3.03752543
3.50497984
2.99929470
3.63886872
2.96257457
5.06028052
2.20527645
1.93542072
3.53486304
3.34170067
2.95940882
3.65894511
2.89516297
4.04432573
3.76300021
3.31298776
1.94054029
5.56832486
2.88914898
4.55502266
3.21315906
4.63574163
4.21762516
5.14754925
5.43340720
4.24334803
3.73452035
4.17048515
2.18015135
2.22487729
3.60767652
3.72324770
1.75608458
2.07485730
2.72156083
4.16132420
3.18628720
2.94017232
3.90290962
3.10353688
3.08327694
5.31438737
1.29112110
1.51261492
2.27198118
2.97377565
3.90503244
5.09309204
2.10322005
2.57289566
3.43037332
3.56695450
3.29444561
2.57147094
3.09984410
4.07887055
2.42163830
2.79323167
2.76042323
3.04923865
5.34641851
4.92128354
2.82016442
5.73469796
2.89758687
2.61347545
4.23940086
2.07215097
4.53646369
2.67514422
3.07892945
3.57375435
5.52055358
3.35552020
3.84040470
4.10674017
2.24021819
2.33798445
3.43182802
2.33333623
1.43819561
2.87327402
2.06367436
5.40246021
4.43196191
4.25863833
3.72885439
4.67626867
4.74408586
4.99485581
2.14236686
2.34104832
4.20588462
3.45692622
3.11415175
2.69334293
3.63484422
4.29316032
1.30131128
3.70861591
2.09642505
4.02129492
3.13352193
3.19115441
3.54602848
3.91916728
3.42811708
4.37032738
3.80705749
4.81138957
3.30897596
3.24971607
4.37616006
1.73236976
1.51601081
4.33204182
4.95690041
4.19993216
5.03970072
2.53422215
1.40825953
2.46269659
3.23777639
2.17329255
2.45452254
1.58828167
2.18881667
3.84533734
2.03826684
3.63830397
3.01017394
4.33597964
2.10832107
3.43005085
4.21530142
3.39238632
2.91972135
3.01361122
1.40821204
4.25315029
4.58284726
3.99715468
2.71045450
2.27381872
4.63407664
2.73195563
2.78864860
2.80224201
1.81045415
3.62266541
2.19827804
3.14932441
3.49602503
2.95724150
4.48209517
4.06716383
3.46764168
2.15484931
3.55914849
3.58797422
5.10320691
2.70895827
3.41309980
2.89359034
3.12547400
5.35675998
3.43615435
2.57676109
4.23967987
3.13494285
3.50758341
3.22184357
3.68344408
4.48576338
5.48347496
4.17391652
3.24252246
3.45626104
4.74700468
3.68173785
4.19616052
4.28736945
1.81617523
2.29137747
3.44094791
4.81858314
4.72862848
4.43376250
5.20223174
2.13774537
3.02079143
3.09077866
1.77730243
2.28442860
3.59127271
4.24097743
2.16472233
3.56928552
2.58608301
1.47734521
2.21932341
5.20065496
5.66590884
4.25599664
4.13255670
4.41361298
4.11332542
5.67606073
4.07303230
3.67556582
3.71049075
5.00743459
2.23224505
4.79638777
2.16551890
3.87448575
4.30563732
3.90001296
4.08838728
3.07019047
5.09930648
2.71829666
2.61488838
4.41660155
3.48782088
5.04686766
3.74979317
1.40394538
5.85876453
2.45659969
3.34804929
3.53205444
4.96478681
2.98323611
4.87549355
4.84424736
5.26408983
3.02160822
3.68821450
4.58517532
4.36544231
3.52979395
5.54235699
2.23055935
3.10396511
4.40246976
3.39381715
5.32814976
4.05908972
5.50161502
4.76993198
4.15564499
4.98624746
1.83663431
2.09292462
4.64271334
4.66900303
3.76486918
2.80752201
2.82066742
4.10850282
3.33737747
2.51281840
2.75474749
3.25226410
2.54376429
5.02111409
2.98037581
5.12448780
5.71375505
3.36411508
3.90615066
2.75523378
4.21210734
2.73953586
5.46275490
4.71595368
4.31736443
2.73880328
2.96835989
4.85403266
3.80385973
4.41921619
2.24751241
3.47914775
1.75028752
5.38157160
2.48189778
3.28940663
1.97706168
2.98692421
4.58777931
3.73538690
3.26859036
2.19380268
4.10631986
4.80535228
4.16550075
5.21986204
3.15939801
2.87507840
4.11575436
2.82960812
3.46493732
2.30087692
3.65249956
4.02248581
4.22217342
1.84456312
1.52041419
2.24327955
2.36869015
2.30426850
3.80119760
4.45943042
3.27746188
3.38515578
1.59277730
4.54753068
2.40354569
3.87925025
4.67570221
4.40391264
5.20647308
2.13375769
3.85410010
5.04190527
1.36579751
3.57239503
4.28748370
3.16098781
4.87365974
3.69441659
3.63359574
3.77072630
4.02963978
3.51117454
2.20138959
3.92503503
2.17957024
2.29020887
2.56714857
3.96996098
3.73139191
2.26201821
3.23565298
3.43084592
3.04753919
4.10481897
4.93221025
3.76237685
3.75474867
3.05775693
3.99027013
2.15769177
2.82859080
3.42319111
2.55325245
4.46036395
5.00143067
4.00382651
4.93812210
3.44574437
3.60893019
3.68062823
3.51215121
3.83579789
3.93161023
2.37260587
3.31321558
2.38422523
4.40439759
3.02971326
4.89787799
2.71631901
4.75848767
5.09526505
2.03041784
2.83065832
3.22626042
1.53442758
2.32987229
5.76740255
4.88139290
2.56049801
4.87106081
3.42060146
2.50271828
4.60084182
3.98947093
4.81959482
2.54178753
2.82951507
3.16878936
3.42723103
4.34049579
2.25375388
4.39376902
5.60029040
3.18654227
3.37667027
4.23002860
1.83015534
2.11089834
3.86864921
3.14628751
3.72942533
3.52286478
2.46509840
4.22344550
2.95283150
4.84470577
2.96835839
3.89882239
3.33846134
2.24925285
2.26673681
3.27277945
2.02796069
3.42027890
4.19378696
3.75885056
4.17203608
3.94684805
3.33610701
2.98741712
4.05023711
5.02925392
4.55809250
5.87686734
5.53165441
5.11556469
5.04723101
1.66508638
4.27582534
2.40419976
3.59368401
2.94803055
2.92079560
3.83936923
4.10305744
2.40104438
3.72794122
1.79261326
2.00141849
1.86248636
3.25081170
2.06508506
3.22677246
4.33813476
3.06791131
3.66162727
3.41136990
4.73875163
4.46699177
4.47909767
4.64437035
2.29208903
3.19108579
2.61780669
3.86454525
4.07452803
2.95416724
2.96633519
2.96785897
2.48644707
3.40697991
5.52640728
3.62492305
4.74932269
4.58123319
3.13589936
4.58847495
4.63147175
3.06301898
4.31447249
3.43118902
3.11325058
2.74396078
4.39772187
3.18928357
3.08143275
2.47126183
2.44214306
2.29754399
3.39639343
4.26547554
5.07462109
3.48653854
2.30463443
3.99747780
4.02655466
3.97295917
4.17309042
4.01377677
4.03413418
5.30917646
1.90056297
4.17195227
2.10269823
4.16825360
2.61553539
1.59567294
2.82449964
5.12582101
3.89852749
2.68139568
2.50561841
3.16036891
1.77105574
3.48650812
2.29916516
2.12867204
5.07217046
4.10133108
4.85832470
3.38321634
3.59744801
3.95505436
5.21419597
3.48365427
4.50422216
3.22833516
2.14979059
4.11447103
2.99074502
3.14294515
3.78295849
3.35620089
1.63587430
2.37150786
2.88741558
5.36768852
5.53978972
3.15802492
3.67245440
2.82204681
2.53514782
3.96254544
4.80832507
3.09911865
4.24199062
3.04098942
3.42568015
2.77240677
2.11862974
4.34379207
4.13388314
2.83859153
2.91463394
3.46469231
3.29438676
4.42291315
2.56095427
2.09364500
4.35179322
3.85385097
4.03612730
4.52549259
2.46661512
4.53568859
3.12640297
4.24868815
3.51016170
3.45771005
3.75155016
4.98601814
3.67338160
2.46392835
4.15699907
3.78192928
1.50789932
3.56740400
4.27688581
3.82872030
4.15888907
3.62836744
2.95147097
4.19651565
3.86583560
1.62551536
1.43631003
2.47959432
4.49863835
4.03500750
4.26945981
4.59430322
3.46292100
2.99184633
5.06691141
3.56144104
4.24981501
2.94347853
5.69534627
3.57865434
4.22189211
4.41561351
2.52521833
2.03604438
3.41832654
3.29541022
3.09607143
5.35083894
3.22877464
3.19733981
5.52990746
2.09464001
3.72686500
4.51218823
3.90732681
3.85941431
2.77059934
1.64981864
3.07506910
3.15604990
3.66836993
4.77147012
3.48248853
3.36195831
3.77570583
1.46752537
5.64840396
3.33185800
3.82926679
2.37183606
2.23867068
3.75853113
2.14100923
2.61385112
3.48872669
3.71800185
3.96685569
3.29494933
3.83427268
1.55624059
4.43060480
1.33553370
4.11715107
4.37215524
3.32522554
4.57460162
2.11239597
4.82428592
4.43008540
4.41366090
1.87633176
2.83627693
3.17406862
5.58201798
4.54450469
2.99885506
4.54094683
4.26062102
2.21213774
3.56370027
3.05477049
1.83679667
2.40870557
4.89725049
3.49945614
4.47237568
3.43213239
4.11013898
2.21815033
3.45285868
2.93702196
3.30061860
4.40435770
2.94542984
3.67523519
1.44798382
5.23822663
5.32878207
3.66603695
4.46465747
4.53779231
4.66787417
3.32694009
4.26326534
3.28638335
3.69189603
4.22528074
3.41767833
3.46380409
3.79387464
3.11446550
2.09465766
2.55031137
3.60550976
3.29773700
3.40539538
3.38881030
2.11098435
5.61621091
4.67389820
3.78210039
2.04865109
3.48684350
5.34181924
3.26840905
3.50965269
5.41989518
2.32699849
1.95985623
3.67768982
4.32436180
3.12562882
3.14489991
4.06430670
3.16375145
3.29562096
5.04721848
3.87922090
3.65349115
3.18139679
2.69989240
2.33537975
3.69515369
3.83799677
3.33515356
3.72358236
2.62160144
1.58504351
5.50637734
2.00166243
3.58104992
1.96875963
3.35039817
1.42838296
2.01696040
2.13289451
2.96463616
3.93235079
3.20457701
3.19707064
2.81492814
4.94141463
2.68382984
3.71371646
4.40636305
2.30816674
3.68223220
4.12240917
3.14082767
2.75232470
2.75030607
5.34310667
2.35137501
1.90092579
1.33597620
4.74740473
3.44493392
2.54242289
4.40327952
2.21961108
4.40128477
3.62092705
2.45464292
2.86708487
5.06763207
4.78199802
2.94488836
3.66194583
3.25451167
2.94154044
3.57903093
3.89391407
3.08017569
3.38451952
3.36484144
3.78669727
3.82700535
3.31036626
2.54505147
4.47799871
3.76490753
3.02709873
4.66298518
5.78587552
3.96305738
4.15634190
3.01930810
3.28183295
2.05275573
2.74658491
2.15648977
3.16369656
2.72057576
3.10217096
2.76148308
2.26896074
2.90238039
2.92067108
3.00602943
3.79196782
5.21519731
1.99144952
3.34790530
4.36592876
5.60534552
5.24338454
2.69533175
2.64345224
3.00761296
3.83986472
4.09067488
5.85690542
5.00169143
2.80433724
2.69847134
4.06258596
1.51848096
2.81984061
2.88671943
1.87034088
3.59028242
2.38111088
2.06928242
1.93292442
3.45530288
4.38800628
1.73115694
3.31704303
3.51830500
3.55415178
3.18726574
3.60069201
4.73563764
5.16486118
2.12934026
3.63904456
2.43429134
4.25355049
1.89436449
3.41381023
1.89102831
4.67601282
3.14195832
3.72863599
4.68904323
4.84708119
4.75698441
4.23577941
4.93601688
3.56436165
4.79756893
3.37693975
4.36883140
2.87887590
1.18763309
2.79378887
2.18662185
2.88260822
2.10693817
2.61140026
4.14524518
5.56810834
3.16055331
2.22043065
3.51265383
4.07545764
2.41356155
3.78156500
3.92606765
2.17706269
2.75572563
5.14839175
3.50824385
4.26089625
3.81474170
2.75253169
3.29155105
3.35796200
2.76561498
3.21749986
3.56495974
3.91991566
2.38759775
5.06543632
4.20046771
4.58793144
3.09903656
3.85349762
4.33188529
4.10405887
3.45438133
5.42435739
2.95031132
3.30147131
3.21651575
5.17792042
5.04703735
2.77016389
2.12147423
3.86901102
5.37602351
1.82981474
3.33151720
2.40845267
3.72449579
2.35167943
3.32644267
4.49261213
4.27162097
3.25654528
2.11191811
4.10913761
2.18162135
3.17592794
4.12752328
5.06427663
3.01909787
4.79884915
3.61610055
4.14981565
4.89073646
2.33669093
3.46991562
3.41533964
4.40897865
3.32377730
3.69803800
2.73416618
3.13964379
2.63149151
2.16325641
3.94896471
3.63689629
5.10889224
3.61575104
2.35572798
3.48535788
3.67294925
3.30465040
2.63241904
1.96057085
1.95667461
3.57750710
4.54127302
4.48542450
2.28358223
3.38163283
1.33138975
5.00156354
3.27206455
1.46013942
3.24090891
3.19120302
1.78343143
4.28943861
2.34571617
4.67618106
3.71251279
1.93386013
3.22428474
2.88748656
2.27988234
3.99695305
4.00591305
3.73990541
3.51991657
3.72794249
4.34227556
1.06283515
4.06905886
3.59571931
3.18985997
1.92972401
3.64381527
5.27164720
2.51352029
4.09499668
3.75816445
3.46637742
3.11903155
2.68873533
2.76522079
1.44476795
3.29518813
2.63579079
2.71814556
1.29691002
2.29364386
1.95740479
3.33045780
4.17217106
3.89734858
4.17983066
4.97605229
4.68706967
5.42609172
3.01584610
3.70438862
2.09670420
2.00031992
4.30145764
1.65647139
3.57336283
4.73205208
3.86150304
3.55239797
4.56484942
4.73437114
3.04426382
1.58140643
2.70896550
2.43862841
3.60660653
4.56051243
2.65949511
3.68115252
5.44757749
5.13798032
4.43294543
2.86891108
1.87978217
3.60302969
2.51420229
1.75622964
2.69428643
3.52333505
4.46316610
4.96232876
2.71618315
2.96703254
3.64333987
2.83209591
5.36437417
5.47610368
5.94724717
3.59016587
4.42052351
4.74316267
5.02246423
4.96103863
2.77854411
3.60382967
2.00595672
3.02562100
1.88738686
3.99202918
4.15331776
3.05723356
2.41630648
2.41570837
4.50341008
3.42778140
2.86318545
2.79562691
4.34782169
4.39744304
3.39290329
5.17002587
4.27845025
3.69888839
4.63414464
2.30313951
5.46543797
5.29969256
2.97944609
1.64567010
3.07158501
4.07426892
2.62468772
4.88050224
3.33827532
2.33930089
2.65064165
3.94708909
2.38185570
4.30430803
4.89059621
3.47309961
3.11831442
1.46163872
2.64448052
2.45207168
1.98801258
3.28783737
3.99132047
5.29097273
1.78112725
3.35099083
1.51826351
4.01172531
3.36837185
3.51631475
5.22581572
1.92591146
5.02046553
3.41489673
4.68534102
2.01202621
3.25372932
3.68816969
2.71627850
5.50980627
3.76809339
4.74334484
3.41694029
2.90631681
2.54770573
2.85268998
2.32415842
3.02363495
3.07323905
4.90219522
3.29345553
3.82812536
3.34889867
4.44282426
2.88282043
3.36645901
3.57604077
2.42020577
3.58957593
3.39368294
4.30921621
3.55627562
4.73123235
4.29380486
3.30936185
3.82903693
4.07762660
2.80351259
2.06276707
3.34426120
4.53305288
3.83480483
5.06334982
4.61560999
3.23349732
4.35246583
3.95968255
3.86731287
5.36549500
3.29747284
4.54711475
4.94619379
4.32953431
4.45758139
4.83924499
1.77749380
3.56233966
3.97148991
2.08190168
3.52159502
3.39876974
3.31314116
3.07669795
4.18640618
3.79547502
2.13787443
3.06013228
2.92282704
3.05486424
3.28229853
3.63811299
2.57836484
3.87933592
1.99491215
2.40469051
4.80663214
3.65213726
3.13465387
3.37768810
5.12811201
3.28261888
3.60972102
3.26282754
3.31023239
3.27006034
2.73915233
3.81185279
3.28244796
4.33164737
3.00482570
5.16906077
5.02468398
3.00658821
2.82167892
4.10455476
3.46515278
5.08976255
3.98911690
4.41144197
3.89621007
4.06470289
1.89672583
4.49810331
2.26457407
5.39711441
1.34257044
4.33556957
4.41488717
3.11654558
2.48250703
2.92394428
3.46325571
2.55522819
2.46410116
3.32072013
3.95006000
2.42951146
3.70889512
2.52774173
5.26898266
3.14072136
2.09192648
5.66247392
2.59185994
1.23868245
2.42755544
2.84314117
3.60661669
2.43254581
4.70581478
5.59620958
3.85820190
2.34997277
2.43365251
4.84858953
4.83009821
2.93713061
4.22059362
4.69584308
2.12663476
2.95836245
3.90850362
2.64158666
3.71398911
3.49579998
3.08029256
5.38218562
5.15042036
1.16559369
2.69255481
4.46474358
2.58393154
5.45884182
2.86229590
3.27529585
2.51821592
2.18170516
3.99805402
3.31802226
4.94539780
4.91060148
3.50088011
3.62520110
3.41673503
3.19477912
2.67079656
4.89153215
4.47010618
4.92997606
3.23951104
2.05536286
4.55576217
3.39327654
4.61031784
3.05325828
2.69947784
4.37068399
3.92127589
4.85326127
4.11489568
3.12533495
3.95790830
3.12609600
3.82450973
2.14568504
3.72682496
4.04247390
5.07139434
3.67940437
3.16182573
3.18856743
2.40143845
3.50012577
1.96919816
2.47062353
3.76850235
4.17059596
3.02907975
3.63359443
4.86257023
4.75718527
5.55491126
4.14757020
4.58362795
2.01711868
4.87316358
2.71970335
3.18165184
3.02119637
4.22067698
2.56822228
4.05575045
3.49117878
1.86710811
3.34903631
4.05315755
2.32241721
4.15513574
4.75434176
2.83143083
3.32871719
4.21123321
3.80654417
1.94486710
5.18782824
4.61497124
3.74971867
3.78880087
2.38235982
2.72497128
2.69473616
4.38310971
3.62232951
4.64478582
2.30308963
2.19890574
2.30195571
2.97213815
3.29836106
2.83004906
3.48471347
4.51011057
5.47317549
3.78377514
3.72707815
2.02902612
5.11339518
2.51238431
3.74278811
3.95292514
2.39021322
4.03059797
1.97586359
5.00469438
5.27471179
4.56084215
4.59202546
4.37906242
4.90835687
4.62137548
4.21456351
3.42283164
2.61680734
3.81983483
3.42211052
4.58687294
3.38332263
2.83742798
4.59218416
5.07456604
4.60195927
3.18665925
5.11576557
2.14652401
4.80965317
2.29812998
1.32458917
2.45159731
2.35019042
2.83961204
3.16422489
2.53930865
3.55197593
3.39324900
4.71244012
4.36902622
4.00541515
2.71439562
3.08373483
3.16633930
4.90463074
4.26826269
2.57734989
2.88725626
4.17214204
4.08819036
2.11745430
1.83600130
4.21404145
3.22202966
4.60062401
5.14234265
4.65710830
3.63076769
4.20713062
4.33954105
4.29820675
3.37618872
4.54896484
4.69416354
4.25022074
3.28201923
1.71892583
5.72416408
3.89768513
2.97566161
4.37151364
2.00178850
2.77917844
4.31527698
2.90776832
4.87301774
4.89244897
2.17963438
4.15260555
3.63541934
4.67215204
3.94579946
4.10460484
4.50143378
3.51898278
4.70239212
1.90461248
2.33427807
2.26289465
2.84379894
5.61092801
3.67880560
3.32200058
5.16338231
4.68524882
2.51981726
4.07265947
4.41138460
2.78495407
2.48547531
2.57515742
3.00588169
2.52371513
3.37362755
3.30329894
4.18279682
3.80382616
3.41400559
3.90513000
3.84364157
4.14005465
4.08941753
4.27592065
2.70730734
3.08621788
4.12421121
3.85344155
1.59488672
3.44209773
3.40844079
4.54947479
5.27416057
4.35971230
3.66132543
2.61040567
4.76304276
3.28436917
5.54774528
2.95364833
4.33893084
4.85733138
4.24667609
1.65556449
5.22356706
2.97333340
4.63061999
3.77044073
5.51067066
2.12759069
3.25024651
4.53899585
5.37625816
3.50335259
4.72861375
4.79879644
2.95922509
4.94245464
4.95449615
3.53786467
4.52241867
4.50773264
2.62450148
4.53666887
2.60208698
4.78756700
4.21881598
4.92259345
2.82624680
1.90923209
2.90557255
3.71489116
3.93016833
4.41913187
1.65399369
3.06702691
3.71983123
5.25440883
4.99661647
3.91722847
3.83186267
4.97182001
4.91606365
3.63696580
3.11112464
3.71617980
4.24198089
3.52098697
5.77477337
3.10207558
3.22891658
3.59144478
1.25427073
2.24896856
4.14607676
3.69255449
2.70448305
4.65119827
2.24504406
3.23112950
3.14165965
4.38081569
4.38170584
2.17224771
4.51973897
3.81257579
3.85379276
3.02820783
3.27708713
3.12682715
4.17558548
5.08284114
3.48342943
1.78744180
3.04650343
2.97215018
3.18939193
4.00833550
3.18044557
4.49615260
3.42872621
3.91353418
3.94790971
4.66571398
5.04594695
4.16214903
4.44307288
1.99206044
3.61976799
4.25102874
2.12317165
3.90556734
2.22537881
4.02426371
1.57767757
5.94432734
3.12625984
4.11012327
5.26991899
3.98190676
5.20889090
3.07241318
4.75395702
2.76760578
4.07136367
3.50464704
4.40467929
2.43144411
3.64956503
3.61183143
2.60923190
2.36000015
4.61225470
4.51607063
5.15306569
3.97813763
2.97901649
4.08860356
4.69402954
2.97556047
2.51271900
3.05229118
1.25309958
4.89604213
3.91077777
3.41497933
4.06048947
5.76108280
2.66716701
2.98556804
2.38104294
4.02865331
5.69978563
5.29102457
4.60296639
4.19159127
4.43543802
1.65398378
3.40911543
3.19912126
4.01734683
1.50698559
5.26020523
3.63887672
4.64777080
3.21080564
4.70447138
4.74570804
4.30095728
3.21074140
3.18846360
3.80746701
4.63931510
1.30612232
3.07881137
3.91686446
3.93834975
4.12471883
3.01495644
1.77240399
4.67355926
5.08513118
5.49800370
3.86030094
4.14514506
4.69664556
4.28099797
3.35320206
4.11404880
2.48745084
2.66109059
3.44042756
2.39548187
3.66851602
4.18421590
3.05836343
3.20377107
2.33183415
4.55805409
3.11853826
3.76499985
3.54814522
5.22921286
2.83482496
2.31158081
4.17065656
2.61571689
4.13011408
4.54555150
3.96768542
2.39605020
2.35671166
2.00504183
2.39855494
3.04115274
3.69362072
3.99101741
4.41348072
4.43592891
3.58777191
4.80905971
3.59959163
3.47198174
3.98517502
5.05360003
5.31163453
3.90344296
4.85186915
2.00968039
3.61731908
5.04292534
5.11345580
2.46997101
3.95366493
3.03477978
2.14590538
3.86242994
3.33211974
4.47799618
2.32923367
1.55664702
4.24662296
5.08124308
2.92955124
4.06457022
4.63019638
3.31769757
5.20389506
3.57396905
4.27204872
3.20747291
5.12615765
4.35064561
3.04858785
3.89060789
4.01133541
3.51806033
3.13814044
4.06373797
4.06922424
5.07069576
3.58058512
1.63872460
3.54759643
3.70013766
1.10951139
3.14167524
2.62879932
5.11050936
3.62592285
3.40594315
4.62262254
3.97255128
4.49890969
4.02285180
4.75218649
2.01329385
4.57012123
1.29904555
3.45851150
4.46092832
4.30527606
3.62952397
2.65333294
3.16213626
3.47735326
1.73057382
4.22863406
4.16179468
2.58251438
3.08696873
2.88527436
3.88263001
1.38121245
4.25296304
2.47199786
1.26505049
3.02335017
3.80676230
4.03001150
3.32504268
4.65775586
4.79330936
4.61723046
3.56067404
4.74265202
3.40038116
3.74019335
3.98539989
3.46519755
5.39814762
3.85055640
2.28902923
3.24459083
3.53250015
2.86698201
3.22486011
3.73462742
2.59761381
5.06214356
2.79415160
2.55801196
4.32336299
4.40847414
2.64675557
1.69613047
1.49836729
4.10519356
2.83938778
2.52439531
2.40959994
5.01305408
3.69067407
4.92468137
2.71464777
4.10215132
4.44476353
2.72277825
4.77286783
4.27205362
5.30295697
3.89018953
1.74684202
1.53240873
5.10545523
4.51601644
5.44568730
2.03609341
2.04298798
2.99606946
2.91693542
4.83587758
4.25073998
2.70275760
2.20385228
1.48948098
3.48464820
5.09071159
4.97022319
3.26680647
3.30279910
3.25950306
5.35478682
3.21704043
3.27231198
3.43622845
2.95265648
3.73221695
2.69475025
3.65713232
5.73122411
2.99774874
3.69075894
2.61885124
3.47319811
3.34933384
4.20728297
2.23626542
3.99958280
3.55955376
4.10837687
2.38535179
2.96056322
2.95638456
4.48327286
3.12583823
3.39241557
3.02974880
4.15303078
3.38986496
3.52371952
4.31114273
3.07974910
3.18926563
2.97430500
2.81527886
4.97997289
3.83548632
3.52552246
3.71159086
3.41659069
2.48256759
3.55058162
2.64735353
1.99116862
3.49502035
2.47886006
2.27307714
4.98132603
2.20883310
3.32823935
3.02474151
2.36541367
4.09525391
2.37468255
3.09634147
5.14941112
4.15339704
5.43842312
5.29012177
3.25861702
5.04913023
5.05129177
5.56078549
3.97936123
3.08410494
4.42986374
4.57386639
1.53362504
3.52019816
5.21426535
1.97736194
2.84211111
3.60104055
3.84263513
3.33962995
3.37896156
2.80371191
3.71639061
4.33545793
5.24397868
2.92009142
1.97160870
3.26612066
2.17585894
3.00875610
3.20698326
3.87814758
3.20260731
3.57472728
2.92898012
3.19942807
2.97295522
5.52577128
5.75996589
3.74018863
2.53526152
2.52036637
5.11524321
3.41028247
1.92803224
5.26385481
2.09008117
2.38313826
2.91885124
3.12570460
1.70798624
3.89062083
1.57616976
4.64221208
4.46661484
3.06196309
3.58105963
4.03538265
5.27788539
4.42383455
5.28369065
3.32013319
2.93400348
4.55751821
5.48194933
3.88836595
3.64127053
4.16307364
1.74727205
5.14987000
4.44870203
3.40927047
3.34542229
3.37641253
1.55863826
3.45198274
2.89759756
3.83678855
2.04168608
2.88264082
3.39990808
3.62700380
2.88848718
3.12224367
3.56692546
3.79117190
3.61596392
3.90534085
5.18765576
2.39511315
2.80585049
4.00229958
1.27994792
5.15604834
2.48847335
3.20707846
3.30200419
2.04818757
4.69490078
1.87163592
4.52731623
4.49542000
4.28573829
3.89700759
4.91200594
3.32871697
3.82500215
5.59499282
2.88120710
5.12726683
2.30266013
3.71329726
3.93377964
3.87876658
4.91958454
3.67088430
4.81230485
3.58570102
3.43381882
3.67919457
2.70796593
3.01084712
3.22721540
1.92879900
4.06757477
3.69664676
4.28665876
2.39995696
2.04266182
4.20949794
3.70424355
2.60945762
5.46820238
4.75142041
2.08593448
3.73502855
2.98120869
4.34795795
5.41839032
2.56250199
3.48707375
2.76258605
2.47879102
3.07983566
3.65420866
3.60429954
3.28266301
3.29599072
4.46517185
3.78646146
3.84985411
2.49157643
4.57514464
5.06140034
1.72896556
5.61207658
3.32626389
3.29664945
5.25570514
2.39337965
3.23897874
2.97512790
2.43078149
4.06324046
3.14925466
3.09296957
2.58811586
2.59120761
3.88310430
3.69511221
3.18430414
3.96345700
3.45758093
2.23016526
5.07541782
2.83787823
3.27002640
3.22248118
2.55738914
3.68866682
3.08502186
3.45076136
1.73138169
3.17858124
3.35114587
5.38893393
2.41570418
2.50093046
3.47730038
4.10644698
4.86098119
1.81226350
1.67102186
4.64152705
2.93545099
4.13063891
3.28885061
3.05235886
5.23241689
3.20325854
5.37148787
4.91754870
2.21203464
3.85115577
2.63412635
2.49863998
3.52477478
4.17753514
2.15499635
3.59385564
5.07405511
4.28026609
5.35282549
1.30364871
2.66069453
3.23794013
4.06656676
1.99504808
3.21199605
2.64280683
2.64840548
3.69319322
3.13342259
3.33281027
4.95371221
1.44485750
3.73098592
4.72885395
3.95926486
4.89016635
3.43762500
3.31232831
2.46371954
3.84512232
3.23700628
3.28184120
3.42196574
2.63895588
5.21333501
3.30699819
2.93765801
3.26672648
2.06592243
3.55098543
2.78587230
3.60900515
5.21241044
4.26261437
2.56049140
2.53687586
3.26471125
3.74239369
4.13858035
3.66189909
3.69687583
4.36610026
3.12666870
3.80708767
3.43426141
3.10322683
3.30151288
3.46635064
1.37852431
2.59659088
3.28056829
4.58626769
5.04312070
2.87329486
2.25505662
3.44546257
2.00915426
4.63613461
3.59117065
5.72325037
4.82156574
2.83845888
3.95261460
4.54063967
2.73081580
3.87438905
3.82033457
2.82317687
2.84536890
3.72021463
5.38294981
3.77652633
4.29544190
2.74168605
5.74405186
2.58208598
4.41863755
3.13583279
2.24019473
3.61134457
3.26323939
2.10484095
4.88605563
3.02409289
1.86510044
5.36343078
3.56090203
4.05700735
3.28921470
3.96008080
4.52315702
4.12553092
3.33721653
2.64635133
2.18751117
1.55338237
5.10720931
5.15746688
2.82168549
2.81043110
3.25248093
3.27122256
4.41760608
3.58108123
2.32082004
2.39118630
3.96440762
3.80171462
3.96630316
4.15407484
2.19833882
2.99714895
2.61057904
3.69008767
4.12729941
2.81247320
3.29083274
3.16888919
3.72539431
3.57802893
3.96676862
1.64283605
3.16554711
3.56171237
2.46910693
3.95295233
3.30587098
3.25417824
3.05724578
3.59206193
2.86815155
5.09893260
1.71389580
5.92339345
3.84445253
4.02070838
2.83965153
4.03187940
5.14051100
3.42192332
2.92061958
2.23927751
2.81224566
5.00842636
4.02737998
4.44314843
3.47435753
3.87214488
4.16371325
3.44363024
2.55765882
5.19965122
2.51868219
3.30085634
3.56442194
3.29207336
3.08581338
4.51976982
3.31869699
4.77318087
4.89827981
1.48799335
1.43120210
3.42888325
3.78914227
3.09632010
2.29604745
4.06278443
4.12086340
3.35029733
4.90920991
2.06884308
4.33846435
4.03528056
2.14633159
4.11359486
4.98585065
3.62624261
4.36007172
3.38679891
4.48498978
3.13752781
2.25489771
2.82077705
1.51277926
2.98664806
3.46985727
3.99512068
3.22060047
2.70012385
3.64752989
3.13484622
3.32670961
2.41827916
3.49001218
3.67648653
3.27177318
4.15980589
3.40044780
2.31801183
5.66301222
4.18581933
4.28126891
2.28487992
4.64257500
3.05703278
1.90797256
3.73592175
2.60091496
2.10658531
3.01991125
4.29917469
4.31610610
4.05496320
3.86723366
2.66918193
5.63518503
3.87236176
1.42576736
5.01368302
1.72376464
3.74774038
1.33929182
2.62902639
4.69532070
5.65272998
4.87130625
4.85004126
4.59170913
3.99245849
2.24605290
3.66151260
3.72162779
4.21426569
1.73121290
3.27480864
2.27389283
3.49918572
5.16234785
4.12461734
2.90755599
1.78998109
3.83181672
3.80715388
3.68104560
2.91341892
3.76255362
2.42260782
4.71766988
3.93338592
3.85974870
4.10100473
4.41497794
3.62534497
4.28113014
2.68206331
3.29062969
3.09154277
3.08920198
2.58603534
2.71758228
3.04028367
4.34644829
3.35392205
4.33655697
3.13149151
5.28717092
5.65186655
3.84390657
4.04468743
4.04728386
2.72592865
2.63815981
2.55441776
5.15604378
4.35985407
2.46867514
1.40207244
5.09135260
2.82985684
1.76499304
4.13194065
2.17292382
2.16683954
2.73563177
2.81325659
3.91526120
3.22788256
3.11022803
3.69889461
3.18505394
2.64523951
3.05908009
2.37527902
4.60524936
3.66248255
3.85930735
3.33698039
4.62071989
3.68384727
2.78699624
4.17337622
2.48809780
4.55423323
3.49985917
4.18366010
5.17500692
4.65372258
2.83508873
3.74038988
4.25157735
4.33188503
3.48224642
4.10067150
4.82978497
3.02354435
4.90118065
2.61798135
2.95381405
2.57908708
4.64012571
2.93653643
3.56729744
1.90880109
3.86928908
3.75402769
3.78094519
2.98213729
1.98039105
5.61743825
3.13672836
5.03919439
3.01277681
5.47057441
3.91244150
5.06313286
3.95187727
3.30084361
5.23312316
5.62863018
1.60595131
4.23671986
2.35347020
1.18289615
5.80219829
2.82624320
4.44803793
5.63217293
4.55348596
3.98080622
3.09367421
2.79805092
4.13209509
2.19738674
4.35129220
4.37433774
3.64703853
4.67629215
2.45174227
4.95662399
2.25666846
4.83038704
2.56320024
3.03309533
2.55844199
2.93568208
3.96514513
3.01654730
3.48287154
2.80206829
3.17665585
3.96396486
2.67884249
4.84688716
4.18441273
3.07143535
1.91263710
4.33293337
4.88844569
3.84856973
4.41315969
3.78639282
5.23132744
2.56801300
2.88101459
5.73912543
5.69916613
4.65203122
3.53924432
3.44360795
2.48040822
2.59956869
2.63869199
3.08775850
5.04111858
1.37357499
2.24110799
3.79077082
3.22306094
3.35980807
1.88827734
3.78999233
4.19355841
3.07472556
4.42560030
2.73278653
2.17376956
4.24148299
2.78371514
3.36622630
3.34467228
1.16946359
2.43190819
3.67137114
4.67770344
2.56417087
4.00221246
2.61778748
3.65965907
3.96072110
4.74325258
4.21787746
3.47911560
4.91557949
3.49804980
2.93948792
5.21428930
1.40758958
1.81015724
3.78917748
2.40990706
2.59075218
3.54765174
5.00742595
4.15331806
1.60761596
2.09466495
2.82097639
2.85773210
5.11354834
2.69529240
3.57640669
2.43312646
2.97856150
2.94487593
3.83293332
3.87301965
3.32477443
4.20881054
3.62135673
3.50796657
3.62399857
3.40918352
4.57996362
1.77428560
3.52134029
3.15470959
5.55710786
4.81918495
4.36712031
3.59958216
3.52409791
5.11111117
4.13081587
4.20201728
4.77092504
2.94679960
1.93713816
2.71342256
2.86127264
3.34416228
3.90576337
2.26428021
3.20215342
4.78280549
3.79264233
2.82298921
1.83742737
5.10162499
3.12221972
3.08906798
3.20335961
3.08558360
3.56630013
3.04227514
3.08828369
4.37143183
4.26670455
3.40436230
3.91734193
4.77478844
3.61526717
3.68032892
4.73718072
2.98865432
1.19612839
2.73120569
2.90438500
5.32608912
3.66168650
2.49054894
3.48534234
5.27743632
3.25497645
3.97198507
3.25413329
2.62513890
2.00765063
5.12529998
1.42895095
3.20684356
3.33414263
2.38372502
3.91645891
1.14014834
3.30900137
1.90522697
1.83740300
5.42000407
3.85578902
5.04576590
3.48569854
2.27243684
4.39234267
3.01264115
4.12712105
3.49591466
4.66860573
2.93120164
2.67263446
4.24433779
2.09964129
4.21835332
3.26529752
3.80328848
4.33784617
2.69145236
3.19859473
4.88383220
2.14479033
2.75132952
3.83794509
3.30581848
1.31451268
5.26334674
3.34604753
3.16528588
5.46651073
2.92054387
4.01662870
5.17823197
3.96806752
3.40808915
2.90006463
5.36566505
3.56196562
3.59840373
2.15825426
2.59251117
3.46704436
5.29148654
2.71502902
1.69560559
1.78546252
4.67512208
1.27228890
4.03365478
3.49193503
3.71481012
4.14096162
4.26471067
2.09661851
4.59341223
4.08978795
3.50435554
3.26472674
3.10566678
3.54384221
2.24045202
1.74236324
3.57287971
3.96860353
3.97796887
5.37946469
3.87825528
2.15429943
2.56004965
4.35715483
2.13348652
4.36914976
4.95914743
4.91821502
3.77238221
3.97904500
4.55470506
4.96578368
4.52746256
4.63509965
2.51151678
3.83680320
3.28061275
2.00942699
1.84556306
5.37313917
1.68903938
4.81338859
2.61176704
4.60470282
2.27293111
2.96147729
4.87077699
3.92531424
3.31138120
4.74789951
3.68953551
2.08344968
4.92828581
3.28182821
4.90305254
3.62642287
3.66008813
2.68120468
4.21245536
2.62795640
5.08239472
4.15387322
5.41704507
5.09550543
3.23264674
3.59873912
3.67574535
4.39510231
1.60118483
3.23854679
4.16598541
3.34789693
3.37320285
2.54978069
2.85571548
2.84397379
3.38924180
3.38409849
1.82690921
4.88543319
3.45203156
3.17961178
1.68656378
2.91213000
3.64264429
3.53923604
3.07386479
4.07986988
2.71907963
4.20723770
3.11983899
4.35226898
2.95555806
2.10401269
3.43847453
5.33388942
1.44095504
4.08303664
3.82594435
1.71366914
3.38996479
2.95283364
2.81722473
2.50407082
3.43073885
4.06071632
5.09705733
2.95278113
3.11790072
4.36395659
1.48485903
4.57019736
4.57999433
4.91795227
2.31084049
3.15734518
3.74558002
3.58986150
4.47325032
4.03527724
4.50234835
2.56008272
3.81431818
2.36840871
4.92877794
2.30286444
2.67512618
4.54065202
3.39802005
2.74123520
2.58729444
1.48461941
3.38884874
3.15035055
4.03202280
4.18056803
1.24867174
5.13725969
1.54468679
5.23316870
3.43875335
5.15400126
3.16584251
3.50058562
3.95195708
2.00484349
3.33715109
3.69176056
3.62847181
3.18739051
2.81338969
2.16420136
3.50514159
4.16118268
5.50937239
3.84598078
1.61917552
4.26632519
2.92326031
3.27205804
4.34717028
2.01858526
4.37539683
2.66644154
4.39553416
3.38630473
3.27445990
4.31811764
2.96855771
4.40838088
3.47037952
3.19007648
3.42553247
4.14147475
2.97612513
1.26717218
2.89847521
2.92851227
4.93812345
2.58996106
4.37717176
4.35944998
5.20772383
2.23806743
2.17841039
2.04918325
4.71378442
3.71803338
3.50143116
4.48638117
3.05910853
2.27701450
2.93177392
5.21093846
2.36111699
1.60509035
2.79086367
3.95664127
2.32979854
3.20536438
5.13882859
2.14954961
3.92363640
3.90243429
3.52320196
3.28150568
2.14686557
2.52622033
1.72631564
2.68208351
3.64907160
4.24954486
2.79934897
4.59120164
1.76079780
2.87426316
4.58115327
2.18852664
2.94648418
2.55215144
5.18512818
3.36470182
4.37871752
3.49316440
3.59758256
1.52334140
4.93542842
3.65508087
4.06616879
1.58163696
3.89432725
5.22496238
5.86713555
4.09132899
2.94652728
3.39425561
4.82530052
2.53070275
2.87395943
2.99577620
2.12080058
2.82217394
3.83283945
1.01221724
4.45183330
2.50893575
2.65810452
4.78223254
2.53276000
2.27804529
4.45139240
4.42155039
4.69209660
2.14623355
3.93779276
3.54298044
3.99507500
1.12862936
4.67425642
4.80058204
5.85061368
2.58949398
3.66520432
3.59966892
3.47269286
2.72796924
5.28853474
4.50573127
3.35128543
4.28074853
4.15788302
2.95176249
2.04815132
4.02748585
4.14464462
2.28488427
1.66795914
3.56366486
5.25592857
3.00956957
1.76535531
3.05955566
3.91226442
4.77616989
5.23375691
4.85279352
5.39154232
4.72985879
4.88180094
2.72602009
4.80332181
3.27651049
3.43853890
3.59993368
4.93030151
5.13843818
2.63862168
3.62600151
5.62139782
4.76432320
4.32387631
2.79199319
2.64353707
3.22407228
3.15783193
3.65740086
3.99692207
3.66074656
4.08490915
3.21471757
3.67118986
1.68811205
3.07614270
4.62645198
4.16753393
3.31376761
4.48846377
2.71666335
4.83452054
3.53421283
2.52472475
3.59970752
5.66298469
3.68962428
2.81680512
4.70779034
3.15804786
4.98251499
3.06429376
1.73283153
3.75395577
1.75585822
3.94639883
3.62704825
3.46009051
3.69266268
3.18489301
3.31057365
5.02416798
3.54039306
4.17105800
2.61333226
3.37128747
1.28003529
3.47974813
2.73229997
3.92515671
4.35101295
3.87884983
3.61418289
4.14047187
4.10956689
3.60256923
4.67745553
3.67308820
3.63961663
1.19213695
2.66660488
3.08727340
3.85152858
3.11767522
2.68533346
4.84699184
3.49562177
3.68012851
3.08438033
3.56082422
1.78364869
3.35231550
3.88352573
2.54778340
4.75289473
2.75331612
4.28625084
3.26394332
3.32394586
4.86056380
2.59943061
5.47745437
2.19458081
5.34916943
1.49934397
4.30217453
4.27865002
5.10815935
3.08919168
5.29780227
2.84020974
2.51846660
4.07221866
3.31705291
2.78958632
3.48767028
4.11844355
2.12807697
3.79945164
4.52163447
2.63190490
2.56297474
3.46539687
3.27335436
3.12923919
4.54091804
3.67689838
2.04447346
2.81931254
5.28704599
2.68097537
2.62509190
2.72753392
4.91595813
4.01224533
5.64264235
3.33738416
3.77128435
4.02948974
4.25076600
4.72560102
3.51046734
2.24024844
3.02427769
3.54636718
3.39654967
2.91136750
3.33646503
4.47375398
2.10641358
2.65483175
3.78012311
3.34058005
3.58757806
1.74461911
3.35388234
3.21575043
3.09331403
4.36172036
3.67054325
3.04104759
3.99849441
4.78087422
4.35428835
3.70225264
2.34625256
2.70397365
3.07879759
3.53838048
1.79817842
1.51150578
5.85844977
1.79671974
4.25843814
3.14479401
4.23994899
4.42027388
3.41485921
5.14821703
1.45187116
4.30810653
2.28767931
4.09198589
4.35478194
5.31800021
1.59931338
2.66246640
2.19473376
3.28474391
3.37614966
2.64844031
4.19810571
3.20627105
1.16604165
2.86810530
3.45590656
4.50377603
4.60281932
4.77301963
1.83081711
3.39084320
1.77179895
4.03160382
4.78040462
5.39052902
2.92792745
3.83621792
3.52509813
4.41824385
3.59085307
2.49423924
2.39966973
2.60218637
1.38887077
4.05497147
4.01212331
2.14198991
4.24634680
3.79062256
1.49404822
2.01014593
2.60688310
2.79099494
5.66165186
3.17967650
5.35713864
5.24793780
5.31684117
3.81543362
2.96388089
3.19701766
3.70287956
2.99530957
4.55949692
4.05026925
5.78930174
3.03154873
3.30884981
3.69529556
4.59592542
1.34125759
3.86302253
4.75239162
2.67595491
3.06911581
2.05314730
3.27277326
2.16332812
2.79419753
5.20017515
5.22739802
3.44961439
2.65671836
4.01409621
4.07727176
3.59092721
5.11942981
4.02877796
5.03254093
3.45547181
1.33228894
3.36624439
5.29907634
4.90750404
3.19793754
4.34687588
2.67766095
3.48363320
3.73943115
4.05966530
4.82229999
3.05255753
3.75056478
3.47932237
3.28057852
4.35947773
2.96304805
3.56467469
5.13039715
4.14158962
3.59368906
2.49546965
3.09382351
3.16121371
3.13865238
3.30233824
4.95020285
5.03827554
4.16076289
3.11733754
4.88707766
3.17400684
4.06973328
4.12014524
3.11887229
5.34289388
5.02409956
4.47763573
3.16970497
4.69005576
3.08755480
5.17222328
3.65809574
4.40639129
4.15127802
3.08701465
3.23774498
3.76398982
4.38776092
2.06346896
3.53996390
2.97945712
2.63054184
4.36991976
3.02974387
3.53296418
3.57816225
2.61696960
4.62885858
1.60598267
4.09956743
1.62842445
4.27579849
2.71082712
2.67207944
3.62409100
3.78374384
2.87028034
4.11197631
3.29341638
4.42418837
3.36573460
5.76161814
4.43660616
2.60523247
4.60743743
2.17596654
4.32251238
3.32997043
2.59058718
3.10525061
3.26024010
3.31180288
3.68617978
4.19943832
5.10407684
3.68991177
5.17566411
3.86407905
4.50900560
2.22954138
4.97362016
5.57598870
3.72671864
4.20813522
1.89282972
2.72115548
3.07970502
4.87978485
2.59126639
5.14615044
2.47364160
1.97685288
3.00068708
3.11823329
3.90597310
4.14903881
3.07166429
5.26825003
4.40122337
3.05656243
1.58005393
2.34432548
2.65123583
3.02554584
2.52505033
3.23325979
3.36119796
2.74008147
3.80913585
3.71044443
3.39996023
3.38687948
2.42538908
1.75801921
3.32581669
4.48479464
3.28777173
3.54489845
4.20657030
2.32293840
3.62517046
3.79120033
2.87536268
3.99748870
4.02012648
3.24351986
3.86140382
2.47871604
3.20834163
4.36639231
3.20739389
2.45615045
1.66520602
4.10919974
3.23308531
2.90122066
3.79074882
2.23668015
3.02708961
5.35310256
2.66456953
2.71510436
4.54668986
4.37492069
2.37746381
4.02509254
3.67807552
3.44385233
3.35661394
2.02594820
4.45707315
3.23009057
3.38637017
3.62529382
2.87310227
4.78602827
3.68680575
3.51169864
4.27674231
5.10843190
2.94738433
4.58689513
2.88395250
1.85277962
2.62323505
2.98808727
3.21764294
5.17034505
4.08668640
3.21975965
4.04995149
2.70501374
2.38686685
2.91830289
3.00623703
3.72822609
2.40533570
5.15167706
4.46445623
2.70684640
3.60586464
3.91024105
2.23124698
1.29016418
4.36164611
3.07378201
4.19869804
3.26863997
3.50336125
5.64368535
3.78344059
1.99841429
2.76669619
3.40809191
4.92235373
4.10200446
1.72805194
2.46179531
3.74683210
1.94702037
1.60234904
4.63153865
3.28022022
2.97113651
3.43698480
1.36127587
2.60067419
3.86296384
4.77115689
2.49086965
3.88436775
1.92487122
4.23992336
2.61560359
2.09161606
2.13521255
3.38752557
4.84279296
5.28114651
1.49382188
4.11465654
3.26568444
3.63540247
2.17604505
3.71951363
1.35374147
4.75242188
1.83698264
2.40263075
1.21231823
4.10748887
3.09902533
2.89064127
3.29363134
2.81041313
4.82216899
3.49427942
5.14484475
2.38194744
5.19800290
4.45108403
3.65798953
3.24551066
3.52467118
2.81342462
3.04034643
2.47803923
3.71151323
3.42762630
2.85282545
4.58644673
3.12849556
5.21012608
1.96778277
1.67382729
2.85695370
2.96174946
5.17662181
3.83219473
2.21456873
2.87135240
4.43143130
4.44620581
1.61890979
2.14522997
3.83381954
3.31497196
3.42027961
2.35884955
3.98801028
5.59672030
2.77600678
4.66262205
2.21417191
4.05372092
2.45473448
2.88358166
2.87185793
3.42255370
4.15066178
2.85000023
4.17234275
3.95744410
4.45409979
2.92611902
4.36254343
3.79205367
3.56611118
4.27933665
3.54212384
1.73776734
4.16140794
2.31234839
5.12928442
3.48417570
3.99508843
5.47788811
3.11964641
4.89010666
3.91520091
4.35388057
5.28654629
3.65121742
2.88452730
4.89196787
3.34996183
2.60281359
3.43138680
2.66253020
3.89519796
1.76421876
2.14066550
2.20447726
3.45136636
4.45367404
2.86268429
4.74824291
2.64359942
2.90040325
2.75892362
3.61557203
2.71184513
3.25313575
3.12002990
2.00984461
2.94299586
3.73203528
3.08293458
2.69583845
4.69201022
2.89363911
4.94032325
3.22798815
4.17159342
2.57606839
4.67709835
3.92135420
4.56890784
4.56442663
3.18488513
3.66967223
5.80169164
3.86395955
4.79703717
3.50000901
4.85506974
4.69120583
2.85300350
4.41370751
3.64424747
2.89102448
4.44232610
4.59846011
4.72718367
5.46004076
3.29494238
1.50650506
5.44524604
4.20470903
3.47587393
1.57909737
3.19875807
3.78484689
4.60878859
4.55756205
3.56825291
1.99115144
4.29432959
2.85639325
3.87115579
2.07786461
5.20551146
1.88401969
2.49752311
3.31941079
5.53388882
1.98201253
3.99737209
4.18248628
4.52661033
4.31366846
3.89604175
5.10273633
2.29587633
4.06805677
3.09293162
4.82781166
2.39872504
4.75577558
4.45287125
3.13625286
4.37647830
4.65781856
3.82827969
3.46430699
4.00958423
5.64910977
1.75418028
4.07043721
3.98500028
3.15342052
2.93704259
3.33994251
4.48966657
3.89653827
3.41232927
3.67976058
4.43502549
2.90971408
4.87453209
4.17618353
2.08394990
2.89557110
4.68738760
4.78587203
3.79284851
2.60381302
3.46086903
4.30321000
3.89812320
3.77422763
4.83545743
3.19469795
4.96755936
3.48963678
1.74310114
3.11373962
3.20363652
2.94160040
2.41817916
2.50683249
3.72715294
2.14683849
2.81068991
4.69482938
2.28596375
3.06249114
4.80779352
3.66059407
3.62503892
5.83349288
4.29874164
3.49703076
2.32045327
2.06549419
2.12213533
2.56712289
4.32132697
2.55191880
4.31335765
2.90027334
4.26014158
2.29390205
3.32393389
1.69689442
2.28326240
2.93701164
4.01347861
2.53585191
4.71990470
4.40880830
4.71879497
1.47702399
5.34918718
3.57646045
4.58359797
2.72389219
3.34132257
3.15378271
3.58623952
4.85873729
5.14040140
3.87222485
3.83171963
4.38567001
3.12263124
4.59049365
4.67817395
3.41438195
1.30530001
3.55264664
2.64693463
2.79015896
2.69813804
4.41465276
2.31916708
3.32335511
4.08016009
2.94457131
4.05099211
3.49418168
4.55147457
4.46165691
3.34290873
2.10632208
4.15095341
3.11485418
5.07823929
3.83553952
3.14706264
4.51130238
3.59922496
4.46710085
3.80055941
2.99062636
4.21830565
3.33849583
4.46416806
4.00094634
5.76602491
3.10158781
3.32575358
5.56769551
4.65590628
3.89098769
3.41791734
3.25649055
3.70055434
5.33309935
1.70834621
2.81645631
3.54213928
3.05294121
3.15165225
3.85056244
3.56433076
1.43350451
3.02484658
3.89468572
5.03165242
3.85506534
5.18499732
2.69726828
4.45613525
2.98952370
5.07902746
3.77659800
4.82005381
1.94749912
1.90201520
1.99289377
3.78743584
2.17356836
1.74176508
4.40753450
3.91594183
3.45768755
5.36382491
4.61192684
2.63461762
2.77849665
2.98252942
2.99366323
4.38192910
4.41686094
3.93005798
4.56777766
1.30239446
3.87566022
4.07689996
2.03606315
2.27903570
2.61449271
3.17352751
2.14757102
5.33277734
4.45561690
2.97448180
3.21856829
3.04882641
2.74011082
2.57248508
3.33038591
2.19397433
4.91088450
4.81159708
2.25874658
4.56766716
3.17183762
1.96484055
5.59831737
3.88359728
3.72011054
5.05312697
1.83138847
3.10747565
2.77103326
4.24871982
2.24973562
3.18055005
5.19303304
5.24787888
2.17388030
4.93734102
3.54241761
3.31373538
4.82411745
3.77997342
1.63560734
2.88185414
1.48283748
