-0.91301314
2.05252249
-48.11308150
0.32840824
-0.03900286
0.28150912
0.05709048
-0.39238114
-1.65024194
-1.03299874
-0.46119047
0.17588115
10.68007711
-0.48898419
1.34844769
-3.53882767
0.35682172
1.29764148
0.38465821
-0.07643330
6.53700705
-541.50254129
0.15933985
-0.41868970
-9.08505306
1.47866019
-0.92964203
-2.64602303
3.01967698
0.36976605
2.53085806
0.59278668
6.88145038
1.19780614
-0.21527999
0.38073663
40.84231745
-1.63117249
0.43814230
-0.32383812
0.72749634
0.10653813
3.14045765
-0.82900542
0.28825837
1.24352207
-0.19666361
-0.48648953
-0.51233828
-3.59947545
0.18959633
-0.54201268
-0.04672621
0.87634968
-2.96906738
-7.27871277
-0.54531129
-4.35949038
-0.17865024
0.54300353
0.58085396
0.81605400
0.81405243
-0.47485771
-0.83623484
2.45524836
0.51247039
-1.13345063
-0.88968344
0.95938388
-3.05995681
-0.18951727
-4.77856450
-0.46259871
-7.45296136
5.85369768
-0.83036517
-1.49266194
0.48203433
-0.08969413
-5.58508270
7.46630424
0.19010552
1.53968769
-0.98105590
1.90450167
-0.25201466
0.21447215
-1.44574666
0.67754378
-1.74971308
-0.72444256
0.70476098
0.12863123
0.26556234
0.61311391
-0.96107901
-0.27614805
7.18951301
-3.19535691
-2.27271208
5.77989075
-0.27175083
0.54931175
-0.76830706
-1.39691901
1.61817307
13.17873454
4.90540984
-2.83415051
-0.87066558
-0.27496153
-23.63382611
-0.42351263
-1.52371050
2.33413046
3.80858912
15.22626892
0.15549938
6.31134552
0.29185088
-0.56626040
1.07198512
0.07262706
-0.32278210
-43.28753570
-0.66941219
9.47497342
0.19637982
0.42781762
-1.74328766
-0.00278512
-9.15156124
0.14492097
1.51119851
-0.33723943
2.01059039
-1.10572294
-2.27374218
-0.48842064
12.96359984
-0.16657180
-1.87407089
1.67797914
1.99083922
-0.35367270
0.37847045
-2.91068094
-1.54411815
1.26763369
0.48422274
0.29708571
-0.60661879
-0.00930406
0.80696203
28.62004112
0.31348429
-1.90639130
62.44299230
0.20328900
0.33747195
2.50582278
-0.38035973
1.40353830
0.82768177
-0.36654375
0.00190067
0.07403438
2.12999840
-0.28157171
-1.34717002
1.06433058
0.97118323
-9.59895896
-0.11799946
-14.61015314
0.48500370
-40.33536878
-1.36960391
18.30894018
1.11117584
-5.36788131
1.37264188
-0.43904960
1.38651451
-5.03451906
0.28350751
-0.61306326
1.98356211
0.69475148
0.21774922
-0.40450193
2.54280095
4.14494739
0.33379378
-1.17669878
1.17322172
-0.42911963
-0.59616665
-129.37987216
1.07182018
-0.59117919
-1.24675409
0.98423590
-3.77971571
4.94737778
1.15835146
3.37764753
1.12245524
0.37838005
-0.49264906
2.64966045
1.23843104
-0.66393544
1.77034235
-0.31037524
2.19134486
-0.73509660
0.04550216
-0.07319572
-0.01865128
1.84028992
0.42077449
5.34052839
0.35781672
-0.56458497
-2.23347863
3.91556609
-3.79074060
-0.22120045
5.45948525
0.43330378
0.21983018
-11.98609724
8.27964521
-13.96345580
-16.34853609
0.17079210
2.35490199
3.15486144
0.16216186
-2.68705646
1.20830482
28.89417106
0.05552957
3.77511787
-7.11366810
0.14111353
0.61990627
-1.35503859
-0.68742971
0.44191671
-0.87019399
-0.32602308
-0.18816741
2.99644418
0.41217928
-7.42682080
2.68426185
-0.32175476
-1.73743638
0.10416311
-0.40427410
17.42919529
0.37333631
0.54048848
0.38094155
1.14618009
0.47522014
-0.18425347
-1.03146035
1.00356411
0.62166594
0.48712065
-8.33341035
7.95219643
0.30841914
0.73616268
2.90766317
0.06297940
0.33447592
-1.04657320
-2.18621291
0.81392708
0.52914350
-3.25703320
-1.51017294
4.71024682
0.17169763
-51.63795019
-0.09482190
-0.95144160
-0.17291742
0.59900525
-2.33787682
0.15467000
1.53390438
-6.35518891
0.24753044
-4.76108341
-3.55136563
3.59459538
-0.77599239
-0.65900622
-0.40906480
7.96173636
-0.17204215
-0.09280771
0.18626614
-3.41364585
0.75778524
1.44265694
-2.61073732
-0.06817632
1.26339901
-0.12864216
1.26828221
-1.58847719
-0.37751134
-1.85886537
-0.89322171
-9.01715104
-2.12717869
-1.22732306
-0.41095826
2.42948545
0.59340409
-4.29394928
-0.04797553
-2.19811824
-0.30316945
-0.55718654
0.75107532
-0.36165212
-1.07839968
-0.74693805
-0.37753470
-0.23544884
-0.66151086
0.10765534
1.76320795
0.91842765
-0.83189611
-1.52520654
0.92729131
-4.99201184
0.06064136
-13.99482281
-3.39456569
-0.80277357
0.18340447
4.00066118
0.31876168
0.86027909
0.24791834
0.03694514
-0.01131395
-1.18538509
-0.17209788
-4.24039356
0.46207370
-0.83893830
1.87420124
4.31216780
-0.51195598
0.02821207
1.25543259
3.34703266
0.62401882
0.53100973
0.06136268
0.56594565
-2.79341821
0.56742494
-0.05565842
22.22188951
37.07341329
-2.27288146
0.01241451
-1.24518359
0.04396659
0.12811166
-3.66206696
-3.21640562
-0.56992352
0.12711273
0.01303202
0.22152746
-0.42457017
2.19690099
-0.67511433
0.23730641
1.92155387
-0.10170643
3.77333274
0.70096439
1.72189427
140.79503391
-0.19475625
-0.02709447
12.03301429
1.16884639
-0.27737898
1.94430273
-3.68098815
4.03607031
1.45242712
-7.34991588
-0.37552157
-4.36184965
1.88871125
-0.91836000
-0.22853292
5.42244253
-0.82017842
1.17201493
-0.01617525
-26.22642989
-2.22553228
-10.89461050
-0.20311646
-6.19752235
-0.17755284
-16.86645679
0.34981802
-0.27412670
-2.26726341
0.76763189
0.06639971
-0.75532003
0.20476209
-3.95461492
-17.40867156
-0.60307996
-4.63606224
-0.50645692
0.52421451
0.95629112
2.62417657
-0.58144887
-0.25895504
-1.66653466
-1.47004759
-1.84356687
-1.58997751
17.14083189
0.63790780
-0.17735439
2.15387621
-3.37503208
-0.11963985
-4.37426122
0.87723675
-1.61818436
0.78995329
-0.36298826
-1.17394477
0.04319876
0.99358639
-176.24789022
-3.78628714
4.64278905
-1.85233359
3.04818580
0.45356390
1.41530951
1.97425764
-0.62250398
-0.11889418
-1.32594228
6.01688662
-0.68432293
0.35621390
0.55347354
4.24117685
0.22876278
-0.85294255
0.11481200
0.09651868
0.25815500
1.40284443
0.39089178
-0.38070428
-4.35146055
0.12082737
1.55730407
0.01362142
0.04151245
-1.09844136
0.70795669
-1.99383646
-0.32976363
-0.40468385
0.65723981
-0.64743515
1.70696946
0.17542816
1.48315649
-0.51329401
-1.02308716
2.32048746
-0.26949141
-0.82735481
5.30483729
0.12704316
-2.46330978
8.15425336
-0.53407806
-1.07408034
-22.29887127
-0.00321189
0.75032599
-0.47897322
4.45666880
0.55056020
0.23456681
4.73291677
1.33473358
-20.69466003
0.22711828
-0.54786073
-1.75531252
-0.83690581
-0.28961549
0.02098047
-0.12255213
-0.21832147
1.40018234
-23.43273585
2.25066159
0.38246086
-1.46966796
-0.65967183
-1.50683383
0.33541400
-0.20472035
5.57019730
-0.73150293
-3.41410263
0.12701716
-3.37338625
1.03866637
0.29558615
2.46454684
0.32399275
0.32231080
0.76128705
0.25737457
-1.33643430
-1.15996741
-88.60517837
1.33680090
2.32684659
-28.04797674
-1.44389251
-1.34783387
130.05280073
8.87968103
-4.01938434
-2.28857166
-2.37965234
1.75176561
1.08146230
2.73243501
-4.75595944
-1.16453016
-0.20624597
0.57444466
1.30342778
-0.87313693
6.66138932
-3.98484622
-0.00066844
0.71301548
-0.82847262
0.45943209
-0.87356120
-0.67217813
-1.12828406
-1.67052339
-1.45288171
0.32941725
1805.45580868
-0.44036190
1.13068605
0.80310576
0.59425139
0.45610837
-2.01281935
-2.85649334
0.42721294
1.52016806
-8.33305683
25.83837449
2.47850114
0.46798658
-0.35679174
1.80556203
-0.29078054
-0.79792519
-0.24766627
-10.84014619
0.20872328
4.20631379
0.18916095
-0.79340513
1.82700008
-0.36151048
0.69971780
2.26115677
0.69393395
-0.20355827
0.06897780
2.07137666
16.89777760
0.02964018
-3.01472820
0.08762078
4.08546998
-0.43824391
0.02327596
-1.52640140
0.23631253
1.09822783
1.81085351
0.74689371
-0.75824263
-12.56514359
-2.91912294
-2.26907814
0.16952074
0.14252329
0.65418377
-0.26630977
-0.14369239
2.27829423
-1.08971499
0.56218767
3.28338879
-1.08182671
6.41416497
-0.62548842
0.37642598
0.85307526
0.91508808
-0.11839286
0.01631307
1.11652347
-3.54403937
0.91706755
-0.36138133
-8.38707013
0.08057765
1.41306655
0.15883247
21.71281557
-0.91177752
1.37323823
-1.61633953
-0.15407122
0.09236647
0.86312401
0.07891702
1.37695716
-2.96928695
-0.10059108
-0.46103562
1.93866363
-0.15765084
-3.43116755
-1.17889403
-0.95275223
-0.54990266
-0.95722398
0.79563715
-1.15376071
-0.63660815
0.04002308
-0.70379021
-0.00636896
0.53007369
1.50451228
0.36809746
0.02685920
-0.61066267
0.23569008
-3.78579951
0.71291208
-1.85186964
-0.03632539
-0.11960909
0.01738683
1.86070658
16.61610846
1.54659797
0.80809192
-4.03005392
-2.57668636
0.14793548
2.37594003
1.46932855
0.50451736
0.43708514
-1.18331475
-2.85295079
-1.53352163
2.58522830
2.23096240
0.43501992
1.66267363
-0.53218968
0.13290055
0.06943444
-0.16541211
-1.32605432
-1.45982263
0.48105802
0.15660741
-8.86124942
-0.29716790
0.78975577
15.70624734
-2.46679758
-2.14493174
1.76205198
0.82376533
3.76716187
-1.69838379
-3.41001644
-0.71430181
0.56104460
-0.01899204
63.05913039
-1.51245765
-1.09706244
1.14319358
-0.16765951
-3.78128975
70.18720999
0.03433984
0.85293181
-5.13416212
-0.56441222
-3.11345972
1.34363456
-0.12943192
3.27375787
-0.22081198
3.29398797
-0.19636933
1.21497016
4.33086860
-0.03101240
0.75606562
1.13245743
0.57349582
-5.50546662
-0.09395163
-0.22431219
1.81376755
6.81446505
-0.19324069
-1.11404267
2.04504055
1.27296104
0.07707955
1.46123812
-21.71235063
1.19958773
-4.56703708
0.18538331
0.05243115
-3.88509427
1.54986252
0.82689196
1.31875170
-2.99471547
0.30118944
0.75920004
9.58129874
-0.09976780
0.19184801
-4.76814475
-0.59886787
-1.35099814
-1.52929319
0.30879340
0.27267054
-0.44601327
-1.28825474
-1.83055532
0.00890950
-4.89046981
-0.78141258
0.73312705
-0.65971330
1.02069568
4.32338757
-0.34318836
0.32943532
-0.74357699
-1.38161918
-1.47217415
0.24650765
-1.20730136
1.17026520
-3.12721954
5.19962406
-1.12574987
-1.34929536
-3.65192925
-0.11747218
19.88358772
0.21891761
0.33589183
1.95386636
-0.83474804
0.03194084
0.49639546
-1.21196411
2.49172862
0.38614309
-1.88815451
-19.82936044
0.70310276
-1.35379416
-4.13548998
0.43801613
0.20587216
1.61008356
-2.50762426
-1.23444893
1.30654462
-0.30174527
5.31778089
3.12314927
-1.10079019
1.54509477
-2.11516617
169.17411483
-0.67493813
1.47919010
-0.69085944
-2.89554157
5.01870447
4.24588094
-0.45066354
1.00153088
-1.42749950
-0.04831421
-0.19660545
-1.56878858
-0.67944211
1.71610219
0.81018107
208.28338401
-0.71559792
1.00101063
-1.92853755
0.87769499
18.04833242
1.24172216
-1.15340864
0.10391602
1.01086974
0.21110817
-0.16434436
0.78577587
-1.37563485
-1.64673290
5.22321864
-1.12414757
0.01720499
0.16753624
1.64760267
-0.83870983
-0.64426206
-2.08193719
0.29601493
-2.92206182
0.27434480
-0.41777396
3.05072142
0.49552313
0.84470043
0.85590010
-0.47217821
-1.30560535
2.09753411
0.89489553
-0.58662989
-13.04380628
-0.06993317
1.12887087
-0.70424136
0.33368046
0.85877613
0.71959135
4.22190158
-5.23719711
-0.00957325
0.21299096
1.77553090
0.16376256
-1.11936917
0.02545858
1.06400400
-0.74816782
-0.17880026
1.09666644
0.02239759
0.14160378
-2.42271460
-0.71520290
0.53764734
-0.10786638
0.58484889
0.61293477
0.95038063
0.37101059
-1.30158714
0.23909357
-24.61345116
-0.60358978
0.01993337
0.39040135
0.94726162
0.71542448
11.52830353
-0.71195061
39.07180444
8.58977056
-11.68176000
-0.44530885
0.73334669
0.20908746
3.26773365
3.39391757
-0.12830174
-1.19597521
4.82432137
-2.31160256
1.00560527
5.71101877
-1.56696927
-0.84480147
0.53719524
-3.89295841
0.85217341
1.96415838
0.16845390
-1.82869347
-0.15764633
-2.91797357
0.27177283
-0.66344049
-0.22488284
1.46014504
-0.38183374
0.30791661
-0.41836482
1.62801763
-0.59451040
2.16965428
-0.59671798
1.02894531
0.62039064
1.51349772
-1.34300041
-1.10488587
-1.79555684
0.97676771
1.74104772
2.39209951
0.05101689
-5.58557927
-1.03300049
1.89306296
-2.59530351
-0.90629989
-0.19400518
-127.53255993
-0.46051815
-1.11911140
-0.56401548
0.79527352
29.35530191
0.21119769
-3.65038708
-0.10486239
-0.30068317
-0.69956727
0.42201727
-0.97930567
-1.51291357
-0.32057448
0.28802930
2.88111291
-0.38520466
-1.31154752
2.09674599
-1.50231366
0.87022492
-2.15637157
2.42002384
-1.40331961
-0.31942192
-3.67728317
-2.26212465
-0.36520829
1.57700195
0.71292917
0.56813449
1.11225562
-0.22458374
1.51703803
0.73889774
2.97078684
2.61078721
-1.50693152
-61.48796546
0.46414375
-0.34160197
-1.00009835
0.76320257
2.06484576
0.76577100
0.06886274
0.18397700
-2.84145909
0.26655232
0.52862280
9.74407445
0.16726275
-0.10207740
-0.89717648
3.16190936
2.74924387
11.49082348
-1.28186378
7.87274424
-7.40420087
0.94104751
-0.58953083
-0.74645274
-0.09993422
-0.08120431
-0.55128423
3.67833304
-1.57408094
-0.39631965
13.29127084
-0.80776803
1.55272410
0.45110465
2.49146222
0.34524315
-7.18853993
-2.76122234
2.64834733
-0.48679723
-4.65058498
-0.68685038
2.80799147
1.72227179
5.44085483
-6.37515994
0.70759400
-0.20560905
-2.75995498
-9.41430521
-5.06994196
2.82650583
-0.95888214
-46.36569707
0.34679073
-0.30864578
-0.19949897
-0.29539258
-1.06858706
-0.51698449
-0.22138452
-0.41632168
-1.47244169
-3.37100806
0.90326521
0.38740452
0.92574317
-0.55460064
-0.44553983
0.65049191
0.35378634
-1.52501120
20.87157050
-0.16662450
-0.00950127
-0.64022608
-0.27168196
-0.00644838
1.85774485
-0.38020147
4.79712961
0.37450842
-2.46434209
0.56949761
16.79909900
-1.35105741
-0.08167389
1.14768380
1.73364000
-10.49166551
-1.49037643
2.42665123
0.14338263
-0.12025219
2.09800267
1.83853825
-0.35049114
1.02849990
16.94837601
-1.11097551
0.49444890
0.44735650
-0.61466756
4.79553161
1.52332065
1.30810821
-2.63664334
0.92856758
35.77714355
-0.85396705
-1.25394542
3.56748378
0.47961925
0.55011592
-3.24826524
2.57930584
-0.02925585
-852.33287111
-1.09048099
1.56786121
13.25601641
0.61472114
-7.73555829
-0.33956954
0.08335356
-0.20443766
0.63840336
157.86889360
-0.39346982
-0.72259546
-0.60768560
-0.05216371
-1.06682919
1.08924714
0.19849923
0.67358523
-0.10395449
0.15352203
2.18100297
-0.95431036
-9.03307358
-0.16156195
0.76886932
-0.15720649
1.21127228
-0.18431132
-1.35465841
-3.70996432
1.81105821
-2.27614468
-1.26810003
5.22593879
-1.54337725
1.73637884
-0.09914673
-0.42074293
5.10218365
-0.41561569
-0.03637089
0.12906844
-0.24584839
-0.02296381
-0.14200242
17.38798091
-0.20511885
19.52848273
-0.17541492
-2.34471523
-15.76922572
-0.70142400
5.05285644
1.66129270
0.11178203
6.13097911
29.26433180
1.96985835
11.77884373
0.59191609
-0.19444302
0.28294518
6.07378997
0.70865707
-1.17092814
-1.16677981
-2.58264784
0.84470105
-0.79323169
-0.30413493
0.98291373
-0.66145125
-0.83799972
-4.30089473
-1.35375784
2.87866040
2.17799920
-0.24569229
18.57385793
0.56747438
0.77275145
1.75283071
6.38801578
-0.10666586
-0.25751919
0.46364799
-0.95211876
3.16832241
4.33350652
0.73084247
-0.01734623
-0.62371474
1.09255649
-2.85213638
-0.61267396
1.40349267
3.17414996
0.30603539
0.48102375
1.66417774
-0.06223904
1.53996762
0.13798675
0.01524013
1.53237305
0.24710688
-0.21632164
6.63873258
-1.96606582
0.65100094
1.02086953
1.57770031
-6.41424088
-0.02688470
-0.45456084
-2.10872326
-0.88228524
-3.24602284
1.24559490
-4.67077434
-2.53315677
1.20531834
0.31472666
-1.54281290
-1.04328573
-2.12555282
-0.25757941
0.15749435
1.45343816
-0.65217502
-1.54101246
-0.34812902
4.15093552
-0.90346243
-1.99371577
-0.95391508
1.49781099
1.62653415
-1.46450411
1.15185343
1.05152016
-0.09493384
0.11401268
-2.25641030
1.15253166
16.97099728
-1.07875749
-0.00437971
0.06976393
-0.63129489
-0.20021768
-0.56553428
-0.10387420
0.54981355
0.31972674
-3.39686000
-2.25876233
-2.30491198
0.35635173
-0.55834269
-0.39057166
4.76955569
0.31096296
2.70161691
1.38269385
-0.35559034
0.32057876
-0.42685429
0.57724846
-0.23362213
0.03736646
-3.40437770
-1.87627134
-1.03158419
9.31848428
1.45073372
1.24108703
-0.37231269
0.58583972
0.26029818
0.59995735
-1.59225297
-3.92738040
-0.54721515
1.74436785
-0.10966607
0.86237458
3.13166441
3.45095972
-0.30261953
1.53041556
0.07235652
0.76477222
0.29083689
0.15079261
-0.26874456
0.74943745
-0.10786915
0.07397942
-1.93288558
1.20870213
0.12852988
-1.10896964
-0.09418455
-0.10830343
-0.23461245
0.26705044
-0.88578679
2.68497405
2.62896584
-2.31076119
0.24966740
-0.94180910
1.58053278
1.43625414
-2.27558002
1.15539977
1.13195127
0.83398390
-1.87164296
-0.99029981
2.77490376
1.07536863
-0.32051958
-2.97667980
0.95206363
-0.32320223
-2.80962838
-0.13997683
-3.66440634
2.85494425
-29.67947718
-0.18070633
-1.22521939
-2.95320104
0.71970519
0.11780145
2.08749498
-11.88723900
0.67144426
-0.31995475
0.12999965
0.92034975
0.19715949
0.50318749
1.05411497
0.04422490
6.48315941
-0.64895856
0.50934374
-1.41687397
-0.10880493
6.48751180
0.25195730
1.97294132
0.10215831
0.06620100
-0.79900552
0.34522745
-0.14700808
0.31199720
2.35942906
-1.86600402
0.52867060
-0.77377766
-0.30326106
-2.02957087
-0.31078643
-0.10242384
0.16579438
-0.46542122
-0.51242400
-2.73432004
-48.76383470
0.05566041
0.66185598
1651.37952375
-0.13120225
-0.50088969
-3.57731729
1.93089320
2.61746734
1.02136113
0.33250888
1.28794118
1.40930036
0.67037727
-0.33205442
1.20537684
-4.57417786
0.34312635
0.33615445
0.28779731
-1.26377068
1.09327903
2.12296638
-0.60821137
0.31592477
-0.83637466
2.45923167
0.20329714
0.79074165
0.11178540
1.98573986
0.07221440
-2.94235332
0.70386748
1.82633163
-0.18444184
-0.12914283
-5.20261318
1.50873538
-9.79851542
-0.73746838
2.21408687
-0.70325437
-0.52908534
-0.94344516
-1.14036982
-0.33965744
0.35535900
1.46976991
-1.06633822
0.45970874
0.77458932
-49.70741726
-4.75380304
1.69062870
0.06387379
-2.44930810
-1.40075204
-2.91886140
1.02887356
-13.53403951
11.87928417
-2.02442406
-0.16800090
-0.62261575
12.15424824
1.14450237
-0.20840093
-25.59571471
-1.50115074
-0.24696866
1.65116204
-0.92375825
0.00447328
1.31750931
0.99929095
1.44005699
0.20325276
-1.68529931
0.05622548
-0.28492461
0.57874353
1.24901527
0.44393559
-0.17411479
0.32145037
-2.07223860
13.03337844
-3.01338285
0.03984281
-17.47392588
-0.18005617
-1.25988322
-0.72915260
-0.29261086
3.20687305
-1.34796958
1.76485766
0.55054402
-0.59476786
-1.00582412
-1.46869017
-0.57288349
0.17187003
-0.55667440
0.08111764
53.23005759
-0.34409088
-6.18071797
-0.58478991
-0.82924257
-0.05028000
0.60353382
1.25197006
0.36776306
0.80713305
1.54108624
1.02850325
-0.81236537
0.56492363
-10.49506893
-2.06576516
5.78388930
1.46739678
3.00415395
-1.41037321
1.01713476
-0.53068933
0.42058933
1.88936768
-1.76616679
-2.43302205
2.24431372
-0.24761521
-0.74325238
-6.04217511
-4.72475128
1.85176466
-0.07178136
0.23876999
0.68458400
1.13863733
-1.41180460
-0.12762074
-0.32465322
-1.72172674
-1.75710316
13.79034191
-0.59700298
1.67607953
1.03665344
0.89474296
-12.04175509
11.26509275
-0.81543548
0.17181165
0.66752603
-0.34569749
1.11330350
-1.41238039
1847.76692300
7.51713206
3.74180764
-0.27257194
-0.54554739
216.10251563
0.59910749
2.75426115
3.49473026
-0.70635543
-2.93391812
-3.68482869
0.48559559
-0.32676806
0.49564511
0.73309797
3.76326876
-0.00178162
-4.05836347
1.11074118
7.25125897
-0.13640963
1.33036340
-0.38502551
0.82902247
1.02163284
-0.43966304
-3.44681404
0.24447639
1.32070159
3.23409327
0.84303608
-0.55829601
1.86386325
-0.02493483
0.13313326
0.55915460
0.13647601
1.45223510
0.51746987
-0.50945529
-0.40388695
-0.36704775
1.03187788
5.40657443
-0.58581026
-0.80351846
3.84944723
12.19243112
0.09418914
0.46544105
-2.14549923
-0.65442597
-0.22813315
0.50558675
-0.64162767
1.31120364
-0.79213762
0.24521728
-1.59850046
0.32458219
0.84328905
0.70501712
-1.26601939
-1.01426512
-1.29636932
1.63304424
4.39589276
0.29925555
1.64778661
-0.01303867
-0.70611599
-2.77049979
0.21000825
0.18842153
5.12475435
-0.31445691
-1.19957109
0.73651084
-1.03293593
-6.17280085
0.08094596
1.62144763
3.56745213
0.18200495
2.72514550
-0.13188112
1.06841730
-1.79796919
1.81550436
0.37615273
-34.14041940
1.11482776
-0.61316952
1.38829682
-0.06241668
1.45185357
-2.16409066
-3.14670794
0.39876826
-0.16342096
-0.84026645
0.03713693
0.37493881
0.18066891
0.28434272
-0.50782284
5.02737292
-4.10750343
1.90328889
1.16666324
-14.20664594
-4.70001213
-1.09372087
-0.82139482
-0.20991219
-0.79092322
3.66736064
0.80106253
-8.13880090
1.56729564
1.74227727
-9.34097874
0.89049628
-0.89663684
-3.93982756
3.20403535
0.68480950
-0.51549010
-0.22930660
-3.70189704
-19.02188466
-0.30277631
-0.38046943
-1.01408286
0.52119091
-1.15623735
-0.63577344
-0.04564507
-0.40267840
-0.13624339
-0.64618930
-0.53883476
-0.26687991
-0.06697734
-0.46068499
-0.81693122
-11.75336380
0.01993738
-0.02771485
-0.67454513
0.99612965
-0.65504910
1.27227123
6.79059279
-0.25346008
6.07532701
-0.13837869
-0.22544522
0.02635895
-2.35923976
5.95266704
6.87533718
1.33733195
-0.58389288
11.92627647
-0.23700127
-0.45632625
0.04131013
-0.04032775
2.59221733
0.09916850
-0.06117612
4.30199547
-1.12457487
1.89806304
1.26296727
0.13210441
0.45010648
-2.02312703
0.25392039
1.89134154
-1.67604602
-0.05379550
2.78853934
0.04888348
36.95224721
-0.00032739
-4.52219450
0.74995592
-2.74661864
0.17912570
3.37812531
23.24035866
0.13656836
-8.04405527
-2.29201218
-0.41420700
3.07550099
-1.36948676
-0.01425115
-2.46461195
0.21868466
0.24883445
-0.80074607
0.41985144
0.33315935
-1.15303071
-0.21415535
1.68359310
0.17520972
-1.20266352
-1.20629295
-1.51686425
-0.08909217
-2.41780791
-0.96297738
0.27548354
-0.29183571
0.32327879
-0.59689036
1.14382438
-0.38037196
-1.31351375
-0.21399504
0.43356842
-3.95610170
0.15996413
0.42282575
-0.09631938
0.13252221
1.80057427
3.98462735
1.17812789
-0.72237577
1.53839013
0.99813231
-2.19761836
0.48879336
-5.82373012
-3.10313373
0.71080901
0.00396386
-1.41643112
0.02640141
1.49694604
-0.17254820
0.85180234
-12.67990299
-8.62543742
-0.09967963
2.27121461
-1.79542704
-0.49904144
0.39515187
0.66010196
1.33283314
-2.33699051
-0.43617285
-0.45030705
8.01272019
0.38393751
-1.24394194
6.59236111
-0.56549907
-0.05091121
3.26455815
1.61403875
1.43342829
0.68194618
0.32567377
-0.81919573
-0.30356685
0.10508954
9.33038972
1.10958253
3.97308382
0.37657906
1.16074819
4.85834559
1.28370437
-0.50390459
39.69778704
0.84650255
-0.65922249
-3.80684658
-1.44586143
-0.00969905
0.78691025
-0.83088582
-0.14899886
-0.11862583
0.02765959
-0.09783493
1.74865119
-4.75049666
-0.48354975
-0.00757478
-0.62939506
0.15859871
0.07306355
-0.26910357
-2.41188638
-7.79946095
-44.28864000
0.54095380
-1.10889412
-0.67386569
-0.33622461
5.97853854
0.19410553
-12.93613332
1.90336623
0.66588535
-2.03294804
-5.87716252
0.68001611
1.90122876
-0.37249930
-1.67316855
0.69980931
1.54188551
0.77844069
0.57585637
-0.56761666
0.57405208
0.02637255
-0.07565915
-3.07330777
1.12425964
-0.47790469
-0.42957612
9.16483214
-0.54904868
25.73724897
-1.70082467
-3.75050573
1.76890905
-3.24817350
0.05155719
-0.28026219
2.90176436
3.08895857
-0.14558762
0.23141358
-0.45134851
-0.24871484
2.09558598
-0.09796657
-1.08109652
-2.22457118
-0.57862483
-2.70312916
1.47854022
-0.20673482
0.97866946
-1.83351184
-0.28174774
1.14760244
-1.07509643
1.04463533
-1.46043256
-1.75729466
-4.18805748
1.62223169
-9.87455852
-3.02690138
0.20415349
-1.10742906
-0.68792676
0.08076060
0.72071978
-3.17031788
3.57082114
-15.72926658
-10.26067589
-0.16104391
0.39008713
1.86053283
-0.55041875
0.00549102
-2.14385985
0.30859884
-3.64549421
-1.73420142
-4.46765720
2.21822663
0.78663803
1.87358473
5.29449771
3.16989318
-1.11708432
-0.66565696
0.33649850
-0.29967292
1.39004245
1.61091255
2.54553285
2.93920685
-0.49640248
1.13800144
-0.62870083
-0.62332323
1.60431282
-0.49310835
2.14044546
-15.88881498
0.42965880
0.89406607
0.31071213
-0.45493959
-0.19899541
13.61593249
-0.19770545
0.20979221
0.82285272
0.98300018
0.18122651
0.62709714
-0.72094808
-0.25700661
1.98473221
-0.61670036
-0.77567191
-0.25322524
0.14567551
-1.81716781
4.17971224
2.97621314
-182.20395174
-16.87886767
2.74209850
-0.31228118
-1.65447006
0.74633384
-1.27573972
-16.40943495
-0.30531532
-1.46672810
-0.06142079
1.15301801
0.41457244
-0.00244270
1.44251327
-0.47337232
2.48180613
0.87898890
0.94630563
-1.34790927
1.44573360
5.75500167
0.57343856
0.39545804
-0.53633577
-3.32839897
-0.32996040
-0.25838515
1.20329193
0.01843711
2.54415458
-2.08700352
1.19280673
-0.38881335
0.18661157
-0.58653542
1.06640147
2.29694529
7.37161475
-8.82326621
1.56241825
3.90902997
-8.73386639
21.43709508
0.89667195
-1.96031987
-1.02303997
0.34722513
-7.68909851
0.94267330
-1.20045491
-678.82280639
-0.47394057
0.14402021
-0.98497434
5.60593856
-0.63383980
-0.08023134
11.47273679
0.00235954
0.17963451
1.92853704
4.99351057
0.14099550
-9.35018828
0.10924355
-0.25010614
0.85162088
0.45856260
0.05985228
-15.55644035
0.52695921
-1.95402862
-1.48652277
-0.32540622
-0.10837007
-0.24777863
0.50602770
0.20956606
0.52203878
-0.12025716
-2.05244221
-0.12580864
-0.80638526
-1.47978632
-7.25303395
2.47515812
-1.02834286
-0.38111416
0.33606515
-1.42502777
-11.73297497
0.53812057
4.62164494
3.67209629
-0.07550811
1.85107138
-0.40095520
0.55207193
0.37265751
0.25478028
-0.55988939
-10.00174944
0.53435476
1.28139033
0.48228890
-0.59734921
-0.96324947
0.78908425
-26.37266890
3.20913011
-1.64792380
2.43997574
-2.25089681
16.14459304
-0.56651742
-1.85377554
-12.17120557
513.99905724
1.85822331
0.77581621
-1.14513648
-0.22003394
69.00099004
-1.62168150
0.26533685
2.00343224
9.86429501
8.61506948
-1.23285486
2.02423459
-1.70270357
0.54965893
-0.20644827
1.23346763
0.32747177
-0.32056698
-0.90963651
1.43984996
-0.94979624
-0.23206419
-0.31511320
-0.03512309
0.37684318
0.33138599
-2.14901965
1.72562808
4.68834878
-0.12907183
3.07492360
-1.55462899
-1.94731343
1.40994424
0.15059604
0.78035943
0.51107027
-4.39711425
-2.06029590
0.36173246
1.04065988
3.71097824
-2.14456123
-4.27186052
-0.37955496
1.65849858
1.01364441
-0.26341318
-3.23654346
-0.95545132
0.39292191
-1.48637551
1.34831043
1.00564459
1.45416657
1.88676136
0.01164488
-6.03314795
-0.93881210
-1.15030401
0.33401151
-3.68455523
-1.94092565
1.05814098
1.81801941
-2.09361517
-2.44656341
-0.81754019
-1.02536475
-0.09308948
0.46332019
-0.22602787
-3.01771243
0.65981318
0.94598289
1.33589168
-1.87294758
70.95063645
-0.24715224
-0.65743031
-3.46155764
5.00754466
0.67873499
3.48757199
1.68746682
-8.92064285
4.11874496
-0.17793798
-10.92974380
-0.38573990
0.08718136
-0.05116607
1.17777979
-0.79567775
-4.71962900
0.67797512
0.04583464
0.70850751
2.76285795
-1.11650075
7.09724473
0.90208179
0.43699044
-0.23200769
-0.39085982
-5.39588887
-1.52543228
0.46579242
1.06945949
0.47394564
-3.02500195
0.57926836
-1.45583445
-0.25217297
-0.71073810
1.19884815
1.44057400
2.30393041
-0.98415675
1.40349091
2.91117472
-0.88167819
-101.15715107
-0.73833722
1.83942766
-5.67707422
3.49204259
0.36315885
3.84117643
-0.55330437
-1.07259720
-1.50638051
4.44222414
-0.85771435
1.46965361
-6.79325749
-0.14335456
0.30480275
0.28236365
3.75157181
0.89754019
3.29107569
-1.00664113
1.05025112
-32.55545432
0.19776042
-2.19462573
1.53450424
-1.59320047
-0.31601018
-0.29335158
-12.18967466
-0.16540039
1.61596743
0.80174746
-0.57101824
-3.22548870
0.34428175
0.23768226
-3.65603742
0.56334238
-2.25571146
-1.36311961
-4.69845933
0.01126167
-2.14345140
-0.87854878
-0.18750397
1.40937562
-1.13648321
1.02496097
-20.05457735
-2.12570104
-1.26742301
-0.39956265
4.45790673
0.05064464
5.24550313
-0.68579129
0.69509518
0.16050282
4.31882771
0.48109918
1.31062411
-3.88865746
0.43865678
-0.21980329
-2.11772340
0.29824435
2.15760189
0.58867074
-7.46837296
-0.07822238
0.00359430
0.75295090
4.43348299
0.16732093
-0.53566529
0.05843082
1.50962833
-0.17445662
0.04476623
-1.07504038
0.28258070
-0.96302351
-0.39338002
-0.89340294
-0.99290238
-0.21062638
-3.02617329
0.20914151
0.82587490
-0.03016179
0.84136040
0.20544705
1.28703469
3.15393503
5.03586954
-0.90807125
-0.43551923
2.78204328
8.30040742
-3.10628688
-0.25775567
11.90025237
-0.80521193
4.17773740
2.28983970
74.41431998
9.95630906
-1.59503907
0.71154669
0.38641794
-0.06577091
0.98476880
0.21783650
0.44546539
-0.95568778
-2.45876054
2.43825446
0.50493516
-1.57038905
-7.59685787
-0.29315110
14.45960436
-1.97710494
-3.47975725
0.29557802
0.68919317
6.53056230
-2.47800886
-0.55941750
0.72603426
1.07446604
-3.89583808
47.78243068
9.23558305
0.61656007
0.80375874
46.54864665
-0.16884914
-31.91575770
-0.27614937
-1.60468150
-1.06380781
-2.13632533
2.42342973
-24.38987765
0.23590135
1.98402269
0.79014121
-3.04420431
0.48267838
3.12462241
0.37184675
0.37929097
0.02765958
-41.09850035
0.27724613
17.36366616
-2.62183722
-0.75965298
13.06638531
2.91452228
-0.22940201
-0.51091998
0.42367387
-0.29710208
-0.88028916
-7.20521100
-2.28997984
-0.09949198
-19.32414103
45.53898293
-4.93445381
-4.54220755
-2.00422502
0.42769186
-1.60841087
1.02273484
95.15112510
14.65474565
-0.13017113
-2.62718075
6.81309689
9.50795665
1.77735962
-1.08554356
1.85702842
-1.91019610
-1.04636768
0.84546279
-1.17863291
0.21543978
22.33902728
0.37635299
0.40084223
0.22702995
0.01098007
-0.32078954
-5.26531255
0.44440182
-9.77181014
0.45301859
-0.93481012
-0.56438255
-0.06566984
-11.21637084
-3.29400662
9.50192890
0.24522129
2.40815319
0.76171344
-0.28992407
-0.04225786
-0.15679635
0.52054904
1.63896764
-0.08810116
-0.02015224
-0.31480680
-0.44382865
0.46138332
1.15665957
-1.22523077
-4.19696591
-0.16211178
-0.68998282
-0.69558003
0.17753952
0.40628847
-1.19462056
0.87923081
-1.94401913
1.19237224
-1.42339445
-0.83674208
-0.06127313
-3.75376621
0.38541735
0.11294148
-0.12848783
-2.73493729
-26.86020810
-5.09064342
0.11182160
0.46856683
-2.58127327
2.01890596
1.65662785
0.29614439
1.14944426
-0.62603407
-0.04813059
0.07742827
5.25694129
-0.02073569
0.50991165
0.27612100
2.03092165
-1.11871446
-0.94935862
4.03041794
-1.02708860
-0.77967216
-1.08150362
-541.91459372
-0.11197757
7.24047929
1.13617182
0.43863949
-0.68240402
-1.53226879
0.89448479
-23.00968292
-0.09927825
-9.86350318
0.08114437
-0.15060295
-0.16056364
-1.08046288
1.02852996
-0.84155376
-7.38888716
-2.17149190
1.25765626
1.67814159
39.96754541
7.03903955
0.47639989
-1.75369736
-0.48389540
-51.05993070
-190.41038554
0.68443259
1.24942364
-0.84283848
1.51656418
-0.08576303
0.74907453
-0.44997747
-3.17822210
-1.44852911
-0.17745869
-0.58710279
-0.33701237
-2.40904425
-1.89860617
0.58554737
-29.63432269
-3.58365941
0.43236637
0.34857382
0.95903545
3.10923942
1.90891939
-2.21402513
0.47038449
2.01281218
-1.33850383
0.34300553
-22.71096685
8.30456271
0.36569731
-2.24873162
-9.61878788
-0.47739083
-3.28059443
-1.38679998
-0.62705824
-5.74803453
0.05022563
-0.71829863
-0.73685928
1.68407704
-2.46013409
6.46568567
-0.52029296
0.51088487
-0.53666726
8.05033272
-0.93663524
-1.16698128
4.10931631
-0.13359963
0.26526954
40.98633704
1.97559052
-0.54478175
-0.30231815
0.70182961
-0.48591493
-0.30514003
0.29489236
-5.83868172
3.26427573
6.24284878
-3.71485395
0.98172201
0.22166092
-0.03398040
1.73666434
0.88704257
-0.69637758
14.80773799
-0.66757990
-145.63608732
-5.90082856
0.23950924
0.70575709
-1.03585237
-0.98724933
-3.18513039
2.42977957
4.57581884
0.32438905
0.26050988
-0.33361667
0.68928199
15.08033262
-1.77926214
0.32346044
2.39152765
-1.67657656
-0.27663546
-0.22861404
6.61733269
-2.39270642
-0.13573834
5.18484075
1.25379015
-2.02617320
100.94047878
-5.31775360
0.88472423
1.67329909
2.23011934
-3.10933617
0.60662189
-0.55857045
4.87039141
-0.57958525
-0.19876973
-0.19288037
-2.46496526
23.80138965
-0.11477096
0.15097227
0.64792602
0.80987343
1.30656015
-2.89605279
0.62200348
-0.70444348
-1.65386186
-1.33817916
-1.45197490
-0.64403285
0.21679625
-1.39551937
-5.62188218
-19.29500474
0.63714884
2.73354966
47.96562689
-1.17732720
0.91257126
1.27097766
0.62746336
-0.70083120
-2.31302214
-1.31814207
-0.35764525
-2.36191925
-0.34276013
-12.90521677
113.26062113
7.56135181
-5.60986588
0.30385110
-10.48769986
3.92927011
-0.47235100
-0.60323294
0.21504671
2.05869209
0.66594588
-1.66641336
-0.03818226
-0.23123878
-20.05306074
1.76771470
-1.63208079
6.02032845
0.16029368
1.19075598
0.75111695
1.78420553
-1.65122850
0.06397711
0.03867851
0.73275898
0.03578909
0.71471077
-2.63077039
1.03696263
-25.45230072
0.86901972
-6.61831317
0.33919035
0.54243589
0.03153305
-2.54005164
-4.21268167
6.19832571
1.35404226
0.77804331
1.14379418
-3.71757540
0.88295020
-1.44367511
-4.27018517
-0.98018516
0.39942109
1.37835311
-1.64449023
0.06953623
0.69244875
-0.43826403
-0.55427485
0.31387210
0.94852916
-2.30948812
-0.44842750
-5.87081188
-0.82494531
-4.38137468
-1.76565338
-0.51213088
0.87485567
1.61310736
3.39269950
0.44862074
0.81395354
-0.43771635
-2.11065071
-0.32634049
-2.15091624
-0.29123374
5.56671595
-4.09167078
0.70628966
0.22343777
0.40104424
0.17292463
-0.34960044
3.19103338
0.14478524
-0.80184013
0.28395122
1.46675939
0.43629764
-1.98299921
-0.45111341
-0.34649496
0.44784072
-7.84211338
-0.23415212
0.97357815
0.56832879
-0.34173954
-0.51666246
-0.52319166
-0.96096487
-0.23860585
0.66669444
1.73840947
0.25925615
-1.22928280
-0.26211470
-0.83509559
-3.40021943
-2.87727819
0.79576466
1.04523378
0.08692177
1.60458850
9.95188167
1.11423290
4.54756640
-2.80502223
2.22551564
0.14359769
-0.02446712
-2.69944300
-0.35439915
1.92246433
1.38406508
-0.10660695
-2.41986866
0.58014680
0.56541641
-1.63886307
0.14922347
1.08885227
-1.71389622
-1.66472264
-9.08302155
5.96573004
-0.58746180
0.14314671
0.73084240
1.13763937
-0.10575345
-1.08025450
-0.42697043
0.13484694
0.01751129
0.91141605
-1.64802849
-1.28675210
1.70924983
-0.62229867
5.52275497
-0.28781265
2.40348464
0.16426870
2.27811229
-0.17080008
0.26663178
-0.28518656
-0.55141473
0.69810803
-13.15318882
-1.51486309
-1.01076437
-0.35033027
0.15073166
-0.73978062
-0.67205942
-0.82820411
-1.70875898
0.81433473
-1.75432204
-0.47220472
1.59001652
-0.93616556
1.02875941
-0.27021465
1.69283452
0.87042143
-1.34513290
0.77440331
-51.25814656
-0.99043354
-19.09026624
0.76046767
-3.77548453
-11.01042080
3.84289920
-0.20218697
-0.55622062
-2.35607536
-0.25848125
-4.23194478
-5.47701375
-1.59808071
-0.07288477
-1.66611946
-0.21239340
-6.29168015
-0.03328246
-0.59929948
-0.13629741
-0.32163946
1.32671576
-0.44055046
0.43313953
-40.82316253
-0.15359370
2.77011182
1.15406865
1.49839020
-0.75054657
-0.24848817
-2.95443441
0.38540661
-15.78545662
2.40009197
1.76362380
-0.26508734
1.86654248
-0.38765099
-7.14190785
1.72938309
-0.17008766
-0.82623573
-1.92783921
-0.92918675
-0.62627752
0.01352851
-0.94083957
-25.82112322
-2.08576950
-0.62281682
-0.85806817
-0.62810142
0.46507972
-0.18413008
0.22938342
2.57146294
-129.12438137
-3.19268865
-1.69701013
-1.11841420
0.85569506
-2.92096433
-0.71602403
-0.32918402
1.19226135
0.67392530
-1.24816553
1.34418698
-0.78360871
-0.54658556
-10.00929520
-1.20742217
0.10209036
0.39451327
-9.47865034
-0.48367323
0.81764507
0.00351718
0.41455272
0.20093756
-0.62165265
-5.13192778
4.20445224
0.24757806
0.47951301
0.62502546
-0.88900771
0.29775388
1.31240496
0.54740141
-2.46581289
6.45265473
-2.35659004
4.58083956
7.06316650
-1.89200351
-0.49316913
16.66527189
-0.03499852
-0.22440935
-0.03787082
-1.50565537
-0.06562675
0.60750399
-5.11560934
0.37325615
0.52765048
12.86484433
-6.59070238
0.41582335
0.21897443
-0.69317715
-2.22913381
1.09948985
1.78174534
0.11736213
-6.69960796
-0.34710975
-0.80766350
-2.98386481
-0.35207882
1.74370212
1.74292113
17.28890103
-2.31867428
-1.28158925
-1.00839593
1.42039261
0.31728433
2.51165091
1.63971024
1.74263718
0.23797108
-3.68757546
0.56329793
-1.37599301
2.44119870
-1.90019201
0.84516750
-0.53923897
0.20162048
0.89446999
-0.49382333
-0.12083465
84.33250476
7.63010032
1.73267314
-0.60963878
-0.46190785
0.16556284
-0.41345333
1.32248502
-0.54935048
4.30813044
0.23286978
0.14788088
-0.68299598
-299.79259570
2.17557098
2.37792268
2.56037675
0.24679892
2.69380880
4.57314769
7.84719061
-2.80353362
9.83998028
-4.72482214
-0.28891535
-0.21896058
2.12394798
1.97514558
0.42904455
0.02534794
1.07510895
-1.31721097
0.35527721
-0.42432498
1.35158444
2.87549707
3.28477954
1.69797011
-34.18756758
1.69016165
-0.41574402
22.03021133
1.15867661
-3.99543494
-0.08192709
0.40702198
0.48450970
-1.42914376
-8.57824649
0.39886193
-0.71033242
-0.79058915
1.26455374
-19.53452502
0.50809611
-1.92713726
1.10886319
0.45591592
-0.36860956
1.98317155
1.24846526
-0.68766697
2.71900993
48.70118168
0.35470262
2.30749265
0.79204775
0.60700201
3.76527124
-0.55504190
-2.29696578
0.95429849
-2.82352917
1.06186511
-0.88652409
-6.27512851
-0.95069136
-4.30187749
-0.82252975
-4.07938758
-0.04639973
0.85508770
-8.98935545
-0.20862378
-0.14940313
-1.82978852
-0.45592904
-27.70893555
0.92639717
-0.20576252
1.04247594
1.22162188
0.43319886
-0.34753831
-0.14739089
1.53522475
4.04862750
-0.33320393
-3.32733802
1.62885420
-1.07348299
23.67226916
-1.46426196
-1.19091902
-1.97874892
5.36971140
0.53822312
0.51523216
-7.69572731
-0.58672579
67.08717858
4.43500053
0.19853157
-2.81203994
0.37225483
-0.79520217
-1.38857076
0.17520652
-0.17368609
0.48610451
1.19497143
-1.20246896
0.32811887
0.42768460
0.07937843
0.20516203
0.38900347
-0.17895317
1.54989016
7.59935860
1.23711089
-5.35417883
0.21524627
-0.00165824
-0.21208604
-2.47900333
0.56923278
0.61241921
1.34244277
-0.78111900
-1.50147979
0.23449124
-1.11927211
-0.50647296
-7.86649577
-0.49202049
-0.91053008
0.42992247
1.16509851
-3.06323868
6.16219744
16.48000112
3.61630343
-2.28695709
-0.23224569
0.86899966
-2.58933990
-1.43037025
-0.70732526
0.36528763
0.47183622
0.35278410
-1.82517299
-5.64717650
-0.83167510
-3.79298485
-0.19177416
0.59518464
-0.33906498
-0.55097607
-0.19911322
4.59286999
0.33405631
-0.85052705
-0.45599089
0.61159210
1.85811888
1.31595522
3.91414068
0.76812887
-1.69341299
4.67522215
-0.16783746
-4.03438865
0.33983944
1.93545488
5.06864258
3.00972781
0.65098142
0.55195929
-11.80061099
-1.61657174
-0.93994865
-0.07588445
0.70835626
-0.11328197
1.57933615
0.88444675
4.37254447
3.06334735
-2.74200216
0.35496682
26.85315106
-0.78295376
0.38615242
-1.19831304
-0.32620339
16.55425290
7.51018839
-0.28803699
-2.92304267
2.89894895
-0.25809446
5.63596702
0.27728270
-15.58476820
0.13741950
-1.74837874
21.31688844
3.55562185
-0.74428659
-1.62987641
-1.10194692
-1.13353876
-1.37514068
1.46074877
4.29016152
-0.04234265
0.59931585
-1.43843080
1.53945954
-0.84694666
0.03064818
1.19667300
-0.29684626
1.59232028
-1.54844907
-0.30861380
0.74269094
0.20383983
0.13772340
-0.83524148
0.78197523
-0.20121310
-0.07789872
-0.19468565
-0.32956040
0.13763400
-0.28329414
-0.58759913
-1.83408624
-0.69173483
1.44021032
-25.65192208
-1.90655634
-1.62593882
-0.09484654
-8.27332638
1.23899301
-5.99203461
2.58856298
0.25921545
0.11472403
0.17115671
0.21529183
-0.41589523
-1.07175895
0.31199302
-0.35353105
1.73525397
0.82113561
2.22974417
-1.12751992
0.02255179
0.53327615
-0.69655589
-1.96985438
5.58663422
-0.41214092
-0.48966689
0.22696704
-1.77249793
-37.91864736
0.06723591
0.51479265
-2.19999602
-2.04951054
1.08235626
-3.54885248
2.31863822
-0.64148163
0.24600306
-1.64905057
0.40260626
0.36006458
1.66395235
-0.58909806
-11.19141625
1.10590278
9.86941154
-0.62982206
-1.13125050
0.74323685
2.23292755
0.40045039
0.84983335
-0.26184680
-2.54313066
-2.30187805
-1.76812889
-0.75261737
-1.61712882
0.73355014
5.42630502
2.91069638
-0.40496106
-0.07496494
-1.18268616
0.19829450
-3.61249399
-0.72299668
-0.32209660
1.46032705
-0.71601925
0.36513724
0.22731520
-0.05275312
1.41609733
-1.92732887
0.42772363
-0.66500254
-2.99955655
-1.48056688
0.43898414
-0.09742691
4.86671912
14.95955554
-4.18820185
-0.11671313
-1.96200076
-4.77257588
-3.49747622
1.44808037
-0.02857159
-0.35846095
-4.60188857
-0.07181737
2.97036377
0.26850966
-3.38438054
-2.34416988
0.13677513
0.00961078
-0.98829276
-1.01741232
-1.12698435
2.02767418
1.08444907
0.38016120
-0.82050875
-0.40723830
0.97583751
0.59537930
-0.57043421
1.79785192
2.66293937
-2.28732656
-1.95793348
-2.55038505
0.96963547
0.13597628
-0.22588061
0.81419230
-1.03268019
1.24693181
-60.91427888
0.55634913
0.00915368
1.72650228
-0.16418535
-1.40136611
0.05123076
1.44387729
1.02760265
1.86850684
0.90165811
-1.28181635
0.47110732
9.06919861
1.51144232
1.68460866
1.79635404
-0.10385184
-0.58529482
0.53496779
-0.45885986
0.11588874
-6.46362343
2.22476542
-4.74973221
-0.02547484
-26.81138396
2.74277061
4.31889011
-1.49861689
-3.10397863
-0.26465411
1.56890838
-0.15479426
13.53446644
-1.30509479
-1.08478891
0.15769557
-0.14205360
-1.44628765
-0.18626101
0.10588441
-11.38361888
-2.61890157
-1.54176821
1.36086405
-0.07784125
3.69799801
0.93010097
0.25087817
0.66534376
1.43962671
-0.84698993
-3.13941906
0.63764168
0.60331986
6.82698098
-0.12303411
1.48797919
-0.84150038
1.63546792
-1.27716081
0.35536797
-3.96027721
-0.68211335
-10.94699128
11.08299078
-0.31373468
-2.39393896
1.27403134
0.56893119
-0.32210890
-0.88066353
1.92935727
-0.33605456
2.04010431
0.25044404
6.93060996
-2.27771054
-0.00203292
-7.71605366
0.24801068
0.78100811
-1.32664051
-0.24991260
-0.61165363
-8.65558747
-1.94822677
-0.01199543
1.18749436
1.76925348
22.99653521
2.28164944
0.08415463
3.88649006
5.26239925
0.83052616
-0.44850651
-0.06679554
1.29100255
1.32337327
0.73390631
0.82149522
-0.08748217
0.51761727
1.58832249
-0.27911646
1.51749267
2.55590807
-0.69802968
6.33136609
-1.82913895
4.15860288
0.02276944
-0.26532375
-0.18566286
-2.86951058
1.14234411
-1.82139813
-0.85140608
5.82414750
-1.01210333
-1.95455835
0.42704140
1.47656880
-0.69657078
-1.23944930
-0.51103786
-0.09114885
-0.17606973
0.09184720
8.55441456
-1.12517681
-0.89202697
-0.24112787
-0.82650705
0.02172117
0.47359921
-1.23652737
-0.82977838
-0.52203771
-3.28282812
0.61886816
1.47292375
-1.18465202
-0.01248244
0.86021627
0.72742029
-2.24467895
1.59523104
2.33586177
-1.49692072
0.95761880
0.33451963
-0.57518524
2.35366385
5.20580845
0.57532261
0.79458643
8.67721099
-1.72739592
0.05633198
-0.01425706
-15.57912247
0.22008144
-13.72800935
0.45534070
6.05455938
24.95398496
0.90100668
1.28083730
-1.23179362
2.36137679
0.30535656
-3.88475150
-0.55314818
-1.70861759
-2.71670984
0.09147280
27.47834682
-1.63216042
-3.11066403
0.54178001
29.73511752
0.30958182
0.16424446
-2.04289578
-7.69764517
0.69156291
-1.05499545
1.43402673
0.46671742
-0.59708019
-0.67502507
-1.68881028
-0.05498815
-1.02626095
-1.02282721
-0.10468028
1.16000067
-1.78025731
0.15199034
-0.94256859
-0.17545160
-10.25224461
-0.49459582
-6.47605370
0.00482596
-0.51067293
-1.75195540
-11.07323425
-0.02498454
19.35716551
-1.53828061
-0.12455431
0.15334921
-17.08995218
-7.41988509
0.77566032
0.32474929
-0.49213328
1.73628274
-0.48273839
-3.73168920
1.65292465
-1.70299126
0.38036790
1.80594798
0.03350215
10.87201744
3.14538259
0.55961772
0.57857702
-9.43494237
-1.15823995
-1.56221116
0.66839694
173.72311882
-0.59620338
-4.23657623
2.49233952
6.28353895
-0.50879950
-4.76831201
-0.20463667
0.54185572
-0.47964903
-0.68502291
-0.56387296
0.77571384
-1.10019071
0.06495302
1.86797682
-2.35921590
-2.11925244
-0.93421210
-10.28109242
-1.95409065
1.27431130
0.88752637
-0.93933750
1.47898237
1.44442750
-4.64580451
-0.71490096
1.49963885
-2.80775287
15.96826223
-1.34422378
0.35662575
3.75857948
-0.91073723
1.12316008
5.11170413
-0.23353609
2.06368240
-0.27812920
-0.08959445
-1.95519363
-2.77290712
-2.04138913
0.06931224
-1.06754903
0.10329608
0.26794005
-0.06552686
-0.21659659
0.18383191
0.58038815
-4.74051361
4.82388091
1.10204209
-1.26811029
0.36389577
-0.56325278
-0.19852355
0.36015642
-6.29071428
0.04701942
-6.91116014
-1.16530528
0.59829826
-3.09716419
-0.37787023
0.07384071
3.73416181
-1.82375239
-5.40855971
0.06957385
0.40591371
1.88661924
-21.13093485
-1.10768549
0.40105917
-0.64488574
-0.96221887
-0.12813455
1.15623172
0.97843108
0.75486411
-0.36065240
-0.11961132
1.09806442
8.33588753
-0.25859428
3.71181140
0.93767605
-1.64974811
-0.33633126
-19.48308185
0.47056934
4.67109423
-5.12444605
0.29986098
-2.17557943
1.15183627
5.10422355
0.20513909
1.93980632
1.39553044
0.47707629
-1.75736818
-9.99205402
-2.06111081
11.01124568
-0.46289287
-0.26484566
-1.23706879
2.17912863
-0.50620749
0.84591164
-0.12144619
-5.33223877
0.15667839
-0.34973734
1.73424020
-2.78016956
-0.94094058
0.20942945
-3.39061604
-1.16852225
-0.52160792
0.65326811
0.42651062
0.46913216
1.28199114
0.33909564
14.34397773
-2.77898232
-0.05334387
3.05484014
-1.61317762
-0.64492419
0.09253755
-1.73375610
0.05397154
-1.97716368
0.12852346
0.50368655
0.95949621
1.57728238
-32.61610321
-1.77496005
-6.90515169
0.90847781
-3.96160009
-5.47867450
-3.12568741
2.37873171
-0.86050869
-0.89724727
-0.34354686
2.21387775
128.74356158
-0.75140656
-19.98850633
-5.34071754
-0.52481129
-0.43303506
-1.31635498
0.54361593
0.58124913
1.40149106
-0.38701124
21.13018569
-1.65815557
0.97806172
3.32342010
-0.78258732
1.62650327
0.35736136
1.01564568
-1.31844746
-4.39846741
-1.28754523
-0.55178434
-0.40240235
-1.82810200
0.36532023
-11.67821820
-1.60707693
0.39601653
-1.35791393
-1.90583813
0.73899292
2.86179052
-9.84419513
0.84848462
0.82596703
-1.02127554
-1.11159796
-16.09392070
-1.80262678
-0.24331277
-0.37068118
-16.51640871
-10.98813061
0.12587801
-0.37164559
0.69955270
-0.29903837
-0.42038506
-1.06165779
-0.29667795
-6.42694678
0.06222873
0.65260091
1.79013018
-0.90756932
-12.69509667
1.26375786
-0.25900807
-1.20254867
0.93372224
-9.53625445
-0.76126607
-2.63941745
-0.86484894
2.09593723
-0.48681833
-7.20064254
-1.68837761
-1.35687936
-0.77518474
1.33940618
0.89263470
-0.53293902
0.01765572
0.64407154
-0.50731873
1.33036782
0.91437699
-1.01605231
0.53900226
-1.37040497
0.59764559
3.55644555
-1.26339231
0.19327990
-0.46300317
-2.73961013
0.96301474
-1.11574099
-1.23960936
-2.40975714
-0.25008963
0.08776129
-3.65422345
1.40975414
0.89543493
0.50789238
-2.98636125
1.20478027
2.17420609
-0.24198722
-0.25720783
-1.41761416
-5.97736828
-10.75043778
0.43946179
1.04706182
-1.32907249
0.48376726
-1.08245514
8.62805095
-0.09274475
1.10020064
0.87600662
-0.42070201
-1.80332772
0.32842220
0.09075667
3.27519710
2.40871595
-0.61008677
0.96163489
-0.13052262
-1.36820889
1.02493289
-1.88537611
-3.61717048
7.36573375
0.89818914
0.94397109
2.82343355
-4.07933437
1.09769911
1.50494443
0.04569681
0.26643833
0.11043000
-1.03126271
-1.24245624
0.03611685
-0.54282536
0.45699801
-0.86838565
-2.14368231
-1.00594382
-0.69930208
0.24446731
2.44477807
-2.36647148
14.73962763
-0.13184108
-4.68272934
1.03909923
0.29365630
-3.12682796
0.19264265
0.61725267
35.45933309
-1.91490285
-1.89449411
-0.17462615
-37.67764363
-7.97313573
-3.89506394
-9.97755021
0.35409399
0.75003254
6.65635177
-8.95687250
-4.59320970
0.22974133
0.88042911
0.75109141
-0.02841804
-4.78175490
4.12519200
6.73268873
2.12947925
2.58270275
1.32520862
6.25509672
-0.47271938
0.53750014
0.35292329
2.65575687
-2.57688828
-0.22832493
10.59200871
-1.97320255
8.11433993
-0.79683992
-1.56128095
0.80034944
-0.43593869
0.46985710
0.93126283
1.99790304
0.57280968
-81.76439226
-0.43398994
-0.29615525
0.51113484
-2.23058540
5.34633785
0.07332505
-0.40616252
-0.06688825
0.40813795
0.44486823
0.56045908
0.31600985
1.08892251
-0.19288780
-4.34652057
-0.20576487
3.62659364
2.47251996
0.32215383
2.36377370
0.90730413
-0.67144216
1.83191281
-10.54138356
-0.45668651
0.59388575
-1.88102512
0.04302804
-1.74332477
-1.42396505
1.52843508
0.44423698
-1.29539698
-2.35500890
-0.15437755
-3.83740675
0.90334806
-11.65088695
1.33041669
-0.24014270
-0.46280887
-0.01925357
1.03439473
1.28483795
0.35206426
1.01386472
1.12521606
-0.15218113
10.15847496
0.34305281
544.32748411
1.09246465
0.58255254
-0.41341763
1.93711040
-0.56455278
-21.10524965
-0.88862089
-3.18987406
-2.45008950
5.56015041
0.13143652
-0.45730273
0.76155850
-6.58833085
-0.22091320
-5.47151104
-0.41728378
-0.28705207
-0.97630516
-3.89522509
0.28552497
0.27433074
0.74564247
1.35222110
-1.45648307
1.03889094
-1.39031449
0.37283736
-0.06373123
0.73798100
-0.60557919
-0.39346228
0.16200504
0.27392038
1.51592648
-1.53518773
0.54232427
0.50445668
6.01603982
-1.14677577
-0.35395938
3.60187776
0.76542210
1.98839658
-0.49042726
-2.05896756
1.04878214
0.10338399
0.01748949
0.05772283
-0.68217992
-0.60821430
2.50110293
-1.05317504
-0.20068127
1.28742772
-1.47216320
5.74032506
1.08425496
-0.73500946
0.02416527
-0.62440002
-2.13722310
5.62465969
-0.55703577
0.37860158
6.98991653
-3.83459405
-27.01774960
2.64211703
-0.70975698
-1.51870563
-2.80124897
0.13120775
-0.67250990
-3.87838809
-6.31299761
-0.46235809
-0.10889806
3.06340278
-3.74664746
0.68983565
0.10106108
-0.66874030
-0.52377284
-1.75722663
-0.20953922
0.66217587
3.04700705
34.37375915
1.14895478
1.53778540
0.16520989
0.27257926
-1.33939907
0.74060767
1.08681450
-0.57203825
7.66955714
-0.45105105
116.78131763
-5.85976664
1.30065046
2.48509814
4.22093321
1.89018500
2.75293404
-0.37592776
-1.90338274
0.14217180
1.53169462
1.02976085
-1.00141789
1.66756171
0.16311076
-0.18866008
0.18498386
0.49744680
-3.37393237
2.61990162
-0.62729400
0.43435448
0.78036295
87.54287051
-1.57989296
-25.11953720
0.96883861
1.29017395
-1.28360516
0.83037919
-1.28867167
0.05071807
1.21049941
-0.01742035
-0.16632071
0.16125829
4.52902005
3.06451292
0.55719983
-1.62611185
0.58679429
-0.60053878
-1.09950561
-18.55712769
5.31294674
0.22048495
-1.01203799
0.63132881
-0.20459621
-1.27071495
-4.47549048
0.32343869
0.30878339
-0.20489784
-1.49734982
1.29153587
0.94362056
-5.24368627
1.58172183
-0.33598402
-0.46737081
4.17565838
-3.17837482
-1.03813712
-9.23780236
0.15070504
0.45952126
-1.19023283
1.52438742
3.41289245
6.23299381
0.85033989
-1.35978147
-0.32241946
1.92257690
1.46191005
12.61855710
-2.63890962
0.36098988
0.04820723
0.16744941
0.26128469
-0.23023539
-2.38488865
-0.61373775
1.33068985
-6.96274640
-0.62308521
-0.65809855
-1.20971824
2.31817733
-0.52957270
-4.17231555
2.29773908
-1.43423286
0.21995160
1.88980558
-1.03182011
1.62105057
0.03488994
0.40881753
1.97181710
-1.11919708
-1.18047030
-2.12801029
-1.25402898
-0.80646337
-0.09749215
18.23677072
-0.49823924
-0.03177794
3.64085023
2.90884796
1.73644259
-0.82710792
12.70988732
-1787.33128687
9.46797007
0.41900516
0.70512497
-0.45207468
-3.93814310
-9.39070508
-0.76438309
0.38081593
0.53929394
1.82452778
-0.29112309
0.23785910
0.69596234
-0.45134174
1.83818606
-3.45811336
0.65949862
2.15901794
-3.34000121
-8.79638133
-2.27381507
1.08311146
0.72168033
-1.68510272
-0.70895593
-0.95990135
-0.77850976
-4.00731736
1.09269194
13.42992835
2.97647739
0.00412407
-1.35274447
-1.58597900
0.16488382
-2.91496934
-0.64509920
-1.04796909
0.22331951
-1.32770585
1.49201048
-2.50329178
0.64128185
0.66037490
-1.89289779
-0.60577165
-9.38503958
0.18636173
-2.03535039
-0.25224176
0.14012065
-1.31769509
-11.91429712
-0.18224924
1.85823301
3.93705701
2.93412971
-0.50975470
-0.08292773
-10.00839861
-0.20674223
1.44067883
1.29041775
0.66940830
5.48635404
-0.26141254
-0.33306761
0.24992721
0.52120173
-3.56854373
0.52345354
3.76516766
-0.59520421
-1.06101565
3.03798610
0.09895671
1.57092589
-0.60896559
-0.84182225
-0.01416402
-3.69197860
0.88840968
-0.28437863
0.12261239
-0.61774397
-6.07794210
-0.73102986
-1.15274944
-6.09328615
0.88832860
0.75884124
-2.13044660
4.13256813
-1.14385105
-0.03401375
-4.16482077
-4.03865088
-1.11572874
0.63121445
-0.18460377
0.88471428
-0.14150996
-0.90361345
3.26898077
0.16896116
-0.72453070
-0.78181748
-3.11632368
-0.83374371
-0.34415813
-0.04764586
0.25208559
-0.31219323
0.02116053
-1.13014230
0.03031135
-0.03560084
1.28030651
-4.81067018
9.79488475
-2.98340989
-1.12042395
0.41045812
1.85398625
-0.89439816
0.38432878
-0.20422013
0.31239593
-0.81028393
0.11614390
0.40218183
-0.08938516
7.76452498
5.88958414
-2.65027814
10.29660059
2.38762585
-0.08988622
-0.28696222
0.82582082
0.67128384
2.23771688
-10.00517850
-0.39560391
0.14979248
0.55800221
0.25481704
-0.27109677
7.76143880
-0.00970542
-0.27069683
-32.83943204
0.05248477
1.39793434
-0.95869190
0.73605469
0.31372412
0.12120835
-1.10204104
-0.15483556
-0.23090805
-0.83389975
1.60905631
1.11937176
-0.76733357
-5.53910887
-0.93995282
-0.14663121
-1.06327079
0.21214134
-0.79936220
0.93262352
0.43076956
-0.78611295
2.44204725
0.43879584
0.20862883
-0.92179406
0.63028985
1.51335173
0.07837277
-2.72511761
0.78964161
-1.86249722
6.24304537
0.53913544
-8.35113935
4.18740409
-0.08550789
0.15987463
-3.46864604
-8.30478547
-7.24091021
0.29033572
0.34687257
0.62959002
6.38321535
-2.13139963
-2.61796444
-0.04156099
-0.00187842
-29.34122950
-11.59143221
-2.04696391
0.57602073
-0.49413449
-4.90086723
-4.09143374
1.00260943
-2.33790802
-1.01074212
-1.64425949
-1.96097883
-0.37947388
-0.51560907
4.26161973
0.38814249
-0.62753648
1.54827761
-0.50341827
-0.27171574
0.06582286
-2.42714588
13.27898189
2.40959063
-3.59184178
-2.30292852
-0.21677183
-3.08401469
-2.15640881
-3.50880434
0.16344862
0.16310934
-1.28161779
41.44319222
-1.82230030
0.31077147
2.19122183
0.37534233
3.30526345
1.84606243
-3.83167129
0.39109353
0.93232085
-1.04377499
2.40463203
1.60086591
-1.73350487
33.90770108
0.23099736
2.62628254
2.98792237
0.42080330
-0.08449693
0.28036625
-1.29906147
-0.02677493
-0.64412830
-0.95133560
-0.07035151
-0.12190734
-3.33165433
1.79656827
-0.34331019
-0.60310267
-0.62587047
-0.23676171
1.32006709
-0.34111215
0.74325572
1.28414286
1.26838588
1.40669523
1.87661860
-2.89162132
0.32790305
-0.43010543
-1.21285116
6.20649534
0.01724365
1.38208538
-0.82234059
87.69033371
-0.11183785
3.44962641
6.87896864
4.71319622
-1.40016877
13.68046298
-0.45188862
-1.56357211
0.13387673
2.45907165
-0.25474523
-1.51977871
-0.87555821
0.27515896
-0.27723490
0.41107661
-0.48870467
2.19720706
1.96944459
0.98308916
-0.10307983
-1.72889089
0.28608708
0.47207747
20.60519967
-0.26645000
0.61871199
-1.36259474
0.47504423
-0.40530097
-1.90869043
-0.25824419
-0.68066101
1.25449113
4.18198196
1.35552344
-1.39860856
0.64592269
0.27441924
1.42813134
-0.34424246
1.53031236
10.29317237
0.46667792
0.07542594
0.09554599
-8.97403978
0.32236971
4.30298356
8.07918687
-0.32006243
0.24496101
11.42253278
6.49054587
-2.32437824
0.52536954
0.95523211
-1.47537778
4.98717834
-1.53497583
-0.11525076
-0.72655936
-0.43583300
11.54438049
2.35936800
1.37621697
-1.59410532
1.85817836
0.40829179
-5.60733810
0.02479184
2.82679975
-0.63618134
1.64520333
1.86814476
0.21021748
0.00475513
-1.00353979
-1.61578788
-0.96674530
1.38222041
1.77361597
0.41039855
0.79563895
-0.36610058
-1.99873591
1.11399370
-1.16211166
-5.02608469
-0.09960251
-1.23507370
-1.06689860
-23.09172361
-0.43346163
-2.61485486
-3.85633522
-4.77892090
-10.26289896
-0.86684608
-0.01387785
-0.01027198
0.11803719
2.43387305
6.95816329
-0.68961528
4.79154465
-48.22168648
26.27494933
1.46135767
11.38749086
0.43284570
-4.43415343
2.32048411
0.19877710
-9.99619763
0.97434411
-1.14152069
1.18369879
1.22381955
-0.04065097
-0.38525384
0.00707334
0.38168320
-1.44690052
-0.82666653
3.22317511
-11.04283155
1.79513950
-11.42189795
1.28119137
127.39217884
0.20103797
18.49661528
0.08056315
1.78871877
3.90392816
6.44103075
26.31751565
0.52068103
-23.66349627
2.97815226
-1.99530259
1.00836477
-0.78836609
45.61211062
0.16765668
-0.05427771
0.29465838
-0.36532650
0.05159682
0.23191488
-0.83566601
0.07235536
6.22830655
1.04611184
-1.22480884
1.67161024
-0.50835848
0.06106458
-4.09200091
-0.57354942
0.04105194
-0.48215956
0.90064128
-27.62612270
-0.26594430
-0.79204028
0.13038853
-6.09663293
5.50199935
-0.48748401
3.16389342
21.43583614
-0.52813605
0.38043889
0.36443260
-0.71169019
0.65350654
-0.72043159
-4.60996995
0.63966858
3.05981607
-0.17184916
-4.30840468
-15.28128713
-0.91938878
0.68885288
1.96412855
-0.88453592
-1.21969516
-25.89468631
-0.18730648
0.59477042
2.14610392
-3.95603214
7.42635202
20.91471954
0.79568895
-0.51139783
0.22253518
5.54439543
-3.12262076
26.81859510
1.08984477
-0.62045701
11.07245559
0.24126919
-0.27133514
-0.02228020
-2.80872360
-0.24581484
1.85307251
9.50868239
-3.82751451
-5.84347921
-1.97432142
0.65155957
0.07918299
-3.64900066
-2.52732094
0.19800928
-0.55902347
-4.26743883
-0.06873327
9.82461659
141.97018078
0.49459652
0.80230359
0.22311887
-1.37369442
-14.37067580
0.66653395
0.06070653
-0.84109744
-0.26594992
2.61590945
1.25641333
1.47633226
-1.25584748
-0.13590064
-6.13821198
1.09301132
0.20724089
1.07266673
2.15026947
-1.59018493
-0.06256041
-10.66054198
-0.51029368
0.82382092
0.58961572
1.65205922
-1.92562851
-0.22702317
-0.19316705
0.85664509
60.57133600
-4.16743593
2.01666273
-1.76434050
0.25185432
-1.44541327
7.06649757
-1.43735575
13.51281340
6.02232352
11.05784488
0.68498170
1.43110686
-0.37794744
0.72926380
-3.23002714
-0.11050558
0.24686520
-0.27195698
0.20871012
-8.85656532
-1.59972790
11.66044335
-1.69394130
2.10555059
-0.13736133
13.26574672
5.46584118
6.05714143
-328.31013241
5.80690096
1.50880815
-0.26647990
3.44925848
2.64328631
-1.69291025
4.62368592
2.08654538
-0.36833424
-0.14844582
-0.90359153
-0.75376411
0.63883814
-0.50489299
0.47230657
-2.22162005
0.12763095
-12.63963148
-0.40047105
-0.45510729
1.98847963
30.51065360
-3.18130520
-0.27761525
-0.59885270
3.40066398
-1.08991679
-2.11236135
-0.56721259
-1.98720789
-2.32986588
0.20857064
-0.49917663
0.23884615
-0.66881098
2.09755066
3.74838475
-1.20502618
0.79123052
0.33127331
-1.14927604
-3.11752816
-0.95209199
-1.10303681
-0.75641162
58.33732777
13.58082472
-0.26555546
0.85970713
0.03205032
0.82246101
-0.23590308
-1.59724578
-1.06183186
-5.41085760
0.39436411
3.98945805
0.63197700
-3.58515368
0.26349846
-1.86605666
0.01795160
1.33937526
-1.66175683
-4.54436760
-1.85515207
-1.98872769
2.52631704
-1.03452417
-1.18202465
-0.72124950
0.09483679
-0.80238552
51.44739179
0.37383779
-0.40939402
-5.03328586
0.25259425
2.31161829
-0.59146473
-0.79863011
-2.28999713
1.18427917
1.81659257
-0.36425303
2.15039142
-0.34672619
0.14426047
-0.36994236
-0.09136523
-1.39471889
-5.77192393
-0.08602443
-0.95421456
-0.15650439
-0.90254596
1.17429774
-1.92895541
-1.19563761
1.41394574
4.45376179
-1.52031368
0.31463248
13.46624685
0.49280206
6.48895269
-0.41612876
4.24731032
-0.70194606
-0.38840909
-15.08173184
-0.51308426
-1.13786790
-8.64954138
-0.99119627
-0.18499579
-0.14582273
14.49811259
0.63441710
-1.96612983
5.67999630
0.17525452
-0.47626912
1.37895242
1.11676981
1.09476375
-0.65058197
2.15876576
5.84794904
0.84100156
0.18449834
1.26001308
12.40129789
1.15736562
-0.58634947
-2.97265164
-1.33635631
-1.27223406
-0.97579185
0.12525822
0.94848032
-2.30189592
-0.37333297
1.31146491
2.98133807
0.75186400
-0.96052471
0.03484246
0.42699025
4.28394463
1.59564301
-0.48018388
-0.40817759
-0.10578095
-0.38726518
13.80043424
-4.44122769
0.23414089
-0.02509533
-7.67003541
-0.89501815
0.96497169
-0.86913672
8.79094303
-18.83582027
1.07603822
-0.13134487
0.23128856
-0.56535039
0.63214796
0.50027538
-2.61866129
0.32564323
1.04649455
-2.39374500
-3.03173546
0.72182982
-1.26547692
-0.79953616
-2.03964774
1.25242879
-0.89500613
2.23312078
-0.35178241
0.52554669
-1.05709987
-0.51827736
-5.97530396
-0.60566792
0.38745284
5.44382278
1.13555798
7.51118310
6.78595219
-0.35981687
-0.71211952
0.16179757
-0.47262361
0.46604923
-0.80186169
0.83689208
3.56169348
-0.50723183
0.13396910
0.00128466
1.33764653
2.71914974
5.35141324
-0.93194085
-32.37410123
-2.14690097
-0.58624565
1.15179114
-1.61419123
-0.32651857
0.62005254
-1.30633652
3.65360061
-6.96888567
0.49089581
-7.86148494
0.16630240
-0.61633954
-8.92511196
18.00698772
-3.04387437
-2.29472390
0.48749662
0.58903644
-0.25352804
1.41730559
-1.44393810
-0.63332946
2.49154591
22.48666967
-0.40052960
-2.85007355
-0.31029517
-0.23585361
-2.41527232
8.94550566
-1.33567612
1.49629351
0.79575545
1.29223807
-1.17141200
0.10899832
-0.71225693
1.99834366
-0.84129371
0.46169279
1.43257218
-1.45610602
-1.20868082
0.51070393
-0.71394939
-1.70027152
-2.60793973
0.51269526
5.48164522
-0.59297985
0.12542806
1.49017204
-1.57457866
-0.03230172
-0.13260251
-2.04223822
-0.02750386
0.19350752
-12.80879504
0.18381129
-0.48800192
2.63964869
-0.48706761
-0.52443689
-5.49995128
1.35533283
0.12151065
-0.06673341
-4.15180629
-0.49555951
2.63380141
0.09353183
1.00419068
-0.23375666
-0.99992060
1.25693382
-0.75987814
-1.18632358
-0.83558893
-1.01480143
0.73116899
-2.05541548
-12.71157360
-1.56451532
-22.28586819
-0.95970670
0.80224817
-1.07511817
0.43072904
0.62010666
0.60666482
-0.14998464
1.27569529
-2.31657603
1.14795205
0.44708440
-0.31743258
4.92612134
-0.54774599
0.68974775
-2.51291539
0.50717130
-0.59366220
-0.15819575
-9.32221699
0.07116980
1.30385624
1.24574945
-3.74525141
0.45526156
-0.34981040
-12.32801302
0.33237640
0.69669782
1.07207916
3.86894481
-0.43917460
0.90068663
3.90581510
-5.41406112
6.21679652
4.03598477
2.21208064
-0.93168051
-0.27291771
0.24348656
-0.63853439
-1.43586810
3.88425389
17.39213332
2.46693649
0.43074813
-4.38175375
0.80545219
1.13918684
0.95997025
-1.68315690
-2.48046987
-0.39854874
-5.51282972
0.06608720
-0.00189696
16.12933058
-14.14501766
-0.57683864
-0.45532374
6.23616760
-0.21365726
3.55848905
0.65805314
-0.58372088
-6.40000716
-0.05993194
-1.72522855
-1.72013445
-3.97571050
-0.89812186
-97.70692273
0.91741630
3.09879034
-0.12761095
1.54087417
0.86775519
-4.58127308
1.55386875
-3.77337183
0.81617695
2.39230933
0.73007684
0.97435258
4.43982724
-0.40201920
9.66205635
-1.27700511
-0.09613845
1.33487671
0.35285463
0.75494442
0.90118162
0.06891732
-0.06687325
-1.03673054
0.92346702
-0.75087292
0.13596891
-1.36290661
-0.34265131
-1.05251673
-0.19548140
0.42200961
-0.13149461
0.62997059
1.31425409
4.34937609
-0.02479333
-13.04613114
1.70003661
90.29481719
-4.10385171
-2.14490908
0.73266810
-4.07011594
2.36733587
0.87817641
-0.50095856
-3.65393817
-0.32530671
-0.09343324
-0.39321508
-0.64016279
0.75906092
-0.11529018
-0.77508347
1.15326381
1.00300902
-1.28813797
-3.05398353
-8.96273951
-0.23645516
9.70881259
4.59484960
-10.28522412
5.98752628
-1.88183477
0.16515394
4.26109789
2.30820161
-0.99726076
-5.87959023
-1.09949535
-0.16753110
0.30462237
0.95393771
0.04988935
-0.26757558
12.95405922
0.17915092
2.01133096
0.43769973
-0.99445901
-0.93702411
-0.95091099
-0.71342997
-1.57427090
-0.89757688
2.39858724
2.24994014
6.00522709
-4.45049629
9.44753794
0.55694967
-0.63553020
-0.63016422
-0.01509593
0.09741773
-0.85663408
2.20162708
-3.38157654
-2.68122416
-0.61773761
-0.44323594
0.20871067
0.67728103
-1.46882774
-0.77710876
-21.65447411
5.49507333
-0.39625949
-2.78290509
-4.27566271
0.19669018
-0.36758799
-2.62773931
9.10034722
-4.52438871
-0.01955566
-0.32543758
0.17389902
-0.84036465
0.04396426
0.21902564
-0.24801411
-2.73292811
0.06373866
-1.08283249
0.86311125
0.99612848
2.37727157
0.64072879
4.99495473
2.31662589
-0.64322705
0.40460754
2.05224079
0.91101686
-2.53978345
0.15968300
-1.59100937
0.10915881
6.87163857
-1.27597924
-0.22598338
-0.49747076
0.36247946
2.49182954
0.83743458
1.61642216
-0.10786586
-1.45512742
0.09423502
-0.19040745
0.31890751
-2.84719805
0.25080775
-2.63861493
0.28610642
0.60813874
20.25931632
-1.29040818
-1.22352004
1.41961526
1.41002983
-0.31337295
-5.17102213
-1.03604662
1.69584397
0.57146801
-0.42117165
1.11029662
0.49000647
0.47616921
0.48192125
-4.42583382
4.72359594
-1.76896006
-16.65031839
0.12734524
0.42336660
0.69089375
1.61189326
-1.64738792
0.64423704
-0.29791489
-2.80545133
0.90551120
0.95927652
0.70495111
-0.62210218
-2.74284607
0.34228147
6.13502752
0.00700149
0.34227418
-0.09013115
-1.39200541
14.65304207
-0.30126196
-0.06876470
-7.43488947
0.03575032
6.68788646
0.90661385
2.35029262
-0.51903995
0.21185919
-12.44597757
-0.35696955
-0.20364156
-0.52671460
-3.09738119
-9.64546843
-0.09184116
-0.03467301
0.57628423
3.72344694
-0.24265501
-2.60437027
0.08497282
0.14010723
0.37072839
-0.11622205
4.27898093
-0.72202299
-0.70872802
-0.19657103
1.35923202
6.43550000
0.07922584
1.18330352
-2.90987409
0.00798392
0.47937246
-3.96965388
-0.41416446
4.01083323
1.22613108
-1.14055033
0.22208057
3.81266764
-1.19694556
-1.57364323
3.00599500
-1.08095815
-3.48573528
0.15010581
0.56361830
-1.14170317
-0.50288794
0.23745494
1.15583145
0.48081661
-3.33766103
1.85374970
0.36676719
-0.83019151
-63.36082917
1.03919105
-0.39599719
5.09309390
-1.37364469
1.67347282
-8.01824613
0.33132015
0.37017500
0.71451830
-0.72265685
0.45650423
-1.71411120
0.13112388
1.01068438
-0.41717998
0.14954052
-1.90519433
0.60370505
-0.24949321
1.54720670
1.00415778
-0.81736162
0.92647201
1.37580740
-5.89838137
-0.88076972
0.03696080
-2.41015584
-1.99500307
-0.44903080
-0.12862048
-1.65661257
3.53731020
-1.09152652
1.15258621
-1.98031589
0.88421806
16.14081613
4.14457460
-0.28839079
-15.57955868
0.07271730
-1.38108823
1.08665047
0.19140962
2.39450312
-0.34294710
-2.26679838
-0.39629696
-8.71570723
65.51217844
-12.52780799
-0.78871700
0.35818563
-0.61007098
-1.81138317
-6.33390575
-1.09611484
-3.14423561
-2.38445598
-0.09424154
-5.53027163
-0.42580233
3.06608785
0.56508195
0.05062498
0.11864752
-0.50977939
1.36745783
1140.30955247
-0.16844291
1.18093176
-0.20855385
-4.14192163
-0.11262824
-1.15097110
2.08374735
-6.54762338
3.00132224
-0.19214523
6.16343681
-1.87887695
-2.74241345
-1.72440744
433.83991774
-0.28566589
-0.05402942
-0.32070361
-0.08145377
0.22471926
-0.77305356
-1.18550031
-0.63835770
-1.10000458
-0.30370738
-2.91108435
-0.44262059
-1.12230831
-0.68570221
-0.35842375
0.07964412
-1.47066465
-1.84259744
-11.56254726
-0.10140397
-9.97150300
-0.29194870
1.63633819
1.23895895
1.26197661
-0.46666466
-0.57552346
-3.15575639
2.35507510
-42.67271647
0.85042983
-0.65018189
-0.06865087
-1.53403375
2.30364970
-0.11236150
2.81679018
-4.38422215
-1.01734300
0.59865788
-7.07508380
-1.22656220
1.38095583
2.35664126
-28.76477258
-5.78310041
1.62841162
-1.67844116
8.08284797
5.43736922
-3.33901959
-1.39089345
1.36577716
0.89358642
-0.12246947
-6.37185372
-0.02200398
-2.70776818
-1.38234766
0.23997730
-0.53976728
-1.19990880
-1.11859167
-0.91299065
-2.49555427
0.06600355
1.45784071
-2.07008717
-0.57735095
-0.73207365
-4.68331371
1.79937016
0.13348533
0.49290420
-0.67806682
-2.86566875
2.46385698
4.02174233
-2.52477002
4.82892296
19.39897857
0.79032496
1.04575025
-2.78661934
0.63721457
0.22771956
0.17295988
0.42654234
1.96544929
0.41409583
0.06352322
-1.37257288
-1.34769765
0.68954749
-0.34351559
0.12697247
1.55256170
-3.23380594
0.26314068
-0.63244642
-2.38888715
-2.45137652
-0.98662484
-1.92456829
-0.30268474
-2.16391277
-0.12822102
-0.46406289
-6.35668379
3.29964900
-1.48721921
0.67866892
1.25554391
1.48954642
-2.54422420
-0.35861265
0.81449362
-0.44692623
0.98995495
15.90575047
-2.83972505
1.56799364
3.89087867
0.39740985
-0.94173925
0.97994842
-0.81082367
0.54676375
-102.91875882
-1.72449510
0.36350736
-2.10873331
5.81262264
-8.81970705
-4.04405788
-0.07263065
-6.24031193
0.64420798
0.81441998
-0.89697550
1.12672243
2.99318309
0.01227215
-0.78121155
45.46996008
0.54956006
-0.95430411
0.63619443
1.36460454
1.90668918
-0.14268273
0.30414758
-0.89805333
-0.40741611
0.56273410
-0.94761900
0.71114513
9.05713320
0.40329735
-1.65478410
-27.04552871
0.19750219
-13.88347648
0.62439004
-8.47203399
0.15993916
2.10653751
0.10663368
-2.27493099
-1.00937387
-0.69528671
-0.10271713
-2.03148525
-2.58587879
1.43290476
-0.17754927
-1.22129998
0.58901235
-2.80829448
-0.93232384
-6.73701018
-1.90764896
-1.09095399
2.00797024
-1.75283098
-5.39899107
0.38769118
-0.12096085
1.52695062
4.50092566
-1.81553003
7.21512076
-1.71852600
-0.56524158
-35.77923195
-0.09311786
-2.69129174
0.05491541
0.43646454
-5.94033238
-0.12857211
0.91507604
-0.89238920
26.22307687
-9.96604983
4.88051995
-0.36240592
-1.65517858
0.33440482
-0.28290766
0.18526517
0.69042720
-0.06879837
-3.08718010
-14.70839722
-1.23372265
-0.13785705
-10.33108113
0.62522615
1.83290099
-0.77537793
2.17753337
-2.34007720
0.20554144
-14.34561807
-1.37939758
2.89547882
-32.95838453
-13.81375751
-4.37904827
-1.90710690
0.94822443
-0.72425538
-0.22755763
-0.02577660
-0.72587292
3.73954881
-4.65473713
14.71011865
1.54715138
-296.66996718
-6.73370081
0.92883864
2.86285611
4.73651268
0.16789951
-1.80720775
0.86657021
-0.01734406
-1.35348281
0.50260676
1.45965172
6.45644774
-2.22329033
1.22981061
0.56337597
0.93813133
0.70916382
3.80809105
-1.74829090
-1.39394411
-1.27969504
-0.93792217
-4.31983145
-3.60486892
8.09475798
0.75305034
-3.85594121
1.89662215
-1.87235659
-1.47795893
0.43682386
1.56178517
-101.07501181
0.12680819
0.58522430
-0.79343245
8.10259984
-0.66656883
1.71838752
-2.77137712
0.21131684
0.28742702
-0.67898068
-3.42496055
0.58007059
-9.68256325
0.08030606
0.44933427
-2.07754646
0.86390206
0.19687992
2.29456141
-26.41389594
0.12058057
2.92503284
0.04290089
1.26223816
-0.23967603
0.57389485
-0.46691945
0.93131502
0.24642448
5.16109951
-0.01472393
4.10641865
-0.56534544
0.64610428
3.87705133
-75.29294944
-1.68374938
0.09716292
-0.77683313
0.15526387
0.40344433
1.00095718
-0.77400053
-1.24856655
-1.84271045
0.32738234
1.98792368
-0.61594537
0.23602022
2.99142951
-5.49662479
-0.08734598
-0.51697824
2.22465947
-6.47483142
-1.80304061
2.24634676
-1.36903898
-0.09588423
0.29830768
-0.89552594
2.23397941
0.46117478
2.23306159
3.54352460
2.40797342
-0.06323610
-0.38259118
-14.35368941
1.80185864
1.00264695
-0.42983186
-1.40191968
-2.60790759
1.17678809
0.08382239
0.35734892
-1.90024991
-1.36504393
6.16800312
-1.09887451
-1.29880872
-0.55718045
34.93893821
-1.61177835
0.70816742
1.64186542
0.42005255
1.55630951
-0.04501560
0.43515901
-0.10952404
-1.59281641
0.45442327
1.37792281
1.04689374
0.36877939
-0.62174602
3.19624647
0.93970611
-2.00372258
0.23571211
-0.27324537
-0.28841305
1.58520165
-0.73918488
-0.77418302
-0.34668840
2.87011779
13.44062403
-2.17313156
2.11117686
0.44203441
-3.74411401
-0.39459767
-0.06523397
-0.60388653
-1.15585800
5.89353901
-40.51926473
-0.08418932
0.04859421
1.12433557
-1.46859011
1.60586764
-0.18815234
3.67981882
-2.69122916
0.69008797
0.16453573
0.80535541
0.76075030
-6.23973544
-0.12164965
1.24968666
0.25900555
-1.03673230
0.30479525
-0.01547943
0.25613052
0.15343412
-1.78670701
2.69112897
-135.85526532
-1.69622957
1.48776562
-0.96116275
-2.91862176
5.61290673
-0.64869751
-1.61391158
3.67242279
-1.16955846
0.80592094
-0.68406410
-1.57322110
0.72684393
2.57747904
-0.42704426
-31.79776591
2.67310803
-0.79509553
0.34074430
-3.21112555
0.09265148
0.19738485
-1.27387444
0.76497183
-2.68607674
-0.22232283
2.82661650
0.44212038
-1.35584890
8.43798006
0.86428451
-1.85905466
1.18773611
-0.02430432
0.08595635
0.58814126
-0.41236617
0.17155509
-7.56867667
1.03616388
-0.24942931
2.40869027
-1.07826468
-0.69270916
-0.86050032
15.70622749
0.92691257
-0.65259121
-1.54567860
0.50520704
-0.90409512
-1.24378081
0.25397731
-19.79996410
-4.77234955
4.08144824
-3.90422587
-0.96866719
-0.88990306
0.25422539
0.80879293
0.73502339
-0.28852520
-0.25907574
0.59691247
-4.15526673
-3.02426648
0.38001844
2.33759988
1.28040109
-0.62692509
-1.00119234
-3.71763332
1.11897182
-1.52192448
-1.76676637
0.10630074
1.01629943
-2.10345920
-1.56632363
1.51085544
1.43087851
0.07965827
-0.62954205
-2.24200793
-2.72913477
1.42519632
-5.17453992
-0.42621776
0.47865237
0.58957008
0.01602512
-0.26412398
1.14523356
0.94301648
-0.17435363
1.57902504
-0.49142178
2.24004509
0.60627033
0.37902642
-0.04666861
5.43670785
-0.12664289
0.24664164
-0.05916552
0.09194194
0.76922292
-2.04820838
-0.43357064
-0.78575928
1.23168063
-0.15272100
-5.77216665
0.87859109
-1.37452686
0.47448668
0.60068476
5.52412380
-5.26539619
1.65687717
0.27152061
2.72794486
-23.19280480
-0.27442430
0.67844429
-0.76498350
-0.15361700
-2.42075009
3.28123671
-3.35773743
-2.25271326
-3.23372182
2.84326953
-0.90655516
-0.62136094
-0.96445390
-0.23110623
0.09089118
-0.76488474
-1.56412831
2.34562715
-2.19013582
-0.57637741
0.39319903
-0.47324168
-0.27560370
2.73043088
-0.07143891
1.08053420
3.48290574
-0.39368879
-0.37113726
19.44232181
-0.05345043
0.22676456
-1924.46975594
-1.11565497
-0.81044114
13.00324099
-0.69469629
9.73381391
0.36726240
1.01975308
1.46300494
-8.19180218
1.21847368
0.69468523
-5.36628869
-5.26696506
-0.07899041
-4.63647700
-0.16392936
-0.12182775
-1.23839321
-0.54945663
-0.67916767
-0.58948178
-1.03106763
0.05864748
-1.43568370
0.81275091
1.62166773
-0.24195959
-6.41891270
-0.56902655
-0.64287450
0.89025060
-2.12712515
0.45538078
0.30633540
-0.35768421
0.03571175
-0.88866057
1.15847572
-0.71330254
-0.70525083
0.13810012
-1.45082621
2.81656479
-4.52654008
-0.84551628
2.25710663
1.24016795
-0.36614543
-0.44682864
0.31800572
-2.39173286
1.57880801
0.51032424
-1.13831295
-0.70324654
0.32922653
-0.03143870
-2.09201109
8.28404130
-0.80072899
0.35652814
0.41859344
-1.01199420
-6.69244838
2.26206607
5.02197304
-1.56687074
0.38884399
1.40384427
-1.77968820
0.90717219
0.18284490
-0.98968817
3.12101699
1.08201565
-8.61329161
0.08694193
0.37717134
8.22115384
0.23214191
-0.88112559
0.02949314
0.35895150
1.29193439
5.51293887
-1.33188197
0.53303200
0.68544504
-0.63436322
-1.13993660
0.22071457
3.63479552
-0.61722630
0.30812748
-4.94008886
1.86613542
10.06964236
-1.70006535
11.75223111
-0.91831100
0.14304284
-2.88109694
35.82920600
0.65992979
0.65708336
2.97421253
-1.05578775
2.09479047
0.36136041
-0.94489867
-0.15827984
1.21435949
-0.65384795
0.32801754
-0.55046365
-0.13099924
-3.40750611
0.32472631
-0.24424303
-0.35564673
0.83794355
1.51843786
-4.25922493
-0.17840938
1.57726543
-0.06771717
-1.51203952
-0.70706257
-0.10465637
1.05725024
-0.60435003
0.24214124
-2.62068357
5.21557551
-0.17463272
88.62054309
-0.64151314
-9.29878865
-0.23858921
-15.46146387
-1.76166922
-1.20347851
-0.42965317
0.56762815
0.62264825
2.12064308
1.28752750
-2.41083554
74.38141587
-0.10448982
-0.80221930
-1.86067944
1.32809228
-0.51744600
-86.21104595
2.18686808
0.85033357
-1.14298278
-0.17037986
0.68674439
2.11710518
-0.32716358
-0.81035860
0.38744534
-0.35915438
-5.65316409
10.68125813
-0.42259024
0.60278713
0.81765456
-1.87222501
-68.77266726
2.11978843
-4.45118728
-0.18971955
142.39773966
0.74440056
-1.66492513
3.41026364
1.66091012
1.24596740
1.29101865
-0.98106420
-0.32241369
1.96161738
-0.96270632
-6.13710461
3.35060565
0.36626072
0.52883727
-2.14592903
0.60431620
-1.73812568
1.13192477
0.58494920
0.13997842
-6.17240456
0.84201878
0.50215635
53.14578287
-1.13903846
18.61567336
-2.84825116
0.50821869
-0.81879114
1.59744432
0.62258170
0.04442044
0.43879589
0.10774408
4.70702196
-1.16376459
-0.11799256
-4.66274410
-0.60559021
1.03248737
-0.45744690
-3.20037440
0.11975194
1.16348123
2.17933172
-3.01265436
0.14157119
-0.61300668
0.16531368
-0.17600277
-1.83117763
-0.10154654
-3.44958997
0.62314684
-2.94376959
-0.34957575
-1.74555957
10.47411258
-0.38630332
-0.06671342
0.03069700
-0.99873049
-0.02374338
-0.60179143
2.29592934
3.46985264
-0.15625554
0.73156717
-36.40525442
-1.78898043
-0.89706059
-1.65551480
-1.04191138
0.36081943
2.78063748
-0.70485925
0.80808976
0.53455329
-0.55646829
-1.18540707
-14.11736295
6.71233052
-3.00061996
-8.86994785
-0.99949618
-0.03013196
-0.06404198
1.93968341
3.41333725
1.41432689
0.39089707
21.84510967
-0.34873865
-1.12700413
-1.80063738
5.36123912
1.96550977
0.95857283
0.86866577
0.55498848
3.86710181
-0.20931597
0.03706568
2.18521035
-0.25080399
0.60496249
-2.44445494
0.42468957
0.04618189
2.33980484
2.43198742
0.39046873
-1.51070417
20.96801747
-3.22976186
0.82310434
-0.26207605
0.75777201
-9.28262386
-2.65744978
0.04505962
2.33272762
0.31861980
2.54262957
0.06417251
-2.89870490
0.63272316
1.84330911
-0.13344729
-2.88788468
-0.76521190
-5.06574979
-1.41490151
-2.14993382
-1.22758187
-4.96018565
1.09246798
-2.04364296
-0.57429046
-0.92998672
-1.97736742
-15.80512413
-0.44323499
0.72573599
-3.44040060
0.97906417
-0.62296892
1.49370301
7.79736110
1.04212763
-0.38639755
-0.04727218
2.06626484
-0.03549474
-0.43206640
-0.71798433
2.64334874
-4.56759411
-357.90428492
0.62836979
-16.23998902
0.03318425
1.16010689
-2.20761429
1.18423450
-3.05311441
-0.19098468
0.49140697
-0.72265010
0.38369883
-1.41276741
0.61895260
0.70869581
2.26749337
4.54004889
5.33630538
-2.43098384
-0.11111681
0.50603913
-2.09229528
88.99868042
0.49002546
-0.45524247
-1.43290586
0.50769023
15.99144376
2.46365323
16.75601129
-1.02637596
0.24899780
0.54358280
-10.44275877
2.35805938
-0.47799377
-149.80403588
-0.58808777
-0.26578416
0.57138593
-0.18248277
0.19571535
1.19800397
-5.43187024
-0.09485125
-0.63048614
-0.98398873
10.78475296
0.09961932
0.11152766
93.26981344
-8.35091367
-0.08070466
-0.03184796
0.46172639
-0.29490483
0.13681099
-1.91910898
-0.82042815
-2.05498937
-3.37765558
-0.40954312
-1.52860846
1.28299232
1.12493151
1.04408121
-0.00911592
-7.61335285
-0.45245549
-0.10479232
-25.97014034
3.72990595
-2.10908182
-2.46701063
0.09935645
-0.46618467
0.05075302
-2.86296455
8.41664236
-0.01169896
1.37265230
3.66312651
1.19611416
1.78732405
-0.54143397
0.84930631
-2.00074415
-0.50763159
-0.52507433
-13.85831838
-0.09236601
-2.43021244
0.54346677
1.07796107
2.03825623
-20.27194312
-0.26460279
4.94008348
-1.17241111
0.70418562
-0.25869942
-3.30361850
-0.45061651
-1.63662868
0.62778896
-2.67427257
0.60458671
1.24419880
1.55489849
-0.48466628
-1.05049488
0.22016805
0.90819593
-0.47917544
-16.14565855
0.53849182
-0.68832304
0.47954123
-4.97952260
-6.90187296
1.64769031
0.40804401
0.96594745
0.61656270
-6.67923458
-0.82163417
-0.21905798
-1.31765594
-0.22074211
-0.35998741
0.03763524
0.30081226
1.11420628
-4.70724382
-0.31455604
1.08044639
-2.21027197
0.97971921
0.35417121
-0.75600052
0.03737608
-1.30226870
-1.37558045
-2.17830366
-0.76678904
0.62156388
4.88456798
1.46624304
-4.69642045
0.08112270
-0.96189202
-2.46073939
-4.71288869
0.61727182
0.90843155
1.71888455
-1.27971886
7.59816189
-0.99832430
-0.14617700
0.07956759
1.29546327
1.26446879
-1.42526575
-1.55453489
-0.58651614
1.75230414
-6.54946872
-0.43274079
-0.17222691
2.23966259
1.40479132
4.14858384
-0.03575822
-0.99701351
-0.45427688
1.95406309
-291.90418806
0.56120216
-0.42408879
1.74351379
-0.31022418
5.30266160
1.53381614
-1.28240468
2.67327661
-0.74441577
10.19922776
1.02101168
0.60859356
0.49816453
0.05971790
1.88372679
-0.47218049
2.24259274
1.84489834
177.52675281
3.76921194
-0.95044922
1.07404069
57.56663531
-0.08774754
-0.98227655
-0.67200455
-2.51597401
-8.42135404
4.10322080
0.14325139
0.19591282
0.45519367
0.27370113
0.26805804
32.43872030
-9.89414122
0.41403406
-0.76019749
-2.29181111
-0.47923289
-0.17506142
-0.90466114
0.33289432
-3.11744545
-0.03315646
-0.37511295
2.46386379
-2.01219258
5.42599493
-3.05217388
1.04064252
-2.00371529
0.76235179
0.25644405
-0.06024414
-0.38382143
-0.61906349
5.47763711
-0.14763500
0.00606064
2.36184233
0.13695493
0.29629693
-21.16691989
0.88935276
-0.38667147
-0.07177160
0.23931620
-32.16314323
1.03258225
0.85535510
-0.52117826
-2.64711207
0.22204647
-1.43020375
0.28934445
-0.30846159
1.74607008
1.04316138
3.06489239
-2.17540751
1.02988577
-2.89144928
-6.13126046
0.51329354
48.43750073
-0.31824499
-0.60048677
-1.60497364
2.45696934
-2.31740857
0.27373780
-4.43504789
1.01381548
-1.13449326
0.90681672
-1.04721761
-2.96731016
7.50723734
-45.55815379
1.71560311
-0.67611665
1.96052167
-0.51031714
0.93278422
0.51552656
-1.77492542
-6.79022008
0.74477931
-7.81789350
5.77533981
0.04851153
0.45173588
-0.17690017
9.63580399
124.98664043
-0.21873052
-0.19602903
1.41435004
-1.61327765
0.22397771
-1.48619621
1.18407317
1.06307312
-1.28461491
0.26138190
2.86994935
0.61146104
3.41103811
-0.66616204
0.88028514
-1.20051713
0.51748593
0.40852446
2.60859059
0.08080696
0.49131288
2.25428631
0.12623641
0.88247140
317.67292946
-1.40877304
-0.72181495
-3.82568918
-0.41087382
7.26339569
6.15535784
0.09193175
-1.93566273
0.76130356
0.79171195
-0.03127577
-0.51462588
0.24090890
-15.72125086
-0.18716642
-0.75503190
-0.11124802
-40.40777731
-1.30842955
1.19932319
1.36910356
-0.33068839
1.91473072
0.28558804
-0.58298868
4.12530794
-0.13141292
-0.83520320
-1.27564474
-0.13647067
-7.82028745
0.05883744
-1.85478224
0.07980960
-0.00143994
-0.61260070
-1.79568075
-12.25019420
-0.26742346
-46.89815020
0.43398633
1.15531641
-0.62991232
-1.32973236
32.91069231
-4.55517846
0.39886676
-0.25993380
-0.35146278
1.17089784
-0.03020776
1.74664454
0.76735906
-0.69159338
1.22347133
125.45740461
-1.03335619
0.39655759
-0.98879447
-1.08038952
1.17340600
-0.46083065
-0.96041880
-2.61949650
-2.79597121
98.44897854
0.71786870
-0.67379937
0.32484121
-0.08177767
3.79173144
-5.24341277
-9.63873826
-19.23743473
2.02744835
1.01163957
-1.67581674
-0.69313148
8.33453053
1.06979071
9.44970498
1.56761098
1.86844931
0.96030439
1.68323327
0.86817244
-0.21181404
-3.20921710
-0.69163046
0.43789465
8.23999719
-2.17455931
0.31358182
0.95957454
-1.09028602
12.10791551
-0.92850737
20.62442772
-0.22690436
-0.20562529
0.79874861
-5.14438552
-1.00401021
-0.10810074
8.62061045
1.14107958
2.52898075
3.67915849
-4.65697449
2.95285352
-0.48875288
0.99752428
15.54900260
0.82589536
-1.22921149
0.61676295
-11.52432807
1.39972818
0.59557819
0.10519593
-0.53502051
0.86110959
-0.45798886
-0.79478369
3.62346432
-0.49821358
-3.94139612
-85.26471231
0.20142845
-1.02022558
0.50984468
-6.37932032
0.90955555
-0.00596443
-0.87988817
-2.18620914
-1.41343956
0.69686823
-2.85618059
0.52345969
-1.74436461
-0.39061648
4.88738055
-0.17912924
0.05545279
-0.24298652
0.95207163
-1.43840967
1.64709395
-0.98095215
-0.03565793
3.22420285
0.22326834
0.03083492
-5.59844014
-1.47633128
1.54092900
6.13367771
0.98275326
5.46440461
-0.18970884
-30.03661991
-0.01501706
-0.70002206
-1.30663852
-2.01399842
-0.41034615
2.05745726
-38.45633927
5.53032988
-0.69101822
28.29125549
0.80488489
-0.68024585
0.19292712
-3.22069280
0.27504016
0.14368060
-0.44897985
-1.29743173
-2.16928150
1.80349706
-0.39327866
-1.28205261
2.60472133
1.24552461
3.18520212
2.26937108
-0.76676961
0.11856444
0.50756093
-2.10666850
0.19110053
-0.56891340
1.67488106
-0.84981444
-1.60904172
21.42374255
0.33469755
1.77307736
-1.13970234
-0.06183750
-0.72600377
-0.44802426
1.99208819
2.00379715
0.98950771
3.79220457
-0.96382999
0.13152739
0.24275495
-18.78199885
-2.12394005
0.25078650
-0.23577752
-0.89499713
4.03972548
0.14378721
1.43080379
588.64418661
0.60371689
-2.32664572
-1.51717308
-6.08616411
0.38255035
2.10584535
-0.37363881
0.47763233
-30.90030609
1.71342543
5.57002184
0.84362155
0.20120165
0.01798992
1.12999242
-0.60190354
0.37844193
-0.19767626
-4.01097059
-8.27103380
-0.53912031
1.19455347
-1.29151898
-0.35210445
-0.69196011
0.85713047
-3.62979769
-5.99870843
3.21019221
0.34438011
1.54179729
2.54738642
-0.04670134
74.73775253
-0.99522527
-0.29555368
-2.15089493
4.23224670
0.00582819
7.09602910
2.45812697
1.65076791
2.39743002
-7.63592147
-1.51149076
-12.03574076
3.88953588
0.03298291
2.36201144
-0.36096091
-6.38224872
0.53323128
0.31207329
-0.08484667
-0.51520826
1.07461693
0.26498930
0.02092202
0.76091931
-88.21893179
-1.15446042
2.07205457
0.28079808
-1.29541313
0.67513128
-0.18811617
0.74064250
-2.97612266
-0.61220633
-3.04604924
-0.25357752
-0.09864011
2.35585981
-1.68969742
-3.35373895
-3.34041290
0.37877516
0.18308811
9.52199923
8.55261621
-2.20783641
0.24352807
-0.30126744
-0.36188904
-0.24358407
0.07925228
-0.73489356
-0.18065191
0.73902934
0.36628482
0.97249871
-0.93867337
2.12315155
-1.78905184
-1.97086310
0.65095607
-0.62218844
-4.11904958
1.27865694
1.05000542
3.06147737
-5.19744089
-1.38904762
0.11041300
1.29006981
-2.51343365
-0.11297706
-0.76730564
2.01246566
7.33477731
-0.12008739
1.21981126
-0.84845442
-4.95411615
3.83935095
1.59318781
-2.27021321
-1.17145414
0.53447962
7.68603126
0.59676658
-0.16963321
0.68572747
1.95885746
-0.02942220
2.54597201
-8.36570757
-0.23017683
0.13767444
0.33874543
0.10125008
36.05427803
30.92080836
2.36140678
-1.52675317
0.25702463
0.14444432
-1.00794620
-1.51516121
6.69414810
1.41371461
-0.35912657
-0.13481843
-4.59243521
-2.07704351
1.21088811
0.40888408
-1.07422543
0.69346196
1.93266806
-0.11340378
-0.27541324
-0.39829490
-2.11334857
0.77508182
1.58866879
-0.13143217
-12.01506876
0.95747091
-1.11187643
-4.74883440
-2.71652232
-3.74463566
-0.39010950
-10.01511407
0.53099138
-3.29614070
0.48404143
-1.03298116
6.40552414
-1.93582313
0.05943583
8.76555198
-0.21588018
0.00736262
-1.29428910
-4.25181468
-1.49388069
0.10145375
0.20916155
-9.11876486
-2.27212413
-0.17128858
6.55596062
-0.41649565
-0.65824728
45.18850674
-0.62974145
-0.14469802
-5.42411745
0.01199798
0.39687455
-346.06053434
2.33627462
-11.53747449
-2.43180143
0.70639051
0.40033701
0.56140104
-0.03022521
3.18208234
-1.22424059
0.12068841
-1.08555002
-0.38000654
-0.73465693
-0.06739857
-0.08662101
-0.69186717
7.59488425
1.33106710
-0.01035893
2.03182952
0.45317196
-0.57613532
-0.87867216
1.19610776
0.33886659
1.57949794
0.38689944
100.40656261
-0.70767422
-0.21026543
0.84723293
-3.42431308
0.48028957
0.54241428
-0.38163197
1.77571566
0.00430307
2.85347130
-0.75809877
1.49511659
0.57514630
0.30386877
-0.83499430
3.45336499
-1.29458377
-0.88148278
4.18179743
-0.74963072
0.55867100
-0.60480353
1.58152261
6.98140271
16.12084803
-0.84767090
-1.20689758
-0.49407901
5.35325652
-0.58031261
-4.63167408
0.63959389
-17.37210998
22.93348400
62.46484155
-0.53626087
-0.01855321
-1.32024529
-0.53297898
-0.10311459
-0.48955823
2.45695586
2.66469177
0.17965113
1.58100825
0.48571753
-0.69937997
0.67672838
2.78957366
-0.88623317
0.60967798
3.39282190
-0.12131633
2.93330446
5.36753665
-2.94110687
13.55281666
-0.56186500
-0.11609272
0.82267221
0.31153672
-21.32870775
-9.96415323
-1.36892525
-4.45545902
1.00060689
0.85875264
-4.63594095
-2.44379653
-9.21965143
6.27711977
1.03094934
1.07026666
-1.23838146
0.26513209
0.61503481
0.55085713
-0.70797068
-0.05602414
7.34621074
-1.36544737
0.82277808
-0.24406598
0.14957971
1.50118974
0.58452750
0.30871573
-0.25200967
0.43367263
-4.10492489
-1.31374906
0.77771342
11.97370131
2.81790793
0.89211629
-2.05800083
-0.90136014
0.28565405
-0.34720652
-0.71562804
0.67695821
1.28605723
-0.52392701
-7.54373584
-0.35892821
-17.21492428
0.24036396
13.85547517
-0.25586293
3.25090068
4.45362041
-3.32519657
3.06497922
2.82549860
-0.48858271
-2.06462066
-1.61168314
-1.18574635
1.07710987
-0.82349746
-9.36975528
-1.22632421
-38.95469060
2.89634646
-1.70876789
-0.21946994
-5.67422825
0.19783711
-0.69831845
-2.83804324
1.62805934
0.49754695
-1.97541801
0.05887301
-21.62177035
2.77729110
9.25611686
-0.04639554
2.88437344
-0.00614742
0.51056719
-2.31006345
0.43255636
6.75339617
0.12085162
-3.03500165
-0.60352885
-4.59999478
0.91136203
-19.69103508
1.13836361
0.96273436
-2.13051457
-0.30554948
0.48893597
-1.15734076
-0.82427601
-1.75991922
-0.69882138
-0.66535923
-0.44069786
-0.11106503
-1.57921284
-0.03024921
-2.87356302
0.95842321
0.32388318
-2.01848033
0.32266653
-3.70705654
5.37989694
-2.68826680
0.10215474
2.13200625
1.14630053
-0.08432342
-0.01950309
0.17417510
-0.34492356
4.57804199
-2.57538718
-0.65643598
0.33787470
0.04350463
-0.26953207
-7.49897009
-5.15141506
2.17955109
-0.05027020
-31.45311873
2.94929013
-1.61258034
-0.58164889
0.03086001
1.05627620
0.45950800
-1.74111321
-0.01223260
-0.20506049
-8.95985491
0.05057388
-0.70018942
0.31742657
1.32018110
-0.13807171
-1.10587359
0.13582162
0.14671507
-2.33697466
-8.37488180
0.50455640
-0.79842812
-2.21808829
0.28907497
-0.34828818
-0.28591133
-0.37126867
-1.24612037
-0.39180794
-2.70096056
2.08346691
-0.66059157
29.03152781
0.96513571
0.44644132
-0.90643489
0.41997732
-0.57968454
1.32445904
-0.63936996
1.10701848
-0.87163075
-1.83238128
-33.63647033
2.86806918
0.03567812
1.99506204
3.61955505
-0.43582436
-1.63331388
-3.59263258
-0.20481331
-0.39518569
-1.19051298
0.05635895
-0.45323453
-2.66717488
-0.40833440
-6.06973919
0.77429614
49.41551447
0.14755667
10.93785404
0.32176955
-3.70587974
-3.79016931
0.98057511
0.95045046
-5.37273990
0.66909198
0.68374466
-1.20618840
0.54925296
-1.38671954
0.62390281
-0.49906548
-0.97832648
1.33356744
-0.82201199
0.22176540
0.31033998
2.90480085
0.82121902
-3.36374032
0.18040391
2.36873383
0.59060815
0.10727210
-0.08830116
45.40542165
-1.43771031
-2.90044573
0.75518069
-1.00624207
-1.13568531
-13.24151287
0.14388919
-1.73009504
-0.69530314
-3.59963160
1.43859286
-0.00322976
0.57691843
0.30853203
0.39968008
6.19079628
1.36268418
-0.69772494
-0.65756541
4.69128023
1.24057375
0.20459083
0.38463094
-0.08678073
0.49751029
-180.62454856
0.41948477
1.39814956
-0.25466308
-2.20123584
23.80639212
0.11021488
0.19745195
8.39843768
10.51509441
-1.20092512
14.31191673
0.17742494
-3.84268031
-3.21528634
2.10819998
-4.43865922
-1.51613188
-0.09142548
-11.41775237
-2.91877207
2.93918458
0.42645923
-3.90526070
1.04125512
-0.68428462
1.61823213
-0.03633585
2.13430236
-0.16234932
2.50693523
-0.14573543
1.83676569
0.46346534
-0.69864638
1.31095967
0.27984049
-0.87492907
0.12304058
6.04037802
-3.54398295
-1.61429324
4.51780617
-0.48120860
1.99101318
-1.80127469
-4.41293863
-1.02189193
3.59489187
15.79743605
1.74509760
-0.09096878
0.05888504
-0.08573234
0.07626544
0.14987305
-1.43331763
-17.09631815
-0.07489891
-0.08911799
-2.29972329
0.99363103
0.10419779
0.03601556
1.73535283
0.65290973
0.32834109
1.15149850
-0.39396411
0.01813746
3.02060070
-2.25501600
2.89628552
-14.21600818
-26.66431286
4.28628795
1.99335295
-0.36960113
-1.90988288
0.41578067
-0.19104272
-1.68466312
-0.45748865
-0.04991790
0.04665414
1.22093884
-0.56220469
0.79793539
22.71099134
-0.71114755
-1.84566110
2.61519859
-3.87927422
-0.82431738
1.56240256
5.11172385
-0.15891066
0.55677258
3.86916866
-3.38448512
-1.04179775
-2.86373586
-0.06125118
0.86877344
1.83616364
5.69682233
-2.71535737
-8.19208733
-3.71841871
1.39599084
1.34268266
-2.62271013
0.23553492
-0.05518030
1.30546287
-0.97111534
-0.17555166
-3.75220047
-0.20988077
19.50724051
-1.08418849
-1.41922635
-1.44728542
-0.60580565
19.83531281
1.59400726
2.50906606
0.69409474
5.93219739
-0.48614644
-0.00763749
-22.82409494
1.02791748
0.29889571
-0.88342003
2.76241304
8.31295410
0.42662295
2.74248067
10.51777899
0.61756754
-1.98813145
-2.03148583
-3.62441187
-1.69862261
1.01354305
0.42310743
-3.53417781
-5.61432139
0.18100157
-2.33285267
-0.21405955
-1.10316664
0.21351531
-0.31439793
-0.02441824
-0.22549075
0.06438344
0.63862465
1.34969240
0.94142056
1.85127175
-0.11306275
-2.26075858
-0.24561268
0.47526374
-10.43251929
4.08918507
-0.07304679
0.26403092
-1.93694986
1.53349645
-3.57801927
-4.44363244
-2.54185056
-4.79740594
-1.59433703
-2.63453247
-0.45589088
-0.58974299
-1.59307595
-3.61407950
17.19271109
17.76407578
-0.06638656
-0.44764469
-1.31040996
-5.45541183
-0.85679225
0.70495087
-0.50117788
0.69275199
0.37627037
-1.29022409
0.42513462
-1.66385901
-1.11854155
-0.51493986
-0.01044260
1.12345838
-0.01947386
1.25497330
-1.83998915
-2.12384486
0.11899055
-0.92209792
-0.95998014
-0.73692269
-1.95410872
-19.83651929
-3.33118317
1.41280483
-0.43931222
0.89084440
-2.42824221
5.71984675
-0.71018177
-0.24380770
-0.47214610
1.80183902
1.51664182
-3.84940698
1.33706151
0.90656346
1.11187479
0.34046725
-1.78277829
1.39138959
0.45488370
0.62218435
-3.73350780
-0.46347220
1.31782844
-0.30003787
-5.85076709
-0.39999780
-1.77069120
0.20098581
-0.54297057
3.85821502
-4.26812515
-9.43016278
0.04130126
0.96705238
0.05084191
3.41232699
0.36146882
8.27390466
-4.11723123
1.72066772
-0.55122106
-1.37151800
-1.81906549
0.05583974
0.23615447
1.46836126
0.67713297
0.29953277
-1.46048141
-0.15106406
-12.95137280
-3.00342234
-2.49721118
2.81598025
0.72634729
0.28987267
-0.12545497
-36.06477418
2.32170652
32.66924786
1.39377983
1.16277974
0.14160520
0.10459889
-0.55485570
-0.98834495
-0.27508832
-0.96538758
1.24918834
-0.65163652
27.38838509
2.82951768
-0.34814113
0.86433685
1.65040848
-3.44989365
-4.60565291
-3.19420280
2.68063274
1.89756400
-0.89892832
-2.02863278
0.49648173
-0.14601622
0.38195903
4.29344011
-8.05303842
-0.67664123
-1.24460063
-0.09982058
3.26035270
0.87474513
2.47164939
2.14474528
-0.80233780
-2.23609815
-2.91097583
-1.03957893
-0.79568037
-1.44042860
0.64225533
0.44886969
-0.21351089
0.42796913
-1.21517772
-2.01466727
0.10900594
0.75161981
3.47455695
6.51608991
-0.23598769
-2.06457995
1.03691763
-0.59687499
48.42421872
6.63665024
0.09572617
-0.19963789
-1.55559172
-0.68682725
-0.94337948
1.79933635
-2.19300580
-5.45597269
0.21280544
-0.27209559
16.03859114
233.64864293
-0.41398530
3.98086698
-0.86339797
-1.47865584
-0.19073834
9.46471483
8.51303750
2.62456103
-0.70751772
0.05804447
-1.20836022
-2.45655201
0.68710592
4.53897381
-0.58450000
0.72808207
-2.66775821
0.80257706
0.48350117
-0.18662205
0.28567030
0.66243040
-1.66974374
-3.79443137
0.58556112
-0.81838725
-7.08306865
-1.16991194
-0.54070113
0.39361650
-0.10346760
5.62900665
-0.54951997
0.94461235
2.75659543
0.77904125
0.99062963
-0.98581943
1.80155232
11.53575995
3.34018833
0.60363299
-0.95621783
-0.23696978
4.94861616
5.78908731
1.41092440
1.45415039
-4.67428769
-2.16262861
0.21883547
1.50878570
0.34755900
-19.75579102
5.44672003
7.76200355
1.82990652
-1.08264129
-0.23186126
-0.89360626
0.48261570
6.19454282
-1.00582115
-0.43176654
1.62125251
2.80745942
-0.22782548
2.37787307
-0.67894969
-1.71671467
-1.77663955
3.45687159
0.69940058
3.55118977
2.79378697
4.97827363
-0.46809895
0.14925285
-0.81006003
1.40967582
0.65243925
-0.30630883
3.13167687
0.45247729
-0.53619397
0.03312674
0.38291910
-1.09317797
1.63650467
-0.40840468
1.47495985
1.18277564
-2.14109727
-1.92147435
-0.50913111
-27.35451858
0.64677738
-0.81340180
-0.54667428
1.26818657
-0.58580916
-0.48306962
0.32120855
-1.24144063
-20.08298823
10.77520171
2.52392032
0.26486334
-0.34437184
-0.51422585
-0.52017738
-0.50127955
-0.49664258
-1.69801816
-1.77577999
8.28560172
2.47319862
0.13150320
2.91078650
-0.37723906
1.41877120
-0.66355895
0.23051191
0.34662431
1.12131320
2.16068911
0.01630266
0.02298967
0.33261137
-7.47511330
0.19720190
0.31931545
-9.21347374
-7.42465752
0.60827700
-0.83802577
1.80833366
-1.16880623
-0.49363118
0.72834081
19.06803112
0.24781548
-0.18435693
-5.75782446
0.52932665
1.35972727
6.48556517
-0.50022393
0.02079499
-1.38163727
0.08605781
-0.55930153
0.83647604
-4.14771203
1.20923405
0.09945789
0.15299211
1.76504965
0.65991542
1.30936154
-0.74487739
0.05004081
1.47870569
-1.19454516
-1.43510899
-12.39600693
0.60208835
-0.74230872
-0.61146744
-1.63305869
2.45867021
-0.75851322
0.55283196
1.05673721
-0.15497369
-0.41745218
-2.26715580
-0.94969460
-3.42797101
-4.00345792
-1.71091191
0.34063404
2.38576199
1.70314195
-5.35470366
-0.59375834
0.91637206
1.93868524
-1.79244306
1.78940126
8.10321305
-0.68334390
-3.02540485
1.20009920
1.85106573
1.17385840
0.70209852
-5.13954181
-2.72431702
1.31626185
-5.70370410
-1.71196727
0.85332361
0.86899342
2.91086689
0.11626538
-3.05335330
2.54644260
8.12244788
-76.01318989
-1.04905183
0.07814624
-0.36540956
-2.97781254
0.14783766
1.69552705
1.07567844
-0.43608574
-1.10577272
3.88702225
-0.65940340
-2.04125664
0.70689845
-8.12224169
11.48059543
0.52904456
0.57137358
0.74922262
-2.58347232
0.40154005
1.42912084
0.67964498
3.25558408
-0.34484821
-0.42193485
2.45263734
0.76301384
0.41006344
-1.37603693
1.58214675
0.05723776
2.43744963
14.71536086
1.32359433
0.99606240
-0.52809035
-2.05590185
-16.51814511
-0.66034496
2.06141304
0.08620056
0.58219789
2.22253204
0.68647968
-3.67357373
-0.49368037
2.34731478
-1.05025189
0.81678173
0.34291609
-0.54160722
-7.83803957
0.03613514
8.39696727
0.22143099
-2.33448452
-1.42671480
0.77985820
0.22140863
2.64207289
0.81303061
-398.56657541
1.93683275
-71.23563603
-0.67522423
-0.01421657
2.60285063
-1.02637280
-4.85437136
-0.46964656
8.16569444
-0.62380331
-36.86003007
-31.29831036
0.90528933
1.86136146
-16.11986207
0.67844926
0.20285015
6.02504585
-43.03539136
0.93430525
-1.59308761
-7.91053939
-1.73041675
2.10121392
0.89429928
-1.06779804
-0.42966138
-0.58505625
0.20766235
0.17136574
0.69162287
232.61611461
-11.17878901
0.84646844
0.66860066
0.92514928
27.78341453
1.66357667
-0.28651303
0.86212256
-3.96903523
-0.23058940
0.32188907
-1.04604134
0.25038071
1.42830557
-0.73720987
-8.45816846
1.38842413
-11.07621578
-1.31253550
-1.01039921
-15.62982953
0.47629502
0.76972498
0.69183900
2.72991156
6.15005326
-30.53077345
-0.15317494
1.74840728
0.27244106
23.02799113
0.67252779
-0.21772455
-0.02469035
-0.17359611
-0.66749172
2.30770983
6.16619522
15.06428222
0.33589166
0.69399627
14.08186729
1.96096460
-0.44212570
-1.03516866
0.57367102
-1.81075231
-0.95548161
3.66434153
0.48207036
0.81860176
-5.14932229
0.06617897
-0.13436778
-0.05875869
-1.33391126
1.47496366
2.01354095
-0.05825292
-0.63239451
-0.79613682
-2.28678079
2.17164476
-3.44194695
2.76841146
1.59698178
0.85828444
-4.07446723
0.00333462
3.49240747
-0.59092589
2.11563278
-1.95818449
0.70519753
1.02241324
-0.45389709
84.21236110
-4.80881808
-1.66085816
-1.27911562
1.37030202
-0.30340169
0.67655601
-0.01397854
-0.75747730
-0.43991581
-1.15540019
-0.01839752
0.58017300
-1.34452646
6.82077668
-3.26869959
0.26737255
-1.75860431
-0.28650666
0.11600079
1.01138504
-1.25369034
1.99068361
0.07910404
-2.71672024
6.76527080
6.95920118
0.29320696
4.49639633
1.05083479
-0.89877069
-0.28879058
0.03250024
0.02156776
-0.21192509
0.81167776
-0.74739442
-0.13508497
189.34068096
0.18489051
0.44995847
0.25427466
0.57600755
0.06659149
1.28093784
-0.19393588
-1.94072199
0.52080705
-0.30294748
-1.20842119
1.39308590
-1.75727141
1.88990285
-2.93357708
-1.75995441
0.20486135
1.37464640
0.41260808
0.05005773
-10.13346765
0.37068428
-3.80356040
0.14270064
-7.31556235
0.51153052
-0.75491488
-2.34041028
-0.62665358
14.01158829
-10.12489238
-1.41661517
4.99004326
-0.87929353
-4.88711970
0.55429236
-1.57466674
-3.88707923
17.95139105
-0.64217217
2.10425395
22.71983858
-0.83709146
-0.40520387
0.83366022
-0.58769130
1.51060684
-0.62941333
-0.07227397
0.54946049
-7.25344515
-1.53268408
0.11607231
33.69747975
-0.41843725
2.66247003
-0.88701836
-25.19325343
-2.96106292
-0.28262032
2.95968387
-0.59269049
0.13001087
-0.29885149
0.68308267
-2.34736083
-0.36828087
9.19166519
5.43753149
-3.75487312
-0.77181193
-0.35387522
-0.90328935
3.44760770
1.19527745
0.26313474
0.70085072
-0.12422655
0.02897507
-5.73764590
-3.68184789
-0.17191901
-8.22405211
-5.92801291
0.46185904
-0.59372619
4.85181956
-0.38015588
0.38729171
-1.03814091
-1.47344350
0.43506377
-6.40923359
-0.58842628
-1.74531312
-1.37052121
0.44325401
-2.32658519
3.54888701
0.19736455
-4.57040326
0.66697107
-1.73748539
-0.36193983
-0.87551949
-1.32837552
1.09832355
0.84804493
1.08888582
-1.13309398
-1.67632884
-0.34514090
-2.98853894
0.98778293
-1.68735884
0.49579286
-1.78046067
1.21025936
-1.16497140
-0.71733769
-2.10050006
-2.19441487
-1.18773399
2.45800055
-0.46103983
-0.22705403
5.89111987
-0.29926056
-0.28704984
-51.01177200
-0.35964274
0.26913972
-0.34347134
-0.02930709
-0.62543185
-50.78123991
0.77148974
0.68538752
-1.72506428
0.24657103
0.21434362
4.60363753
0.22184338
-0.53319504
0.70656123
0.71973904
0.46695664
0.01839638
-0.21340577
4.88912186
-1.52819031
-2.10514670
-0.46897621
-0.03078730
1.05904972
2.66732884
-0.17224234
3.91813018
-0.35028064
3.55990407
-0.81460504
-2.05592937
4.62438295
1.59960555
0.65004446
1.42671902
-1.30145157
-0.25005598
3.00669859
0.35210320
-1.28243342
1.52560521
1.33573030
0.34663251
-1.02463062
-11.35292474
-1.19358378
-1.39435371
-4.28142000
2.27276809
0.07924929
0.12179665
-0.68468475
-0.20541328
-1.93188332
1.04654920
-0.52792850
-0.93327558
1.49262554
0.84890272
0.30069421
-0.31999642
0.26791772
-0.17841810
-0.44403970
1.59575166
0.15828250
-0.65867034
-3.23197025
-0.63277039
-2.43582674
0.05270045
8.48733415
-0.79785032
0.32264179
-0.35802060
0.02123941
-0.77267553
-1.60326728
0.57685653
-1.37294828
-0.23371371
0.34810658
-0.56799690
-0.02455904
-1.01036186
0.27946095
-0.15670674
-0.97446722
-7.77417166
0.23702175
0.17384705
1.75637769
-4.76444400
2.91867600
-1.28915915
13.75765089
0.18986394
7.15738624
-0.40733819
-0.27887508
-2.54987877
0.24813227
-0.07400417
-35.89247387
-2.65144174
-0.62494373
1.11687421
-0.25827052
1.07660079
-0.57303710
-0.64373884
-0.31184628
-1.56331954
-0.54916716
-3.79010858
0.38647911
-0.38404047
0.76860451
-0.58248650
2.01108369
0.31907302
7.76674512
-0.01191178
0.91058038
-0.84829098
3.21380202
-5.06820714
0.39546387
0.78375492
-0.85873257
15.28972217
-0.50249928
-0.29212888
0.87429638
-0.03254828
-0.90977099
0.52346850
0.16062689
0.78143679
1.59738569
-0.39262245
-4.24079369
7.43333726
-1.84744094
-0.43922174
-0.47552383
0.69837592
3.44729257
-0.70152938
-0.93133698
-0.42310114
0.35043402
2.49567821
0.49699048
10.85319669
2.33559197
-1.29356838
7.70100593
2.27384808
-1.11260954
0.01141320
4.15281717
-0.55644078
0.80373115
0.36040292
-1.91653719
-1.17170932
3.87581384
-0.96350310
-0.04278497
0.88937562
-0.56894857
-0.38480155
3.64230087
-0.71344017
-0.51056112
-0.04879463
1.48112631
0.15313824
-6.46696960
1.15502708
-0.47200861
-0.04935885
0.79257742
10.95144112
4.12597537
-2.81155932
4.40067350
-0.18394116
-0.62935603
0.74329995
0.82470603
-1.95761731
0.25584290
-1.95227526
-8.08549157
1.65995761
1.37214420
-27.06378393
0.03172298
2.92669189
0.46136719
1.55020525
-0.36942540
0.97025203
-1.07478352
1.67440216
-0.05833630
-0.35857615
13.73394008
4.62279931
-9.65260450
-1.56270949
-2.89519984
-11.35415320
-0.44298050
-18.50252057
0.56831882
0.05000473
-0.50461223
0.00190979
-2.71874430
1.70658227
-1.22642238
2.48525752
5.15292003
-0.03046570
7.72545643
4.50192600
0.75033527
-2.80342513
-2.27638923
0.37779315
1.70928858
-0.82643155
-1.05063034
-3.29496967
-1.30812158
-2.21760761
1.04151986
0.00883311
6.81491161
0.47155123
1.45567872
0.38178914
-1.93354665
-3.33269535
0.56941073
-0.13817463
-2.46363632
-0.19432717
-0.00449630
-0.41289298
7.02892756
0.76371198
1.02460127
0.11233981
-4.06943260
-0.48627564
1.85722868
1.75157750
-1.90918572
-1.02102849
1.20524671
1.54101125
0.14761389
-0.03094638
-8.25449638
-4.25918768
2.55015772
1.78696905
-6.57022523
-4.32989226
-0.28359475
0.83182241
0.51835605
0.39203694
-1.31824613
0.15842665
-2.22782317
0.34235287
0.17306514
-0.59169727
-0.65663943
55.86592750
-0.67054303
-33.86005997
-0.84428980
1.27324144
-0.47984936
2.23146945
0.62259130
238.40859218
-0.81447169
-0.18808662
1.60418956
-0.38385016
0.20931222
0.05745446
1.75442417
-1.62046400
0.07282557
20.37269596
1.00577568
0.14761103
-0.24650368
-0.43216044
-0.66502622
0.56039365
-0.03787560
2.52197832
3.18219940
0.23619096
0.52381112
1.46381212
0.01134957
0.54108158
0.05413042
0.66195310
-4.09962626
3.08246643
4.09185230
-3.02074437
-1.25762286
-2.34652861
-2.29097328
-3.76381177
0.36523943
0.46270053
6.11803834
0.59787118
0.57190252
-10.13949166
-2.77281940
41.24084060
0.04816585
-15.24435991
-0.49086344
12.69592521
3.50964269
-0.55686821
-2.49112550
1.14771189
-0.01305801
0.06132052
1.47010032
-12.07582085
-1.30237808
-0.20776948
0.01456278
-9.11466868
0.26645155
-2.99075565
1.00945992
0.32599326
-0.42637809
-3.22018332
-2.17667996
-0.72401422
-1.21978207
-2.13155850
-0.61136765
4.38705018
0.31697379
-1.84527941
-10.47374651
-2.78639124
2.20424504
1.14911078
1.81121911
-0.70725727
0.31291703
-0.97988539
-0.05279863
-0.00350734
-0.90187600
-1.11276416
-1.48866849
-0.25854641
-1.32892562
0.05923482
-1.12546086
1.36132970
0.16779859
0.14712244
-0.83148828
-0.01887505
3.04408885
-4.62168197
-4.02357184
0.30908853
-0.67523544
-0.65984971
0.03495319
-0.85969869
1.42678930
-1.61574465
15.59088406
-0.31987019
0.69880112
2.55395036
1.48408623
1.92735670
7.99965352
0.46883103
-0.03766689
-4.88832129
-0.11967751
-4.91110800
0.42355222
2.39080062
0.32482305
0.14711188
1.33757869
-0.78786656
0.44560983
1.83823378
0.34073020
-0.72746712
-0.76831134
1.87093692
-0.14386004
1.00014218
-1.87323905
4.00146908
-0.19450932
4.44059420
0.48447624
-0.06051011
-5.90402235
-0.95348413
0.53290401
5.27626882
0.37475829
-0.69953140
-1.27055822
0.60716034
1.61740754
-2.47049300
3.93985437
-1.57251952
-0.47350958
-0.83749740
-9.38516786
2.42783218
-0.98686129
0.08364540
-0.67021039
-1.55566923
-0.98340873
-0.48362784
10.41790213
-0.30235056
-0.60459822
-28.59957061
1.06887370
-0.47139374
-0.27619556
-0.04483408
0.90505570
-0.41738939
-9.68827882
-0.23959070
-0.25002051
1.90305591
-1.57851884
-1.17605988
-2.83376270
0.02246657
-2.30776562
0.60580121
-0.31973075
-1.75689769
0.15023286
-0.06709273
-0.33235675
1.63213280
-2.53552193
-0.25277139
-1.00759897
-5.43108346
0.04584992
3.47807911
0.78825363
0.65012842
0.28073368
0.14394517
-2.09733861
1.38197257
0.68074380
4.52463212
-5.39318402
0.56246536
2.23890423
0.20341439
1.74723389
0.62616718
-0.84789320
1.21443244
0.46669515
-40.13254410
-2.44708825
0.09430799
0.14612637
5.87172682
0.50374553
0.44737748
-5.78243372
2.41140517
0.27820070
6.52107794
34.83459563
0.16737258
-0.48714417
1.97654109
-0.50593034
0.05757755
0.64892871
-1.70019375
0.88754094
-1.70857301
-0.46216876
0.24920531
-5.47307933
0.79443991
-0.51923078
-0.61272755
4.90170882
0.57188826
1.64883771
0.81053732
-0.06837220
-1.26432350
0.57509706
0.18730889
-0.07435013
-4.56924551
0.29431190
9.12966182
0.21268362
1.66954216
-0.29077566
-0.36872445
-4.45752431
-1.16772113
2.91514411
-3.46605151
0.81078427
2.02464305
1.25921117
-0.50783306
3.55025160
6.24114554
0.26634525
2.80382241
0.94651150
10.05786298
25.14921776
6.82672902
2.60670225
-1.08920358
-0.73584436
-0.25405453
-1.52743774
-0.02597428
1.22245314
0.70609631
-15.04241300
-0.75943480
1.18310579
3.35548565
4.85549781
4.70732732
0.03771421
0.08783299
-0.04995372
0.25687816
-0.14775111
0.30630877
1.98963678
-2.37955409
-0.31295724
-0.04585570
0.68711442
1.78759041
-3.13984831
-1.28758855
1.40982494
4.11692590
-3.81501151
-0.27440695
0.97223973
-1.86513572
-1.79308117
-1.85094413
-1.76680133
-0.25628994
0.38034942
0.89206694
0.25143221
0.12631079
3.08043271
0.54435363
-0.53230381
9.65634010
-0.88662196
8.48425044
0.18439348
-2.50518930
-1.63423459
-4.48963495
-0.08768948
2.31919510
-0.20617847
-0.16362004
-0.00679271
-1.21693473
-2.98248146
-0.41914177
0.98203902
0.22555418
12.44898139
-7.55338721
-1.55423695
1.00814219
-0.24880098
-0.16552763
-0.36009285
-0.44690338
-0.54723986
2.45283962
0.35703226
-1.79040422
0.29393260
-2.42926056
-0.27947490
-0.83149668
-0.00529047
-0.47336681
-1.45120020
47.18594517
-1.24864658
-0.82177923
0.69509604
0.10442686
0.63372786
-0.27560174
-2.50822409
-0.03440440
-0.26517299
-1.06991810
-22.02912953
-0.77341153
0.05302522
0.77796177
-53.14138354
-1.25435908
-1.23140864
0.30460151
2.54267941
1.25741839
-41.98977240
-3.35281569
1.09340740
0.18527221
2.41134005
-0.90504075
7.61460997
1.35068729
-2.15425745
1.14766120
-0.03312316
-1.28688898
0.00535458
-9.33307268
-29.73423964
0.00916515
1.21539220
7.18303555
1.19381942
-1.30384804
19.35031917
-2.94251926
-2.34967622
-1.21111927
0.82735654
0.10537654
0.43083404
-107.88854322
-0.03913529
-0.47896453
4.77254622
-1.12454974
-0.54027609
-1.36880866
0.48567211
-2.52545154
-0.14300723
1.86336000
-0.93274425
43.54482964
0.41760105
12.23530252
1.12358752
-0.10790156
-4.76950949
1.36044980
0.12275339
-0.52562843
0.40366724
-0.28064146
-0.64970995
-3.36289482
0.64189049
-13.42351770
1.78836450
-4.51224030
0.34138632
-3.84318405
-0.35552576
-0.63813943
0.82479347
1.22645588
-2.48673610
-4.70034759
-0.04107435
1.11536861
-1.46343793
0.04746659
1.50648580
0.18227786
1.87033375
1.45922093
9.78286172
1.52529860
7.33156738
0.10419472
5.37910277
16.63473176
0.02782313
-0.96960287
-1.73481113
0.11278258
0.14699283
1.78321543
-0.10119480
-11.95010444
-0.85189363
-0.29654166
-1.02803238
-2.44187015
1.11871038
0.61621276
1.02702664
-1.74651173
-8.29196985
3.06068832
0.66482068
1.02589894
0.80008854
-0.69227972
-2.20508829
0.29500804
1.02765220
0.15012127
0.02075014
0.32665987
-0.43700639
-1.00361583
0.46234112
1.93399895
-13.98576626
0.76797093
0.94144065
-0.31614674
0.76349563
1.25023562
1.71132153
-1.12414776
-2.55695859
-0.30491862
-29.34870760
3.03160243
-0.10401128
0.15573618
0.58941321
-1.56200359
1.48745538
0.82316953
4.03732922
6.21982699
0.16273376
3.49805885
-6.30154929
0.15561202
-0.47706230
0.82139503
-0.37630480
-0.02118875
2.22738832
-3.56653290
-1.57524073
-3.24101763
-4.72897352
-0.54274294
1.09372104
0.35671788
-4.51995865
-0.25932607
0.23426767
2.11442662
1.07339692
-8.52605531
112.14231858
3.05024599
-0.30892474
-2.57045028
0.88997134
-1.99174619
-0.43652636
0.99244530
-0.03512619
-1.70215381
-0.49975288
2.64246494
-1.43457851
1.32266311
0.46324590
1.98268166
0.74242482
5.45713697
-0.33132013
-0.68333620
0.83357644
-4.78689059
1.20686997
-11.51080180
4.29054937
0.89629826
0.56156212
0.72337547
3.14344414
-2.01971356
-0.02554040
0.98880724
0.55030236
-1.48343941
0.20265473
-3.52164227
-0.26891995
-0.16668770
-0.12288883
-52.14982235
0.04756486
-1.11279021
-30.37948957
0.17409469
0.30364411
-1.53440560
-396.31843423
-0.92924204
-0.43605420
-2.27854641
4.65019273
0.79134787
0.85065076
0.38487184
21.93563819
-1.70252355
1.44807690
-4.54194161
-2.01835681
-1.11620656
2.03406302
-1.91458045
0.63703114
0.26292712
0.46982376
-1.08275891
0.91789833
0.33134125
0.00893655
-3.46112865
-0.17660665
0.24641304
-0.20420668
0.78966704
-1.25228961
17.28294454
2.34737331
-1.31750938
0.30292548
1.26853591
0.50918111
-0.14587411
1.05917757
7.54779989
0.80139034
0.46158620
12.52428258
-1.35460325
5.21323845
0.48264359
1.40484817
-0.83338216
-9.34872567
-0.07938769
11.75742266
1.10072262
1.22155368
-0.82009374
-1.97138086
-1.09321366
-1.10274081
-0.22891923
1.58741671
0.31967404
-0.31434714
-0.14424298
0.47038778
-0.95499600
-0.89669520
0.04030014
-2.37306656
-0.06423159
-0.27593719
-43.85475205
-1.53928780
-0.06275175
0.33797423
-1.28920477
0.16048526
-0.67267956
-0.61867267
-0.02155838
0.59886185
0.30229012
0.58335096
1.91648145
-0.02309456
1.05201049
-0.49868797
-1.30923888
11.09687092
-3.77523275
0.16666745
-12.91208007
0.11665481
6.92183845
0.49056684
2.39744267
1.13961825
-2.09954223
-0.05571331
1.91641863
-1.32875325
-0.96581410
-4.38263587
-2.62620426
0.32588603
38.93411634
0.25356394
-0.24758397
-0.58657106
-0.49875353
-0.38555176
-1.15144114
1.47823302
-2.93032195
30.64690980
0.51846156
-6.23744190
1.07461811
-0.14721625
7.97576674
0.74339257
3.80771672
-0.32682452
0.53817839
-8.56503979
0.63315453
1.14475423
-11.42665999
-0.49293637
-9.99632135
-0.52790103
-0.40492616
-1.73440006
0.04534389
-1.33087657
2.37741161
6.47368935
0.22125088
0.22656459
1.71342840
-0.69192159
35.96745207
-0.44993577
2.06867893
0.69774370
-0.22979828
4.84068110
-0.61581548
-0.45805106
0.67090646
0.41140278
-0.09031239
-0.14917506
-0.13135803
-3.37081869
-0.05290374
-3.96498264
-3.99807864
-14.96346329
-0.14999556
-0.03436302
-0.87691077
-0.74150067
-0.23798088
-0.23158408
0.78700094
3.19924021
0.77651236
0.20318952
-0.61836412
-0.80451242
0.22223401
0.55550911
-6.65583601
-1.45917511
2.95285167
0.94233726
-1.23766584
-1.74714692
0.50963658
-0.83801135
0.30173509
0.50060502
-2.66139746
-3.48868799
0.71068735
1.09547842
-0.52365998
-0.71142235
0.15393902
-0.13017247
1.24102146
-0.52582170
1.28593189
0.69712646
0.29491556
-0.55007247
3.02370290
1.24037252
20.58394404
-0.41617501
0.54842179
1.40655264
-3.00093702
1.84103896
-5.63084928
0.96633165
0.96959467
13.66585621
-0.52993133
-0.30522517
10.86977367
-51.06121069
0.21256265
0.14698779
0.64478017
-0.81704229
-0.58541679
2.63932361
-1.10420358
0.20610696
-2.41751640
-2.68849783
-2.03977869
0.06539459
-3.62563261
4.83687488
-0.83310122
0.16222635
-1.26598904
0.79088148
0.31104443
0.10663274
-2.54235777
1.09784118
0.45752874
2.92837120
-9.53391222
0.36558563
-0.55919121
1.69831535
4.75981493
-2.89333618
-0.81760308
-0.45184653
-3.64507047
1.17417676
2.71423868
-0.23820246
-0.83895922
1.77066604
2.58791282
-18.69473767
0.84605478
-4.86745869
-0.68561980
-14.84505009
0.12071932
-0.29803975
0.39904364
2.42213378
-0.53024133
-1.19534744
0.40734815
-0.34271756
1.49272128
-2.95187449
-1.65279398
-5.29618557
-0.13167934
-0.91823428
-4.66932889
-5.25570862
-1.31763888
-0.24986450
-1.13373845
-12.59183474
1.65497528
0.36170770
-0.37003186
-0.18826416
-0.90603736
0.23917064
0.09492516
7.57899307
-2.91576449
-0.08532391
0.45027073
2.67810600
-5.34580031
-0.98310800
1.37265555
0.59429636
6.55319763
0.38519844
20.68984417
2.62767404
-0.21980419
-0.43921548
-1.28308304
0.35825036
-0.11684565
0.65785983
19.93135331
1.49442102
-1.56034801
0.05375825
-30.41173434
1.13053190
5.81125351
0.88972680
-0.59362030
-0.11476987
0.07384875
-0.50315241
1.57515241
-0.21247112
0.14313448
0.17879849
1.20265527
-0.20247051
-3.99983707
6.43953937
1.12083877
0.85562960
-7.97122346
1.26619597
-2.44598664
-0.96492606
2.03386863
0.33595860
-3.19309614
9.25333155
-1.10811903
-0.16385716
-0.89393678
1.56626505
-1.34971522
-1.54787912
-1.80957276
1.03620839
1.43989921
-275.68419699
-0.23704170
-0.27185272
0.15196985
0.03337812
1.97093066
0.30572666
-1.23784481
0.03420590
-1.59664541
-1.81402972
2.26280054
0.88509113
-0.43651246
0.51243740
-0.70677962
0.74427940
0.80184948
-1.15613036
-0.57602197
1.44660446
-11.78171960
-5.50194023
0.41118462
-1.12973962
11.20700084
0.83312962
-0.69285528
1.21248043
-0.97266849
1.28795059
-1.53981656
-0.19290459
0.14341705
-0.13871132
7.98616774
-0.49840148
-0.41543738
1.56264748
-0.82224695
-0.40395830
-0.70995036
-1.12392372
-1.38092561
1.32064864
1.98864311
1.23470849
-0.21581162
0.38671879
-0.33120128
-0.00185988
-0.90106659
7.75038296
0.70222100
5.63226216
15.08178975
1.21180207
-7.71793678
0.08616707
-0.24852037
0.01665930
-0.02273012
0.34740894
3.62303322
-0.35269032
1.71547084
-0.63716500
-0.16662862
-4.29863456
-2.01193898
0.27307531
0.70769751
2.04521229
0.69724304
0.54235732
-0.54870002
-0.45730978
1.27641761
0.30118809
-0.44692426
6.50361549
0.09347615
0.54927726
0.18371295
0.36536119
0.28081108
0.71271393
-1.71923729
-0.60974640
0.34297749
-1.31271463
-0.29843657
9.49169831
-1.42733359
-1.87294791
-14.13891162
2.96358353
-0.52155741
0.10167852
1.28750782
1.09680109
-0.25941079
-2.89347970
0.86765386
-5.65934212
1.04807443
-4.64828553
-0.39211248
0.16496077
-0.36504761
0.32855658
0.08290712
2.71135407
8.52560152
-0.10664567
0.20445862
-5.28337408
4.42899784
0.11226831
1.70212309
-0.22481090
0.13491896
-0.27452810
4.16556928
-3.37676585
-1.52709682
3.13558557
-0.75449692
-1.06196369
-1.11291677
0.04997908
12.73983865
-0.00244865
0.27700768
0.83628735
-1.61803763
-1.30303749
-0.51064324
-2.51626834
3.22438436
-6.53767218
-1.28021599
1.40846137
97.35917933
0.50716718
1.94550210
0.04649800
0.41790792
-4.06305407
-0.83086079
-1.18856050
1.76739340
-0.77451751
-0.63460508
-0.52560311
-1.97121315
-0.51485206
-3.86109484
-2.48028728
-0.63588123
0.81954991
-0.31513084
0.22468895
-0.33340107
-0.09383013
13.39014195
-6.63039258
-0.65699022
-0.69207783
-2.45602593
0.19495318
22.29756559
0.41872964
-0.84951405
0.34189027
0.59468944
-0.06150795
-0.12038548
-0.76746086
-1.52477729
-1.19018164
1.13034525
0.81933835
5.73811913
-0.04287749
-2.96422949
0.87785118
-0.66133930
-0.77534920
-0.06568900
-1.18712099
53.29950196
0.26355989
1.00549830
0.94789893
-2.06184827
-1.27248120
1.33204264
2.57669740
0.11401366
0.74798374
0.51426610
3.04361622
0.10355458
-0.08413399
0.23427585
-0.95038396
-0.47873169
-0.64779291
-6.68506090
0.34461323
-0.04213639
0.81907815
99.39103389
-3.38025152
0.69005467
-1.71166375
-2.03470381
6.11410474
-3.40473684
-0.26922489
-8.27021563
-5.54868728
-0.06400539
-1.52118995
2.73583703
0.22670545
-0.45692633
2.69613340
-1.26441667
2.34150880
0.77740644
0.50195731
-0.60806390
0.83424050
7.67652237
-0.55205434
11.40626043
1.49847525
1.98107948
-1.85884770
0.69705311
-0.30761229
2.34192669
2.99964265
0.19774783
0.66731229
-0.08238313
0.69836805
-0.18390447
-0.73710804
1.45865321
-0.47159147
-0.12305847
-1.00063075
0.43083727
-0.60806017
-0.31674199
0.87597088
0.86994550
0.48295075
0.34146189
4.65948433
-0.96184313
1.11222863
-10.97394874
0.48020075
-1.44717228
0.01969021
0.08309061
0.22596921
7.23532970
-2.43336802
-1.14403471
13.49701739
0.50527037
-1.19979382
-0.95530424
0.17453774
1.92988115
0.77950651
0.57990132
-0.42587541
0.01617360
-0.36309767
-0.41352511
0.11654684
2.33035572
1.24007031
0.45874469
0.09413545
11.21484562
-7.35076304
4.83627902
-0.21040694
3.93527872
-0.00350509
0.23701181
2.59495863
-12.83623307
0.24490447
-1.58049004
-6.21301799
-0.06105448
-1.16199323
-2.18713059
0.08548514
0.18605846
2.26317678
3.10206059
-2.26846708
-6.99873671
0.64144242
-0.40549343
0.27642501
1.53690700
-1.10454487
-2.70043264
-2.95791146
0.16194269
-6.27423099
539.57363934
-0.58951812
0.07327831
0.19447671
-0.75462310
-2.24573077
-0.87443329
-0.10750457
4.27138256
-0.05648414
1.29054085
-3.72022141
2.28175017
-0.12818041
-1.53252080
1.47861913
0.00464198
-1.97101573
1.55339130
2.79643048
1.59806214
-1.50264926
0.68757227
2.08397040
-0.02806687
1.69650991
0.73504655
-1.13019055
-0.36717928
5.07895581
0.95353282
-0.96082782
1.28182293
1.48320233
-1.21269006
-1.91013905
0.26008574
2.40800699
2.99208845
1.31851810
-1.43035875
-2.05637578
-0.37815067
4.01477868
-12.69816257
0.59412006
0.68135099
0.79665279
11.70766189
-1.70814540
1.03428718
6.18766083
54.84340310
-17.57261490
0.94585186
0.70545619
-7.54622670
-0.94681332
-67.84467230
1.24886571
2.35289773
-1.49381658
0.03122446
-0.74766046
0.15691819
-2.12103843
-2.86944299
2.96775322
-0.57115135
-7.54045176
-0.61528015
-0.41166991
-0.36075544
0.80844176
0.39851600
0.32026968
-0.07566795
0.79191214
-0.47181002
-2.85951059
1.02714277
2.37209771
-10.94868187
0.34158878
1.52221967
3.57814030
0.39140952
0.82916293
-1.33463814
-1.32527550
1.95405984
-1.80068957
0.58685797
0.08440886
0.46633992
-2.09550415
5.65541779
-15.67205471
-0.59976138
0.70941863
0.80613599
1.14044337
0.46407611
-3.61697511
