3.28323209
3.74661342
3.11057622
3.77981878
3.47246177
3.39614264
3.55339263
3.45207163
3.78794732
3.73745555
3.42504917
3.67461378
3.51898289
3.56390238
3.40865650
3.77825655
3.57238892
3.42250441
3.54628484
3.31152918
3.42003940
3.43463811
3.42479700
3.56177798
3.65346928
3.56051792
3.65469891
3.58100170
3.61743695
3.52935302
3.41388275
3.38829829
3.74431677
3.25705287
3.42813768
3.47079798
3.71119672
3.47335653
3.51030312
3.35495767
3.54155607
3.53026088
3.52993959
3.37009169
3.47339819
3.46362264
3.43539223
3.47601383
3.56571340
3.42980923
3.55012173
3.37666574
3.61514691
3.33927342
3.41517802
3.44160663
3.65474684
3.35892683
3.39969137
3.55723934
3.20666728
3.75518731
3.50125623
3.57964770
3.61070153
3.49957505
3.80808249
3.46092023
3.65052029
3.90873259
3.59478945
3.52083515
3.59949003
3.19074365
3.52371728
3.68578178
3.30794635
3.71962576
3.67363113
3.56679317
3.80379752
3.65987171
3.41769271
3.49856516
3.27833302
3.51291490
3.47257460
3.31133668
3.42911214
3.60739345
3.14059201
3.30750647
3.38180779
3.50508813
3.31672713
3.46486102
3.56288020
3.39440920
3.38242119
3.53828892
3.49495587
3.19330697
3.55800890
3.33185653
3.33678648
3.38348128
3.53567062
3.51311994
3.48966295
3.54776474
3.46477705
3.64154828
3.49215953
3.43255487
3.41150149
3.58293337
3.42508299
3.70716998
3.56457471
3.38166065
3.64850190
3.44200395
3.45905736
3.51271654
3.49273096
3.32735481
3.34000500
3.43530701
3.72514544
3.85480215
3.43790068
3.46996252
3.66470065
3.38300837
3.52773009
3.47100436
3.51603155
3.65981872
3.29357433
3.46624718
3.29500741
3.57253520
3.52059520
3.08581299
3.76761650
3.34823933
3.63628812
3.60193137
3.47405596
3.52603864
3.57287760
3.60160111
3.75990164
3.87311208
3.67273031
3.61398809
3.78623313
3.61642922
3.60866068
3.51443453
3.49058873
3.56201830
3.54100416
3.57695458
3.47062566
3.37365807
3.53333296
3.49709125
3.51236018
3.43286851
3.54868945
3.55700956
3.73486295
3.40207532
3.54821209
3.40470117
3.47328433
3.56282329
3.51402897
3.41917527
3.37208485
3.35091347
3.81829389
3.53351072
3.51034572
3.46033919
3.31024007
3.78764470
3.68103443
3.63789585
3.29312637
3.38277249
3.29610040
3.54033963
3.56295118
3.75923372
3.48927575
3.57596994
3.63080878
3.41975989
3.43845614
3.60251078
3.65076335
3.41995821
3.32953664
3.45316584
3.57511558
3.54790680
3.53357775
3.51272250
3.50893674
3.76473620
3.51917645
3.66557962
3.48574550
3.57807222
3.62191734
3.38757418
3.58620216
3.47021507
3.49277886
3.50348173
3.42169558
3.70292992
3.39736959
3.28206569
3.50469760
3.42072365
3.18786962
3.39055042
3.67776014
3.57448307
3.41955203
3.43039324
3.62302974
3.28734936
3.43375937
3.27623011
3.22415484
3.53470391
3.42921032
3.73987031
3.35246048
3.41014043
3.29351134
3.88121481
3.54926571
3.54929841
3.36674849
3.58797354
3.27621847
3.63343296
3.30903420
3.59605650
3.35552315
3.19459588
3.29388426
3.27251361
3.62193562
3.34430313
3.44929978
3.48289853
3.50840096
3.44756363
3.31842928
3.36493115
3.58720864
3.56414432
3.51168587
3.58033405
3.58854038
3.37894664
3.67219442
3.11671766
3.51828554
3.49336926
3.22644397
3.46138936
3.74699909
3.54953220
3.59202003
3.56896135
3.44187717
3.20923720
3.41429211
3.59463235
3.66362524
3.30953954
3.45393123
3.71501812
3.25009376
3.61680604
3.54713257
3.40840586
3.45855650
3.40113450
3.66041816
3.31630739
3.68850640
3.60300945
3.56189467
3.40818613
3.35684403
3.41406917
3.28084128
3.52123303
3.54733360
3.54385910
3.37750258
3.49706615
3.45620156
3.44444654
3.54496163
3.48722925
3.50575280
3.36477172
3.56496804
3.69936406
3.44787937
3.25661014
3.13959611
3.65593150
3.77933688
3.60402130
3.52060815
3.48735660
3.54066334
3.49815870
3.50839774
3.33147238
3.67061572
3.57931622
3.49238817
3.56113745
3.43799897
3.56808580
3.30476093
3.56190251
3.32276269
3.45750142
3.35938926
3.43160065
3.51824037
3.53804449
3.74785179
3.67373646
3.77640619
3.57738550
3.71440128
3.50654901
3.41802436
3.67673700
3.83176337
3.25962362
3.52956615
3.32569293
3.64964053
3.57992749
3.61876939
3.32742931
3.58779594
3.56914413
3.30071560
3.21614116
3.74559256
3.37418163
3.73629967
3.48859086
3.64986225
3.50272976
3.89496715
3.62164277
3.56297992
3.53574089
3.56359410
3.39765918
3.52301784
3.30870978
3.57338452
3.35963263
3.53785495
3.38362711
3.61666035
3.41792951
3.40511629
3.53348193
3.57541909
3.33052004
3.47981753
3.51118787
3.58353389
3.77856950
3.61158949
3.57480825
3.49447139
3.60926588
3.27335787
3.34095491
3.42640196
3.46775881
3.50335292
3.73823601
3.65657764
3.64008479
3.43232430
3.43262751
3.63685263
3.57895380
3.56783593
3.59664360
3.55222130
3.48427224
3.30751600
3.69418090
3.69424884
3.71027715
3.65313698
3.55291145
3.47126952
3.52115677
3.59740080
3.59609965
3.77722739
3.51703250
3.60530398
3.55571789
3.54103474
3.50217708
3.51195797
3.23873610
3.32832298
3.36734415
3.40873949
3.76846008
3.41746118
3.45808418
3.38964596
3.57279370
3.67171721
3.45092165
3.27973104
3.24129988
3.62943636
3.45926858
3.56749520
3.57293546
3.48411264
3.24094946
3.46310639
3.58633480
3.52622762
3.62921240
3.50432583
3.66451732
3.56873180
3.50910165
3.43201380
3.75589382
3.47804367
3.31106651
3.40709055
3.40344657
3.43244121
3.84368147
3.49082730
3.47395836
3.47972109
3.48735274
3.66034231
3.50916523
3.71600038
3.47088607
3.48117699
3.32070816
3.60753586
3.45279095
3.60882715
3.30075846
3.62743588
3.77919609
3.54110428
3.62019214
3.57913987
3.44025123
3.34320193
3.58618794
3.47854034
3.39689034
3.46734217
3.28112434
3.76662249
3.49983104
3.23887712
3.70465029
3.77449645
3.47268545
3.73072055
3.59080483
3.66269702
3.58105733
3.39798457
3.72206047
3.45662604
3.50950051
3.59469642
3.71216554
3.40001229
3.41821373
3.59447030
3.27966016
3.59826404
3.55134673
3.43700925
3.48394124
3.42358911
3.86879268
3.32231223
3.64575116
3.15375755
3.27334204
3.37446115
3.37396538
3.51638186
3.70507257
3.54686303
3.62055380
3.36058984
3.37485082
3.49082222
3.33559102
3.42796497
3.55881989
3.50931779
3.49419035
3.49462939
3.52574849
3.66786080
3.71723672
3.40634446
3.56911640
3.33430689
3.50779338
3.42850390
3.46581117
3.51949873
3.37505743
3.53289447
3.48331124
3.84061371
3.31773920
3.29309930
3.55723032
3.67909162
3.63874040
3.61041875
3.26109812
3.50501744
3.36300622
3.49218383
3.54025242
3.53983418
3.53042608
3.65433724
3.73171745
3.52926084
3.68565838
3.77015698
3.59194360
3.49829042
3.38675398
3.53699753
3.90428348
3.61014301
3.30445353
3.53292359
3.68807928
3.45104896
3.43403364
3.83511143
3.58123646
3.71273715
3.54157686
3.57189282
3.36815881
3.54450330
3.61654048
3.58031649
3.27491977
3.39673337
3.55249923
3.84110221
3.65354515
3.42775709
3.47793669
3.41286248
3.37728211
3.34590645
3.55896064
3.53746668
3.46872952
3.70865441
3.39581716
3.58842296
3.58270461
3.50070858
3.63507860
3.73415256
3.36572099
3.51293503
3.51938036
3.63803181
3.51395298
3.49398718
3.59658152
3.66707663
3.70156121
3.79651471
3.46022425
3.68114469
3.30125468
3.68982765
3.39316712
3.67453010
3.36896399
3.51089044
3.48626716
3.44182565
3.76450105
3.72552114
3.25398581
3.53992769
3.63007999
3.37167072
3.36879370
3.46805856
3.49857448
3.35665735
3.63624915
3.53768160
3.50338634
3.68023086
3.58262566
3.65418373
3.46180052
3.55534225
3.47696314
3.48220059
3.50370133
3.59849323
3.40941792
3.36645934
3.36752508
3.41154092
3.59778673
3.88001394
3.28532400
3.67683255
3.54407933
3.67174805
3.62881652
3.43754528
3.66301514
3.48502052
3.78829884
3.63510613
3.45431859
3.56932846
3.35629286
3.52556688
3.59068831
3.45686281
3.18780542
3.64680917
3.44331519
3.37583165
3.35907388
3.20845464
3.46682425
3.27242589
3.64667302
3.42635506
3.31551530
3.66330272
3.54885828
3.67353768
3.41277749
3.24046150
3.27102031
3.51948058
3.54555265
3.40038731
3.69712586
3.37959307
3.70572244
3.26933705
3.61901999
3.74677625
3.50029442
3.29664310
3.34546462
3.67693857
3.40226180
3.63790963
3.31278840
3.55034154
3.66401218
3.54997636
3.16902293
3.53065045
3.56515997
3.26952506
3.20340024
3.44356521
3.16667775
3.39720346
3.44308669
3.44690625
3.34320142
3.60914189
3.23902815
3.56403051
3.86538413
3.46773739
3.46278148
3.60245252
3.35417412
3.35358044
3.23620741
3.42954551
3.57889135
3.39039929
3.66589967
3.57719766
3.47097793
3.33489682
3.80422554
3.29729836
3.57529743
3.55335499
3.40885262
3.53992963
3.66085799
3.65688193
3.67263700
3.57613753
3.41283423
3.61717650
3.49574778
3.48715875
3.07776310
3.48468553
3.72190281
3.59197715
3.23378838
3.68102855
3.41059088
3.38508549
3.45782917
3.38756521
3.26715517
3.70632719
3.61154713
3.40198013
3.40261305
3.61469320
3.41798757
3.58476047
3.39508718
3.53794885
3.60076934
3.56744098
3.52472298
3.76996593
3.70769857
3.59449168
3.85396742
3.23763472
3.59068127
3.42072313
3.32508409
3.45923117
3.36380969
3.48608417
3.44677965
3.46611412
3.61149756
3.38972743
3.74181662
3.80962764
3.41853913
3.53521720
3.57748741
3.57508338
3.34396708
3.61875507
3.75082483
3.47469807
3.61058418
3.68229800
3.65042372
3.44136106
3.23204386
3.50344409
3.71674913
3.59510694
3.54935457
3.34396082
3.47280567
3.35416826
3.59868297
3.42883094
3.19704325
3.31248330
3.43233093
3.47769091
3.51037413
3.30553391
3.51476142
3.46053694
3.44917634
3.23638849
3.51554815
3.79957357
3.64615836
3.58382499
3.37112408
3.63907987
3.44096017
3.46440899
3.28720377
3.50516817
3.49236565
3.17040187
3.50375453
3.52731044
3.26400125
3.45537409
3.39439141
3.44350717
3.55539601
3.48939851
3.32207102
3.26097388
3.45027797
3.40569876
3.57295915
3.49422015
3.70398179
3.41062779
3.39034731
3.60239636
3.34184279
3.67885138
3.38049294
3.34778282
3.59045231
3.45561178
3.61225861
3.39729663
3.46364934
3.53794649
3.43242497
3.48889105
3.32512355
3.35673698
3.71855248
3.78472246
4.04950460
3.43146262
3.54126710
3.63295990
3.55381278
3.71953461
3.35784468
3.56011220
3.37114604
3.68208502
3.45896925
3.46574764
3.48847821
3.28808590
3.74054012
3.59148128
3.52044375
3.32867345
3.37240279
3.38610477
3.39098363
3.71355233
3.53587874
3.23873378
3.49472764
3.52135495
3.75196895
3.35184804
3.30998805
3.82583094
3.47210640
3.62609890
3.58523952
3.56974161
3.45333221
3.47875949
3.82096040
3.45833457
3.38977079
3.61769250
3.36871030
3.54427336
3.67227869
3.34271045
3.66931910
3.22589717
3.44814234
3.64620363
3.50206212
3.48068571
3.55269958
3.38491057
3.36669678
3.40580403
3.58476007
3.49470608
3.52023549
3.53760256
3.54769950
3.42028188
3.54032989
3.72194710
3.57810256
3.58159484
3.48714145
3.40725396
3.53382991
3.44895775
3.48557335
3.63210521
3.36338378
3.54864769
3.44973872
3.47931888
3.37844754
3.37090696
3.32154021
3.46834939
3.60147404
3.25221166
3.74523585
3.60789296
3.46019775
3.60368271
3.64986629
3.48057313
3.55094584
3.50751461
3.51141835
3.28158135
3.44262294
3.50329663
3.51659985
3.43314765
3.89324483
3.58610172
3.35010087
3.69671641
3.60089594
3.63821784
3.57721620
3.65470216
3.36098565
3.16639702
4.04370430
3.33370052
3.30167843
3.26649692
3.41475738
3.44102916
3.36937285
3.33738993
3.62495798
3.63647387
3.68610434
3.76601498
3.66109678
3.41111469
3.70074682
3.50544677
3.64972679
3.59510717
3.50588820
3.31785768
3.67132883
3.76629362
3.24225463
3.30424725
3.47296336
3.48151951
3.66255861
3.54281421
3.35128362
3.30252992
3.37664596
3.30784607
3.72778514
3.53832106
3.69981657
3.49100136
3.38816653
3.32582192
3.47619401
3.49685937
3.70767662
3.47078089
3.19901894
3.48461253
3.53432293
3.37073259
3.79974138
3.52777631
3.35181645
3.44191970
3.27778679
3.66379174
3.64412778
3.47204485
3.44287097
3.30539553
3.48352958
3.52072765
3.39173881
3.58563267
3.51400032
3.38954178
3.59120188
3.50838674
3.55186442
3.58350709
3.68934975
3.52630268
3.67554366
3.43591192
3.42681031
3.56797721
3.52629498
3.66834033
3.56993374
3.63629181
3.44180951
3.40777956
3.43777546
3.29976329
3.69454804
3.33268246
3.49475277
3.34878686
3.45668774
3.41986002
3.53085044
3.18864694
3.36355526
3.26407906
3.55125003
3.44117035
3.29742111
3.69223987
3.79725813
3.32689726
3.56353038
3.64400903
3.42040833
3.54964457
3.48024485
3.64078225
3.18161212
3.40533700
3.65517132
3.51485233
3.19723351
3.43698063
3.41915136
3.62065714
3.35396259
3.25765411
3.53998734
3.54998277
3.46436281
3.46339242
3.48777982
3.72299663
3.58496720
3.40783821
3.67375122
3.37698576
3.66879831
3.66053570
3.73443087
3.87467516
3.62418703
3.27074218
3.53307637
3.55400113
3.25176527
3.45863209
3.60020624
3.69121484
3.48150740
3.70576865
3.53511899
3.74919084
3.23169558
3.36671809
3.54027340
3.38281571
3.81168386
3.42368149
3.36040524
3.47333180
3.44033615
3.60601911
3.44825521
3.56351101
3.45201301
3.54654240
3.62878334
3.51553365
3.66198227
3.39644851
3.33374457
3.51344743
3.26312846
3.67077241
3.57850078
3.58208147
3.52583607
3.34623159
3.50294408
3.84429043
3.67292169
3.43333836
3.54840643
3.43840365
3.50148987
3.54465465
3.49243065
3.56775447
3.37358795
3.73106448
3.41327767
3.45416456
3.39753458
3.35793897
3.30604519
3.36725832
3.32179718
3.39306890
3.22227260
3.50148241
3.31329314
3.32823989
3.45490725
3.57270530
3.34198990
3.50632514
3.69050712
3.45627197
3.39367886
3.52577077
3.55055466
3.43838858
3.43279809
3.49434869
3.44375713
3.55271237
3.58717888
3.30405208
3.20120816
3.62402144
3.52659112
3.79900847
3.36628567
3.54083985
3.55696251
3.45828535
3.66116110
3.42889255
3.75214661
3.51546341
3.50179503
3.64726557
3.49511468
3.53685227
3.53329403
3.42914622
3.45044638
3.43022393
3.45750393
3.48901835
3.48999430
3.40593866
3.62471438
3.46818772
3.74359730
3.71233851
3.56134969
3.29051244
3.29671768
3.36728349
3.70552112
3.45021350
3.55687720
3.70770516
3.67231534
3.60364033
3.66076690
3.62905295
3.37069437
3.43686652
3.54390579
3.38650797
3.39388176
3.48099050
3.59472327
3.72983944
3.70511009
3.54701646
3.41494054
3.49377865
3.29060487
3.60219018
3.35812566
3.51578559
3.50167970
3.40966505
3.51829758
3.40308303
3.50781777
3.30337314
3.44045392
3.47083330
3.03261474
3.71997632
3.42489760
3.32333258
3.39445786
3.65977249
3.29723731
3.50009777
3.82381651
3.74843186
3.71593676
3.50872095
3.62901899
3.37143838
3.48928785
3.81636647
3.53239072
3.50311112
3.42368256
3.42178550
3.39862866
3.45208085
3.62505876
3.62972325
3.42728717
3.84509665
3.32539478
3.34959378
3.48125011
3.47103757
3.70612784
3.49029729
3.67306434
3.70700442
3.49037132
3.72305510
3.38100949
3.59836661
3.62580584
3.53413715
3.41677909
3.81463906
3.53011917
3.63935705
3.51664801
3.60306422
3.72086994
3.33220980
3.47800127
3.66177412
3.55165024
3.38752700
3.41309910
3.40440759
3.47642203
3.49252465
3.29195341
3.48805740
3.41390232
3.52711861
3.49619053
3.62642266
3.58387224
3.46538253
3.35577532
3.51004115
3.53728492
3.37002342
3.74047158
3.60547685
3.80204722
3.45174977
3.57791378
3.60533741
3.41635022
3.61540730
3.77016518
3.55099686
3.37142362
3.51475719
3.38063717
3.59989824
3.58558893
3.58777201
3.46324506
3.40931144
3.48148646
3.49432412
3.55567512
3.35842101
3.68835121
3.52814172
3.50863792
3.63061915
3.34121251
3.57490745
3.57298314
3.72787868
3.54889255
3.48837454
3.71655053
3.33908115
3.40267872
3.45637563
3.49263232
3.43417504
3.44754471
3.72859903
3.58192192
3.55603897
3.48779559
3.37800770
3.52982393
3.68192505
3.64901156
3.21777571
3.55100051
3.47635727
3.36816561
3.54561732
3.17302907
3.40736003
3.48379002
3.28738363
3.14104627
3.39789163
3.39806661
3.66180178
3.45525336
3.38435799
3.73271594
3.53823183
3.46315785
3.70408132
3.70056019
3.60931605
3.37842653
3.68359891
3.71463501
3.25039594
3.29822476
3.44966705
3.55672510
3.38757175
3.69091713
3.33484496
3.42719865
3.54627962
3.32600447
3.69953380
3.24801564
3.35226125
3.56817213
3.49234582
3.49078491
3.35680116
3.30732462
3.47067852
3.60174510
3.80810661
3.44648159
3.55336894
3.79554438
3.59070495
3.66941011
3.77730297
3.58969408
3.25473369
3.30986830
3.27985480
3.40157106
3.75699803
3.84433528
3.57903143
3.67984396
3.38567108
3.53010244
3.27319722
3.59219829
3.74051158
3.41060106
3.48225355
3.54123527
3.44047422
3.40984123
3.45214859
3.58041963
3.48058751
3.58783711
3.29459205
3.40195108
3.60997433
3.47889354
3.33385016
3.61843476
3.60288992
3.53462895
3.33249554
3.51022540
3.24465252
3.39360960
3.31798733
3.61032039
3.50434163
3.59947016
3.53195626
3.29867661
3.61613875
3.58939561
3.52406990
3.42782615
3.59118576
3.62483947
3.21235289
3.35166581
3.28183588
3.43635338
3.58183736
3.62929548
3.42017217
3.60440294
3.54341830
3.42578026
3.45266868
3.54804500
3.42478914
3.53171154
3.29286906
3.44334112
3.46533232
3.62344175
3.26395787
3.39338250
3.48683993
3.63586811
3.35309943
3.42180115
3.31193952
3.41964002
3.34941916
3.66164245
3.15209989
3.65466548
3.58750265
3.51147397
3.63709201
3.84179114
3.61828720
3.43060567
3.15777998
3.44453135
3.52922097
3.29529642
3.59411715
3.65272092
3.28556470
3.48782182
3.55022220
3.63996675
3.41471103
3.39027841
3.46841040
3.33677330
3.30539637
3.45499911
3.29405488
3.39121688
3.39368039
3.72345507
3.41315303
3.48904376
3.50756802
3.66551887
3.28447293
3.50506710
3.44214908
3.11096390
3.38815492
3.65773772
3.58713049
3.44507527
3.36264315
3.43876372
3.47863606
3.29024689
3.65182234
3.88965391
3.54714878
3.54543995
3.48423448
3.44706001
3.33347082
3.45537771
3.45625072
3.42879279
3.49457599
3.43135164
3.34107327
3.38238699
3.47122986
3.64551384
3.59544241
3.61808998
3.43925238
3.32053083
3.48592356
3.54814942
3.36629819
3.48647369
3.35664946
3.30427459
3.39602939
3.47681943
3.46039237
3.45514664
3.48155593
3.58543881
3.47484141
3.29585266
3.59001865
3.20644540
3.37595994
3.48111851
3.50018976
3.57878099
3.44029803
3.47421557
3.31496603
3.55741239
3.69813503
3.48341625
3.46062946
3.58301442
3.50932714
3.50787340
3.69475063
3.47201441
3.48373517
3.56479842
3.59460948
3.39887285
3.36810732
3.61981336
3.59800884
3.49247548
3.52129198
3.49235174
3.56835540
3.46851170
3.44965575
3.45798319
3.60588333
3.41971426
3.47458138
3.76953703
3.47689548
3.33583529
3.55392093
3.31889952
3.63289710
3.57523371
3.57927891
3.61136010
3.64149720
3.65994889
3.42100051
3.42438131
3.70095247
3.56613573
3.69273997
3.52266766
3.71022875
3.43173594
3.55748399
3.45140824
3.56645514
3.65326081
3.59690515
3.62956821
3.46164560
3.34356017
3.31592056
3.56510409
3.15056320
3.42245271
3.50433043
3.41397791
3.46160196
3.86209273
3.42741183
3.35484514
3.12256115
3.50894805
3.51734249
3.60129152
3.57318736
3.50426439
3.48732964
3.47349361
3.38635892
3.27489100
3.29031900
3.40117829
3.76978814
3.61634264
3.54415880
3.52975600
3.37011590
3.53997292
3.49509387
3.55150284
3.60127400
3.75613387
3.34146488
3.33366652
3.31898996
3.31519700
3.43948753
3.46537108
3.31330950
3.47831050
3.51298697
3.49519549
3.49101148
3.48976793
3.43896218
3.68130108
3.46979058
3.42286313
3.43085549
3.57598274
3.65608237
3.72110651
3.34140213
3.41651901
3.42840611
3.60667768
3.55693491
3.39419598
3.44810007
3.37798935
3.55501898
3.47338000
3.66932440
3.46823759
3.44729157
3.73251423
3.57020664
3.78681346
3.67938197
3.39891405
3.67700472
3.56545089
3.50978643
3.44923622
3.55316269
3.73098595
3.58957323
3.59749694
3.67513382
3.62660240
3.46479283
3.39251374
3.41684648
3.40343864
3.42346804
3.39664613
3.46468746
3.40443088
3.50903931
3.71771012
3.33487792
3.66226775
3.62214011
3.16594162
3.36511694
3.53333115
3.38257734
3.50788355
3.65236758
3.58949849
3.52339186
3.78907190
3.60866060
3.33968124
3.68887410
3.34739553
3.40679071
3.25297478
3.20840969
3.53900483
3.73778038
3.40529459
3.66803027
3.44864423
3.10198629
3.32137383
3.50154426
3.45628351
3.65572331
3.18399713
3.57312281
3.33192293
3.48528105
3.53234583
3.37321575
3.58044722
3.53020805
3.47132946
3.74967269
3.35840338
3.42773846
3.61377859
3.64594413
3.28457730
3.45023641
3.47737400
3.41823771
3.36624423
3.50753280
3.45818718
3.35350447
3.61296804
3.73602987
3.50270714
3.41013025
3.65982439
3.34644814
3.55022859
3.35320715
3.37192261
3.60209110
3.66747639
3.40626005
3.70210149
3.44950239
3.54734138
3.84130321
3.37367390
3.42339052
3.54360251
3.62910198
3.66009519
3.44769631
3.36351031
3.47151456
3.48343048
3.45467776
3.49010667
3.73778882
3.60349568
3.34388757
3.55615598
3.67668927
3.86954747
3.60291823
3.34156259
3.42632903
3.60639700
3.61178970
3.21614955
3.59358189
3.70682245
3.50285463
3.59967373
3.67494951
3.55215546
3.59809619
3.46095229
3.39075863
3.58291632
3.49569347
3.37797538
3.60456339
3.59137306
3.37772946
3.73088029
3.64962773
3.45789926
3.46091660
3.59966183
3.38436282
3.70300586
3.31221492
3.58849410
3.39859467
3.27692159
3.55121774
3.59853855
3.34253669
3.50859740
3.46117997
3.37111337
3.45034247
3.68600965
3.53056398
3.57309927
3.43011347
3.58963709
3.64697804
3.54645649
3.49223696
3.75098675
3.36538232
3.44372821
3.33792892
3.65804360
3.32243757
3.47140526
3.37985706
3.47951905
3.21887120
3.46302717
3.46671891
3.57977328
3.19173612
3.55389452
3.48365002
3.59628642
3.79843701
3.27926769
3.55033717
3.60155352
3.58439930
3.76792682
3.53871174
3.77127839
3.45625560
3.60296821
3.13209807
3.73074120
3.48242484
3.77171202
3.39769201
3.75121502
3.64295886
3.62659623
3.54424441
3.41830605
3.40053164
3.52893202
3.63682480
3.49409281
3.41444616
3.44739542
3.49054014
3.39493905
3.66953373
3.43313032
3.51508354
3.45685559
3.49182096
3.84333779
3.18198820
3.61028586
3.42283932
3.48522672
3.43646136
3.43619043
3.52445226
3.30220085
3.32567327
3.37530519
3.68607486
3.27415699
3.81537639
3.26244852
3.60616116
3.50376974
3.46672951
3.80775218
3.61983400
3.61063743
3.64520204
3.39669109
3.39453240
3.55516440
3.53343337
3.48078687
3.56555166
3.41405462
3.51992226
3.58086030
3.63335085
3.62929168
3.53542137
3.62470751
3.44450304
3.35248001
3.40891182
3.24107511
3.67816303
3.80642253
4.01503284
3.33180903
3.50992764
3.43580957
3.43484155
3.59405225
3.27496366
3.41889413
3.30177772
3.51436638
3.45227828
3.66202846
3.50470868
3.35665203
3.54200718
3.59893702
3.51992931
3.51574300
3.45759514
3.56660067
3.49399205
3.70854931
3.35474426
3.37962729
3.74924208
3.47462413
3.26900476
3.62498367
3.53393244
3.45802936
3.63388333
3.64896371
3.68879440
3.49237528
3.40134409
3.65826803
3.60193777
3.61090877
3.63657710
3.45706984
3.47395635
3.40352560
3.65890948
3.24194214
3.41511345
3.59258134
3.55073408
3.47652126
3.39648247
3.44937628
3.50633074
3.56778176
3.27691760
3.62318900
3.39245512
3.41579763
3.57772955
3.40473394
3.54257014
3.50886477
3.57694137
3.59591768
3.40659493
3.58585990
3.49499938
3.55776907
3.82804643
3.28771072
3.54381415
3.30841823
3.47044856
3.46985243
3.46100655
3.29299935
3.51488390
3.44754557
3.40123391
3.44735231
3.45056301
3.54593017
3.60647121
3.27739813
3.48028634
3.52669128
3.47712243
3.47606328
3.66267367
3.61321075
3.56583685
3.54962778
3.76303614
3.53608046
3.26590558
3.67537213
3.58476588
3.52085169
3.61611305
3.66239811
3.45311823
3.48989605
3.69391863
3.58749834
3.57326146
3.45025251
3.51884330
3.72794975
3.58446917
3.48933595
3.43793646
3.36310579
3.18233021
3.50038189
3.51519772
3.41666256
3.48085117
3.45950267
3.49682888
3.76147367
3.58632647
3.42622983
3.52419087
3.40878904
3.65485105
3.43941797
3.51634089
3.40379238
3.25535059
3.33038477
3.44402452
3.39931269
3.61000434
3.67516251
3.66699797
3.52958441
3.68393552
3.50773577
3.65655540
3.65593147
3.49604427
3.61614054
3.47513630
3.50625024
3.62285825
3.49329964
3.38488799
3.53016614
3.61727576
3.31446948
3.35705812
3.64173926
3.61407643
3.56317309
3.60409232
3.62159368
3.59407452
3.37749460
3.40631192
3.25034566
3.42878980
3.83860989
3.50504669
3.24520569
3.47751100
3.62342869
3.73409775
3.42162931
3.55862680
3.34322299
3.51140547
3.40189179
3.66709947
3.54011669
3.76279750
3.54246167
3.50995602
3.41331171
3.74969188
3.40204803
3.13167199
3.39692532
3.22263017
3.62219671
3.60132276
3.31131385
3.42251576
3.44231026
3.58337749
3.70975774
3.40143213
3.37096677
3.46401056
3.49238287
3.48491633
3.53541253
3.55480573
3.65919324
3.54756240
3.43110349
3.44572771
3.37409001
3.32382998
3.24317054
3.57923640
3.31175182
3.42593292
3.71168369
3.46741874
3.55925146
3.34068304
3.26258997
3.92401306
3.64428388
3.32716386
3.52620026
3.28320104
3.46188049
3.43710954
3.51509990
3.27704224
3.62148486
3.77986381
3.53335811
3.54342627
3.53626463
3.55379401
3.48891126
3.53641741
3.52653489
3.51603516
3.38099499
3.66086695
3.50916777
3.76243921
3.43450014
3.55316801
3.49486343
3.38960427
3.55312746
3.63002798
3.66515735
3.61085896
3.36321626
3.62713351
3.40103893
3.64807684
3.57012174
3.64958313
3.48505649
3.22119588
3.54901633
3.60596240
3.49878348
3.75731808
3.29198964
3.59793662
3.43752115
3.59126413
3.48332246
3.38723621
3.61411244
3.37945810
3.37480943
3.31190957
3.47374226
3.34901728
3.73300558
3.52371857
3.44159910
3.25392208
3.68027176
3.51855159
3.37527289
3.46014098
3.20149379
3.28172919
3.29376433
3.33158560
3.53835055
3.72007726
3.50498038
3.33877079
3.59300581
3.30264289
3.40359124
3.46205489
3.51309891
3.58192768
3.41112350
3.66133495
3.57990933
3.41751368
3.38016479
3.68407213
3.17156998
3.67395696
3.43455459
3.63352213
3.37320444
3.46482369
3.66743649
3.61904570
3.50586291
3.71474380
3.46904671
3.51037423
3.64613205
3.46135728
3.40611400
3.51770545
3.55829367
3.46902796
3.42474580
3.46950414
3.46090721
3.67620000
3.54867582
3.45988300
3.34969104
3.79827180
3.39474783
3.53743851
3.19857761
3.45786265
3.47751090
3.35741698
3.51081743
3.56434682
3.37480090
3.61908554
3.49200688
3.46453030
3.42618333
3.41018333
3.76691482
3.33634514
3.63613247
3.58032771
3.36198306
3.54743630
3.60382194
3.31525055
3.47537565
3.50051610
3.50140145
3.43373962
3.45645198
3.68736130
3.07263500
3.27916002
3.51653873
3.32332770
3.37377534
3.37743072
3.54287564
3.38425731
3.47854982
3.38333120
3.63761011
3.61765317
3.31913245
3.48701309
3.35371561
3.39999666
3.23497743
3.40259197
3.34970899
3.31208248
3.50138895
3.61069421
3.33504147
3.50424609
3.30970224
3.57683387
3.62803863
3.67335888
3.42095110
3.56749473
3.79826414
3.37346574
3.26489663
3.53579237
3.36518227
3.43194039
3.70629236
3.34859129
3.57499434
3.69303316
3.75026066
3.37695218
3.57752394
3.71068637
3.35865554
3.42178422
3.67502596
3.61249236
3.64928670
3.34657748
3.26479448
3.50666900
3.44987997
3.38909036
3.64744446
3.50392783
3.72864906
3.57386720
3.27274233
3.47610981
3.57335361
3.29746083
3.44486027
3.52346356
3.44071865
3.60823532
3.30892950
3.62244124
3.59809024
3.50262377
3.49076720
3.57588703
3.57920264
3.70971614
3.41165244
3.13749312
3.37593158
3.63605219
3.30002581
3.58239832
3.53790909
3.54249451
3.37198794
3.34580422
3.55187446
3.57505664
3.35247183
3.40148401
3.47263663
3.27156117
3.50896402
3.70205876
3.77752293
3.51600306
3.51964957
3.75291633
3.36618905
3.56249295
3.54785587
3.34164793
3.57766546
3.45065554
3.79467029
3.49487710
3.59651502
3.38435812
3.50160667
3.68435643
3.61997705
3.39564407
3.27519561
3.25420677
3.50797266
3.61574659
3.55537359
3.74117400
3.48784641
3.77505733
3.64954593
3.45977846
3.78571928
3.45392524
3.50419859
3.52423190
3.65632806
3.55616045
3.48593378
3.37899698
3.63322594
3.47711817
3.44380438
3.55986447
3.57121953
3.48823780
3.52482226
3.60742285
3.60291716
3.40991198
3.61451531
3.55479565
3.63126350
3.44456078
3.57440843
3.41152130
3.42993554
3.24178602
3.69830324
3.41545051
3.42347489
3.51748054
3.35923170
3.57453633
3.56903140
3.49876770
3.46895848
3.47039173
3.31159310
3.61664580
3.47190723
3.84548974
3.48457747
3.56821273
3.34538564
3.79588120
3.47765909
3.62034559
3.42798433
3.49130509
3.39370850
3.82671043
3.39802458
3.79456645
3.46671755
3.72997707
3.52392987
3.30205680
3.61258591
3.77111397
3.50839627
3.47729225
3.68464406
3.37763824
3.49823665
3.44934411
3.60578747
3.40269565
3.53177371
3.64803711
3.29909722
3.48684578
3.69565683
3.84779017
3.73882189
3.46442719
3.51297781
3.44197479
3.29359581
3.53637776
3.43456031
3.51966598
3.48376856
3.48138500
3.60529830
3.61666082
3.82472092
3.42724148
3.32741814
3.46263950
3.27804208
3.60428042
3.54253964
3.54634406
3.58244314
3.55276619
3.50441089
3.67064961
3.53628203
3.40611504
3.56419189
3.41940319
3.60357467
3.92182086
3.69016208
3.40790516
3.41536752
3.58196096
3.39372663
3.68890823
3.68834646
3.53515701
3.58359659
3.28600899
3.28255691
3.50186603
3.62001786
3.52630710
3.22011040
3.61487644
3.74092401
3.14420697
3.78675240
3.51688418
3.38188788
3.42823710
3.33816645
3.48702399
3.61174707
3.73276196
3.53288972
3.66823064
3.60577820
3.42646146
3.36371477
3.41730536
3.52829504
3.34945294
3.50945276
3.34956225
3.44654544
3.65093086
3.57893289
3.64992985
3.19778212
3.62919893
3.46911323
3.47238272
3.38138224
3.59596994
3.45917786
3.34957815
3.64789084
3.48680807
3.41249530
3.38457290
3.65686311
3.58958885
3.10831337
3.59649508
3.32538045
3.46285164
3.12506524
3.69204605
3.53911540
3.31591974
3.64716194
3.53470742
3.39782035
3.62266306
3.56714609
3.28352813
3.16711514
3.64077832
3.60508203
3.67336663
3.45844844
3.50846192
3.36705728
3.50846307
3.25910797
3.64035033
3.46467023
3.59121666
3.18415456
3.54460304
3.36737931
3.65804303
3.67215503
3.48300314
3.25958836
3.74418671
3.59658887
3.49595044
3.42434339
3.54936368
3.51480383
3.66422220
3.72551565
3.27610899
3.57639524
3.37937639
3.56034605
3.31270448
3.86288422
3.54467259
3.65422588
3.63256152
3.58056968
3.52838543
3.56958886
3.63193393
3.47842920
3.59138559
3.70078955
3.42783587
3.21294369
3.56086341
3.62684302
3.33803989
3.38172090
3.57207011
3.64390096
3.26502998
3.54779272
3.54995148
3.49933902
3.45578480
3.62646140
3.65254929
3.44933047
3.55926589
3.50656951
3.79804514
3.76178130
3.50348600
3.57806872
3.29732200
3.63650152
3.66403252
3.43776252
3.61391824
3.31448790
3.64592096
3.44509762
3.57324934
3.24819290
3.45065348
3.69987932
3.49297205
3.60465510
3.80035758
3.51378557
3.45636623
3.57336580
3.39087980
3.19755499
3.40060922
3.55074707
3.29570949
3.68572362
3.59181783
3.57311603
3.94260772
3.52078553
3.60873284
3.82001053
3.48481623
3.36865230
3.65692116
3.35975111
3.78872146
3.58728623
3.53537048
3.65911436
3.55984865
3.67038252
3.47735157
3.82899248
3.57906102
3.73797510
3.28742316
3.62791430
3.42083908
3.64584148
3.54645430
3.49530258
3.47551491
3.73558124
3.40653943
3.53634258
3.39733664
3.29724354
3.74768095
3.58033706
3.45023794
3.61637827
3.36811436
3.38442253
3.52318755
3.67738616
3.58015105
3.30452189
3.03699401
3.49504268
3.58341357
3.30540831
3.56444033
3.49607075
3.53733857
3.63175553
3.48562387
3.27263730
3.25482226
3.51204946
3.50037614
3.62964862
3.43888345
3.26723606
3.76963788
3.69771962
3.58421922
3.54598063
3.60766402
3.58369182
3.46552811
3.65841335
3.49693383
3.63057525
3.68447588
3.68023619
3.54764115
3.65878911
3.24717896
3.39906617
3.57363964
3.61057629
3.44408030
3.62488988
3.65671816
3.66946677
3.55409297
3.23650440
3.67108120
3.82666473
3.54488621
3.68581947
3.43990940
3.56623459
3.59118915
3.68189611
3.39587512
3.44096084
3.58298704
3.77659641
3.51748817
3.51075670
3.54548510
3.72371977
3.46314649
3.81549660
3.49271493
3.78350044
3.57476704
3.50414751
3.43665851
3.49434134
3.32287167
3.59207407
3.47376476
3.43365930
3.66500311
3.26839258
3.52073371
3.38971649
3.48934605
3.52524879
3.62144319
3.66631333
3.41542827
3.53089454
3.69689317
3.49221766
3.47377685
3.51843820
3.66004263
3.65720516
3.43640449
3.26214397
3.71741404
3.69658628
3.37000087
3.41315500
3.57934034
3.54609430
3.38370409
3.41651532
3.70072965
3.58900989
3.34332724
3.63136560
3.42422239
3.41739685
3.32391499
3.47618778
3.64761608
3.07932430
3.77250527
3.87097347
3.28743271
3.48395010
3.35297103
3.49819121
3.41050363
3.38634071
3.59481713
3.60442757
3.25544711
3.22390223
3.71780721
3.16457702
3.61591337
3.37629790
3.45429571
3.38045573
3.30747230
3.52072689
3.34113996
3.48571406
3.79001867
3.55443935
3.30306733
3.42892305
3.71756994
3.35636291
3.59937244
3.65670955
3.73733170
3.65971539
3.50581952
3.26881533
3.35990561
3.35747892
3.55362478
3.81695493
3.47251498
3.71261036
3.49739385
3.46934741
3.46712288
3.49486302
3.78388938
3.51279682
3.45531788
3.61609475
3.74350363
3.26419662
3.19184231
3.33593737
3.82631118
3.76333286
3.67863816
3.65970236
3.85457672
3.46886116
3.52128549
3.45039793
3.41359292
3.47933264
3.70970849
3.47673242
3.55272332
3.70114350
3.59502405
3.66897901
3.31852542
3.58528359
3.58440797
3.10457677
3.39182871
3.55475875
3.57585369
3.64534302
3.60064287
3.34456190
3.30469865
3.54817201
3.38077102
3.32606812
3.22379319
3.67109502
3.45600306
3.53772838
3.48918706
3.54657662
3.50976406
3.49393726
3.52320846
3.59392243
3.62009272
3.59394937
3.52681073
3.49267311
3.37982500
3.55271969
3.56306154
3.63885967
3.32385772
3.57554267
3.53364972
3.55599520
3.48536725
3.44836519
3.67028463
3.68267780
3.30285839
3.41564839
3.66286313
3.55867995
3.44991815
3.31765321
3.49627911
3.68139916
3.45954979
3.55902489
3.41775063
3.45454491
3.51496178
3.48055123
3.35653959
3.50093703
3.27868697
3.20596966
3.81793901
3.36129026
3.53190673
3.53569820
3.27340289
3.60086027
3.74585524
3.60936521
3.41869364
3.54582596
3.60717886
3.75901294
3.42192209
3.67128301
3.61912548
3.47484998
3.48335506
3.66272391
3.50043909
3.35542749
3.47886555
3.47287921
3.45383434
3.41411424
3.45890047
3.34579511
3.42592618
3.51374556
3.57484095
3.68002240
3.48048961
3.70132099
3.60463025
3.40279175
3.50692448
3.96462591
3.34954425
3.52705028
3.63580040
3.53265185
3.52397950
3.31323445
3.48335671
3.39169074
3.61013381
3.30765436
3.29683249
3.28897795
3.34945454
3.27936431
3.32250174
3.44575911
3.49272933
3.22739467
3.61828854
3.35165585
3.88069449
3.53022014
3.63283737
3.16220530
3.32703593
3.35933931
3.42291342
3.72144843
3.57565770
3.52884055
3.43100808
3.48144226
3.75409311
3.45282921
3.44502443
3.39057080
3.49493336
3.48259115
3.46191784
3.72252995
3.14714886
3.29536767
3.57716663
3.36786115
3.39917799
3.65661665
3.42194783
3.40990881
3.33565860
3.42763510
3.66989304
3.55707671
3.49967693
3.39041803
3.58529928
3.35325809
3.78240925
3.46162861
3.28467001
3.63831463
3.81203094
3.71755470
3.43346118
3.28047927
3.46376827
3.65192668
3.44990740
3.70255784
3.46296766
3.33847163
3.38780310
3.57380449
3.70305761
3.47007881
3.67011390
3.73934601
3.45027813
3.54645150
3.59529293
3.45902991
3.40705281
3.48212016
3.58817731
3.72757140
3.35587838
3.60669188
3.56733969
3.64787413
3.45560699
3.57921121
3.45076981
3.52939979
3.46199589
3.33850730
3.52176125
3.28346156
3.64439986
3.56140238
3.62687818
3.48731634
3.47048111
3.35065651
3.67787717
3.33893086
3.58081179
3.37452374
3.57945916
3.72429654
3.47524405
3.52979453
3.65472642
3.76916831
3.28292277
3.35019957
3.49021966
3.69710208
3.63781574
3.38204985
3.27241018
3.36566621
3.53163650
3.49898810
3.43752207
3.50270172
3.56603476
3.42772656
3.50655959
3.46450630
3.37592935
3.65664608
3.47741450
3.63781725
3.49585880
3.59913152
3.49592856
3.65746813
3.59122444
3.58351849
3.67778608
3.46159434
3.47630115
3.49152647
3.50311152
3.70626247
3.44089062
3.26705315
3.40564722
3.46139847
3.35749223
3.31720521
3.47838618
3.50988971
3.44086651
3.37744037
3.61753490
3.47173579
3.83186613
3.61269575
3.37668133
3.62512326
3.62740954
3.62637762
3.50304291
3.54629908
3.52847211
3.89908744
3.47766961
3.49011796
3.42796994
3.37895918
3.68147717
3.33313856
3.21041114
3.44548312
3.45898527
3.55114344
3.13518980
3.51869076
3.35163595
3.30295789
3.57539742
3.53557628
3.27256694
3.24244256
3.63402705
3.41562916
3.49471520
3.48053497
3.50944489
3.43735321
3.27412544
3.36921479
3.48200453
3.59764693
3.73033878
3.47926793
3.49367877
3.32592014
3.25573649
3.34372459
3.39258399
3.37482201
3.57571375
3.83884596
3.61427209
3.15945537
3.53155855
3.72453486
3.32166509
3.56695238
3.25791064
3.46604522
3.47550719
3.40828647
3.57667555
3.45886530
3.50720949
3.68419571
3.57926873
3.67864979
3.46596225
3.53709238
3.36906469
3.67807578
3.51198979
3.41083400
3.43592631
3.70249749
3.42782284
3.34023057
3.58468918
3.39627483
3.36946361
3.69216324
3.48947599
3.42165084
3.47931838
3.43018921
3.24571605
3.61205294
3.58277262
3.52450805
3.54174490
3.53169294
3.64028376
3.47916428
3.52185891
3.41334101
3.47686652
3.19836133
3.76270005
3.39614835
3.66084577
3.21376176
3.33484570
3.58539376
3.60375208
3.39464891
3.47147854
3.45602901
3.40323468
3.21282476
3.36601151
3.67189807
3.50086718
3.53411922
3.67054287
3.49250513
3.42672073
3.45838566
3.41701631
3.38920645
3.50257982
3.47985787
3.38296119
3.49270109
3.67567568
3.43974326
3.17368775
3.59369539
3.20481216
3.44292740
3.14281257
3.26861635
3.47075932
3.51066494
3.37298892
3.55224877
3.63278950
3.49113183
3.63871733
3.32917132
3.45323101
3.49971382
3.52311113
3.26586628
3.76191436
3.56090637
3.41049221
3.50537828
3.68238616
3.57370086
3.27669169
3.84639676
3.44176546
3.57233206
3.39893076
3.47863729
3.58611780
3.45426206
3.20715665
3.59639669
3.57322176
3.39727539
3.54870852
3.56215705
3.66460310
3.43756059
3.43818862
3.39211349
3.18871150
3.53065298
3.46441335
3.53550083
3.54711486
3.41711392
3.72631952
3.36959400
3.38558618
3.41482122
3.51970066
3.53225736
3.60195805
3.90974601
3.39664836
3.26391782
3.61261963
3.76709089
3.51957373
3.48083674
3.19953135
3.28466440
3.43168398
3.85155574
3.35963201
3.36036685
3.56578896
3.44839130
3.37851365
3.54566243
3.31331289
3.39585314
3.55023883
3.50691269
3.17538613
3.48786154
3.41517560
3.81644633
3.31789198
3.59563836
3.73772498
3.44524032
3.45234368
3.43814701
3.24581609
3.52908738
3.16446634
3.58695614
3.80404377
3.38012470
3.96235903
3.32740222
3.74232383
3.36559908
3.46611198
3.59792597
3.71194091
3.22574340
3.41075377
3.52945752
3.69086382
3.35263930
3.53440367
3.55672553
3.36020358
3.50194134
3.67350400
3.67336501
3.67368891
3.25933738
3.53700766
3.35269907
3.69203443
3.48362036
3.68139559
3.45606944
3.60407631
3.49824634
3.45839947
3.55059082
3.25655061
3.35325392
3.35730441
3.65820410
3.51438911
3.42941999
3.71370669
3.25790336
3.57340778
3.30652673
3.75660167
3.56301172
3.64726281
3.26761509
3.61567670
3.64538104
3.25054916
3.21109940
3.36068415
3.52839039
3.34991683
3.39261850
3.54476950
3.42061841
3.35507953
3.71849806
3.42362949
3.46206443
3.62159106
3.36269932
3.67237543
3.65479353
3.48726425
3.52912908
3.32197645
3.14988029
3.61410737
3.78118606
3.48715799
3.66252648
3.55765331
3.61041863
3.40763020
3.38722748
3.23555612
3.51616877
3.47452158
3.63486265
3.61733033
3.26807742
3.51389257
3.66358441
3.70710769
3.37332617
3.39920430
3.42538122
3.34128660
3.47049025
3.76461736
3.30018936
3.57294903
3.67187784
3.34099570
3.23942854
3.46492008
3.42623074
3.38649058
3.69083633
3.31334513
3.42366135
3.63357957
3.52647648
3.37365947
3.56470096
3.42443573
3.39579595
3.36082561
3.46533440
3.15650171
3.52560589
3.54571315
3.31989602
3.61014409
3.48886137
3.71949618
3.54370197
3.18026268
3.41411497
3.69794330
3.36729382
3.43372998
3.55751918
3.33747521
3.35416849
3.41453562
3.35925266
3.58486486
3.66386959
3.41851102
3.45624530
3.68245522
3.63231496
3.55950899
3.87307709
3.60076958
3.64123564
3.44891346
3.46292587
3.27038944
3.39860111
3.76035433
3.57043888
3.48497502
3.70190592
3.80150236
3.33840314
3.64730329
3.25619256
3.36481909
3.43008964
3.33019861
3.41868574
3.62913695
3.53914641
3.52423094
3.34191294
3.38394434
3.35891532
3.49405664
3.23718636
3.69825086
3.38304787
3.51527682
3.53032108
3.65590759
3.60929461
3.51368830
3.38146469
3.72925741
3.51834355
3.47880212
3.44091311
3.56299052
3.64958233
3.42350468
3.61278789
3.54007987
3.44565919
3.66173637
3.54844966
3.85167180
3.63771786
3.37606285
3.49152306
3.49280673
3.39318115
3.59701390
3.49640795
3.55584484
3.59795850
3.51606482
3.39215187
3.74347200
3.44495229
3.60413541
3.51355898
3.62316056
3.35073793
3.40748159
3.67141020
3.49496045
3.42229289
3.39285448
3.53366970
3.44449516
3.34564951
3.31380218
3.63955279
3.55303793
3.56834656
3.01998907
3.81833008
3.53654292
3.64755477
3.53140765
3.48474292
3.63550657
3.43575108
3.29935807
3.28290533
3.32753394
3.77581677
3.67607011
3.60056702
3.33448514
3.42743438
3.76484283
3.57561301
3.39607693
3.64665850
3.42257676
3.61667434
3.38181425
3.44053536
3.48657367
3.45972523
3.46312699
3.51864627
3.74747891
3.43254157
3.61758668
3.61344985
3.54024137
3.54889570
3.33707837
3.54129814
3.47496598
3.45436253
3.51180259
3.42600148
3.52953377
3.54561199
3.61198226
3.45681727
3.42586457
3.53506280
3.53914986
3.45273755
3.66169723
3.33277260
3.31888953
3.40495037
3.36976245
3.66743935
3.60690933
3.66935001
3.27622317
3.41838914
3.53031855
3.53097106
3.48025757
3.33042523
3.58598508
3.51222128
3.37665961
3.48341349
3.51784792
3.59678829
3.34333214
3.43847917
3.59505969
3.64109516
3.41554766
3.48268992
3.41283428
3.54517973
3.61885158
3.44410025
3.63787453
3.65487279
3.58248309
3.69903224
3.37025505
3.46715015
3.50518861
3.44346757
3.39363503
3.61053347
3.59530281
3.45042597
3.53567623
3.37241488
3.25697222
3.48520488
3.71054094
3.34518059
3.24439641
3.80035550
3.61534515
3.51300813
3.50596175
3.53227020
3.60244164
3.55121256
3.54014271
3.62125617
3.49940829
3.61001644
3.53504584
3.37697051
3.44861637
3.55461865
3.31347121
3.51109151
3.68825397
3.33343705
3.40536653
3.50910140
3.54667951
3.54639993
3.41954872
3.06305532
3.52198022
3.58516133
3.33656822
3.28721168
3.36861089
3.71711515
3.59459077
3.53839884
3.61298748
3.83508314
3.54017175
3.41299306
3.51991102
3.79455166
3.71579822
3.59238290
3.58169641
3.51033228
3.65607338
3.65879480
3.30188140
3.38452127
3.71441875
3.35335509
3.54539064
3.58763282
3.79216882
3.69826331
3.57702976
3.66478118
3.64193337
3.55495186
3.81018458
3.68878656
3.56710227
3.69010689
3.43760036
3.68207988
3.33936797
3.52142570
3.36611616
3.52928139
3.40614044
3.61498529
3.57722924
3.35232803
3.55972983
3.45609731
3.48536460
3.57002472
3.49017157
3.56552439
3.51572451
3.26389437
3.39356915
3.43293269
3.52359321
3.57220183
3.45782943
3.58945587
3.57697163
3.53402659
3.54766555
3.34124534
3.57441717
3.25525933
3.51074239
3.38588184
3.51996365
3.61839730
3.42683964
3.28352338
3.72699624
3.65801352
3.37190742
3.25466447
3.52295653
3.27377484
3.56888950
3.27638170
3.57675263
3.65288378
3.44718909
3.19894067
3.42074938
3.52381924
3.38265221
3.80463915
3.23921367
3.71325100
3.33994363
3.73076172
3.79508974
3.32800309
3.53919040
3.52852061
3.66697967
3.53394096
3.51876795
3.62985793
3.21820386
3.60365747
3.56610375
3.54398421
3.81981665
3.50483274
3.63837362
3.65552828
3.49945196
3.55114279
3.54496552
3.44617345
3.43787411
3.33759208
3.56358597
3.41165507
3.28510854
3.43214476
3.41188406
3.24599435
3.46802782
3.59552984
3.49646803
3.61484356
3.41126759
3.65109521
3.36118937
3.33981758
3.49334761
3.67658536
3.60656961
3.61568665
3.25987293
3.53971807
3.35224458
3.38230564
3.36569009
3.39943485
3.91430132
3.47315448
3.51787343
4.04470021
3.76938251
3.76236501
3.79141647
3.59272482
3.62743355
3.73210912
3.38950334
3.56848737
3.33496715
3.48222326
3.42023532
3.68743044
3.53072054
3.75394421
3.56168748
3.61320503
3.72558024
3.48963123
3.68717034
3.46233900
3.67864940
3.50034957
3.27257162
3.22770434
3.74133275
3.71319018
3.55765313
3.49265823
3.54131409
3.42020091
3.48317766
3.25773298
3.37830141
3.45080391
3.37574098
3.80174975
3.70341450
3.53957443
3.50218395
3.64923112
3.50409025
3.66125594
3.41545963
3.71598747
3.46638043
3.60488651
3.86383056
3.30475223
3.53651712
3.35891164
3.43527103
3.42274094
3.45362064
3.47915831
3.55894953
3.74300908
3.42542518
3.61154540
3.58566616
3.28148383
3.56889687
3.24140546
3.21912019
3.51154456
3.48761949
3.49129275
3.51988274
3.38802724
3.30782283
3.63915268
3.35394939
3.35252759
3.59492847
3.27872751
3.60774805
3.49187815
3.42248828
3.59407344
3.54147677
3.42167407
3.46539044
3.37006396
3.50264670
3.46672283
3.58920802
3.51075462
3.37170508
3.56029271
3.75756517
3.58748399
3.56161338
3.68403518
3.42939589
3.63858614
3.44325542
3.42045599
3.56797037
3.59258922
3.71855065
3.53981020
3.58356387
3.73677561
3.36314749
3.39329599
3.63164324
3.65297818
3.36057171
3.48442232
3.78844601
3.44248801
3.59970493
3.34042537
3.42582698
3.56194841
3.55746817
3.55560886
3.75724751
3.59211027
3.43858552
3.37848320
3.57678230
3.46132369
3.44430284
3.31457839
3.66301875
3.39564100
3.49193653
3.41680589
3.41972397
3.41740610
3.50712747
3.38524414
3.67515427
3.61420508
3.76067491
3.39822308
3.26188233
3.70005323
3.87182556
3.44658237
3.29901684
3.59069333
3.69989264
3.54297854
3.54868982
3.31488030
3.39608011
3.42811585
3.51868645
3.53352716
3.73738693
3.49577609
3.28309250
3.28858731
3.31446640
3.40852216
3.44283434
3.55354820
3.44531557
3.37595045
3.64798654
3.20741122
3.78666977
3.56736714
3.35372203
3.70403299
3.46497715
3.28076318
3.28177983
3.30870303
3.39882838
3.28996329
3.50932537
3.42383259
3.43471635
3.39182357
3.45707840
3.62563000
3.71800100
3.32535315
3.49858348
3.48363722
3.42095421
3.48463452
3.41249802
3.53500277
3.54975976
3.49741773
3.34977289
3.63536596
3.60234341
3.39126346
3.78760068
3.60822749
3.69890796
3.56910986
3.59200646
3.41468135
3.55704853
3.51613824
3.41095615
3.51538301
3.53332279
3.55981261
3.81985747
3.69662905
3.25315135
3.65496802
3.39132846
3.33242298
3.55092317
3.51582273
3.46110859
3.60440250
3.49218110
3.56678920
3.41198745
3.60150303
3.39976246
3.63395897
3.39762597
3.57123258
3.40576972
3.44913627
3.62814530
3.84443293
3.30124627
3.73829554
3.28935820
3.35540221
3.80543219
3.21633774
3.41751804
3.42925370
3.42647523
3.46002049
3.45146037
3.45838604
3.38547174
3.58093704
3.38401208
3.38993977
3.42571276
3.52041910
3.73454308
3.49611511
3.57901015
3.38823841
3.46453570
3.59922617
3.61097783
3.71698228
3.40804647
3.67336644
3.31714304
3.50397780
3.48893565
3.44456061
3.69176275
3.61264000
3.69673923
3.36127773
3.14122011
3.55511876
3.44305858
3.45718069
3.61387596
3.42811962
3.62034264
3.72798700
3.51825044
3.12377335
3.48493766
3.84431600
3.55140974
3.53742937
3.58627959
3.72239723
3.45943276
3.49424803
3.46410401
3.77451531
3.30183306
3.31646668
3.23554860
3.41106599
3.59181070
3.70321457
3.39402328
3.31609868
3.78420931
3.54475162
3.49172284
3.41822014
3.23305310
3.69300595
3.72765717
3.62873465
3.49053907
3.41028530
3.61307415
3.46889542
3.51935924
3.86803723
3.58614994
3.70814235
3.79022792
3.21753322
3.79782208
3.43520113
3.28648915
3.60435149
3.59063994
3.28391866
3.18767916
3.64853373
3.59250791
3.48570979
3.65391889
3.16229067
3.54719611
3.62049038
3.43301164
3.37713140
3.45349365
3.48797174
3.46212078
3.35229156
3.38487954
3.42119135
3.63590250
3.58633539
3.36158610
3.76415487
3.51296870
3.50380659
3.29692999
3.58546460
3.38255492
3.13880292
3.73978584
3.39980916
3.41326837
3.43734981
3.68507739
3.31918953
3.40579097
3.45044760
3.57416127
3.50575643
3.47141261
3.58966777
3.55697835
3.39813402
3.40826931
3.56717286
3.68784764
3.48310493
3.49716162
3.59203538
3.72677775
3.33453160
3.58882798
3.49473035
3.51817104
3.44138900
3.45454825
3.30167685
3.51879520
3.59678360
3.72195222
3.48170331
3.59689749
3.41983373
3.61790828
3.53631160
3.57433658
3.53228627
3.44036716
3.60561502
3.58360689
3.61174461
3.53103568
3.46182509
3.81163057
3.49338298
3.57075567
3.16216215
3.45219207
3.44202215
3.56946290
3.73306480
3.38889019
3.46644132
3.47260111
3.65757318
3.48048284
3.29780155
3.50586614
3.53776107
3.52049928
3.50405527
3.63015508
3.55409180
3.34299498
3.56221736
3.57859559
3.49357303
3.49632406
3.76037235
3.49753021
3.16858530
3.65680429
3.55129310
3.36333077
3.49825948
3.50414965
3.32954575
3.79691794
3.77427797
3.33054556
3.45395594
3.34786075
3.53297480
3.40524157
3.73731151
3.41993129
3.70560951
3.61653668
3.32517632
3.40998943
3.56868985
3.31303228
3.48569063
3.63207263
3.51621840
3.71602759
3.33223261
3.44856584
3.47573786
3.52493272
3.25081628
3.38032645
3.49005034
3.53757433
3.50410076
3.61763937
3.38648533
3.60726880
3.28388585
3.40387714
3.80559161
3.55853806
3.53396894
3.31374011
3.56112792
3.58334293
3.41523821
3.39795176
3.35322750
3.48970910
3.53487721
3.46628404
3.70661139
3.47462059
3.41155577
3.18078781
3.40572567
3.44305592
3.34848215
3.53110337
3.64867743
3.59504176
3.43619167
3.56372603
3.49184459
3.55259920
3.50694650
3.48710180
3.60703461
3.69845756
3.26262193
3.27442812
3.47306693
3.64841083
3.14795383
3.43603475
3.82365428
3.57919166
3.34102258
3.38321957
3.62345791
3.73373793
3.38284818
3.35541469
3.74419144
3.12572689
3.61797183
3.43255740
3.11264877
3.51525190
3.41789871
3.50454139
3.50253064
3.37751672
3.35927720
3.21962293
3.49194512
3.78642241
3.52868934
3.28365718
3.60845689
3.28492179
3.47592767
3.33203958
3.38356036
3.61401646
3.68763339
3.54622726
3.48845159
3.57227144
3.60317084
3.23671563
3.42297408
3.57772236
3.54461328
3.51434493
3.57961336
3.65405023
3.38271507
3.17181198
3.40441542
3.46289879
3.41074511
3.19726189
3.42670398
3.60420946
3.59805663
3.49183495
3.52947154
3.30644881
3.64526835
3.66304351
3.38231930
3.42860369
3.46293186
3.41585402
3.20882094
3.44581888
3.59556047
3.71334910
3.71018512
3.54055230
3.71289428
3.47884465
3.61709192
3.47112289
3.24027662
3.36133717
3.54157806
3.53952596
3.60001680
3.48615600
3.65084594
3.53039118
3.53561423
3.61269574
3.53487153
3.39295816
3.59071881
3.62110373
3.48968605
3.63794456
3.51470269
3.44979758
3.28820655
3.47118180
3.46671836
3.50568780
3.41049025
3.43589335
3.49011800
3.31898050
3.45528772
3.48549061
3.27910930
3.36443518
3.40476993
3.35876136
3.50952241
3.82095260
3.61430406
3.82932577
3.40556343
3.29136769
3.49915322
3.60123499
3.51442905
3.65432259
3.53997493
3.37258737
3.56065765
3.47009473
3.47899344
3.33903717
3.50209162
3.46225501
3.87872094
3.45907095
3.25932610
3.74703106
3.61510248
3.30292644
3.59051900
3.63225055
3.42695985
3.60702904
3.58343733
3.55773960
3.69360917
3.55582094
3.53661492
3.34905128
3.61252743
3.66285768
3.60149642
3.55639915
3.44894271
3.32304746
3.60744261
3.55067095
3.47922340
3.60790791
3.74147214
3.49839724
3.59994108
3.62571546
3.55461443
3.43755027
3.27448233
3.41842233
3.56674910
3.37604782
3.43908438
3.76721606
3.44180654
3.48483717
3.39016950
3.42859662
3.35520492
3.35743411
3.62485330
3.52284610
3.47539852
3.70779206
3.55650182
3.59676603
3.58141233
3.22837630
3.52721247
3.53255717
3.33823805
3.23031814
3.33909375
3.42471697
3.85196635
3.48752438
3.42621888
3.69682958
3.72653054
3.45661664
3.68912817
3.63012345
3.44393646
3.49457591
3.51375527
3.77567145
3.48985379
3.49596710
3.74665227
3.57210866
3.54644368
3.47161874
3.59838854
3.84074268
3.42429763
3.74063267
3.29699849
3.72993150
3.45536279
3.55759886
3.66335311
3.63060401
3.51872856
3.44689033
3.43033037
3.63479805
3.72114945
3.31591310
3.42765938
3.40909102
3.40417941
3.31918623
3.50431348
3.80479814
3.34979233
3.74512696
3.66032708
3.62681318
3.35636400
3.54741591
3.55991134
3.58296686
3.40689030
3.39281736
3.64774369
3.48577782
3.35131677
3.44732961
3.49030623
3.27847108
3.52485452
3.47254040
3.41414783
3.55713922
3.42415742
3.60406249
3.41294520
3.36092098
3.61323566
3.63392417
3.44523766
3.40207260
3.53098059
3.36878998
3.49471088
3.65780657
3.72217598
3.53588648
3.61490429
3.69577313
3.41387049
3.30850800
3.43021744
3.35505920
3.35898654
3.37297766
3.26509015
3.60457999
3.76904053
3.45893824
3.57323145
3.45073811
3.35784930
3.20484833
3.23877241
3.26622535
3.41809801
3.48055844
3.42121778
3.66184193
3.55264428
3.63884219
3.61607140
3.67320844
3.63243372
3.61775767
3.55301054
3.48424523
3.35290173
3.41571375
3.40348396
3.60929453
3.36073665
3.46111660
3.36960891
3.45576001
3.52287926
3.54847114
3.37624186
3.88913899
3.35963358
3.51281275
3.58809811
3.52232224
3.41376399
3.26434387
3.77379521
3.50103629
3.52745375
3.25515082
3.43869524
3.50730339
3.49899971
3.29987560
3.24842085
3.45279402
3.44111851
3.62221788
3.31492021
3.33394695
3.51273899
3.59914194
3.46695574
3.77073193
3.59615597
3.47466375
3.32689165
3.20092994
3.44142038
3.51509317
3.56565537
3.70180596
3.29984067
3.62760615
3.35774776
3.41104945
3.36847055
3.46402207
3.55817716
3.66885724
3.21745816
3.58166109
3.62319226
3.40303416
3.37213140
3.48315666
3.54668883
3.67898612
3.52169473
3.45709805
3.58416525
3.48648086
3.67641223
3.54137799
3.58610185
3.58505121
3.49515200
3.38112034
3.41263914
3.27991597
3.65516691
3.50306290
3.45142980
3.45029337
3.58598661
3.32827028
3.56053953
3.55198206
3.58929599
3.69505180
3.50827176
3.41608476
3.36667484
3.46395955
3.83179111
3.31574940
3.72707390
3.37674145
3.33642075
3.57280289
3.29590225
3.29112443
3.85748856
3.47615246
3.34760102
3.56330271
3.45659710
3.53382957
3.38357838
3.40000608
3.57419245
3.43055141
3.27738091
3.25202335
3.61030684
3.21267498
3.25897633
3.42105580
3.30535013
3.52241871
3.56002242
3.30177579
3.34282512
3.45322672
3.79199746
3.48096533
3.94584165
3.59815058
3.52906682
3.76560989
3.48930460
3.36312376
3.46756102
3.31182210
3.44965064
3.41700353
3.68394000
3.37647072
3.41400886
3.50025554
3.41311881
3.61338951
3.57066021
3.56415590
3.41902956
3.43604134
3.65267076
3.46238593
3.42929478
3.46851222
3.60657384
3.61689438
3.45588701
3.35671055
3.50797589
3.32990230
3.37364977
3.56164638
3.34596131
3.41392550
3.37855488
3.40666571
3.34817094
3.46168952
3.34757106
3.20051497
3.36842956
3.32781223
3.57201889
3.35811046
3.45879709
3.49412899
3.53628708
3.54088800
3.59791863
3.39053541
3.26378509
3.43860752
3.64754842
3.44322265
3.40200705
3.46448785
3.65912251
3.57218034
3.51858202
3.38554647
3.50225533
3.15984204
3.38018560
3.41001948
3.68703508
3.56274829
3.48618784
3.35373651
3.50199291
3.58810228
3.72891246
3.55732577
3.43962098
3.35709300
3.40238248
3.37612423
3.53131432
3.47686111
3.53142707
3.46466774
3.41361152
3.24298222
3.54302482
3.47763640
3.54760925
3.39434292
3.50175826
3.30912984
3.46342560
3.24228425
3.58125479
3.64214773
3.60158726
3.49588779
3.69348886
3.38015024
3.32321556
3.45527941
3.39782055
3.63257367
3.56088622
3.49482546
3.31164541
3.37617608
3.58203811
3.40809664
3.39453065
3.36408812
3.28680567
3.33647441
3.17771273
3.65444376
3.66215025
3.20327497
3.41083113
3.43046627
3.36416525
3.62526584
3.49777363
3.73388419
3.25043011
3.37345003
3.49350772
3.48355236
3.58428809
3.55499273
3.63377354
3.30115310
3.13292290
3.43816564
3.46951296
3.61585242
3.43110918
3.69218384
3.37791015
3.46978629
3.53251178
3.71381027
3.57191835
3.54625207
3.22040883
3.51260274
3.48014806
3.29247990
3.39971377
3.32667859
3.71899151
3.60885929
3.54217101
3.54087184
3.42885845
3.62649569
3.50660065
3.72915799
3.69639832
3.29497220
3.40606678
3.54322138
3.28458369
3.55219132
3.39384485
3.36904010
3.59253007
3.54817182
3.44006266
3.62336351
3.66692702
3.54467562
3.52089035
3.51195733
3.63695561
3.56253984
3.59215407
3.27149128
3.29456719
3.64858884
3.66924860
3.61694437
3.59199850
3.58400142
3.63522370
3.61640266
3.47839810
3.35600798
3.49891938
3.41512472
3.64743915
3.31479293
3.37502490
3.48074957
3.36779346
3.68747700
3.90793672
3.44152223
3.71834197
3.57105475
3.51129012
3.63941189
3.24999643
3.62616211
3.54503980
3.31999760
3.59600754
3.49354902
3.45196424
3.48099653
3.40263428
3.70513210
3.42546886
3.50130991
3.65204973
3.76150245
3.43056306
3.37246140
3.44935803
3.44776353
3.64988606
3.45430317
3.44559785
3.40957405
3.57665660
3.37686446
3.41860707
3.56127105
3.67642141
3.71021780
3.63362383
3.29794792
3.43947758
3.67423773
3.75549888
3.38336266
3.34584367
3.61012717
3.68439432
3.43555105
3.36465476
3.58558632
3.53684361
3.58202001
3.40985623
3.65549915
3.44404790
3.45639603
3.62407140
3.65001248
3.33928376
3.45840363
3.46251802
3.81188260
3.50629715
3.54904891
3.39884857
3.40496456
3.51055882
3.80288322
3.42478940
3.76571890
3.43525589
3.48922189
3.51545365
3.56961110
3.24389492
3.55419296
3.38220307
3.43427848
3.69139123
3.37549115
3.43493364
3.38133981
3.70551950
3.51171173
3.42565997
3.57872235
3.51060080
3.41813960
3.64527362
3.43538162
3.46530090
3.65086839
3.54535016
3.37028861
3.58641487
3.43112465
3.40688012
3.52755968
3.58051307
3.59167210
3.52779873
3.50960397
3.60532347
3.47717100
3.35118952
3.50016340
3.43272521
3.27036756
3.40603671
3.74912029
3.33522859
3.41598841
3.63240146
3.34094748
3.46781636
3.21421525
3.56289693
3.61867610
3.21702129
3.45561444
3.38233721
3.48525590
3.53911513
3.66939678
3.33743498
3.50418312
3.80928387
3.40688228
3.71842312
3.52127098
3.45366430
3.53204510
3.48447505
3.72943776
3.53611698
3.39101347
3.45479896
3.19838738
3.62161046
3.33239980
3.48728085
3.29105768
3.28809184
3.45033573
3.31655137
3.63871115
3.50871870
3.52208739
3.42335153
3.44654332
3.47632732
3.46212567
3.45707222
3.35168372
3.44201223
3.81452655
3.48334254
3.50546437
3.68969212
3.45557660
3.42854201
3.40183093
3.51853702
3.52845843
3.64311155
3.47377134
3.55513190
3.53189132
3.50553832
3.52963710
3.56725149
3.28460189
3.53888936
3.30123207
3.45112148
3.58749985
3.71176913
3.37554397
3.31404109
3.55543381
3.49557576
3.38199326
3.67424190
3.49040222
3.49993127
3.60707480
3.49985803
3.76809433
3.50816048
3.35826696
3.55888265
3.25963627
3.58469383
3.24908335
3.35198586
3.51041717
3.37626903
3.52714214
3.60006879
3.39787040
3.37880650
3.41712793
3.45842916
3.39008484
3.59183366
3.45052120
3.57941307
3.32712131
3.48233303
3.50397039
3.44542817
3.44690897
3.37988921
3.66818148
3.54419312
3.32759686
3.42500959
3.51920019
3.75809844
3.36823555
3.34249402
3.56396178
3.48955359
3.32966376
3.56172818
3.43198337
3.84419549
3.45747521
3.50577585
3.38507389
3.34383327
3.25894038
3.42114503
3.26693660
3.59100444
3.45575851
3.72010277
3.36453915
3.55701728
3.63451453
3.60741399
3.55312624
3.41535467
3.51671619
3.71337902
3.49674990
3.64231417
3.57028620
3.75504496
3.57619228
3.60675947
3.28438446
3.49746596
3.46615607
3.42085813
3.62943537
3.43688724
3.68359744
3.32368069
3.72423526
3.12772796
3.82907666
3.51953607
3.58201479
3.52523796
3.59300116
3.79291836
3.50733156
3.46570326
3.59863630
3.57193984
3.46566769
3.60607547
3.70375862
3.91212540
3.54760759
3.49489992
3.43282674
3.72244330
3.49947064
3.44641774
3.51154478
3.80544719
3.29227415
3.28971668
3.77569339
3.18340454
3.25090124
3.46480577
3.47610337
3.28228629
3.56534887
3.48748887
3.40164684
3.54549298
3.50593095
3.30491196
3.49212098
3.39919204
3.61431150
3.41365932
3.46289939
3.34114156
3.59224287
3.51227352
3.86322600
3.52487524
3.20988413
3.31007424
3.54002656
3.56112383
3.55557444
3.51415089
3.47911271
3.20834776
3.49893654
3.61640413
3.44565364
3.57425616
3.48918531
3.60251112
3.39579028
3.30018723
3.56051642
3.55468969
3.83126716
3.55022486
3.61645004
3.57013626
3.46895676
3.62692668
3.51500466
3.46701267
3.54715147
3.38553832
3.52657591
3.49985677
3.34049816
3.61856915
3.58639561
3.55629185
3.55545026
3.63260418
3.61344569
3.55690993
3.37811246
3.48922740
3.26770238
3.33020385
3.69635303
3.58193144
3.46758538
3.33442320
3.71805860
3.72088851
3.23948711
3.44822909
3.20740666
3.64745767
3.57125705
3.40202268
3.46103052
3.60030353
3.54151620
3.42182265
3.64595193
3.40500111
3.54667654
3.45756643
3.57115622
3.45900218
3.44754064
3.71771023
3.56468504
3.58383783
3.50735628
3.28200295
3.42812171
3.51643243
3.19320125
3.66430894
3.39034411
3.51140388
3.56257307
3.54735451
3.58242012
3.47622519
3.40705896
3.21127332
3.40552073
3.51112243
3.37496079
3.57782560
3.66372564
3.52558396
3.54475011
3.34216616
3.43359648
3.55335596
3.57122827
3.56403629
3.29239261
3.48779944
3.47626666
3.54025441
3.57680445
3.55948335
3.40600196
3.33038064
3.39407949
3.77788923
3.52636153
3.45743010
3.45741576
3.45910205
3.37879381
3.50551013
3.51749794
3.46136245
3.46807885
3.33625624
3.66205107
3.50035525
3.30409393
3.44594200
3.65528679
3.31610938
3.71940920
3.33513767
3.48911716
3.61338400
3.58458846
3.46279270
3.66801109
3.14741612
3.34306995
3.50661703
3.44936836
3.37690438
3.48750230
3.70163626
3.26128614
3.40610427
3.49941047
3.57879560
3.31959318
3.33790963
3.57406687
3.52548770
3.51602649
3.35979551
3.65244245
3.38987923
3.54942573
3.53449731
3.33211293
3.65091142
3.42181999
3.61730130
3.52899512
3.62584924
3.57128233
3.57182144
3.51178830
3.48725461
3.41342678
3.40613751
3.58099561
3.31125828
3.51342298
3.60116965
3.66440067
3.47900564
3.26040335
3.50316410
3.50087412
3.35315128
3.46613790
3.40216536
3.53438536
3.50127745
3.40985154
3.56834969
3.34009427
3.58811131
3.55105906
3.31809486
3.40439810
3.65841598
3.83229258
3.53166131
3.43080835
3.53243050
3.49359669
3.64435954
3.39353280
3.28573354
3.67066609
3.18307896
3.51063757
3.53540594
3.64850082
3.42005296
3.30866430
3.40436719
3.59245412
3.36573533
3.75057737
3.33576056
3.22854778
3.57266305
3.29891620
3.12926220
3.44493017
3.52218038
3.38602768
3.42118903
3.48635175
3.21589926
3.61325358
3.73028040
3.36353323
3.44377106
3.35094818
3.89102868
3.54930127
3.50064467
3.41120080
3.29643358
3.28336677
3.32318589
3.36513858
3.97205538
3.45762075
3.51903317
3.27668425
3.35324191
3.70382278
3.51006466
3.47464393
3.58740445
3.50555702
3.46165161
3.43500016
3.68321733
3.55633080
3.21977305
3.49528483
3.52861654
3.58569083
3.77786691
3.62290734
3.34947195
3.62523194
3.14529230
3.45931273
3.58080855
3.63637341
3.68927827
3.41184497
3.67245142
3.62177790
3.42223382
3.81519024
3.50096952
3.49228794
3.50629426
3.43427538
3.80979337
3.46125500
3.54697888
3.53049635
3.54938152
3.28813612
3.54783500
3.56315180
3.38931081
3.49323317
3.39794325
3.54795672
3.67416556
3.41544965
3.36415931
3.59451115
3.49510048
3.38494004
3.60996684
3.44459898
3.54895249
3.48252680
3.41281684
3.48319181
3.60677630
3.40775990
3.45182832
3.44403295
3.76367888
3.32749392
3.58772524
3.83167640
3.59182772
3.57685776
3.40688484
3.63185599
3.31850794
3.33449193
3.50137229
3.73205955
3.40110318
3.64392836
3.50683661
3.72418319
3.67087541
3.45298787
3.32014304
3.46114064
3.56741845
3.79307018
3.56861658
3.33930269
3.73566045
3.47021145
3.70277200
3.37864165
3.35729006
3.48978450
3.38440508
3.47245596
3.78848155
3.73671652
3.64192025
3.37854985
3.27579368
3.33309940
3.81476948
3.62374306
3.32211744
3.39506762
3.45887760
3.49358564
3.32454756
3.71081876
3.63492883
3.72915288
3.60605295
3.46165151
3.25138974
3.60279526
3.36282086
3.50789634
3.38414349
3.54471849
3.49914994
3.36161369
3.49461039
3.34226864
3.42176711
3.61793477
3.51822982
3.88379734
3.46544320
3.66691991
3.24517845
3.56898209
3.57178257
3.40780954
3.41519980
3.50747657
3.54306133
3.53754270
3.19842014
3.57776614
3.49298965
3.38541811
3.38402568
3.86810329
3.56627265
3.61577290
3.44867615
3.42139828
3.49884531
3.52055385
3.22652963
3.65593981
3.54065609
3.37365619
3.40275378
3.48382075
3.51287443
3.46890509
3.65239838
3.59894398
3.62139709
3.41355459
3.39650414
3.55648330
3.44852825
3.54917918
3.74732291
3.46567440
3.59470852
3.37183299
3.51452421
3.46781095
3.64216773
3.47335146
3.44426304
3.47132072
3.41237655
3.57567070
3.41298407
3.51579681
3.38917197
3.43003932
3.59783712
3.48685893
3.77943155
3.55299794
3.34557900
3.45371981
3.28317160
3.62100120
3.41183665
3.45133161
3.59494403
3.54555738
3.24260664
3.57898750
3.55840719
3.15076061
3.41986596
3.43725321
3.59594546
3.47509065
3.34316917
3.32510379
3.68521265
3.36935521
3.56910684
3.51914032
3.40447426
3.56264989
3.53050039
3.50676177
3.81862358
3.61821074
3.65720817
3.34516694
3.47774661
3.55103426
3.42041793
3.46806145
3.80011075
3.42914013
3.62230061
3.21194479
3.46145243
3.48035143
3.65290039
3.48385253
3.51243844
3.42646747
3.63613621
3.54242852
3.69617621
3.46670417
3.38678946
3.41420221
3.43764784
3.23227705
3.30035309
3.51694605
3.77694297
3.43400180
3.24761707
3.36198793
3.71816549
3.57478740
3.69586507
3.40735377
3.66588909
3.44889680
3.47855758
3.53361513
3.42103662
3.44985027
3.23537631
3.51431690
3.20805827
3.55884623
3.44450489
3.45286008
3.60528361
3.73557471
3.46902098
3.85771468
3.75032240
3.68329835
3.63927460
3.47783760
3.54238933
3.56007604
3.19312790
3.47017071
3.46342746
3.60800407
3.44593116
3.72109387
3.48990559
3.42234991
3.31211018
3.39370817
3.56716441
3.43245353
3.70024000
3.27282415
3.46818650
3.41627132
3.70347989
3.32953014
3.40866512
3.42043759
3.55724472
3.57721564
3.49024689
3.45771862
3.38598767
3.59092484
3.54382323
3.45373434
3.61096920
3.21191517
3.49474569
3.26482254
3.34088743
3.50929592
3.52184007
3.28892067
3.41724477
3.47062200
3.63209437
3.69134024
3.73632595
3.79331772
3.27289557
3.56730877
3.41966233
3.49880564
3.45369027
3.46315432
3.60485756
3.49121556
3.54894411
3.52800763
3.67864954
3.73254854
3.65427506
3.61789681
3.42408377
3.45617101
3.51763548
3.72410961
3.25367294
3.49051394
3.41741810
3.44769825
3.70041794
3.61485214
3.65936074
3.34200191
3.58856511
3.41903858
3.31412489
3.14506167
3.55597489
3.38906883
3.56742313
3.62380314
3.39997679
3.49035054
3.45457038
3.55186163
3.61858561
3.42055303
3.55133396
3.29292484
3.61895409
3.80391194
3.69295746
3.51146824
3.26493683
3.39886400
3.34323352
3.53275795
3.03564057
3.49088679
3.38550031
3.62399620
3.41683575
3.34241865
3.60743697
3.61848441
3.44710444
3.42173368
3.50153279
3.60467879
3.59059961
3.58264675
3.70310525
3.45201361
3.65829068
3.41692363
3.68774188
3.54536693
3.69957041
3.50127123
3.40004096
3.35004399
3.33609818
3.61078283
3.28552604
3.52915317
3.35975450
3.57071348
3.39760928
3.38524950
3.31658193
3.56846040
3.45147863
3.89812074
3.44858727
3.29762355
3.54678384
3.63059113
3.91528013
3.50602119
3.53099629
3.42421756
3.41682278
3.46953552
3.37531766
3.55675347
3.39066636
3.56366352
3.73501237
3.43325525
3.70354840
3.50464770
3.56603899
3.58270622
3.51072671
3.63206202
3.46985530
3.43203321
3.55432449
3.75472791
3.63827228
3.42939069
3.42266193
3.48183530
3.67023197
3.53858756
3.59244900
3.46114379
3.38238402
3.42653135
3.57571461
3.54613884
3.33533620
3.66556522
3.44334716
3.66401806
3.39745366
3.37257233
3.44712130
3.25638265
3.36808206
3.40672294
3.56208612
3.56450878
3.68206950
3.54773898
3.62118964
3.53107415
3.36746231
3.72655127
3.61401459
3.34021461
3.32824962
3.58022433
3.52150056
3.46778585
3.42403181
3.55302365
3.65852748
3.41370513
3.46848774
3.36550070
3.49623539
3.48824818
3.41851587
3.47347038
3.38595557
3.57417608
3.47592413
3.63875615
3.60662801
3.53656728
3.57354370
3.48357766
3.70758016
3.70222965
3.66764152
3.40045603
3.51854203
3.63056769
3.50850676
3.38951163
3.49877267
3.59777971
3.56108598
3.44502951
3.59717289
3.66626020
3.69754221
3.56316737
3.49525937
3.61108216
3.48361283
3.54268111
3.75487505
3.37543462
3.48064127
3.45054295
3.44251094
3.52689014
3.48515755
3.62432718
3.60211412
3.48637749
3.47788264
3.53323842
3.54825720
3.35173432
3.55403165
3.31965749
3.35154401
3.08771494
3.50679087
3.54307986
3.73812669
3.50432819
3.23584360
3.49832168
3.52520907
3.59538038
3.25281981
3.47986838
3.46441137
3.25909831
3.60554468
3.46424085
3.36487127
3.67270734
3.79296093
3.18225419
3.66795625
3.44283960
3.64259995
3.50304405
3.39546231
3.50364721
3.37247681
3.30173555
3.34317400
3.13449562
3.55928409
3.43262979
3.44166078
3.51911202
3.28475948
3.52978287
3.55618468
3.56806382
3.23210231
3.40685260
3.34759433
3.47644221
3.35431381
3.42808768
3.51608030
3.63862582
3.28633627
3.37233453
3.44966679
3.69199940
3.62286596
3.51193666
3.54931456
3.36150269
3.48371495
3.62840167
3.65251033
3.72688419
3.33859672
3.78671071
3.42721740
3.33453523
3.66321059
3.44014569
3.60806262
3.67577890
3.64849997
3.58750891
3.64663473
3.50348924
3.58495952
3.60461036
3.34776896
3.50891536
3.64386602
3.47189758
3.46369303
3.43058577
3.47730814
3.52010306
3.46790943
3.21716767
3.45889004
3.76578429
3.43068903
3.76615642
3.53698375
3.50863130
3.61805104
3.56027001
3.27240545
3.61241689
3.43610432
3.47342363
3.43239049
3.29146429
3.54262491
3.51815936
3.56274233
3.47450755
3.09774504
3.75640588
3.41003023
3.36781939
3.52562835
3.39544331
3.51571081
3.53948173
3.40900651
3.64094806
3.60404844
3.59667370
3.48845209
3.52899284
3.53570944
3.42785228
3.23826287
3.70887667
3.49890513
3.38170054
3.44083236
3.34866005
3.55995866
3.45471840
3.58138174
3.73528013
3.44517073
3.60933100
3.43492807
3.49112099
3.42585911
3.49438967
3.71736387
3.42891404
3.42844698
3.33994044
3.52252297
3.31684339
3.34147511
3.49813513
3.61710777
3.57573144
3.44141286
3.35216004
3.51535276
3.58017943
3.40914301
3.46505722
3.30529939
3.28553813
3.30899543
3.74031330
3.44855728
3.65258357
3.25220458
3.31609088
3.62542674
3.44177290
3.56666579
3.36497757
3.39725763
3.24895526
3.34486544
3.77112752
3.40791955
3.50441280
3.74185994
3.55667059
3.24625834
3.55710673
3.54517847
3.37926407
3.54141393
3.46600346
3.63852470
3.42266198
3.51287449
3.32035581
3.63115216
3.50217699
3.54714197
3.51081431
3.42478859
3.35690981
3.52288388
3.52324362
3.38998403
3.50062131
3.30644647
3.42711890
3.82375775
3.55312207
3.38960419
3.73037741
3.56041904
3.72405463
3.64142052
3.57260011
3.45743681
3.37094324
3.34609509
3.27839833
3.47823299
3.55338618
3.29867216
3.59288052
3.44377482
3.65526577
3.48048542
3.57107414
3.62484090
3.59685080
3.53621407
3.39317757
3.24683612
3.65866665
3.22442532
3.52751708
3.42903041
3.63900798
3.41347816
3.51308394
3.73009626
3.51696891
3.44466342
3.53352655
3.47182019
3.49286590
3.33445526
3.40447273
3.36286290
3.37792812
3.28774891
3.34605696
3.64444335
3.50513044
3.39395975
3.36252782
3.22982166
3.33304397
3.42785876
3.50081045
3.60945580
3.61457920
3.47701922
3.35989907
3.49370711
3.40249673
3.21774984
3.57295467
3.96496968
3.56356052
3.86138911
3.63398265
3.46109857
3.37320882
3.29283607
3.34096561
3.36201176
3.51261753
3.52319235
3.57732625
3.50134108
3.64003131
3.67839056
3.55359528
3.52500681
3.35823714
3.54568403
3.28115943
3.61859125
3.30005547
3.44987280
3.49996456
3.57538602
3.70372407
3.43114104
3.48204883
3.47698822
3.50004926
3.49638073
3.48278095
3.60832041
3.28319990
3.41587670
3.46167849
3.57894947
3.63701885
3.53722797
3.59468132
3.52257920
3.53872706
3.58838044
3.34975508
3.59659180
3.31189520
3.24164591
3.39769973
3.70351321
3.30055788
3.46058243
3.48003820
3.25627719
3.58634551
3.45161091
3.60586015
3.55916330
3.52050860
3.49224321
3.64949567
3.42628370
3.44270980
3.55779640
3.37089427
3.35949372
3.65845838
3.36846840
3.43058375
3.45760136
3.49706240
3.47865003
3.42108428
3.52875052
3.37197335
3.38034827
3.38665247
3.62785311
3.46539849
3.59259589
3.50323060
3.39094498
3.70905563
3.50872244
3.44047586
3.43834065
3.33294562
3.47336155
3.77774470
3.66846195
3.25401733
3.51106952
3.54590725
3.61421536
3.32660023
3.37843030
3.41686684
3.53379331
3.27647959
3.46152175
3.46265955
3.45777421
3.34048918
3.54061825
3.40600888
3.56439634
3.33349661
3.64400464
3.63421049
3.30488061
3.71465625
3.51277649
3.64822201
3.50067710
3.52480466
3.54850165
3.71883292
3.33451039
3.31687370
3.66561824
3.47178954
3.45709886
3.70119611
3.37044381
3.37375007
3.53142262
3.22757877
3.38867099
3.49094470
3.48641548
3.52601846
3.56322436
3.49241584
3.40195555
3.22793523
3.54435368
3.41971337
3.54702983
3.28979834
3.24383845
3.44492005
3.69294750
3.64101984
3.67517880
3.58888190
3.37347715
3.37799057
3.45164772
3.47151874
3.46378275
3.47613394
3.46407957
3.51608982
3.45003349
3.64185214
3.46027000
3.52928943
3.56156245
3.57623996
3.59786209
3.27904769
3.48744908
3.67244127
3.59259394
3.59191138
3.49940052
3.31852292
3.63378247
3.39187981
3.60280674
3.52774141
3.28891865
3.55257087
3.48784453
3.61807696
3.61924899
3.53459204
3.75250528
3.66291029
3.57821838
3.47999152
3.46942163
3.53471689
3.36464925
3.58566452
3.56836790
3.61365392
3.50253210
3.37758948
3.45630940
3.48291466
3.01930231
3.85776950
3.44687556
3.78272560
3.69447825
3.64575377
3.52113181
3.29486096
3.50053584
3.58661409
3.39152542
3.52954999
3.15789430
3.64725152
3.74088006
3.33665166
3.17588830
3.47290803
3.25831423
3.41297209
3.45160143
3.42575827
3.29395853
3.52759940
3.34843602
3.77745644
3.50434670
3.48713129
3.57629420
3.37751320
3.56035562
3.56267008
3.49524541
3.51937765
3.58956893
3.60046038
3.46455516
3.62609945
3.37493971
3.38804437
3.50895010
3.62744594
3.58162678
3.39780958
3.32399451
3.30034938
3.43388001
3.57980429
3.54245304
3.54455929
3.56384931
3.37569555
3.58351479
3.66537482
3.30419251
3.57574468
3.05675373
3.73533222
3.69635711
3.24067543
3.49270045
3.25672238
3.63641080
3.51030972
3.87190027
3.74681348
3.53029580
3.37084587
3.27433258
3.56765368
3.23038206
3.20265451
3.67106661
3.42232889
3.67519431
3.43046702
3.33002849
3.28955066
3.75418789
3.69783154
3.30775462
3.41844910
3.41944839
3.58771159
3.54900641
3.50544586
3.36619022
3.26110223
3.41612128
3.47508232
3.40392891
3.38553884
3.41997510
3.48667765
3.79020226
3.57537345
3.42443082
3.58869215
3.39871534
3.61569365
3.64614853
3.34267053
3.39378431
3.44175907
3.57163184
3.38864033
3.58295409
3.19583048
3.41338551
3.62384041
3.51966476
3.33326643
3.42705951
3.36665451
3.67784194
3.39976245
3.21145434
3.32762488
3.37028589
3.65160791
3.46326269
3.40942103
3.48273445
3.69083535
3.55842246
3.55763847
3.59547484
3.33713745
3.73195607
3.38430267
3.41437930
3.75842662
3.47817110
3.38595293
3.68323948
3.58191205
3.44309732
3.32818147
3.54927475
3.40756944
3.73103493
3.31850250
3.65368929
3.44587829
3.64708927
3.73942646
3.36915302
3.25170171
3.59756671
3.61361422
3.30608132
3.57618390
3.72010702
3.27298646
3.45958867
3.40854010
3.81542693
3.70366313
3.56899101
3.42961422
3.50255011
3.43860785
3.61173201
3.34907902
3.41939845
3.46985261
3.45360814
3.29815379
3.44061966
3.80217732
3.27716753
3.59971472
3.38452619
3.07011963
3.66015772
3.63767281
3.53102052
3.79018967
3.22589723
3.59749427
3.62238173
3.42016501
3.28744589
3.49973869
3.56878842
3.54734058
3.45744908
3.69848958
3.48045298
3.47760873
3.49553078
3.61655261
3.44824212
3.69724436
3.36511040
3.68929642
3.54465883
3.42927014
3.67151848
3.58901097
3.46706055
3.40627676
3.20328623
3.45165848
3.54498879
3.23157332
3.69848387
3.57789197
3.53348498
3.45054272
3.50798278
3.58021636
3.61426767
3.20407726
3.42751655
3.64816713
3.47664612
3.18596915
3.57041579
3.35338160
3.55004516
3.77613122
3.50289177
3.56643777
3.36001634
3.62152268
3.46374393
3.35733571
3.72961055
3.28665493
3.49036624
3.30149658
3.34798677
3.54555248
3.47292724
3.56315418
3.47813233
3.43704392
3.35859911
3.32801412
3.52556943
3.55525801
3.42771045
3.75705553
3.38992289
3.54719977
3.46369786
3.58335037
3.42122443
3.58928177
3.33873146
3.62377530
3.30282810
3.26468536
3.48688914
3.37749119
3.33281211
3.61342711
3.38675469
3.43306511
3.67574201
3.52700520
3.52531474
3.65610994
3.40667015
3.40950099
3.46502951
3.67931663
3.51924648
3.62701063
3.58595243
3.21675391
3.41981574
3.61728175
3.87477359
3.47431067
3.37937584
3.58143018
3.38266191
3.57815589
3.56527274
3.57961187
3.22378134
3.49309116
3.37450652
3.40252476
3.63635567
3.70267071
3.49052383
3.49061579
3.27815732
3.52296417
3.38537170
3.67286799
3.57829489
3.22183671
3.53908762
3.49704263
3.41717458
3.51562196
3.29820099
3.77325146
3.55651038
3.56506232
3.34522085
3.50273399
3.64125813
3.64239199
3.25098503
3.31371496
3.59534841
3.64143753
3.48174551
3.37621672
3.53309327
3.45261095
3.68286519
3.56770184
3.40814169
3.62467047
3.46100098
3.51142070
3.57185903
3.53512376
3.68664817
3.55933921
3.61300518
3.44114887
3.33892119
3.29152159
3.35058658
3.43290763
3.66444567
3.35384323
3.45175707
3.51112666
3.47223680
3.50590863
3.24664259
3.81082104
3.28643906
3.75104941
3.61196463
3.49303542
3.57880228
3.37027741
3.49533764
3.67647782
3.55276899
3.48206785
3.60211511
3.58092094
3.40104812
3.49984762
3.61665963
3.55424610
3.60855005
3.35906355
3.27991166
3.55500474
3.52255794
3.48570586
3.74513220
3.51237242
3.66201044
3.62816163
3.53369422
3.63537059
3.58777067
3.62427337
3.61279805
3.49323068
3.45575660
3.67547765
3.51698541
3.68877604
3.62480767
3.44989884
3.43532744
3.34669620
3.39116285
3.58627288
3.83616144
3.43858893
3.67142489
3.27057618
3.50125150
3.81664472
3.70588605
3.50723455
3.24124798
3.72784893
3.50409003
3.50678726
3.46432070
3.63057646
3.35450527
3.56188114
3.56984111
3.38545406
3.52018465
3.68346974
3.53898819
3.54236512
3.54228639
3.51909263
3.29415319
3.44547218
3.42333138
3.22510976
3.59901824
3.87813188
3.51207179
3.56476583
3.37118373
3.21957758
3.66184602
3.35395983
3.37921960
3.83524448
3.28429497
3.47659459
3.59601534
3.57261243
3.62031468
3.39138147
3.48030395
3.23444119
3.80012023
3.75197509
3.40823461
3.45127337
3.76429599
3.66231310
3.57686925
3.27507987
3.71770728
3.43903614
3.50147797
3.61592298
3.48814819
3.45286275
3.37850817
3.44351197
3.31160092
3.42079445
3.43610265
3.37552634
3.61598129
3.57102584
3.34404146
3.32458157
3.27524567
3.40243485
3.50498255
3.57571252
3.75573423
3.46052796
3.34887637
3.26624938
3.32662545
3.85171563
3.25242914
3.53996115
3.60637704
3.51779267
3.45549006
3.19734180
3.56702816
3.44249879
3.54623733
3.46391390
3.41823795
3.61203420
3.43703795
3.49842491
3.64293541
3.30140529
3.60285642
3.46281100
3.35645558
3.35847533
3.45408719
3.52580350
3.56103711
3.80759536
3.31568598
3.57205283
3.76755606
3.64469006
3.78447497
3.48864513
3.55637114
3.54567375
3.38649673
3.40088636
3.74915519
3.61007144
3.45629201
3.62922908
3.36358802
3.41172000
3.50997644
3.53921671
3.42278559
3.62842435
3.38399089
3.65632045
3.34134051
3.57244375
3.56140085
3.46754369
3.50984885
3.29368323
3.50761948
3.38166913
3.59979829
3.47746497
3.38742958
3.37002331
3.16069265
3.40875489
3.48517934
3.60963386
3.38128761
3.57471924
3.50002697
3.55065427
3.43681295
3.62748628
3.28810909
3.27993122
3.34405593
3.32898805
3.52350803
3.45258954
3.64618113
3.54975724
3.69989286
3.66350969
3.59916156
3.29355406
3.69470933
3.58057285
3.43169611
3.66969830
3.46779362
3.56154863
3.65048833
3.38498136
3.91628487
3.37650023
3.46276154
3.62703344
3.50771164
3.40758234
3.48788523
3.61102075
3.56312704
3.49810649
3.62998788
3.51154786
3.56216786
3.77274907
3.88343103
3.50164004
3.79191243
3.50077683
3.69301965
3.52068076
3.51141230
3.57416505
3.39082398
3.54317927
3.50377281
3.72248326
3.43148750
3.47024314
3.63765743
3.73642349
3.59789641
3.46563104
3.81009098
3.32184620
3.34908536
3.45826049
3.69243661
3.40621864
3.78225444
3.53304574
3.70142169
3.21932097
3.28077264
3.53194068
3.61708745
3.37009479
3.37004253
3.48706187
3.41953753
3.39150934
3.70310133
3.40776663
3.46636025
3.77532028
3.59783324
3.79356124
3.28259983
3.41859600
3.39766818
3.49471415
3.43515135
3.50388656
3.32764179
3.59244934
3.36345457
3.58491015
3.36769182
3.52059469
3.63836157
3.54963219
3.61506577
3.45056051
3.37105325
3.38261197
3.65771493
3.56152308
3.59387958
3.14849187
3.43054974
3.31768830
3.58499881
3.56850418
3.37643140
3.72451039
3.15869032
3.41187046
3.43377492
3.33574070
3.74321653
3.52396853
3.42263842
3.33318161
3.46810839
3.61314199
3.20117380
3.75102042
3.53274992
3.36802735
3.81431370
3.46661847
3.42813643
3.42727372
3.50656983
3.62963017
3.58368162
3.22353008
3.37081758
3.45132723
3.41094855
3.57357514
3.60494203
3.32600291
3.56617931
3.38646477
3.59822019
3.60633140
3.65349871
3.46157198
3.51931466
3.45455717
3.39066658
3.54839458
3.27775357
3.59138956
3.40925412
3.44000527
3.63077186
3.71447729
3.51111886
3.72201939
3.65738887
3.50833813
3.60305365
3.44895531
3.32159730
3.31761867
3.83148430
3.51986223
3.49653846
3.55555910
3.38909121
3.52509075
3.62153885
3.41953811
3.66522968
3.28608086
3.56388310
3.53557286
3.41202416
3.56004260
3.60719818
3.25364903
3.59801128
3.38140426
3.33832404
3.76575593
3.32120671
3.51190320
3.80454546
3.81850175
3.40347083
3.47119419
3.56306027
3.49218377
3.73804830
3.41985034
3.49455896
3.51818879
3.51215636
3.26663167
3.50279054
3.40659852
3.77649703
3.62189618
3.62198974
3.45587512
3.43356811
3.51902854
3.50404061
3.36650179
3.36664803
3.47576135
3.40725130
3.33045344
3.33132947
3.51726397
3.35861535
3.56837244
3.43147688
3.48287395
3.36143417
3.53632446
3.60148281
3.68834598
3.47017591
3.67400934
3.61669800
3.81549354
3.40444563
3.41630214
3.30391042
3.65109797
3.52394184
3.43999914
3.47374802
3.44696023
3.38627431
3.61764402
3.74688041
3.37297022
3.40951827
3.45030906
3.59589424
3.58506864
3.51137988
3.30120645
3.67471759
3.42997646
3.74684805
3.55200466
3.35746797
3.40856697
3.56620764
3.65372489
3.20859938
3.36975536
3.46528889
3.54409260
3.60622297
3.50678097
3.64982824
3.35321914
3.54047671
3.47775704
3.53581549
3.61948842
3.60881880
3.27236304
3.35770225
3.28752369
3.58011992
3.54655464
3.50634674
3.66010934
3.69942929
3.54716618
3.36856989
3.72594289
3.65528963
3.84828080
3.39019782
3.53509197
3.33147587
3.47124306
3.58446561
3.34403134
3.76503270
3.56018921
3.55765738
3.55213515
3.43248599
3.48497001
3.42385778
3.65149907
3.43610304
3.54334112
3.53068968
3.71196768
3.26207655
3.43429608
3.46791332
3.67324184
3.53250760
3.62441686
3.38076171
3.51594113
3.47306226
3.37911702
3.60988736
3.48349645
3.61817721
3.48065239
3.67979538
3.67674758
3.47568904
3.60477436
3.55763787
3.69312096
3.37276249
3.52790078
3.55424465
3.73226240
3.45499244
3.23667937
3.53926533
3.14000000
3.61055477
3.51181877
3.69229768
3.66251204
3.64128104
3.50806213
3.61187737
3.38257503
3.35253196
3.50217829
3.75420398
3.75976679
3.68374480
3.58084553
3.37347840
3.39649961
3.45152947
3.54030295
3.48572654
3.50175855
3.52718854
3.41964432
3.52798431
3.62441969
3.57053608
3.48962961
3.58471902
3.52802362
3.44189026
3.76888908
3.40336204
3.42887886
3.56411487
3.28939488
3.52082785
3.51937046
3.60658459
3.53307532
3.57289431
3.54834863
3.61294912
3.46144663
3.25831942
3.53047247
3.64457115
3.46013742
3.52956922
3.25638373
3.36151316
3.52018054
3.58203220
3.62558574
3.31294800
3.42794772
3.31359489
3.62390234
3.70886834
3.18560161
3.62645389
3.46739188
3.49496997
3.43394052
3.24303915
3.38459139
3.45258387
3.54951067
3.35792361
3.60896573
3.39553213
3.53786108
3.39759417
3.60343685
3.48578273
3.54481595
3.50995898
3.43886816
3.43977812
3.55763970
3.35546607
3.49837895
3.74731261
3.51796955
3.32170831
3.57936386
3.62483362
3.56839067
3.43338965
3.31509250
3.82504175
3.50452897
3.37952777
3.33776409
3.57466467
3.60453637
3.52976797
3.70489217
3.71227987
3.45784370
3.61168347
3.11089445
3.49806115
3.36505621
3.42093700
3.55576270
3.31732407
3.48086663
3.38617868
3.59268769
3.49974510
3.32186075
3.46055532
3.52651426
3.67612971
3.56109068
3.51170594
3.33490143
3.79460419
3.48129063
3.43211872
3.58406264
3.31810635
3.45861026
3.94172420
3.76096098
3.52505005
3.44874065
3.55459987
3.54383459
3.63503857
3.34730782
3.33166102
3.43292709
3.68150173
3.39640880
3.39121297
3.26329806
3.55313196
3.65916536
3.59923963
3.37158871
3.47599407
3.48417024
3.66130337
3.68861748
3.45818395
3.33170097
3.48793119
3.32968082
3.51891107
3.53357634
3.40536228
3.35443402
3.67387976
3.35853033
3.38353185
3.56822713
3.34884436
3.50497873
3.45316633
3.63677090
3.39321324
3.34305325
3.63386491
3.58600790
3.41557653
3.52777829
3.54504231
3.35906361
3.66303282
3.70526520
3.67160802
3.50215270
3.56618956
3.43379919
3.55625675
3.85131525
3.37171238
3.49169380
3.24024528
3.64185820
3.48429821
3.29378791
3.87453061
3.36237675
3.33994718
3.58846039
3.62314442
3.52523091
3.53240844
3.65703727
3.63067890
3.57535214
3.41467471
3.73746652
3.22575889
3.40925498
3.59740077
3.34413543
3.33237534
3.42612887
3.41612063
3.55570549
3.61095510
3.38288496
3.68913870
3.69283994
3.80104203
3.27503306
3.48796964
3.50769885
3.63746449
3.46526359
3.44220212
3.55707677
3.36186406
3.28160974
3.50066140
3.68105797
3.60146071
3.50706456
3.27074570
3.45906428
3.53692919
3.48252820
3.35781143
3.36517049
3.48126178
3.69496027
3.52648225
3.44456231
3.49149245
3.57261217
3.70575697
3.38301194
3.33515721
3.40921463
3.30979120
3.69124617
3.23336588
3.58899518
3.69622794
3.62608216
3.30236017
3.48440084
3.43395191
3.47020566
3.81543307
3.24840077
3.60214277
3.64246691
3.60708462
3.42324411
3.54250213
3.66056910
3.44128890
3.33754780
3.68652938
3.52802435
3.36574748
3.51358951
3.57972138
3.66725236
3.22400411
3.50668070
3.52457098
3.67069656
3.34729577
3.39849467
3.61423933
3.49183287
3.44801503
3.56622476
3.32877706
3.59794607
3.28665876
3.44944760
3.31576924
3.40654867
3.53413815
3.83656642
3.47727923
3.62731742
3.70132508
3.44270946
3.33496631
3.33142239
3.35770981
3.25095848
3.59525214
3.22012361
3.86104496
3.63878229
3.48641111
3.41451031
3.46985087
3.36155044
3.53945939
3.58825770
3.76065728
3.66500187
3.63471797
3.71527637
3.47185630
3.54854376
3.38592439
3.60412927
3.49604177
3.45125539
3.48376838
3.69109121
3.49270987
3.53247209
3.42072629
3.36372599
3.39319615
3.31882429
3.86906938
3.38685614
3.66972379
3.63960660
3.63392089
3.65280012
3.49043828
3.47235203
3.60323698
3.27775224
3.63230335
3.37048623
3.61658650
3.41618004
3.62373330
3.39493685
3.57460453
3.71511433
3.63883659
3.52157295
3.56099486
3.48020676
3.36514580
3.74634951
3.44895614
3.42543000
3.31670891
3.61003204
3.51390704
3.47829547
3.41441692
3.51437615
3.57438507
3.51246367
3.60544276
3.65163738
3.48299434
3.52962205
3.69366656
3.51928597
3.33927712
3.61250555
3.25296226
3.59180173
3.49638418
3.72093458
3.14522049
3.52142405
3.13341905
3.40274572
3.66498287
3.33973194
3.36533100
3.59148988
3.33256251
3.63192914
3.36223196
3.46277313
3.20752601
3.45570932
3.45001215
3.42111503
3.34441159
3.37657639
3.66412969
3.53919962
3.36255873
3.34149484
3.62844883
3.47139390
3.40192402
3.21274516
3.43100223
3.46340896
3.33675838
3.53385941
3.61855191
3.47997866
3.41902059
3.59951176
3.48182411
3.57243086
3.52340219
3.50123919
3.30329292
3.45802629
3.46583867
3.42086725
3.58938780
3.43293997
3.51738198
3.49351585
3.25899988
3.54076017
3.58530943
3.46206021
3.46016211
3.51837998
3.58334381
3.64492182
3.68677823
3.54115650
3.41285995
3.33906451
3.31727558
3.33921254
3.32695256
3.63007059
3.39705671
3.45675593
3.14924038
3.53117207
3.78662488
3.77629138
3.26928168
3.52311196
3.59725830
3.37960000
3.68647608
3.61671065
3.73610824
3.46736126
3.57432774
3.71001234
3.48259604
3.40929270
3.53694478
3.41188662
3.51798380
3.44668204
3.57965015
3.45396002
3.47999402
3.66918701
3.66557871
3.61275274
3.31435302
3.28777768
3.43013576
3.46389541
3.54513321
3.67569639
3.72519177
3.74030091
3.38576912
3.59931026
3.31488855
3.26616634
3.56262239
3.71073130
3.54493167
3.43867997
3.52297043
3.27407904
3.70724425
3.52930836
3.39929404
3.69726078
3.57185707
3.27653847
3.45173880
3.44114444
3.50791000
3.64194994
3.56062525
3.37799891
3.31563975
3.35149240
3.59088301
3.32107707
3.34122898
3.39384283
3.60028359
3.39721634
3.29639172
3.59771805
3.56334716
3.63433179
3.65457009
3.61001727
3.43279804
3.43567687
3.64561741
3.44666970
3.76044408
3.46274669
3.67084258
3.43806227
3.59935487
3.29869890
3.71029081
3.54092242
3.40921372
3.41416713
3.69413569
3.58853093
3.38671855
3.45734201
3.41005759
3.55113988
3.64290653
3.64019478
3.56848332
3.57847066
3.39927763
3.39271845
3.49756226
3.64616707
3.47459190
3.70706160
3.33975366
3.42807849
3.53421566
3.64342967
3.47190037
3.41624811
3.52389150
3.51962891
3.57066386
3.36048130
3.10980708
3.45612786
3.44519557
3.59936899
3.69683776
3.44851141
3.55891963
3.50464115
3.29683812
3.48920246
3.56230182
3.66072538
3.36885719
3.46032615
3.30847996
3.45138552
3.65315267
3.41959167
3.37363053
3.47531539
3.42087882
3.35106663
3.55394671
3.56256258
3.51132325
3.30271901
3.36110268
3.41365733
3.37856757
3.63260175
3.68807929
3.23332148
3.51944682
3.63555480
3.66722601
3.78063250
3.55468270
3.52229989
3.29243429
3.50751760
3.53506574
3.47280272
3.47729714
3.50745294
3.29456115
3.53577790
3.37113014
3.29624287
3.52221365
3.39621132
3.75472871
3.69675426
3.47472598
3.78277516
3.53773675
3.79948097
3.50158637
3.53701052
3.47950156
3.57081332
3.60461974
3.46615255
3.25529017
3.38088768
3.50383779
3.35147319
3.28974187
3.42289111
3.63146288
3.48401651
3.47943223
3.24569611
3.62600078
3.09960160
3.52642329
3.47170043
3.49823717
3.58496805
3.75467519
3.47174697
3.24103307
3.87693901
3.43119408
3.56899873
3.65479404
3.52647681
3.36379138
3.39364388
3.51048818
3.39950617
3.79732932
3.71030585
3.37208805
3.58638001
3.48032787
3.39003359
3.65031130
3.64186281
3.52380797
3.49874680
3.35953524
3.42750654
3.42424609
3.27401131
3.54976017
3.27829421
3.27251511
3.46201953
3.53549655
3.41542596
3.32068652
3.43665095
3.49345101
3.52712272
3.07856900
3.47248772
3.65088620
3.28932251
3.56185828
3.44366038
3.43652941
3.44814424
3.26377331
3.62039853
3.66590511
3.28599415
3.32205383
3.48516174
3.53296622
3.44318979
3.60319420
3.74022539
3.37989928
3.51697659
3.42578860
3.72859670
3.21697844
3.50981202
3.59486251
3.34013577
3.46434321
3.74879230
3.46906562
3.52475673
3.43757515
3.24809672
3.53260091
3.48458395
3.64894827
3.83632452
3.24376521
3.21693836
3.49622837
3.47059935
3.38197600
3.13002880
3.31089612
3.55931632
3.46515958
3.50322348
3.48766900
3.61540658
3.60937553
3.51377653
3.51719709
3.51199459
3.65255253
3.40188459
3.39380768
3.46232280
3.36421049
3.54594850
3.57017363
3.49581908
3.46304405
3.41991509
3.58078070
3.45218162
3.46424230
3.65457398
3.75606861
3.66535644
3.82841999
3.52468455
3.59912093
3.55928245
3.48403491
3.63380791
3.49677883
3.62727918
3.69516672
3.56871898
3.78705366
3.66695197
3.44653201
3.44527367
3.45471334
3.39248978
3.71761077
3.21760610
3.52691756
3.49623066
3.56775912
3.67253089
3.49077686
3.48136965
3.45418345
3.43102561
3.35471051
3.43768438
3.30465078
3.17866819
3.62547819
3.58215318
3.71681054
3.69690450
3.62276057
3.53634081
3.30600266
3.31702096
3.45316361
3.61242675
3.37342694
3.31869726
3.51552183
3.52975104
3.51654877
3.59501413
3.35937526
3.53375276
3.55361626
3.35579120
3.31849533
3.43917605
3.63416354
3.29112996
3.49133454
3.66941867
3.70737554
3.51703673
3.49027495
3.46389826
3.42018900
3.72500080
3.38155053
3.77531100
3.21700485
3.40740258
3.28771831
3.67865804
3.81288693
3.73062687
3.72455338
3.56391435
3.51212198
3.62775614
3.64424267
3.63421524
3.49401602
3.33271902
3.40675267
3.58143544
3.38780203
3.47776869
3.65124583
3.41103572
3.45853397
3.37616652
3.48942089
3.48805214
3.47584212
3.41194568
3.39265201
3.47610285
3.33742471
3.40862984
3.39480175
3.69128747
3.51915099
3.39878201
3.53258279
3.34285406
3.27365048
3.71625838
3.39534363
3.38250864
3.39926369
3.58304230
3.60615297
3.23424234
3.65122903
3.16253330
3.50605798
3.27655106
3.56698119
3.50116619
3.31339146
3.39892278
3.52743573
3.53023526
3.38000270
3.75446738
3.27613506
3.54979855
3.46628725
3.48056409
3.66813074
3.46653719
3.70689052
3.70940150
3.47047710
3.40744481
3.33896020
3.64028513
3.53621117
3.58122208
3.36482246
3.74558761
3.52369398
3.60925123
3.47095704
3.33221641
3.28318818
3.59802576
3.77514616
3.43047418
3.48254693
3.57491014
3.52367222
3.33218664
3.69388919
3.95910464
3.51043934
3.39997303
3.41313633
3.48969024
3.73989378
3.46953423
3.43428499
3.73262853
3.70561812
3.46683332
3.45029140
3.48859186
3.35647431
3.76204384
3.45244190
3.47349836
3.57217052
3.28214057
3.55008485
3.24362724
3.52012683
3.30400788
3.73259890
3.68718900
3.56551477
3.34994071
3.39547250
3.60422582
3.70634565
3.65741305
3.40236982
3.44671701
3.65548275
3.39498909
3.40505794
3.44076448
3.24145232
3.39625185
3.34307044
3.11273340
3.39992839
3.18362449
3.14498220
3.39122283
3.52776649
3.40395910
3.60317068
3.50674146
3.42146105
3.29776817
3.39393837
3.46096349
3.42190183
3.47397350
3.56487171
3.48743947
3.33730394
3.71204787
3.51131125
3.27563734
3.51618692
3.46342410
3.41380814
3.48018849
3.69227748
3.47404685
3.25844202
3.53721384
3.62321116
3.54994186
3.61187514
3.70960516
3.44490776
3.33767790
3.57301788
3.43313626
3.26349565
3.69159616
3.32318058
3.78527944
3.45665988
3.69968237
3.79658668
3.44860194
3.45628910
3.48995634
3.59312221
3.54061743
3.58429637
3.28925421
3.50519659
3.58196764
3.56348873
3.65627819
3.33058979
3.57480906
3.37536062
3.36078895
3.49316075
3.46327972
3.48668616
3.48081550
3.74329223
3.54792097
3.36678521
3.48975776
3.65994689
3.57592948
3.51733831
3.45525659
3.62620976
3.47911419
3.63662538
3.57170648
3.50019202
3.23143341
3.64006331
3.49828580
3.40317107
3.44798697
3.45891737
3.27437961
3.64684203
3.59733846
3.33906139
3.48427006
3.32155544
3.64904253
3.51166186
3.74296935
3.51741640
3.62825231
3.45766077
3.32507035
3.50011993
3.19928185
3.23793234
3.60848963
3.56339777
3.74999867
3.71098856
3.65497829
3.47995146
3.29892142
3.51010854
3.29927513
3.77274668
3.49689752
3.25176669
3.71877762
3.32854405
3.44523602
3.39723479
3.60560529
3.37554114
3.40217040
3.88923277
3.36293076
3.29700089
3.34952653
3.53550345
3.49745335
3.35274130
3.49147068
3.56118600
3.62989028
3.53036152
3.70721264
3.50186329
3.44536038
3.24807914
3.37953885
3.45915807
3.35553547
3.38105399
3.62105067
3.54075290
3.44443427
3.28307306
3.26998274
3.60670905
3.56973386
3.67547197
3.47747634
3.44395908
3.49147378
3.47516757
3.50818289
3.44084833
3.35002769
3.43367696
3.32607251
3.58360024
3.46521757
3.60899790
3.43732270
3.54658046
3.67844553
3.39222538
3.51216200
3.54823481
3.40971821
3.46077969
3.55754383
3.49457607
3.55143871
3.63012072
3.51252533
3.48209460
3.77084118
3.37582362
3.73822636
3.43196778
3.49294289
3.39789076
3.52424350
3.52744327
3.48588895
3.69917505
3.68339415
3.37627111
3.67056458
3.64978961
3.45666577
3.32005965
3.32634995
3.40937868
3.60024507
3.41243032
3.46489265
3.47912495
3.57650243
3.53784619
3.64377264
3.40536819
3.12080627
3.54298939
3.74193488
3.30671015
3.25604258
3.40256235
3.61876448
3.49648089
3.42671449
3.49138785
3.47867944
3.52244138
3.57449690
3.48468296
3.41311599
3.54559740
3.37712128
3.55838171
3.34178146
3.57999982
3.67246541
3.61138167
3.37504978
3.71540622
3.58972332
3.33158935
3.46937452
3.54467877
3.45953025
3.42763935
3.39759454
3.16779348
3.42491768
3.49816244
3.65600719
3.39433580
3.52497347
3.21047742
3.73008410
3.41635750
3.57308207
3.41058179
3.49070455
3.47346992
3.50161979
3.43631632
3.84278142
3.38204849
3.44498016
3.65557832
3.14815471
3.65042369
3.68280438
3.35145888
3.39462764
3.35193319
3.26529181
3.32617887
3.48302034
3.37771043
3.54246560
3.49569873
3.40411609
3.34108450
3.56926835
3.54687718
3.57737518
3.35546631
3.65836284
3.42905368
3.42329131
3.40759614
3.75251289
3.50192974
3.39126559
3.59802750
3.33841923
3.81162411
3.56487310
3.42072231
3.32388554
3.56677671
3.06639704
3.50363238
3.45018945
3.48657643
3.58250548
3.28214232
3.66153373
3.34258780
3.43294565
3.27724862
3.50345248
3.56625140
3.55413081
3.45035024
3.47204744
3.74393318
3.36949473
3.65652537
3.58592939
3.42139757
3.61848872
3.71816958
3.55273954
3.53957940
3.46609627
3.59087036
3.50212611
3.42352968
3.36474019
3.54339288
3.65705096
3.49641023
3.54045748
3.62365214
3.71530122
3.34041205
3.72521656
3.53254642
3.46308108
3.32647262
3.50725232
3.42752711
3.24255867
3.48466697
3.57129354
3.52777980
3.54524292
3.43714758
3.55055802
3.44289176
3.75306562
3.76550812
3.36239024
3.59688068
3.34904344
3.43444603
3.54941660
3.66945980
3.31939516
3.49359893
3.54809322
3.37641434
3.46898882
3.57942980
3.50652138
3.41096427
3.62199412
3.48903605
3.52340547
3.51798838
3.32961473
3.39775741
3.28002853
3.42298472
3.60677582
3.24245765
3.13712045
3.28764234
3.36964159
3.59235507
3.16849359
3.61389936
3.39583787
3.42927691
3.70332113
3.51836237
3.62925487
3.55921251
3.44893295
3.44896219
3.40130491
3.37704036
3.56600401
3.31572088
3.34051033
3.55630392
3.26801044
3.35750518
3.54229640
3.33591131
3.81682811
3.31664117
3.47086433
3.72563382
3.43634881
3.34326537
3.51501940
3.35227822
3.56598903
3.30128708
3.61982908
3.56840797
3.67596627
3.59783708
3.56598632
3.64548813
3.51621797
3.45807766
3.51875290
3.77332927
3.52083800
3.56724899
3.71835775
3.33770504
3.48990573
3.45182679
3.38372553
3.44801868
3.32058267
3.47166634
3.50141015
3.38689330
3.55935174
3.34500785
3.57160839
3.50356106
3.54727401
3.22821807
3.28312868
3.67292604
3.38013813
3.37214336
3.33918983
3.44217612
3.50537726
3.22694895
3.65592497
3.63681853
3.27762866
3.26731963
3.60546544
3.44801432
3.44481076
3.40989673
3.32547988
3.52308661
3.38659286
3.49482641
3.46704329
3.48107772
3.62713242
3.45329431
3.10271127
3.47523007
3.54395493
3.43292153
3.51667423
3.37426594
3.49485130
3.40289688
3.49886679
3.78434105
3.53466788
3.46072056
3.46490715
3.68354699
3.54386406
3.31243406
3.72374163
3.29083745
3.29071245
3.24821145
3.66486925
3.44125325
3.59901657
3.58518703
3.38702133
3.58932131
3.49322122
3.34939419
3.44017132
3.56250230
3.44279036
3.51869073
3.45274951
3.53656223
3.77772758
3.64854543
3.26593802
3.55474284
3.64711418
3.45256096
3.54692068
3.66260576
3.44253977
3.60960816
3.30296314
3.38042560
3.60830051
3.56944657
3.51819797
3.48500678
3.36023990
3.37870637
3.43498988
3.27279924
3.43510711
3.39910657
3.25175597
3.57618793
3.39230797
3.63978463
3.20911613
3.35483121
3.58992349
3.72561229
3.58624844
3.68392299
3.60687092
3.62337281
3.72932473
3.46125372
3.43308249
3.44767454
3.33390112
3.70494526
3.69957662
3.56847572
3.60313874
3.46373455
3.47029678
3.59209575
3.65372947
3.51168103
3.31759290
3.53758769
3.34140174
3.49917302
3.50322036
3.48034713
3.77788149
3.38210786
3.78673158
3.38483232
3.61118309
3.65112086
3.38313513
3.59827079
3.49110545
3.63273811
3.34169751
3.67722706
3.64180817
3.48432811
3.51776239
3.46890691
3.56334271
3.75472724
3.60946256
3.66907285
3.53401372
3.53241402
3.53119934
3.17844591
3.68544543
3.40310725
3.54576467
3.32946884
3.57222806
3.53866293
3.57698066
3.45530554
3.70801939
3.53914507
3.57473185
3.22295195
3.48997637
3.49994522
3.60426496
3.50233309
3.53339177
3.27582597
3.43163123
3.54326159
3.53841099
3.56376314
3.52714637
3.63213248
3.56070389
3.37646193
3.35874306
3.45022928
3.45796668
3.52842177
3.34709104
3.50551647
3.48412899
3.45642509
3.65435976
3.25979327
3.45314088
3.54632488
3.52849865
3.57308375
3.59421503
3.33800608
3.42490991
3.53713825
3.37039899
3.73039583
3.32738894
3.46992114
3.43235244
3.60839748
3.54020729
3.59295994
3.47920466
3.61362350
3.27321324
3.51343070
3.49836691
3.58080217
3.59182492
3.68285478
3.60617504
3.61173315
3.20379101
3.75428189
3.21123712
3.35866678
3.40459405
3.65983455
3.42236109
3.68898234
3.45337131
3.48048874
3.72293758
3.45304003
3.55122822
3.67996604
3.53365278
3.52708182
3.39381939
3.42461196
3.53540636
3.65305617
3.57007224
3.61113569
3.17430947
3.39724145
3.37892816
3.47408611
3.52063786
3.24954337
3.43597626
3.39493922
3.55361507
3.78534106
3.74185473
3.33467176
3.39390062
3.61175711
3.48429475
3.46169631
3.55565840
3.37022637
3.49568197
3.54703261
3.54008004
3.66723859
3.38801057
3.74859024
3.64223843
3.55512990
3.38710496
3.50643765
3.19314622
3.48479812
3.43798395
3.47093251
3.55889454
3.40221685
3.45324258
3.43558834
3.46874666
3.71062350
3.62632653
3.69655254
3.34406183
3.27025600
3.43157401
3.61057070
3.59992410
3.35751347
3.23290039
3.57331226
3.69135135
3.55541562
3.27300024
3.43993250
3.47595925
3.49723605
3.71494208
3.45974582
3.51495541
3.43518435
3.50803061
3.54688540
3.23433857
3.60601199
3.74981161
3.55882417
3.71817783
3.51541713
3.46609433
3.70463208
3.30584706
3.46312313
3.68086651
3.65484477
3.36508924
3.53050605
3.59797699
3.42481844
3.56278603
3.45264581
3.36646083
3.60344620
3.50530731
3.79667630
3.40138211
3.39911066
3.82031585
3.46830926
3.18206918
3.42474784
3.60190206
3.46840703
3.39961764
3.54389745
3.49092376
3.52147905
3.67553575
3.49961448
3.51242613
3.39797728
3.72340751
3.39811712
3.14201662
3.45226540
3.37544831
3.61904600
3.62307004
3.74813685
3.49582811
3.37420976
3.50663867
3.49375666
3.50263726
3.48669199
3.53594246
3.40790220
3.72036985
3.41219441
3.59731434
3.43937765
3.58479966
3.67449144
3.40947552
3.66147738
3.32212368
3.58687114
3.57301600
3.61337311
3.62424823
3.38143736
3.35195503
3.21029990
3.49209260
3.46814830
3.55925674
3.29441604
3.51878536
3.64546640
3.46817579
3.49821163
3.43462818
3.38449455
3.57130813
3.54234115
3.53570220
3.55847358
3.50922184
3.58975470
3.46799210
3.38951613
3.64054302
3.62800323
3.18890261
3.38445184
3.37537178
3.65159242
3.32804268
3.48165889
3.74390330
3.46626057
3.41915222
3.58075678
3.27212898
3.53705515
3.52504637
3.62703555
3.58649265
3.15208333
3.57745244
3.47249624
3.46937688
3.52381120
3.50361431
3.58537776
3.58729435
3.44978695
3.51153950
3.23004499
3.31365930
3.30466276
3.40576381
3.33911329
3.66801405
3.48539058
3.20550846
3.54968434
3.69358564
3.53146675
3.53710493
3.57556819
3.59504751
3.29210041
3.67256224
3.48736683
3.45836123
3.31218077
3.38615195
3.52229389
3.32457341
3.50891815
3.85088563
3.44560585
3.53944255
3.46103395
3.49675994
3.48551941
3.35077110
3.38237435
3.60264433
3.41349032
3.27531751
3.45182289
3.49368624
3.44172846
3.40716339
3.52138686
3.61610897
3.70982429
3.53941075
3.42433253
3.51127702
3.38236160
3.32108431
3.45524420
3.41090412
3.67939162
3.72111390
3.49388207
3.42527877
3.56164341
3.12127190
3.59471395
3.64638235
3.29234564
3.55994083
3.31399583
3.53777485
3.54753462
3.39858596
3.69627618
3.33312319
3.44672376
3.58280798
3.44219921
3.51524702
3.32580925
3.61985084
3.17948182
3.29755721
3.77408716
3.34443956
3.50893953
3.57976190
3.60725678
3.29482321
3.39743607
3.44971504
3.49828539
3.42089789
3.48963195
3.65328260
3.48800928
3.54628484
3.66040678
3.60410135
3.49734609
3.50623862
3.52983039
3.45510515
3.56299357
3.48326035
3.56255789
3.70369391
3.51848956
3.61229105
3.32352340
3.30242006
3.59250838
3.47736002
3.61180778
3.89706762
3.49626846
3.52156337
3.59455506
3.61399885
3.62192645
3.59224753
3.31281273
3.76864349
3.47383244
3.49327295
3.63117089
3.56700555
3.80452173
3.56623276
3.55307523
3.47206271
3.47731778
3.72250161
3.57368875
3.40693326
3.67742153
3.49798952
3.54217745
3.41668566
3.74336207
3.40247588
3.60529473
3.61066564
3.64068362
3.48539840
3.25413964
3.65721591
3.64974382
3.38997230
3.64596404
3.40266344
3.33949841
3.61751445
3.52290347
3.48644928
3.49914713
3.07384767
3.59950694
3.72427603
3.49951610
3.76966003
3.69094049
3.63114783
3.80605135
3.64669433
3.50373960
3.50617794
3.46529884
3.60164256
3.61098547
3.40103891
3.63674569
3.37962046
3.48378003
3.44393034
3.49189784
3.45909725
3.55089488
3.24093917
3.45246891
3.25015529
3.75846896
3.57666760
3.23955554
3.52795495
3.20163018
3.53600357
3.60567393
3.57327944
3.59991573
3.46890881
3.42153278
3.29203486
3.38836633
3.57009945
3.73941753
3.43558017
3.64616923
3.39549428
3.45506092
3.44376235
3.63472511
3.43730549
3.38987492
3.43253161
3.56701374
3.77964709
3.51541897
3.44801168
3.73013354
3.50653579
3.24197949
3.55890013
3.53288988
3.38415959
3.54313581
3.50907384
3.65030730
3.63928885
3.83818737
3.40227451
3.68694048
3.15570496
3.40431726
3.39074926
3.63085909
3.71052163
3.29036711
3.68972129
3.62018148
3.52227369
3.35409826
3.43956563
3.34403209
3.43264854
3.29481434
3.48756499
3.59979784
3.54373512
3.55322005
3.51112064
3.27855826
3.78266549
3.55039141
3.50429342
3.30056444
3.71552398
3.53773225
3.44954978
3.32264185
3.43239891
3.52979205
3.49658794
3.33939195
3.32545190
3.64182008
3.52011909
3.35006770
3.58187975
3.50393097
3.52847873
3.31299778
3.81364391
3.57375646
3.64494297
3.30943473
3.29584252
3.56945858
3.58362506
3.58870191
3.58560002
3.59497916
3.39182689
3.71651426
3.54334934
3.47940059
3.68072059
3.49834786
3.67838168
3.45229299
3.61623524
3.44973344
3.34053889
3.47692266
3.44202361
3.63534854
3.67992336
3.26319690
3.35638404
3.69878366
3.54650053
3.33222008
3.66501232
3.25485715
3.60146902
3.40433615
3.68145875
3.21635394
3.36227325
3.48253239
3.34716513
3.57706311
3.50313369
3.55307948
3.24295703
3.42298931
3.73296970
3.52528302
3.91386591
3.44361295
3.42258993
3.28222121
3.42915651
3.46507425
3.50302526
3.51434398
3.29943424
3.67715616
3.55687941
3.65780841
3.32270760
3.37594104
3.72457203
3.50942547
3.43128075
3.39401617
3.29734942
3.29009309
3.26135118
3.39010318
3.36893783
3.42859055
3.51718734
3.36998617
3.61771435
3.63760926
3.45176147
3.31061380
3.44127029
3.40389478
3.68571246
3.45925007
3.66524228
3.41437518
3.53651374
3.57954905
3.39828581
3.39015084
3.57972139
3.41642836
3.45506645
3.30022042
3.31417712
3.45161650
3.41914361
3.47681826
3.50304152
3.62174901
3.61762182
3.45423807
3.61253232
3.57088850
3.57944474
3.55301797
3.47024264
3.55934341
3.19920657
3.48136184
3.56491448
3.55066066
3.77835616
3.52567201
3.55954216
3.44866719
3.41566863
3.70206826
3.68968088
3.65643518
3.16885965
3.54076818
3.41883542
3.47904622
3.40921720
3.87520379
3.47280376
3.49202927
3.54112597
3.45774963
3.67485097
3.64734742
3.35835930
3.17393698
3.45358803
3.28880854
3.50901376
3.62702959
3.44543082
3.69877469
3.44096124
3.71483562
3.46351413
3.79804542
3.39969365
3.62063096
3.40493575
3.32078984
3.30043520
3.69006888
3.41820572
3.78640256
3.54639724
3.46595098
3.55277553
3.39015843
3.51505072
3.35273448
3.46252251
3.33454117
3.63429114
3.48265086
3.48506424
3.57312071
3.62037122
3.65531081
3.31877802
3.48885450
3.44947599
3.57267047
3.61940051
3.42868751
3.68481557
3.59123409
3.63808232
3.21632619
3.68111047
3.21336794
3.32277282
3.41506113
3.63834453
3.28960054
3.40480987
3.56251367
3.42666035
3.20378433
3.39258977
3.64918124
3.50427237
3.66299350
3.54419221
3.61265658
3.70027249
3.26403330
3.44083533
3.31939579
3.58420331
3.50843558
3.43303581
3.60591016
3.64427388
3.48781571
3.78134913
3.55125690
3.54609310
3.56146582
3.66356481
3.45270362
3.34379564
3.34805932
3.37023176
3.77644174
3.51543551
3.45334184
3.36038877
3.60522360
3.34452209
3.75568339
3.54937498
3.65479848
3.31957387
3.62136697
3.40059549
3.73102249
3.37356470
3.57148837
3.34311705
3.59951713
3.68513760
3.42234243
3.83696877
3.43975189
3.81346119
3.62117052
3.40802298
3.35542548
3.68860370
3.39914444
3.82433114
3.46302100
3.52929952
3.51346158
3.63578980
3.43040996
3.35998333
3.55042642
3.69901170
3.33737999
3.54896688
3.61139339
3.45927685
3.62996157
3.58963326
3.55344606
3.36143884
3.49042842
3.29652378
3.70668758
3.56166105
3.59484680
3.48819246
3.74001755
3.66185807
3.43004863
3.47870303
3.24727017
3.58871714
3.34190345
3.59964359
3.27558869
3.53917471
3.43676415
3.57453377
3.56791126
3.61422300
3.50796161
3.41749952
3.44144303
3.36292175
3.40922309
3.52809049
3.52398965
3.45848991
3.44688950
3.30411489
3.52002704
3.62835257
3.61280652
3.64436708
3.27838251
3.66001780
3.42976442
3.66312258
3.43340224
3.60465873
3.38136191
3.58827581
3.69148001
3.35027555
3.59816860
3.56499527
3.53482236
3.43631274
3.42206149
3.43677140
3.61432498
3.73160625
3.07061013
3.47573196
3.40343550
3.39753585
3.57338569
3.23410000
3.63487756
3.50825749
3.50206884
3.48866947
3.34211124
3.54989080
3.61623147
3.40017326
3.62740482
3.52053660
3.54666722
3.80941899
3.42839284
3.65299959
3.48814581
3.24206729
3.75499547
3.53209097
3.37346628
3.44392762
3.61857433
3.67838628
3.20068401
3.46864675
3.27519945
3.57031327
3.48538652
3.48966481
3.50490271
3.42644476
3.45989318
3.45831384
3.39879258
3.46987176
3.54125373
3.47993400
3.52590509
3.74653150
3.58992057
3.62988232
3.70166626
3.51936558
3.58096997
3.58130905
3.47984079
3.61018332
3.50974701
3.51657655
3.53984207
3.81110497
3.50380943
3.64419580
3.64127855
3.63746021
3.86304528
3.54315549
3.16761143
3.44401658
3.64983935
3.50651861
3.83079866
3.37641307
3.55116353
3.35616175
3.75880027
3.37967373
3.68446589
3.65053184
3.53782007
3.48567645
3.51923367
3.65729560
3.38115864
3.35145170
3.53610505
3.51275643
3.44655261
3.47018642
3.59540477
3.73991399
3.62387538
3.47680798
3.28697857
3.44704135
3.56507407
3.47002323
3.53320145
3.47865459
3.67821780
3.42268757
3.56703480
3.54075019
3.50753238
3.55237917
3.40700728
3.22218479
3.47129625
3.42405322
3.45099464
3.13407267
3.67947277
3.75665129
3.46067321
3.68907574
3.65295385
3.55554074
3.65852241
3.39246113
3.46628989
3.59265922
3.30925092
3.26680136
3.38578108
3.25623924
3.65752177
3.58219209
3.32480498
3.49198788
3.64385124
3.51386239
3.73825547
3.45759644
3.72055658
3.59905273
3.47796801
3.66245532
3.63962756
3.26503538
3.38100622
3.71444889
3.43439685
3.50015249
3.46268483
3.44570546
3.56688421
3.53974673
3.53620386
3.38917731
3.56268958
3.48885951
3.43076930
3.67792586
3.50530987
3.00357173
3.53007490
3.53898682
3.46175472
3.55286219
3.45302049
3.45369050
3.41133597
3.53285853
3.64854147
3.60631220
3.49950603
3.40535573
3.52642476
3.49292758
3.58862006
3.48247724
3.39598598
3.56234822
3.47749697
3.57935363
3.48448298
3.46101222
3.46165426
3.70669388
3.45714074
3.25370486
3.25609165
3.47512421
3.26066259
3.34198433
3.55249861
3.18316947
3.46210268
3.50218760
3.38276066
3.61075216
3.35497486
3.66489131
3.26063950
3.59008398
3.55447289
3.50770272
3.67350202
3.12582502
3.30367693
3.48325584
3.39597306
3.53638542
3.36262137
3.40428752
3.84738706
3.48824475
3.45209903
3.60766869
3.36491353
3.74516384
3.47407662
3.56926565
3.31423131
3.30416424
3.43059659
3.79150644
3.55962671
3.64015032
3.81304030
3.38552733
3.66539042
3.18104881
3.43362743
3.46977430
3.45038831
3.48534105
3.52102689
3.30693468
3.71768103
3.29386275
3.80195387
3.75107384
3.63106741
3.37774632
3.69062834
3.57685194
3.51042671
3.75438085
3.55796986
3.41269580
3.51773477
3.64326455
3.60240369
3.44980078
3.60562882
3.58362491
3.29415321
3.34883784
3.40039630
3.38568132
3.56489374
3.31624056
3.44126240
3.58742530
3.41464264
3.52194733
3.24785144
3.28879336
3.35776072
3.38047359
3.33769712
3.28510740
3.67994002
3.36718912
3.16567655
3.57165764
3.42805290
3.79167544
3.45724314
3.54130323
3.60473745
3.65003829
3.30733331
3.64696533
3.43959424
3.57805018
3.61682201
3.35088788
3.70886942
3.57699797
3.18840211
3.43254085
3.72549907
3.48411066
3.40376258
3.57704111
3.57138999
3.50944207
3.40394050
3.36596589
3.59381172
3.36108379
3.44472190
3.59243380
3.38777493
3.48058306
3.54896649
3.57232844
3.23627115
3.16044082
3.42773110
3.17353955
3.53024882
3.41556477
3.54206705
3.53509680
3.69020064
3.83055259
3.72736631
3.39807112
3.81123728
3.45468015
3.45213145
3.57011862
3.65352241
3.06646984
3.73304453
3.69554205
3.34994405
3.37971402
3.67820968
3.35274491
3.65289727
3.61282844
3.43044458
3.85095308
3.39205317
3.64341088
3.28249582
3.59807907
3.36498926
3.51987970
3.48605295
3.46160377
3.63255611
3.60206765
3.52643649
3.69435090
3.29085534
3.45264561
3.48483470
3.39702894
3.39170395
3.50125149
3.25996419
3.63941566
3.38345998
3.75319916
3.17102939
3.36206025
3.69408449
3.56464251
3.36385576
3.48037804
3.27831486
3.65606955
3.49207195
3.46301272
3.75082444
3.33600160
3.39521571
3.40634123
3.47724349
3.50677254
3.39563861
3.37699620
3.49491651
3.72426317
3.43608468
3.59428092
3.48527085
3.73346564
3.57981776
3.52435196
3.46967163
3.75175294
3.59517279
3.40804433
3.40063807
3.42172846
3.49640586
3.64421419
3.57029605
3.60553070
3.66271809
3.60047423
3.65794206
3.34246794
3.60732837
3.32319650
3.33859348
3.54185810
3.26846990
3.51865796
3.27440015
3.23294861
3.34418560
3.52720347
3.31079230
3.44379140
3.39279726
3.81230147
3.54923977
3.13094792
3.67092364
3.18636716
3.41849763
3.63189928
3.48092229
3.64522832
3.31621304
3.41203646
3.44963025
3.53310866
3.54276853
3.52810558
3.31027861
3.46000374
3.44923650
3.52998325
3.65945577
3.49332456
3.62132014
3.32265706
3.56099473
3.44568360
3.52115567
3.56028603
3.46865899
3.28069853
3.55885083
3.69421625
3.43950246
3.35868848
3.61563478
3.44682652
3.25977807
3.44413782
3.64049431
3.73307912
3.40527029
3.59680266
3.39217135
3.60165067
3.55792644
3.56833477
3.34839683
3.36751795
3.80066181
3.52629818
3.50423589
3.55787398
3.46221368
3.67745335
3.38141933
3.24324902
3.53391908
3.36218384
3.52053652
3.47571174
3.33029145
3.64194068
3.67796453
3.25602544
3.61527106
3.60157921
3.49940863
3.45163432
3.46602435
3.48846356
3.49192912
3.53735490
3.14616699
3.56021368
3.26632951
3.63064744
3.46028586
3.51296998
3.52178094
3.34334246
3.56163479
3.71205048
3.34455803
3.42169742
3.73487919
3.49687565
3.39276104
3.34665831
3.47576445
3.48203569
3.68889927
3.56620149
3.63958321
3.62637552
3.59221091
3.48163052
3.53031645
3.44197226
3.22259415
3.35970306
3.15232338
3.66488032
3.55802461
3.69246287
3.34645516
3.55951906
3.67733413
3.57665195
3.58246755
3.52857806
3.57022588
3.38457759
3.42960720
3.60031489
3.58640080
