1.12147760
0.46271960
0.77689004
0.60487065
0.23563490
0.63037287
1.97744443
0.84286822
1.25237357
0.80257510
1.51525990
0.63361493
0.85002941
0.21272827
1.61672920
1.61588330
2.29409504
0.76155469
2.52354593
0.75475632
0.98387142
1.32477364
1.21218965
0.50822627
0.25994858
0.61928227
0.98484520
0.07679452
0.24582263
0.83022556
1.18325121
0.85428439
1.21040247
0.65673122
0.83649461
0.34323155
0.25873275
1.48239683
0.26790550
0.83385652
1.60955576
1.25844080
1.08158793
0.69238449
0.69184776
0.26897496
0.98345112
0.99896047
0.41548970
1.61263769
1.52523135
0.80777798
0.28245754
2.73070370
1.43146741
0.42642767
0.23976722
1.12678921
3.18674851
1.89593767
0.65100479
1.08596002
0.25961588
1.88568896
0.90779664
0.43631499
0.41225023
1.09327673
1.09226725
0.29026411
2.15104241
0.96764959
1.20332086
0.53312819
0.87517645
0.96391585
0.54120587
2.87922974
0.53751747
3.05440658
1.51921188
1.05464776
0.88226838
0.71784683
1.25011772
0.82699572
0.70072657
0.32151444
0.52001065
2.13859560
0.75802351
1.03336969
0.83972202
0.63976428
1.54402771
0.65707454
2.35596934
0.58828209
0.97832424
0.20063369
0.91598573
0.80926576
1.42144356
1.93712636
1.20869315
1.30067639
0.95375257
1.16388320
1.17361868
0.68510186
1.26185970
1.90857542
0.67504371
1.33735403
0.32451213
1.92388514
0.43410899
1.64319100
0.41336352
2.19144581
0.46074180
3.01130496
1.61248479
0.41605171
0.67754907
0.68475358
0.41391505
1.42942254
0.51144642
1.34408922
0.47165694
2.23916065
1.01168883
1.21679948
0.80420951
0.83484664
1.08193424
1.63108495
1.05753640
1.49181636
0.60062259
0.70538291
0.58179859
1.45760958
0.40694994
0.46650005
0.85188978
0.46683299
0.87216577
0.46455916
1.27027764
0.36002450
1.84842417
0.61303757
0.45646770
1.43549040
0.38725816
1.08036537
0.87286654
0.32860282
0.17383701
0.19805262
1.27827184
0.59285796
0.40457719
0.46707967
0.85724964
0.31124419
0.52104915
0.57034938
1.57007382
0.26576288
0.70219914
0.37771825
0.21532674
1.68366256
1.10349434
0.78908020
0.46918295
0.33335950
0.67048396
2.24074905
0.57055265
1.96138111
1.09861394
0.91169098
0.60369351
2.45242232
2.44967979
0.47181633
0.74963051
0.09476946
0.59259958
0.77201943
1.23042874
0.61309327
1.25482097
1.84078467
3.93947618
0.62684020
2.56256917
1.21165188
1.32407728
0.84730935
0.28081834
1.08512301
1.70295595
0.91136212
0.34755427
0.08696274
0.31267217
0.30306804
0.73505017
0.68708756
0.54226773
0.45644794
0.20741428
0.25099832
1.20933454
1.27955172
0.36618857
0.19155632
2.09210130
0.86449075
1.03703972
0.34715278
0.75012297
0.87028227
0.48768652
0.69200711
1.39048712
1.23252370
1.32000852
1.14596951
0.42539282
1.65898812
1.01017003
1.72766734
0.54528837
0.81242739
1.29392463
0.27973417
1.23909275
0.71088543
0.72950872
0.33432448
0.81480373
1.08057246
1.23860805
0.35608587
1.29107167
1.57674889
0.45398940
1.83481361
0.14350560
0.95577134
1.54921937
0.96557718
2.15010825
0.43099614
0.29817125
0.42703847
0.66248646
1.09367843
1.01519842
0.58438901
0.29191999
0.74803027
1.61397984
0.43603709
0.75347643
1.49663877
0.91501839
1.04796574
0.24277305
0.79554936
1.02889268
0.22066161
4.67269505
0.11067775
0.96826690
1.81477739
0.16211764
0.83395828
0.94276658
1.56499690
0.94364223
0.67088995
0.34505696
0.22541385
0.56628938
4.55105195
1.36204812
1.06094225
0.13605451
1.33825665
2.21792388
1.56147333
1.16107762
0.43192787
0.28957346
1.71663289
0.57872388
1.16494105
1.60307012
0.87703781
1.34086532
2.34263450
0.42896155
1.51566864
0.45608251
1.15035255
1.52344285
0.18651453
0.12635320
0.79690242
0.84655630
1.31687840
0.67868859
1.31724776
1.69999176
1.12188976
0.97610897
1.08123965
0.71216032
0.26608749
1.18757615
2.51107792
0.95757789
0.39714766
1.02530024
1.17716903
0.37021326
1.16839418
0.34642922
0.27575358
0.35623012
0.75469721
0.55197128
0.52632224
1.37137838
0.82891754
0.62316829
0.64013457
0.42090035
0.66218634
2.90399843
1.47994755
0.10298107
1.42819424
1.35290525
0.62507505
0.15838952
2.07519346
1.37704369
0.60155063
0.66608233
0.22121512
0.91326377
0.28038286
2.57381934
0.14014432
1.53829933
1.33972083
0.22776803
0.88402540
2.74731243
0.87165277
0.33925116
3.05560298
0.67670089
0.25715029
1.10285040
1.46207236
1.47156903
2.07281356
0.94899938
1.28221252
0.34705779
1.19593371
1.82467457
1.09884804
1.14736811
0.83503527
0.78989432
0.77214737
0.89258830
1.42504460
0.50373785
2.31735599
0.72675276
0.23296467
0.21521750
0.89176597
0.34614688
0.43608857
0.20362387
0.79297950
2.01281101
0.71084332
0.28704214
0.53542710
0.87000747
1.45458253
0.24491842
0.35512945
2.48809476
1.40874156
0.52011741
0.64413669
1.53423986
0.09231509
0.70696699
0.53830042
1.28183407
0.18649751
1.04628893
2.57185646
0.98333983
3.21358138
1.01867887
0.23970777
2.68982655
0.92087732
0.43959178
0.38792528
1.07761710
3.87251887
0.87344615
0.73595901
2.78608300
0.50964157
1.11421544
0.91963215
0.20703112
1.53653950
0.75449664
1.03814491
0.26811836
0.50320609
0.67424471
1.66703234
1.28844917
0.33944562
1.63640600
0.21340895
1.05802924
0.64300284
1.24663282
1.33260579
0.76181234
1.30728417
0.48678379
0.88844467
1.01658004
0.74723612
0.24657693
0.84853947
1.11400261
1.15198694
0.54441386
0.20461395
0.83474953
1.27432052
1.97654635
4.05507127
0.24214162
1.02125251
2.37673188
0.43282251
1.43584082
2.14353660
0.26169331
0.57659665
1.59375204
0.48948668
0.35464476
0.62720488
1.10806457
0.69420390
1.10463364
1.19185653
0.90161781
1.40606425
0.24729421
0.77393961
1.93360589
0.39208917
1.07356015
0.21662692
0.29027020
0.35726662
0.83077190
2.67994144
0.35885193
0.44372323
0.63930634
0.35929980
1.56546003
0.35760225
1.08065694
0.72525678
1.15055017
0.30088768
0.31701853
1.45496879
1.27414901
1.12309806
1.74106491
1.17841334
0.51109627
0.39527647
1.58515561
0.98448946
0.46511003
0.96903579
2.11476421
0.47066388
2.26285055
1.91281552
1.62857459
0.87475012
0.49124456
0.52889997
1.33485387
2.10579083
1.01837051
1.55772100
0.48796630
1.14034917
0.25476945
1.29305145
2.31842309
0.62078848
0.34449637
0.04912899
1.26001014
0.46947101
0.54687379
0.39946563
0.49557764
0.33984347
0.70996232
1.14990071
0.43517695
1.04388818
2.19406856
0.64015924
0.46044880
1.26969636
1.60602230
0.54149602
2.53010973
0.43462074
1.63514361
0.11955496
1.43612807
1.28730343
1.17014720
2.69020219
0.65228283
0.69862351
2.20727170
0.84699332
3.03126649
0.28138844
1.73506758
0.58947963
1.40703079
0.13493196
2.72093080
0.58354003
0.62569650
0.85724042
3.34281825
0.37632718
0.46728219
1.13428667
0.89812175
1.39203957
0.16668906
0.91462421
1.05704365
0.40476567
0.95822012
0.19012315
1.50624959
1.21297900
1.62708533
0.56983066
0.66438467
0.64289413
2.28680271
2.35288535
0.07884936
1.57089614
1.26207829
3.74416998
2.75685786
0.84341733
1.92190891
0.72320132
0.19034928
0.81116398
0.94814665
0.35128146
0.15089501
2.11401464
2.30895255
1.16370051
2.40443898
0.58601098
0.65739412
2.47912351
0.94456156
0.91677328
0.25331841
1.97788830
0.96596850
1.20662914
1.24049532
1.19774049
0.71330579
1.60369675
1.27528089
0.88313580
0.56452298
0.23323858
0.81778229
0.09848250
1.21052155
0.24045830
0.34754832
1.22452696
0.29112950
1.54338288
0.23478698
0.98617432
0.97595661
1.44953130
0.70139953
0.81157928
2.12456461
0.71443222
0.48071408
0.51953112
0.99570311
0.11894384
0.53928165
0.44638583
1.81380934
1.89732542
0.70475783
0.78154375
0.63699348
0.13239690
1.83082784
1.59135500
0.79667278
0.99239735
0.13965782
1.10704190
0.96122423
2.36463579
1.10661375
0.98530481
0.84254837
0.87920831
0.68413876
0.83945925
0.52201857
0.63090260
0.71554111
1.24488282
1.14801854
0.58147137
1.67959645
0.81186748
1.37287925
0.22979340
1.81999596
0.31091209
0.93358158
0.36177332
1.16063396
0.29806834
0.17774836
0.98497579
0.98879095
0.83933201
1.05694543
0.93534847
1.07104579
1.70135375
0.63369426
1.82443793
1.38286002
0.74814789
0.63349074
0.75564466
1.11456492
0.70332804
0.33941943
0.57392569
0.62600786
0.27399734
0.36786747
4.85639583
0.52376115
0.98696389
1.77630180
1.24084560
1.39605918
1.00976675
0.50019039
0.90701376
0.84214521
1.17992507
0.61797433
1.46292707
1.00741428
1.32365999
0.64915617
1.20962942
0.33845256
0.85661297
1.17782957
0.39348745
0.28018662
0.72102458
0.96699602
1.12545912
0.03734938
1.25321218
0.17576189
0.75779083
1.82281867
0.37515297
2.01717826
1.02303713
0.10979936
1.15115650
0.50031770
1.48126182
1.23686281
0.45822358
0.81501902
1.26997597
0.75140565
1.93432574
0.41320089
0.30204096
0.29806590
1.43387319
1.01721744
0.73933557
0.24875767
0.60745295
0.57950695
2.81059549
0.22761035
0.49482657
1.32831082
1.10326755
1.55071201
0.71107870
0.09280545
2.28411245
1.24927741
0.90991364
1.42504603
0.15582643
1.28183870
0.20268677
0.95815797
0.75163870
1.32349743
0.41690186
0.34713293
1.97520245
1.08162657
1.36374661
1.79789190
0.56971508
0.83182845
0.83761016
5.91711594
1.51202432
3.46878377
1.65683194
1.39255805
0.09928312
0.77123386
1.12415803
1.59243889
0.76769238
1.87127743
1.03340169
1.33707943
0.27664043
1.21862941
1.81633965
1.13274553
0.72928541
0.93450909
1.35303741
0.45266471
0.94876700
1.62301732
1.42467708
2.20128816
0.58370418
0.46940379
0.71515587
0.95552836
0.52762572
1.09989849
0.71412975
0.25966064
2.19291836
1.32435473
0.52385689
0.47564196
1.80532431
0.38293640
0.74585833
0.39920573
2.08985719
1.50229651
1.02113921
1.00359508
0.48131764
0.92538800
1.13510202
0.89928224
0.53635961
0.46006029
0.83472734
0.85056080
1.60202036
0.97497268
0.75588882
0.16896790
0.44972965
1.40324299
0.64744921
1.75356620
0.67487533
0.19674389
1.75757876
0.49376274
0.05228909
0.50326688
0.67147959
0.32136142
0.56978679
0.49614338
0.47956389
0.55089321
0.17931240
0.69079045
0.87824617
0.96495542
1.80692848
1.78356130
0.63558280
1.53719291
2.33372751
2.01447097
0.50356599
0.69379700
1.45102803
1.63819941
1.06583731
1.16305195
0.58240307
1.36550753
0.42366121
1.46781759
2.72376958
0.64598633
0.46534709
3.34072218
0.41184133
0.30518228
1.26300823
0.40750654
0.85121600
0.66024838
0.59011798
1.16776414
0.52981774
0.22704587
0.38573049
0.58828058
0.72104588
0.93699731
0.35854567
0.78103250
0.44084334
0.81044095
1.30239967
2.02180397
1.02680390
0.76560303
0.54524526
0.64876625
0.45671485
1.19212422
0.93967440
0.03140114
1.32831066
0.30566673
1.06224013
0.86152562
0.45760573
2.09491041
1.64049244
0.53550862
2.04601062
1.40664027
0.62373402
0.64165949
2.41823734
1.74920499
2.11245639
0.99524752
3.05607148
0.23144059
0.45046689
0.78655804
0.61191380
0.67191017
0.93399162
0.56468821
0.59303352
0.63955000
0.08754630
0.53984549
0.31945122
1.72377716
0.42409048
1.51622750
0.10619688
1.52071953
0.33833992
1.44141739
1.16865404
0.75261054
0.67813377
0.78455475
0.45334740
1.88991434
2.28926046
0.94790849
0.41319145
1.39025113
1.45555444
0.65186866
1.25138181
0.45206052
0.27471275
0.89207264
0.97189194
0.35255270
0.87508319
0.81328820
0.12873846
0.88541820
0.46872640
0.31737271
0.97286929
1.27256965
0.02591475
0.77984609
1.13343978
0.42311171
0.49681400
0.12739317
1.62461924
2.34031820
1.29737838
0.65006649
1.07001639
1.92994706
1.34778562
0.92978656
1.05933908
1.20482291
0.50611532
1.11182385
0.51401354
2.16689289
1.05214352
1.09488746
0.74622103
1.22567709
0.36710068
0.66815398
1.38405469
1.13651931
1.10721833
0.35347362
0.72772779
0.26994781
0.43307361
1.23103347
1.16845824
1.27475647
1.32968403
0.93708275
2.00027212
0.69388478
0.30295985
1.02738996
1.41591301
0.82906084
0.64964642
0.91512434
2.59164257
0.87229837
1.28310036
2.76493571
0.22277814
0.48720276
0.79963584
0.22269203
0.53976160
1.63247119
2.11533170
0.75393970
2.32406624
0.41052592
0.65654889
1.15114913
0.37629660
0.61279158
0.35972865
0.58802676
0.94072177
0.83928493
0.38616992
0.27187466
1.07326575
0.38321758
0.57047408
0.54893839
2.58011558
1.24679301
0.77814314
0.90841920
0.22200950
1.31196320
0.71426339
0.77135027
1.17697407
1.13985006
2.03519897
0.29035670
3.70669658
1.54426397
0.41169679
2.78618468
1.39422361
3.36988504
1.08414689
0.63195245
1.04991978
0.71552357
0.97592530
0.42813213
0.59329921
0.93735859
0.96896168
1.65964055
1.25128801
0.89573834
1.01711037
0.56238885
0.54906864
1.94574412
0.11277022
1.12075106
0.96813513
0.19882220
0.58714519
1.49189962
1.75750981
0.37714454
0.27982834
0.50548438
0.79356210
0.99254801
0.23145140
0.45905811
0.78859826
0.63233945
1.46928117
2.78825269
0.46392632
1.43126312
1.79549341
0.90323351
1.58316768
0.25602805
0.70561032
0.91637323
0.61940720
0.95707963
1.23348953
2.21692969
0.77747976
0.27019570
0.61120097
1.22702578
0.60357758
0.37988447
0.93484788
1.84091218
0.95767006
1.28271879
0.17817092
0.94953967
1.68275087
1.46333338
0.23969744
1.48654019
0.85370840
0.75410476
1.68782392
1.84271045
0.85213521
0.41784749
0.91998795
0.35582210
0.27631481
1.16447246
0.83170658
0.51541603
0.47139247
0.61554245
0.14703194
0.42497177
0.44853619
0.94421349
0.70904947
0.19492052
1.56612676
1.76996010
0.77558251
1.71257642
1.30103724
0.54102626
0.35771131
1.43827794
0.57500288
0.67004194
1.93638017
0.61273150
1.20589674
0.65543376
0.57918519
0.38743800
0.30051761
0.33807541
1.05293585
0.97829344
1.19533771
2.54987788
0.38458985
2.73729472
0.32430796
1.97900526
2.31260596
4.45036141
0.69493042
0.80644280
1.10826638
0.65040848
1.10978441
0.62277852
0.28444114
1.98954354
0.49425508
2.10343741
0.27108549
1.31833793
2.54744602
2.24914390
3.12121046
0.30098805
0.36505597
0.21236174
1.04800130
1.37957873
0.67713376
1.67358813
0.95284865
0.35934089
2.44115775
0.23515182
2.98426450
0.49462197
0.75602822
0.17996357
0.38620312
2.49002685
0.06861676
0.57498026
0.79778902
4.76563810
0.36849949
3.23561008
1.04181856
1.00833838
0.78166078
0.54591260
2.60257403
0.90879213
0.60648672
0.53215232
0.52097264
0.35611274
0.34048039
1.74920735
1.46824467
0.87810872
0.63267515
1.40213762
0.65955731
0.48652535
1.24908401
0.16156666
0.48177204
0.58892156
0.61295914
0.73585729
0.86064306
0.49048050
0.52324184
0.69118594
0.06511323
0.41520475
0.57268475
1.83834998
1.18722537
0.52576599
1.77987432
0.86506781
1.40396078
0.28148532
1.42030964
0.30629206
0.31257498
2.30077293
0.68435406
0.76062793
0.32298863
0.38937922
0.59942652
0.83788586
0.18427590
0.84517381
3.29937685
2.06437301
0.31058850
0.00396292
1.35619948
1.00442529
0.92984393
0.27842000
0.40038016
0.45352691
0.15070512
0.55763731
0.54229248
1.14668165
2.09276711
0.58329617
1.07366693
0.47171444
2.10602407
0.08823362
0.27121665
0.30495849
0.39100261
0.35638266
0.94988265
1.72287735
0.73560234
1.76860669
1.41640060
0.74276998
3.38047524
0.46958244
0.81342501
0.70757105
1.20667645
1.53601948
1.10863740
1.23285685
0.83937598
2.10814107
0.02855212
1.02238157
0.28532270
1.09354024
1.79851206
0.68842109
2.51878040
0.54657697
1.12935649
0.54700657
1.58832342
1.70671078
0.84904717
2.91014162
1.53738814
1.05645047
0.76589801
1.57318610
0.57704930
2.22297032
0.70816232
1.20502490
0.84118196
0.74691046
0.20929251
0.29785203
0.52988476
0.03714223
1.66688736
2.63456684
1.43999940
0.74940384
0.18527407
0.31588479
0.26363514
4.52400686
0.47946894
1.28245864
0.42095124
1.38820296
0.67518562
0.61358701
0.91232894
1.57065408
1.15165625
1.51869779
0.46251077
0.96317637
0.95596432
0.76627098
0.65676859
0.48774143
0.89348242
0.10210847
2.28734392
1.35745957
0.69878291
0.14513172
0.63102578
0.90078517
0.95927286
0.43676876
1.13078354
0.29738032
0.19215755
0.12663515
0.86730689
2.06395322
1.13485904
0.30586105
0.32962703
1.69971279
0.63461942
0.90759839
0.65385327
1.56282185
0.61108960
1.32753723
0.30762893
0.75289307
0.29885290
1.23076999
0.46542348
0.36083920
0.85813110
1.33203510
0.39353955
0.21096147
0.68208823
1.08238999
2.58760029
2.06630471
1.06109416
0.73301375
0.30836533
1.74654261
0.38047645
1.09533628
0.49191665
0.81300557
0.11224649
1.67094084
0.99749065
1.04996752
0.36797376
0.74334871
0.75984164
1.00845828
1.62709431
1.30220914
1.41503672
0.73269766
0.47259910
0.60430296
0.24543258
0.64601601
0.36311081
0.25641524
0.72221709
1.08382112
0.85313786
1.15536790
0.76470277
0.62161407
0.15326150
0.65671995
1.27107348
0.49335723
0.34026924
0.06796687
0.42192987
0.37844738
0.36183141
0.50406829
1.04712840
0.72663439
0.30418685
1.84319613
1.01227397
0.32934518
0.49015509
1.94045267
1.19739685
0.26350917
1.19087425
0.24701043
0.34591841
0.50124790
0.08295228
0.35510189
0.70276341
0.71578428
1.06952824
0.14366777
0.77816195
0.23537506
1.00658095
0.70463634
0.96595100
0.22445042
0.50439847
0.50029506
0.85372451
0.83823188
0.60906042
1.33124895
0.94455475
0.72276543
1.23528979
0.60397650
1.57690755
2.89421303
0.30267432
2.31518758
0.61549235
0.42941236
0.59178713
1.00703654
1.87517751
0.91137919
0.25547493
1.63186948
0.40937253
0.41700878
0.30330294
1.79712436
2.06736045
0.26139374
1.27211163
1.93103159
1.32548884
0.58829791
1.15632841
0.72624184
0.62400483
0.87739264
3.09946279
2.48728542
0.42197934
0.63690104
0.99757220
1.73667678
0.58063426
0.99389447
2.09923995
1.51975917
2.94540509
1.77504501
0.29856580
1.26509361
1.44708263
1.07143321
0.58486398
1.03068399
2.30152453
0.89236517
1.12046687
2.86110241
0.36184805
1.00368096
0.12686660
0.66562866
0.94245246
0.53260228
0.80975948
0.75069610
1.72167353
1.27808658
2.98416981
1.64399170
1.80658581
0.27681603
0.73581880
0.86937250
0.17503889
0.20261641
0.37183135
0.66377976
0.58651457
0.31285337
0.67518247
0.99238656
1.25811828
0.55208814
2.12849131
0.30220258
1.00711964
2.26062304
0.20636889
1.95370398
0.54797133
2.87646192
1.73862726
0.53279419
0.27928542
0.69970400
1.26943844
0.58405380
0.86774066
0.89681363
1.14396563
2.35460277
0.44935534
0.63016452
0.61147895
1.35715335
0.27401220
0.55790688
0.23652616
0.37270138
1.24021550
1.53884677
3.20148343
0.34907781
0.71286549
0.28919909
0.98399290
0.55509599
0.19237799
0.33243944
0.80772836
0.49515912
1.80379621
0.38738008
1.48679089
2.05314834
0.70938768
1.64724234
0.50376735
2.33287320
1.71637294
0.55383642
0.24744818
0.91868529
1.17020803
1.97416753
1.20811571
2.68676588
0.65048501
0.38020975
3.55972137
0.31985978
1.39543668
1.88319001
0.40235380
2.19286844
1.39510790
0.22995124
0.24240632
2.13690211
0.89044032
0.95556708
0.51812390
1.01574252
0.96236059
0.86694098
0.80721904
0.78430378
0.60947705
0.54313686
0.65774581
0.28742662
1.00567615
0.08971774
0.41384257
0.78540858
1.09835071
0.81894694
0.82275670
0.37118394
0.70215007
1.53105408
1.13552065
0.88727839
0.26386521
1.67327366
0.64249633
0.09348048
0.89522549
0.15100600
0.76471099
1.21330078
0.52522010
0.95702991
1.08004881
0.74059253
1.91242261
0.73872706
1.49028644
0.91512626
0.13338370
0.26398731
0.70138452
2.54886730
0.56032948
0.53955096
0.22380738
1.08350513
0.65256635
0.75339392
0.89819416
0.68316522
0.15882996
0.81596611
3.29626965
0.34966103
0.11528566
0.87056247
0.58507219
0.35952859
1.57266311
0.11663542
0.74147178
0.28710495
1.09396316
1.19769864
0.40166732
1.24117564
1.11536633
1.15457661
0.14475772
1.07498515
0.91249428
0.90863155
0.54439368
1.24404943
0.40716271
1.18616465
1.62950344
0.77971287
2.18784481
1.72531230
1.22571566
0.73540175
0.61025991
1.02828184
0.37269858
1.10379188
1.41629658
0.32257827
1.15559414
1.99256069
0.53430506
0.41050515
0.67247883
0.07585170
0.90159149
1.56051637
1.10227922
1.40246524
0.21335322
1.12937531
1.84539969
0.99712538
0.99115975
0.51012424
0.19984859
2.03453527
0.84330441
0.80237763
1.09871532
1.21802359
1.97528563
0.41652717
0.45158909
0.73584708
0.47084949
0.10046803
1.09354729
3.04504909
1.38847933
2.67043264
0.86527353
1.10662089
1.39453000
0.95407362
1.38841467
1.10910928
1.24818951
1.58596905
1.64823164
0.56147780
0.79371359
0.24820293
1.60078923
0.57663332
1.01459959
0.33683086
0.61241098
2.02446504
0.28759616
0.44077066
0.86545884
0.28589104
0.26240144
1.39487805
0.46887632
1.24983445
0.93391786
1.12871760
1.14115582
1.23143571
1.95188617
2.28031400
0.45619793
0.35236364
0.43248024
1.98257817
2.84222571
0.90028990
1.48089530
0.24892858
0.15183516
2.60577140
0.14829867
2.80525457
0.85390919
0.09926314
0.72798268
1.32981869
0.38549796
0.42265584
0.28255061
1.05701328
0.48596177
0.44428934
0.23403914
0.37311004
0.30538798
0.35322851
2.15569436
0.70612666
0.03117905
1.07701464
1.11569686
0.26419255
0.96926301
1.39143172
2.12421492
1.70443171
0.56684026
0.22853142
3.73275411
0.23771914
2.54960817
0.24956587
0.82269229
0.40598276
0.82411459
0.50148440
0.99575608
0.22671694
0.09726447
1.43269884
0.98287574
0.85810938
1.01786492
2.01597364
0.58339885
1.39968317
2.12587286
1.24866640
0.58583044
0.13991014
0.44742312
0.51741844
0.76389875
0.69098344
0.58462767
2.09120864
0.59167957
0.49306649
0.49659422
0.38516708
0.68472328
0.29541939
1.61332687
0.11694681
0.85659597
0.93928698
0.61877415
0.33907231
1.04902351
1.29803877
0.55705005
2.35883588
1.51174843
0.76833746
0.26092059
1.86138006
0.48079677
0.81388695
1.80921272
1.75351515
0.60314878
0.09375036
1.99790569
0.39221348
1.21012071
0.95226740
0.42907675
1.14593930
0.20855252
0.46489106
0.34070770
1.07118667
1.28857801
2.36809010
0.38812991
1.24498820
0.56796639
0.45511752
0.46971338
1.20296260
0.86269072
0.11258358
0.70452282
0.08147383
1.19304441
0.40644458
4.00235145
0.18271393
0.24280986
0.34679102
1.08789927
1.05259427
2.19290772
1.87352687
1.04043785
1.16795631
0.15259163
0.32536826
0.32436424
0.48650214
0.58133110
0.19636086
1.72373911
0.65999519
0.77765484
0.14273533
0.36374951
0.25441889
0.40276791
0.83706355
0.49537350
0.39982751
0.39194885
1.48567167
0.16689251
1.04483038
0.79654828
0.19019213
0.22067569
1.19687876
0.11575002
0.28424103
1.45279109
0.56312838
0.78888640
1.45742340
0.67769149
0.66854634
1.33933429
0.63605989
0.74035233
0.25409666
0.34097013
0.41967366
1.47307163
0.57858886
1.74897059
0.54844102
0.13590356
0.51454623
0.82290801
0.65111564
1.97007039
1.37726112
0.32146736
0.83565292
2.21919194
0.87783769
0.41901476
0.78539296
1.61871517
1.33527975
1.15099627
1.56285941
0.79852070
0.52345462
0.47969189
0.71496020
0.23378516
0.32567352
1.47477873
1.98646128
0.34115640
1.15242377
0.46301035
2.92024005
0.16711011
0.29860732
0.06195017
0.48481965
2.13399388
0.05335396
1.07844981
0.94809426
1.32441148
2.51345093
1.86078546
1.71598185
1.00323702
1.14570868
2.03368105
1.70254877
0.26836004
0.85769844
1.18156593
1.50390735
0.23270188
0.78791236
1.48833798
0.60719208
0.81396743
1.04477050
1.17593271
0.32667774
1.51460791
1.50763808
1.69338524
1.10609148
0.24127649
0.63974568
0.45107763
0.95365866
0.61868502
0.36843061
0.70416104
0.80578046
0.50140564
1.04450974
1.24701351
1.42964033
2.03380182
4.18681970
1.27325035
1.17813180
0.21263469
0.20734972
1.50131742
0.61587028
0.63865697
0.31138661
0.49901796
0.18807730
0.88401954
1.40664602
0.81173615
0.58605766
0.93266665
0.43733055
0.84036764
0.94356386
1.05981348
1.60369113
1.47408257
1.56958961
0.29684015
1.08902685
0.71744361
0.38243502
1.19406729
1.06702236
1.55643211
0.89663751
0.54887108
1.51614955
0.68393653
1.59032478
1.08658947
0.28336049
0.44771314
0.22852190
0.25047213
1.46230402
0.63251884
0.56696435
0.30261859
0.86426446
3.48776262
1.58695605
0.84099708
0.72102712
0.92402935
1.82096936
2.98018093
1.83636220
2.23403310
1.34303230
0.47728440
1.54868626
1.02397962
0.69137171
0.92902460
1.12490661
0.69177060
3.42899188
0.10536797
1.46377554
0.75581623
0.48087033
1.09862506
0.69693187
2.48486349
0.63856893
0.75132475
0.14253320
1.83416727
0.71112312
0.40541329
0.49388353
0.73840207
0.88476551
0.70594709
1.11168781
1.52012509
0.19091799
0.41407147
0.63261356
2.04417460
2.13577572
0.36873666
1.76757417
1.90224617
0.83330047
0.83774776
0.34683672
0.98840166
0.21800393
0.31312410
1.23306197
1.05648544
0.52844280
1.07294899
1.22659716
1.43902988
0.25867513
0.19588982
0.48357641
2.24218562
1.56721636
2.02192681
2.00885759
1.69826157
1.08667999
0.26818061
0.19001352
1.01396446
1.18123519
1.01837469
1.14780709
0.62545359
1.03858800
0.08906430
1.31949762
0.27443755
0.31905078
0.76267145
3.00771603
0.46110564
0.50015732
0.24666799
0.56080809
0.95079132
0.63654861
0.66286075
0.21491808
0.48749641
0.66650327
0.12924594
1.21753443
2.39706427
0.53625421
0.30166492
1.60284295
2.01096417
0.52463410
0.96044845
0.57542825
1.44624368
1.28282481
1.23517327
0.35953997
0.38606224
0.92226719
0.58267612
0.20432254
0.15561379
1.27004367
1.36656719
0.46568813
0.07919021
0.70088699
0.94729515
0.45841054
1.58251235
0.34902663
0.21544163
0.58248834
0.69057772
0.48441103
0.69168597
0.81152148
1.76934471
0.62099913
1.08011551
0.76583435
0.62014724
0.87086002
1.91886526
1.52470082
2.77457853
0.58352787
1.21866139
1.02191759
0.63538417
0.97542896
1.86839409
0.61229364
0.36841824
0.95895477
1.05940448
0.52017467
0.57902527
1.02918515
0.90273348
0.17971768
0.43963097
0.58595728
1.16785271
1.21468110
0.91606523
0.72072865
1.21347167
0.68307517
1.57763012
0.55492184
1.61781679
0.44656375
0.04177893
0.91178728
2.07118157
0.13693068
0.67949974
0.01933937
0.62695168
0.25151836
0.73366309
0.21156756
0.17685896
0.45691647
1.78712829
1.04440559
0.48512423
0.43436871
2.90525716
0.11505916
0.33543510
0.12063792
0.80188828
2.55306061
0.54009001
1.47286484
2.10731341
0.52441826
0.81065837
1.90167536
2.42542233
1.50253913
1.63027609
0.76260164
0.45524306
0.34041431
0.63408051
0.95979732
0.44923735
0.47186106
1.04062133
1.38666196
1.58737824
0.98546378
0.69079814
1.61333688
1.15837745
2.97419364
1.51734062
2.89499792
1.99119555
0.32689605
1.43886176
0.37531724
0.59840737
0.75642382
1.21721569
1.63780040
0.40621421
0.95558370
2.35540900
0.67659498
0.74939585
0.35537203
0.95574019
2.09601944
0.68378276
1.25884166
1.09658454
2.24909085
0.74898342
0.47520947
2.93036383
0.68614403
3.30288652
0.59986983
0.78389926
1.48393260
0.48965667
2.02707134
1.83407306
1.02348168
0.51717736
1.46626994
1.06736183
1.34483452
0.49155574
0.24448052
1.71204544
1.11478934
0.32563621
0.85688239
0.34820912
0.25910601
0.23779983
0.10390688
0.04966028
0.50136005
0.72876024
2.58910919
1.54687853
2.21022515
2.61759154
0.53377552
1.43525701
0.70106871
0.87968178
1.09527336
0.59023109
0.58554083
1.33729056
0.92534254
0.79213796
3.41009375
2.40448575
2.17325409
3.71540800
0.53570360
1.21596425
0.86528932
2.88499024
0.77688319
0.60918470
0.58810166
1.86127671
0.83061655
1.09689774
0.40605406
0.56322177
0.88175497
0.27580107
0.55862658
1.45691763
1.38396969
2.31707328
0.95058375
0.75696949
0.21445873
1.72007669
0.33282280
0.16333831
1.53772977
0.28033055
0.29703909
1.54290315
1.61892588
2.71874591
0.63666353
1.48603743
2.93842021
1.97116497
0.69689241
0.39716766
1.19930299
1.74272464
0.10853981
0.94809389
0.10837032
0.61907429
0.36323881
4.76671124
1.14754332
0.53359812
0.59217746
0.52870892
1.34611737
1.60258543
0.42576006
0.74863704
1.13222826
1.08664553
0.34218312
0.85055983
1.43017624
0.36284155
0.93559985
2.66328200
1.04990567
0.53900818
1.66087245
3.34973763
2.36277386
1.06264932
0.65315511
0.74295154
0.68525322
0.11612783
1.89470223
1.28391895
3.29302572
1.47795885
2.29694615
1.47484040
1.17393426
2.32065703
0.54697330
0.32905083
0.78750681
0.58375578
0.40143393
0.46433161
3.23577203
0.31803474
1.39718202
0.21064031
0.28487945
0.48581099
0.64481233
1.16459441
1.36908247
1.08468678
0.18135407
0.28263412
2.77950947
2.14770423
1.00425071
0.91264579
0.23555970
0.51319189
1.84316987
0.48143137
0.43747170
0.88910280
0.12133210
1.14050365
0.26673773
0.55674274
2.71027692
0.71185035
0.46450223
1.22048322
0.23831678
1.66555991
1.23441683
0.64463574
0.56325095
0.13840059
0.46881523
0.45427074
0.82943342
0.94029863
1.42986748
2.32782068
2.03020329
1.53911813
0.42274803
0.22535117
0.14902158
0.43627432
2.21264942
0.65076931
1.85103083
1.02741127
1.45231054
1.18014544
2.10132950
1.18027507
2.57414007
0.25564378
0.23354081
0.53434742
0.74648599
1.03073301
1.74719606
0.50591616
1.80371956
1.08362604
0.55042294
2.12653781
0.46228427
0.35972196
0.83765177
1.82026903
0.72552842
0.73136530
0.77373765
0.58328423
1.16622715
0.12078260
0.72002909
0.24634035
0.92550679
1.25395514
0.66867719
0.24081198
0.67847333
2.16037452
3.11687110
0.42769881
0.62315700
0.67683130
1.85991739
0.60670832
1.14096883
2.51062387
0.15630891
0.27583540
0.83724446
0.81957461
1.34889544
0.54139432
0.42254327
0.21399725
2.07151545
0.58705126
0.82668321
0.92297219
1.24700334
2.36715500
0.31576473
0.34453816
1.78444495
1.46270278
0.90858793
0.56286717
1.11875069
1.32760866
0.23056106
0.70556277
0.15466207
1.95459101
0.58791823
0.93459109
0.64267739
0.41618823
0.42400621
0.62769741
1.30005494
0.24199552
1.18553243
0.36490839
1.29735374
1.07165719
0.42220173
0.94455912
0.28928394
0.74587643
0.09047330
0.10704315
0.77622886
0.63261903
1.12434370
1.07776928
0.80843193
0.75953964
1.58451954
0.65338326
0.72390204
0.31627537
1.15420350
0.81120064
0.75480511
0.47388093
1.30737327
1.48933381
1.92519593
1.52020531
2.28066566
0.41963670
0.62121977
1.36918398
3.05038999
0.53345498
1.36541736
0.77386439
0.30348140
0.39744072
2.30929435
0.21418526
1.71806088
1.50346146
0.77960266
0.35317133
0.18322061
0.19619321
0.66810075
1.46221226
1.49854260
0.88725073
0.67576261
1.63883452
2.01089285
1.94591607
0.43574989
1.26142801
1.27294590
0.69472840
0.80847921
0.56632522
0.36370353
0.42705922
0.79983682
1.35549157
1.65474087
0.90051538
2.86349085
0.67886429
1.07080460
0.87058966
0.29975310
0.55738592
0.80513904
0.48263877
1.43466713
0.17102444
0.29564719
3.05321165
1.48746642
0.48608461
2.32569177
0.17169033
0.43023852
1.12921395
0.63229131
2.26050653
1.45804249
0.29521674
0.32951301
0.25472475
2.04502123
1.50972268
2.23909029
0.38625598
0.72027361
1.15908160
0.10830379
0.42447524
1.00155042
0.27656916
1.43713180
0.29710274
0.45053419
0.30691435
1.71440073
0.59567663
0.56716998
0.78115758
0.33382172
0.50273335
1.34042370
1.60467171
2.40436801
0.67833776
1.63220990
0.46327556
0.48082056
1.65843246
0.49815857
1.52570036
1.50754897
0.41987303
0.66741902
0.51285442
0.49289674
1.00452192
2.19484717
0.93952267
1.07210801
0.17146507
1.43437358
0.96104258
1.03071312
0.55161478
1.44540788
0.39824996
1.08328356
0.96188367
0.83510954
0.72026075
1.27455779
0.25392469
1.94815062
0.81320502
0.42925696
2.17662434
0.34692849
1.88428433
1.69059567
0.63143145
0.26078031
0.49848207
0.06906781
0.65390082
1.79027579
0.33806221
0.76728210
0.78571118
1.48712848
0.46933819
2.30725008
1.12192883
0.40479101
0.55491720
1.51196851
0.89226037
1.67414234
0.22456244
1.27594192
0.44296959
0.67439786
0.64359119
1.25586912
0.97288064
0.63711127
0.70805097
1.63163055
0.99349459
0.48059746
1.07227850
0.68465221
0.48192364
0.93089966
0.47974069
0.83296436
1.54458210
0.83499305
0.83203059
0.51593328
0.14690103
0.53501262
1.31182607
0.87500483
0.73610996
3.25641049
0.27465546
0.48147960
1.13100899
1.28716248
0.30986094
2.68204180
0.18227601
0.66713086
0.11307681
0.18578992
0.38509178
0.26181354
1.69443627
0.74859190
1.01760313
4.38798418
1.03389920
0.35129146
1.10365662
1.16428186
1.77555000
0.14361282
3.70023070
0.59470942
0.57777687
0.59401885
0.31839674
0.39440370
0.28457391
0.31634450
0.62005181
0.19155966
0.32932067
0.27962929
1.63847591
0.99647267
0.25445313
1.03232645
0.83452912
0.42681843
1.33088421
1.14713304
0.69894379
0.14563426
1.83485664
0.03358356
0.96441796
3.04434034
0.15918155
1.46042535
0.33462524
0.39935390
0.53896019
0.33458936
0.28569394
0.43266966
0.90405356
0.38024964
0.94639773
0.90961176
0.24228630
2.32716217
1.43063441
2.67936244
0.76567099
0.99410111
0.89917759
1.43955245
0.47901973
0.70265585
0.63947880
0.90165198
0.62921586
0.13323646
0.22802449
0.33494140
0.53201702
1.20947559
0.68965470
1.60581567
0.31093999
0.86018577
2.64630686
0.91244631
1.74671721
0.83698848
0.70476239
0.09307161
0.54802814
1.47555112
0.36416298
0.59906498
0.78762656
1.87084224
0.52096867
3.02030636
0.71910230
1.73767557
0.75406186
0.39184464
0.69364628
2.27279190
0.58145242
0.41876282
0.57766350
0.41884845
1.36080250
0.21353475
0.49809020
0.14115425
1.11363800
0.67667972
0.20896961
0.10745397
1.09309688
0.12021090
0.79046417
2.17745319
1.65095886
0.29672750
0.32232601
0.42443978
0.52574995
0.97314505
2.36196994
1.38803907
0.34156982
0.72728022
0.99796370
0.37769378
0.13311555
0.32036331
1.48587663
1.16504777
0.48445915
0.12256578
1.12771254
0.04870875
0.75996767
0.45866783
0.51687419
1.27827983
2.76749969
0.02456927
1.78781424
1.75984748
0.73736105
0.45424915
1.34964706
1.58110964
1.30751320
1.26917262
1.34248377
0.22895987
0.18826583
1.66553594
0.65326884
1.01883715
0.60356437
0.85542183
0.94055161
1.78976734
1.08021381
0.47608345
0.63031922
0.59766882
0.38940819
0.58017777
1.06140186
1.02301275
1.51388548
1.13301932
0.82486648
0.89490051
1.82917893
1.63018820
0.77868251
1.26280117
0.47191798
0.56926164
1.17996563
0.29248744
0.54517697
1.15005305
1.56441757
0.34907755
1.21716347
0.11288615
1.11959123
0.76562190
1.16072940
1.51230986
2.25631827
0.56886510
0.92351660
0.92562660
0.17180176
1.12152478
0.55357296
1.59874018
0.25108749
2.55569120
0.69284502
1.36649597
1.18490102
0.81100514
0.60326396
1.51308874
0.66896546
1.84276080
0.50598910
0.53249643
1.03626558
0.42170528
2.99120883
1.05401018
0.54385972
0.56557012
0.32681380
1.46797544
0.68280199
0.83736222
1.15562521
1.29582075
0.99064932
1.24287317
0.33540700
1.20353763
0.59094190
0.77519866
0.48616559
1.09026079
0.92756907
0.20356633
1.63062076
1.33190800
0.75681232
0.28419577
1.67144962
0.23726215
1.25456699
0.51436286
0.78968670
0.73429313
0.34158487
1.61223863
1.75406214
0.73434853
1.08974695
0.92780767
0.63921301
0.72593934
1.31294664
0.31939662
2.11004822
0.85944203
0.62427886
0.27602331
0.44085916
1.31934916
0.18881922
0.58919506
1.23515729
0.53608200
0.59537578
0.53163124
1.80306626
0.33783579
0.77386644
0.19183938
1.07979381
0.17589757
1.66025025
0.56621991
0.13095115
0.84935416
0.74616300
0.90537825
1.00862046
0.96926420
1.07717955
1.56590584
0.80962021
1.73251160
0.75826649
0.99336677
0.30891788
0.93360454
0.32859671
0.76536144
1.06989216
1.46311317
1.31667525
1.10223505
0.85304113
0.47301926
1.24795750
0.11967873
1.16459798
0.34940468
0.42674632
0.54905796
1.12666033
0.27619456
0.70540328
1.36330573
1.04277747
1.44908581
2.30112801
0.75298551
0.13246700
2.02243157
1.89509093
1.17283287
0.84784204
1.35078459
0.06100798
0.35709766
0.60675845
0.32963064
0.38617645
0.50618272
0.73919540
1.14515187
0.22945311
0.84898643
0.58067207
0.69915460
0.51456253
0.92245088
0.57383145
1.21672216
0.19774506
1.77586268
0.47378258
0.52302792
1.38337501
0.31217354
0.79636420
1.70848130
0.63733581
0.63457894
1.03479014
1.48549638
1.29345531
0.75204351
0.55267339
1.87670044
0.39371236
2.10517429
0.58244157
0.82646553
2.21242518
0.64809369
0.78051712
0.55116670
1.42562564
0.48495197
2.65584099
1.89830124
0.54693112
2.41809191
1.15633247
1.27344863
1.44806181
0.44883595
0.94835928
0.66688697
0.35437079
0.73368079
0.88823934
0.88080248
1.15109965
0.42839574
0.49570840
0.90915756
0.49023099
1.69858558
3.00625389
0.29443036
0.10015295
0.35634800
1.11128994
1.76198524
2.79385392
0.48207736
0.87669174
0.21570853
1.63988292
0.42544955
1.56950350
0.42137027
0.72806993
1.78673715
0.79158668
0.71812526
0.98427845
0.32666471
3.65985805
1.29405554
1.64656940
0.92671712
1.20435765
0.17428080
1.66429628
0.60659541
0.64981371
1.28615145
0.41916557
1.16369792
2.68919652
2.09169853
0.68981019
1.42832758
0.86022792
1.73623292
0.43858227
0.23257074
0.92926193
0.43671223
1.73774998
0.44727289
0.59813373
0.38062736
0.36240843
0.62068461
0.34009481
1.98949692
0.68224512
0.48304963
1.21564053
1.50730966
0.60811984
0.24399420
0.23445907
1.57523267
0.81159894
0.74045506
0.13757928
1.58201561
0.16208930
0.66369567
2.14353429
1.29704293
2.36447294
0.21933348
2.36686912
1.33022314
1.80073781
0.64337203
1.26921167
0.62514187
0.85569334
2.06869648
0.58478911
2.14447102
0.90607329
0.63016394
0.42195329
1.48019563
1.43056429
0.62492499
1.22791258
0.22880557
0.14100165
0.19727670
0.75479203
0.28152236
0.23228928
0.23895675
0.64888375
0.88124702
2.43820682
0.94759807
1.30255917
0.56656649
1.26049755
0.03598147
0.57738486
1.09986130
0.82254640
0.34294603
0.69728352
0.58848496
1.15992948
2.34842747
1.48171918
0.83618625
2.89322439
0.74415720
0.63205157
3.00790643
2.12342283
0.96818001
1.04458087
0.22270107
0.47087259
0.83935712
1.16610711
0.34719217
0.33907914
2.14208150
3.22337236
0.34091273
0.84416696
0.65457172
0.24812523
0.12588270
0.33793632
1.51056115
1.05074626
0.24810005
0.32055959
1.31813161
0.44452082
0.58701875
1.69637367
1.14655646
1.98688837
1.11824132
0.72370548
0.42815699
0.32968115
0.60348580
1.68248307
0.27825838
1.50507811
0.86606541
0.27636855
0.66322871
0.61950274
1.61948302
0.35893965
1.08424453
0.23134230
0.71951630
0.54665528
0.89884624
1.17042087
0.58753427
0.44724483
0.39754180
0.60584950
1.17822461
0.29239029
0.79103045
1.15535894
0.53264236
0.22850563
0.24616203
1.93734950
0.86354180
0.52100645
0.09998359
1.22707645
1.01131040
1.73320260
0.67489152
1.55535727
0.20871963
1.10179650
0.25573237
1.30122597
2.10568215
0.47948224
1.17317935
0.54406227
1.13147770
1.67127370
0.96504193
1.26174262
2.43492633
1.08127442
1.29698208
1.22958581
4.08417260
1.39644635
3.31528312
0.46520444
0.25089207
1.30707822
0.80633808
0.94504598
2.74997282
0.50664357
0.24361793
0.51563279
0.61558540
0.38815020
1.29259403
1.50293211
0.75910272
0.69406348
0.76141743
0.43717482
1.73014514
1.37837568
0.83975680
0.66479907
0.56535473
0.43253448
1.34937535
0.27421040
0.52944150
0.70477214
1.60599526
1.22310379
0.75862627
0.55268826
2.76959310
0.29626891
1.11707927
0.47640178
0.82819660
0.80196062
1.63784369
0.89544569
1.13418556
0.88673000
0.61623200
0.63213427
1.47476578
0.86625441
2.00062864
3.26881683
1.10354644
0.51931742
0.85421500
0.83120128
1.55415097
1.76117869
0.84189417
0.65270382
1.56318414
0.89125304
1.39731097
4.10782723
0.28842715
0.27817179
3.05229792
0.45895250
1.23841942
0.55112222
0.43834056
0.46506883
0.31644892
0.87069615
1.05674797
1.38202720
1.49221447
0.46983774
0.42405774
0.38630232
0.45821805
0.54267105
0.10134738
0.27303680
1.23875721
0.30848030
2.35505145
0.75640301
0.99497629
1.23640620
0.79973627
3.74972476
0.62439223
0.28074966
0.97172644
0.20983805
2.92504377
0.78542158
0.77936996
1.28096393
0.02506478
1.65941481
0.27733474
2.35003212
2.55254437
1.60802210
1.53431101
0.33473805
0.68264180
1.70309017
1.13425335
1.95519193
2.23776119
0.56602331
0.65834572
0.45683753
2.38856643
2.29636144
1.16682865
0.91183868
2.58106951
0.68593261
0.82507683
0.93692529
0.85835229
0.39432595
1.44597918
0.04306745
0.55594120
0.55040690
1.00856837
0.23098062
0.70071941
0.58663474
0.33077644
1.66566293
0.64045786
0.78520711
1.02114337
1.50846394
0.77837713
0.13401276
2.33214062
2.11463500
0.29552269
0.52416666
0.19587415
1.20478713
1.43701723
2.42759230
0.81433219
0.46161504
0.83445853
0.34483467
0.98665902
0.35801037
1.84193560
2.17942920
0.55812359
0.60023671
0.61486005
1.04341304
2.20237868
1.36726316
0.45748530
0.40621153
1.91246985
1.93989421
0.53780096
0.43731924
0.50708010
0.43354834
1.67463644
4.58079554
0.62790692
0.12920404
1.45802257
0.75741006
0.89659260
2.07834907
0.76647306
0.93194203
0.76548210
0.06000846
0.96260649
0.36667020
0.83010860
0.07173378
1.63621843
1.91273582
3.06132273
0.40691828
1.37737409
1.90384659
1.92401318
1.05774924
0.11629708
1.61940355
1.27683276
0.55882823
0.77385758
0.93086529
0.78995689
0.61567642
1.10089681
0.55971160
0.87465672
0.66132448
0.24984299
0.58940038
1.12195769
0.09696705
0.88539998
3.34874551
0.50178395
0.50787680
0.64818043
0.46979522
1.07938249
0.83494666
1.07116498
0.65644225
0.23434064
1.48623736
1.18002983
0.49357017
0.84479265
0.48441121
2.53111438
1.07020426
0.19425780
2.11781530
0.19821678
2.12877697
0.85200734
1.53548087
1.40105877
0.29859924
0.85526283
2.74477699
3.31804042
0.53587091
0.53745915
1.62937418
1.06226159
0.34098254
0.83473673
0.62479165
1.53242761
0.57946817
0.31430128
1.47940330
0.32000949
0.81223979
0.09372041
0.28367315
0.54874784
0.56492821
1.64537555
0.44814236
1.94303700
0.46639919
0.14217049
0.79677129
0.08845960
1.81168781
0.42345247
2.67151552
0.33269736
0.83454188
1.02545611
0.08025343
1.08035974
0.88063500
1.28988937
0.52156164
0.41971897
0.64539825
1.77258117
1.13543369
1.46803345
0.36066773
1.21649521
1.33887417
3.05817389
0.92780642
0.56174247
0.77898109
1.25416140
1.28982129
1.38511472
0.61382403
1.32298608
1.45441000
0.71755883
1.05676244
3.51044122
0.28599661
1.63536916
0.23724572
0.58071629
4.77869017
0.55098022
0.32644734
0.53421155
2.13219558
1.26535349
0.69875707
1.69020343
0.71764387
1.50670723
2.54713788
1.93165605
0.51660689
1.08826290
0.02369109
0.14852123
1.34039469
0.10099665
1.51250263
1.41816985
0.55854937
1.10256133
0.51020266
1.68484890
0.91061646
1.23440928
1.00419516
0.77105296
0.15558304
2.43451418
1.76842971
0.23269081
0.69418462
0.76463646
0.99204680
0.26882899
0.43725518
2.16016509
2.50443815
1.19815801
1.33104452
0.17475238
0.84351311
0.18196350
0.12689322
1.21528563
0.31070456
0.59557549
0.92759410
0.60135260
0.37306148
2.79052783
1.45310884
0.86990777
0.56671423
1.91740888
0.25153046
0.69976823
0.74421521
0.75643562
0.77758039
0.29327140
0.27238268
0.41713068
0.41158189
0.39339950
1.13758569
0.53649011
1.46317181
0.44023310
1.72294435
0.66089295
0.65538254
1.40351410
0.65205144
0.62970359
0.05304398
1.32500424
1.13649981
0.29917565
1.06736773
0.59755281
0.62870860
0.38093287
0.63777436
1.09379530
0.52479687
0.46412203
0.54239816
0.24051531
0.69515528
0.50953382
0.36113545
1.03429150
2.44532053
1.18406981
0.64686000
0.99260918
0.91858616
0.24517984
1.12320452
1.31367051
1.45822222
0.14129753
0.52526309
0.49058546
0.28732891
0.26297129
3.14102848
2.16539368
0.50082406
0.72978213
0.70741417
1.16894361
0.66367137
0.67677876
0.36360871
0.95779078
0.87426792
1.75879154
0.45512705
1.58522447
0.70109856
2.58775470
0.66774048
0.27373644
0.40640961
0.27433233
0.86671215
0.89469808
0.93740493
2.28913969
0.37176050
2.11899275
0.89503086
0.84032326
0.49320615
1.08358058
2.23057229
0.79562434
3.38900867
2.02860904
0.44810172
1.03001321
0.13922434
0.33246437
1.18532249
0.53642964
0.89097505
1.20323825
1.28274935
1.35925555
1.42863555
0.96905611
0.60015687
1.86325800
0.14292494
1.55536552
1.04270100
0.17833599
3.17756102
1.21748645
0.68572112
0.76773150
0.11716273
0.64237857
0.76107142
0.73893043
1.47285791
1.19940916
0.59183407
1.21382475
1.13429472
1.31494196
1.20019210
0.57432525
0.38330780
0.55677052
1.12226360
0.83200840
2.31476289
1.16200396
0.20649744
2.24841072
0.84069637
1.30765965
0.19606615
0.97786801
2.36762914
0.07928764
0.85375376
0.85701214
0.75555295
0.93190132
0.33738139
2.34290725
0.24404064
0.30460581
2.92853782
1.64780566
1.68724111
0.35116611
1.15078546
1.25824377
2.12857964
2.84817361
0.64394694
0.12347416
0.79023034
0.53956927
0.43596150
0.35259043
0.55200767
0.59681381
0.64800745
1.36847843
1.59800039
0.38306861
0.78777467
1.30170114
0.76022445
0.92884373
0.08190452
0.09734914
0.15955140
0.42668732
0.14318972
4.00665220
0.55377936
0.14599375
0.75491693
0.80722598
0.59446101
0.58889788
0.34646041
1.07481777
1.11092868
0.16171624
0.53828088
0.32499500
0.08967031
0.86337279
0.88734624
1.51575795
0.45651569
1.13513925
0.88439810
1.45672879
1.19177527
0.89762917
1.07045111
0.26808227
1.04989225
0.26581195
0.50341464
1.46736965
0.05514311
1.04248550
1.56287987
2.10266447
0.93259287
0.31939339
0.45182595
1.25599052
1.03375052
0.40703729
0.06638112
1.17459365
1.04748351
0.31277831
3.33793843
1.55290157
0.77438311
0.35190250
0.41527931
0.95886502
3.33983443
0.89882888
0.92312366
0.08602303
2.02145634
0.23403861
0.82262841
1.78848066
0.20605919
0.43718908
1.83074144
2.03741799
0.23942917
0.19538939
0.27579914
1.07539251
0.77913380
0.20299910
0.99305279
2.72182011
0.35526031
0.90409754
4.03485194
0.66539827
0.28475679
1.06179606
0.10291296
0.68665642
5.25978788
1.50840630
0.26453117
1.98791709
2.72306859
0.54658071
0.18992231
1.92486543
0.80397886
0.68872598
0.80655277
1.02361153
0.13701916
0.71766909
0.15036325
0.69239860
1.75630856
0.88314155
1.72022647
0.83551809
2.70859003
1.74846534
0.42611983
2.83386949
1.63992031
0.10889367
1.26050405
0.47441906
3.02514110
1.05429986
0.43474749
2.00368072
0.37445026
1.97741856
1.31282180
0.27753284
1.29508932
1.81131887
2.48783378
0.61975500
0.98034690
0.83594667
1.66371280
0.56751662
0.61357213
1.10890746
1.58066972
0.15775500
0.22131786
0.74011082
0.98264761
0.42184201
0.57838399
1.77040047
1.49644469
0.46527442
0.43033632
0.31072782
1.72115305
1.44064037
1.36851791
1.00436284
0.89041693
1.72124782
0.70573374
0.48254159
0.86887009
0.03928496
0.72320402
1.04144815
0.82112131
2.47740446
0.31981639
1.33217750
1.72828620
0.46444767
0.58067446
0.67873082
1.13636161
1.30110273
1.36470637
0.53838763
0.95770319
0.12063924
0.73416188
0.29287245
1.22162276
1.25153100
0.53418194
0.22025951
0.08790601
0.55598683
1.92332957
0.23010683
1.60943146
0.99777902
1.80595930
0.80808188
1.67037445
0.62503263
0.84736960
0.12054443
1.29570930
1.51016623
1.11693954
1.62428859
0.51082295
0.30032821
1.28272042
0.94721025
1.39521623
0.26708565
0.61503562
2.32590559
1.15700325
0.54835460
1.40467384
1.42834995
1.28017061
1.10350085
0.97061707
1.40914922
2.70763023
0.90371550
0.08751971
1.15838425
0.92576353
1.59079685
0.26269727
1.16577318
1.09756648
0.22988949
1.99685461
0.49020232
0.72857293
1.50189749
0.63206597
0.94513466
0.52829302
1.21491186
0.25675693
1.81946734
0.00944489
1.58848008
0.59514666
1.88958292
0.67569939
0.11869239
1.06934969
0.79579741
0.43303297
0.82014901
3.88687111
0.65734660
1.25072413
3.11411287
0.91299669
0.32009809
0.59614417
1.25033221
0.19585016
0.82256136
0.25886195
0.52317332
1.20677918
2.58061311
0.30563086
1.33910814
2.72414022
0.62138377
0.48210972
2.50574129
2.39135808
2.48628690
1.17723109
0.68817600
0.23623524
1.74870753
0.66505278
0.67383252
0.44279194
1.79088686
0.52158981
0.23875087
1.03972438
1.96487575
0.68674905
1.55849901
1.18142226
0.67598544
0.92682280
2.82280425
0.21330815
1.06368031
0.92666637
0.40331869
0.46954857
0.66411659
1.58553683
0.52743781
0.64957340
0.81736594
1.32702158
1.59141612
1.99256692
2.04125356
0.41952210
0.71050885
0.91536964
0.48083682
3.60258722
0.93623262
0.91702538
1.06700962
0.61109415
0.38500793
0.89926711
0.98766954
0.50526914
1.29407467
0.37865866
0.51734704
0.41596216
0.69982410
0.26295521
1.90907348
1.49153266
0.19084211
0.64032125
2.05848820
1.17031932
2.29727801
0.87560671
1.04153889
0.51782248
0.56159334
0.48645793
2.56530917
1.24087453
0.06107781
1.39884361
0.58953070
0.84856883
0.31384214
3.10805971
0.21502958
0.40330498
1.95782175
1.02905607
0.66458377
0.07234323
0.31475897
0.53500526
1.56882460
0.72321482
0.24512326
0.52322956
0.29129436
0.61291160
1.28766102
0.44831243
0.67205214
0.40481210
0.83884138
1.36445103
0.22468379
0.30484194
0.78259117
0.60885277
0.88545197
0.25596080
0.19914976
1.27291973
1.74395437
0.52633646
0.25036515
0.68916448
0.53170637
0.62064430
0.67911845
0.84888583
1.76488794
0.80588599
1.10914172
0.63622714
1.47466163
0.29955397
1.04861225
1.38004494
1.51514423
1.38588160
1.42347803
1.43860510
0.93535919
1.41448850
0.58631906
1.63799300
0.60723623
0.13968464
0.14826954
1.38510840
0.57145424
0.36837967
0.91969183
0.98716086
1.09319980
0.69432030
0.52194161
1.26167598
0.23907175
0.25933476
2.00757280
0.62551048
0.60099037
0.26937947
0.66093755
0.74486549
0.54323512
0.58459036
0.44598503
0.44753770
1.30626423
1.16062679
2.00190472
1.96984111
0.50323438
0.49401705
0.32804916
0.25542660
1.00152771
0.92069561
0.44988959
0.30778900
0.52321209
0.85818417
1.16088165
2.05607584
1.00702282
1.33311879
0.51563128
0.78190405
2.15343000
0.91565336
0.49028384
0.92996924
1.48377699
0.27803812
1.66428749
0.45178015
1.79686922
0.33355814
0.70042174
1.57509077
2.79086982
1.71336119
1.14558323
1.64390764
0.83503489
0.55401635
1.38790178
0.48094561
0.86148078
1.47234604
0.39549355
1.16421013
0.42247900
0.96394192
0.95582955
3.06105099
1.37924140
0.48549734
1.24340899
0.51487817
0.10163859
1.68197735
0.36268412
1.63533595
1.09586940
0.81988051
1.21032269
2.13066401
1.36221608
0.15590358
0.24303177
0.55473799
0.57908511
0.40668117
1.01255307
2.45113606
1.93436971
1.94289261
0.12838116
1.36765023
0.30299232
0.16568719
0.77868742
1.88487019
1.33735998
0.56107009
0.59515219
0.37014718
0.63407712
1.78601528
1.31577256
0.42341534
1.14502795
0.98389489
0.89765894
1.24406525
0.35638727
1.10262769
0.93348830
0.30304223
1.16611505
0.59808092
0.47137625
0.86875915
0.38939301
2.77086454
0.16676341
0.99703163
1.57001506
3.47530619
1.15522220
0.65870094
1.26638178
0.46705554
2.77484758
0.67056096
0.41899304
0.87789263
2.22640579
0.95652206
1.17853898
0.90037585
0.61898820
2.43858845
0.17395230
0.13882568
0.51582883
1.99036654
1.10399746
0.07426127
2.79431045
0.22959540
3.05723595
0.27122138
1.08132757
1.19646523
0.13019622
0.63651167
0.45490224
0.75034208
0.69090787
0.12409394
0.30203960
0.27196279
1.77545144
0.10141875
1.05722542
1.65380740
0.63507143
0.47606016
0.50035962
0.23695342
0.38682297
0.49725394
1.20307577
0.55907681
1.48676435
0.07547449
0.63867639
0.54650721
0.97851960
2.04343368
0.84894779
1.89888393
2.55545058
0.84492912
0.34322098
0.52683579
1.49344858
1.18934024
0.67134156
1.38455739
0.35048108
1.23120903
0.77804270
1.56471628
1.84189027
0.35514007
0.68226031
1.88600114
0.30171182
1.42784409
1.33368353
0.32195060
0.18010501
1.18750063
0.56089052
0.24597515
1.96616157
0.45882757
0.72038848
0.49038255
0.99492156
0.25095635
0.55092382
1.03446165
0.18413238
0.42349587
0.81613279
0.48643423
0.57932700
0.93523155
0.41642995
0.39122842
1.83215055
1.01750418
0.47063999
1.39224768
1.36517189
1.55001137
1.31440959
0.72829812
1.26814492
0.06988153
0.77247208
1.98503771
0.53045469
1.48058861
3.86157248
0.62216097
1.16769037
0.94000794
0.74933448
0.31715587
0.46069098
0.83886393
1.57050544
1.42303737
0.95612393
0.66826890
0.73277814
0.48267813
2.09828719
1.14452806
0.28156568
1.25372103
0.67773532
1.73370818
1.43438430
1.92934158
1.78392911
3.91322450
2.61083092
0.31182814
0.37504522
1.09944363
0.60554663
0.92301722
2.56128876
1.71302240
0.70620120
0.73572769
1.40589694
0.32600254
0.92042472
0.96064765
0.93183479
1.33207033
0.95212608
0.17352050
0.17532121
0.75063717
1.08998480
1.53996826
0.74848637
1.86469494
2.05204282
0.16048408
0.35563627
1.30742802
0.64186002
0.17789564
0.92134505
2.25695681
0.12183777
0.97015477
0.54404017
0.43625244
1.51660118
0.53546939
0.33294849
0.50859149
0.32920536
2.62048854
0.75599956
0.95024261
0.33190579
0.60595071
0.14399909
0.53529018
0.62272252
0.24292939
1.51401654
0.77502431
0.77077287
1.44776134
1.74477582
0.87206341
1.07502135
0.46631660
0.02266268
1.10850069
2.31407915
2.17092505
0.12359066
0.76054941
0.87759798
0.33575261
1.58242834
0.34108982
0.62838622
0.36721146
1.07772454
2.95099012
2.55723405
0.34750425
1.18737218
0.69888585
0.45662472
0.62055043
0.92115495
0.50005214
0.29043896
0.82789131
0.82712355
0.36820242
0.83495512
1.20147563
1.33556197
2.54153446
2.41599828
1.80006464
2.33421972
0.23815572
0.77899683
1.22343413
0.17453687
0.40324137
0.79614951
1.26488708
0.10995115
1.72909602
1.32862379
0.25636203
1.14930865
0.74962902
0.68888358
0.65130694
0.95376107
1.29060307
0.87228281
1.66005728
0.19476304
0.26571332
1.45887006
0.95196248
0.93458321
1.91521710
1.89125234
1.23732686
0.62012343
0.87791875
1.34363202
0.14477154
0.08437344
0.93152996
0.50552351
0.69747994
1.69704775
2.95119866
1.40638954
0.72027111
0.31036295
1.02625940
0.30991132
1.18842170
1.29796595
1.56042280
1.68022623
0.82355187
0.79039900
1.32340542
1.20316963
1.76208086
0.41762118
1.22917888
0.51927089
0.31534649
0.60567568
0.36499702
0.13791406
0.85519012
0.10198036
0.38199530
1.41895196
1.26863756
2.59655719
0.91674037
0.11489827
1.09631446
0.65372536
0.94650313
0.80211084
0.80988362
0.34071227
0.71632228
0.74443311
3.02489880
0.56599382
1.29920544
1.01424984
2.21361097
2.34483461
1.51708901
1.32769714
0.18070726
2.12778110
1.48542300
0.24612060
0.26807215
1.13998369
0.71422195
0.81369682
0.30427220
0.42744098
0.59403497
0.10493725
0.78986037
0.51783919
0.38214680
0.89675557
1.00146827
1.27766209
0.92705740
1.89340616
0.44512520
0.39743200
2.06121486
1.77303746
0.40544289
1.05330322
0.18458720
0.52003456
2.83602609
0.47582653
0.45883297
0.96130323
2.33909617
0.55409908
1.01866163
2.22099559
1.50700162
0.55408970
1.30719984
0.23273801
0.22798441
0.32807994
0.47598792
2.54299052
0.84423957
1.07502023
2.59119566
1.56325836
1.64727378
0.42171552
1.07193200
0.62022452
0.35478176
0.37097870
0.05134809
0.63705290
0.33406676
0.55616717
1.79226478
1.03405955
0.36285253
0.96300209
0.13044418
1.80657853
0.21232123
0.68780321
0.97150471
0.10727744
1.31947825
0.39327595
0.70470135
0.97873156
1.37112962
0.65506957
1.90931392
2.31958954
1.35188957
0.97536674
0.71115101
2.56412111
0.47166083
1.76988965
0.81345656
0.73891928
1.28147791
0.54930932
0.12683010
0.44618425
1.41227350
0.56407016
0.74377505
0.83474236
0.78724491
1.63421254
0.48973030
1.09379314
1.41567085
0.39252520
0.79136033
1.37019832
1.06775914
1.07977810
0.67613890
0.19540661
0.64831093
1.52611580
0.33676822
0.73911086
0.89086078
0.12571431
0.45950818
0.06561610
0.38988603
0.14350599
1.34861308
0.53544341
0.58191616
1.96557964
0.37574751
1.59034032
0.17598544
1.35906026
1.99609194
3.16573526
0.51169583
0.58848933
0.88879320
2.90534662
0.46405840
0.73896271
2.11448847
0.51131078
0.58724124
1.14126301
0.80033169
1.04197301
1.54816662
1.37677085
0.79401439
0.21357239
1.42606067
1.73759236
0.43046098
1.01084307
0.21423236
0.79218939
0.82253898
0.54599514
0.75435205
1.40162395
0.47943932
0.18546865
1.66657002
0.75617864
0.78944596
0.75660261
1.02672661
0.04312742
0.62041106
2.42041450
0.94160456
0.92675996
0.39058671
0.69862431
1.83138433
1.08880086
0.40215748
0.31245634
0.90048376
1.71886829
0.76357695
0.59989266
1.75398896
2.03531942
2.68778831
0.39565050
0.62639675
0.80564162
1.47716568
1.08431592
0.33436839
0.51895879
1.56177835
1.12851990
0.43381640
1.22629664
1.74046861
0.91639163
0.88076706
1.03950053
0.28882222
0.58075567
1.96127165
0.19302695
1.14503121
0.59298478
1.50325863
0.32766050
0.67866437
0.74323233
0.64139209
0.70544519
1.46614780
1.96003080
0.44597655
1.70825666
1.16941135
0.65902407
1.34322506
1.26202600
0.31175558
0.49536506
2.19155085
1.08048667
0.21373995
0.27932326
1.19789560
0.93202607
3.38564566
1.30639355
0.53171621
0.28970978
1.07566750
0.40512973
0.29528806
0.10710273
0.82649472
0.68016860
0.57103395
1.89496223
0.37272802
0.47762406
2.61698930
0.62563251
0.88289926
0.48222295
0.22793139
1.36744944
1.78404348
0.70808240
0.35973738
0.45216825
2.99655792
1.37130236
0.19672926
1.86163997
0.99349216
1.67271194
0.70109270
0.57504749
0.41213971
0.48945058
0.96705991
2.91992388
0.68140282
1.56063527
0.31684202
0.04874370
0.42898302
1.51976451
1.31588313
1.14575960
1.14170681
0.83616757
1.80158840
2.62820075
1.03804126
0.85131266
2.16537570
0.99420218
0.91323967
0.46857070
1.04990340
0.45281739
0.69377355
0.91017519
1.16609512
1.81344989
0.87612197
0.52898904
0.45976744
0.79652980
1.63126972
2.00431743
0.64835525
0.55355854
1.56160648
0.78270339
0.59818704
0.62009154
1.79006283
0.88392606
1.80430094
1.65200503
1.61328731
1.49918705
0.44207233
0.12502818
0.45574792
0.44786637
1.41967671
1.22585967
0.59524848
0.67766433
0.98088006
0.11467388
0.42629205
3.91832522
0.78220493
0.24579089
0.47183728
1.63618711
0.82435142
1.32201690
0.93394707
0.42898965
1.95845203
0.96649438
1.56290430
1.22505681
0.73598869
1.63677433
0.82632982
1.61168985
0.20724081
1.47349662
1.92674771
0.18575366
1.52043093
0.56797060
1.21230860
1.89601422
2.19194103
2.58379138
1.27038782
0.17109177
0.77110130
1.13215775
0.53184542
0.47429632
1.19075916
0.22528412
0.43165244
0.87708901
0.94120148
0.94757993
0.27952190
1.73355635
0.47886119
2.06604839
1.11927694
0.22969208
1.03467559
0.92683184
0.58571358
1.45405949
0.79480210
1.36602907
0.55336250
1.95355572
1.40830762
1.40289679
0.08256114
0.97238801
0.39027525
1.38307211
1.32469614
0.58999673
1.47577214
0.95828453
1.09186057
0.56624698
0.08607100
1.75710413
2.20187142
3.15376619
0.97034492
1.20178284
0.68687681
1.56732422
0.31967436
0.59901854
0.18261673
1.14147665
0.73637435
1.24439418
1.05611925
1.06779055
2.94682018
0.79698227
0.87317275
2.27868428
1.04231699
2.05081820
0.20863150
0.99783705
0.70311967
0.40959204
1.06717414
0.44965137
0.97911186
0.91555456
0.47963413
0.89454712
2.03543335
0.66162991
0.26899283
0.13561563
0.23719121
0.38911667
0.38900415
0.86507088
1.25248768
1.24906549
0.28542066
2.27268348
0.27827525
1.03470555
0.12542972
0.66265498
0.73447673
1.79256917
0.79089282
1.54549695
1.07499564
1.09579070
0.17320182
1.23410385
0.27212796
1.36884779
0.71400401
1.20724775
1.55604060
1.29808681
0.18025259
2.21530309
0.36048506
0.80197402
1.14886725
2.58386587
1.19158397
1.53908797
0.85973896
1.50365653
0.24196789
1.23728370
1.42406188
0.93580876
1.12041072
1.46981832
0.10170299
0.42679088
0.18496807
2.93291308
0.21534100
0.15284541
0.59967918
0.59633333
0.26944820
0.55220421
0.46632329
0.57287057
0.50214019
0.71375464
0.80226824
2.10466947
0.41726187
0.72499763
2.59527423
2.84876732
1.12461496
1.62992784
1.32484290
3.55551514
0.59659534
0.05522138
0.75536358
1.36985869
0.46516999
0.15704551
2.00334732
1.16205805
0.04688429
0.45532378
0.21293870
0.67577632
0.57026921
0.66303558
1.13848297
2.18399301
0.00905343
2.91245674
2.41808401
0.76946639
0.22396343
0.78836339
0.25785942
0.41146081
1.06505659
4.28202409
1.34764805
0.73868692
0.51190238
1.44291434
1.99066768
1.01952328
0.85689525
0.07881738
0.34012308
2.03648308
0.68604264
1.16241124
0.82394347
0.46615680
0.72533998
0.76154647
0.75405882
0.74545299
1.05456831
0.23315010
0.84433371
2.38540331
0.31705141
0.97824642
0.86469808
1.14399263
1.73463531
1.26656909
0.88405435
1.58266514
0.87986607
0.99032270
0.51312290
0.05897236
1.51664734
0.32019202
1.95770782
0.81938184
0.22241037
0.76762185
1.40788077
1.23565197
0.44762928
0.65026178
1.44174022
0.72457137
0.25106560
0.11351505
0.10082528
1.61796760
0.07510542
0.77689719
0.69716948
1.03971217
0.93378123
1.56654070
1.08138515
0.34342861
0.52316729
0.64921392
0.83011937
0.64812515
0.55529848
0.91771585
1.94004473
0.39554123
1.12568467
0.36944269
0.80852144
0.91273103
0.63934831
0.70150882
0.26958656
1.34956608
0.29545760
0.64155807
1.54791841
1.23891571
1.19985635
0.30379198
0.20980335
1.02555647
1.30910149
1.31088815
1.03023613
0.44278218
0.64958149
0.51468905
0.41669474
0.97894701
0.52485661
0.51806250
0.53169066
0.43261130
0.46569864
1.83047597
1.11072781
0.69490563
1.71966464
0.83064173
0.35011727
1.30324559
0.45831398
0.36023829
0.37344289
0.54099696
0.51210234
0.28225253
0.15687442
0.54912439
1.10419278
1.30407277
0.15167223
0.40219024
0.81037619
1.01061806
1.14308296
1.48493297
0.77221306
1.61976679
0.16156127
0.92792263
1.31319156
0.30941164
0.32350040
1.00342716
0.66540324
0.71545220
1.88549095
1.68298920
0.62483650
0.81255184
0.37800646
1.07923388
0.78894833
1.12703213
0.70868264
2.55019706
2.11638182
0.82297539
3.06718107
1.25668934
0.68975448
0.20481676
1.10520659
0.42711566
1.36595461
0.56168622
1.63011960
0.44186536
0.46906731
0.91793143
0.14454852
0.59604447
0.77779780
2.21893893
0.21210960
0.56973093
0.62773748
0.05230334
0.58808721
0.90043624
1.33996783
0.48531813
0.94425806
1.08921936
0.51222143
1.11739823
0.79212711
2.84846912
0.45681924
0.74753229
1.41317798
0.59806686
1.78267483
0.79363283
0.18670529
2.70528089
1.17083278
1.19996148
0.69207635
0.71282561
2.39036406
0.62237050
1.20964228
0.40768243
0.10496853
0.65741794
0.82491515
0.29349767
0.24835665
1.79029511
2.83808218
1.12389484
1.88432967
1.14815143
0.94290672
0.80324013
0.91584341
0.54638955
0.89005124
0.39011530
0.92921772
1.22871313
0.94038862
0.38434837
1.82198919
0.45492487
1.42096085
0.04587895
2.90235721
2.82706753
0.15155941
0.95083936
0.81700055
0.61902483
3.02313003
1.18419857
0.71320675
2.48524310
0.69137308
0.91254830
1.82261067
0.15989171
0.85392757
1.28094400
0.42521345
1.40655452
0.79248302
0.83231290
1.02783464
0.27531510
1.00613599
1.10193177
1.50467043
0.41192392
0.84803060
0.35700474
0.14310060
0.55359552
1.84321118
1.00232318
0.20423464
0.63467371
0.48495028
0.72825366
1.54315883
0.91568423
1.67087615
0.78815246
1.38812943
0.69129207
2.02149010
1.55012783
0.50020577
0.62133441
1.66554093
1.72174547
1.65382883
0.28781229
0.63501962
0.62692979
1.09435743
0.53155794
1.80413594
0.47141668
0.56472041
1.21997978
1.55475916
1.74800025
1.01171753
0.56990079
1.28299787
1.16706925
1.04499193
0.87279884
0.89791388
0.98313114
0.64094958
0.50655480
1.36160176
0.72553658
0.76464274
0.48199108
0.35655769
0.26239056
0.16618304
0.51501455
1.58932962
0.36280356
1.66338793
0.06431789
1.50798037
0.13131881
0.76553841
1.26482778
0.16554278
0.36644339
0.20401113
0.36655948
2.09357984
0.39896788
0.93430312
0.15973298
2.87146106
0.62999619
2.64477779
1.29881071
0.32677384
0.54786062
0.38377970
2.19320847
0.44473856
0.36440533
0.46340173
0.92121406
0.49617056
0.59163042
0.56021268
1.02281561
0.78730515
1.36546312
0.44457501
2.97042577
1.53980250
1.49165568
0.23287116
0.47364175
0.48110639
1.19568391
1.41178508
0.42779868
0.91586961
1.18571708
1.50878035
0.40380314
1.57441296
1.14026790
1.07034120
0.25230506
1.05938760
2.64568727
1.55899530
0.77806273
0.46016707
2.29797389
0.59718416
1.23878850
1.55120036
0.14205991
1.22384530
1.12877983
0.15637639
1.62082984
0.81933370
1.23326450
0.46720431
2.30495796
1.57540124
0.48411280
0.72589513
0.77689681
0.50714273
2.34970371
3.40421181
0.55648197
0.66109554
1.27881587
0.56330359
0.35274378
0.51571754
1.23532928
0.33045298
0.57025677
0.92309641
1.06880867
0.26225616
0.28132274
0.35513243
1.30115767
0.12157855
1.06889724
0.72489682
0.59016657
1.62920881
0.45882001
0.18425218
0.56597408
0.80525387
0.56212754
3.20894506
0.16507243
2.68018692
0.55340555
1.21136579
0.96822542
1.76066227
0.61660045
1.83914284
1.30203403
0.39675168
3.53812672
1.11852606
1.28690208
0.51024456
0.40745780
0.59962337
1.19661495
0.82802296
1.62975297
1.02460643
1.15743750
0.21167785
1.02501687
0.17018766
1.72248482
1.82265997
1.65349696
0.19161297
0.40598412
0.19973255
0.87290011
0.27786673
0.48792067
0.36421801
2.02943728
0.71282200
0.62375271
1.40407269
0.80000642
1.54497431
0.22738812
1.49817424
2.71322387
0.71120164
0.36817394
1.68772056
0.87000301
1.05549229
0.30730529
0.12207273
1.06818675
0.24295223
1.07392579
1.22459212
1.13882621
0.92698817
0.78108420
0.38972511
1.08622768
0.27669795
0.52889558
1.43409398
1.10604411
2.16699236
0.73254690
1.87345840
2.05573150
0.39254198
1.28482834
1.15342953
0.93482349
0.82012926
0.12458980
2.17174568
0.33255840
0.26179374
1.14658844
0.87038586
1.16221261
1.43501605
1.55073730
0.96967502
0.38927596
1.10719707
1.43914594
1.31768186
0.39996453
0.92140389
0.69866005
0.46484704
1.02225175
1.67038016
0.24056424
0.59680706
0.61139925
0.79679589
0.67818128
0.57310786
3.17853732
1.58414386
2.26210992
0.94599618
0.47427931
0.58190149
0.86685177
0.48300486
1.50722871
0.46305200
1.38416336
1.08734524
1.82642225
1.35111673
0.09271645
0.20613478
1.22532970
1.04789039
0.32880862
2.29104548
0.91658082
0.63569243
0.56258567
0.18597784
0.27880320
1.33173510
0.97041120
0.62469636
0.78914675
0.44234350
0.20969568
0.91344694
0.28820872
0.22508448
1.46675432
1.38352290
1.36623684
1.38615471
1.98876545
0.41636992
0.77654208
0.91865303
0.34100965
0.94761353
1.78167955
1.18425445
2.36387941
2.20575765
0.64260527
1.01548140
0.49150232
1.39447956
0.29152469
0.49605128
0.77101446
1.59884481
3.51043935
2.34712042
1.44780628
0.47489248
0.31519557
0.73933945
1.21615152
0.40099778
0.56336745
1.14164708
1.19497821
0.85777151
1.55189428
0.85312858
1.38403788
0.21729681
0.85698603
1.49252483
0.42778354
1.21010397
0.82398330
3.10397046
1.00533543
0.72889082
0.41861330
0.75402751
3.39869834
0.82889729
1.18890178
1.30240269
0.38908868
1.88074258
0.42684511
0.96842318
0.19086863
0.18061806
1.76051249
0.77229892
0.77819406
0.05569955
1.25765376
2.24207732
1.19021044
1.39929835
1.17500606
0.17571075
1.04686302
0.23206617
0.83297217
0.28598969
1.05246431
1.50664104
0.24109653
1.17835558
0.63212342
0.60018319
0.78238727
0.63594043
1.51022931
1.29547853
0.65214513
1.63149212
0.10993426
0.96356302
1.16950364
1.73825488
0.17097548
2.04153243
0.74662425
1.21969346
0.22628156
0.64546644
0.94093186
2.20262500
2.39287370
0.38766457
0.44861815
2.49917458
0.50627620
0.60144307
0.93225291
1.24093901
0.94295855
0.54650487
2.09690855
0.75039560
0.17379072
0.08085618
1.89482403
0.87897331
1.97655624
0.31262478
0.52882402
1.03449699
0.29202296
0.60299650
0.45779111
0.71339260
0.36043530
0.72200301
2.62720937
1.62894059
0.18569954
1.37779586
0.63013635
0.26652696
1.95959850
1.41151421
0.20514560
0.11736523
0.94119625
0.80025479
2.26377537
0.47644204
0.79931051
0.74120567
0.38471122
1.86135206
0.87665563
0.74593970
1.72894698
1.02603659
0.50534572
0.41145613
0.58327421
0.45146403
1.38146441
2.70371404
0.82766419
0.18665358
0.23045704
0.30218232
1.01005178
1.05221729
1.49960806
2.69047027
0.64319116
1.19700642
0.47839958
0.69402739
2.09167024
1.29770783
0.76503255
0.85031608
0.69165852
1.76519369
0.44399028
0.79710693
0.53564950
0.54344266
0.11454645
1.72494337
1.98751882
1.29270757
2.18734500
0.37093362
0.31422916
0.47612878
0.95173994
1.31984981
0.81080550
0.18186085
0.16776190
2.47000076
0.37069242
0.42363283
0.77219702
1.71090862
0.99675375
1.78365340
1.61960872
0.59763976
1.93376362
1.13210827
1.63642761
0.80681295
0.70750628
1.51297020
3.90300231
0.12924033
0.55440695
1.17379381
1.47352260
2.31752825
0.68744215
1.74315139
0.25849216
0.82762582
0.78960034
0.29166329
0.41340350
1.57451902
1.80768959
0.34157954
0.06145502
1.18352210
0.86260368
2.42468613
0.50825094
0.58134530
1.88042043
1.11292467
0.11579879
2.29315714
0.47386863
0.52067778
1.63222414
2.00092336
1.84421985
0.54995433
0.78369545
1.12075468
1.48011729
0.98387078
2.68093858
0.49201725
0.67622368
0.15471682
1.21808764
0.16454034
0.69045268
0.76895481
0.10081115
2.04850396
0.85994977
3.57527148
1.64003002
1.01883927
1.69842970
1.16749479
0.07663524
0.38245352
1.60941707
0.88184393
1.73991764
0.73468416
0.86885697
0.35132449
1.01009198
0.40594474
0.32405283
2.45935528
0.40058501
1.76474247
0.36133669
3.00922062
0.83695010
1.24230995
0.63918430
0.56574193
1.58280848
0.79847068
0.25877585
0.25715358
1.10142878
0.76327891
0.32277289
0.91527504
0.74682297
0.30695875
1.59676901
0.93724069
1.24060116
1.72549190
1.13916987
0.59417667
0.15172562
0.60225107
2.13906820
0.25303103
1.54820082
0.52174882
0.28742802
1.04352083
0.20068201
0.29129140
0.41872818
1.74009927
0.64570996
1.58323751
0.60003544
1.30824389
0.74256120
0.49983193
1.04656393
0.54718318
0.16860945
1.16494887
0.61776628
2.86250094
0.12608217
2.39023368
0.20288321
0.65218253
0.55668996
0.40922462
0.41470416
2.59335494
0.29116603
0.58477599
0.53349772
0.90153065
0.18361882
0.63237931
0.33904187
4.25217305
1.06465258
0.33625107
0.95776152
1.90842851
1.23375291
0.65001853
0.08937895
0.19242657
0.53996427
0.30980421
3.61803094
0.31750439
0.10949994
0.21796267
1.35903038
0.58851069
0.51163385
1.24555487
0.27172860
0.63479065
1.56288745
0.45024442
0.50984429
2.41289196
0.74220894
0.44909402
3.25709000
0.67254735
0.98297333
0.55511953
0.17479105
0.56166449
1.07497369
1.34886362
1.17772980
1.16928808
1.79421741
0.11201297
0.28824077
0.87058100
0.78843916
0.70237961
0.45804750
0.59433427
1.81115245
0.68952537
0.69004522
1.43940124
0.53699499
0.62877394
0.08488856
0.11917807
0.21569101
0.65630367
0.28379216
0.83416757
0.17476947
0.34778963
1.18784551
1.45763230
0.45382367
4.37280620
1.29314287
0.55278463
0.30120002
0.18806379
1.37448872
0.41267656
0.98155093
2.93562434
1.76351085
0.67088368
0.85051165
0.99488595
0.60107575
1.96035012
0.89551695
0.37100112
0.62823402
0.40669043
0.77136688
0.33655979
0.59616630
1.30025526
1.52678070
0.29747058
1.58393836
1.57672270
1.33797321
1.51744273
1.93824466
1.08975236
2.18981665
1.74855439
2.98520114
0.67517715
0.29052070
0.58252353
0.94571623
2.32933816
1.55859486
1.38780722
0.27801157
0.81192151
0.03684574
0.23594561
0.56631906
1.27145680
0.75204864
2.99934299
0.99232070
0.86334614
0.30383583
0.62416031
1.32937360
1.36949581
1.27753425
1.61784083
1.56974001
0.37344114
2.34631549
0.66784781
1.52116455
0.30822750
0.32048209
1.36598208
1.04083297
1.49630557
1.55540417
3.01712523
2.60397624
1.65529524
1.91740689
0.46498768
1.65709667
1.03876153
1.76308989
0.74635647
0.59518249
1.26961537
0.46540677
1.43538403
1.00486356
1.46908070
0.87139332
0.62079549
0.93786895
0.71550883
0.41598787
0.60479722
1.21199486
0.93063113
1.27013846
1.53628618
0.15157782
0.44607413
0.21618849
1.56905240
0.42423839
0.49983880
0.67325094
1.34014397
0.97462797
0.08958914
1.13032691
2.01999609
2.96222916
3.60178550
0.22139100
0.69969987
0.51117673
1.94809797
2.54364018
0.16826478
0.60786218
0.87947075
0.79407562
0.66067913
0.72694748
0.64009837
1.29299679
0.32978607
0.98277886
0.20641974
1.44796274
1.60315608
0.45744940
0.38989197
0.62496629
0.82396410
1.04402670
1.09602511
0.15647313
1.34761652
1.89392718
0.28275503
1.86929808
0.88942109
0.94227142
0.70322948
1.58375863
1.24153529
2.32362940
0.66546425
1.01926642
0.73457428
3.60363260
1.20002947
0.09720451
0.28309152
0.53988993
1.15675789
1.57864705
0.64620756
0.60811439
0.94138704
0.78767641
0.54889355
0.57127094
0.15800432
0.66223161
0.70933773
0.56848982
1.54349267
0.47371841
1.04010046
1.05494444
2.29323244
2.06314337
1.86811754
0.94109137
0.66485929
0.05272125
2.61568343
0.14420812
0.54287361
0.33604093
1.90931775
1.02013474
1.18958383
1.60844881
1.54236612
0.86820153
0.65637564
1.14025215
0.79473479
1.89188780
0.12571199
1.75478220
0.08086599
3.80646737
0.72553826
0.23299525
1.75078619
1.52987579
0.18607676
0.70929365
0.56528778
1.07063823
0.37681239
0.55684333
1.05054227
0.34487935
0.49993699
0.27078996
1.84968405
0.19248737
0.66945014
0.20938713
0.77045178
0.91999117
0.57663186
0.95738520
1.11966102
1.02079329
1.32241891
0.54385008
1.36896257
1.26338070
0.34893752
1.85043172
0.83209444
0.24047727
1.01715563
0.58415747
1.04860325
0.42619223
0.97455672
1.18620964
0.40018134
1.31030400
0.63502373
2.98039855
0.65648179
0.68519703
0.62332597
1.20239267
0.52215004
1.01353273
0.71326217
0.80668316
1.00401614
1.18902275
1.48824894
0.94626836
2.60123094
0.22536628
0.68939021
1.08091912
0.92147439
0.57682958
0.50149379
0.92541561
0.96707042
0.21842714
2.32688466
0.84566132
0.78495894
0.69155306
1.02201952
0.82722897
0.54120029
1.67110841
1.43188096
0.68708720
0.49915916
0.69923454
0.48702906
0.40737464
1.33092612
1.23475473
0.65038822
1.00943598
1.31886812
2.13109623
1.32734579
0.20227266
0.89445855
0.80389269
1.12740073
1.09622936
2.05902087
0.85103407
0.65548459
1.39593859
0.31931380
0.77697785
0.93980379
0.97434630
0.81083624
1.74697567
0.58386952
1.20065239
0.28334202
0.70424839
0.69811963
0.11641948
1.31146417
0.27872373
0.59039079
0.55568628
1.30593060
2.38566866
1.06128685
0.06792297
0.79733382
0.81801425
0.34189667
0.65504629
0.69828480
2.65822428
0.23962853
1.56835871
0.39365329
0.42016555
0.45452523
1.41235564
0.61754042
0.20244647
1.71322409
1.19229887
0.68289876
1.54389580
0.48626690
2.70912177
0.67351464
1.95200603
1.19904311
1.11806737
0.30052650
0.43946458
0.69718879
0.64326374
1.13406990
0.68049089
0.67349525
0.89447084
0.51954413
0.29624846
2.81727136
0.34338898
1.18543169
1.43698994
0.42019417
1.55511023
0.29680686
2.66774706
1.21667183
0.04854157
0.09769315
0.58832339
1.54604503
0.52996603
1.31971177
0.61680379
0.49532547
2.28165990
0.77702673
0.44914812
1.20768368
0.58305419
0.35720420
0.32198927
1.43271626
1.25650338
1.39296813
0.72623915
0.48248466
0.11596669
1.05839915
0.71142592
1.31928611
0.19985894
1.01881188
0.47792359
0.34827051
1.19267737
1.39271719
2.61708375
0.64514727
1.53067847
0.43625512
2.52634261
0.88777015
1.61802882
1.45198765
0.68682665
0.52621206
0.81122459
0.86498597
0.35101295
0.42924949
0.97603953
1.35470363
1.77316912
0.83542107
2.50409747
1.26424279
1.12908783
0.20456451
1.33914033
0.10745045
0.78769754
0.34435826
1.47971516
1.51064512
0.56801119
0.32059712
0.63191943
2.48242650
3.38566173
0.33062263
1.02157364
1.10656187
0.51239089
1.31888488
0.21344703
0.36931383
0.50645493
0.74024975
1.43555017
1.92151229
0.26917209
0.32608737
0.57103616
0.94017863
0.31940278
0.63539960
0.14361381
0.95618464
0.65298877
0.93556953
0.54245884
0.95176498
0.17688635
1.17725790
0.68001707
1.73793049
0.80532995
0.40467619
0.09214890
2.71792497
0.12424655
1.18003909
1.16715600
0.74527249
0.56563699
0.84613793
2.81729698
0.67488372
3.39665748
0.99573071
2.42157054
1.13362766
1.67069215
1.23675441
0.19462217
1.24605316
0.32642593
0.39072518
0.67779297
2.94855497
1.41434896
0.39193788
1.29485814
1.15049227
0.65364895
0.77136769
0.33920931
0.73568120
0.65799681
0.70724501
1.43644530
1.65307318
1.57769090
0.13529616
1.48997596
0.17785938
3.00236708
1.82763286
0.56891045
1.65829628
0.47622168
0.20860573
1.40019701
0.97458088
0.62512973
0.20238776
0.13824071
1.26366310
1.17534769
0.70406396
1.41613787
1.12867032
0.90265657
0.26997062
0.55778357
1.87362078
0.62445233
0.29739239
1.02721912
0.20147817
0.61424268
1.00619606
1.16094454
1.05639332
0.23413129
1.20965882
1.21402434
3.30282262
1.27695294
0.20837630
0.92758293
0.48957061
0.38042449
0.69475659
1.99435826
3.16965886
0.36694995
0.88464781
0.14294446
0.68687384
0.73831248
1.18863860
0.45130320
0.28353758
0.39512656
0.87615073
1.43986759
0.73179870
0.62999818
1.65561760
2.61393158
1.27093921
0.40489948
1.17240754
2.63761315
1.71777642
0.88369540
2.62531928
0.81958353
1.68682179
0.29907416
1.02190450
1.49419607
0.57819317
1.66407982
0.60088030
2.33053883
0.67620055
1.17093049
1.60741964
1.11965437
0.67709222
0.55665201
1.79639072
0.57334436
0.07003026
0.50938877
0.47445595
0.17015443
1.84313671
2.46707546
0.10960404
1.24365790
0.47624625
0.49749074
1.79901306
0.29572843
1.39601371
1.29324991
0.75475728
0.22125885
0.30626601
3.45828807
2.45297063
0.86741032
0.70027974
0.25229683
1.54525773
1.25115610
0.65295600
0.75646767
1.64468381
1.03334416
0.74757913
1.07656979
0.01683091
0.76858696
0.51329767
2.15507042
0.56059438
2.26391600
1.09196905
1.12208139
1.37739712
1.36574201
0.20769059
2.53003485
0.42258930
0.87276024
0.76236290
2.93090543
0.64203387
0.59902869
3.12092770
0.78573279
1.25613397
0.29468621
0.46607894
1.21301700
0.37347375
2.12274031
0.63355642
0.12037272
0.11082359
0.67683433
0.60851805
0.82510348
0.35592821
0.60340988
0.68300536
0.95747797
1.82758828
0.57542063
1.30044866
1.88393747
0.22085600
1.17092197
1.34991095
2.87489366
0.46735854
0.62801509
1.17949329
0.56277621
0.80055504
2.01674756
1.76472817
0.77401733
1.63316067
2.31605080
1.41112685
0.49162328
1.17517700
0.12952095
0.32401963
0.56476696
1.26485899
0.53668067
1.13980856
0.69231963
0.66220401
0.45673331
0.76445766
0.71486094
2.04459173
0.16206111
0.30217959
1.35962254
1.60030406
0.00866948
0.51952200
0.36876980
0.26135749
0.49709946
1.13319308
1.32011052
1.98342270
0.90383581
1.13527707
1.33614834
2.81031836
0.44805869
1.60997728
0.54926288
0.51238658
1.28089035
0.62936678
1.02796925
2.97931199
0.14371416
1.68252058
0.11210571
0.25525315
1.04178242
1.19666370
0.61202789
0.31351716
1.42902661
0.13424214
1.67114474
1.88608398
0.58864806
2.78967371
0.91100396
0.77232395
0.46192506
0.91739190
2.35888479
1.23505685
1.01472927
2.55413140
2.74622379
0.73392088
0.72539105
1.68235599
0.53636900
3.92641631
0.55333626
0.44955108
0.77389504
1.10790355
0.73168143
0.07169979
0.94510763
0.81051257
0.74050158
1.29167803
0.04588234
0.72116430
0.85213751
1.24677202
0.82818179
1.53621897
1.71094506
1.48756508
0.65733748
1.96715502
3.51883788
0.60797770
0.49191332
0.61604923
0.49905426
0.39103006
0.29096529
0.89902415
1.35865137
0.43854599
0.53858895
0.61397626
0.42018742
0.44987178
3.82954616
0.71110257
0.68156296
0.12447805
0.24627651
0.85483299
0.50683415
0.57580278
0.98735097
1.30193412
1.68158606
1.85560131
0.33801175
1.64561740
0.46937220
0.44793890
0.27612089
1.18701982
0.55355670
2.03957600
0.82531174
0.15946061
0.48570284
1.42391623
0.35750785
1.85699811
0.60823353
0.88511890
0.56751587
1.43414529
0.02344115
1.02662681
2.14824657
0.42273820
0.09606925
1.72211362
0.22319748
0.54888122
1.15871585
0.43348552
2.42820066
0.63775616
0.76265356
0.84687427
0.68819693
0.53693168
0.38154422
1.25949611
0.14112926
0.12108812
2.56569897
1.27306606
1.04954061
0.44251665
0.27593449
0.64528676
0.24023266
1.14662460
0.82159349
2.35517041
0.06881779
1.74988468
0.46527217
0.58268590
1.34808186
3.93411534
0.07408437
0.26298175
1.26059820
1.22934043
1.98712064
0.43896392
0.99814437
0.48976601
0.24169870
0.37870247
0.66327477
0.89487207
0.48464880
2.86559462
2.05116694
0.92649281
1.71497513
1.10549169
0.85254130
1.18760323
0.64044563
0.37313087
1.29639810
0.28333689
1.27520353
0.48352697
0.72964876
0.66997531
0.79548558
1.73169699
1.39161415
1.19845396
1.82337703
1.32507973
1.48962198
0.30169319
2.02136743
0.08268780
1.33893748
1.37195189
1.27545966
0.55946910
1.75606698
0.42656295
1.03917616
0.48401504
0.28786508
0.51284246
0.61162563
0.48132070
0.27460780
0.25533468
0.88978086
0.48889486
1.03252849
0.37647441
0.15295836
1.70983403
1.07037769
0.29207246
1.78295934
1.74065334
0.42926244
0.31213181
1.41224283
0.48844674
0.05030632
0.88345440
0.62596143
1.12147612
0.53438987
1.05683214
0.64138190
0.40466435
0.83378815
0.39537742
1.42829028
1.48423925
0.20159124
1.20114015
0.55118957
1.20640217
1.85185051
0.50357884
1.90626291
0.12675982
1.84462706
2.92222881
1.27388336
0.95950825
0.83901263
0.40023015
0.38591147
0.22653613
0.57277066
0.84961607
0.96143001
1.10411745
2.18841166
1.32687657
0.63510132
0.74846430
2.73411367
0.63900807
1.30862703
0.88926791
0.11507881
0.43235286
0.28930223
1.90173138
1.03166791
1.34197006
1.15124751
0.52378941
0.66605911
0.13342368
0.77906981
0.39117637
1.45585296
0.89313257
0.83282491
1.05461550
0.32253459
0.07377542
1.03691393
0.97040393
0.26094115
0.18880663
1.09393969
0.65343806
0.83100027
0.92345992
1.97331037
2.13751086
0.98093482
1.16878378
2.57605007
0.84663106
0.82098852
0.92128872
0.25548925
0.24317744
3.43317643
2.91111032
0.47726288
0.95302696
0.30463911
0.59300570
2.03118898
0.67852881
1.27710155
0.26996635
0.57133733
1.18473448
1.66610741
0.61949051
0.62490880
0.43297449
1.17035115
0.42827218
0.48059345
0.44443819
1.49406340
1.02678366
1.16661897
0.56715925
1.09725653
0.60454122
0.48731249
0.90140974
0.79871638
0.49648588
0.19613363
1.94823073
0.83572948
0.81179084
1.51175391
1.27832231
1.28058740
0.76776020
0.29059009
0.76053143
0.60621685
0.30283560
0.73790005
0.10012565
2.13108527
2.02209613
0.11493487
0.72963755
0.75272431
1.08479260
1.26454562
0.41788155
0.56121629
0.41577136
2.64074906
1.48978757
1.95940830
0.46457487
2.61339180
0.72657622
1.27594801
0.59473192
1.03636650
0.69608602
0.26988651
0.36368114
1.37298680
0.69244191
1.11622466
0.82962352
1.04067894
0.52383155
0.45210460
2.34665702
1.50879252
0.85004306
1.05821615
0.66476023
1.03900684
0.49200230
0.82544788
0.46893515
0.26797306
0.93081564
0.53433126
0.16333905
0.19298848
0.86321540
0.61772886
0.85699526
0.69388487
1.22290435
2.11571033
0.49880789
1.37718076
0.50325625
0.40712321
2.23345779
0.74950030
2.23558533
0.63893768
3.71847114
0.40237321
1.66404615
1.06236269
2.26513765
1.21159496
1.75297242
0.86370514
0.96375536
1.30649454
0.28213857
1.52363939
0.52879298
0.35097363
0.16076818
1.87734420
2.40630891
0.47010712
0.51922826
1.12778886
0.88771597
0.06521814
0.65031567
0.75660706
0.88774047
0.07324177
0.60421556
0.74507197
1.33238796
1.54193952
0.75524983
1.76567262
1.06682375
1.06293279
0.26232636
0.66499572
1.08006460
0.12350776
1.25835184
0.88508651
1.16447251
2.03156096
0.21219106
0.23390416
0.45076317
3.02452765
0.21203374
0.83355035
0.17796547
0.91014526
1.90533215
0.79882045
1.18223008
0.50330593
0.43348281
1.45305846
0.14140929
1.70312536
1.14575639
0.67118349
2.08636669
1.85733668
1.74727098
2.12364959
0.65251498
1.09059627
1.06394215
1.24541136
0.98500241
0.43038142
0.10166833
0.92564262
1.42698795
0.46396367
0.98358170
1.03843332
2.08301104
0.19768113
0.21038405
0.91602097
0.68459348
0.36059943
0.93643998
1.18241261
0.67619744
0.28841351
2.57205833
0.74444188
2.38245371
0.73499437
1.41980015
2.19717548
0.12952784
0.60104964
0.35107557
0.57237490
0.87791232
1.05561811
2.05820519
1.39511742
0.69642718
0.87065263
3.26718604
1.65295343
1.08302077
0.79956354
1.43625850
1.39294010
1.15627529
0.70900686
0.79449941
1.53706830
2.96414396
0.99759406
0.44491933
0.49043502
0.34533632
0.98423778
1.16320501
2.27218679
1.32804152
0.91182989
0.88196311
0.26414413
1.66326118
0.78551950
1.76771445
0.47129177
0.55970367
1.27252876
0.27312320
1.73545775
1.87979051
0.18489072
0.54312462
1.60346457
1.95524450
0.57779964
0.74799718
0.20016031
0.93785913
1.51457577
0.64815365
0.46897847
1.78332423
1.49490042
0.22852543
1.42272370
0.98796700
0.35431121
0.54780228
1.45279566
1.78548412
0.68573586
0.77824068
1.48841262
0.25924089
1.13418813
0.13250700
1.38125340
0.97516575
1.97723319
1.55792654
1.11504008
0.24908986
0.64574273
0.93085441
0.99907468
3.95076981
0.29352109
1.13544284
0.59474790
1.46523235
0.74349978
0.57655268
0.23951868
4.18430874
0.62973168
0.63117776
0.79008860
1.06504647
0.41266489
0.25916265
2.18941017
0.45134329
1.14809175
1.03686828
0.71618290
2.26295482
0.92472205
3.43938225
0.92908177
0.58782422
0.94210571
1.42680355
2.10538505
0.60073313
1.14552998
2.36080904
1.36382552
1.68459742
1.41172348
0.70636048
0.38279438
1.92453774
2.07088051
1.25535629
0.38527422
0.59762197
2.83543546
2.33556106
0.54710426
0.55369478
2.34190112
1.43544684
0.86187989
1.07441203
0.47607046
1.32320739
2.36101866
1.92351405
0.41851803
0.44234345
1.20757861
1.39111465
2.07435459
0.88706310
0.18891050
0.69558901
1.09324296
2.07205180
1.88106250
2.07823831
0.91009942
0.37804377
1.17804183
1.18134494
0.30926296
2.67296917
0.99851784
0.50713293
1.90189671
0.16902345
0.82347874
1.13866973
0.76914068
0.20473970
0.33961411
1.08338771
0.71243417
0.80881707
1.20930496
0.77836698
1.29195470
0.34377114
0.64604537
0.39480610
0.94360398
3.17624267
0.31605577
0.34839087
0.48972224
3.49066260
1.79521606
0.53036358
1.71661660
1.53545466
0.34535815
0.44744042
0.13479717
1.15803251
1.13885866
1.43261284
2.28354864
3.99391340
0.33818243
2.96199360
0.48454019
1.35320867
1.71231763
1.44604294
0.29438627
0.42907274
0.90931011
1.48165222
0.87049621
0.27890176
1.23796602
2.61008107
0.69177414
2.76249658
1.59551037
0.35964853
0.79347804
0.55901161
0.89924371
0.07651503
1.25686171
1.60412824
2.11683646
0.38835335
1.85149448
2.77802167
0.81070875
1.48257079
1.82690032
0.39747676
0.58182157
1.09497307
2.25489850
0.07306072
1.67294140
1.62991852
0.74349843
0.43671261
1.09977015
0.62506820
0.89759027
1.60634036
2.80550579
0.99905538
0.22371780
0.70894144
1.35417890
0.91805056
0.30766844
0.26955789
0.88333835
0.83667756
0.33443392
0.69137813
1.99124498
1.22886761
1.11922189
1.30522218
0.83469683
2.03717645
0.45848158
0.44935266
0.83146806
0.30228723
1.27124823
0.95751929
1.67929404
1.80119107
1.15908908
0.91129645
0.29707991
1.61293753
1.48727859
1.63209677
1.35225910
0.86698815
0.63028328
1.75151426
0.41970858
0.43173135
1.03555788
0.25636201
1.38299439
3.74236769
1.08770642
1.02293747
1.16678161
0.27517379
1.55932917
1.07074245
0.74100198
0.64046945
0.39737692
2.11328558
1.00339551
1.56761912
2.26683398
0.44016312
2.23684280
0.33507714
0.11753524
0.78076493
1.10268883
1.60710554
0.88379145
0.26737351
0.08329559
0.33495496
0.34210447
1.81783315
0.21582554
2.46130208
1.42873794
0.52937559
0.19288072
1.03947223
0.43027480
0.15553613
1.24085939
0.56019770
1.28686740
0.82981298
0.41600544
0.57072571
0.52886870
0.49455812
1.28546244
1.40989842
1.08935865
0.74429192
0.45268786
0.45547067
0.70915826
0.32489797
3.06753063
0.50513351
0.67678920
0.40627180
2.21983453
0.28144061
0.83641182
0.29309586
0.92931528
0.35670130
0.17208804
0.66315109
0.33474886
0.66616499
1.66243238
0.25123338
0.87762065
0.39755362
0.70868611
0.66367111
1.35237182
0.57758707
0.66499404
1.73162838
0.26126949
0.28441586
0.66241570
1.02912173
2.61560866
0.38453496
0.61526183
1.09641185
1.78396038
0.99881475
0.97479898
2.04885562
0.13725176
0.98723087
0.78906357
1.53132723
0.56138269
0.64919441
1.07284844
3.88763534
1.03104004
2.02246600
1.06347379
0.69602595
1.63503361
0.13862370
0.39454392
0.10902893
1.70670160
1.14656280
0.53900469
0.92216466
3.93360667
1.75404730
0.70099270
0.71245021
0.89809243
1.50547720
1.00037910
2.11479569
0.97401259
1.28539866
1.25437081
2.55781102
0.39285355
0.23603715
0.86422942
0.85829045
1.79367769
0.77550760
0.50058656
2.30947647
0.53181664
1.26433506
0.14965728
0.69071477
0.74392731
0.94864630
1.13693536
2.78958853
0.26468760
1.68987433
0.38060556
1.42904279
1.05850179
2.80375722
0.82950440
1.33586885
0.52775705
1.67674892
0.25390970
1.55521890
0.80367315
2.00935997
0.47682118
2.04040900
0.39119633
0.37228326
0.81040474
1.37757566
0.86077598
1.79620644
0.56444651
1.41765564
1.96275898
2.02194183
0.85256564
1.95850753
0.80322062
1.36366277
2.32759659
1.17902696
1.43820143
1.19702707
0.54866041
0.93480252
1.04629773
0.41112403
0.97912359
0.53345238
1.32917377
0.46074564
2.05348656
0.41379576
1.39038023
0.66065100
1.26237011
1.94869315
0.76073636
1.28390904
1.09978739
0.26202562
1.04751123
1.15130832
1.74834064
0.50053830
0.67336670
2.57843571
0.20323664
0.23460245
0.93775142
0.37695499
0.41733988
1.03846237
0.35910049
0.86249083
0.30454777
1.14709826
0.78642123
0.94855462
0.26461143
1.68566577
0.42118838
0.41392119
2.23105547
1.16055353
0.58882331
1.57615035
0.46424179
0.75702620
0.75157178
0.06742573
0.94244460
0.21262247
0.17823017
0.78288122
0.66853269
1.42778816
1.03801439
0.28673937
0.60058085
1.62734509
0.29173441
2.47385213
0.89960355
0.66063694
1.00444922
0.26871284
0.69636361
0.82139775
0.37683512
0.43837469
1.34544710
0.21405583
1.99828001
1.29475471
0.60685732
0.80291676
1.74929113
1.36818002
1.42646861
0.54713562
0.61290600
0.66556941
1.76931347
0.27523731
0.48499400
0.77795769
1.60372003
0.22884540
3.22942308
0.07709218
2.88456410
1.03893698
1.22632723
0.82107379
0.75608197
2.01021118
1.47801266
0.96306360
0.36766515
1.72736222
0.49295529
0.55022372
0.83862896
1.19795671
0.33079615
1.12062606
1.03687813
0.61574427
2.16671486
0.32783778
0.80681027
0.51958069
0.88130460
0.92805769
1.92125885
0.65030881
0.82134644
0.70570666
0.95516525
0.07949071
1.73655389
0.06325886
0.42220095
0.33943091
0.60204627
0.77858145
0.72910361
0.81137564
0.91198443
0.20289292
2.41642023
0.37002429
0.23489308
0.61074468
1.28263704
0.50780992
1.54079565
0.13429793
1.54447599
0.28468573
0.43633311
1.56359223
2.51128353
1.63323652
0.40327437
2.44905003
0.48197165
0.82366288
0.85918258
0.06197040
0.11856382
2.14908244
0.88844115
0.36003013
1.23108847
1.21397013
0.42294546
1.10609269
0.65692119
1.12668395
0.08426418
1.37319890
0.24223139
0.69171058
2.28675546
1.20293701
2.15765314
0.58106200
0.66253063
0.46477191
3.04407154
1.16434168
0.91735748
0.47126387
0.94836492
0.58897948
0.27672361
1.36806780
2.02314004
0.77350507
0.36417806
0.52919516
1.15581869
1.67497814
0.50051832
1.87049754
1.24651600
0.55004714
3.00746860
0.66245080
0.74045313
1.77935288
1.25573453
1.31550002
0.27777564
0.95777939
1.83189167
2.15076741
1.44995144
0.46594390
1.00764063
2.19925722
2.73493315
0.14127147
0.51915466
1.18780684
0.47512148
0.77137824
0.51563991
0.63929797
1.69487135
1.92043354
0.72408164
1.88988620
0.65910586
0.57942581
0.49616788
1.45773754
0.39533678
0.70933059
1.75321907
2.53132843
0.36428982
0.75217084
0.56502400
0.85648743
0.74103026
1.28664159
1.41265557
2.58993643
0.92797162
0.91796915
2.81134245
0.87844652
0.53964794
0.78536376
0.24241907
0.39839711
0.81969232
1.10264354
0.76995208
0.83290103
0.05956126
0.76123954
1.20012058
0.52513959
0.82226339
0.88962469
0.92971918
0.74966460
1.20312159
0.72872366
2.20956490
0.80071548
0.82917358
0.36018330
0.19073330
1.30693142
1.97911523
1.86437560
0.25961985
1.11795507
1.69460393
0.19292278
1.41482881
0.86618399
2.01862235
0.46478735
0.63021387
0.20453740
0.22308066
1.14187397
1.22107653
0.73886331
0.20071892
1.90291636
0.94393606
1.54302026
1.77439594
1.36776894
0.94123580
0.68494991
0.53875704
0.71907410
1.51639099
0.28997564
1.14418861
0.45293653
0.92672829
3.87114380
0.33365849
0.65839197
1.44769790
0.99183940
0.23604693
1.05420164
0.86973473
0.44191309
0.35482701
1.36674104
1.11543000
1.38645880
0.16751601
0.51605089
0.06199709
1.30737176
0.05528499
2.12196709
1.09580408
1.49058349
2.11478805
0.52664209
2.29669649
1.48847202
1.47737982
0.62512438
1.03770839
1.76555128
0.84577117
0.96983754
1.07143141
0.70435265
0.57930731
1.04004721
1.16522974
0.97847025
0.04371481
1.08389663
0.46640166
1.54402814
0.12325183
0.60485115
1.30934792
1.50214397
0.64927665
0.99863348
0.35848983
1.10837758
0.69932619
0.60634606
1.21736729
0.50784349
0.48069762
1.49671908
0.56400329
1.12848752
0.51670468
0.59775322
0.24665592
1.86598325
0.44198992
0.82189826
0.15476150
0.53247567
0.73321858
1.56942364
0.35527614
0.49217560
0.66684261
1.18719514
1.27534633
0.72373204
0.18064265
0.73825910
0.19415958
2.59712281
0.39034470
0.54777523
1.80870659
2.25898837
0.68704037
1.14964226
2.71238026
0.40001918
1.81944629
1.01309712
0.53924445
1.61986507
0.22977263
0.99025664
0.20964158
0.59908681
0.62113019
0.40499015
1.25180134
0.41358315
1.20809182
1.24247414
0.32972444
1.96243974
0.35014120
0.84366516
0.56172332
0.62792470
1.07672411
0.83911559
1.21552585
0.32321362
0.28554865
1.04965958
1.20233789
1.83203736
0.95313303
0.57413657
0.76176874
0.89438051
1.57390722
1.34367321
0.25624121
0.81068257
2.27821881
0.82381005
0.51501101
0.75425524
1.18929034
0.75362626
0.30977877
7.70691162
0.10240033
1.16733926
2.07846277
1.30450329
0.64668970
1.46702631
2.14205912
1.78681088
2.28039043
0.90753421
0.20326935
0.39671958
0.63137535
0.89440488
1.75173583
1.36572358
0.28262904
1.30187127
0.52908244
0.93561734
1.23766475
0.67584291
0.78075987
2.79832968
0.31901556
0.11753969
1.30056742
0.07871659
1.74910807
0.53491771
0.57746376
0.74593476
2.36810260
1.73747762
0.16941263
0.90036438
2.11892920
0.38122002
0.81991695
0.31997164
0.78120851
1.25025600
0.32999088
0.25303967
0.79236857
1.89466060
1.41374814
0.70726495
0.35647441
1.10863024
0.74455699
0.54058222
0.16478871
0.28993675
1.78256455
0.08566828
0.99343689
0.94578937
0.12605514
0.18483996
2.50604397
0.74718552
0.25253892
0.71215880
0.90625382
0.17165334
0.89202146
0.27946195
0.98042716
0.50855296
0.83172283
0.50764084
0.90109616
0.73698575
1.12629610
0.60343201
1.58445658
0.49190183
1.15196077
0.97009161
1.42684839
0.72929394
1.71429052
1.28403846
0.84947656
0.59423208
1.05780553
0.72132853
1.65568481
0.93976945
0.77005565
0.28666323
0.71533762
0.65015490
0.56364912
0.26862399
2.03147476
0.14785868
0.26365026
1.15714026
0.36510436
0.91681361
0.39825016
0.21534270
1.54229300
1.16169544
2.37714512
1.42446124
0.66440974
1.15487067
1.40012288
0.11480955
0.47528706
0.19426396
1.00790759
0.18275475
1.95661665
0.18534700
0.31338822
1.57647670
1.09459603
0.67547750
0.31388411
1.15111613
1.22509345
1.63849238
0.71507229
2.09831278
0.81187837
0.20914301
0.47377294
0.27997609
1.30749851
2.50254440
0.77275252
0.25357582
0.59878770
0.16936904
0.11250953
1.33139305
1.94087545
0.75107658
0.27446143
0.30685854
0.17411311
0.59411445
0.84369257
0.79181672
0.87867713
0.07767909
0.48774861
0.41890571
0.48937470
1.51006017
3.26084692
0.55414377
1.86116543
1.86165959
0.63227952
2.15661545
0.28431676
1.82249143
2.70994874
1.23573515
0.41910253
0.41742241
0.67476832
0.15299151
1.88251871
1.45658280
0.46146080
0.76595194
0.68012082
0.08602275
1.17106597
0.27487117
1.56770671
0.46098081
1.91354726
0.95775134
0.92646227
1.19208438
1.39460550
2.54820699
1.51022217
0.74721255
0.83835853
1.39918666
0.87210233
1.35617149
1.15936491
1.18766297
0.44958601
1.55914760
0.29369694
1.46469236
1.68508097
0.07575629
0.47753531
1.00709429
1.89216848
0.58802615
0.10010712
2.92352404
0.33895918
0.64503055
0.98474080
1.21824758
0.90314100
0.19866605
1.89486709
0.84151209
0.30922535
1.25718487
1.78180967
0.52125485
1.53375842
1.40229053
1.02425373
0.78863068
0.25164390
1.66829699
1.39376121
2.58671454
0.67659632
0.92566864
0.46313907
1.94255752
0.57388418
1.46827941
0.60097618
0.05510221
0.85384132
1.16922803
1.86208973
0.03356259
0.26155570
1.78313758
0.08478096
1.80378959
0.53378454
0.10067643
0.12964018
0.57475724
0.59690877
0.56945558
0.38539729
0.35259358
1.64642071
1.34429913
1.39615816
0.28395069
0.28338846
0.59199787
1.73205484
0.91543365
1.26287416
0.70434433
1.84794143
0.77572444
0.74461763
1.38188111
0.60323027
0.55600106
1.76981567
1.35165508
0.57207978
0.74848624
2.57883555
0.34480299
0.65845296
1.00965995
0.25147873
0.88490836
1.17860236
1.22905463
0.72254717
1.98127365
1.14190500
0.90682515
0.77474543
1.11945090
0.31994414
1.96869477
0.57514225
1.72499387
1.36065008
0.64692883
2.14621747
0.88316742
1.75588796
3.33612416
0.84880485
0.24576051
0.48219672
1.00802496
1.13875737
0.61444469
1.02913506
0.74308275
0.92875048
1.29359196
0.59635408
0.93010097
1.78493980
0.57269698
0.66518712
0.85342359
0.58225748
0.18235706
0.45629746
1.15875013
2.21185127
0.93673162
0.66189182
1.04441979
3.04467900
0.95966127
0.59604161
0.56962459
1.36957717
0.65920059
0.58965590
0.38132452
2.91107444
1.78711743
0.54363886
0.91494757
0.49113735
0.27996872
0.16213298
1.22781150
1.31698693
0.65903112
0.84156067
2.64528858
0.36978723
1.49350279
0.40241719
2.04828715
0.48794491
0.56651994
0.75540243
0.20995381
1.47788689
0.28211836
1.94494815
0.88572146
1.38013865
0.66280873
0.35138172
0.34552316
0.89197020
1.21944862
0.57716727
1.57454465
0.42636955
2.47228809
0.94680838
1.56319224
0.83463331
1.51235694
0.69980648
1.01471347
0.07133046
0.96521695
1.22677641
1.39450161
0.21584753
0.78015980
1.84413690
1.79431735
0.87730099
0.28245027
1.45887810
0.64971086
1.02065471
0.23793439
2.41451895
0.91305235
0.04101737
1.40148600
2.31770088
0.68493016
1.82926809
1.43661400
0.64931101
3.10884103
1.30387617
1.46750762
0.26628669
0.39189690
0.63492949
1.57951423
2.22805885
1.53209711
0.12548393
0.67582561
2.15406533
1.30346144
0.49470127
1.51877531
0.93304039
1.16142911
0.55800191
0.24008458
0.73522313
0.60347663
0.52561512
1.55120388
2.33083082
0.46216349
0.35839353
0.19186380
0.41184193
1.50944791
0.42788577
1.60321130
1.00363546
2.09258439
1.17280445
0.89070171
0.44384384
0.86374351
2.07362848
1.43638630
0.51205489
0.64149471
0.84983358
3.09733677
1.42714051
0.98121735
0.67847214
3.21903911
2.10150249
0.47349141
0.42183084
0.76059507
0.20034544
2.07561528
0.36203206
0.24790471
0.84744189
1.71557999
2.47813175
0.57959261
1.19203973
0.39287950
0.91546898
0.73831674
1.73773475
0.62920337
1.37381131
0.76377292
0.98473332
1.12845933
1.04482874
0.94902105
0.84766518
3.20308146
0.34984328
1.63544673
0.23763203
0.31603347
0.90395442
0.63796593
0.57812721
0.69626168
2.22752540
1.74841959
0.54365382
0.24348008
1.77663265
0.47735150
0.76933246
1.37806249
1.39156839
0.87603139
1.81446191
0.64826753
2.06245879
1.54022543
1.77260846
1.27949306
1.36421494
1.26709628
1.61867414
1.82956691
0.27040749
1.13810801
2.32493640
1.24168292
0.69250162
1.27612867
0.62641928
1.68031312
1.59747415
2.13414340
1.37389015
0.58391065
1.34853325
1.28368668
0.24198427
1.65865394
1.87170395
0.89081677
1.94143253
0.95741710
0.34580739
1.35072032
0.83751873
0.94245976
0.44025582
1.46759064
0.81434739
1.93287276
1.16998899
0.77412749
0.25023961
1.27905531
0.75062588
0.65043794
0.89373509
1.93653742
0.16065742
1.41543921
0.94342212
0.45613574
0.42075983
2.24887640
1.30152750
0.49358504
0.42484495
1.77315771
2.03818674
0.55613899
1.40958322
0.78679793
0.62196619
0.70639347
0.32615443
1.83742210
0.52400648
0.92383517
0.45537711
0.57283717
0.49461113
1.97615634
1.32885657
0.27748056
1.40890448
1.69909792
0.08292220
1.65172633
0.65406677
0.89519098
1.17958634
1.27942152
1.18898385
0.23802698
0.86933024
0.62062924
0.45258753
0.58978994
0.96721742
0.63362412
1.42454875
0.88582076
2.13654290
1.20831354
0.18592647
0.69008725
1.91543450
0.58546114
0.10611148
0.27946525
1.58887410
2.14317811
3.18283107
0.48919467
2.40292384
2.37442252
0.22490882
0.59445027
1.55059354
0.45676039
0.74665873
1.65000949
0.89506102
0.40524306
1.17749350
1.90283832
0.30862377
1.68420418
1.46403673
0.74162518
1.77497239
0.21508965
0.19039524
2.11307087
0.77245911
1.77246075
0.41547571
1.11514819
0.69256444
0.39581760
0.55013826
0.54665819
0.78948087
0.91199117
0.43639593
0.75153773
1.71750152
1.09143136
0.10732396
0.78774135
1.43716942
0.56986996
2.40891298
0.42475255
0.61716627
0.48283534
1.15038739
1.92130283
1.58002665
0.76466774
1.66837856
1.81044701
0.82351412
0.30859212
0.60704899
0.56455992
0.69147000
0.67913837
1.04785960
0.32661153
5.39011754
1.09708077
1.28170415
0.70748017
0.45209235
1.77632245
0.36048707
0.65353215
0.83447770
1.65250697
0.63142314
1.31361933
1.24469381
0.27239876
0.76596507
2.11323576
0.76185919
0.14241009
0.34183033
0.97324777
0.78037485
0.49019473
0.68929172
1.45921372
2.37707779
1.08255322
0.67078010
1.02116208
0.31777146
0.77944161
0.36734698
0.50320743
0.09114939
1.66162011
1.21339033
1.39388064
1.99260991
1.17353938
2.35516240
1.53091532
0.75065135
0.31152029
0.99225879
1.42675193
0.58756224
0.35966929
0.50425325
0.79609394
3.22045146
0.71037542
0.95946479
2.32198653
0.48884876
1.31647146
0.83210444
0.14713676
0.39868883
1.29887205
0.74104673
0.74144715
0.81052419
0.90078243
0.19846502
0.38404874
1.25870787
0.86490665
0.84358244
3.13785965
1.85694563
1.00713606
0.61450234
0.92631898
0.25265094
1.70005077
0.94896382
0.60788036
0.54209628
0.38428307
0.13664766
2.74642836
1.14763143
0.44785968
0.41764782
1.30452786
0.17287678
0.40716460
0.09685231
2.45720775
2.07647469
0.88724153
0.16628614
0.57602004
0.24033334
0.32507978
0.74829979
0.31495877
0.45329492
0.14987561
2.78332188
2.00451114
1.37286114
0.67432300
0.64834982
0.67196704
3.37351672
1.19646715
1.76220738
0.48715484
1.31322328
1.36431067
0.44402176
0.45802883
0.74445456
1.09914170
0.68553809
0.57591659
0.53237824
1.36464896
1.13845028
1.55759846
0.71134067
0.22009185
1.08721106
1.23901431
0.87375844
1.04939714
0.93418394
1.04560718
0.68709991
0.45573095
0.80862944
1.34743323
2.30815526
0.52482066
0.83730224
0.52891279
1.04733446
1.05725636
0.35064350
0.19012767
1.47058101
0.89294355
1.25026975
1.38857720
0.01959389
3.19345651
0.27168464
0.06329511
2.14120205
0.74875710
0.34604973
0.19083642
1.56926152
0.68136516
0.96863099
1.46975902
0.70564243
0.39721259
0.06282184
3.02457573
1.73330642
1.92293385
0.44986428
0.46406013
1.33473803
0.57043071
1.26679919
2.00742584
1.54562815
0.81315499
0.51399687
0.68913126
0.59233506
0.26850172
1.58458321
0.76213461
0.76329272
0.52919568
0.32976252
1.94122987
0.44935297
1.13822088
0.79771827
1.11223706
1.09523004
0.59680672
1.25981699
3.12433917
1.19784861
0.90165872
1.06067712
1.26808508
0.36043070
0.26198612
0.27419493
1.99012762
0.48605696
0.22132432
0.37584805
0.56605914
1.48120513
1.40440406
0.05230405
0.17088031
0.79828870
1.73311158
0.48938928
0.78945196
0.44888018
0.58619096
0.73136005
0.27227928
0.71800409
0.36328511
0.46802059
0.89846858
1.85237320
2.00006239
1.11606656
1.80945078
0.09009038
1.44640999
0.87429007
0.26787385
1.21157951
0.81098818
0.81818600
1.63309622
0.69518314
0.91197156
1.25069595
2.98645137
0.80362616
0.45860299
1.01900132
0.87399566
0.13884525
1.21649785
0.61968888
0.65606355
0.94740237
0.29364661
0.67282062
0.34981151
0.79197098
1.86334221
0.32904250
1.16516265
2.31218242
0.27663514
0.42697012
1.43055374
1.17067452
0.50692303
1.27553403
0.62656497
0.44833988
0.01681974
1.62239788
1.20102157
1.74631344
0.64681688
1.10647994
0.53217676
1.35274784
1.36161487
1.59821380
0.46452021
1.12361634
0.93272688
1.79657905
1.81981078
0.43842545
0.22871624
0.91843191
1.13130665
0.77176475
0.54693095
0.36248418
0.90308484
0.79011520
1.36995271
2.83089625
0.13349242
0.75128171
0.40911819
0.29792723
0.53560605
0.01915140
0.63647431
0.80512439
1.03131569
1.30933784
1.39977593
1.06243298
0.27981921
0.81439256
0.77355072
0.28793828
0.75210231
1.54402363
1.38640754
0.39689791
0.53558033
0.26756408
0.07326697
1.45972366
1.22087221
1.33273373
0.40545244
1.91534188
0.75397642
0.54644838
1.26582726
1.19043442
0.06316127
0.24760384
1.07009147
2.18466560
0.47879423
0.26222760
0.21934978
0.98549489
1.77095459
0.08491529
1.44063594
0.93828482
0.99373637
1.41351282
2.35309920
0.67311358
0.66333573
1.70060340
0.13396371
0.86180765
2.15107316
1.58778645
0.62513124
2.73053976
1.57952814
0.83330749
0.27787741
0.82133808
3.14193717
2.83980859
0.15733949
0.31143706
1.19925290
0.40186552
0.48571221
1.13086047
1.33127564
0.68895659
0.41286357
0.79488026
1.14669901
0.11675610
0.17259390
1.62252330
0.79409889
1.86976938
0.95876943
0.20708270
1.38558822
0.87329360
1.31395097
0.30346957
0.32070660
0.30446697
0.41773409
1.27637601
2.44157625
1.08398070
1.23449501
0.57265942
3.32802831
0.85840604
0.60870666
0.50199395
1.18063424
1.31160783
0.46214548
0.89515540
1.63467809
0.87871331
0.31582760
0.40109223
1.00241220
0.43066445
1.30606201
1.42840489
1.29689080
1.74416378
2.18883684
1.12845442
0.29733436
1.24958006
1.44724956
0.42868146
1.43548358
0.41762085
0.26412180
0.60900022
0.74640077
0.70296907
0.25222181
1.27420058
1.00779618
0.71360884
0.51708285
1.41360481
0.20888585
0.50347752
1.84719985
0.09101065
0.30298715
0.84974701
0.36303792
2.01834594
3.17572565
1.52190692
1.01418946
0.31625738
0.82616498
1.25229895
2.45670699
0.75861595
1.55136201
0.68175398
0.33025513
0.66639148
0.34916448
0.61239654
0.82884168
0.80596177
2.25659736
0.85595530
0.31527323
2.43456945
0.46380404
0.97094874
0.92678758
0.49384572
0.32418058
0.96732404
1.02625118
1.25969679
0.63752907
0.21808404
2.45602343
2.29742043
0.53843502
1.84064677
1.06435546
1.39235635
0.42088325
1.22543369
1.43225825
0.57798207
1.98233113
0.98755513
1.03950938
0.96375507
0.88570854
0.94510901
0.56062203
1.03961015
0.94491715
1.16316714
1.57437725
0.36249796
1.81948777
1.12401506
0.35697646
0.51669164
1.09580319
0.64400818
0.87585345
0.26763642
1.12470098
0.76094417
1.52830959
1.01717059
0.29841312
1.21214219
0.20813123
2.15426977
0.49714330
1.36197282
0.85888369
2.15317825
1.51700155
0.60744715
0.36759187
0.54333901
0.96182317
1.65854423
0.17454673
0.49072887
0.71304138
0.22249395
0.24720186
0.42316620
0.29456696
0.53359810
1.10597020
2.04302867
0.45658302
0.52316371
1.81198240
0.44435826
2.78541744
1.09878698
0.17471200
1.15465026
0.19108715
0.90686884
0.39851608
0.87469857
0.44682333
1.53982757
0.85405539
0.68749140
0.94822618
1.56416548
0.84981988
0.42050531
0.61185657
1.61687366
1.51296373
0.48519109
1.71874045
0.46586235
0.82925462
0.93577783
1.67811682
0.59812162
0.46856821
0.24303083
0.36547852
2.34290452
2.27454636
0.52281452
2.09085285
0.34876995
0.19816551
0.65863601
1.43175205
0.77303540
0.45135383
0.57333054
1.67492620
0.29792025
1.20580366
1.50810360
2.06987026
1.88857453
0.64189528
1.00557842
0.43346463
1.29282472
0.40774045
0.43379765
0.46601566
1.30064633
0.29097923
0.60401415
0.46319585
0.61847800
1.16495824
1.00683803
0.67277792
0.35317441
0.68829049
0.81218535
2.42081972
0.76017995
0.48972803
0.25581270
0.82822940
0.65535014
1.07244784
1.12585839
2.00987468
2.74219403
0.30378148
0.49726990
1.26998888
1.22245593
0.76564999
1.34023597
0.20112774
1.30592736
1.01100900
0.75489261
0.53656223
1.24181263
0.33447212
0.58635522
0.43641581
1.05415518
0.71543136
0.90275245
1.91816001
3.35075804
0.66448897
0.59052264
0.37817533
1.19858131
0.84410191
0.40193384
0.69102694
0.88506515
1.08848344
2.89186343
0.98130779
1.08010211
4.25467805
1.71276332
1.85762781
0.52542434
0.28738134
0.84323981
1.37005513
0.95260495
0.59812009
1.05126499
0.52832695
1.30853893
0.96139990
0.27080992
0.74410602
1.40085820
0.73662221
0.65141430
2.35450789
2.28902068
0.23340411
0.48243267
0.56729169
0.45629670
2.31328391
0.46574505
0.60037356
0.88964620
2.28632281
0.09252096
0.40325592
0.56313282
1.95227871
0.83579227
0.24041732
0.30776433
1.13187033
1.24335378
1.38341044
0.78395237
1.88791510
0.71630273
1.54208075
0.35253429
0.10131026
0.78985153
0.84069905
1.56442920
1.69462307
2.04815564
0.60601715
0.48022377
0.57114192
1.65025951
0.29190601
2.12524034
0.24551513
1.21847661
0.93748555
2.92048086
1.51221765
0.86510515
0.74043954
1.28773806
0.50962595
0.49441328
1.13666700
0.48248942
1.13326798
0.68843885
0.36782843
0.51480864
2.05203965
0.56477929
0.66534044
0.40179637
1.88564060
0.13267517
1.19885113
2.86568820
0.14060085
2.23994137
0.44507886
2.73828073
0.61277712
0.55479865
0.49284331
0.46611099
1.96013734
1.08711363
0.45534783
0.41266226
0.64586036
0.23811801
0.63871650
0.39231256
0.41018466
0.81134843
0.39282017
0.38067641
0.63545132
0.61948941
0.84616331
0.92237170
1.49075035
0.42581732
0.60659417
0.44395842
1.45709799
1.23002092
1.57101626
0.52913386
1.18001125
1.18331535
1.05094211
0.51910347
1.59842284
0.91675789
1.53093824
0.71698736
0.42003146
0.59430943
0.74259969
0.71729590
1.53105631
0.36708481
0.04990357
0.32936007
1.69814097
1.34014313
0.21201894
0.65849194
1.33511888
0.78454465
0.06215064
0.41638961
0.60143850
0.48582018
1.07394229
1.74338293
1.38083709
3.11693067
2.10752235
0.95627742
1.78728196
0.28892875
1.55948352
0.28900576
0.96340172
2.03211017
1.00902229
0.64072773
0.93071908
0.27951620
1.08063690
0.34786393
0.92323550
0.71674080
0.36057561
0.36859189
1.90549363
0.49686220
0.41712978
1.21298499
1.90929017
1.04825662
0.79442908
0.08095822
2.68931035
2.15303833
0.33638512
0.25933110
0.79186756
1.62961661
1.15001386
0.28323753
1.85825708
0.67500499
0.39253707
0.49769273
1.99149849
1.54031354
0.91243690
2.07215812
0.59237301
1.05822772
1.01856629
0.55938803
0.63047736
2.12920866
0.49221541
0.74004417
0.96292715
1.63268434
0.28767333
0.63763837
0.08991092
0.35515041
0.79111063
0.99902852
1.20468419
0.54946200
1.20203757
3.02532894
1.81400923
0.66758025
0.98696301
0.70751077
0.72702270
0.77928266
0.56590874
1.08449743
2.07624054
0.92874192
0.88398396
1.19386080
0.97978549
0.97676460
0.99517655
0.96410893
0.36476464
0.42754166
0.95862576
0.57716756
0.31822375
1.06831066
1.04594899
0.37702922
1.95616800
0.20940123
1.15226141
0.90812708
2.05235969
1.88599113
0.49344590
1.19773789
0.70675273
0.71916944
1.68787584
1.19289515
0.05213944
1.33800924
0.58467408
0.46290369
1.06514819
0.28477289
0.45530684
1.25633320
1.26397491
0.77231165
0.98621645
0.54251606
0.65535821
1.09438080
1.11000110
1.82044619
0.63726427
0.78733416
0.24076990
0.84445328
1.75894525
0.61778588
0.87498036
0.87682064
0.41429740
0.29753461
0.69498176
1.01873585
0.73273738
0.98509235
0.26974114
2.68908685
1.14856244
0.47780120
0.36906387
1.88160320
2.98486315
0.98119548
1.04504160
1.80259452
0.61404505
0.88548315
1.32512057
2.15192815
1.02983346
0.40678002
2.29229045
1.30563392
1.55836592
1.08584753
2.13358919
1.31435730
1.63025816
2.37262803
1.81637695
1.22036314
0.29591022
1.14229858
0.80865656
1.45535714
1.06865188
0.58865881
1.40628016
0.59888218
0.26636690
0.52747078
0.46346072
0.44535490
1.42934571
0.83453436
0.12687170
0.96734995
2.17744713
0.17740240
2.76193089
0.41504019
1.13558981
1.39218191
4.05078503
0.81782749
0.21900990
0.68111304
0.22218989
1.94231505
0.64817528
0.32495356
0.42027892
1.96622370
0.27682041
2.15492811
0.40410091
0.70879358
0.60306596
0.44247673
0.83402107
1.35946687
0.79043747
0.76617442
0.32907917
1.03019181
0.41148760
2.36786139
2.18923186
1.74921573
2.14094768
1.83254360
0.82536410
1.07044546
0.87931483
0.28377281
1.44766601
1.32074457
0.51926914
2.04782893
3.69251116
1.53393434
0.19980959
0.47700781
1.24641638
0.55742311
1.54650005
1.36312789
0.63094281
0.38991262
0.62946229
0.76264854
0.37328891
2.22041046
0.89153522
1.81627621
1.72697104
0.47511675
0.25137481
1.53527276
0.81597665
3.33128499
0.33739153
0.67225310
0.17448384
0.77288759
1.09320957
1.92605199
0.76174120
2.54162946
0.19991878
1.64717797
1.24331052
1.15255570
1.51979259
1.00772041
0.60733419
0.42650776
1.13720095
0.48483163
1.36591119
0.55980416
1.29413457
0.24097408
1.89552169
0.62520017
0.81048474
3.31297752
1.80961708
0.12969684
0.91528061
1.33484017
2.09548397
1.34081441
1.51562517
0.54734017
0.32168769
1.34231694
0.92317209
0.88147492
0.66184534
0.44060974
1.99283373
0.64274778
0.18321956
1.87830960
0.45842488
0.24244120
1.66377456
0.28290225
0.05003251
0.24371298
0.13554259
1.66825254
0.59068925
2.00568641
0.61978156
1.44374633
0.99662058
1.89004197
0.36203935
2.07975808
0.78211059
2.40703665
2.38721703
0.09836508
1.06946393
0.76870817
1.05164209
0.31731445
0.41148732
0.55592068
2.45427939
0.65478077
3.19698952
0.36600545
0.32664424
1.49907499
0.30579763
0.86474397
1.41533282
0.87347058
0.22036398
0.69447212
1.29600690
2.27102860
0.13087566
0.59855090
0.91510942
0.54609640
0.98822293
0.84669759
0.51301189
1.53173060
2.51019762
0.70285438
2.14739833
0.97696565
0.53314355
1.19126846
1.26174110
2.61114231
0.45775330
0.24267846
1.06985883
0.75572669
1.63096115
2.14504891
0.54428068
0.30350455
0.86819758
1.21867346
0.68574677
2.39017761
1.23357111
1.37862708
1.32279773
1.26395951
2.82844609
1.00501367
0.41518500
0.22069754
0.60349905
2.52638090
1.50134999
1.38237833
0.07766295
2.38319878
0.11370559
1.98544189
1.01062086
1.68166998
0.41603954
0.22851410
0.71158530
0.25021342
1.46953596
0.31104624
1.08146572
0.69141184
2.96173848
1.15495096
1.36098863
1.88772012
1.94768439
0.78739090
1.80360076
1.76072488
1.06856078
0.21484437
0.70296914
0.35037281
0.09568343
0.65733555
0.18053245
1.14939260
0.65259638
1.15579017
0.74976716
1.48132806
0.47378353
1.88949421
0.54386523
0.99978840
0.15079318
1.44761953
0.25413638
0.57402582
0.59566073
0.46061063
0.32657310
0.39956080
1.52574898
0.53288802
0.28002095
1.71885413
1.04172786
1.05099866
0.21053827
0.31343637
0.45964306
0.45321765
0.31964339
0.72683591
0.74112140
0.35424541
0.35495069
1.37349373
0.34496764
0.66317686
1.09123695
1.60252193
1.14295224
0.63175957
0.52912135
0.87135322
0.53231159
1.40787454
1.79958616
0.16134382
1.45686520
0.24961691
2.05047865
1.32216660
1.39300224
0.76750877
0.80198105
0.53164432
0.94324613
1.54941450
1.38567543
0.66907900
0.29522625
0.48741167
0.53819528
1.52511660
0.23215137
1.99371504
0.40919227
0.37818968
0.29670031
0.46921271
0.87025551
0.06556424
1.18049526
0.95581802
0.39422814
0.49734083
0.35483842
0.52673639
0.90317411
0.24169720
0.75397007
0.38777838
2.19549647
0.54728936
2.53803593
0.23458478
0.69045213
0.31589294
1.32786802
1.15589655
0.22441676
0.29917955
2.99491965
1.66340121
0.32799577
0.85786684
0.53163890
0.87436900
0.21287499
0.38573682
0.25119182
0.56991434
0.60240269
1.08017791
1.85875004
0.63801762
1.57527059
0.62129731
1.17758911
1.94821416
3.05001692
1.47206730
0.04185043
1.82833735
0.93045935
0.28219168
0.79348293
1.22002354
0.21073799
1.83810143
1.66878208
2.96435396
1.05412463
0.41429229
1.94028338
1.36487569
1.80785221
1.82969046
0.49271142
0.22190948
0.54949952
2.01654238
0.42494788
1.90761166
0.97250404
1.23883175
1.22669191
0.83273730
0.74263102
1.62936736
0.50680828
0.57845628
0.48720042
0.39437679
1.06014649
0.16397049
2.68725723
0.50090992
0.26193676
0.37362878
0.32143148
0.30318743
0.56424993
0.37993730
0.68600678
0.25412122
1.89599447
0.70508130
0.81844337
1.17023905
0.31576982
1.89225912
0.74890246
0.34965306
0.93095391
1.86835712
0.39555862
4.39714923
0.97228602
1.03361591
1.09179268
0.53043272
0.20940398
