0.95832764
0.96394200
1.06446334
0.99652514
0.85732934
0.93292691
1.26740283
0.95994196
0.96915500
0.87941179
0.89145729
1.01834891
0.84578182
1.11355103
1.12200108
1.08023411
0.99551430
1.01105991
1.06742479
1.05222088
1.00564042
1.01413637
0.85214822
1.01247870
1.05098408
0.99002342
0.95093066
0.92229891
0.89901440
0.95650262
1.06809884
0.98205556
0.95344433
0.92282172
0.86314837
0.96539897
1.09194974
0.98058562
0.83634348
0.83750714
0.91107709
1.16768253
0.92900839
1.02764762
0.85976902
1.08641976
0.91009790
0.98657373
1.02060416
1.04893462
1.00891708
0.85208239
0.98794467
1.08392546
0.86248443
0.86500920
1.07926824
0.99647632
1.22453044
0.95557059
0.94255484
1.01387456
0.89166629
1.15058402
0.98342782
0.99642083
0.94714910
1.00375884
0.98643680
1.09299337
1.23770007
1.17718052
1.03050371
1.07947545
0.82641949
1.10791601
0.90468691
0.78780629
0.89660608
0.86096583
0.95776158
0.95782253
0.96539628
1.02143021
1.01033425
1.03573188
0.89452986
0.95555466
0.96655827
1.00028248
1.07064852
1.02381407
0.88348455
0.90818594
0.99578520
0.94875092
1.10818766
0.90756326
0.99996780
1.00276187
0.76494874
1.04481386
1.11151084
1.09758701
1.10510605
1.09649890
0.96939106
0.93889504
1.01366819
0.97478982
0.89517984
1.08894183
0.91553640
0.86811582
1.06784972
1.00926777
1.12071526
0.82742295
0.88793085
1.03963857
0.93054569
0.91711531
0.88052573
0.97902423
1.04658969
1.00413496
1.13300059
0.95853493
0.85882586
1.21428217
1.07815859
1.00927230
0.92185790
0.91775706
1.15524113
0.91115825
0.88507674
0.91782033
1.04337751
0.96736636
0.91379223
1.14888388
1.22625445
1.04667298
1.00871757
0.89792457
0.95020717
1.01229498
0.96945960
0.93766382
0.78056976
1.33878336
1.05980464
0.90340194
0.93861791
1.02152757
1.02209510
1.14181815
0.84739554
0.93785575
0.96088893
1.02929961
0.96350046
1.00007712
1.30921620
0.99815234
0.94605703
0.98804282
0.98374203
1.02004563
0.88614622
1.07617138
1.00160190
0.95357085
0.87812697
0.88417496
1.04091891
1.11412229
0.91075232
1.03319289
0.86427925
0.96594556
0.95789295
0.99743209
1.22097148
0.87181188
1.08986130
0.96211535
0.94998283
0.89309823
1.15856163
1.04020589
0.80074834
1.02277497
0.93289184
1.09219590
0.91988371
0.87379038
1.08798409
1.01961736
1.00860665
1.05780797
1.07890472
0.85360353
1.10241157
1.01514204
1.03591107
1.04353907
0.97926675
0.83622226
1.11206771
0.90976491
0.88478520
1.06180278
0.94213999
1.15007434
1.06879158
1.04526371
0.97281628
1.00925944
1.01828427
1.22056995
1.13251513
0.90069926
1.08430554
1.09632301
1.03020151
1.06179082
0.99699527
0.89154820
0.90467886
1.19001508
1.04598480
0.97562657
0.91445727
1.16030808
1.07470654
0.91103401
0.91706954
1.02327328
0.85536756
0.89934657
1.03236351
0.96908030
0.89066676
1.01637543
0.99819361
1.16280737
1.01776753
1.04450494
1.02711388
0.91383409
0.97927377
1.04580054
0.95075317
0.70138402
1.06430930
1.07405089
1.06229207
1.04294447
0.91964180
0.99871531
0.84303847
0.93564724
1.07210347
0.99564832
0.94855250
0.93637109
1.28203210
1.17235428
1.01466695
0.84132961
0.93239874
0.99001902
1.03215114
0.93722665
1.01066545
1.00872271
0.93927776
0.95726027
1.06328784
1.15096929
1.21607758
0.98944544
0.99666991
0.89010490
0.88390644
0.93845891
0.96771934
0.95604515
1.00997108
0.88834710
1.03390115
0.99577172
0.90635094
0.98565962
1.14727772
1.04681775
0.89245375
0.86675145
0.89554251
1.07708496
1.06987977
1.13492089
0.86090045
1.25651409
0.88276041
1.01332117
0.96236963
1.05379313
1.01655594
1.05444741
0.99479671
1.06755260
0.90241132
1.02884440
1.08929278
0.97889197
1.18665589
0.93078512
1.08224043
0.91110710
0.99064480
0.98994280
0.98511376
0.99726467
0.95683655
0.99334396
1.00254833
0.95942863
0.96345408
0.86269281
0.79967453
0.91419604
0.81148271
0.85013441
0.84404116
1.02599184
1.01034087
0.89040854
0.85050717
0.97610216
1.03116820
0.98482245
1.10675275
0.98544206
1.18931815
1.09436032
0.99514847
1.04622749
0.89764065
0.91152982
1.06320983
1.13906548
1.05028034
0.97389304
0.89507229
0.95778554
0.92773077
0.95558000
1.03447455
0.89479584
0.95737522
0.90523934
0.97865837
0.97706356
1.03867338
1.13069142
1.17588427
1.12173931
0.90616488
0.93384029
0.85881510
1.03066309
1.00353044
0.96701686
1.09793011
1.11122685
1.03667576
0.88369159
0.97432615
1.12720307
0.92416326
1.00991346
1.03733728
0.95710466
1.01352966
1.19376683
1.00585400
1.11295331
1.01155976
1.02388689
0.96309506
1.00238643
1.01624444
0.93643206
1.13193588
1.23307071
1.08941717
1.12888478
0.87281066
0.89877848
1.03749237
1.11838966
1.05770863
1.07239666
0.83631445
0.95683908
1.05196096
1.01074974
0.96883002
1.06314559
0.89912149
1.07116407
0.93908885
0.85583380
1.03392135
0.88616487
1.09300327
0.95825657
1.14306746
0.91867678
1.06058028
1.21516689
1.22218169
0.91164584
0.93365794
0.97967564
1.04558661
1.06413579
1.02095179
1.29501715
0.99002251
1.05000013
0.91597233
1.09493786
0.94422718
1.08097226
0.94571114
0.94899427
1.11067802
0.93873687
0.99905411
0.92967367
1.08165473
1.02333809
1.05466196
0.97087409
1.01887991
0.95721638
0.94599571
1.02921635
1.12807137
1.10471859
0.98322864
0.98176474
0.96482104
0.98352138
1.00829917
0.89831663
0.94869520
0.93501480
0.92131936
0.93571902
1.05259090
0.90681578
0.98606747
1.10534723
0.90563950
1.07044571
1.07135122
1.00690753
0.95588528
0.93089751
0.93842174
1.21803157
0.84880982
1.01289185
0.97555590
0.86164448
1.22157241
1.00923661
1.13607268
1.05166634
0.96955063
0.91395652
1.10450829
0.85700044
0.87529090
1.01483778
0.93082238
0.91412491
1.13760968
1.16296594
1.03652666
1.00533655
1.04124981
0.93577578
0.90358182
0.99215287
0.86969341
0.92385407
1.03170436
0.92236044
0.89749992
1.04108614
0.97319333
0.89419221
0.95674631
0.94639113
0.95631597
1.01396548
0.98847506
1.05357277
0.95466949
1.12281086
0.84903881
1.05251655
0.77493828
0.90927298
0.91429986
0.99410582
0.89313071
0.96855655
0.98719055
0.80869850
0.71699372
0.91107825
1.05822645
0.94538001
0.93840495
1.06725803
1.07130061
0.96860424
0.98782417
1.02010533
1.00691386
0.88539418
0.95011350
1.04468043
1.05231647
0.92842235
0.87237310
0.94575105
0.94873290
0.96081982
0.97982538
1.04361879
0.93664985
0.95891547
1.15369155
0.89483829
0.98973942
1.13051248
0.97557536
1.00710697
1.05607072
0.88934016
0.87829725
0.95314643
1.06276975
0.95762527
1.01573554
1.16790095
0.79876029
0.96098136
0.78740518
1.00131221
1.16591751
0.97664043
0.99698940
1.11743531
0.98307578
1.06094834
1.01550287
0.98910971
0.88585395
0.94236102
0.99284309
0.93018812
0.93660218
0.83015293
0.98715685
1.12714162
1.04901498
0.98671721
0.98020165
1.03265822
1.23376125
1.02991314
0.91728975
0.93776371
1.10597114
0.92868929
0.90980635
0.99402566
0.90315473
1.03081617
1.07024204
1.13618588
0.87017102
0.98306704
1.14773855
1.07159665
1.05000732
0.98084785
0.95454499
0.95239808
0.77276844
1.00958746
1.01147799
1.11491758
0.94546500
1.04652500
1.07061124
0.78549621
0.99968824
0.96202987
1.00430649
1.16874978
0.87530884
1.10770416
0.88688931
1.04853816
0.94956737
0.92380677
1.08900972
1.01667742
1.18443986
0.92113392
1.07929442
1.16165345
1.00422279
1.00952722
0.98521176
1.00826860
0.91931044
1.06682209
0.99046570
1.04119407
1.07388195
1.01848129
0.95211873
0.99030742
0.97039727
1.02921936
1.29100384
1.00240186
0.97169119
1.01804906
1.05304033
1.00310910
0.99546714
0.95293305
1.24329556
0.90808316
0.99817377
1.05820672
1.07718580
0.97183524
1.16295675
0.98161621
1.04094275
1.19949759
1.13303983
0.99901987
0.98550698
1.17942519
1.04774010
1.14985886
1.21457185
0.91099382
0.89144012
1.05344040
0.98425562
1.14225502
0.98458553
1.00286490
0.89135988
0.79360230
1.18157084
1.03462603
1.03367402
1.03824161
1.06406465
1.04801368
0.83541633
0.83528250
1.10358755
0.98612380
0.91761859
0.98321329
1.02841149
1.14624103
0.98699106
1.17032058
1.12271868
1.12181838
1.01879613
0.83861602
1.14057496
0.92315917
0.95316956
1.12328458
0.91801089
0.93995737
1.03491711
0.95368628
0.99320198
0.74488573
1.10256504
1.01989113
0.92218910
0.93321904
0.94891530
1.07188237
1.07236715
0.85045119
0.89403067
0.90695654
1.07772448
0.93597185
0.85106216
0.98575206
0.78247640
1.07482035
0.97126069
1.18040311
0.92877640
0.97400406
0.83525547
0.99220372
0.97359222
0.86843752
0.82240205
1.06523304
1.10038824
1.07065967
0.98988088
0.99319383
0.92521663
0.79656242
1.12674574
1.02408903
0.98809331
0.98639878
1.05112881
0.77556349
1.10259651
1.00660503
0.88529226
0.90750876
1.01710475
0.80205930
1.11526203
0.95957594
1.04510352
0.96834355
1.02123991
1.13846560
0.98286160
0.99873631
0.96123740
1.01939106
0.95339331
0.84205338
0.97806013
1.16463083
0.82928376
0.90344529
1.16485974
0.89687386
0.84184562
1.05555390
1.01828730
0.94094556
0.84715209
0.88549731
1.07756895
1.07162817
0.86770835
1.08223489
0.99489547
0.82320246
1.04093612
0.96504671
1.11242666
0.92621097
0.98617630
0.94444555
0.89993922
1.00951885
0.97587347
0.93859953
0.91660969
1.03155275
1.15026495
0.99922653
1.16999421
0.98777909
1.13924414
0.87730507
1.08402739
1.06979354
1.02833238
1.05219264
1.01376574
0.90524491
0.98122456
0.95013314
0.88035809
0.89901364
1.08680289
1.07723586
0.92807857
0.98555148
1.07594450
0.94123423
0.84138407
0.96053651
0.96325193
1.12515478
0.80542157
1.00763088
0.94705536
0.86248675
1.02533670
0.99960423
1.05843900
0.92968353
1.00462678
0.93530930
1.02717211
0.98913236
0.89603724
0.97488215
0.98373143
0.92985908
1.07910636
0.98224092
1.00331286
1.02877581
1.11220304
1.07602401
0.89807743
0.99803442
1.05757403
0.99465267
0.82585530
0.97665617
0.87670654
0.98265504
0.99119670
0.95188495
0.84818570
0.80932859
0.96918553
1.06733798
0.97638647
1.05314025
0.93874720
1.03830005
0.95207752
0.81569774
0.98830848
1.08001220
0.94896849
0.81652261
1.01720028
0.89315202
0.98487547
0.93669922
1.14437175
1.15828719
0.85985864
1.02294209
1.01332622
0.94001546
0.91132130
0.87340612
1.11086497
1.01970127
0.88249840
0.76281509
0.83865782
1.14996210
1.00475870
0.93889350
1.15881306
1.08531446
0.97082147
1.04798333
0.93744181
0.95512494
1.04716764
1.10510368
0.93098123
1.21395503
0.91380430
0.84262375
0.92978481
0.91007336
1.00166236
0.84276303
1.02452143
0.95298933
0.83542771
1.05873248
0.90309643
0.81901608
1.03361986
1.11172993
0.94425820
1.05996440
1.00966998
1.04888427
0.98585265
0.94640842
0.94983317
0.91364044
0.89806595
0.92870162
1.08860079
0.90109615
1.04054268
0.97745238
1.07208791
0.96433112
1.00489756
1.00798247
1.08125200
1.02153357
0.88801379
1.02844073
1.12605021
1.22880960
1.00947116
1.01173737
1.25920981
0.87729285
0.89913902
0.91176180
0.96924410
1.10964049
0.99506151
0.93428794
0.88648992
0.99502657
1.23977706
1.04137860
0.79347060
0.81655372
1.02874541
0.80192797
1.12250546
1.01070300
1.09855727
1.04592353
0.93059512
1.16611948
1.06609357
0.95048810
1.16935708
0.90641538
1.10295679
0.88926797
0.97090040
1.05896008
0.79049124
1.05579663
1.18352376
1.00602093
0.99971993
0.84751783
1.21399901
0.95947902
1.21440077
0.96326435
0.86735422
0.96151143
0.96217820
0.92984035
1.12341238
1.02513773
0.95772280
1.04016117
1.08244067
1.03370540
1.08817868
0.99712333
0.94180236
1.18639832
1.02739595
1.09200141
0.95077043
1.08665848
0.94011288
0.92916248
1.09382268
0.95683053
0.96068956
1.13335232
1.15293181
0.92787764
0.99314531
1.11587628
1.07163360
1.00685216
1.07462248
1.00650876
0.96952580
0.87820440
1.02110831
0.93745143
0.92319190
0.83173511
0.87507908
0.91244139
1.00226393
1.01011235
1.00692549
0.95609182
0.88823135
0.88091541
0.99741258
1.02474494
0.89473222
1.02362353
0.93177110
1.04386735
1.13020801
0.95795241
1.06832733
1.17154493
1.13982902
1.29067723
0.96365100
0.91355837
1.14540332
0.72271889
0.94477175
0.98166640
1.12203142
0.93132415
0.98769228
1.11339294
0.94198686
0.91113323
0.99066490
0.94020337
0.88425429
0.89014277
0.95891308
0.92605508
1.11285183
0.94723935
0.77919688
0.97415281
0.89038672
1.12501294
0.83333621
1.03289711
0.95037723
0.99363469
1.00325262
1.08898760
1.03405612
1.23430485
0.86456750
1.02450176
0.98511207
0.82909553
0.97119402
1.01523909
1.03426301
1.05632689
1.03995994
1.20201347
0.94192983
1.08550210
0.95685057
1.04378814
0.77639040
1.13863459
0.82623452
0.82383910
0.89855708
1.04259640
1.15002953
0.85227323
1.03963033
0.95648532
1.13486219
1.06182262
1.08346204
0.96499286
1.00472656
1.11068500
1.06969588
0.97274848
1.13599671
0.97256529
1.20102784
1.13832964
1.03397210
0.94690114
0.90755252
1.05584664
1.07463320
0.96518116
1.02827238
0.90235859
1.01872729
1.07378837
1.01331958
1.04168563
0.99034501
0.97736599
0.78975297
1.00717082
1.01241384
0.90629797
0.95660985
1.02554747
0.87531520
1.01284158
1.12252792
0.95984657
1.07322753
0.99069059
1.05749497
1.05915882
0.94467137
1.21697445
0.96034806
1.04401916
1.03169080
0.96583754
1.11861022
1.12475023
0.79821301
1.27600641
0.78118764
0.89106748
0.86845712
0.93519530
0.94262649
0.87237494
1.11093689
0.68719311
1.17095491
1.17198607
1.08984907
1.12718141
0.87925686
0.99765853
0.90381124
1.02684380
0.85249057
0.92517534
0.96255989
1.01062499
1.05202559
1.07542058
0.95614859
0.99078788
0.93188513
0.92680092
0.98773758
1.02308577
0.98962650
0.88259108
0.95081707
0.84463928
1.00927764
1.05444900
1.05537211
1.00688814
1.08615758
0.95803053
1.08897931
0.88788176
0.98957647
1.04081663
1.01980807
0.95676419
0.91872727
1.07130102
1.15959901
0.97448530
0.91334771
1.04547983
0.96437923
0.99195551
0.86589173
1.09467635
0.95438572
1.12296744
1.00278607
1.01676782
0.94528619
0.97032543
0.86356122
0.91851395
0.92559227
0.82101236
1.16882728
1.02726737
1.29810276
0.89961668
1.05444602
1.02735309
1.10195414
1.00595014
1.08713357
1.00143979
0.92335912
1.01850116
1.14324687
0.87220161
0.90748832
1.01046932
1.14586577
1.27651656
1.17697464
0.97293168
1.12091225
0.99886446
1.06730121
0.98869437
1.02033892
1.00831465
0.93710999
0.95627653
0.88600486
0.80583607
1.06439413
0.92825477
1.08524993
0.92433563
0.98992941
0.95230251
1.00539031
1.15165243
1.07171438
1.07117966
0.94811455
0.98225156
1.06884623
0.91824729
1.20861575
0.97301717
0.98311462
1.09094086
1.07140654
0.79878184
1.00403089
1.16553880
1.01883585
0.95834669
1.10767579
1.06453493
1.03852914
0.91070639
0.98195100
0.91566991
1.06604208
0.83064592
1.27366405
0.88269797
1.07345069
0.85800661
0.95513706
1.11694723
0.87056111
1.24772238
0.80630378
0.99139315
0.95463546
0.93535558
0.94376768
0.88433300
1.14149873
0.96482839
1.08009003
0.99053523
0.98790090
1.03131944
0.99415292
0.99559541
1.02860159
1.02332376
0.92214895
0.88529812
0.99531266
1.01322577
0.93311219
1.23055072
0.96723314
1.08738987
0.86469596
0.76094440
1.00041942
0.93366913
1.12246418
1.13879138
0.93509677
0.90737567
0.96092904
1.04250933
0.84557748
0.98652108
0.91313627
0.96044775
1.04413413
1.12527255
0.95449785
0.92227660
0.89576379
0.99319286
1.10368036
1.01182148
1.01372324
1.00003692
0.98503393
0.96237088
0.94318391
0.99181509
0.85644218
1.33197122
0.80753340
0.97293540
1.26628197
0.97242580
1.06962681
1.11919935
0.96526112
0.90495171
0.98554785
0.90404393
0.97245707
0.99434541
0.94203371
1.13526412
1.06496326
1.01084142
1.03941955
0.99555888
1.01410427
0.92025695
0.93441000
0.98948825
1.02133731
0.90929204
0.96447780
0.94331291
1.07354111
1.06940543
0.94028653
0.88822087
0.85191747
1.09268522
1.06120235
0.89458056
1.00379438
0.88280627
0.91178225
0.88154422
1.03250910
1.10354600
1.10098582
1.04659490
1.03738288
0.95734712
1.16711164
0.85589677
1.03526255
0.95697466
1.01849951
0.96219860
0.97638591
0.90401799
0.98550491
1.17950645
1.03281292
0.90184751
0.87383053
1.04888244
0.94525137
0.98315319
1.00579282
1.00790775
0.91650694
1.17410911
1.06978522
0.89481388
0.92307525
1.04510139
1.02568857
0.93882435
1.05604156
1.17730515
0.96211322
0.94547728
1.09422847
0.97906788
0.90738511
0.94489844
1.06136166
1.04238422
1.00680475
1.02815449
0.77931575
0.94474046
1.02686240
1.23739379
1.12738433
0.98808858
0.86343530
0.95705536
0.91369170
0.86372401
1.04672137
0.85900972
1.06607584
1.19327003
0.99762396
1.07914085
1.10793048
0.95051355
0.98768254
0.96016303
0.97898612
1.02596136
0.87368636
1.17679943
1.00553683
0.84920250
0.96342994
1.13501648
1.08149264
0.83234145
0.94488947
1.12671642
0.90072886
0.99702407
0.80708606
0.88133336
0.92418559
0.89488819
0.99071443
0.98030609
1.04496122
1.12279317
0.80865733
1.27284413
0.97122021
0.88049360
1.17861962
0.93005138
1.09166363
0.88332924
1.04910595
1.16463451
0.88644861
0.92609856
1.09770099
1.05465507
1.07383721
1.01528315
1.00972807
1.25449262
0.99619303
1.00610494
0.94547325
0.98746413
0.94087150
0.92812513
1.01154905
1.11377190
0.89878428
0.96733415
1.12094144
1.04716737
0.98840580
0.95917771
1.09903276
0.95875681
0.87859401
1.11542445
0.83967090
1.24335801
1.09201616
1.08377862
0.83054821
0.91415852
1.06688024
0.95637244
0.91708748
0.82612729
0.93968315
1.06853002
0.90363988
0.91372983
0.92547607
1.07065732
0.91819737
0.89968423
1.24249187
0.83412716
0.98420979
1.16841416
0.84739098
1.05620137
0.95017359
0.96972026
0.95198575
1.13577930
1.02313424
1.05625069
0.96282102
1.01392335
1.09253458
0.90498065
0.89212224
0.79109584
0.95858639
1.11656891
0.92443104
1.07724577
1.08144233
0.90457428
0.88639738
0.99677069
0.99085667
1.09208839
0.93291862
0.99125159
1.15531221
0.89860430
0.95444891
0.88759310
0.91022748
0.81514791
1.12208595
1.04086809
1.04158426
1.09174394
1.05353630
1.04147395
0.97598432
0.93818636
1.10027090
1.06153763
0.86143497
1.01426450
0.98809568
0.93368661
1.14671524
0.96393618
0.79215516
0.98597405
0.83385183
0.84372890
1.17733748
0.88406436
0.91971770
0.89094503
0.80642002
1.16939746
0.89715489
1.14094592
1.01081667
0.96634911
1.07812493
1.11508143
1.08426973
1.17084964
0.93013675
1.10011334
1.07800963
0.94945615
1.08298515
0.99934458
0.87049674
1.02536636
1.13005964
0.95568509
0.86888082
0.96969491
0.87907652
0.96798533
0.96736077
0.92286363
0.94162505
1.10311066
0.91212247
1.24549881
0.90293178
0.96637053
0.91403476
0.90779000
0.86996697
1.07282322
1.06614299
0.88064570
1.00256783
1.03566823
0.91239909
0.98624765
0.97762553
1.01999509
1.03420649
0.88210039
1.13261268
1.02724039
0.90922720
0.99272295
0.82381845
1.09587477
1.21232801
1.06801118
1.09379015
1.00444751
0.94921020
0.96787012
1.10239864
1.19366046
0.88332208
1.08377361
1.04501560
0.86272758
0.92864400
0.90967654
0.98342505
0.99162473
1.15167674
1.00206803
0.93648439
1.00081143
0.92062347
1.08127894
1.00160549
0.99971525
0.90333070
1.00100823
0.91267356
0.96772317
0.84707592
0.97435185
0.96718616
0.87443332
1.16365658
0.95673925
0.95123624
1.01749833
1.02023077
0.91167793
1.22389835
0.94773949
1.05118821
0.88843834
1.10895180
0.99648969
0.97542235
0.98449844
0.95996598
0.99020593
1.19327370
1.11276946
0.99070044
1.01552419
1.18422041
0.90943741
1.02800223
1.21864235
0.94173916
0.93797683
0.99049114
0.85716298
1.16571878
0.90172331
0.95053652
0.98300556
1.14414495
1.09700746
1.09578804
0.82970130
1.06873285
0.87782712
1.05276712
1.25965133
0.82996515
0.79859107
0.94293142
1.01736924
0.88936902
0.94669686
0.91494604
0.98838279
0.92684124
1.01821633
1.02407034
0.78971191
1.03996187
0.90456478
0.95945114
0.98384474
1.04364312
0.95059114
0.91255333
0.99837022
0.92420248
1.10027993
0.96633384
0.83704206
1.06940821
1.13170995
0.94448690
1.02655584
1.06607776
1.03085627
1.11708167
1.04048130
0.87421278
1.05844439
0.96311197
0.79329328
1.12412593
1.10444199
1.07652031
0.81941157
0.99589094
0.98004066
0.94472006
0.96985786
1.01524399
1.13070272
1.01030457
0.99059345
1.08149217
0.93591226
1.04272728
1.10554919
1.10994564
1.13997650
1.15955474
0.85585412
1.07698837
1.17616413
1.06405401
1.06357763
1.18305459
1.07613318
0.98125346
0.97810547
1.04114718
0.90980439
1.06855058
0.93298648
1.03647219
1.00163339
0.96896113
0.88179499
0.92618076
0.93917813
1.16762413
1.07372807
1.14908974
0.94973332
1.08733438
1.00779907
0.92042884
1.03488574
1.17980510
0.93271604
0.97137167
1.11564825
0.98962173
0.98997746
0.87417272
0.97450910
0.99426133
1.04764073
0.95717128
1.01104696
0.95145820
1.00368343
0.90742165
1.05754703
0.81537641
1.14405713
1.04318482
0.95194823
1.09496418
0.86786512
1.03406596
1.08744835
1.29357952
1.03968720
1.06309614
1.00750082
1.03411252
0.94037575
1.11562869
1.07017342
0.85816850
1.19626451
0.74969196
1.29281772
0.88761649
0.87709975
0.98178647
0.98255315
0.87353053
0.96912908
1.02005016
1.09093915
0.85898690
0.92988070
0.98966822
0.94946159
1.06411350
1.10146651
0.99787359
1.05872712
0.90019037
0.79105334
1.21563476
1.06778789
0.86141450
0.97019879
1.13065131
1.03978658
0.98102124
0.89345272
1.08261152
0.96803888
1.18247380
1.02832935
1.08031102
1.11445713
0.99000465
1.01282946
0.95686985
1.03585784
0.95763767
1.17374762
1.03615182
1.06957346
0.93129697
1.11851057
1.12266103
1.21791212
0.97432973
0.84214478
0.90809309
0.84513554
1.15809445
0.93186397
1.16233708
1.04949334
1.02973343
1.17795169
0.92520664
0.95652957
1.11806635
0.93710322
1.14700869
1.21855111
1.07262047
1.10209951
0.84197271
0.93572726
0.83829016
0.92083830
0.95804244
1.00179409
1.10673381
0.89760726
0.96217727
1.02278867
0.91929242
0.99335545
0.93968569
1.18558422
0.94165130
1.08223738
1.06551723
1.07477781
1.05437745
0.95458168
0.94223409
0.77963688
0.86645468
1.11039608
0.97580672
1.11258299
0.90127955
0.89108968
0.94983670
1.13282946
1.01366534
0.96780969
1.15036917
0.85961433
1.28823115
1.03440993
0.96320787
1.13305823
1.06344485
1.00707040
0.99984466
1.08657073
0.92227091
1.06206509
0.95299605
1.08568148
0.94771187
0.99583002
1.01149328
0.98578365
0.99766684
1.11071209
0.84340963
1.04769838
0.96121436
0.98907693
0.89802438
0.91260899
0.93533802
0.86729023
0.88473966
1.13793605
0.87689987
1.01256367
1.15970032
1.18651249
1.06592013
0.93431746
1.04157285
0.99333652
1.04034756
1.13042182
1.06156007
0.99231182
0.96414701
1.01529334
1.09203960
1.06454192
0.97885224
1.00165591
1.00460012
1.02738145
1.00281958
0.88569669
0.88569554
1.04417604
0.94507448
0.89850142
0.96268801
1.03892113
0.88296460
1.09543332
1.04081392
0.81241518
1.00996591
0.99216327
0.89725030
1.21453329
0.76118171
0.98801118
0.99052739
1.02118758
0.83649569
1.16416397
1.07544764
0.91011857
0.91424570
1.04059563
0.97156491
0.89264430
1.00601562
1.02425136
0.97376378
1.11598154
0.98942572
0.95740709
1.03034550
0.98861062
0.96533766
0.99332206
1.04374754
0.89135007
1.05742601
1.02386950
1.15973746
0.85825009
0.87999596
0.82069874
0.80477328
1.02222618
0.84249359
1.16596613
1.08327124
1.07302314
0.85588174
0.90883559
1.09050008
0.97045332
0.80048420
1.07479289
1.04487120
0.99317651
1.08695620
1.15609590
0.91714933
1.10772651
1.04436845
0.93195446
1.08751915
1.00721942
0.93446188
1.02684727
1.18983055
1.14267026
1.03849443
0.89902606
0.99521486
0.90989566
0.94206957
0.95409732
1.24087882
0.99289235
1.20000138
1.02687382
1.18273642
0.91436140
1.03235211
0.87703739
0.83791692
1.03544278
0.87089035
1.21124634
0.78659443
0.89668324
1.04526114
1.11881240
1.02479606
0.82124831
0.89464540
0.94897177
1.05297070
0.95898389
1.02280425
0.84470767
0.84867330
1.04003148
1.10944726
1.13991404
1.02498823
1.12489830
1.08241935
1.10399684
0.85592963
0.92382892
0.90956968
1.04254786
1.02070435
0.84883319
1.07990007
1.20962156
1.09694610
0.87838452
0.99319682
0.83333456
0.99410834
1.00447586
0.87267397
1.06695395
1.07363940
1.20552359
0.86654194
1.01083873
0.96427981
1.06325793
0.90037855
0.82311782
1.15926321
1.00032964
0.90389890
0.96000538
1.00093690
0.78735303
1.11647685
0.95320940
0.97095373
1.04491362
1.15962909
1.03357690
1.01839752
0.98517447
0.96736283
0.82384064
0.82692378
1.12087230
0.89405296
0.97643710
1.01912597
1.08712681
1.12856190
0.97820376
0.98914165
0.98755306
0.92202931
1.03970180
0.94818296
0.94212117
0.95345443
0.92047524
1.03852462
1.06077240
0.82850333
0.98547724
1.07240340
0.90609991
1.00448514
0.94157376
0.89991019
0.93854729
0.92992711
1.15369083
0.92696655
0.95058524
1.01869256
0.87507207
0.95877819
1.01925501
0.89494966
1.02622444
1.14519404
1.03282424
1.05768908
1.09287847
0.85853122
1.08104041
1.07749932
1.03820305
1.11275916
1.07881492
0.86977794
0.89181909
0.91225522
1.05274003
0.91693768
1.07089258
0.90396555
1.06995142
0.99601586
0.92981120
0.94859489
1.04543988
0.74275960
1.01967843
0.92183169
1.01352451
1.17262704
1.05114759
0.93499616
1.12993299
1.06934425
0.99158130
1.07011093
0.99766039
1.08028309
0.89564215
1.01165057
1.09426538
0.96847300
0.98887864
1.03471917
0.86339086
0.93588882
0.95965353
0.86524615
0.90666989
1.01071886
0.89536725
0.89368771
1.18356949
0.93691946
0.97643939
1.24582870
0.92188870
0.90914368
0.93057919
1.02000597
1.09457517
1.06163620
0.90788861
1.05744083
1.10418806
0.95812374
0.90664298
0.90539823
0.94545272
1.04218387
0.90171764
0.92915623
0.90955239
0.92860361
0.91596138
1.01035025
1.02511374
1.10134126
1.04417639
0.98277786
1.03137439
1.06745540
1.04939179
0.98065889
1.00359845
0.91982542
0.95480874
1.20727444
0.91790951
0.90066195
0.97122649
1.01230935
0.93359796
0.88315809
0.79846839
1.05367818
1.03373008
1.05779729
1.04837669
1.04513723
0.86369644
0.98553622
0.95786454
0.84829515
1.05200134
1.09592230
1.03519101
0.90708108
0.90593466
0.95628819
0.89444337
0.88392085
1.01187967
0.99721280
0.95737972
1.03999303
1.10005981
1.13279942
0.97059181
1.07236337
0.81681718
1.10660439
1.12621551
0.92772355
0.83361873
0.93161577
0.98540086
1.12291678
0.96210389
0.95893007
0.92818022
0.83509264
1.07399509
1.07004851
1.02278543
0.94124749
1.17647448
1.11718044
0.85360350
0.98517986
0.99017325
1.03122333
0.98334824
1.05487643
1.14472021
0.98534123
1.03654483
0.99745772
1.17511519
1.03050438
1.13387180
0.78724392
0.94995220
1.15144322
1.03595099
0.91052112
1.14246177
0.80229478
0.95040790
0.99304560
0.92826661
1.12994604
1.00735849
0.99991032
0.92233834
0.97269644
0.87625040
0.90755986
1.01484488
1.06790316
1.06165340
0.93222650
1.17574325
1.13151283
1.06741617
0.95009506
0.96689526
0.91956208
1.03084781
0.95648074
1.07625747
0.95144559
0.89205898
1.07463359
0.95702296
0.82561614
0.91169071
1.07343442
0.97125527
1.03793839
1.09981483
1.05436513
0.85468115
0.96327684
0.86575713
1.04831157
0.84903203
1.07437002
0.96806871
1.04677636
1.06531523
1.22615994
1.10699820
0.98187228
1.11792483
0.91922707
0.83391212
0.97613158
1.11628608
1.00957117
0.99202365
0.93648748
0.98204058
1.04208063
1.02146688
0.93947122
1.02651647
0.89282445
1.14179842
0.90922871
1.01613501
1.02771732
0.98486817
1.07650067
1.18452059
1.19972674
1.02377034
1.07031244
0.96662114
0.87329028
0.88991207
0.95687854
1.15958465
0.91458849
0.90321001
0.99313158
0.97548767
1.17280864
0.88095889
1.05234056
0.88101070
0.88304419
1.11210679
1.13729024
0.97907470
0.91268474
1.05697770
0.99014765
0.90129007
0.88651978
0.96984505
0.97083062
1.02465947
0.91420069
0.85117701
0.95785917
1.18147471
1.04293591
1.12469902
0.95713009
1.11042189
0.90196416
0.74152361
1.06618044
0.95240158
0.95416183
1.07862097
1.09697618
0.95480472
0.90776651
1.08967002
1.08620815
1.08126670
0.99243485
0.96654989
0.87321497
1.06487450
0.91910387
0.99340015
0.92077565
1.07395651
1.07082226
1.05871653
1.09267328
0.88416656
1.09136814
0.97149638
0.84025191
0.98177421
1.10484794
0.97974475
0.81143471
0.92755652
1.00519909
0.87128465
1.02244662
0.97083968
0.97872669
1.06322367
0.91298948
0.96676460
0.94713654
0.95473344
0.95057675
1.09769347
0.97943027
0.97529113
0.95030114
1.19675898
1.06052963
1.08726048
0.94568177
1.00275288
1.06695914
1.00640283
1.02873295
0.87231390
1.11009816
1.06401760
0.90572910
1.10056884
0.87248226
0.96304977
1.23991029
1.02288177
0.87558429
1.10974690
1.05580504
1.14247796
1.13836942
0.94810705
1.01714226
0.97645120
0.95055783
0.93767735
1.00591874
1.07956131
1.01652084
1.13142976
0.81143056
1.02985560
0.84885244
0.82863433
1.05753194
1.09668934
1.04852495
0.78433915
1.01030998
0.93584845
1.08264718
0.94298462
0.89419277
0.82645850
1.16656153
1.09569019
0.86729037
0.98441605
0.93336261
0.88695525
0.99338046
0.85881233
0.95970713
1.04305816
0.96036389
1.10085617
1.07368405
0.89554572
0.97723230
1.04562738
1.06417279
0.95250739
0.93758712
1.03067541
0.92205297
1.19862664
1.10107881
0.91572660
0.91093240
0.86072452
1.00143218
0.93822783
0.95217294
0.84133712
1.08087727
0.95605229
0.96729248
0.94884944
0.80974269
0.97839727
1.23503766
0.98545779
1.01396812
1.17791036
1.01761176
0.97800259
0.87836265
1.21350174
0.98570353
0.97773929
1.19403285
0.82618044
1.00535992
0.99880394
0.89128541
0.99972699
1.12324921
1.10237742
1.06953828
0.73455403
0.93960837
1.26479572
1.11911422
0.92497299
1.05903845
1.05025078
1.23725281
1.01829959
0.94648093
1.05590055
1.05920477
1.00842197
0.99973338
0.90183754
0.91304749
1.11527327
0.96266526
1.01450772
1.10671042
0.88834618
1.07332862
0.97764525
0.90034489
0.91543711
1.03666739
1.23658685
1.00738291
0.84858994
0.99257344
0.99779933
0.96069213
1.19033799
1.04395880
0.98177126
1.11224491
0.90558033
0.86700657
1.17810871
0.90401932
0.86135103
1.06825987
1.02841011
1.02263391
0.89825024
1.02090172
1.01801938
0.96599808
1.07382539
1.16807479
0.98172687
0.95067005
0.96318325
0.90605045
0.88149430
0.98790815
0.87481573
1.07387562
0.82220972
0.94502958
1.10531399
0.90495968
1.08173540
0.78356388
0.98671869
1.22124716
0.97781851
1.15213214
1.19356336
0.93151970
1.01275397
0.99963150
0.99682792
1.00801152
0.92148665
0.93063862
1.21552496
0.94359891
1.06709610
0.98893508
0.98482469
0.83864045
1.06263535
0.99618332
1.05815749
1.03613259
0.93929523
0.91299659
0.94672936
1.05309135
0.98530315
0.95021075
0.76709082
0.86838909
0.99446004
0.89839742
1.03501208
0.99005735
1.02514524
1.02534088
1.13812405
1.00571492
1.06491078
0.93629284
1.06382580
0.89521833
1.01730523
0.82952017
0.88046989
0.95115458
0.85185586
1.14875387
0.94922254
1.08417923
0.98801272
0.91592732
0.91643105
1.16432326
1.18259220
0.87965541
0.92949447
0.92389380
0.95123343
0.90363765
0.96942324
0.87247700
0.96425293
0.93050922
0.81645956
1.07665146
0.97556320
1.00859122
1.06142099
0.94673774
0.92486954
0.93983553
1.02014349
0.93147415
0.82536780
1.09544483
0.98554443
0.97615163
0.96729656
1.13142207
0.88671782
0.92773864
1.06186104
0.86283117
0.89998671
1.10563964
0.84583726
1.08761338
0.90438266
1.02958049
0.97784665
0.91538346
0.95342442
0.95445414
0.88351250
1.03942777
0.96735443
0.99787524
1.24450207
0.90526698
1.04122035
1.13788287
0.94636919
1.21076773
0.99333441
1.07637937
1.23279764
1.06480105
1.06562272
0.95820466
1.02114763
1.07585112
0.87066665
1.16969525
0.86370464
0.98334863
0.94783459
0.99606945
0.88553324
1.14983459
0.97124856
0.77578358
1.14404708
1.01283296
0.94240713
0.96768325
1.01218002
1.01471083
0.86309010
1.07694171
1.00540835
0.99883920
1.11205338
1.02450874
0.90301424
1.08859468
1.05665883
1.13440922
1.05493320
1.03413012
1.11876163
0.94483268
1.17063799
1.09114532
0.95526067
0.97354407
0.76589571
0.88335899
0.94996106
0.99575914
0.86666832
0.95057306
0.80396533
1.10789125
0.81853162
0.82936775
1.17915814
1.16490564
0.98272914
0.91205098
0.99793914
0.94270326
0.93024824
0.92301241
1.04434064
1.06391042
0.99443983
1.02059430
0.92759554
0.81855072
1.04591978
0.94176940
0.74791753
1.07790671
1.05530631
0.88476387
0.83876482
1.10053511
0.89690278
0.90167635
0.89530359
0.81860072
0.99028233
0.86502266
1.11692154
0.99082413
0.93883753
0.83764195
1.12920018
0.89590100
1.19227524
0.86922292
0.95810396
1.06809940
0.92223488
0.83195850
0.84436412
1.07788028
1.04943130
1.16724793
1.03497736
0.99385561
1.00191811
1.00048194
0.87595080
1.00659483
0.92040276
1.02397255
0.95275311
1.05667449
0.99455771
1.00992647
1.11491019
1.06514666
0.87405688
1.04232129
0.97388117
1.04430791
1.01824726
0.72943114
0.93952283
0.99741965
0.98445135
0.83970805
1.02881456
1.14556966
1.08090010
0.95695387
1.07870039
0.80205904
0.96128327
0.92101641
0.95915936
0.99706240
0.88439978
1.21417822
1.07763702
1.03892412
1.02130320
1.01417667
0.96587485
1.00942968
0.96723840
1.05862940
0.96435015
1.04298592
1.01610420
1.11570397
1.01840648
0.98831636
0.81702600
0.96838837
0.95688464
1.13684717
0.89758621
1.00782508
0.85312780
1.02592257
0.94544516
1.09583395
0.93452435
1.04020002
1.17221256
0.93483428
1.04554234
0.86604721
1.05112461
0.98671229
0.98713561
0.81676536
1.03055073
0.89859616
0.97420087
1.15935520
0.97374052
1.00714526
0.98786817
1.07719319
1.04155689
1.05702974
1.06958850
1.14397564
1.11567502
1.12819942
1.01121121
1.11995325
1.09907531
0.84433631
1.00334341
1.22794858
1.02642480
0.93832054
1.07548480
0.88083356
1.10702820
0.97065232
1.01436488
0.97401250
0.91946637
0.92323704
1.04674561
1.01652322
1.13297570
0.99729451
0.91755660
0.87379217
1.09224106
1.11137157
1.06224593
1.01904907
1.07304717
1.04997583
0.88141799
0.92889748
1.00486913
1.13255429
0.93544081
0.73332270
0.97167729
1.08790695
1.04926372
0.91252881
0.83710448
0.91086403
0.98102384
1.19876452
1.01010977
1.05937454
0.93403928
0.94899599
0.92910266
1.03801963
1.03985921
1.08288445
1.05780900
1.01135825
0.94750486
0.93861731
0.92500390
0.99255782
0.96051022
0.97226097
0.77030636
1.37953510
1.12732982
1.09963737
0.82177319
1.16753497
0.99573479
0.92698462
0.95755766
1.07463897
1.17601652
0.90869462
0.94160384
0.87658726
1.22367704
1.19013474
1.19123420
0.86351052
1.12907226
0.94842213
0.94611099
0.98091335
1.03840610
1.05952639
1.15444220
0.96053561
0.99379779
0.90414932
0.93333960
0.88614267
1.00033004
1.12435697
0.90656950
0.99707514
0.96480074
0.74218260
1.05904464
1.19719351
1.10574046
0.88418998
0.97698077
0.96444904
1.03145504
0.88135062
1.05580060
1.00458800
0.86487573
0.92212727
1.02507992
0.98915054
1.05826242
1.06776429
0.95838620
1.12437945
0.98879085
1.08907221
1.02116270
0.82691777
1.12055205
1.11535791
0.91406238
1.13506334
0.94316003
0.96691726
1.05699374
0.83227975
1.26617086
1.07185630
1.11634182
0.87325791
0.98225466
1.02741527
1.05672496
0.84243168
1.11274563
0.87431855
1.10087037
1.19818976
1.04689306
1.31139006
0.84126696
1.09954686
1.03688327
0.86327901
0.98612410
1.07096537
0.94367331
1.13174008
1.03261166
1.21061219
0.87440254
0.97063157
0.87821198
1.15560903
1.05861676
1.07071469
1.01627520
1.03971662
0.95173920
0.98413671
0.85799557
0.93807410
1.05287940
1.03962604
0.81544012
1.05664863
1.15843037
0.86220419
1.20630518
0.92165415
1.05349040
1.11957804
1.03663747
0.99594197
0.94849035
1.33498810
1.05342139
1.08419616
1.00678735
1.05984030
1.04308363
0.84616480
1.00251265
1.12108180
0.87297684
1.05623240
1.00387646
1.05334244
1.07136211
0.95700888
0.87249032
0.88399685
0.81508895
0.94638405
0.86691413
1.16236175
1.12949571
1.17247775
1.17809787
0.96936890
1.10707782
1.03485195
0.87320204
1.11136172
0.99172053
1.09039248
0.94398639
1.12104688
0.96937720
0.95242488
0.92388775
0.89484386
1.05766466
1.05438358
1.08470610
0.82623941
0.91808928
1.01686952
1.19154775
0.95143523
0.93287593
1.06669871
1.11690300
0.93773060
1.01597083
1.03406464
1.00539783
1.04106884
1.02802339
0.97343563
0.93243169
1.11859573
1.08967721
0.91012847
1.09526758
1.06191786
0.96416236
1.00688882
1.01921429
1.09014217
0.96103324
1.05871315
1.02934506
0.84114593
0.99504203
1.04517587
0.99252101
1.02817632
0.99400691
0.99844059
0.99919377
1.14286152
1.00740217
1.17195682
1.17086037
0.99500707
0.90286121
0.95979194
0.90282014
1.12542104
1.18233147
0.97154501
1.00684508
0.95571520
0.97972336
1.07179130
1.10701177
1.08479558
0.96433969
1.06660328
1.00128953
0.91018086
1.09021053
1.03932028
0.99302951
0.86676076
0.99474398
1.00822205
1.02168460
0.95935475
1.03790934
0.97580622
1.00022795
1.06720270
1.12578099
0.91131087
1.07194724
0.85824406
1.03573918
1.10293649
1.07921935
0.99000439
0.98812216
1.05265329
0.91526124
1.08363793
0.91979749
0.90128660
0.78021119
0.97382564
0.99797968
1.03639283
0.90854296
1.05167580
1.07578654
1.07999185
0.96541018
1.15701337
1.02860917
0.90513187
1.10912312
0.91129834
1.02271151
1.15493942
1.11516002
0.96908178
0.94802330
1.02174030
0.92741466
1.01526986
0.89495054
0.98327911
1.05712064
1.06526366
1.13601891
1.07623007
1.01138261
0.94126416
1.00535612
0.98290835
0.96377986
1.00815836
1.01034510
0.97830239
1.06587102
0.92436768
1.06337736
1.00975442
1.06585830
1.12871879
1.03546385
1.25151635
0.88683817
1.12559954
1.07274276
0.99648928
1.10375448
0.99583381
1.10431724
0.86252286
0.96996517
0.96441494
0.86026805
1.02285751
0.83781550
0.95984789
1.09495259
1.11063023
0.98482057
0.96094514
1.15725212
1.09694226
0.89866786
0.81186624
1.08020018
1.36349136
0.88930501
0.85949743
1.10025258
1.00833197
0.99150395
0.85860060
0.94611295
1.09697887
0.82270907
1.06363407
1.08461940
0.82261378
0.94789886
0.96875916
0.88831334
1.16374235
1.04348349
0.86248611
1.03464876
0.96296539
1.10549670
1.02274592
1.04709092
1.10624597
0.89163215
0.89723903
0.98650483
0.98769773
0.89325816
1.01538085
1.27209596
1.10117375
0.88908906
0.98429824
0.91453836
0.93977016
0.98923052
0.93775955
1.15544390
0.87175907
1.07952380
0.96177914
0.93219639
0.93969045
0.99337807
1.15668453
0.92585105
0.97639815
1.05325970
0.85809869
0.82528135
0.98622808
1.16581242
0.90454062
1.16960273
0.99218873
0.82921538
0.83845909
0.95489830
0.89213399
0.97732185
0.98237095
0.88063731
0.93809340
0.91539516
1.02507088
1.02280085
1.26338413
1.24561751
1.05489593
0.97333973
0.91063908
1.15667127
0.80378279
0.96316938
1.10621513
0.98302787
1.04461720
1.05224480
1.19298155
0.91272159
1.00740047
1.12773492
0.97380106
1.05116400
1.11073063
0.98466596
1.06737832
1.02118935
0.96033269
1.09005817
1.00022045
0.96958980
1.02552650
1.10792086
0.93792750
0.95160316
0.96617042
1.02595655
0.95067150
1.02119149
1.18584014
0.87029005
1.07072438
1.14964281
1.07342291
0.99025620
0.98930490
1.01822116
1.14250967
0.90125825
0.92564798
0.91520094
1.00127903
1.08682045
1.05861020
1.01601940
1.03052603
1.05779537
0.91910998
0.96527132
1.08897198
0.91711473
1.12797309
0.94784729
0.89551065
0.88929924
0.90717229
1.00342020
1.08298286
1.15720315
1.12217844
1.05535153
1.11865463
0.88895099
0.90940173
1.16662899
0.93408626
1.04164057
0.83334665
0.99504577
0.85710936
1.05724030
0.99590299
0.91718816
1.03394628
1.12448436
0.94928767
1.02272600
0.92023581
1.09774852
0.96427836
0.97163456
0.98874445
1.12576324
0.96146343
0.88645482
1.06770256
0.99549676
0.99869083
0.90699894
0.97240131
1.01385974
1.20589367
0.79946418
0.85886104
1.06654379
0.90657145
0.99491820
0.98884127
0.92874857
0.93559140
0.95958727
0.81925913
1.02688412
1.11614007
0.99206846
1.03799615
1.14473808
0.93389826
1.17479231
0.93538782
1.02922642
0.89379133
0.78402788
1.05670050
1.04576072
1.06493671
0.86268012
0.93097867
1.00645916
1.14617604
0.99215080
0.88203425
0.96997713
0.98313700
1.01485417
0.89945099
1.09960351
0.95597358
1.13077258
0.91625113
1.01607028
0.98532999
0.92001705
1.02670208
1.03155589
1.00480137
0.99697856
0.92448194
1.00797745
1.05893164
0.98080787
1.15180943
0.96720524
1.04905630
1.22727051
1.05800603
0.96930234
1.29808203
0.99057825
1.18591174
1.10127704
0.97479965
0.87504714
0.87978891
0.91302466
0.84645419
0.93159726
1.10036522
0.97819397
1.02723006
1.04803988
1.00974456
1.13935594
1.12256451
1.06693195
0.93575186
1.12903332
0.96558308
0.99346024
1.11339073
0.97728722
1.17914841
0.81008922
0.99517352
0.89738738
1.01413285
0.87596482
0.99862656
1.11622582
0.95026671
0.96409002
0.88656344
0.86483820
0.93669681
0.94909841
0.93230490
0.88178366
0.78983809
0.93769241
1.00136824
1.01437540
1.03895408
0.91758662
1.06161203
0.96542217
0.99923447
1.06258196
1.09072901
1.02995136
1.04886563
0.98326995
1.05944906
0.97187080
0.95802233
1.08377852
1.02602382
1.15858625
0.92915109
1.03914265
1.00201991
0.99047392
1.02709534
0.95172367
0.99311696
1.22030380
1.14680909
0.83117451
1.02667698
1.03227064
0.92813722
0.78699764
1.28623942
1.00647167
1.19058361
0.91694999
0.96316316
1.03811051
1.05401480
1.03798044
1.08794606
0.86020326
0.99647565
1.01053279
0.97036612
0.90468102
0.82795097
0.97670348
0.87430876
0.89644459
0.98934582
1.07467162
0.98120222
0.96522161
0.97647812
1.11870553
1.06125928
1.17712537
0.91891385
1.30199712
0.86648125
0.89361036
1.07401459
0.96699589
0.88533397
1.04477890
0.95306676
0.91735945
1.01433890
1.31146167
1.05997624
0.87999759
1.12142847
1.08387077
1.06386259
1.30970788
0.94386338
0.87656683
1.10011457
0.93229918
0.90229600
0.91764957
1.24801978
0.91424904
0.94189641
1.06954729
0.94533845
0.99660653
1.06634595
0.96346073
0.96998750
1.13270506
0.89488696
0.97643074
0.96723448
0.88642418
1.01853389
0.99699886
0.98323869
1.01205155
1.15513474
1.12156881
0.89391941
0.87727926
1.11842280
0.96722265
0.92955619
0.94915167
1.07189768
1.00301767
1.07301087
1.00875810
1.03051156
0.94129510
0.93913741
0.82884388
1.07314010
0.95568121
0.98273929
0.97930334
0.87458615
0.87586311
0.98900660
0.98301901
0.96184244
0.75485363
0.95659112
1.18372691
1.08954937
0.96782903
1.00494737
0.93249902
0.95216959
1.13277074
0.96991566
1.00276404
0.91722655
1.02268679
1.14393778
1.01694351
1.16319909
1.00957264
0.91679816
0.88776452
1.01651223
0.91174998
0.96974591
1.09624823
0.92119479
1.05861105
1.10086699
0.97614561
1.01798762
0.92720766
1.05147412
0.99727144
1.00610144
0.81963783
1.05910330
1.15196968
0.93034483
1.02863762
0.86297728
1.06838334
1.05065243
1.12104997
1.09793036
1.10868383
0.90743146
1.00032669
1.05629503
1.13930474
0.91280511
0.98966338
1.07260882
1.11186151
1.03400728
0.93018825
0.95843061
0.85834848
1.17664459
1.17394413
0.92281195
1.10286642
1.00604482
0.89279945
1.10585619
1.15662123
1.15252988
0.84699961
1.01739268
0.90811515
1.08237987
0.81011417
0.87308012
1.06141741
1.01524758
1.10777540
0.89593235
0.84518771
1.00167751
0.96658152
0.81732467
0.98027852
0.93098557
1.10602798
0.85529205
0.88306300
0.88685906
1.13693087
1.03910477
1.03070660
1.12564899
1.06796369
1.01032115
0.93610891
1.01723187
1.02151989
1.06157156
1.16227755
1.15716836
1.17795485
1.17677060
0.88497905
1.03052420
1.01234841
1.09899169
0.88954617
0.88554378
0.90547737
1.00769222
1.01468510
1.06016662
1.04022403
1.00862156
1.21368891
0.94119256
0.94351033
0.97029153
1.13288727
0.95754680
1.01811453
1.03473643
0.94316420
1.08526254
0.97794137
1.10722449
1.03328262
1.06143263
1.08075816
1.21086913
1.06913672
0.86583754
1.08375898
0.96315532
1.04810101
0.95607114
1.03451159
1.00137670
1.19788291
1.02882349
1.01372771
0.97059382
1.02434523
1.17339264
0.93915276
1.01978753
0.92454004
1.02954338
0.97200392
0.91650841
1.00548354
1.15532626
0.94256647
1.00241607
1.08076913
0.98601632
0.87701421
1.00740804
1.19136739
1.12209220
1.02520282
1.06226408
1.01949701
0.98517496
1.15471715
1.03320959
1.04340814
0.95176384
0.96784156
0.91609974
1.11448560
0.87383979
1.16539434
1.12398710
1.08393326
0.89687468
1.16458176
0.94810575
0.90740730
0.95696779
1.00799899
0.95295827
0.98073908
1.01419573
0.66270901
0.94285939
0.94730853
0.97858582
1.09195044
0.86382528
1.13030847
1.20129431
0.95158964
1.09241447
1.01263188
0.92980674
1.01365683
0.91610703
0.86639095
1.02837998
0.96596423
0.99544053
0.92277046
1.01073007
0.86404519
0.94298562
0.88814407
1.04359507
0.86759055
0.77107900
0.98972008
0.86501772
1.00524060
0.98262071
0.93994426
1.02998930
0.93262305
0.97874455
1.00995453
0.92993267
0.95460471
1.06581827
1.00799313
1.00651249
1.08582664
0.93971209
1.12999706
1.04841353
0.97920998
0.91593134
0.88448216
0.96565633
1.02789264
0.80793597
0.92887904
0.96234683
1.21176232
1.14296912
0.87026382
1.12798675
1.15897455
1.05308488
1.16022100
0.99465134
1.15009140
0.93303792
1.01494541
1.06366768
1.07113695
0.91664684
1.01690724
0.92192608
0.98943019
1.05567255
0.92914848
1.03902714
1.20664662
1.02875560
1.01923365
0.94201416
1.05110158
0.88934507
1.05204879
0.96818339
0.92018389
1.10036052
0.99971167
1.16315188
1.00222571
0.88758457
1.16650794
0.92249497
1.08904074
1.07555932
1.03043520
1.08997162
1.10341202
1.03700286
0.94249592
0.93330352
0.97193310
1.01660209
0.85345980
0.91475103
0.75735868
0.99519255
0.96219184
0.97982710
0.91222546
1.01405962
0.92138281
0.80183165
1.13941685
0.87586195
1.14390550
0.94495251
0.92178062
0.97229345
0.91393241
1.11431994
1.06535994
1.01650979
1.14687082
1.06256462
0.86729218
0.96796380
0.80511357
0.90782567
0.96356667
1.19053046
0.90445580
0.99032557
0.87463692
1.01408384
0.87467354
1.07862797
0.91260367
1.00919872
1.11983953
0.81816915
0.93221521
1.12653582
1.12759161
0.97818441
1.04023161
0.81705531
1.01190147
1.08218353
1.14438895
1.08697353
0.92870743
1.01974324
0.98412620
1.00979346
0.89064196
1.15049897
1.14937790
1.16000691
0.89805031
0.84419687
1.04464321
0.91789852
1.07586472
1.24235137
0.94042121
1.13914348
1.14572394
1.08130341
1.00824610
0.93368263
1.15486982
1.04032169
0.99464515
0.91148849
1.08430525
0.90032002
0.96801597
0.79082872
1.08191387
0.94871113
1.09847790
0.95550986
1.02076814
0.93124282
0.83602330
1.03467296
0.92141976
0.87579577
1.05263225
1.08450328
0.94311480
1.01533101
1.27242587
0.99984795
0.97835226
0.90232576
1.00474081
1.00652996
0.96187299
1.03627418
1.00905566
0.98347421
0.94369683
0.91342553
0.91996592
1.10383292
0.96329137
1.13783987
1.11142525
0.89191643
1.05824826
1.09023912
1.21007727
1.09831101
1.00162429
0.88926358
0.91517756
1.11466140
1.00652211
0.90817248
0.86611968
0.89162315
0.90731775
1.00920747
0.85598792
0.80739784
0.92165768
1.05066808
1.00759183
0.92049681
1.07620158
0.90056005
0.98713140
0.93091130
1.05063055
0.88004537
1.01878055
1.17733152
1.10698685
0.98643456
0.92374553
1.36789330
0.86183119
1.05733288
1.19858797
1.16406241
0.98232090
0.95594396
0.96408333
0.91046919
1.09891851
0.95767351
1.01525734
1.07188799
0.93067867
0.92818814
1.03590332
0.85974588
1.07834647
1.02768885
0.98312382
1.07636232
1.21710852
1.03875310
0.98600870
1.09493371
0.97819762
0.94209077
1.07023508
1.17336023
1.05182632
1.01540884
0.99088125
0.85908465
1.11911352
0.79415733
0.89388127
0.82491664
0.86855593
0.94934878
1.01842408
0.74286105
1.01830184
0.88997965
1.04652464
1.01867044
1.08855842
0.91820140
0.98712505
1.03892770
1.07479003
1.11180084
0.94788875
1.06732195
0.97949790
1.01375632
0.89160473
1.09624015
0.93589417
0.94992486
0.94944080
1.06762444
0.95976998
0.85849735
0.90399647
1.08568593
0.90574897
1.04939399
0.93226823
0.91393515
0.97030324
0.97044092
1.00130642
1.19329272
0.97659137
0.88028517
1.11296752
1.20844625
1.00406520
0.88553606
0.93827000
0.96239162
1.08461449
1.00148326
1.02775755
1.19467460
0.88335156
0.85794815
0.86058112
0.91884879
1.02149793
0.98320008
0.89463109
0.94902228
0.94879850
1.09781549
0.85775126
0.94168002
0.96760677
0.93450143
0.95209570
0.93772849
1.11087145
0.80590313
0.96474467
0.98811235
0.83409674
0.94573935
0.87679764
0.88486494
1.03761886
1.23231151
1.11394375
1.04062651
1.00693693
1.13852263
0.90455285
1.11248084
1.05343885
0.98973144
1.11506058
0.95958576
0.89728922
0.91644796
0.95729914
1.14337479
0.92117074
1.04668082
1.05789195
0.98686157
1.17511053
0.99889666
0.96186301
0.88332709
0.94689484
1.05933505
1.06472278
0.88581036
1.13764750
1.08025436
0.96289323
0.84210648
1.09375067
0.98036299
0.96279943
0.92595155
0.83004119
1.10077516
1.04157180
0.81440714
0.97941070
0.93356043
0.77587536
1.28927672
1.08229389
1.07528092
1.05018645
0.93138320
1.00179349
0.98696652
0.93491263
0.83966355
1.09817158
1.05229321
0.97018221
0.99775593
0.91672054
1.07592058
1.04940604
0.99494668
0.95951497
0.92201349
0.97473807
0.91573099
1.18486618
1.13758045
0.95480151
0.95156371
1.08620450
0.92027874
0.89639755
0.97101592
1.04127021
0.86891003
0.98740101
0.96277692
0.77711745
1.00589203
0.93182555
1.01623202
1.01266634
0.82651972
1.03924633
0.89497822
0.97760596
1.03482657
0.95952050
0.96120723
1.06109187
0.95362265
0.95579268
1.04036724
1.08054069
1.00760068
0.95171412
1.04868569
1.05981380
1.08499619
1.06892480
1.09107486
1.05308033
0.84145359
1.06531334
0.87828505
0.99480155
1.02447907
1.07760636
0.91082761
1.08367580
0.84636013
1.04195493
1.08745445
1.04967655
0.93676814
0.92561120
0.96859622
0.97400509
1.25262082
1.05056102
0.82664934
0.82313421
0.93551839
0.84326260
0.96936430
0.93566158
0.97059379
1.10120847
1.03710068
0.80848152
1.01091581
0.87724341
1.01736317
0.92902760
0.92100903
1.13892909
1.02991321
0.88064253
0.91294150
0.89613705
0.95147610
1.01420671
1.05743563
0.87897379
1.01236399
1.01442120
0.99647577
1.05186289
0.93919156
0.89507136
1.07207896
1.06236740
1.00385376
1.03339311
0.89097665
0.87686160
1.14830537
1.04136238
1.04860044
1.04404216
1.00229645
0.87935385
0.82370061
0.91714075
0.96839221
1.00843229
0.91019774
1.10884217
1.27744597
1.10621909
1.04318471
1.19166599
0.90805733
0.94012343
0.92478722
0.97034404
1.10494865
0.96502022
1.18216281
0.93666994
0.90549995
1.18298707
1.08385833
1.24818530
1.12965321
0.96847881
1.02476664
1.02901215
1.12503383
1.00431915
1.08434843
0.90565461
1.12231276
0.99102984
1.15580072
0.97124915
1.03897322
1.09270899
0.89146960
0.89795215
0.81619221
1.01676135
0.85303026
0.97051589
1.06035945
0.94249704
1.16191282
0.99894619
1.02154352
1.04084755
1.01400353
0.89427992
0.94387400
1.06886372
0.97977774
1.08913609
0.97726497
1.05830747
0.99101870
1.03877145
0.95100371
1.04337367
1.13921628
1.00808570
0.97609925
0.91829200
1.03344046
1.03402098
1.11090179
0.97821035
0.97630943
0.93506432
1.01917731
1.26861465
0.96976164
0.91352616
1.05040784
1.10095703
1.04931308
0.69641762
1.01541908
1.03467020
1.14721228
1.10582906
0.97188120
1.14058636
1.13107385
0.93478652
1.04590128
0.95359045
0.93321828
0.92772705
1.18740755
0.86676697
1.02687499
0.94922050
1.09195712
1.03468359
0.96171945
1.01994060
0.96679136
0.98899594
1.08556295
0.86628879
0.83901575
0.89966281
1.05383106
1.09790044
1.05601538
0.95941638
1.15900991
1.03630568
0.95286846
0.91276479
0.89765243
0.88259652
0.86948197
0.89437314
0.90037678
0.74968060
0.83441358
1.20389420
0.89374076
0.85037272
0.93358808
0.92838568
1.08497199
1.01524069
1.00366281
0.90149768
0.92510748
1.14126863
1.07836299
0.94656433
1.05954849
1.18962988
1.15428280
0.96806063
0.96817009
0.72402221
1.01063227
0.91733115
0.79028794
0.97674229
1.12334881
0.94635285
0.96230554
0.98787714
1.12495695
0.92506450
1.01420862
0.94052196
1.17687476
1.14459100
0.97749723
0.96818340
0.92534958
0.79873086
1.04104027
0.88702311
1.03844596
1.01915098
0.83202168
1.00245066
0.97205404
0.92078737
0.99682781
0.85484894
1.15177681
0.95342396
1.15562993
1.00086767
1.11246983
1.04195395
0.98266946
1.02655539
0.88664352
0.92426046
0.98237556
1.03828069
1.03473884
0.88913113
0.87018781
0.97775836
1.06832229
1.12039958
0.82344316
0.88566036
1.20304412
1.04353201
0.99262157
1.20722921
1.11029911
0.87448900
0.98643301
1.01755235
0.77302579
0.97788172
1.08538876
0.97334981
0.83855281
0.92562692
0.90813056
0.89787026
1.01406705
0.92139940
0.97251697
0.91530681
1.11660770
0.86045472
0.93807682
1.03880101
1.07627043
1.10167240
0.90524118
1.02881009
0.90501374
1.14801093
1.18815673
0.84595708
1.00891256
0.89151336
1.07813053
1.10994688
0.99172925
0.97702593
1.11383645
1.01040067
1.15138041
0.94934464
0.93624074
0.90659050
1.16038204
1.15122990
1.05175691
0.85709613
1.12618822
0.92535480
1.06779828
0.91739449
0.91613283
0.83979052
0.98135606
0.98657557
1.02313976
1.05016640
0.79548362
1.06464590
1.11162600
1.00039839
1.02592353
0.97427895
0.85153656
1.00840312
0.97105595
0.98231539
0.93239009
0.93396512
1.21610438
1.00118500
1.03506692
0.84757064
1.04720124
1.01365778
0.96024878
0.99248188
0.99602925
1.02738827
1.08425103
0.99852180
0.94703011
1.15499704
1.05496095
1.09935230
0.91924148
1.05579445
0.93019275
0.90098333
1.04756143
0.87339223
1.01684258
1.04786452
1.08751681
1.00078097
1.11199960
1.05213717
0.93310110
0.94426774
1.11351355
1.11690773
0.93242534
1.04810860
0.90270043
1.05374433
1.00384633
1.06236154
0.98892919
0.86228798
0.94842911
0.85317244
0.86518894
1.24661574
0.71632993
1.00242955
0.95578250
1.00604275
0.89411762
1.13218401
1.12830838
1.03748378
1.07488742
1.09951950
1.07284611
1.06081955
1.03161312
0.97477943
1.16640626
1.02928396
1.03592427
0.77183325
0.90790865
1.21819878
1.02993741
0.83163919
1.11772595
1.09464139
0.89984929
1.09490455
1.01817210
1.10360997
0.82043471
0.95855768
1.01014445
1.06475098
1.00567013
1.05727301
1.00555404
0.97983322
0.98303189
0.89294779
0.86344736
0.89744907
1.03821128
1.08684667
1.03378389
0.80199637
1.02832207
1.05382158
0.93067668
0.89693768
1.10717748
0.95567562
1.01614109
1.01036592
0.83832460
0.97436298
0.83351205
1.03014559
0.82619509
0.93198821
0.97564697
1.12536229
0.90651643
0.96359662
1.14027745
0.91322008
1.04560312
0.99112623
0.99899621
1.03278431
1.02366705
1.05696570
0.84277988
0.78600470
1.09471354
1.18384217
0.96223101
0.96063081
1.06892785
1.15922334
0.97716634
1.05782052
0.94039855
1.12849819
1.14761274
0.98955400
1.09057813
0.93886403
1.00116378
0.99292711
1.13173502
0.82262769
0.90149488
0.89523448
1.04806041
1.09687546
1.11716832
1.08228418
0.87550753
0.99363185
0.82219004
0.99594187
0.84946469
1.00546124
1.05009307
0.99412409
0.95795394
1.02742287
0.95831296
1.18412933
1.10286113
1.06303777
0.83290240
1.04682168
1.18262963
0.91631424
1.00045194
1.12994383
1.07784972
0.97352002
1.15990787
1.06477150
1.13728704
0.91435443
0.99251323
0.96789853
0.93108961
1.21626458
0.78876290
1.21882690
1.16991927
1.19013294
1.07116269
0.91223393
0.81471328
0.75174003
1.03928642
1.00221240
0.96998093
0.90872358
0.96146007
0.96809097
0.80669861
1.07619616
1.14886252
0.99544737
1.08209333
1.05693098
0.88247383
1.02670438
0.94681518
0.93796144
0.96938132
1.19536126
0.90543185
0.85931630
1.15257910
1.01027691
1.09798992
1.07998169
0.89659114
1.18726614
0.94913885
0.88067824
0.97130747
0.94100782
1.12321341
1.13838346
0.92509895
0.78433608
0.91526069
0.93254497
1.08939923
1.05673876
0.94623916
1.05060677
1.07369022
0.97192755
1.08629245
1.03601608
1.04314504
1.04106587
0.90030291
1.01118662
1.11702471
1.15868843
1.13853029
1.11805141
0.82859649
1.05243639
0.95148320
0.99392032
0.80117940
0.74098331
1.03239471
0.95659788
1.08099637
1.03414641
1.14115477
0.87799922
1.01591212
1.02090893
1.01522518
0.87942769
1.02661746
0.81575186
0.85808607
0.71792476
1.05035787
0.91250664
0.94182983
1.07579256
1.18284986
1.12139940
1.01358601
1.11221319
1.04459399
0.77691731
0.89017899
0.95237167
1.19079940
1.03650191
0.97438560
1.16617347
1.02230727
1.00708664
0.94091636
0.93957780
1.02972043
0.96672716
0.96860703
1.12447010
0.79436838
0.80330523
0.96736258
1.04140656
0.78834705
0.94885413
1.01263350
1.09194795
1.06228794
0.95731876
1.06822784
1.03284732
0.93331419
1.18233330
0.97813815
1.03746879
1.16312437
1.14221154
1.05837688
0.95679624
0.87818137
1.22567320
1.15292884
1.01379477
1.09590716
0.95927394
1.10574269
1.14720631
0.91756811
1.07091909
1.05861445
0.85041608
1.21183042
1.10932179
0.85240990
0.93438062
1.04735373
0.74411885
1.07863102
0.92692805
1.14013675
1.11178967
0.81688967
1.06361582
1.13066367
0.90249260
0.83042366
0.89704746
1.01266052
0.87057152
0.93313906
0.94178512
1.00168784
1.07786321
1.04753129
1.07850555
0.81404321
0.88814274
0.78923952
0.97902648
1.07306757
0.90002433
1.02206492
1.03119611
0.98103407
1.04731472
0.85359079
1.01299092
1.04657700
0.93444497
1.05957762
1.03552096
0.99894153
0.94997288
1.03218568
1.28288948
0.92898536
0.89181148
0.83680619
0.84877043
1.04510918
1.08554726
0.85703378
0.96779310
1.03251433
0.92369700
0.93825011
0.95154679
1.14755646
0.90944301
1.05125088
0.91032723
0.87498859
1.17671616
1.07108616
0.89601569
0.94152005
1.01890591
0.84033762
0.93133867
0.86717224
1.03468598
0.96706920
0.98639656
0.97454717
0.90992009
0.81268115
0.77006411
0.86682363
0.93150775
1.05444357
1.10668166
1.04532743
0.86052812
1.04983845
0.93441416
1.08458053
1.04635898
0.91379758
1.03305688
1.03577304
1.10824824
1.05569405
1.07510261
0.90355212
1.02258768
0.96204607
0.89413678
1.18645283
1.09673571
0.94836855
1.03644520
0.91768564
1.00221090
0.83183558
1.02355904
1.07047521
0.93015554
1.13005384
0.87295250
1.04629480
1.04016541
0.95781925
0.74229600
1.09452860
1.07393388
0.99723534
1.02356576
1.20132038
0.99340673
0.98157550
1.01599231
0.85613346
1.01750189
1.07890991
0.98818493
1.05103852
1.18285661
0.92333569
0.95045936
1.27750102
0.99899964
0.91169203
0.75641069
0.84872011
1.08718171
1.22386480
1.14905013
1.11315290
0.90838264
1.05070054
1.09005066
1.17179259
1.08612820
0.91112226
1.11385888
1.04553488
0.99469261
1.05193064
0.87177132
0.93367194
0.94096459
0.92852989
0.88516070
0.98872460
1.05747751
0.87274305
0.86995346
1.16533541
1.03863983
0.89115278
0.89701915
1.09311296
0.93662665
0.90071345
1.08550450
0.87780506
0.96496494
1.00226350
1.08168668
0.98452605
1.03647502
0.94438749
0.91465867
0.93342411
0.98974886
0.91325540
1.01856933
0.88338125
0.74881397
0.96203188
1.06341912
1.08005091
1.02362570
1.03619125
0.88966928
0.80904682
0.96921800
1.10622605
0.96457457
0.89689974
1.08869252
1.16350444
1.03454741
1.00393635
0.93803297
1.11689529
0.90642801
0.91999552
0.87497443
1.07934016
0.77092708
1.15126921
0.99261744
0.92527313
1.15627887
0.85464368
1.09307724
0.93890776
1.04448188
1.08563682
0.97669011
1.25019888
1.03139699
0.94781109
0.91747136
0.86904828
1.05464340
0.99809523
0.96058918
1.04858379
0.85049031
1.07486339
0.95241181
1.11188373
0.93977624
1.08908302
1.13912458
1.00069188
0.86799446
1.17053009
1.23407065
1.07770292
1.07359605
0.93817390
1.01297142
1.07808046
1.06200527
1.06531121
0.80579516
0.90074761
0.99422114
0.79877681
1.06249621
1.04173373
0.83771035
0.90066066
1.14242313
0.84460906
1.04076320
0.88890340
1.00192143
1.06025450
1.10767198
0.94406979
0.90721146
1.22601629
0.92234400
0.97409268
1.10843555
1.11059380
1.10099919
1.06182080
1.00471736
1.04088944
1.01532599
0.91017369
1.01598490
1.04959740
0.83767571
1.08351748
0.92194255
0.95995690
0.92844752
1.31465055
0.82368059
1.03398594
0.98666547
1.13033709
1.10995644
1.06486160
0.92566608
1.02281728
0.82993777
0.86407712
0.99165359
1.08312845
0.94091150
1.07554736
0.99491305
1.03944565
1.05117299
0.99400983
0.94586885
0.95383475
0.85566937
0.87963676
0.97979022
1.15331952
0.98849023
0.99337947
0.94925837
0.85462593
0.91495572
0.98221436
1.06949567
0.93724284
1.03750812
0.98908583
0.94437135
1.18280893
0.95813106
0.94467009
0.78888200
0.84574046
0.99868967
0.98622100
1.09570635
0.89333852
0.99337793
0.94052500
1.02428417
1.07792807
0.93191912
0.86054733
0.88448268
0.99851006
1.08184424
0.94636537
1.04711374
0.82899832
1.05024870
0.95625215
1.04409980
0.83946595
0.88403946
1.10760194
1.11193462
0.89415113
0.84248262
1.12892482
1.01934487
0.91425958
0.93905337
1.14042508
0.91271576
0.91671755
1.00196158
1.03799830
1.07113469
0.90555254
1.01101668
0.81249473
0.93363500
1.24552443
1.02636531
1.18117193
0.91155588
0.99084368
0.99279335
1.04543359
1.00211771
1.21676957
1.04288588
1.02386746
1.00312085
1.00414363
0.76672526
0.89613204
0.96631472
0.80473000
1.11133313
1.00326437
1.09399486
1.06545412
0.90286171
0.99451839
0.96986366
1.13636636
0.89595561
1.30919355
0.94394300
1.08192500
0.92800457
0.87085870
1.03724119
0.94628546
0.99036491
1.02949590
0.90814255
0.89026200
1.10917601
0.80674516
1.10074808
0.87886971
1.01460923
1.00312603
1.00586247
0.99836355
0.96828349
0.94105301
0.99764826
0.98257420
1.09310793
0.93735824
0.95264365
0.95859004
1.04332912
0.96015376
0.99566234
1.16239678
0.78267508
0.98034653
0.90261885
1.02300523
0.87270141
1.19950110
1.11980605
0.94954801
1.07695018
0.83918599
0.96992737
1.00290389
0.91269253
0.99911688
0.96328461
1.05783551
1.31733141
0.92634906
1.05232775
1.10246974
1.06504625
0.95908952
1.06552754
0.96356512
0.97651789
0.91358275
1.24986409
1.02286379
1.08894910
0.79520060
0.91408571
1.14794680
0.90180625
0.97354547
0.89972229
1.12799034
0.90691562
0.96236604
1.19529917
1.03777473
1.02873298
1.08702933
0.89385568
1.13844923
1.11649068
1.10985200
0.94251664
0.82625241
0.97148730
1.09466877
0.98234304
0.97810301
1.06783210
0.95913293
0.98356264
0.98732416
0.94171198
0.79639943
1.04341310
0.88246460
0.80552590
0.98446466
1.05433949
1.01210439
0.86228593
0.95229757
1.03646939
1.06503667
1.11181020
0.87514350
1.00463101
0.90737536
1.02838592
1.17505654
1.03024835
1.07998446
1.04568172
0.90319131
0.89868726
1.11187952
1.00977806
1.08590556
0.93311841
1.03349178
0.89987006
1.05182910
0.92056116
1.06064842
1.02922557
0.95061889
0.93885818
1.08786863
0.96729497
1.13488397
0.94575979
0.95625150
1.02453522
1.00343585
1.12668954
1.06093385
0.88620284
0.98870514
0.95528017
1.03441542
0.90133540
1.13631565
1.04019622
0.95244163
0.95605789
1.09073317
1.03546030
0.90472399
0.98180444
1.10858350
0.86468760
0.84562568
0.82978400
1.15879558
1.17099290
1.06813383
0.92687142
1.00235291
0.84807267
0.92987274
1.10706780
1.06112765
0.99760057
1.16431757
1.09755390
0.88531941
1.07493862
0.91697754
0.85862569
0.83078620
1.11783492
0.93802210
0.97993129
1.00350436
0.90319020
0.93820114
0.91988788
0.88865642
0.84825576
0.97382701
0.87316144
0.88350001
0.96749685
0.96356690
1.18144056
0.95686488
0.92269682
0.99162855
0.92163370
0.87723169
1.16596095
1.04465891
0.94621164
0.99259016
1.05575226
1.10788534
1.06847641
0.96326118
0.79216747
0.79620380
1.04651259
1.02410361
0.92819510
0.83478404
0.96867225
1.01309444
0.93036697
1.00628137
0.99667879
0.89549665
0.97216763
1.13488866
0.90509725
0.87454700
0.93865675
1.00138184
1.01760558
0.91561222
1.15140782
0.90419063
0.99171728
0.95313096
0.87649661
0.96694662
1.10548693
0.88280073
1.05212508
1.14455659
0.98587119
1.07340355
1.03673311
1.08226689
0.96434900
0.98534652
0.83238358
0.87747085
0.95326463
0.84453615
1.12233628
1.10818787
0.92813345
1.08488494
0.91348088
0.91144660
1.06233081
0.86079826
1.08695811
0.96372896
0.99384767
1.05660972
1.15934829
1.34416534
1.06392853
1.04971027
1.07920458
0.95857781
0.90389668
1.09210994
1.01427850
0.93642293
1.08329173
0.92902684
0.95729027
1.00797370
0.88127072
0.86357962
1.01947298
1.07834609
1.03059258
1.20192517
1.07589620
0.87910278
1.05086801
1.08406113
0.98225392
0.95562206
1.04257871
0.82646839
1.13242298
0.99098262
1.04618536
1.04533930
0.86299186
0.90285633
1.04038841
0.93917944
1.04263828
0.94936982
1.01213893
0.85481887
0.87036811
1.05285678
1.27690731
1.06884010
0.96529368
1.09569021
0.91913159
1.03676042
1.19455269
0.91313669
0.97440805
1.02400609
1.03726742
0.86362230
0.93707544
1.07838525
1.00619915
1.01784817
1.00618229
1.14376376
1.02086415
0.95917603
1.10875370
0.88047652
0.92483419
1.02287361
0.92265977
0.96405055
0.89252528
0.83595896
1.09414017
1.13969791
0.99380826
1.10006049
1.14166368
0.93697064
1.05327162
1.11111653
1.06531321
0.93959786
0.97005650
0.95197033
1.00678944
0.96171294
1.03837070
1.10368218
0.91585943
1.07593748
1.08729757
0.97930871
0.85500875
0.93631977
1.13535614
0.97257756
0.96740508
1.02064305
0.86473570
1.00994617
1.01031360
0.91179061
0.96191623
1.03616110
1.10085563
1.11108703
1.09264849
1.01895357
1.06587709
1.00303801
0.88484369
1.09594124
1.14526857
0.94300885
1.03816691
1.30742046
1.04984388
0.93288062
1.05729784
0.95609589
1.03828169
0.99622252
0.94952201
0.95941421
1.04628956
0.97100341
0.98782742
1.06033296
1.01456772
0.91824389
1.03152261
0.92262971
0.98397247
1.08284158
0.89158181
1.06137870
1.05064254
0.91525121
0.93166069
1.18191139
0.74928618
0.88322140
0.97573222
0.87180506
1.04052562
1.02280416
1.01898173
1.06602881
0.94250342
0.89880416
0.98627683
1.03906544
1.01394058
0.88117944
1.04616370
0.88140896
0.81473572
0.92300381
1.17963599
1.04193231
0.97808608
1.01620998
0.91899025
1.03672645
1.17553325
0.96617815
0.89982142
1.00682297
0.96359682
1.27778464
1.05069770
1.01754907
0.85777109
1.03864970
0.84083698
1.01339379
1.09011807
0.92002075
0.90783812
1.01682048
0.88889781
1.18934045
0.97006100
0.85666083
0.94418988
0.79390841
1.07980487
0.84996661
0.85873217
1.01868257
0.97066748
0.90731064
0.88669727
0.92589201
0.98781309
0.98999798
1.23203440
1.29225212
1.13495181
1.20704188
1.02476801
0.96332571
1.00314796
1.01254024
1.09301066
1.19553605
0.95166963
0.95338718
1.16141714
1.21227720
1.04772789
0.85175201
0.98347813
0.99956286
0.95801066
0.94342243
0.93571474
1.14367292
0.98118190
0.83627711
1.06661731
1.05730402
1.07608185
0.97364522
1.04154841
1.06980411
0.92582666
1.08463863
0.96780157
0.97432646
1.03198618
0.98681958
0.96203255
0.95705823
0.86245553
1.06775837
1.03048009
1.00318463
1.14112003
1.02234857
0.78851507
0.94138679
0.81511634
0.96307833
0.98086521
1.14511799
1.24710249
0.98538936
0.95169068
0.83857824
1.00771221
1.10567322
0.91927013
0.94356211
0.88541133
0.93533956
1.10732543
1.14430898
1.14115792
1.03840051
1.03880666
0.95776519
0.99380147
1.02491425
0.96808880
1.12498386
1.07673806
0.90954790
1.09379005
0.97565327
0.92174427
1.01492640
1.16137007
0.88031219
0.95933465
0.93113661
1.00813871
0.87955469
0.89156854
1.04328720
0.84374334
0.94775831
0.94975504
0.93720107
1.07566290
0.98228709
1.06609652
1.04305795
0.88447693
1.06445697
1.03312910
1.03187793
1.06982674
0.94927554
0.99330788
0.97903712
1.02226316
0.86406543
1.00276456
0.98875215
0.92711783
0.94124330
1.13507812
1.10068527
0.90073482
1.14277579
1.00032655
1.04085999
0.97883756
1.11906678
1.31642182
0.97639293
0.97520626
1.21581050
0.94415831
0.93163357
1.06850477
0.98828444
0.97846175
0.77941198
0.94737930
0.99214006
1.04772837
1.09246178
1.20208324
0.90714294
0.82240734
0.91316596
0.91219072
0.94883460
0.96492000
0.84102113
1.06266322
1.05167721
1.10111532
1.16315810
0.97634743
1.10398778
0.99960926
0.91566520
1.16349785
1.03687800
0.84697723
0.94515876
1.02532885
0.82126877
1.14226796
0.83615554
1.01487279
1.22716864
0.89587338
1.12251029
0.96127010
0.79209435
1.07108695
0.91622314
0.78226007
1.08617357
1.10399378
0.96949416
1.20305528
0.91101447
1.01302452
0.97971744
1.04096491
0.89871295
0.99467748
1.06804005
0.94339239
0.97933370
0.97702148
0.97723428
1.02952484
1.15807075
1.02477395
0.89114174
1.00323911
1.01887184
0.75530811
0.91450664
1.03058831
0.92417810
0.97797698
1.02899050
1.13769329
0.93486933
0.92217122
1.04797605
0.82996239
1.11009768
1.02814001
1.07045410
0.96837942
1.00451619
1.05236557
1.03264419
0.95693207
0.99927367
0.97427253
1.06389178
1.11907004
1.07269810
1.07488929
0.93059775
0.86572790
0.94593360
0.87149126
1.08589772
1.01599619
1.07520671
0.91127356
1.08156079
0.86504501
0.93411227
0.92230304
1.01556055
0.89198754
1.05287219
1.11720409
0.90022040
0.95286071
0.92426900
0.89374667
1.08750850
0.96381318
0.99752328
1.05657871
0.98681882
0.94877747
0.94144083
0.95014465
1.04402342
1.04662009
0.96279187
1.05838056
1.06798435
0.92485607
1.04421998
0.95406468
0.97185321
0.91541018
0.99470288
1.04227310
0.94607365
1.18170124
0.95648991
1.13442528
1.07825728
0.93262527
0.87537395
0.91012575
1.20006856
1.07688869
1.08532788
0.94734436
1.23034311
0.95484595
0.95215933
0.99757387
0.86083003
1.13104445
1.08693555
1.03853196
0.88791153
1.02656103
0.97986025
0.99924578
1.09046998
1.04561714
1.01527178
1.06843920
1.13594159
0.91998610
0.81142715
1.11050401
1.02639081
0.92390852
1.12405678
0.93884190
1.06686050
1.01601997
0.80659829
0.91119859
0.91874627
1.06123201
1.04982058
0.94109220
1.10736214
1.07648405
0.82218895
0.90847303
0.93076035
1.09706686
0.88343236
1.10581950
1.12397579
0.81826665
0.92983820
0.91513679
0.98707216
1.04636287
0.91229394
0.99110485
0.99322191
1.05806408
1.10397103
0.95624394
1.01851329
1.23160129
1.07815512
0.93316214
1.04003010
0.91566735
0.98184161
0.97669041
1.02136387
1.15863220
0.92570916
1.02425689
0.75002268
1.18933292
0.98594769
1.01491837
1.03909925
1.01242137
1.06283917
0.93950743
1.06927489
1.04856361
0.85126394
0.92224684
0.84904320
0.78688377
1.10637486
0.97594153
0.85557505
0.97482742
1.02525672
0.86354422
0.98137320
0.91110739
1.08947187
0.98637421
0.98063034
1.02056022
1.09159864
1.05273817
1.08125924
1.03884664
0.83590891
0.84196452
1.18888503
0.92536719
0.88501387
1.04572794
1.17466785
0.92677756
0.98961274
1.11534817
1.01964732
1.09735530
1.02128648
0.90313126
1.12230843
1.15717610
0.96622418
1.05110256
0.93383391
1.07701845
0.98253582
0.86120201
0.93069281
1.13347047
1.04283346
0.96526063
1.22153727
1.00795912
1.09280619
1.17087297
0.96107377
1.02077031
0.95143625
0.91876756
0.91890840
0.90425004
0.94988611
0.97727908
1.08331888
0.94986663
0.99749177
1.05462465
1.15370667
0.94783332
1.13677120
0.98829322
1.05375545
0.99804202
0.98795105
0.99126777
0.88256227
1.01176879
0.90515668
0.98802387
1.02001371
1.11764471
0.91682312
1.21409386
1.12261919
1.02451928
0.99927846
1.07425385
1.03880759
1.03534618
0.80699782
1.07041455
0.88759347
1.05192520
1.07494405
0.88046407
0.99206879
0.98796783
1.04773525
0.83183291
0.88178980
0.95055374
0.99347225
1.00415855
1.04334858
1.06194400
1.06508411
1.04269115
1.08055169
1.06624262
0.98181601
1.00824683
1.01954806
1.10727717
1.06823346
0.98145553
1.21169218
1.07984234
0.94906612
1.01262161
1.03259193
1.11307555
0.85261437
1.02713479
1.10705333
0.93245759
0.99779467
1.05337337
1.25113571
1.18583029
1.06947710
0.86749825
0.88070460
0.87772892
1.11442086
0.91230913
1.04202567
0.85522860
1.19650935
0.97068412
0.91546050
0.92890834
0.93692500
1.00322974
1.01129074
0.96365674
1.11716310
1.07808520
0.89123216
0.94931643
0.82901873
0.97632379
1.11187061
0.94196057
1.12928040
1.04248538
1.05412518
0.91604572
0.94836854
1.21333182
1.04948440
0.98022257
1.18237450
1.04799121
1.04809336
1.02510856
1.06048841
0.88799068
1.05455990
1.03241761
0.91497236
0.90582550
1.06500439
0.88016485
0.95539932
0.96703893
0.99742249
0.93703931
0.98926714
1.00608948
0.88987003
0.99667609
0.94224498
1.04974489
0.96983022
0.88575406
1.04370520
1.23625170
1.10599152
0.84538455
0.89599467
1.00691756
0.96782195
1.20733108
1.06360910
0.95301967
0.96902241
0.86318941
0.81936285
1.11305348
1.07721461
0.84376296
1.04870571
1.07719452
1.01750405
0.96603356
0.83522372
0.97341312
0.99678276
0.84388096
0.86263298
0.99728981
1.00174756
0.89282925
1.06839862
1.18895365
1.20998426
1.19981740
1.19297448
1.09532243
1.07438670
1.04596378
1.05295540
1.13159756
0.98784436
1.05676240
1.08634399
1.04503140
1.22877793
0.95247085
0.90811394
0.95667611
0.86513800
0.87755974
0.75781056
0.90065945
1.05077765
1.09652865
0.68130155
0.99091809
1.02591161
1.06378142
1.21101449
0.71504300
1.03293323
0.93107095
1.07936058
0.96989844
0.87447505
0.99855733
1.02032872
1.05593194
1.02449624
0.82139890
1.13727964
1.01194896
0.93393883
1.04015803
1.16589838
0.94370080
0.93912120
0.96615092
0.98401106
0.87990927
0.88285277
1.09890101
1.08001851
0.94332607
0.95326909
1.04498583
0.85427876
0.94673043
1.20730177
1.01835886
1.01156550
0.86869935
1.09381469
1.10223093
0.82727220
1.00865574
0.97946046
1.09013344
1.08760736
1.01021557
0.96324317
0.91566173
0.84296307
0.97451019
1.07770185
1.08220295
1.02387030
1.22440303
0.99580412
0.85715153
1.18137061
0.86599451
0.88133039
1.03860778
1.10367714
0.97276340
1.05656804
1.03251285
1.02059756
1.00689551
1.14268175
0.96938975
0.94352696
1.11750113
0.85367350
0.88845050
0.98879319
0.96759602
0.96643402
0.80224936
1.06092690
0.91851565
1.06074841
1.15416240
0.91925201
1.14059951
0.93600092
0.85320784
0.79333998
0.93951974
1.07611870
1.05291282
1.02486311
0.97956385
0.85215798
1.07751048
0.94437106
0.93172476
0.92073847
0.96230507
0.93376807
1.02023350
0.97869992
1.11922882
0.87259146
0.99693123
0.91297251
0.83720875
1.02235817
0.99660250
0.96365834
1.17073111
0.91420132
0.84864718
0.84060554
0.84955275
0.90960654
0.83788235
1.06113384
1.01747970
1.27858896
0.91003988
1.01793279
0.87178599
1.00418059
1.09684376
0.94984580
0.91308346
1.00283350
0.96295719
1.01354640
0.92416968
1.16244832
0.87268344
0.89853377
0.99383189
0.96374500
0.96317055
0.91832766
0.85691328
0.86708964
0.85831732
1.07830290
0.95883229
1.06597066
0.87361784
0.90725565
1.07554737
1.10227779
1.15891983
1.26032108
0.93106410
0.97916686
1.03728620
0.88052666
1.00159205
0.90892884
0.92312646
0.97441937
0.93732317
0.98784143
0.88647932
0.95721783
0.95875639
0.97549760
1.09302762
0.95788104
1.00780677
1.12723473
1.06317713
0.95854460
0.96593634
0.90260212
0.91551228
1.12394335
0.87212545
0.96512359
1.11294951
1.06452389
1.04464725
1.13571805
0.99166918
0.94776486
0.97168491
0.86442055
1.06028845
1.10940688
1.09785764
0.90697189
0.97674814
0.98732985
1.02565137
0.85734414
0.95988032
0.93524740
0.97108081
1.03610413
0.85973778
0.94450599
1.19108988
0.96290814
0.86969605
0.97433878
0.88111732
1.20499130
1.02904701
0.82968686
0.99179560
1.05668858
0.94673115
0.95017799
1.02333454
0.97396410
0.95936913
0.93565412
0.76544276
0.97534178
1.24904998
0.93397036
0.94914149
1.00369956
1.03658981
1.01112016
1.02006939
0.96804207
1.06262188
1.15833261
0.85356587
0.92115444
1.17503888
1.03885403
1.06784468
0.94926344
0.98049367
1.01353209
0.91768093
1.01641027
1.08247570
0.96815505
1.03832079
1.14073003
1.07074554
1.08739735
1.02753705
0.92070402
0.97073588
0.99917160
0.92464936
0.97690504
1.08418680
1.08040115
0.95054268
1.03623504
0.94340778
1.07597669
0.93399810
0.89000188
1.04732314
0.92588746
0.90124998
0.89200483
1.00913198
0.99437187
0.95523280
0.97264769
1.04190031
0.94990360
1.05878537
1.08141584
1.04359374
1.13214327
1.09455688
1.11740375
0.90757795
0.89529527
1.03431385
1.04769597
0.94470440
0.93887110
0.91869419
0.89797753
1.01174734
0.88069010
0.95909986
1.13556110
1.02699580
1.00707518
1.01681117
0.91704603
0.88174237
1.02730094
0.89709327
0.92678986
0.82219182
0.85050841
0.94211727
0.97138790
1.08406632
0.95092020
0.98865210
0.85973097
0.92961380
0.96049770
1.02260688
0.95185684
1.09808065
0.91127008
0.86639463
0.83820057
0.94313863
0.88574330
0.94316236
0.99845140
1.15535397
1.02659838
1.02660870
1.00465594
0.99436162
1.01330212
1.09675267
1.00732080
1.09530404
0.98411884
0.91051760
0.94807897
1.08771762
1.08786132
1.15680899
0.92290732
0.88389587
1.05002436
1.02506534
1.08647670
0.77746902
1.01797369
1.01582891
1.01473590
1.01670342
1.10355475
1.27026183
0.93702357
1.12971339
0.96090094
0.95791077
0.89820145
0.96463842
0.94875106
1.01327420
1.01234586
0.96651286
0.95266228
0.94481227
0.88868702
0.96801370
1.04137931
1.07796401
1.06929777
0.95857561
1.12987415
0.94659577
0.88715099
1.00337429
0.89542923
0.81594475
1.06084281
1.04155795
0.92966780
0.98705494
0.96634043
1.01773564
1.06618012
0.99337367
1.12629326
0.99196000
1.00003788
1.02801732
1.04144417
1.07617372
0.81315015
0.98802109
1.00486694
0.99115976
1.08015944
0.90613810
1.14838504
1.17101106
1.04419898
0.87196373
1.14729965
1.03300143
0.94096522
0.87783709
1.13487897
0.73887186
0.90397034
1.00686645
1.03607841
1.06980287
0.93512803
0.96999047
0.98883267
1.23294603
1.10275917
0.86037541
0.98983430
0.99262061
1.08276286
1.00243088
1.07725161
1.11735322
1.01990198
1.21607329
0.80987495
1.14860086
1.01077128
1.00468897
1.01561915
1.09821444
1.10227388
0.96655072
1.01226260
0.83299968
0.86607137
1.02324937
0.95683493
1.03102024
1.02078749
0.97582873
1.02995228
1.00270500
1.11561678
1.04091524
1.07017385
0.94727213
1.11625504
0.88221673
1.01620231
0.89539026
0.86866727
0.90620904
0.98682289
1.03140302
0.96338464
0.92981750
1.10649038
0.93238251
0.91405338
1.22062724
1.07990530
0.93387648
1.18306611
1.11058532
0.92962915
0.89804879
0.90843298
1.02736362
1.30930480
0.86576512
1.10893179
1.14109922
1.05131571
0.87321912
0.99793910
0.97421035
0.97415899
0.95269932
0.85050513
0.93661133
0.92868682
0.93341351
1.12129921
1.03047492
1.00641465
1.12479830
0.86570247
1.14999339
0.94753060
1.09369269
0.94521661
0.86148670
0.93400417
0.95555637
0.96195025
0.95612953
1.11664393
0.94925575
1.13107960
0.90048862
0.85845591
0.99553813
0.80591967
0.96174706
1.04855305
0.99534196
0.86230538
1.18867398
0.99305981
1.00436361
0.97593016
1.10846785
1.08630709
1.03235013
0.92150274
1.03261344
0.85178074
0.97786890
1.13734996
0.99363230
1.09055916
0.71085922
0.99136627
0.93233560
0.98284135
0.98027310
1.08247189
1.07133032
0.99150493
0.95177666
0.83717762
0.82711362
0.83819491
0.97624040
1.06639516
1.02735724
0.90715082
1.15231310
0.95082082
1.05757445
0.89289957
1.04419345
1.11396230
1.03922934
1.00632028
1.06965450
1.02778691
0.83777429
0.81438597
0.83423414
0.98230537
1.04720496
0.88670897
1.00351712
1.17478337
0.87902534
1.10194937
0.97617538
0.96704178
0.89110080
0.86941105
1.01939586
1.03457743
1.02785023
1.06647659
0.91985097
0.82201395
1.04306482
1.17552383
1.13997625
1.13145523
0.91798821
0.98604886
0.83141381
1.06586215
1.15907408
1.15131735
0.98469544
0.97695531
0.94618016
0.95802989
1.02703781
1.07534817
0.98476159
1.14977518
0.85523048
1.06127453
0.97359349
0.95437483
1.00315411
0.88540012
1.06297378
1.03540267
0.90603061
1.02822286
1.01688362
0.96367785
0.93817587
0.89134734
0.93158231
0.96385293
0.96063281
0.99067377
0.91633084
0.92498690
1.06810252
0.79178527
1.10035538
1.09710811
1.12860309
1.07366762
0.98285637
0.90082964
0.99064024
0.95885352
0.95263160
1.05659823
0.94110955
0.87354222
1.01262849
1.02320669
1.17588986
0.97172434
0.97531578
1.00111117
1.04796069
1.08322688
0.99526764
1.08277660
0.99086557
0.90264291
1.03088848
1.02460991
0.91649699
0.92987052
0.92295517
0.91839971
1.12563681
1.13187287
1.14591737
0.93362032
1.14476965
0.92629926
0.86073817
0.88851875
0.91035692
0.75741574
1.11179006
0.90490724
0.90604433
1.03913811
0.83421117
0.90711508
1.04171405
0.94097921
0.89588305
1.03731337
1.14408342
1.14462673
0.94078415
0.97804339
1.02477704
0.89307582
1.03584545
1.12722311
1.04096135
1.07842595
1.14682622
1.01116816
1.28569401
1.02556909
1.05983963
1.19475566
0.99524828
1.06812663
0.99820188
0.90419025
0.91882051
1.11932175
0.97053527
0.99005297
1.08356842
0.79241883
0.98679800
0.93685433
0.75465906
0.77846418
0.87963130
0.88562883
0.91835095
1.03764036
1.00193402
0.85762795
0.97129913
0.87539496
1.07362646
1.06591329
1.05938096
0.89093516
0.97687958
0.86166767
0.98792578
1.09741804
0.74749988
0.92917971
1.09038234
0.93402190
0.92026963
1.11121290
0.98531798
0.93429598
1.07070174
0.93191004
1.11253843
0.95902072
1.08613675
0.95065413
1.05878869
0.94306617
0.89100119
1.19265970
1.13184070
1.06912438
0.98352827
1.11215403
1.15461873
1.11157419
1.03928148
0.99706300
1.17673848
0.88522287
1.10419693
0.95777322
0.99574599
0.90413107
1.14592392
0.99049771
0.93178947
1.14032849
1.08396714
1.10204978
1.16446266
1.01018189
0.83089894
0.87593851
1.14226867
0.96529108
1.12513631
0.75748010
0.80414735
1.11172966
1.07876850
0.86575763
1.03192676
1.09914663
1.03169005
1.17689099
1.04264003
1.07781182
1.07033944
1.00740585
0.79883164
1.09835389
0.95732493
0.89473321
1.03686318
0.99070297
1.12021327
1.06292690
1.00691305
0.98008451
0.94772795
1.03950619
1.02826881
0.88897222
1.10666739
0.98401798
1.01367776
1.00740606
1.01663053
0.93413622
1.05207781
0.89157576
0.81451648
0.85804075
0.97608356
0.89919988
0.81295686
0.83884446
0.94707716
0.96819311
0.79659833
0.86318340
0.84555497
1.12810485
0.99297251
0.97896528
0.93402734
1.11313525
1.15028675
0.93829344
1.08178874
0.94557792
0.78939460
0.99932794
0.87612805
0.93407963
1.02071439
1.08838657
1.14181254
0.94597329
1.12326150
0.99987628
0.87898028
0.99485025
0.97721400
1.13129692
1.14972950
0.97803898
1.01375558
1.00768659
1.24974603
0.99498789
0.97003939
0.98301341
0.88196772
1.08837129
1.05425619
1.01363857
0.71689235
0.88697943
1.07835895
0.98503713
1.09587694
1.04830523
1.05108929
1.03056885
1.05966894
0.90866973
1.10779822
1.00025983
1.02660407
0.91361918
0.97364787
0.87654083
1.02320932
1.15438697
1.06844984
0.89644505
1.01358155
0.79948344
1.24915040
0.87205823
1.09682585
0.98230596
1.18518602
0.94819138
0.97776085
0.88956312
0.99570319
1.06942083
0.96566099
0.70714103
0.98130190
1.03964837
1.10168738
0.97341530
0.91132527
1.08422212
0.92497093
0.96409408
1.09117547
1.03690876
1.16821265
1.06927573
0.96234608
1.03454250
0.91347532
1.09396059
1.01129372
1.00953282
0.95243607
0.89056694
0.84961501
1.13405816
0.92972010
0.98686161
0.98575294
0.85577434
1.00961244
0.89318361
0.92060176
0.90896494
0.95271370
1.14999400
0.99025769
0.85677067
0.97534113
1.11730796
1.00506148
0.82753842
1.11287907
0.95829448
0.99895279
0.95289777
0.93794385
1.12929332
0.93204750
1.06176331
0.94970473
1.03810187
0.93473791
0.93135862
1.07578082
1.05896178
1.05798328
1.01226487
1.11553863
1.17001164
0.94711335
1.12469447
1.13573958
0.87084041
0.90295652
1.11694041
1.11465485
0.93853344
1.06886846
0.96989378
1.19937227
0.95616026
1.04816768
0.94986796
1.10763428
0.95292365
0.99783043
0.99349933
1.06154899
1.17878460
1.06015370
1.02181325
1.03950811
0.96464252
0.88554431
0.95790781
0.91385171
0.85912840
1.01177426
0.92437389
1.05763599
0.98692992
0.96128433
1.00398989
0.99055300
1.02090742
1.12492468
1.00575452
0.94514555
1.06503504
0.99857422
0.88453659
1.05243255
0.94867762
1.06182422
1.08100421
0.90299136
0.93554814
0.94723406
0.97746210
1.11392715
0.97790965
1.06973648
0.81113373
1.02822679
0.95681646
0.88655282
0.97241549
0.96990225
0.92242594
0.89537537
0.98909501
1.04492803
0.94998252
1.11144329
0.98333844
1.09313879
0.97833692
0.98684970
0.99533862
1.22306705
0.93971214
0.85813434
1.18944239
1.03531837
0.92802660
0.96349655
0.99931418
1.03897181
0.98913006
0.96302509
0.78134211
0.97037235
1.00525280
1.03447014
0.79711652
1.16125033
1.07472163
0.86730547
1.06148181
1.13339971
1.03190368
1.09934019
0.90020886
0.85880105
1.04781803
0.99490325
1.08763303
0.92787954
1.02201666
0.97247476
1.08014476
0.99364975
0.85554901
1.05256164
1.03123047
0.96669919
0.90720818
0.81384302
1.05396595
1.18567130
1.19419588
1.07686028
0.92059516
1.06044205
0.88626991
1.04577494
0.90436486
1.00668408
0.95440400
1.00622239
1.08512176
0.91003014
1.00288414
1.01508587
0.92169029
1.13559957
1.02007853
1.15653083
1.06793315
0.95035456
1.05012585
0.92838319
0.83560679
1.09859259
1.14835501
1.05410915
1.12448126
1.12688301
0.79430379
0.88681582
0.87820222
1.05322951
1.24038956
1.04185976
1.16200692
0.94148087
0.88278200
0.88672659
0.82878046
1.02740752
1.00334331
0.95277603
1.12939985
0.94998550
1.14189759
1.08768548
1.04056312
0.92858130
0.99499607
0.97956306
1.13564161
1.05474644
0.91960851
0.87106330
1.13294156
0.89823029
0.97932807
0.92567719
0.94651253
0.99781837
0.89667237
0.90092555
1.08036988
0.89595990
1.07441030
0.98021420
0.95398370
1.00967691
0.99349842
0.90685629
1.17728417
0.98476444
0.94008742
1.10313400
1.04322034
1.06101282
0.86528655
0.92295758
1.00129420
0.92293018
1.08919714
0.90145518
0.97965097
0.94693870
1.06040910
1.26678676
1.08088311
0.94773064
0.95847696
0.88327173
0.88452925
0.89032702
0.86340567
0.99853598
1.05279960
0.93729402
0.82989341
0.99806800
0.95590729
1.01827800
0.94483714
1.11923415
1.21429077
0.91566768
1.02332901
1.11688618
1.02401564
1.13843347
1.00986360
0.98901384
0.99681584
0.83267514
1.10567887
1.11200498
0.90331076
0.92854291
0.99183166
1.02807899
1.03618960
0.88559754
0.81462688
0.91292883
1.06704323
0.91377458
0.88877738
1.11277429
1.10136532
0.98452980
1.04261267
1.11097960
1.08656970
1.12125816
0.95665557
1.00520260
1.10251432
1.06441192
1.06198365
1.08155304
0.93643683
0.97542612
1.00932090
0.90367662
1.15474755
0.93281834
0.95507458
1.10534312
0.96350876
1.19839814
1.06174363
0.84253431
1.01605289
1.25019169
1.05092830
1.06038988
1.03032447
1.03150586
1.28314936
1.21923776
1.13141785
1.00180226
1.06352276
0.89089470
0.87598740
1.08004478
0.91123805
0.95351299
0.96384998
0.80158182
1.01471835
1.00874729
0.86209560
0.94064990
0.76196549
0.93918408
0.97443899
0.93477443
1.17027228
1.20429726
1.09857166
0.96970455
0.95672303
0.98630682
1.27903510
0.97435082
1.00519575
1.06983224
1.07897270
0.80946349
0.99091675
1.14969056
0.97058695
0.95084018
0.93014691
0.78342141
0.95832830
1.03450127
1.10450479
0.86272050
1.04659271
1.07521743
1.00371271
0.85478431
0.86052290
0.91680315
1.10582120
0.96682453
1.10128655
1.11369748
0.96321306
1.11885448
1.00983647
1.01848404
1.17332495
0.73910040
1.08578264
0.98181616
0.89972583
1.18766179
0.91576889
1.16599108
0.97790247
1.07322710
1.07347969
0.99234712
0.95340796
0.93552749
1.15662726
1.12149387
1.00424087
0.83254371
1.05755926
0.97534522
1.06902692
1.02165110
1.22924603
1.23152488
1.02399032
0.96063273
0.94654821
0.78560598
1.11720740
1.05404700
0.89640890
1.07464402
1.14451357
0.78440554
0.97501934
0.86870787
0.93810554
0.91433414
0.92460920
0.92084782
1.07182031
1.02687203
0.90322133
0.98746994
1.07797993
0.98261793
0.87619004
0.91767433
0.84219532
1.16288070
0.75680039
1.08640289
0.93212006
0.96715006
1.04443106
0.86591716
0.98590352
0.98934586
1.02459530
1.01164393
1.15784175
0.95136464
0.96231571
1.02559980
1.09042033
0.81906055
0.90772288
1.09132773
1.03980375
1.02641224
0.86991442
0.90269008
1.09445456
1.03166900
0.93894061
0.97270686
1.00544405
1.01030296
1.06306603
1.12505682
0.91897726
0.99202445
1.11174966
1.02836359
0.97591018
1.05183953
0.95750825
1.05187085
1.04896434
1.09801731
1.00288604
1.24184372
1.05375485
1.03771719
1.10067508
0.97053798
1.02707238
1.10316783
0.97524416
1.24381731
0.90605308
1.06688747
0.93616280
1.15598379
1.09731834
1.23871660
0.97704082
1.08490158
0.95310233
1.06783574
0.98224330
0.94877893
0.95796351
0.99821707
0.98098024
1.03338014
1.21202422
1.20250845
0.92881568
0.97660158
0.89714015
0.95311871
1.05522244
0.95696086
1.03786746
1.09652816
1.19020532
1.01334370
1.04257812
1.02255046
1.02732902
0.91018614
1.03335054
0.94805160
1.08891444
1.05901213
1.08588095
0.99677302
0.99620276
0.95955980
1.10902175
1.03859097
1.03544429
0.90475335
0.97697608
1.01234729
0.92288429
1.15018837
1.03398710
1.00420521
1.04850627
1.03563856
1.10916032
0.93068166
0.98548621
1.01386182
0.96261555
0.99580357
0.90661191
0.87463420
0.95135199
1.05486627
1.04007177
0.99410245
0.98728320
1.08810889
1.00560632
1.08597141
0.93848362
1.03966299
1.01891269
1.05009900
1.04090009
0.86735634
1.03235193
1.14026042
1.16765230
1.01513384
0.95626507
0.94577523
1.30830238
1.00930236
0.86254393
0.98426538
0.90241890
0.92529534
0.97354743
0.97617165
0.99993697
0.98109417
0.94318685
0.99323537
1.09449080
1.05674854
0.83777464
1.09592867
1.11588974
0.92239002
1.08888552
1.02106302
0.98231722
0.95698056
0.98227441
1.02487415
1.00033723
1.08296371
1.14779617
0.86180784
0.98670387
1.05372040
1.34245377
1.09368279
0.93069011
0.89950916
0.99220724
1.09324860
0.98947924
0.89078817
0.99599875
0.98767805
1.00752867
1.01735933
1.04286701
0.97186950
1.06415544
0.96164075
1.09775149
0.94867090
1.02642383
0.99869261
1.02007534
1.14515322
1.00867194
0.99662365
1.07732330
1.22805523
0.90293490
1.09836764
0.84074658
0.98399494
0.89877136
1.06204874
0.90628171
0.86162530
1.13639252
1.08064131
1.10043635
0.84640539
0.92691742
1.19919535
1.03015444
0.88655724
0.83177640
1.13266993
0.98057951
0.99779856
0.96290600
1.04403737
1.05714133
1.13067414
0.95467239
0.98418140
1.01277275
0.94618316
0.98843494
1.03657499
0.95416569
0.91627001
1.23982408
0.91265011
0.99165994
0.75403371
1.06864918
0.96595956
1.02741763
0.84425284
0.88647633
0.99034880
1.00130312
0.97006831
0.90138905
0.90816839
0.89922806
0.99492653
1.12357490
0.94976492
1.10482221
1.01204401
0.91407807
0.96700742
0.99640624
0.81414093
0.90566855
0.99854236
0.93255526
0.93633091
0.79877892
1.05951186
0.98471880
1.06261756
1.11228572
1.04266509
1.06839842
0.97469035
0.94296640
1.02813474
1.05725044
0.84235100
0.85155658
1.01687723
1.09650595
1.35512429
1.02102732
1.06162785
0.83347043
0.93215614
0.87958816
0.92619174
0.88006345
0.94932618
0.87592385
1.01938344
1.05280255
0.96410813
0.85227837
0.92599687
0.95655096
0.90106301
0.94062853
0.94171201
1.17235469
0.96443063
1.10339255
1.04334868
0.91171998
1.07642842
0.78923862
1.03538943
0.93337543
0.80864012
1.05937876
0.88893620
1.02572392
1.20502502
1.00887004
0.90332473
0.93745652
0.88837478
1.07161385
1.02284716
0.83484789
1.06578313
1.16631602
0.99775138
0.88120211
0.97242126
0.91435571
0.92851909
1.13257509
0.93625589
0.97282899
0.92661655
0.90140421
0.99607801
0.94384796
1.05544693
1.00243662
1.12035045
0.78373557
0.93854760
1.08797122
0.94128952
1.04003857
1.19987282
1.03126615
1.00783031
1.11998437
0.91811643
1.34776209
1.00633076
1.02125454
0.90947226
0.92089693
0.75915213
0.99396500
0.94022321
0.92884884
0.95503252
0.96298883
1.07906891
1.07569327
1.12064779
1.13135402
1.03494407
0.87067532
1.09078263
1.05927251
0.91359252
0.82686174
1.11772401
0.93658970
0.98753556
0.93948943
0.95670154
1.02580960
0.90293177
1.12921421
1.18150756
0.96556645
1.17113357
1.02918938
0.98815673
1.05489674
0.95007588
1.03745696
1.02246595
0.97802447
0.99374404
0.83937909
1.11789880
1.03862715
1.01033049
0.95953835
0.96404080
0.97850533
1.08385616
0.84582721
0.96104677
0.92305242
0.91037824
0.99355977
1.05115232
0.96036789
0.94946769
1.05443423
0.84247888
1.11034487
0.80784083
0.99050718
0.95032739
1.02336550
0.96808933
0.80344930
1.04565133
1.01018536
0.97938614
1.06982937
1.09675186
1.02024682
1.10338827
0.89192094
0.97401046
0.87586070
1.04884659
0.98300096
1.04850875
0.87458124
1.01965392
0.99009150
1.06234031
0.97493419
0.88465186
0.95122946
1.00053058
0.89965610
0.80562031
0.91857649
1.10196622
0.89992834
0.89749841
0.97193140
0.95527503
0.94644175
0.72192074
0.95282109
0.95126956
0.97976484
1.00696115
1.04719414
1.06383984
1.20610142
1.15562897
1.06835375
1.06020660
1.06986869
1.05064776
0.91865602
1.00942578
1.00424797
0.84807026
0.98121520
0.90226441
1.03467976
1.24177978
1.26645166
1.01092012
0.89575289
1.08469204
1.28331277
0.83770561
0.98065955
1.09264478
1.04886837
0.86941271
1.08790753
1.05600931
1.03476553
1.02272125
0.92770039
0.94680938
1.12752194
0.97025688
0.82900219
1.01510966
0.88027333
0.93610168
1.19225142
0.83929088
1.07992962
1.10923616
1.11292206
0.76870599
1.05926122
0.96569728
0.92765334
0.97140515
0.96681891
1.06681932
0.88692374
0.91584602
1.17300125
1.01728015
1.35547437
1.09969233
1.18980030
1.02865479
0.93937019
1.10896218
0.96170035
0.92324368
0.87241377
0.90956753
0.83938523
1.03975024
1.05148430
1.00177218
0.96265033
0.92076798
0.91575439
0.94471362
1.04385071
0.98573111
1.14276866
1.19274525
1.10111386
1.10162351
0.88510679
1.15230671
0.97403504
0.89112205
1.19428966
1.06978238
0.90423551
1.00959764
0.91525976
1.11114366
0.95611998
0.92141538
1.00899290
1.10350069
0.90110826
1.14751557
1.01046165
1.16848882
1.21871257
1.14319839
1.13038857
1.01040500
0.95460134
1.01864901
1.06767504
0.96513204
1.06345283
1.00107548
1.04045409
1.02982984
0.92877904
1.00797330
1.02738600
1.07143740
0.91842701
0.96447394
1.18786587
0.97210757
1.02324780
1.13587007
0.85474344
1.01339696
0.94908481
1.00084371
0.86972563
1.10817621
1.05308553
1.02823592
0.86878878
1.02817427
1.02961886
1.02462165
0.99043455
0.99601666
1.09276172
0.96408157
1.08603736
0.96342897
0.97962553
0.97367187
1.09107031
1.04117720
1.17994452
1.12919282
0.89435708
0.87243372
0.92860425
0.91846302
1.01481467
0.93585338
0.97785889
0.85094325
0.80866974
1.02593450
0.87985297
0.92305000
1.06215465
0.84923417
0.92386338
1.00804655
0.83632523
1.12239901
1.02850894
1.05006338
1.04984412
0.83794530
1.10056268
0.90271091
0.89558530
1.17770787
1.07808115
0.98544465
0.85024896
1.13627687
1.00437867
0.85277175
1.14428942
0.92771744
0.98330712
0.77493499
0.97301794
0.88644121
1.03512384
0.89440341
1.05888776
1.04603685
0.96228105
0.94552111
0.90295713
0.99907926
1.00103552
1.07127155
0.89337069
1.07688133
0.84615122
0.93912093
1.06482786
1.03750841
0.92753847
0.97123973
1.12398363
0.91178371
0.99126161
0.96434490
0.90733847
0.92601441
0.97942233
1.02234977
0.94480649
1.23493812
1.15377857
0.99333593
1.04381596
1.44814513
0.96609977
1.03885376
0.84157461
0.88402826
1.11601433
0.79897762
0.99737817
1.03286520
0.96435589
0.92915375
1.01777500
1.24765278
0.99742161
1.06304832
1.00581980
1.05181416
0.95721396
1.00437673
0.95605701
0.89331026
1.04287407
1.15743763
1.04339252
1.07056934
1.04962292
1.00262651
0.95956170
1.07315193
0.74977339
0.86801004
0.99250009
0.91709034
0.96533680
1.05593092
1.10335609
1.00233349
0.91685152
1.05691759
1.08271474
1.02142168
1.01758979
0.70999756
0.91774801
1.16307591
1.00629723
0.97564399
0.95371660
1.06511368
1.00451026
0.95205466
1.02446254
1.06451385
0.88819182
1.08293138
1.02411452
1.05234780
1.06214339
1.17438753
0.85797198
0.99207975
0.92487318
1.09969062
1.01005435
1.11401153
1.02243938
0.90057329
1.14208111
1.06371803
1.04539595
1.10365908
1.05163273
1.10573579
1.13600876
0.94907244
1.00820841
0.95401900
1.01993052
0.98439768
1.13818162
0.95216358
0.90673303
0.96077391
1.07789692
0.97690429
1.08822577
1.17193518
0.99274686
0.90560282
0.78269651
1.06927681
1.03244264
0.97047328
1.15527035
0.85234367
1.00170656
0.95834533
1.10608812
1.06701303
1.01786750
0.94713454
0.91854768
0.98450968
0.99314342
1.10484918
1.06399114
0.98050406
0.94351396
1.01350304
0.88058842
1.03916107
1.10808558
0.90890456
1.01461847
1.03043336
0.86467264
1.00504096
0.84956762
1.09303352
1.16145225
1.00614300
0.89262331
1.03754703
0.98206338
1.10397265
1.08729557
1.08650986
0.84542309
0.98530295
0.86914044
1.14151509
0.90430487
0.85990764
0.80473247
0.93540114
1.00366039
1.00538812
1.07594190
1.10855119
1.02715671
1.25868800
0.94017790
1.00656216
1.08234434
1.02972325
1.10162526
1.02004586
0.89374261
1.05845471
0.78071975
0.97109728
1.03918310
1.01842232
0.95679129
0.87899207
1.03363564
1.08013367
0.83139721
0.95016730
1.11480651
1.03544417
1.06696878
0.97022266
0.85583014
0.78856861
0.83145003
0.93959533
1.10178890
1.12725278
0.84904859
1.02014227
1.07938524
1.10827134
0.87163502
1.18120610
0.94828837
0.98602262
1.17251857
0.94797332
1.09536917
1.01614017
0.94232282
0.85561563
0.95306781
1.01927842
0.87347940
0.80123009
0.99512697
1.06947415
1.04505195
0.75610394
0.93921716
1.00084655
0.95592119
0.96018199
1.09947889
1.03096140
0.78782053
1.07888256
0.94080274
1.05488785
0.84862622
0.95509337
1.11524496
1.00305966
1.09349320
1.06156981
1.18397645
1.04067993
0.92259933
0.93331744
1.15747118
1.07103810
1.04956359
0.97619178
1.06704931
1.09263487
1.01387680
0.88416979
0.94508729
0.91615276
1.01798035
0.98869213
1.00280160
0.95650198
1.08850702
0.90186914
1.06647368
1.12545091
0.88104601
0.80658089
1.08695258
1.11576031
1.10059147
1.22034325
0.81572374
1.02960251
0.90836026
1.01288330
0.77730654
1.11812465
1.00801908
1.08040466
0.98888691
0.90238111
0.94145548
1.10131499
0.85714563
0.94466631
1.16188328
0.96161115
1.06614855
0.76058846
0.86118342
0.93556385
0.90735132
1.01326541
0.91870899
1.00452008
0.88486551
1.21267217
0.89522055
1.00021393
0.92364252
0.87665710
1.05717115
1.02765200
1.08001307
0.85504180
0.89811200
1.06943731
0.96752966
1.09055836
1.00178586
1.06187721
1.12021831
0.97472924
1.05242698
0.87577388
0.97646621
0.88412999
1.08915622
1.11138692
1.15724629
0.81376439
0.92535967
1.04992438
0.95646874
0.99105282
0.95125323
0.98980240
1.06748541
0.97536206
0.92080100
0.88781554
0.89228512
1.04926596
1.11697007
0.98282976
1.23307435
0.97805359
0.83715221
1.02736628
0.85153870
1.09465056
1.15863510
0.82523365
0.94746066
1.10672262
0.94268370
1.07681021
0.91795537
0.81258914
0.92373057
0.95515484
1.07435068
0.83178323
1.01395013
0.96479252
0.85771335
1.01903981
1.03477192
1.05025996
0.99140619
0.98534245
1.15643392
0.83105388
0.99948391
1.09642939
1.13405392
0.92058266
1.06879999
0.94409060
0.95143951
0.90666227
1.04246321
0.92799466
0.78847081
1.00260777
0.84391941
1.03050545
1.16439373
1.01343191
0.96668964
1.19204237
1.02020521
0.90964813
0.86018993
0.93727529
0.96205625
0.94227269
0.90474608
0.71155804
1.01926636
0.97707070
0.98821540
1.03938195
0.99722023
0.85276154
1.05496065
1.10395892
1.05850754
1.04102795
1.05511506
0.93908680
0.95562735
0.94451208
1.06473366
0.95391765
0.85259340
0.99400280
1.08772880
0.84606083
1.05651481
1.03667538
0.96554620
1.11536310
1.05471553
1.01262873
1.05852267
1.25173776
0.80274301
0.90666240
1.07043879
0.89026906
1.07599971
0.75461373
0.93461937
1.00421790
1.15558066
0.86402945
0.98012321
1.07910895
0.86733069
1.19753694
1.04877601
0.96118401
0.91468149
1.05942079
0.95961743
1.19183589
1.07130747
0.91750604
1.00250118
0.98176036
1.07443350
0.99409885
0.99970273
1.06837734
1.11201924
1.03901746
1.01126742
1.00784270
1.01275197
0.99246420
1.11720845
1.06070613
1.03080085
0.96020302
0.93271667
1.23335394
0.86847953
0.93854660
0.85848825
1.01445087
0.99085875
0.99557712
0.80957164
1.19675548
0.87781363
0.97305602
0.88441312
1.09967345
1.01087488
1.09781367
0.93481105
0.91530877
0.88380184
0.94209280
0.99713944
1.02593073
0.85408840
1.13033349
1.09409844
0.85616192
0.95634274
0.84245469
0.89605019
1.16922418
1.05777084
0.90286110
0.80804751
0.99811520
0.93738432
1.04166491
0.92005975
0.95746066
0.94749466
1.08275315
0.94548331
0.97065868
0.97434951
0.99944571
0.93290482
1.00324444
0.89364707
1.02269804
1.09191980
0.99500596
1.02156803
1.11004294
0.85090029
1.26461144
1.19756229
1.10691966
0.99879936
1.00570502
1.05684381
1.20716430
0.83975984
1.00038950
0.85099592
1.13739340
1.03392225
1.18626331
1.19739962
0.88028431
0.89227424
1.14488184
0.84076409
1.07361073
1.00107153
0.90142650
0.91438235
1.12587724
1.07445121
0.89650928
0.96583568
0.94144992
0.89125986
1.16769549
0.95039006
0.87719389
0.89188076
0.82907953
1.17638847
0.95566374
1.10782358
0.93123566
0.94280973
0.97379502
1.08105640
0.97200794
0.95555084
0.98229012
0.85036787
1.11142178
0.88690932
0.92275654
1.01658945
0.96859862
1.04637521
1.00254067
0.99220469
0.96800327
0.94940814
1.01889935
1.02007672
1.02550572
1.06962466
0.87869027
1.05671698
0.90686309
1.31814596
0.98624440
1.09221844
1.08448999
1.00519989
1.05878213
1.12896189
1.08434133
1.09628023
1.04876901
0.92847071
1.02411754
0.88232520
1.04443969
0.94367842
0.91207986
0.99302938
1.07941930
0.98772374
0.92286466
1.07206422
1.11577454
0.90216528
0.97739263
1.01005194
1.09686306
0.83549876
0.97191594
1.02978990
1.09639345
1.03072295
1.20739302
1.19199248
0.98455983
0.87812519
1.05193269
1.03816339
1.00814715
1.01648747
1.04518929
0.97694354
0.92031035
0.93191593
0.97466272
0.96757360
0.95781650
1.00205511
0.99758889
1.13672136
1.11970469
1.10211008
0.95206444
1.00432508
1.13282155
0.93957281
0.84778229
1.16944926
1.06623554
1.07945505
1.00712700
0.97650299
0.89244350
1.24088855
1.15327438
0.93954501
0.91196028
0.91603933
1.04884241
0.87077035
1.21856438
0.97169401
0.92197941
0.94458750
0.90111442
1.07375931
1.11384494
1.02534661
1.07076855
0.92445128
1.01399645
0.81869316
0.97189228
0.91620221
1.24395178
1.13760743
1.25670418
1.03049704
1.19601905
0.99143234
0.91048229
0.85535992
0.92785912
0.94976374
0.99329785
1.11380030
0.89649087
0.88525467
0.97279038
1.28413476
1.07766179
0.90143919
1.13997110
1.16805485
1.05390021
1.04082316
0.96149334
0.95584925
0.88248376
1.06125412
1.02633474
0.86030390
0.97977568
0.90283505
0.93587912
0.88944435
1.01106416
1.03093478
0.98841290
0.94694496
1.05583843
0.96967668
0.97356789
1.09808671
1.08958001
0.85721186
0.97180489
0.97563252
1.24872017
0.95863223
1.00877573
1.01084505
1.15309739
0.94038876
1.06311156
1.09993072
1.03867553
1.10218918
1.01098056
1.06023072
1.14397930
1.01269415
0.97233534
1.23078961
1.02969167
1.07130282
1.02907583
0.82867532
0.90644542
0.90791614
0.97801551
0.82346905
0.99644326
1.15007652
1.10374090
1.09903910
0.91724299
1.16357826
0.89947618
0.94960182
1.01611638
0.93225009
0.93685772
0.98039317
1.24425337
1.01641761
0.91620766
1.24097083
1.27292395
0.92241912
1.18543563
0.88209924
1.05211371
1.23076091
0.97785786
0.96100347
1.17254177
0.90562341
1.14869745
0.85860520
1.04285395
0.91167179
0.96198873
0.88580189
1.03216381
0.97434945
0.90151312
1.04379985
1.10703512
1.20123822
0.94981536
1.08670693
0.89485096
1.00360449
1.02884957
1.13943997
1.02504790
0.97075799
0.98373884
1.16186627
1.01843020
1.07436739
0.89356879
1.08963122
1.09650012
0.89182520
1.18634661
1.23940049
1.11097335
1.02161704
1.16188551
0.92936204
1.18234122
1.09361606
0.99226346
0.93259316
0.83382427
0.90501101
0.89907278
0.93727100
1.04251225
1.00764313
0.90865337
1.03899895
0.90484680
1.14689672
0.86827415
0.85398793
1.01696317
1.01937888
1.00559189
0.93326010
1.01010392
1.03410231
1.03933987
1.07340004
1.04327375
1.03343230
1.03558977
1.14114284
1.00515332
0.88233818
1.08472323
1.03938835
1.05334897
0.95250833
0.98756432
1.04623233
1.26430306
1.00830239
0.87780992
0.90732956
0.95816188
1.03834971
0.97484419
0.82305641
1.15319164
0.98739302
1.00548910
1.09854213
1.08123015
0.90432544
0.86573087
1.14413980
1.01340943
1.06899530
1.00785015
0.89926410
0.97170221
1.15326993
1.13866920
1.00309933
1.11314049
1.06576204
0.97515251
0.94315723
1.23130739
0.95800431
0.98775499
1.07345406
0.77368664
0.97002357
0.97810095
0.85816988
0.86064437
0.93909925
0.97101423
0.99650602
1.01736518
1.12400716
1.07195959
1.03689740
1.03098983
1.00288449
0.95062229
1.07924721
1.05620983
1.00346564
1.07601817
1.04013076
1.07033942
0.80863739
1.01374204
0.98874128
0.94349307
0.90388919
1.02226736
1.03290509
0.98846534
1.03271057
0.91760677
0.99049163
0.92355737
0.95363569
1.07600738
0.93529515
1.00331061
0.72270688
0.91461172
1.19019167
1.14091514
0.90932378
1.17596069
1.04280856
1.04701985
1.05798475
0.95902778
0.84418174
0.86414626
0.76499020
0.93181510
0.93212527
0.86419203
0.94927930
0.99871711
0.96207644
1.08471845
1.11276763
1.02571312
1.00298940
0.88562680
0.97507510
1.10172260
0.77513569
1.13469681
1.03672389
0.95872811
0.92828964
1.07401561
0.94880022
0.96103295
0.96243958
0.94825250
0.90734293
1.00722181
1.04359416
1.01386500
0.89051277
0.80209751
0.99504351
0.83884171
1.03981505
0.98376925
0.94707325
1.17744709
0.96444090
0.97376333
0.91058779
1.06946152
1.08903405
0.88379989
1.13525225
1.13601712
1.05483103
0.79807362
0.82881958
1.00143212
0.95394300
1.07545717
0.80953623
0.96714130
0.74284949
1.00667286
1.02832030
0.88474439
1.07988921
1.04577794
0.94184978
0.96356299
1.07025247
0.83091603
1.08378110
0.88557403
1.00266945
0.90565017
0.98190243
1.08806327
0.90399865
0.88675161
1.01687048
0.91209724
0.87240380
1.03194831
0.85606257
1.03913456
1.02986590
0.96591007
0.89092188
0.95577546
0.93653366
1.08544480
1.03751512
1.00722566
1.00511025
0.85739978
1.08528900
0.92394354
1.19788077
1.12638074
0.93398283
1.10637073
1.09109917
1.04511454
1.06867370
0.94870099
1.06875323
0.98334145
0.95995993
1.12370663
0.91369414
1.02212647
1.00498927
0.90366357
0.92358312
1.14828097
0.97485142
1.01709606
0.91577856
1.19776192
1.11126820
0.85920942
0.91216524
1.04418131
1.00331566
0.97126228
1.05027837
1.04303169
1.06698336
1.03101464
0.83187002
1.14974009
0.84221063
0.95115440
1.20267144
1.20456798
1.01606205
1.06596360
0.99147851
0.94196553
1.02193455
0.90452515
1.02212404
1.09420513
0.99546329
1.00357312
1.00250853
1.01875768
0.99368545
0.92881928
1.11661442
0.87535029
0.99763949
0.97617440
1.12634604
1.06027015
0.90731535
0.86701747
1.06818294
0.95541550
1.30330099
0.87114831
1.07329618
1.00451727
1.10764170
0.94203712
0.84425138
0.97913619
0.83974666
1.08954847
0.92465835
0.89820201
0.94196852
1.06062118
1.08826050
0.92896729
0.97476011
1.06028683
0.91460299
1.01862152
1.07852107
1.03799180
1.17544930
0.97142392
0.99384039
1.10754052
1.10042256
0.94152553
1.05976700
1.08532665
1.06968561
0.84169065
0.98995473
0.92885290
0.83723417
1.01330073
1.00305579
1.18189131
1.04924924
1.00506467
1.04232444
0.98995250
0.94817464
1.09037926
0.98771080
1.05434104
0.90679990
1.05385941
0.93041121
0.99493096
1.02809404
1.05394830
0.94142544
1.00080663
1.15958665
1.00090389
1.03071904
1.01252096
1.07683977
0.89793556
0.97536887
1.07849723
1.04639646
0.94482377
0.97782872
0.86734318
0.77001581
1.06608616
0.96333841
0.92989171
0.80456322
0.96065192
0.98925839
0.96243560
1.07572459
1.05375213
1.05223425
0.94028679
1.00847574
1.07665517
1.07483203
0.93936896
1.03576034
1.11959770
1.06886450
0.99737727
1.10642258
0.99248216
1.05577597
0.92789604
0.96955686
1.09013119
1.18449610
1.05227713
0.96867352
0.84649536
0.88519709
0.91826861
1.02135461
0.96711123
1.08348343
0.84988770
0.94296852
1.05385265
0.95632822
0.86242290
0.72916220
1.11264763
1.17988639
1.03517197
0.95670363
0.95124351
0.97898248
0.90484498
0.96458311
0.83033728
1.15054299
0.89571047
1.12098690
1.09148445
0.92030867
0.86469853
1.00485037
1.07497951
1.13257681
0.97454087
1.16028462
0.96267952
0.95412982
0.84561178
1.06008722
1.01761446
1.16321464
0.95070830
1.01795625
0.80170203
0.99712738
1.00820365
1.12105102
0.97548828
1.12028504
0.95457105
1.02953925
0.97412739
0.87302743
0.89424514
1.05825661
1.01153914
0.93407816
1.25115065
0.69349733
0.94935727
1.02374964
0.87211068
1.02579135
1.09133410
1.02555061
0.95506293
0.94791164
0.86106209
1.11671322
1.08418882
1.09040339
1.04591779
0.94106297
1.03130010
1.07098062
1.18086746
1.04790402
0.87492843
1.03940316
1.09928338
0.97344423
0.99925675
0.88384878
1.02783255
1.11795759
1.00980218
1.16102181
1.05019222
0.98230333
1.19175706
1.03261316
0.97853046
1.14344286
0.95405420
1.09389365
0.90290744
0.87383231
1.03218526
0.86495947
0.98225695
1.13317972
1.12788267
0.97199632
0.81302429
0.95650549
1.02664786
1.01360565
0.92832860
1.01230089
0.98541675
1.02597422
0.86910825
1.05286166
0.88300217
0.95821376
1.02645741
0.89410968
1.01623768
1.02932082
1.09727412
1.03536391
1.00986487
1.11610521
1.02524432
1.06534990
1.11639281
1.01876057
0.80848478
0.99753192
0.79966480
0.97337127
1.08508365
1.25961408
0.98787797
1.07981494
0.86264379
1.07770635
1.10619066
0.91927909
0.94796841
1.00080043
0.94780821
0.91659849
1.03109147
0.96750975
1.09768762
0.98996633
0.98008165
1.09226974
0.95707189
1.12122035
0.76402193
1.00889267
0.74355099
1.00343100
0.97136513
1.09213892
0.99072213
0.87816527
0.94410798
0.89125367
1.13906796
1.25248331
1.10918691
0.86166265
0.86683055
1.18027958
0.80966394
0.97295408
1.07474343
1.02121614
0.99115042
0.88299095
1.08449609
0.90398268
0.74310755
0.92181151
1.11525012
0.96894871
0.94817713
1.22439281
0.87836725
1.02391966
1.06192356
0.91809065
1.24528575
1.03651434
1.04558330
0.86091735
1.00149181
1.07339674
1.03290332
1.02615221
0.96282541
0.88361004
1.03247691
1.11181962
0.94442397
1.00938460
0.97633592
1.07226683
0.74612752
1.10789250
0.93717122
0.81949787
0.99249272
0.87919478
1.12233844
1.10344045
0.95641690
0.98877581
1.13743709
1.01404165
0.88339115
0.87606902
0.84176362
1.08535423
1.01836142
1.09676043
0.88469468
1.07721546
0.88178938
0.98090974
1.00860469
1.13786463
0.88644977
0.96301489
1.04836964
0.83148782
0.90396138
1.07681600
1.08087282
0.88114052
0.75976640
1.01977869
0.93634099
0.83276259
0.94275621
1.06836128
1.02575872
1.10469605
1.04084426
0.87922720
0.99755484
1.08305744
1.04861420
0.93373707
0.95891754
1.11890529
0.91441855
1.05738090
0.97001341
1.02248442
1.09236585
1.02104543
1.08643307
1.06423573
0.99457056
1.12722780
0.88569345
1.00829326
0.95230628
1.13776841
0.91016203
0.83817146
1.04042175
0.91249952
0.95539717
0.93070339
0.93109412
1.14968802
0.82547226
1.08542492
1.16002031
0.90253044
1.24693727
0.91207332
1.14352918
1.03003600
1.19801332
1.05718898
0.95228708
0.94767183
0.94431828
0.84024123
0.97154236
1.07969712
0.86378925
1.17847315
1.01562048
1.03608045
0.98705799
0.91438653
0.92697433
1.12851504
1.06274386
1.02323757
1.18684544
0.80271680
0.80526849
1.13000190
0.99392768
0.90806682
0.94182871
0.81026197
0.93855751
1.00505542
1.07032372
0.96922650
0.99997000
1.00424250
0.98335174
1.03073763
0.83974530
1.07828379
1.38454270
0.86949122
1.03298792
0.90732455
1.08806445
0.77888861
0.97356534
1.01577852
1.04334888
1.03417591
0.96163847
0.98803128
0.97368065
0.87583687
0.79569587
1.04612700
0.90823822
0.91378205
1.11631520
1.08523963
0.87872190
1.05511483
0.92040152
1.00293087
0.91319686
0.96716745
0.93362961
0.98832432
0.97197709
1.06047148
1.00547232
0.90300542
1.07505404
0.85371475
0.86326078
1.12706901
0.99080985
1.06322500
0.99584908
1.10426883
0.95186612
1.24713077
0.98090262
0.97683803
1.07981708
1.02990146
0.93833278
1.09295667
0.85098066
1.05092205
0.83908697
1.02833128
0.82073954
1.05505103
1.01703965
0.87576252
0.83929281
1.10326256
1.02739588
0.88606867
0.95791195
0.90540781
1.08398623
1.16378792
0.97362063
1.00308068
1.09883621
0.90841628
0.98491201
0.87792685
0.91669655
0.89802351
0.96186255
0.99708794
1.02786473
1.09415122
0.98051322
0.82181233
1.12863977
1.10138028
1.12202612
0.85662341
0.97216778
1.01961029
1.00602825
0.96158532
1.14576955
1.01780523
1.00828396
1.09479836
0.89954672
0.91086693
1.11126352
1.12550267
1.02689813
1.16049236
0.99187726
0.81971034
1.01131156
1.10142824
0.99835398
0.85269274
1.10046268
1.11826488
1.05763241
1.01252846
1.22708168
0.97226157
0.98191902
1.06490600
1.18880677
0.89462922
0.90471938
0.97685266
1.06532770
1.02894170
0.94234648
0.97395119
1.05783877
1.08894850
0.86377042
1.05824751
1.02037748
1.08275046
0.85606935
1.03883771
1.12451153
0.81756344
0.94267820
0.86561763
0.98347287
0.99734395
0.89183163
0.87863398
1.02692858
1.12365728
1.14897286
1.22794139
0.97331286
0.90298133
0.89715826
0.96501898
1.18452048
1.01792666
1.03747762
1.08425943
1.01921578
1.03210943
0.94753659
0.89099855
1.12496555
1.03226418
0.90581891
0.93793145
1.02142313
1.05575179
0.94299275
1.08831763
1.09074264
0.95071624
1.02553517
1.06803360
0.91387738
0.90457828
0.93225544
0.95648214
0.92942305
1.02477843
1.10627733
1.03420507
1.12473153
0.85974470
1.20146168
0.99003038
1.06194096
1.08791535
0.96489918
1.14760718
1.08081191
1.01675054
0.83808039
0.90326174
1.13376695
0.92736524
0.97036993
1.10636679
1.01103604
1.02529763
0.85925168
0.95445481
1.09199566
0.95679087
1.03161025
0.90555333
1.08518342
0.92588021
0.97102899
1.00015018
0.94969513
1.11165698
1.06504656
0.96316428
1.07016758
0.91074898
0.93896307
0.95011113
1.14069010
0.99359771
1.04118181
1.03066686
0.94995472
1.22855825
0.90634686
0.93897886
0.87364367
1.00193419
0.91152368
0.94733684
0.93817691
1.03402884
1.14499890
0.88796958
0.88417854
1.11889449
1.39943748
0.99884516
1.06966666
0.88679218
1.07214470
1.14228294
1.03291224
1.17480240
0.98028629
1.02541222
0.97254738
0.99761789
1.06760896
0.89277478
1.06606334
1.04710936
0.97809743
0.98409049
1.05600107
0.96482777
0.97518491
0.86051594
0.90920218
0.99859025
0.99130417
1.02487617
1.04923116
0.88089741
1.11152597
0.93289229
0.98492462
0.96365248
1.03467129
0.92342297
1.00891301
0.97559989
0.97479269
0.98984907
1.24918630
1.07072111
0.73593646
1.07705735
0.94392689
1.34210735
1.12518524
1.03391773
0.95275837
0.92330180
1.03701424
0.88219077
1.09119004
1.00872638
1.26220665
0.90140325
0.91580674
1.09244007
0.82660535
0.99248240
1.01451778
1.03792923
0.98166076
0.94927030
0.91283095
0.91532534
0.99030691
1.01280251
1.09727382
1.09466719
0.92005860
0.87520997
0.90201356
0.94961203
1.10309221
1.15235952
1.00861757
0.84635837
0.90181051
0.77775781
1.00756530
1.11871518
1.04063149
0.96525204
1.01447216
0.89905960
1.20027871
1.07459022
1.10041843
0.88930826
1.02623158
0.91182264
0.83997455
0.98493816
0.90552465
1.15234622
1.00946874
1.03773317
0.99546996
0.88691043
1.10607800
0.89009133
0.93140753
1.00301827
0.84813793
0.85400362
0.86709555
1.01896778
0.93758239
0.74685546
0.93725505
1.05916927
0.93088741
0.97357024
0.86653111
1.13197024
0.89536512
0.91405063
1.13078300
0.97191934
0.99869420
0.92596200
1.00700760
0.88642087
1.27752862
0.88829550
0.94821035
1.05326506
1.00186270
1.06773867
1.07678418
0.95618124
0.99731927
0.95718742
1.23671784
0.94204818
0.94155125
1.02649376
1.09823734
0.87756933
1.12071065
1.02718873
1.11193105
1.04447595
0.90768423
1.10560994
0.99498486
0.97344127
1.11019301
1.04225545
1.00052617
0.90003167
0.97934570
1.09960075
1.08924161
1.23339373
1.07001662
1.07402033
0.89452627
0.85978902
0.95873722
0.97409695
1.00323631
0.88744190
0.94053611
0.97876714
1.03611483
1.06625963
1.22307206
0.82162484
1.05977465
