1.61324677
1.84958984
4.64824707
2.65582855
3.38557352
3.85917290
4.52514492
1.43003606
4.28009370
5.52741860
2.85748132
5.18283303
4.88023947
1.10568791
1.84162344
3.86219364
2.39616503
3.72928949
1.08650836
3.91589374
1.32321434
4.77326857
2.16578411
1.96646485
3.46613152
4.78023745
3.39568957
3.47129848
2.28946746
2.19634083
3.35898292
3.92458460
4.08404739
3.90234141
1.41976945
1.79629542
5.65932728
4.77025799
3.50928893
1.12141989
4.43002884
2.84675363
4.25977335
2.06925785
4.39189976
1.49107241
1.60479892
4.40068441
3.88634574
5.20002426
1.26380408
3.26753738
4.82881948
5.85133489
2.13054933
5.97305218
5.59427696
5.69937727
5.06642727
1.08971195
1.66901926
1.26739763
4.56711395
1.55888466
5.92737602
2.99510883
2.36375736
2.25682603
3.69075134
2.41096268
3.40764759
1.02942617
2.07359115
1.08929532
1.57127789
3.74261061
2.29513985
1.70238299
5.51130780
1.67946344
2.19798026
5.15851357
4.74385165
4.19556149
2.00609118
1.79548919
4.37465873
1.32108526
2.99955859
2.63429155
5.93229813
2.71614499
3.18443593
1.14348051
5.22883297
3.63231935
3.88011344
5.26852351
4.50833760
5.24029054
2.39972270
5.68268424
5.75889910
5.62606366
5.40961731
2.45209888
4.90962300
1.05572064
5.15113108
5.30575330
4.69305460
1.72387051
2.30216771
5.28351029
3.73900273
1.44055905
3.93951800
4.11813761
4.52293570
5.72578199
2.70817872
4.80022135
1.19707922
4.06404864
2.06565842
3.48143021
5.19250736
5.96155618
1.28284631
1.38909054
1.43455019
5.62710128
4.96528840
1.54445478
2.73166884
5.09026416
3.20770617
5.68316336
5.58074119
1.24579241
1.38960513
2.34772710
5.51188186
4.38437828
5.12139989
4.23066027
1.93716010
2.29380365
1.30042580
1.65918810
1.06480043
2.89111310
1.75756205
5.88800366
5.11982587
4.82020776
5.97225368
5.45887228
3.23105309
4.60792065
3.99203759
2.24224284
4.79154605
3.24688031
3.47904690
5.43744074
2.79500058
1.74068273
4.96843601
2.40925149
5.04523899
3.82521354
4.49153221
4.00827339
4.71246324
4.23228315
1.00032542
4.28258773
2.48181916
4.29469827
4.12145286
4.15508109
1.55208491
5.05588373
3.04016666
5.72392253
4.57108512
5.33633044
5.42218662
1.94676356
5.84717161
2.26136843
2.65938445
5.28945793
4.99147232
5.75168933
4.09071691
1.74850491
3.69351515
2.44506057
3.70076936
2.87777200
4.31445415
1.82392549
1.91398679
1.04286403
3.12988402
1.18195870
2.04370136
1.16304323
2.63179698
2.02978649
3.56321240
3.34688286
3.60153538
4.01637743
1.26448257
3.84362257
5.51879656
1.17219977
2.46277956
3.97100099
2.13327411
1.85102001
1.37836367
1.58943705
1.08404510
3.09082221
1.64589373
4.31283095
2.72725665
2.00615024
1.31664524
1.11272444
3.77620019
3.38335663
4.75720081
1.01361390
2.95190926
5.83967163
3.32153241
2.01511415
5.10064874
3.03332619
5.67314276
1.62744123
5.70200222
5.62556272
4.03321776
4.98008511
2.44388072
5.49038828
2.58385925
3.46309304
4.68609337
2.38225788
2.69796453
3.48334693
4.81080968
3.58715994
3.81599311
1.95561040
4.33622612
2.52420349
1.64275897
4.48470651
3.45019861
3.70191784
3.17380443
4.30948352
3.53593927
4.57896013
2.94139758
1.54349761
1.07577178
2.78942585
2.13654494
3.22760382
2.82631743
2.76886215
3.03867172
1.46566669
5.68551493
4.30253473
4.87309132
4.29989356
1.57598303
2.00038620
4.00360928
2.94412394
3.83908831
1.61508813
4.72038260
4.07279220
4.98960275
3.73602153
1.04952948
2.69498389
3.67319846
2.33206061
2.52025422
3.95554420
5.78065277
4.34257486
5.98796431
1.32083590
4.91719707
3.83574321
3.01980774
2.94149886
1.84785955
1.81648380
5.37529649
2.54820019
1.71609675
4.56718351
5.41350223
4.63239822
4.37090448
3.28085294
5.26526099
5.58984081
4.17561546
1.87997698
3.04070037
1.25089466
5.37965256
4.33056784
1.69725402
1.17362254
1.21378348
5.82889767
5.25044893
4.21130565
5.05233736
2.17098232
2.32969016
2.25811448
5.53606826
3.96874654
1.50582032
2.39087841
1.76180612
2.55231538
4.96944515
5.62115838
1.34589477
5.13918648
3.92318878
5.50360334
2.21510110
5.74603460
3.15271899
5.36113582
1.75986055
5.29922376
4.62736161
5.92588004
4.92032460
4.24114347
2.39945055
3.89168357
5.81686675
5.75038610
3.55153265
2.95810616
2.66590767
4.45743077
3.29271197
5.23912239
4.45280814
3.55053835
5.62157232
3.82852415
3.71107363
1.57938072
4.12630792
4.36788000
5.85738708
5.57066730
3.63721507
5.75542730
1.96246012
5.60858334
1.51810178
4.86270451
3.23703824
1.48485779
4.59825232
3.08109149
3.55053462
2.91412482
2.10338742
5.58748050
2.17787280
2.00907289
2.72188559
2.87556519
5.92061087
5.92957867
2.20192249
4.91897523
5.53497265
1.91724166
1.95794146
1.48071562
5.81694492
4.20185885
5.19403566
3.81985835
1.06928707
2.76354835
4.43169695
3.22469446
4.36456194
2.74133666
3.24551744
1.36885388
5.91080615
2.82770793
3.92961070
5.98425261
5.84213631
3.55426392
5.98780074
3.40689914
2.34660724
1.57540310
5.29130227
1.40709856
1.69041977
3.35768560
3.78923458
1.68670056
1.41479241
2.88894866
1.38166863
5.42876097
2.81438416
4.78366552
2.34505089
2.32909232
4.33025685
5.47364000
4.19007403
2.22818148
1.31341693
4.87378955
3.46792151
3.49311908
1.87565013
5.18313256
5.53909598
1.96352946
2.41257992
3.34655125
4.17779910
2.95777990
3.56081391
2.53259042
5.88335723
4.51449603
3.56911338
3.98936566
2.46903285
1.79188591
1.58640170
4.38123203
1.73952048
3.02959028
5.49203927
5.58359726
3.47454636
5.45450001
4.44230813
1.66629254
3.41156914
2.33672627
4.13888973
4.01512918
4.15116244
3.52194260
1.32895702
5.15831205
4.86104475
3.22265505
3.64225853
4.65464102
3.07695591
3.77836259
1.50941947
3.48305030
1.81995831
4.22156148
2.57004495
3.71090338
4.48081281
5.63538917
2.18275497
2.11821857
2.55463953
2.87541124
4.93693187
4.06703789
2.21617107
1.76239480
4.51389057
3.72361049
3.06183527
3.43839931
2.96081111
5.10383207
5.04521449
5.41241599
5.06277489
4.00110373
4.91391487
2.69511635
5.69654167
2.19583895
4.31658913
4.21979377
4.02546556
3.30639556
4.46808731
4.94681550
1.38059758
4.93513217
3.89900757
4.22411160
2.43223084
2.44722553
1.71508176
1.29242749
1.58383472
3.69422763
5.07490379
5.54102390
2.74266771
1.50322949
5.66579009
2.09073763
2.09577726
1.88382375
1.00259813
3.45408406
1.13526080
3.09045942
5.85991672
4.93740383
3.85249657
1.19265261
1.32222862
5.74269657
5.20872844
1.26899448
1.32872825
3.62526059
2.17132725
4.21587521
2.51000194
3.78983323
2.79492363
4.25495927
4.15454173
1.37861933
4.06933668
3.18509456
3.67711413
1.42916942
1.12798027
3.24865563
4.64263790
4.16204109
1.51863659
5.00720091
5.66398795
1.59481156
5.72181606
1.02840533
4.05683216
2.06132343
3.13029681
1.50090413
3.49727086
1.62780300
4.97802606
2.48509141
3.86798308
3.61920875
2.95979340
4.58894888
3.55633414
3.57211083
4.77862233
4.98527651
2.52526513
4.58058699
2.89059511
4.26064873
2.13781103
5.95881199
2.11299712
4.35116728
1.88307910
3.76173135
4.37866408
2.36351609
1.51100809
3.43071240
3.14590896
2.33358463
5.60202076
4.70537114
1.22931852
2.71440559
3.02382128
5.10064880
4.05321276
3.72948989
1.09037490
2.41817163
2.52907699
2.63972869
4.34808495
1.76523836
2.43447711
5.75850808
4.86314892
4.80945643
3.86877584
2.86093866
4.54507885
1.01185678
3.15655360
3.96327954
3.56870718
3.45977322
5.57042309
1.63562487
1.28621512
2.86014131
5.08958506
2.73636236
4.36861377
3.04516992
3.76892410
5.24619673
4.28072402
1.87033074
4.36686135
4.60179823
3.85433868
3.12781317
3.90098610
5.29727767
2.74145434
4.62926991
5.53235333
5.59234511
4.24502892
5.09584753
1.41718062
3.83957041
2.56170086
4.19092211
4.23467740
4.46377097
4.23359316
5.79515855
1.35931465
5.08209546
5.78026847
5.40174810
3.98366491
1.07549296
4.53389536
2.84296928
1.83393337
2.38634531
5.87877923
2.08232645
4.90563276
4.04223762
4.92989951
4.74796472
1.36394894
1.35503731
2.48452567
3.76510516
4.41587307
4.72428783
5.43815489
1.78390492
1.61406203
4.13478911
3.14397027
1.10419052
3.27180196
3.77427304
4.06805761
1.07345262
5.06181431
1.54618097
2.98628833
5.17659432
5.57762934
2.79635020
2.59987152
1.53620729
1.82478229
3.33630984
5.31314787
1.68537675
2.98133318
2.19901277
4.79853829
1.23970271
1.05559445
2.71808095
2.43021733
1.55363732
1.53714408
2.03565670
3.54185316
1.26439121
5.08012594
4.41712300
1.37768882
4.56432231
4.50166736
5.52742197
4.46463007
1.45340302
3.78039644
5.69135399
3.62140109
2.55433245
5.68919217
5.05071970
3.90602642
4.36513504
2.61236914
2.21986493
1.23294393
3.21243047
5.93165864
2.64724497
3.19524496
4.38148875
5.10002039
5.37692974
4.61642191
4.75896358
4.67117632
1.57716624
4.62137669
4.24684275
4.66072147
4.21358999
3.43135275
5.70143167
4.75790866
2.08657303
1.80619606
1.32261105
1.19314603
4.46340382
3.01547219
2.46344764
1.13356050
3.39815392
3.63426623
5.53950371
4.99758822
3.07058904
3.32801430
5.97565180
3.25062721
4.95946772
1.39275923
5.41437230
4.29974884
5.10793104
1.21333285
1.29565808
1.80998597
3.19606120
3.33394268
2.57078792
2.91271840
5.50846668
4.62652640
1.99012522
2.69433180
5.41707747
4.49633154
3.96226559
1.39805805
5.77909609
4.36702661
3.36556185
4.83238246
5.10888959
2.30605047
4.44431404
3.47555102
5.79591480
4.83290601
5.67549004
4.14869856
2.62768482
5.22799881
5.47625576
4.38236932
2.90019932
5.33795859
5.16010732
2.73638691
2.26481530
2.54695768
3.55602783
4.39607211
4.82061992
2.62540318
2.19060307
5.93487699
5.80912181
3.23182489
4.50093951
3.81202422
4.44139497
3.36635669
1.89380063
5.10238243
4.06832774
5.77171086
1.88462836
5.30449494
3.11774179
2.64802100
3.42381202
5.54258114
1.33699101
3.87067511
4.82522217
5.80186935
5.10911959
5.73582426
4.52590814
2.27746973
3.51139248
4.94843019
1.89197966
2.77007605
3.75740084
5.73555415
3.20382244
1.15326957
3.45212976
4.51738637
4.15744854
4.12450736
5.28124781
4.18581762
3.15522223
4.12368383
2.28307614
4.69195768
1.36944512
1.87937947
3.48961183
5.07795845
4.18109686
5.47472678
2.59075503
4.33409648
5.85192531
2.09465250
3.33641333
5.32986082
3.00332816
5.23776825
3.95107062
1.64957073
4.06608236
2.69430167
3.04510140
1.33186403
3.84072369
2.08235839
2.86072650
2.42254510
5.77277264
1.30590318
3.52593231
1.83731030
1.69730936
5.58781938
2.98855432
3.51157363
5.43463586
2.41016986
4.99044680
2.18704452
4.60769331
1.96251282
2.68736525
1.72815893
4.88104231
1.79024396
4.03676690
3.63648173
4.06282874
3.01211349
4.91982775
2.77957948
5.33126495
1.53422585
5.03597346
4.39565477
5.50551892
5.45314171
5.15226562
3.58073353
5.63103993
5.67058962
2.39396621
5.89695177
3.13852339
1.52542881
5.35816103
3.92529510
2.00494474
4.90480834
5.19484888
3.77204967
5.32913959
2.27711178
2.04853778
5.25452434
2.76178885
3.87668362
2.85102245
3.04884708
3.62265039
1.87817523
3.20929082
5.07262132
4.21247726
5.87154584
4.69181026
1.17099653
4.79304304
4.86348055
3.17591841
5.43055941
1.56957305
2.99466365
2.91657944
5.59693313
1.46292099
3.31364415
5.81400420
2.83588114
5.79505058
4.45687282
2.01996341
4.95209344
2.61554568
2.65204841
4.89918706
4.94398622
4.24749675
1.82060662
3.66593133
3.98731532
5.80046079
2.96869095
1.30324690
1.44698848
4.55228320
2.81918172
4.04409052
2.93820628
3.00016733
2.57649959
4.49332572
2.69926528
2.37799803
4.68836561
5.98574877
1.28456492
1.97883341
1.86316249
5.93919348
4.80436969
4.74969132
3.83792305
5.54890412
4.37573671
4.47503819
3.42144441
4.29885898
4.13602287
1.16425412
1.14201142
2.40047006
3.91708232
1.82906516
3.92338237
1.71571692
2.57645062
5.09551650
1.14096634
5.13068495
4.90453377
2.55127553
4.24867554
2.21081238
2.12837542
3.48641572
4.02319098
1.62879502
2.24851006
4.94160811
1.98500619
1.99169514
3.99252152
1.52285108
1.39453431
5.83074097
5.04526150
1.16126764
4.58795048
2.52472647
2.70053816
4.36860800
5.54371538
5.51871868
5.23300814
2.13617925
2.22055947
5.43059190
5.45379243
1.61299904
2.17602274
1.40912531
5.21203511
5.33780242
1.58761302
3.66316396
5.44153034
3.94263564
3.41368975
5.50954269
5.91220423
4.84041301
5.93697069
1.01974962
5.59745150
4.99600964
1.25001863
1.65705041
2.75813826
5.09497831
1.82036599
1.80614761
1.00178973
4.49432949
1.59549780
3.26930169
2.01163109
1.58826482
5.18841194
4.44283168
3.94653871
1.56432151
5.56782910
2.64643596
4.06263381
2.97183486
2.93950793
1.94896621
5.55450873
4.67847237
2.75395320
2.65604218
3.39446382
5.34910315
1.14975971
3.57885149
1.77844751
1.83545446
5.81083348
5.31502819
2.16568067
5.19964056
2.88094611
5.41078627
4.60450471
1.48824140
1.97293053
2.65139151
5.63036945
2.89842751
1.69598824
3.40122616
1.34486698
1.29968676
4.79797121
3.28552787
2.96036926
3.95377541
1.80629837
5.31750686
1.02743697
3.06510448
3.80878823
3.41485437
1.43728130
4.94114992
2.13280805
3.05029190
2.07597677
3.08865520
5.57767793
3.31716466
5.44888790
5.65114566
4.48239643
4.08229514
4.72218295
2.93510837
2.25089598
5.10727433
4.25391064
3.19837736
5.52386206
5.35271901
4.90170760
5.80081552
2.52458236
4.28815520
4.07083284
2.75406836
3.29250296
4.40724000
3.75918607
3.75749585
5.65957917
1.63189788
5.70080817
3.16863273
1.55979182
1.56126361
3.32287965
5.81970072
1.26127637
3.10748255
3.61147437
4.04156309
4.57455508
2.82956142
4.40758774
1.17158951
1.25179273
3.94147859
1.18778781
3.77445173
5.41448636
1.58829392
2.36503133
5.96091466
5.72547083
3.45443433
4.69779139
5.80898836
3.48174674
2.33581294
4.92395614
5.82787960
1.20483710
5.05985869
5.42552531
2.60529325
5.53382619
2.50652841
4.04775106
4.78379860
3.20284969
5.74433725
5.39008711
3.95696038
5.06076238
3.06751486
5.48542403
4.18925354
4.94842858
1.46646584
2.09914409
2.96770074
1.80223485
5.59042333
5.50232444
3.40370797
5.64593479
4.21892537
1.87699829
4.43049143
1.74297457
2.64165553
4.15004839
1.18830447
4.71543670
2.99216230
4.46160097
1.45365206
3.03235066
4.67164718
3.37050931
4.14083714
3.09927396
4.55977964
3.78171049
1.96928547
4.94391794
5.10949839
1.22720414
5.32665645
3.92160111
5.87488422
1.10468418
2.23803526
5.22313100
1.08207963
5.61725133
2.84152941
2.55126478
2.92327627
2.08719196
4.63012857
5.96635200
5.07713208
1.94082458
4.30224371
5.44454048
1.12350843
3.66543612
1.81618789
4.53170179
2.95777229
4.39015241
4.20800991
3.03292666
4.79548135
5.18825850
4.04231145
3.90222533
1.01120126
4.76830102
1.75048158
4.37236577
2.83838431
5.72581353
5.39243729
1.40426454
4.17730894
1.05850460
1.97247887
5.28393363
4.56542931
1.07828194
3.85702183
5.72885363
4.25325564
5.33785402
3.18526644
2.29221068
3.63696817
4.66339737
3.63057929
4.81137350
5.70800263
2.06470193
3.25150269
1.80622034
4.21522258
1.17835459
1.35164396
1.29462416
2.76615458
3.26718893
1.72574232
2.68899142
1.83299763
5.71096503
5.97723298
3.03289549
4.63336729
1.72084264
3.91664043
5.62547388
2.02539015
3.81672236
4.64990289
3.38953901
1.13596491
1.82624800
1.69477158
4.52470857
2.51764364
4.98273740
4.26900886
4.93796477
3.63530109
5.58333438
4.31724306
3.58082379
4.69394234
2.86629887
5.51879099
5.59590975
5.85278945
2.80687171
5.67504720
3.56860340
2.19107746
5.72511314
2.83442804
3.20524562
1.20441939
5.53831479
2.19136315
2.46304279
3.76755939
4.54807306
5.20321413
3.11451599
2.39396359
1.48218180
3.10878419
3.54848122
4.09289019
4.54970286
3.80152991
3.42881492
5.35197450
5.23070004
2.10071236
3.82157080
4.78335133
2.90822298
3.25929519
4.26154024
3.13305761
4.03849845
1.02692756
1.69351412
3.87980235
1.90647554
3.82210571
5.55497748
1.09679985
1.96967384
3.22560429
5.76067469
5.01962662
1.97674804
1.84727219
2.83159166
2.59812219
2.36260415
4.99381440
5.73883587
2.79910102
3.55482977
5.92349569
1.59532637
4.50071616
3.74342929
4.85582021
2.54505627
3.25410715
5.11543233
5.44492872
4.02213122
4.10261449
3.56716675
5.85322764
1.96224111
3.00624198
2.29040232
2.69888717
1.06136092
3.52583690
2.47597622
1.41333509
5.33522101
2.42802692
4.56295154
3.44249405
4.11461066
4.27244246
4.13713419
5.36177877
1.32330172
2.17505440
1.68542646
4.54705109
3.06597486
3.48721078
2.15882646
1.34284154
4.87291998
3.61455213
1.68493589
5.57995054
1.60763786
4.49256482
1.07991341
1.29555729
3.27521257
2.04898559
1.10045263
4.17245455
1.53712705
2.37423861
2.99036953
1.70600904
4.43697765
2.18995995
5.93680160
2.68768563
4.99748108
5.79658416
4.96214595
5.11598418
4.31967927
3.08182329
3.72524393
1.05668682
2.48900727
3.81430201
5.15575123
2.81541609
3.88981773
4.60601364
3.04716348
2.69142627
4.90122453
1.22277076
2.21589271
2.78080703
5.87516046
4.81633292
1.90665883
2.11213632
4.79600978
2.95204166
3.38006769
4.74409264
3.13499996
1.66197146
5.42964101
4.34239284
5.71788786
2.15995451
1.59704036
1.78617422
3.52877708
4.14924753
1.52133380
2.22885611
3.41482680
3.01772235
5.88768739
5.04661043
5.80608002
1.67466684
5.33087055
3.63361049
4.52282196
2.70672252
2.17874206
5.02572574
2.24220107
1.13104760
4.65097816
5.92555528
1.49997481
2.85812253
3.90051350
4.52765865
1.50710518
4.44509737
3.72253596
5.36331513
2.39069367
3.56735994
2.76270466
4.55263809
4.58183616
4.44896853
2.31809373
3.81565393
5.35806578
3.20338570
5.30799927
5.39404245
2.42505829
4.41996002
5.44523047
4.80639159
5.84237184
4.50797139
5.09113527
5.83056078
1.54360306
1.24167309
1.53993189
5.09933899
3.68613615
1.94327126
3.64172875
3.62604184
2.63456237
3.94657025
3.61196196
1.95478163
3.61102725
1.89622055
5.74215940
5.55938195
3.04264173
3.39402641
3.45850029
4.79255866
5.03934587
1.18624229
5.98737553
4.90406839
5.91515859
5.01960233
3.77911433
3.28779906
1.42275893
5.34812544
4.09152328
3.66176060
2.63824306
4.96041106
1.80443200
1.90389272
4.97336008
1.37482767
5.96685182
5.92655730
5.40146986
5.41808845
5.89267746
3.53328967
4.98705931
5.00534688
1.22339293
2.51636286
3.56432258
2.86501964
3.45252939
2.27023634
1.80672588
5.23069619
5.42346054
5.45503235
5.88656276
2.63111415
4.51755819
2.38057334
3.89243076
3.46640756
2.17306234
4.02373993
5.63574869
5.52756238
5.32679532
2.26223491
2.44855672
1.80288007
5.94286278
1.92228115
2.09882017
1.47064755
5.35778485
3.60610587
1.60246595
3.89527933
1.38438336
2.59078511
5.10083784
1.56282730
4.41276419
2.07040730
2.23683696
3.39258530
3.84267322
1.93957830
3.77263714
3.76993983
3.57541789
1.57279811
4.24770467
3.33077610
3.76472977
4.61970738
2.01032919
3.20253045
5.13494520
4.78289511
5.23265897
5.62802652
4.76349599
1.53889384
5.83325249
1.06593449
1.91597900
2.56392972
3.40857945
2.72018997
1.22030802
2.58745915
2.17315133
1.58789363
5.85719052
4.96577541
3.91570541
3.46272376
1.49421339
4.48602459
4.51602873
3.66412299
4.14821133
5.91259519
5.58476252
2.70060795
2.05462715
4.30155557
3.26929343
3.58138718
3.76380067
2.95687443
4.72628906
3.37069856
1.16434016
4.50058587
2.74049259
1.98428404
1.82598328
2.38761964
3.54622673
1.65134691
3.11294043
5.41822296
2.19009338
2.24607530
4.87917977
3.58401976
3.39926288
4.51200704
5.43625558
5.71880097
5.55944892
3.58554433
4.88014827
4.79688177
2.26133276
5.04094416
2.05547109
5.80881380
3.17625550
5.64100141
3.48385309
5.51866849
1.53511253
4.14204741
4.83012603
3.23502610
4.00348026
1.76919790
4.04817313
3.26898158
4.59725521
2.59214117
4.64223482
2.86042592
3.82391012
1.08105103
2.68465933
4.97584886
3.35354416
5.03807933
5.81433046
3.05794809
3.14114467
4.15772191
5.64934756
5.17419030
4.48806008
2.28829804
4.41227140
2.29666317
3.52902777
4.50972976
5.39693032
4.97135287
4.07487972
5.21639274
1.79420137
3.31739248
2.67518429
2.14842618
1.71338707
2.14562006
2.76574614
2.74467602
4.64009804
4.60447525
1.44050030
2.13329374
2.49647045
3.84711735
3.87457243
2.71356356
1.63189360
1.05767950
5.89505718
4.64017395
5.97024202
4.16155077
3.34956256
2.96802579
4.95219685
2.65301419
3.49220148
3.96467014
2.39914839
4.27573106
3.85615483
5.70523386
1.83019364
1.45346532
5.30610485
1.93161152
3.70892523
3.14985177
4.98891554
1.02791884
2.48634907
3.59044482
5.58433964
1.42560527
3.82591370
1.45500519
2.98793201
5.73585387
1.01308186
3.78400621
5.75566810
3.18934412
1.01317063
1.07543559
1.25517624
5.66325956
4.97662837
5.60464696
2.48441477
3.65547761
1.01105064
1.70354491
2.44873237
4.33282349
2.83586010
1.00178304
3.37646350
3.38449558
1.38173541
4.97168163
3.97770257
2.34741546
5.64686598
2.63374661
4.51809261
4.67521350
3.11148187
5.16825935
1.32802859
5.77847061
5.95765726
2.23142364
1.16753323
3.09608932
5.24115836
3.87676686
2.81938734
2.83540309
2.29539980
2.61241380
1.62030826
1.05474278
2.07493439
3.85474758
5.12574117
1.31330395
2.20912534
5.03486046
4.53308058
2.07968809
5.35878659
5.13584140
1.18704536
4.71656706
5.45392041
2.33986454
1.81691175
2.23243204
5.72478035
3.69149803
5.99703704
2.54397777
1.58813828
1.77866118
2.59950370
4.99973000
3.66388346
5.02998622
1.17195179
4.99618980
3.00322608
4.55550434
3.70716813
3.13493281
5.31936509
1.83883897
1.18743591
4.32940595
5.21630643
1.93946954
3.63094015
5.22399840
2.48462998
1.19289068
2.71584444
4.22946946
1.12869955
5.30815089
5.01742451
1.24588241
4.34363507
2.95357735
3.60353660
4.91846304
4.88911873
4.68349417
5.36363464
5.07866294
5.70883225
1.77618716
4.69770242
5.23130341
3.99831898
2.20477324
1.79625667
2.77189475
2.79087801
5.62026372
5.96467611
3.61270974
5.35252551
3.55598265
3.57944249
3.46232952
2.87614755
3.82438055
3.13661361
2.88531503
2.04601557
1.62468519
5.32140755
5.05427869
3.69238791
2.66002054
2.48083368
3.72758021
2.93877409
2.61661845
4.73878141
4.21753651
1.70964136
5.82030986
4.20604359
4.07556103
1.24319035
5.48513023
1.28883036
4.87492148
1.15286735
1.52787158
4.50209262
1.12546890
1.69430989
5.85677830
5.99334396
1.15813469
2.09448806
1.86207964
2.25481831
4.26435703
3.24120266
5.64419558
3.35414856
4.80477467
1.64937959
3.50950965
4.08497210
1.09415420
5.63255539
4.23458731
3.39888328
3.15098854
2.01162757
2.43239852
5.53013328
4.73965877
3.76764282
1.52699283
5.59684543
2.24338014
2.85166296
2.92844044
1.92094166
3.84399657
3.24437962
2.16370948
1.64838452
5.15043636
3.43419062
4.22126265
4.79790148
2.05543646
4.15920145
4.06104271
5.97749556
3.29787357
1.72162010
5.07443975
3.57243082
1.39734853
2.89907050
2.79181108
1.14593460
3.58394654
3.69450506
3.96292116
2.55575275
3.68847986
3.41394801
1.50680143
5.35835091
1.14990305
1.14979445
4.06426174
5.46164628
1.14361413
5.26862263
3.90463434
5.74160260
1.98740780
5.32949569
3.74806150
3.03399698
1.43507142
5.64583098
5.26926613
4.15759375
1.05890015
1.88664660
4.34553563
4.55750924
3.83339528
1.40815303
3.79161905
1.94764351
5.28849053
4.91229020
2.77215195
5.67986368
1.57096521
5.32421227
1.27659696
1.20756923
1.65014110
4.02644288
2.05478840
3.20602539
1.28516251
2.62525729
3.90900947
2.95633760
3.63651709
3.87784363
2.98087884
2.32033044
3.29810893
5.18124824
5.01169319
1.88730980
4.63603543
4.80156882
4.94053097
3.04939992
1.57788762
5.77111866
2.67638408
3.27977815
4.17727831
1.85039386
3.57361604
5.69885274
4.50154659
4.16992993
5.78266102
5.09966425
2.61907971
1.94507989
2.06234531
4.47921026
2.00307582
5.08618253
2.24254572
2.33191980
1.67123372
5.48056074
1.82586415
4.58130764
1.33993937
5.35559504
3.31811039
1.16334366
2.12491382
4.37930201
1.97691010
5.56894884
2.54963471
4.23320896
2.55670954
2.77320029
1.35353327
3.29990117
5.19159691
3.12646380
5.69314216
1.12372396
2.27321849
5.19019686
1.51391721
4.48829442
5.62190227
1.93124853
5.19501769
4.65051544
4.58092637
1.93804780
4.93429758
4.60073281
2.14645234
4.71629042
1.99027325
5.58683259
2.73249730
3.01802791
5.91978279
3.73198730
2.60871213
1.44510316
1.77607928
3.85822278
1.97967885
2.16558661
3.13759469
2.84903881
1.73270614
2.94141749
2.44171464
1.57327425
2.29520273
4.26926803
3.86350577
5.85980678
2.13490940
5.29839570
5.71307990
4.85031633
3.12258798
3.35385348
5.67755051
1.63826611
4.26696477
4.93706000
2.19848060
2.08076337
2.82932293
4.60581455
2.69122508
4.48159963
2.22739772
4.29104648
5.36027752
5.20533509
2.73616748
3.55783729
2.07003052
3.69182979
3.17151578
4.76471837
3.46239185
3.57743328
2.48008312
1.75034937
2.48435484
4.25367039
3.52719515
1.84409414
4.25654369
2.04850138
5.04056357
5.95165441
4.17833038
5.92213597
5.39027286
2.03496791
5.07049285
1.03324069
1.01890461
2.34444933
5.59044332
2.43774319
1.32677820
2.66002157
1.04944161
1.49810330
2.70721748
2.97517230
3.89131267
1.05393575
5.35025314
3.46664954
1.57714987
2.06452939
4.11875531
4.21380120
1.42319702
5.09066092
2.07092671
3.47963959
4.36620344
3.72894272
3.47338845
5.98539385
1.83242759
3.81982278
4.92952417
2.57777437
3.35726713
5.07456561
4.64182943
1.11083354
3.68010720
4.64263426
3.03200734
4.88084064
5.40504470
2.28566114
3.74947447
1.23291502
5.49805481
2.23568674
4.39255815
5.20345476
1.75405863
3.77285750
1.52549375
4.50507814
4.62611652
3.12185291
1.37063296
5.56453517
3.52025292
3.77875601
1.05506844
5.48376812
2.72360416
1.96393556
1.75393094
1.03617412
5.79481316
2.95607142
4.35243803
4.49157337
3.59176318
2.78327171
1.29263551
3.07308310
2.57448837
1.59609997
4.61968717
2.10696346
3.87581265
4.27229850
5.53130317
3.88370813
4.49808999
2.93335729
4.19096691
4.38762213
4.33424009
3.39938399
5.51328993
2.38653291
3.33173402
4.76277554
5.98411067
5.94804160
3.66967521
5.59602297
3.34862120
5.84000985
1.29578263
2.47889565
3.79137107
1.08821668
3.40980662
2.97079483
4.73972640
1.34198082
4.66433262
5.58203768
3.93826940
2.80894896
1.00844676
4.21127725
1.35047527
3.06437115
4.59348839
2.69447896
2.72431486
5.75044305
4.20599037
1.11440649
1.38246875
4.32136268
3.84754798
2.19021685
5.63161678
1.85454911
2.74515305
2.02757186
1.88855233
3.36417305
5.99262100
1.66493948
5.54717810
1.87717736
3.78201646
1.88702879
1.20703618
3.15299084
3.71508835
4.65837498
3.19192460
1.76608235
4.76404783
2.00701196
4.44112115
3.27653740
5.19770392
2.28923644
3.58428945
5.37038674
2.16590188
5.30222663
4.13654609
1.67214876
1.94902911
5.77352682
2.68843875
3.96188594
1.28045373
4.21819328
2.22648713
4.84419241
3.13228188
3.17001477
3.40698891
3.62434711
1.25665238
4.29821752
2.91625527
2.88605567
5.27757237
5.13223930
4.77533283
3.70568768
5.75742451
1.03255416
4.47135437
4.78086462
2.28688794
4.94444811
2.59945691
3.22909059
2.97999939
1.41463118
5.85097714
5.18851385
3.85408104
2.67942125
3.85139711
2.42278519
4.33766605
4.47099606
1.79503240
1.22150966
5.82250389
1.93917848
5.89624746
3.35439477
3.84611449
1.93594415
2.32631246
1.56955104
3.59082480
5.32511609
5.07190030
2.04442338
5.18915364
1.20858522
4.67042522
5.75269441
4.45295117
1.53216505
2.27746300
4.38462660
5.55773888
2.75940158
2.32463100
3.26537050
1.72087543
2.77210997
1.04856173
4.70068278
4.66288310
3.24514779
2.42274000
5.91844302
2.62965004
1.10425471
1.10750823
3.87475316
3.81716547
3.74523889
3.64674167
1.79392112
3.36158913
1.18716773
2.57357135
3.58219098
3.66119309
4.74957111
2.72685304
5.89685929
3.05218434
4.96328672
2.90336066
4.39783197
4.98051091
5.80701567
3.05018868
5.82140020
4.35311322
5.84870944
5.20359508
3.29096990
5.11509634
3.08562341
4.06427045
5.54283798
1.02810951
1.12354411
2.81829515
5.35429334
2.70771526
2.49987447
5.01511111
1.80500132
3.14535470
1.40373979
1.03970301
5.50073126
5.96905704
4.52710471
1.10062105
5.49217737
2.70544122
5.32336420
2.42700013
3.31332711
4.25670658
4.36453680
4.34860352
4.85721983
2.00684834
5.86684287
2.53915798
3.24693287
4.57165212
2.67014119
5.44461899
3.52240579
3.70126211
2.16372087
2.89802293
2.95668649
3.57016821
2.78484902
1.33851500
3.77702849
5.32896160
1.99405496
2.69500197
4.66690800
1.87055377
5.05043561
1.74943364
4.86563446
2.14988430
5.75059092
5.13948161
3.19522128
5.80334592
2.61669048
5.66762418
1.69323568
5.29887396
2.16442774
3.41937787
4.51038067
2.31027073
5.97328632
1.61740415
1.66874923
2.69400502
4.72391722
5.00398101
5.52845318
5.44133277
5.34605649
2.79912777
1.26533874
2.71476824
5.40209436
1.46652410
4.24067909
2.83108595
1.06418733
5.26903625
4.29625369
5.44229286
4.05598089
4.13867035
4.21750557
2.65426883
2.03412858
4.04438004
5.88718495
3.21667122
2.67165100
3.73137957
4.04695985
5.86762793
1.54782190
3.43721883
4.67107609
1.41684225
3.50199536
4.56637990
5.34170022
5.03889362
2.80714458
4.02382075
5.83875262
1.70638128
4.07966638
1.25973648
2.58775533
4.74551344
3.76326220
4.44759765
4.34865269
3.51393358
5.08573440
2.58377433
4.30913357
4.39488847
2.14888099
1.73202916
5.83136477
5.22992042
4.11513160
3.80587853
2.78615694
2.37449900
1.92318752
3.94604387
2.51959996
4.50153644
4.50300698
5.06246009
3.89154495
5.68444641
1.75356014
3.91784138
2.89164795
2.09594814
3.56166304
4.27364189
4.49694651
1.63657859
4.62493355
2.23415477
1.63628814
1.07699363
3.82579125
3.73898440
2.35378934
2.82350720
5.19699472
1.99046877
1.02954868
2.50357481
4.21427059
4.87683662
2.36598845
3.36746528
3.12118523
1.67372415
5.85862866
5.50832321
5.38984019
5.57966341
3.74822706
3.45309482
1.18378205
1.16255487
1.63572001
3.45301194
5.03350385
4.35496584
4.70219518
5.32989401
1.85812557
4.12112004
5.01438797
3.88257632
4.24857148
4.80617687
4.94434302
2.33919501
4.62836064
3.04110817
1.05359066
3.21249679
5.86978876
3.08018036
1.68237826
3.07718325
4.28885314
5.85250710
4.26934014
2.48468805
4.07605400
4.66786696
1.46390792
5.54961034
2.32774166
5.37724847
4.27142933
3.11492903
2.39076715
5.39140606
3.70929780
1.10549289
4.46988055
4.94085121
2.20257095
1.33025914
3.90190358
4.54667869
1.69199392
5.05623039
2.48372759
5.18570419
1.17971659
1.95765665
3.34445171
5.99158170
3.24322259
5.19321599
2.44852644
3.54564384
2.48224577
1.37570565
5.56090034
5.48067945
1.53415739
5.91115436
4.83243073
3.94499811
4.33913692
5.77884893
3.79100892
4.74394454
5.92731346
4.32594176
3.94901367
5.07628366
1.83715383
4.42921443
4.24014026
4.69209508
4.09010104
5.64510381
5.63890404
1.08925916
4.70450331
3.28389376
5.43598242
1.70330129
4.32714243
3.10542732
2.36508590
3.69005275
4.51934133
2.28594175
2.00653345
2.20580013
1.41412813
3.03656288
4.31469675
4.50259762
4.24992706
4.69525684
2.69776920
1.71822201
5.10466004
3.04101582
3.56695532
1.08562524
5.95314597
4.11089246
1.69746157
5.14419965
2.93270115
5.90008359
5.91614728
4.22698135
1.94054510
4.29924037
5.64216140
5.44009422
2.94692348
3.62193827
1.53039394
3.05304549
5.76594530
3.59291752
1.05740693
2.78444013
2.58941744
5.04219365
1.28122595
3.09455044
1.99611751
4.46307859
3.41676587
1.07497498
2.06989793
1.56893671
5.29578085
5.74111360
2.89593147
4.89326701
4.50336575
2.96388704
4.28771438
4.03334432
4.06274006
5.49530791
5.89180765
1.39580779
4.31811426
3.71417828
3.61764362
4.16364615
5.26491815
4.10311562
2.97222479
3.91213641
2.40185816
2.91980641
2.70161653
1.94433584
1.41571365
2.99112379
2.04145731
5.42634816
1.12427603
1.57953524
4.77720120
5.05417281
4.34342785
2.48183598
5.66263878
3.89664351
5.24034734
5.14918809
4.02483726
3.69565783
2.59675474
2.98699031
4.60866962
1.07223514
2.82578682
1.01926475
2.92948780
3.43530611
1.93654234
4.79478967
2.18440890
1.91367348
2.57588031
1.37464807
3.72854738
5.16818226
2.23322219
4.17046541
5.39101198
4.67243762
1.38770486
4.59039187
5.65651632
5.00180203
1.30610096
4.28061159
5.67319785
5.21102963
4.14376298
5.20234742
5.89812329
2.72364653
2.52000499
4.93024234
5.22265162
4.85770058
4.67560769
4.06365164
4.92525052
5.57317515
3.29656507
5.26754070
4.60568959
3.99032730
3.00908179
1.55786531
1.21918706
4.28336395
1.10172632
3.46478271
3.84073632
3.63184964
4.17834193
2.68681574
1.26840830
5.78843710
1.93786417
1.92493636
1.97108478
4.61506841
3.14388460
3.48596362
3.18325104
1.61359939
3.89818489
5.79195049
4.66083270
3.33749502
3.66033837
3.54237945
1.28252576
2.76921868
4.93288565
1.45876438
5.38681009
4.77733425
1.31283322
4.40018074
4.58327948
5.96604740
4.63084614
5.37058451
3.40673465
2.27957244
2.37630508
3.33554655
4.26359444
2.14971337
4.53742053
1.71199034
5.85375389
4.64653381
5.65014014
1.36819184
3.86947964
1.72185035
5.30819566
5.54494694
2.03995438
4.28015838
3.98111087
3.44844946
1.30058442
1.37187956
1.84037775
5.63081758
5.34634075
5.52364542
5.81060193
2.51887335
3.43563481
5.18759419
4.42776750
3.52298522
1.93420856
4.93799731
4.76767175
2.59654232
2.64716549
2.64433911
4.95207954
2.55770747
5.93275738
5.02438888
2.07754179
4.15700898
4.40629194
3.19171918
2.15265974
2.09934501
2.74021212
4.86617830
2.36565278
2.92310443
1.69193927
1.46340966
4.10845035
3.81211940
5.62064241
5.31476595
3.31047388
5.67157484
4.99511619
3.62978318
4.22034989
2.83407156
5.88609214
2.68139856
3.53379784
3.86779142
1.34749435
4.09470828
4.19891183
2.51990795
3.62355250
3.42240632
1.11530170
2.82354126
2.00472501
2.60701498
3.84162255
1.89793711
4.15873436
3.01825139
2.17869989
5.64517194
1.17859737
4.91376386
2.72579634
5.15231481
5.24351734
5.14715689
5.11986321
2.49912853
2.53831414
5.32659518
3.34742190
2.29533172
1.31137480
2.34197602
1.23282406
1.66918705
1.08983223
2.00407583
3.70309154
4.73549300
4.06499608
1.59435160
1.73763519
4.51445442
5.49338823
5.37210206
4.84144154
3.67565514
3.14274901
2.83310693
4.52459627
1.75947009
4.89300005
1.91105665
5.50232853
3.19150067
1.65554753
4.85419954
1.30240914
3.55751071
4.90790830
4.53256008
1.61626405
3.44414709
3.99311145
2.11746000
2.27336974
5.46546429
4.57459241
1.95029554
3.15342603
2.77170225
2.46852678
1.85072858
5.95675150
1.85340633
4.72916885
2.81852833
4.59086293
5.38309353
5.10243744
4.11489314
1.34208188
2.34427581
3.58365031
5.96858111
3.10830317
4.04351431
4.14312065
2.88372233
3.17706047
5.63881460
2.07571680
5.81766657
5.52727929
4.49434646
3.77612030
3.78027879
3.88041423
3.52819958
4.96032136
1.95612021
5.97507322
5.39143354
5.89703460
3.88708759
2.31803202
1.03156212
3.56262507
4.03821628
1.28428586
4.27409461
4.80347601
1.01012587
5.49126767
1.41785556
2.62542777
2.40839053
5.23063102
1.49328463
5.20714338
3.92709015
4.05934758
2.38129667
1.76043304
1.38883427
5.86585083
5.13082270
3.07436810
1.48828862
1.55336572
1.83687275
1.65135748
5.83606457
2.41944633
5.73262522
5.47341811
1.96389605
5.13739595
3.68717181
1.35806659
2.44321633
4.52221399
5.15739659
3.83926506
4.74419985
2.83279816
5.48405866
5.83459115
5.32144236
1.84637585
4.00824567
4.86144229
4.39985622
3.24484185
1.16848554
2.10005004
5.63794840
1.66138762
1.96821197
4.55804290
2.19706616
4.01631760
3.01899153
3.39017727
2.51983048
5.27130620
4.90170101
4.01882902
2.43797158
4.48085361
2.57421050
3.06832269
2.05202281
1.82889475
1.81234401
4.78284538
5.45946244
1.29920154
5.61697300
4.08846815
3.00430484
4.61344051
3.66381266
2.86085225
5.77397645
3.23480267
1.31735339
5.37897223
1.91645699
5.51355721
4.67363544
3.02031428
2.67376349
2.66049228
5.32927856
3.65442901
1.35229479
3.17304106
4.98107731
4.12060430
1.64547758
1.88624709
1.02008092
2.86419778
3.50245233
4.03714594
1.56866068
2.01850230
3.15484983
1.95842730
2.08464335
3.74983294
1.87242599
3.37844043
1.98292062
3.85899229
5.76158630
5.20401190
3.55554984
2.80981478
1.53653049
5.28570617
2.75350343
1.42378114
3.11252559
5.47887257
1.66792089
3.35865399
3.37005959
1.56613381
1.45073302
1.62988587
4.13648138
1.82717851
1.17237864
1.31861448
4.79108474
4.54036988
3.05028516
4.25305711
2.72708576
2.06957129
1.51185206
4.89597108
3.84996517
2.80176469
2.68962540
5.49572896
2.35034008
2.71079586
5.78769831
5.36989039
4.99878396
2.16546803
3.00438218
1.12660693
2.35147031
5.49302052
3.63788201
5.86069515
3.55456501
1.24981682
5.02384187
4.58892768
1.26107480
3.91912573
1.03471968
1.14544419
1.73926651
2.41175514
2.08326864
3.70684610
3.11344281
5.13078833
1.58196237
4.35243198
2.23618712
4.09982452
1.37676732
4.41432727
5.69031291
3.64923476
5.15075494
5.69238367
5.44656177
5.09255866
2.62792301
1.28834241
4.69123086
3.67208375
5.64127635
4.27279333
4.06176453
4.55691420
2.89646723
2.58809033
5.10705728
5.86774559
5.29163065
1.49302514
3.18567666
4.39066562
5.76773549
1.98438707
5.53606605
2.91939231
3.27782416
3.53146881
1.04841849
1.90448936
2.08769716
5.20828897
2.83246496
5.44355973
1.35842996
1.01221287
4.34678471
1.55375917
3.00985401
2.45543591
3.31506076
1.34398932
4.01480630
1.07737092
3.42836277
4.14687161
4.41131947
1.55252325
2.78918149
2.15936460
4.92250137
5.79236796
5.90545519
5.73621727
4.71390610
2.62473329
5.84785936
4.52414379
5.66174221
1.07516595
2.84156693
1.23971038
5.81206479
2.29787854
5.31866840
3.48473724
1.33467158
2.16657927
4.39735972
4.74508636
4.16303428
4.32643105
5.31050138
2.09882507
1.20426172
5.04750303
1.75461576
4.41597351
1.13557573
3.95853426
1.08996140
3.49365720
5.60460002
3.16004877
4.25589399
4.94804220
3.44218242
5.33151509
5.97993407
2.36972509
3.19450695
5.30325397
5.00420257
4.61533153
5.89567025
4.73633647
4.62329669
2.80924111
5.13621238
3.65020396
4.66115199
2.10115059
4.83457059
2.69685207
3.29261186
3.18440845
4.97808194
5.47207627
1.86369375
5.52474796
1.35276232
4.47964679
1.45204295
1.95851145
4.90515081
3.35578971
4.54869026
2.35424038
3.94729585
1.88266877
4.49062025
5.23340291
5.59348775
1.46561201
4.53120211
4.23808808
5.36437728
3.94578023
5.44637649
3.02001196
3.16417819
4.72525215
2.92651969
5.19170124
3.27699659
5.58377649
3.62876162
1.39404289
2.67998029
3.68563484
1.43760652
5.04255892
3.96869945
1.06234440
5.32213708
1.94708227
3.26247403
5.29472703
4.14876241
2.56651879
2.42651773
3.71985316
1.21604043
3.25387837
5.22978864
3.79945779
1.27295533
4.33979262
1.16208943
4.38279256
1.85830195
1.44960419
4.66475947
1.58594503
5.29441111
5.98535955
3.68351452
3.53009544
1.26498535
3.44646166
5.52063109
1.90291429
1.12969113
2.20938602
1.83150863
1.43150301
4.84651539
1.81703216
3.75618880
4.11436666
5.29962852
5.80251808
4.17193224
1.21755360
1.02224581
4.93232469
2.06446661
2.39122497
4.66113418
3.62270864
5.30278861
2.13369742
1.29611163
4.56552046
2.51894522
5.57785903
2.99202433
4.48053909
3.28729940
4.08846137
1.15390046
5.85795918
2.90841917
4.35806267
3.65366226
4.81479184
4.46568247
5.02551045
3.91806823
1.29195944
5.66647810
1.79622725
3.67534721
3.07532671
1.62677191
4.63187348
1.65891503
1.12561223
1.12381237
4.84312817
3.91102425
2.82211151
2.93663619
1.43952332
1.41132782
2.61773365
4.32131935
2.47191268
1.41302937
2.70355365
5.12486574
5.48492332
1.28418710
4.30670988
1.81925192
5.74854925
3.84922497
3.69407672
5.22021699
5.36107365
4.57492530
4.60501393
1.82241647
1.34217077
1.65902109
5.25018264
5.60581553
1.72901318
5.71461534
1.03172108
2.51369357
2.74441537
1.70041888
2.38603708
2.33013656
4.15065424
4.76935840
2.52839635
4.74791958
2.79304089
1.38435289
5.07391265
1.46349671
4.46224966
2.31163059
2.48927457
1.20543373
1.98376070
4.72425000
4.84162102
2.83080646
2.82771322
3.75063875
4.38470021
4.73936015
4.50542056
1.34786266
5.96836246
4.67984859
2.09343663
1.67362639
5.16734122
3.97296061
2.94730785
1.32507567
5.27221768
1.76036321
2.11116798
1.40046121
4.02373781
4.21315880
3.20355680
2.65952536
5.13680402
2.89273588
3.30293838
3.79172644
5.46929427
1.44360306
3.23828479
4.47351157
4.14141490
2.39610072
2.91194561
5.37592880
1.28286833
1.54539968
3.07626688
2.28482275
3.43825809
2.72418627
3.11572530
4.07432643
5.33766004
5.96591488
3.64762763
2.33073554
4.86220565
3.32324729
2.47286205
4.20227088
4.00814843
3.81580898
3.94120108
4.63859068
3.66276469
3.07994139
1.03191480
2.01384783
2.51837154
3.82173192
4.30988154
4.47398768
4.71477563
5.76802500
4.85115273
2.83199185
4.34489203
2.69687504
3.72246000
3.91678140
1.09364090
4.63125885
2.66011969
2.76914105
1.59833751
4.31383953
5.27011246
4.62170426
2.99268438
3.65592870
5.93896703
2.19388821
4.18045173
1.57404755
2.31187875
4.31457841
3.11453841
4.18990267
3.79891684
4.43697557
4.44913938
5.06518789
2.28214199
3.25672288
1.88525238
1.35616227
5.71713908
1.75537106
2.12203446
4.48295333
1.38429077
2.77930133
2.11911340
5.18725970
3.41174834
1.28605440
1.20966872
5.36559270
1.15841817
1.04599649
3.10396686
1.57316965
2.93754749
1.62153200
1.89236380
4.94956629
2.23708350
1.44653838
3.48112122
2.96851959
4.44056780
5.72699058
5.44051752
1.90185866
1.49183432
1.45525358
5.76071847
3.34619801
4.92937638
3.19438948
4.52600143
5.31926887
1.22435866
4.40794380
2.84274838
1.11285566
3.90354433
4.29168293
4.58293400
3.70726335
3.06980872
3.45704233
3.50568170
2.61783075
2.72459033
4.91575346
4.24914032
4.66074271
4.85600948
5.95913790
4.47899432
2.49054425
1.22213657
5.39552889
4.35515629
5.66633898
5.80093756
2.73059584
1.43265117
5.33242760
4.19793568
2.11714564
5.42568208
5.83062582
4.13202737
4.97614708
4.99591556
1.26796009
1.22284932
4.15591162
3.21893654
2.41088944
1.47453354
2.25195636
5.75964666
5.52540957
5.41678068
2.50021297
5.45241099
4.78487394
5.18235066
2.56882143
4.12054453
4.57138509
5.75898540
2.04039913
5.54906799
1.94318024
3.17336281
5.67279566
1.79259901
3.36432607
2.89610702
1.27107167
5.98607717
2.72276339
5.78256782
2.65966734
1.84029580
5.02056821
5.39770499
1.61809271
4.63872744
5.82223876
5.65989255
4.38636921
3.17992972
5.60264174
1.95396526
2.45201953
2.38520152
4.14947313
4.81578762
2.63653270
3.64967213
2.84297364
5.11770518
4.18756245
4.17344570
5.24920242
2.55636189
1.67904176
2.96583652
3.40718052
3.86270654
5.39405387
3.74941473
1.44318337
4.25098881
3.72758206
3.16208272
3.77965513
5.46283210
5.55480693
4.30651836
4.88765214
3.63898854
4.86582155
4.45009756
5.02016448
1.99130328
3.01363258
3.43914309
4.01262830
5.70816186
3.24699943
3.84458635
1.49369368
3.09693817
2.73467507
5.96866965
3.75486866
3.06662358
3.80834092
2.36220656
3.21678484
4.63407112
5.77711589
2.45845335
2.63104038
1.18055503
3.35985599
4.13337184
5.69213627
2.20529696
1.84918721
4.54478157
5.01994924
1.86416715
1.71372067
2.35765164
5.01924272
4.72110481
2.95632632
5.58386936
2.03242378
4.98433763
3.51458047
2.68778823
4.67237301
5.68788823
4.99619323
1.55050107
4.04472221
5.48105725
1.61275572
4.34415008
3.62819712
4.10574048
5.17866424
2.62197284
2.35609441
1.50599262
1.19146951
3.04073731
3.50389032
2.58986545
1.36180496
5.44153758
1.50339683
4.74514432
4.41585952
2.64565172
5.03255764
2.62435666
4.79521663
4.67860088
2.52542404
5.81775126
3.11567549
4.40324101
1.55633756
5.71451862
5.35004066
5.18846352
5.91688602
1.03226410
1.94520484
3.51192340
4.25855941
4.62382685
3.09029648
2.82245252
1.14672602
1.73138227
1.58310958
2.88099600
5.58484465
5.86404453
2.00311875
2.74983021
2.43773949
3.97182119
5.84149824
2.98152690
3.71905775
3.15193576
5.85585038
4.02591713
3.01422012
4.36064794
3.04769712
4.86072812
2.08352814
1.65343725
2.48583859
3.07641175
2.22162466
2.50869584
5.74382590
5.60600302
3.62398009
4.50607208
1.35417177
1.76593688
1.80701395
1.76273977
3.61842319
1.82415918
5.11812331
1.34281121
4.90748557
2.77938924
4.22129295
2.64178656
2.64100822
2.04307414
1.91287251
3.33551002
2.19235731
1.16771594
2.06403849
2.72900607
3.61460563
3.34739850
3.34867966
5.63346938
3.25469820
1.09528806
3.73896891
2.65950087
5.79290070
1.02667788
3.67047866
5.99259226
5.13194399
1.07408883
1.02287525
5.29528408
5.82783319
2.54357173
2.45325746
2.87302909
4.70873455
4.28048044
4.57309977
4.19250686
4.12007862
3.72164430
2.48628831
2.32812675
5.35716434
2.92336049
3.40841247
3.04214905
4.63900611
5.70649957
1.66356276
5.61491795
3.12057563
2.06806611
4.09540272
4.90405798
5.46034302
5.97082915
3.71899312
3.62630986
4.22525736
3.81843045
4.75726796
3.75539287
5.63891681
5.41323872
5.62345831
4.97755237
3.91730318
2.31994322
3.09414767
1.13820356
4.59048543
1.44251570
2.12678716
1.87448849
2.02227251
3.67001378
1.36391606
2.51704462
2.90080811
3.84329763
5.28128807
1.74851127
3.21318941
2.50688231
4.71961275
1.34619755
3.41174895
1.18589755
3.82444970
3.06307337
4.74780453
3.79677115
2.43445618
3.79724564
3.55334650
5.57233962
4.02695259
5.67901730
1.39893607
4.14941568
4.36765026
3.61141809
4.19742303
2.60245511
5.02814766
4.71091642
1.45209625
1.86516060
2.53396039
4.61729165
1.80244786
1.59818573
2.78467290
1.91403830
3.98250052
3.85235464
4.83730038
3.09311021
4.30100964
3.34103806
2.54889528
5.31146438
1.14894720
5.55182345
4.91333775
3.35415425
2.05039338
3.85692995
5.27238045
1.00332125
4.95494615
2.06574727
3.59839031
2.70926435
3.22339818
3.12446635
3.49560863
5.89500126
5.82786529
4.81131698
3.80165257
1.25679450
3.26067286
1.98697915
2.13867041
1.43867144
5.45475479
3.20508901
1.50505621
2.87894307
5.43748663
4.01546230
4.14869216
1.40229228
3.58889921
5.13200618
1.24983440
1.24458097
4.21699316
1.59883045
5.18825600
1.16278917
3.00403843
3.26359882
4.79112550
3.64436858
4.86868661
2.12972625
5.46509518
2.06494158
3.42358898
1.66292722
1.61171707
1.05812478
1.82488912
5.80839825
5.40686133
1.99497669
4.09008794
3.54937311
4.68329706
4.99308339
4.42974961
1.30396823
5.17577540
2.48777633
5.66547214
1.59443518
4.24834434
5.33284410
2.10437456
4.29170371
5.99649015
3.41902760
5.36569618
1.68023021
1.46805669
3.70049685
1.50835206
1.72670823
3.93650729
3.62856974
4.63358317
4.67544830
2.54147964
3.66557070
1.02207080
1.61873890
4.13200816
4.67861151
1.24169302
3.46905773
2.34826552
2.51312978
2.80587672
4.03965749
5.49297263
5.37041534
2.49238345
4.25010157
4.80225744
4.24451098
4.81125022
4.12431836
2.64997616
1.62546620
3.14512973
1.83247538
4.92535869
4.99286998
4.42582779
1.91749334
3.32107083
4.88206525
5.85155956
3.69662189
5.16091368
5.11287391
1.92823236
2.07373040
5.38067186
2.26571000
3.21655041
1.35562565
5.64309194
1.84255088
5.61031737
3.63384015
3.70338641
3.46154473
4.12912705
5.65123745
5.02353283
2.63647859
1.29357010
1.38100073
2.33423751
2.44958671
2.71978765
4.64590502
5.02877352
2.03316598
2.02306066
5.62126876
2.70275123
2.05835564
1.20127755
3.89993380
3.18174909
4.24565374
3.96646327
1.63758088
3.45189107
5.64995568
2.93772030
4.10844797
4.06791894
4.55303155
1.97731749
3.53312703
1.99383900
3.16958123
4.36240641
5.32086910
5.16133908
5.02174162
2.90083743
4.70927397
2.13313839
3.27483950
3.82743049
5.27617659
3.54826613
4.09921001
1.50721764
3.81501388
1.01372945
4.30520486
2.11875859
1.76026098
4.89564374
5.19851909
2.93152512
5.65921021
2.24992378
4.45934177
3.20819768
5.32722794
5.70908840
1.53150659
1.68090738
1.29370946
5.39237975
5.71795498
4.83913018
4.22455773
4.30975679
3.14884802
5.63898713
5.25468477
4.85865664
1.78224755
1.75576703
2.92257197
5.03174274
2.40935178
4.05395490
5.79137380
4.12394064
2.59298913
4.78606307
4.27170598
3.90141727
5.92686774
1.24101136
5.81567042
3.32105154
1.85261888
1.57632978
2.99663232
2.50739102
4.43188191
2.66145194
3.27282657
5.43985485
4.39272914
4.55097030
4.98432772
4.90454375
1.93604205
2.15982669
4.66281748
3.04471923
2.21169794
3.63365297
2.63372254
5.21783153
2.10153056
3.44724928
4.53372037
3.84467516
1.55216034
5.41662962
1.40761890
1.12134754
2.79337311
5.41306939
1.92275359
4.55444619
3.49543033
1.80279610
1.66311025
5.56537831
4.43144320
4.52876349
1.93742007
3.27553973
2.21990704
4.67048259
2.83478228
1.00896260
3.96009489
3.47703961
1.94849577
1.10510013
3.30292090
3.82385221
4.10552176
1.98772594
4.01702754
3.19579242
2.20840074
3.84624217
4.24039694
3.39217700
1.82280690
3.10652948
1.20915862
5.77068531
5.11278729
4.54709899
5.71613485
1.92915087
4.10389956
5.49373709
3.29195217
3.04177708
5.78997657
2.13683382
5.07242682
3.73878984
2.32140674
5.38867091
2.49982268
5.40875134
4.23217182
5.65538085
2.91615626
3.41736056
2.47122530
3.85609044
1.28890585
2.12594723
5.77417339
2.48969573
4.83944227
2.25116847
1.79793114
1.63129647
2.32965953
3.37253100
2.37961745
2.63281239
2.84131688
3.94792801
2.48822065
2.79672650
1.72543019
5.56478828
1.91155729
4.27301792
5.20684353
3.20482746
4.74105924
5.37567387
3.13429209
4.74665766
1.34350294
3.99897332
4.33250748
3.82929194
1.08373862
1.00102873
5.73513793
3.45126698
2.70883167
2.57262332
4.28163049
3.52883860
2.42609129
4.57670429
5.80517218
4.17037388
2.49077882
4.57525420
3.71098430
5.07430866
4.03065780
3.29667754
5.06462954
2.50025342
1.12201544
2.27307399
5.22969878
3.31615155
1.32464895
2.52133940
3.89571338
5.15171562
4.29211577
5.77720538
4.23398316
4.49632717
1.29009205
3.83311460
4.05642053
2.31857680
1.85301480
2.98899697
3.80609995
3.44878268
5.04159746
3.10307742
3.58609090
5.39304899
3.26685283
3.92507428
2.37345367
5.61935111
1.13672807
3.59755505
1.23819204
4.69815246
5.75740094
4.80756750
2.49357786
4.36130952
2.16200180
1.03847579
3.97702097
2.77639696
2.60555791
2.78346873
2.36322604
4.67572515
4.19810344
4.10348508
3.83867711
1.83061777
4.37120646
2.30308680
1.44469404
2.46610850
4.89092970
5.11161799
4.78283223
4.15699372
5.22801305
4.04108375
2.95992302
3.46478329
1.04063760
1.58758226
1.05049528
1.84191424
5.06455271
1.78459224
3.92285436
3.26377319
5.86891370
5.03247185
5.99414154
1.61350400
5.53443708
1.94142933
2.86292948
4.34589660
4.43522820
3.55099631
4.36024781
2.54525345
4.82992078
4.23743710
1.43754959
2.66215081
3.04588497
4.99507713
1.58044684
3.30334495
1.60775803
5.77549668
3.73873208
5.13935780
4.93522547
1.98092774
5.76618630
1.81090427
3.21287848
3.91977765
1.26912233
5.52743439
4.99639128
4.52149952
1.80294952
3.57154809
2.12474782
1.44730043
2.29494152
4.20854032
5.89959693
5.08844172
2.20376687
5.45123888
2.39307591
5.07490491
1.57837277
2.99074807
1.55891161
4.67748889
1.20791873
4.46159874
4.73383180
5.82323432
5.34931003
3.49676930
1.59409508
1.89845497
1.99940278
1.01947503
4.92332207
1.72035865
1.79631588
2.53366309
2.18208007
5.24577903
1.87091023
3.27669054
5.15738560
5.07617793
4.33905631
4.79234190
4.50324051
1.52783284
1.67272759
3.42055218
2.13455502
2.97476110
3.48940241
2.37608189
1.86063131
5.94296659
3.96215217
3.33983247
3.77633171
5.73529176
3.21581076
1.99513460
5.48593294
1.48753434
3.90768174
5.73257879
3.71451815
3.88330794
4.39551631
4.18992796
2.04388028
2.26590653
3.20341042
2.60124597
3.95484850
4.65243841
1.17149318
4.65823493
2.90750269
1.84474252
5.01273475
1.13728856
1.46795488
4.20285393
5.82606095
5.66207881
1.39954857
4.05356174
2.28664590
2.24148952
3.86300387
1.59616715
4.14043566
5.57803504
4.38101507
4.58091764
2.69055573
4.35794285
2.76613456
5.10753085
1.12944676
1.92997954
3.81574998
2.35024423
5.82477633
4.91874831
1.05512639
5.68419952
1.52306309
2.70622476
2.25064021
4.98171074
2.43744458
3.50311689
1.69352184
1.27583512
5.41129275
2.41337472
3.52394771
2.65618541
5.90485504
4.80872644
1.56172606
4.36535338
2.07644379
3.15712152
1.44990082
4.39467507
3.39283649
5.71480737
3.39940208
3.32012266
4.20665432
2.06559579
4.72569582
5.15137302
2.81397925
4.08557916
2.75277755
1.16184296
5.41702268
4.58377473
5.86761037
1.19071284
1.95919216
2.51929871
4.66227540
3.01944846
1.29959003
3.56784169
5.60597730
4.97859210
3.00824034
2.99232262
1.73017811
5.88289233
3.08084971
1.69628200
1.85431422
4.26519481
4.01258621
3.27922568
1.17483170
1.31668841
3.38537966
4.48989020
4.11595130
3.17160763
3.89502861
3.14915873
3.50719286
3.52059992
5.58661575
3.19575488
5.00204616
5.91469029
4.02430642
2.64526979
4.55731926
1.54088084
1.77070620
5.94067732
5.40792215
1.31442618
2.49900505
1.24815247
5.73269986
5.53899149
4.44680872
1.89737142
3.83021285
3.42524494
1.91377614
5.40592700
4.60711942
2.81572525
3.80711417
1.73218244
3.30534244
5.51757426
2.58205255
2.78269928
4.21804747
4.76719903
5.57230227
3.31595319
1.51041880
1.20814394
5.95311252
4.63378417
4.79233980
1.11517584
4.25305679
4.58005659
5.69066281
2.79733071
2.28751918
2.96022003
1.02433655
2.60770323
3.01568958
5.48750423
4.26304414
2.81909802
2.54363285
1.52674182
1.49723855
2.92706722
4.25984458
3.36443141
1.19384101
5.44385070
1.87906593
4.44652097
4.36793992
4.77057682
4.49867485
5.30014934
2.55838792
4.69678981
1.18462183
2.84262071
5.02729218
3.98570983
3.17680776
2.97434623
2.06432250
1.46411887
3.64443138
4.09025623
2.10207170
4.24466647
2.66883480
4.10790936
3.75518928
5.95671809
5.45467187
4.32558965
2.88171946
3.03439263
5.87098508
5.75923088
5.60930531
1.68566899
3.53442597
3.27593037
3.03221883
2.71665063
3.53106283
2.90075087
2.30933909
1.07627733
3.32590935
1.02285213
3.30127383
3.07873050
5.75665145
1.11088159
4.08110159
1.60700784
1.60746819
4.05387848
2.82324755
4.14891086
5.99900836
4.80434770
1.18559450
4.80701015
2.63141893
2.89002929
4.59911690
5.09179384
1.22999698
2.19936760
5.39640830
3.58068055
5.84997527
5.69566130
3.75599704
1.72715412
4.01182369
5.18299199
5.60510894
1.14997009
5.00617869
1.58367655
3.28258550
1.63195796
5.70426991
1.38630595
4.57029959
2.41491517
1.44292091
3.82331288
5.09117298
1.88872353
5.16153102
2.11909205
2.76158999
5.73013222
4.12181858
1.83937167
1.47366476
5.33440961
3.94069581
3.33894188
3.24775340
4.97978379
5.04487240
1.76087829
3.29835332
1.64253517
2.27632210
2.54269475
3.63889777
3.40578914
1.53551446
3.33381152
1.63597980
4.73724831
4.87048580
2.36847243
2.21552464
1.90381771
1.16181989
1.25667886
3.90791890
2.89157825
1.90510299
1.78446966
5.56289618
5.44886981
5.97333049
1.42935513
4.11611838
2.40311990
3.60324596
3.01605070
4.27717768
1.94701430
5.17410995
2.22474247
4.24372144
4.96891635
1.14859642
1.82559280
1.62036962
3.13211872
4.36832223
2.69945059
5.50709722
2.79731974
2.81710077
5.40990828
2.37409041
2.13617292
5.09079635
3.65383638
3.79430117
4.09812711
1.78231427
1.01796715
5.57781763
2.05907294
5.47371302
3.63338318
3.34178429
4.88330323
1.22584280
4.41703333
5.33524258
4.24849743
1.60172010
5.33254004
1.48046692
5.98911787
3.11671270
5.54821764
3.43293991
4.07277452
4.37145600
3.41878233
5.12408968
1.89654103
4.31842133
4.11284181
1.13860067
5.72940283
3.49763170
2.53879556
1.57705098
5.28025480
2.53984236
5.41889804
5.23162436
1.07915569
3.69649450
4.20032484
2.20573755
3.25765647
5.06608231
1.59227943
5.06691214
5.63046348
3.02866770
3.34237312
2.54665116
3.03774302
5.18780620
5.22034728
3.28325048
2.62103448
4.89703309
4.71307190
1.51643157
1.08578271
4.79247222
1.64579169
2.64072118
3.65344041
3.27149436
5.66868890
5.54317281
1.02319520
1.68833749
2.46663268
5.40712072
1.53865816
5.35113188
5.68887741
5.65522651
1.27307717
1.90201824
1.32359965
4.71141873
2.88632528
2.07543080
3.77241320
1.84298306
3.94032612
5.42281035
3.76901755
4.34283225
4.55273201
4.65993662
2.93430507
4.35091826
1.58133059
3.66189734
5.91171883
4.59713920
4.31733841
4.65786407
1.26930589
5.96148982
3.37171069
3.25199544
1.62039079
1.95740170
2.10587099
5.93785695
1.47849175
2.79926507
1.72160841
3.73290669
5.34315875
4.64431627
3.71281839
4.41926877
5.37471708
3.71295823
4.61654298
1.15087330
2.06409579
4.38195527
4.29841175
5.42000546
1.68939474
4.88485217
2.87786183
5.64454804
2.56774072
2.09771047
3.94494082
4.04814369
4.49719022
1.97137674
5.14033375
3.69781773
1.02059638
1.71079681
2.25452242
1.20720999
5.75686011
1.79541254
1.63544610
4.90963828
2.90397118
1.66172092
3.35520367
1.48617783
3.83560526
4.39018565
5.84748385
3.86346190
4.54541708
3.39566633
1.75454787
4.46891163
5.44095004
4.03641625
5.77548354
4.97375908
5.89640830
4.63579367
3.23961669
2.82395856
1.12829941
4.83868031
3.88767123
2.04455943
5.79179529
2.96800141
3.46952774
3.92426099
4.48396636
2.35374081
1.89600880
4.69485774
3.70195921
2.00673935
5.04153247
1.69753412
2.20260285
2.81290178
3.20698884
5.78815322
3.95148297
3.22201408
1.63382481
1.92172525
1.58460785
5.57223509
2.32083383
2.54831198
2.52854533
1.38077238
5.33805657
2.25614327
3.47322703
2.57882716
1.55477102
4.15136435
2.94713512
5.49139557
5.49180133
2.93751836
2.33269888
5.85798927
1.25707007
5.25277107
1.14957352
5.13808444
4.20597425
5.27142427
1.03794301
5.30567229
5.15704591
3.14211355
5.14972274
4.15246159
5.35448054
2.81316704
1.00292682
4.41212340
2.66224539
1.01208587
3.01765020
4.69276458
5.05313135
4.45841601
3.51898732
5.94711925
4.76755126
1.18608785
2.89440773
4.98655041
2.60213118
4.55252506
5.60602575
3.10390697
4.78195325
5.06864017
1.00097631
3.24087852
1.50120669
2.57866348
3.29863287
4.12828115
4.30725129
1.06526486
3.06831710
3.53448649
5.46871230
3.99854817
2.09584393
5.05102205
3.81897158
2.76339594
1.26586031
1.87951961
4.40581368
4.39574037
3.29736239
5.79621676
5.80329201
2.27330708
2.54365422
2.07592195
4.94411589
1.21014236
1.13073260
4.65478248
1.69478886
2.79796495
5.32878692
1.47964404
4.59986839
1.05350106
3.94308192
4.89180736
1.83833245
5.23313889
4.72958440
1.36636853
2.63014492
5.85939777
3.28769354
5.09812163
5.36447499
5.89401924
1.80147895
5.19550263
4.44616186
2.94737466
2.47981185
1.80080851
4.22118949
1.32201870
5.01633242
5.76473245
4.88616418
2.46952098
1.12772291
3.81416118
2.64583433
1.54535296
1.85238990
3.99348186
3.78507392
5.65901352
4.26429296
2.84188904
5.08973353
5.14941858
5.38492944
2.88416470
5.10036152
3.81377786
4.01078892
3.93317348
2.02377851
3.05790810
4.90806461
5.08316661
3.36336618
1.02460872
3.19894503
2.54946988
4.15697276
3.03302418
5.95604687
1.39903927
3.42255691
3.29575982
4.05888076
2.21574998
1.39085640
3.57307653
3.61780566
5.63343695
1.32999155
2.90718511
5.94961550
3.00917515
3.31126330
4.11816710
3.75135461
3.14087182
5.79449682
4.63128574
4.16556631
1.47998819
3.18487891
3.26959100
4.60508287
1.65641180
5.88485788
4.74318826
2.09655561
2.00370817
2.28158291
3.08600253
1.44084126
3.11599122
1.61357157
4.65225212
1.45049617
3.03050968
5.88457591
5.43931741
4.02912354
4.44205158
4.66648329
3.43367593
4.86706168
4.22696462
1.57880560
5.89574437
1.34953368
3.57777662
1.86589287
2.55274401
2.05729145
2.09712169
4.32422293
1.63226098
4.48012075
4.42623269
3.96448047
1.65042662
4.59821880
2.32419559
1.42391477
2.50627056
2.49705348
5.78627237
2.06466933
1.39771917
5.69325287
1.79093471
3.78817511
3.56609885
2.23149743
4.87510608
3.34280763
3.12727745
4.57818469
2.01603299
2.87409231
3.02241102
5.94344799
5.58799339
1.82981731
5.21457796
5.80932862
3.58574873
5.34624581
1.99555145
1.37266353
5.26855252
3.75972363
3.00700418
1.41445099
3.06418961
4.85762113
1.21123063
1.21473304
1.44873347
5.44474453
2.48793150
3.81877856
4.83252042
2.39086753
5.23690530
3.84570387
1.76554706
4.77038459
2.81405561
4.57751969
5.33664663
3.32853877
1.83361995
4.08158523
1.07218902
5.22624416
4.37788053
3.25297218
1.31472396
5.83697244
2.54299964
1.90943416
4.63424519
3.89801965
2.12345507
2.26843197
1.73014088
1.25197939
5.73650591
3.46462108
5.23721072
2.04343667
3.48211756
2.25275779
5.35241788
2.94553026
5.02398947
2.05426268
5.02960311
3.75962339
1.49618134
3.25858723
2.20776435
5.63114176
4.15099529
2.73970062
4.98649563
4.82169707
1.46216474
5.29384063
2.46283045
2.23168083
4.30919743
1.89129509
1.00134478
5.03210225
3.75134158
1.85028953
5.70948865
5.28682079
1.14176313
3.21669285
5.79953217
3.36750497
1.35405993
2.54460715
2.08527616
4.41839882
1.64536702
4.03912001
5.11508805
5.84481261
3.14544871
5.60645915
4.19342658
5.60043993
5.65299892
5.06514066
4.88261065
1.35015505
2.88380362
2.75483315
5.37821571
1.89662829
2.62662976
3.53171262
3.56944252
5.68442799
4.52911590
2.99794666
5.56564369
3.93152213
2.09622281
3.46026266
5.20871156
3.77626533
1.60787898
3.07371316
5.59627211
1.65282441
5.25149864
2.77089402
4.19189162
4.39807279
2.05148040
5.61688703
4.75633201
1.92053675
5.92528448
5.22272938
2.44008444
5.79302079
5.19915771
1.69564864
4.05501525
4.12483993
1.50220049
5.54678374
3.19627125
4.38066017
4.48266949
2.10453125
4.70015868
3.38805992
3.14385708
3.72565143
3.36632962
2.15608989
2.69850411
1.73223247
2.19132763
2.94709383
5.14165969
4.14968291
3.08465774
1.53237157
1.72462084
3.44199308
1.47860179
4.04118595
5.19073887
2.34221705
1.99079536
4.19815138
5.05238993
2.20886723
2.72716358
3.04595977
5.92344578
1.09682554
1.57647738
3.07221521
4.58056989
1.75234820
5.38208613
1.69812712
3.14827487
4.20741658
1.89810299
3.63396900
2.75683239
4.58445473
5.44451451
2.04631171
2.90999737
4.49743558
3.94765021
2.79360135
2.35351673
2.26252356
2.14973114
3.24193951
2.71921123
3.56729138
1.03561241
5.03795156
3.92796805
5.69259439
5.57939279
2.45016430
2.09443498
3.57952701
3.66258041
1.84787153
5.34398499
5.57341411
1.14452378
2.01431231
3.91729467
1.48914459
2.54164054
1.33013577
3.61957478
5.50272784
5.34264664
4.54834542
1.02127527
3.40188472
3.68180593
5.64171943
1.81738514
4.88666472
4.72172856
1.86035806
1.91692950
1.20615134
2.75324525
4.10652954
2.70785464
5.59966741
1.57541857
2.52613856
5.60135902
5.27466343
3.32811983
4.93444092
1.51129490
5.33655448
5.54834753
1.53534141
3.00720483
5.86980592
5.02638717
3.14975305
2.16378983
1.77994576
5.04705986
3.72383232
1.81630559
1.91204240
3.09397565
1.72095060
5.25296905
5.07542120
1.13144246
5.68428385
2.09560435
3.98364328
5.50128190
1.95591521
1.03338452
1.66342448
4.40331370
3.51311472
2.50780623
3.84037320
2.27298966
2.98650248
2.75739126
5.26106332
2.31313185
1.10538188
5.70671126
5.29167253
4.44575524
3.61366296
3.94610484
5.71859880
5.27257921
5.75024965
1.94706870
1.08525820
1.79835214
2.91905232
3.17618043
3.59455694
4.99007531
4.50817621
1.92122076
2.39495976
4.30941376
3.87134091
1.47182966
2.60003622
2.53806916
1.26697313
3.37972580
1.66099721
2.17096039
1.66519895
5.46766401
3.55692536
1.81525764
5.47740939
1.20057272
5.86979785
3.12144335
5.72819888
4.14662458
2.19638639
1.28367371
4.36004678
2.24152029
5.88583979
3.86008596
1.21564235
3.15843080
3.99309864
3.13988533
5.85350947
4.54251695
3.16090069
4.36484822
2.38558471
3.48765167
2.28739974
4.42134262
4.74040594
5.24007860
3.04648070
5.05938847
1.50609564
5.56667576
1.19160072
3.95320772
4.24063707
2.91292356
4.02305926
1.95994273
2.89406000
5.81752746
2.20839243
2.50779867
4.90284012
2.99808601
4.43523606
4.18108869
2.31958887
5.05764930
3.10840160
1.07807564
1.85323347
4.39915096
2.78469716
1.48990879
2.33237615
2.21844169
4.42059513
3.75839448
5.37714311
1.45317559
4.28333761
1.97111326
4.07610177
2.40152358
2.88337203
2.38004968
3.41200716
3.03028397
5.20676305
1.30123107
5.85424829
5.43634925
2.38582301
4.76592548
2.82167037
4.70984360
2.61378271
5.62802360
3.09546315
4.80398828
1.29777823
2.24787091
4.30029640
5.70955457
5.21039756
4.61182268
3.43886453
2.05554789
5.64390458
4.93221140
3.42024105
4.53870368
1.53717743
4.80854151
4.41945441
3.67988834
5.32125418
5.10310631
2.69174522
1.20425774
4.24681195
1.25965385
4.68106805
5.76395422
5.49130676
5.12025884
1.54332238
4.21839248
4.01401036
1.90248391
2.77905464
1.74021630
2.39668891
1.19678153
2.86023039
2.63847490
3.58281640
5.22469589
5.45714963
5.02939037
2.15939385
3.53481736
1.13443365
1.91543911
1.60679456
1.45991934
4.79276482
1.46277149
2.61146639
1.45081351
3.38297687
2.43391752
2.27543504
1.55699323
5.80218789
1.00719391
1.89075763
4.33914163
4.78270748
1.29741094
5.24551515
1.15335852
2.98194864
4.51679878
3.40349540
5.60205527
1.44779932
1.14420331
1.10904550
3.84367580
5.83487501
3.99946360
4.81205638
2.01577216
2.94254586
4.57464835
5.52982015
4.15779171
4.68912737
4.21191938
3.95046696
5.40676570
1.97540693
4.12787756
5.26848031
5.84772437
4.06576525
4.28625324
2.00180015
1.97914710
3.26130829
5.66590073
1.59139186
5.33138519
1.48516643
5.54166601
3.89077681
2.16331643
2.76770938
2.50549200
1.02152773
3.45130130
4.92488377
5.64902639
2.65151978
5.44785750
2.47596980
3.68317645
5.03993650
1.07964941
2.15129091
4.89193513
3.52455040
5.31094873
4.39306115
2.34605396
4.18426956
5.53645927
4.84463343
2.40668425
4.71875727
4.08435875
5.83968604
4.43111917
3.01622950
5.28589133
4.82186790
3.98466871
5.14320797
1.36239252
1.01938194
3.52815795
5.64269324
4.93604036
3.73393678
3.28447932
4.97031489
2.40995047
1.53920327
5.11622295
1.87565388
1.19076349
1.37389267
5.12707788
2.63600710
4.92816030
5.90609042
2.22111247
1.70401596
3.08757815
1.17955107
2.93612728
1.81420062
3.50283754
5.06405040
4.96119884
5.52566942
1.60372216
4.64911669
2.33672116
4.02200036
1.09032838
2.76578907
3.43137444
4.55115817
4.52301514
4.21049347
4.43942965
1.81870733
5.98708461
5.98845089
1.91980523
4.94064987
2.32920726
1.59475461
5.41274964
4.05584550
5.88361784
1.70663745
2.55960367
5.57380396
4.82704825
5.96151421
3.58571966
3.31706332
2.82027672
2.12689181
3.18745465
2.87752591
1.19035644
2.90870785
1.52363169
1.55590557
4.14158790
5.96635143
2.41365006
1.84948592
3.19691458
2.07155507
3.28344383
2.99609155
4.88769844
3.52428764
4.70290940
5.31567125
2.53306578
2.27524236
1.38166961
3.60307676
1.46575397
3.14876595
4.62278579
3.54813183
3.23643023
4.15313073
3.89619189
3.86731527
4.91084408
1.24167631
2.33637851
3.64446934
4.59320975
5.77705792
4.57462081
1.25878113
4.57544313
2.17389873
1.89849522
2.53351085
3.11709450
2.16857041
2.83548735
5.51894735
4.67807149
3.39838493
4.95932868
4.12199835
4.60983280
4.56968657
1.12473597
3.95056194
1.79619934
4.65245240
5.08713491
4.93501658
3.73907199
5.04905744
4.22865136
5.04720094
1.10521179
3.43160283
2.09132144
3.62827172
4.06712514
1.40415763
3.84552672
2.17371901
2.94455097
1.89569271
1.45977615
2.96322452
1.02486520
1.39240414
1.98205228
4.56535892
4.13394784
3.03429919
1.31918929
3.23647190
3.94799523
4.08386681
3.56657523
5.65742164
5.36695312
1.27164016
3.18454276
3.74266150
5.97849001
4.57549953
2.06005352
3.68903965
1.97577361
4.73242306
3.18386317
3.62561480
2.38205140
1.44158699
1.79669842
1.64373651
5.39071730
3.11851257
2.42675639
5.43522443
3.64296657
4.11736749
2.29997213
2.89609644
1.70934717
1.56232294
3.73016380
3.85808236
4.57080516
4.92255796
2.89577902
5.42800820
1.94474084
1.92635623
2.02220196
3.42768609
4.58893821
2.62877263
5.58336058
1.15958839
5.73904974
3.80932374
2.41486935
2.54546074
2.37290875
1.35959295
5.32557626
2.80902966
1.60784867
2.99780292
3.16882579
1.85672523
5.06723066
5.18431160
4.68392433
3.75226003
2.12256327
5.26839835
5.56837204
2.92612182
3.43223928
5.02613908
4.04982843
1.59744033
1.84255986
3.29889044
4.08217875
3.24491860
4.45816430
5.45292726
4.61238767
3.62096711
4.27527908
3.98787150
3.10523609
5.87798516
2.23164210
4.55322954
3.65396001
1.83078916
1.67209146
2.71088420
1.05991707
1.52113245
1.15043178
5.42278317
5.77862018
2.22948637
3.05935008
4.95709333
3.67896947
2.38989833
2.95514587
2.79626481
4.25470578
1.84370031
1.55841222
4.39403712
5.90067327
1.19875092
5.48235362
3.05643592
3.79133659
3.26814647
1.76519900
4.69902018
5.97632214
4.51507274
1.54146174
5.23756049
4.76996441
4.84157879
1.73915851
5.47422569
1.12260973
2.98517878
5.87832415
4.71224284
4.21568226
5.12871773
1.99329523
5.22864012
1.34642304
1.33001275
1.81157929
5.01059926
5.61919401
3.12629366
5.78122511
1.76339934
1.92696730
3.59605616
1.81326049
1.66794255
3.10901696
5.54299819
5.94401266
2.33818067
5.46006851
3.92237537
3.05327158
5.13192438
5.42466225
4.62227633
3.60884331
2.72478092
1.35192163
5.04762271
4.73786691
2.58234586
1.65520939
4.28353346
3.12338110
5.67003632
4.19447458
5.93119814
3.94532193
1.02661238
3.78386342
3.85147129
5.76395874
5.39375557
2.56205954
1.20066858
5.59752708
1.23107453
5.71775492
2.32490781
1.97254376
5.53835319
1.43880559
3.66293272
5.20428487
3.93326227
4.68341497
2.00557698
3.15672163
3.46538562
4.71878799
1.82950987
5.07763681
1.35228539
3.63202909
3.36404411
4.42873329
3.96020850
4.01579170
2.30672157
5.83659371
3.27443888
2.62474606
3.26401415
4.06390175
5.25948892
1.37698831
1.98942604
5.20818970
2.93831725
3.05698933
1.09795001
3.92557885
4.85732217
1.41474778
2.27235536
5.37882740
3.57850783
1.03189064
2.00605927
2.63304072
1.77421818
2.85322784
1.95599665
3.46042823
1.80919827
5.20663747
3.15734792
4.84055674
5.88923826
5.53130614
2.17434850
2.00894900
4.03879956
5.01169747
3.06558046
5.65015414
3.53907879
1.51084187
5.50977506
2.96837271
1.80395106
2.28155543
5.09462634
3.89739711
1.87891354
3.10917564
2.48557036
3.91132828
1.29603999
3.03676963
4.67681348
1.82879596
2.47832258
1.40719807
1.83973652
5.00804081
1.42563326
1.42082672
5.32454987
1.53125919
2.29165082
1.07923967
1.38386963
3.77836114
3.52998526
4.62144606
1.25961530
5.37829769
2.49565511
1.24845613
3.83893822
2.36716984
4.27605083
5.99465609
4.41616561
3.72448761
2.72831454
2.49130548
1.81512939
3.83149809
1.44619809
3.56113758
5.69263258
3.10899497
4.99119388
2.09713493
3.06582871
4.73825458
5.11608182
2.55800004
4.63434325
2.32076225
2.89376605
3.23381744
1.29619027
1.24449443
4.24390322
3.80532988
3.22282285
1.83225383
3.02161504
3.77779991
4.14464421
4.76771303
5.88754791
4.28552044
3.12938659
4.32545414
1.00145611
2.23684653
3.48107935
1.35169466
1.15085947
2.53456604
1.65976561
5.31310934
5.31442611
1.42618300
3.87832945
5.89399250
3.53257136
4.20817405
4.67315367
3.19999995
2.07511212
5.35366889
3.01398216
3.52416353
1.61118593
2.51172098
5.00320102
2.53332907
3.84730213
1.12704770
2.84742026
5.60742878
3.94635471
4.07175011
2.34012336
2.65810747
5.10845762
5.61624554
2.69239543
2.09647626
4.71207966
3.27788050
5.15223362
1.52271376
1.20342279
1.08611174
4.76832571
5.26467058
3.89932100
2.13766880
2.03184561
5.97160474
1.54390148
5.05991612
4.46389788
2.22698049
5.93536259
3.26313720
3.84463860
5.51644793
1.41374807
2.28133992
1.38444712
5.09048203
5.26455165
5.74635288
4.24321308
1.29374512
5.03113429
5.81261892
3.27997678
3.07434234
1.81979497
2.38261597
4.47470809
5.69631266
5.49716981
5.03891947
3.16357144
5.49973550
3.38645984
1.96348512
3.96899149
1.00778104
4.92656954
5.64394977
5.33034764
3.17318921
5.62009294
2.18804147
5.93807498
2.27357331
5.40947683
5.47923066
3.57497660
3.37240746
3.92663669
2.12946390
2.14904631
5.60861868
3.49456695
5.66937236
4.68120454
5.39166174
4.54858767
3.14516004
3.15195184
3.17135442
2.61207093
3.27812488
2.21968626
4.41438968
5.02280773
3.63236964
4.55070319
5.12536630
4.27137563
5.40489237
4.84083868
1.35368741
1.68546367
1.10732867
1.39922228
2.06431446
4.97137143
4.68882295
4.58731147
5.23692838
4.09683736
4.72475438
1.48667975
3.59258856
1.55273437
2.86750798
4.27606252
2.70878842
3.14351359
2.55558344
4.14482245
5.03343296
3.19984569
2.26974601
3.71291674
1.28750387
1.14771851
5.70456719
4.26702608
4.57807948
3.46606668
4.91674926
2.40287714
4.13223611
3.57334728
5.67549991
1.47285001
2.59372231
5.54960307
5.26359151
1.50734801
4.26496304
2.86548526
2.28052776
1.78351158
3.27496631
3.58820811
5.53261893
5.07482025
5.43836469
5.59499228
1.84115811
3.79283817
1.35267697
1.96948989
2.07296681
5.03446008
5.15171729
4.40198577
4.44226076
3.12489559
3.16595713
3.56960323
2.22524697
1.09243236
2.68985658
1.24182353
4.57652437
2.96363228
2.05727245
1.43662288
3.77789297
5.50868092
1.49581849
3.13445307
1.65550342
4.62151925
2.76754437
1.72590984
3.27157157
3.75727861
5.68581192
1.00275964
5.56456278
5.48330638
3.28732654
3.67329854
5.14049107
5.28635039
5.07572520
1.25781115
2.70269891
2.21765624
5.46197694
5.05794800
5.97435904
3.99396377
1.71141483
3.54866326
4.77438859
4.89355743
2.55303549
3.96021609
2.04216368
5.62427089
3.58057196
1.54165404
5.98928788
2.57005974
2.92481340
4.66093115
3.63887500
4.06357792
2.93200876
1.72888305
4.27677604
3.04701444
4.05449732
2.25695128
1.79858398
5.47890740
2.43875397
3.08783506
3.63601078
3.77114319
5.15586870
1.98391703
1.46251948
3.39201025
2.31439359
2.92387478
2.81833331
2.38590022
4.86103503
5.34061875
5.29780493
4.11967449
5.42763966
1.42460406
5.17753346
4.09523239
2.62136699
5.90041586
4.03273832
5.53656858
5.45815688
4.33983901
5.72465687
3.88048315
3.76813216
3.17366035
2.40680112
2.82974767
5.19722374
4.77322996
4.18770844
4.66632628
3.51511292
3.05109316
4.62852358
2.81434198
3.21985177
1.33131283
2.20277780
2.77575647
4.58979301
3.21169692
4.59175571
3.46783671
2.34053316
5.82304612
3.65178450
4.44580416
1.64649405
1.41950489
4.02081515
2.61574412
2.51283416
4.33765329
4.61321273
1.79478267
3.14414031
3.86238105
1.19740496
4.16435835
4.14359847
5.85085611
3.40587691
3.43851655
2.96312681
4.60180220
3.96711634
1.92667477
5.16557144
2.51934987
1.78193162
3.94714028
4.69006263
5.80618835
3.33075296
4.92544592
1.64780320
5.52063731
5.46401103
2.51569745
1.21595849
1.73134354
3.09563580
4.08273688
2.22123547
4.68010355
5.92255513
4.59091092
1.07272407
2.39008465
1.79446886
3.41823340
1.15742356
4.19947986
5.55305155
5.75313532
5.77463783
5.51915142
5.37426831
4.27894696
3.56139228
5.56061003
5.23909398
4.89664364
4.33574880
2.80500671
3.01527933
3.71085135
3.82517111
2.12569841
1.67583000
3.68304039
2.10096659
3.37115136
3.85972692
2.85837603
5.23660083
3.08998448
1.77954272
1.36173452
1.05789291
4.25809388
4.41266857
3.24057231
4.44855092
2.26505437
3.02278303
3.35804573
2.88824475
4.04313068
4.92213899
2.90315875
4.38673359
4.68076548
1.61064058
3.52365863
4.17201601
1.85060828
3.15319845
5.78354307
3.10984756
1.19102582
5.05241390
3.62577962
5.37432172
4.79435442
5.64041859
1.15130824
4.13383118
3.15343545
1.88411178
4.52049217
1.52416520
2.37248087
4.73576126
5.69954135
5.79255161
5.82506292
4.06088975
1.51244674
2.83616613
1.50077600
4.56372772
3.76277405
3.33030375
5.37639531
1.86469784
1.64716207
2.93058377
5.72442113
5.35307763
1.22519447
2.60703901
5.37276609
2.06108705
3.11385558
5.77376667
1.68878016
3.53433898
5.95818077
3.54529155
4.20733062
2.49029437
1.55586063
4.99045729
5.17852757
4.47475199
2.08909729
4.75831591
5.29192462
5.29139782
4.89232972
5.79117643
2.95039558
5.76721202
2.05368484
3.17199715
1.82190692
1.53450483
2.24906273
5.41220947
5.18833685
1.59719819
4.22226725
3.88864145
2.62835299
2.17460918
3.77794032
2.68251341
1.70091474
2.88159645
4.91538704
1.03880185
5.01573160
3.94192385
1.51358306
1.11116026
2.95924875
3.60574773
1.83737363
4.92784092
4.55546271
4.04716846
1.97249747
2.73072947
4.73985846
1.07997351
1.35673805
4.40697876
5.56551992
4.40646247
3.94411092
1.83635886
2.49026473
1.69425314
4.65017890
1.08412186
4.45350692
4.47914672
4.85473779
3.72696039
3.57622281
4.16964921
2.50237480
3.73781505
1.23540259
1.76302795
1.20466001
3.58440398
2.29797740
4.28749888
5.51662933
2.10820565
2.36443532
5.50521294
2.88514579
4.71826951
3.97894553
3.62231126
5.64182488
4.11195597
5.51431250
2.26287046
2.67637076
3.55806391
5.53374847
4.91173249
1.25903266
4.46358697
4.15829702
1.58693143
5.90884661
5.99159732
5.71352988
3.36686242
1.59651667
5.68378290
1.67038799
1.30290937
1.14010278
5.92750887
3.70501270
1.45862824
1.95476004
4.53573366
1.24712870
4.62669506
5.75500746
2.30172977
4.92576310
4.51084269
4.12353266
3.05363820
4.20833031
5.67935148
5.64225474
5.15196823
2.71164535
5.78799598
1.46091002
3.51303963
5.18226562
5.85360662
5.53118540
4.85109746
4.13346713
2.68575285
5.37954331
5.94070917
3.31565256
5.93591378
1.19224938
1.11962498
2.40833049
5.11454754
4.44837183
5.07234309
3.97101301
2.90162106
1.51105886
5.02921849
2.28721904
3.21159192
3.96835923
1.03938376
5.38375787
5.87696313
2.44012099
2.86356000
3.40386797
4.12403332
2.71872570
4.50182271
4.44861528
2.90026083
1.01398054
5.41959737
4.86097873
1.77592096
4.59553895
2.44189037
5.18978406
3.81588548
5.98264295
5.11155869
2.30835618
4.26406143
1.07741744
5.39408430
2.54146058
4.89821707
2.17478897
1.08189241
1.43356129
5.82276570
5.85348979
5.51003439
2.82515246
2.62899712
3.44643285
4.42759235
4.13918843
4.15491198
5.53664512
2.54225036
5.75745828
2.44014901
4.00231649
1.61716425
5.72189166
4.34667060
5.16049956
1.57884395
5.95675835
3.18531036
4.99647262
4.20278688
3.09680022
2.56565899
4.12139498
2.17186499
4.73952667
4.61699406
2.62503091
2.02401787
5.52697895
1.28721674
2.37713623
3.37493722
5.50674045
3.22246620
5.41848114
5.25369129
5.42110503
2.90091241
3.05206439
3.14142692
3.21812866
1.41010125
2.12224855
2.85345070
2.55354804
5.21931607
1.12345344
3.53242407
5.33676707
1.23914656
2.42357699
1.28565854
5.53955605
5.64349275
3.57710916
5.24436274
3.19879272
1.64950027
5.83935600
2.67021930
4.56426587
5.53459459
4.32043901
1.08915423
4.02277628
2.47427841
4.32366872
5.97915112
4.21777146
2.69835082
2.22915278
3.24525326
4.72055671
4.40661893
1.58547819
3.32853701
4.82949997
2.80917679
2.97914429
3.34612477
4.30610777
1.54334247
1.72601004
5.95678399
4.92366056
5.08304514
4.77799507
2.78312515
2.02127211
2.14176115
1.61203029
1.06991526
1.33354671
3.55318405
4.76093150
2.97285920
3.30696376
3.80209888
5.39535775
1.38891732
2.11598852
2.91008940
1.65395772
1.77462061
5.44570598
1.42665843
5.77059083
3.95096090
5.69826682
2.03725940
1.33227687
2.74157073
4.08613652
5.00804234
4.93216951
3.49561151
2.66831700
4.10648256
5.11500434
3.44985741
5.93237844
4.56240681
3.74853363
3.60894202
4.28506553
4.39143106
1.03756686
2.77292226
1.64094001
1.34989924
5.41527931
5.70275700
4.13925830
5.81573411
5.93107226
4.65379191
1.41507282
2.91310232
4.78085610
1.87293490
1.43615508
2.67162744
5.91332507
2.67619548
3.92128307
4.41547932
1.65748786
2.71019148
1.09998047
4.92769686
4.85905392
5.54589743
1.97495630
5.27548695
5.73664117
5.22836452
2.31603683
4.08915600
4.56730735
3.46668177
5.95182181
3.16819431
2.22250558
4.22961677
3.22990089
1.68151993
1.68186505
4.33097066
3.07924835
2.10491805
5.97859068
2.64275105
5.31414069
3.09845841
4.94590251
1.64310712
2.64612847
2.50255604
2.85168565
2.65012811
1.39150585
2.78703431
2.08503731
3.15387841
3.74237449
3.91797333
4.89406744
4.76047497
1.46955917
1.53845465
3.51327624
5.30790386
3.39881452
5.44896653
1.44898451
1.38916818
5.39523357
3.00988358
5.14427284
3.79105730
3.94554299
4.69200416
5.49608359
4.97437321
5.87881382
4.52278845
4.86569567
4.71314152
4.04154524
3.59811266
4.27258750
3.18671850
4.66535826
1.66571216
1.69739825
4.27157894
3.15068182
3.58194966
4.99267286
5.38197885
3.54759121
2.27428656
3.30447213
2.11492937
4.24888347
2.81527771
5.48163697
5.10054058
5.51781254
2.96872381
1.37415545
5.06059298
4.24467351
5.77472392
5.72308394
3.13421687
4.64738627
5.59894445
5.39095950
3.31910312
5.97989996
3.81488247
4.68650048
4.46027938
1.26088599
1.67992260
3.55726699
5.93796062
4.74982535
5.80148909
2.35923282
5.18436847
1.63799029
5.19475086
5.00704582
5.80100833
1.04148779
4.66556835
4.65101646
2.53824161
3.82973706
3.00034914
5.04821324
2.20489101
4.63651246
4.12812659
3.77085126
1.94511641
3.21676121
2.49066368
4.94457548
5.78219304
3.35931843
4.79613493
3.79515502
5.19466126
3.16565598
3.15462429
4.71115901
1.35139314
2.57393117
5.34421914
5.45276919
2.86148396
2.55561353
2.21104974
1.54713965
4.14682195
4.04237687
2.57264450
5.64653121
2.25526504
3.05101620
4.61011312
2.86846710
3.81735561
4.95490027
3.77085604
5.91276829
4.40747987
4.78666557
4.36090093
1.42767228
3.58062492
4.82701333
1.01700621
4.88920836
4.87895004
4.61085174
2.37702135
5.72123624
3.98006686
4.53064764
4.80757412
2.91844440
3.51426187
1.19748136
5.82713924
1.78528938
1.81519205
2.98644918
3.73735203
2.15822893
2.67338623
1.19199803
5.33473706
2.56830094
5.00098832
2.99151969
2.83874701
3.00151625
1.93763128
5.09684482
4.29132311
3.34480883
3.36042803
3.29167432
5.64051733
2.22831045
4.81635623
5.83073380
4.02972987
1.09713080
3.66459297
4.32955117
4.01973510
5.11801793
4.57267115
1.81200362
4.64906768
2.44238851
4.60797808
5.10967373
5.49693845
2.74514392
1.94064498
5.01986131
3.89032033
3.52006666
3.84208184
3.31883285
4.76310875
1.86281267
2.22334043
2.77832032
5.63149141
1.28071994
4.68843810
5.22492067
4.92827967
3.14773235
3.04029157
4.98616268
5.30363190
3.82933124
4.71279099
5.94961448
4.24525731
4.13686541
1.83483672
1.18226816
1.82400153
2.87721518
1.96516155
4.47007389
5.88810227
5.93020674
4.15601601
4.18916967
4.50003806
3.94425162
2.37610134
1.15208073
1.75369625
2.66571166
4.69654011
4.11870916
3.77773091
4.72862439
3.54747545
3.75181646
1.20588803
4.89155718
3.09763321
3.25218434
1.69041699
4.02413123
5.98666397
5.64573735
2.19538515
2.26756012
5.62335048
3.72339186
1.40893877
2.71552149
2.70611805
2.55777379
5.26472976
2.52171642
1.96126683
1.03648836
5.40152644
4.72020865
2.04575336
1.25034524
5.58636889
2.26946668
3.62323096
2.24160642
3.38168774
4.27009557
1.57371077
5.53044814
4.38300125
1.17243353
1.69917537
3.06967810
4.45481115
1.64014087
2.98156102
1.49433988
3.84305456
3.97001705
2.05876986
3.49393424
2.66910980
2.33068538
4.01307669
5.19410726
3.97031931
5.16137508
5.50000314
1.03906340
1.53395544
4.79844849
3.65124211
1.85667363
5.69543666
3.54695588
3.81057372
5.70003005
5.98857364
4.10649455
1.03621833
1.42056470
2.02811021
3.45789136
5.23726848
4.56106712
4.78649338
3.32636031
1.89752742
5.47801829
3.04258300
1.30819945
4.45030386
3.12137352
2.30606579
1.17592494
3.65676706
5.71978914
1.06509321
5.09888512
2.74390178
3.93756331
1.40478909
3.21449481
1.79271336
3.67726560
4.57069385
5.68466987
3.93116902
1.48392821
3.10509819
4.94196569
5.55871669
5.94128034
2.99799346
1.98322042
5.17064586
5.11009131
4.63169967
3.36181608
5.70284226
3.10926311
4.95404688
2.86338786
4.80368656
4.64164520
4.61545458
3.96807535
5.46425375
4.47214922
4.10779701
1.19310891
1.18613110
5.52288330
3.13623322
2.70430166
3.80488575
3.89972276
5.45914024
5.45926201
2.46452467
2.44174901
4.69708832
2.21799478
1.58349694
5.51783953
4.62186023
1.49091122
2.27643790
2.10564285
4.20451450
3.69675977
2.18974346
5.59324001
4.27234651
1.12401166
5.44623819
2.25274315
4.57448403
4.72292814
3.02895828
4.55142860
4.99218629
1.13979090
5.90195891
5.08701196
4.69137071
4.92123348
3.18386967
5.25036065
2.37138978
4.49066120
1.25571043
4.11607294
3.11679556
4.69952959
5.57753841
5.51744472
3.44018105
1.69665835
4.76937365
3.84966405
1.17784985
3.09542928
4.02234044
4.52963304
3.26095854
3.35204310
5.76911363
1.98238313
3.85907293
3.64213311
1.66286859
3.87613860
1.83820101
4.92584234
3.97654784
3.53796046
3.27998425
2.25460756
2.50617359
5.09058324
2.39276678
2.47174721
1.69120033
5.99330761
2.45989057
3.41266302
1.98081188
1.07414645
4.49820576
2.48192650
5.28817007
3.62910787
1.55411168
5.38037252
5.77671419
4.15355038
4.59037588
5.92595388
4.08673848
3.26972895
4.79068939
1.85166266
3.59093600
3.52748213
1.93782732
5.51018843
5.29993829
2.17875428
3.94406660
1.24979900
5.83989790
4.55231998
5.29908964
1.37458839
3.49190242
2.16744511
3.35214532
5.93387869
1.89677035
1.70279596
4.19416912
3.81307880
1.74910861
1.95196085
2.21555399
1.77833369
2.97320484
1.11549260
3.98123518
2.16023413
4.61343256
2.46118095
2.21287665
3.99183865
1.38765972
2.38283756
5.75564685
1.73117799
4.72921884
2.15048736
2.32301834
2.62990826
5.64811628
2.71252528
5.47714198
5.63324207
1.12337605
1.41788185
3.16580273
1.03085905
2.52502721
4.70206037
1.68218386
5.38706779
2.06679943
1.94732852
5.15432025
2.36770195
3.10088682
1.80038343
2.65213173
3.60147403
4.55722098
3.22022716
3.29746655
3.65892177
4.65585877
3.03830516
1.98407356
3.44055562
5.61788413
4.53943884
1.59853311
2.91899105
4.18444452
5.80674051
1.14983138
3.30311727
2.82323671
1.70130083
1.66563373
3.65485597
2.33622199
2.34650028
3.82982125
1.00368881
2.74213303
2.92958341
3.38217246
1.62752272
3.63423139
2.18566304
4.57212194
4.80100779
1.33083265
3.85135680
5.28048033
1.69826335
4.94763149
4.02031592
3.65327805
3.86399638
4.71238030
1.14825223
3.61917039
2.66685088
4.38079690
1.48171855
5.90603555
3.19690002
2.24574824
4.05761654
2.08468199
5.28462387
1.98907358
2.86770996
3.73037917
2.66439592
1.31741940
2.12657546
3.51990763
3.08807135
2.04195680
5.23844378
3.51791325
1.56412021
4.87988632
1.53803642
1.12771706
2.34901978
3.92750250
3.28630299
5.29579936
4.18820295
3.41583789
5.93117715
4.20461572
1.27539402
5.22733002
3.08711079
2.53513603
2.99704117
2.72360269
5.92998222
2.62969597
4.62191529
5.98962095
5.22451991
2.76983766
4.39768034
2.69871472
4.57190499
5.06646180
3.08298938
2.78806584
5.85172842
4.93574159
2.67581574
5.12826412
3.49474842
3.13002951
2.24042932
4.77775717
3.01443555
1.16584430
5.37456530
5.41899223
2.09337347
2.62962850
3.42654697
1.64457413
4.00621661
4.16623937
3.34480665
4.14688753
3.89885970
3.41624855
3.63853904
5.09265136
2.66226205
1.24850199
5.81101134
4.34533548
1.16125811
1.34770152
3.60298327
1.32507094
3.31969098
2.60793631
5.10315002
4.54067259
5.03309215
4.42828750
2.23965146
1.84596360
5.68241518
4.51327426
2.19938286
5.69829140
4.85427806
5.28767720
2.11173645
3.84775202
2.02579542
2.71208584
2.90589030
2.45924050
5.83015175
3.83354422
3.97498078
4.44531611
5.06109736
2.55733325
5.36933967
5.32656018
4.87280474
2.14490286
4.25108561
5.07940681
1.35201991
5.12417264
2.67412389
5.80239123
4.54194750
3.46802881
2.15116880
3.53468208
1.43533476
2.91227954
4.52064918
5.88119157
4.87503397
3.53426213
3.26293187
1.20328534
3.74494120
4.61764561
4.41258913
1.77119186
2.43739688
5.33891367
3.69058612
2.47293375
5.07340599
5.90896641
3.40016348
4.24551842
5.15165899
3.00291795
3.29947888
1.42903051
5.62732391
2.15741161
3.23313999
4.61620851
5.38170093
1.38379755
3.26775137
3.43336209
1.74259987
4.64474114
5.77139910
5.97863999
2.34998211
5.70992570
1.98525032
5.57748843
4.02301943
3.91340242
1.68254114
4.09069420
3.25802667
4.68199588
4.36530623
5.50698078
3.05023990
2.62341584
4.82515673
1.03026766
5.45840215
1.21802892
2.84788167
2.67320902
3.88560017
5.54452749
4.27302174
2.61654542
4.69253410
2.31317003
3.77298352
4.69242674
4.34391266
1.13828011
3.67961845
2.48474534
1.76221550
3.34295017
5.39112405
4.17744971
5.46666668
2.57332483
2.61402557
1.67083967
2.04368559
2.55860785
3.55300597
3.15526992
5.75683801
5.96846844
1.61836012
2.59205728
3.98166811
3.50548947
3.08349738
2.99449440
3.55976513
5.17162276
2.04359493
5.40076652
4.11677487
1.64046816
1.99535324
2.63954476
4.48431823
5.45899434
3.21471616
2.84363565
2.30319592
1.53174290
2.03603047
1.88410050
2.95585260
3.17752483
3.15782577
1.97476483
1.56461333
2.69430161
2.58633446
4.41431578
3.87720385
4.55476417
4.99093450
2.35078034
2.51479133
5.34675381
5.64252552
2.41288632
1.94624776
4.66403052
4.13683174
5.67767844
2.43531096
2.17016030
2.51390407
5.63808996
2.43831354
1.85888287
1.76055897
1.28350373
3.95643312
3.50690911
2.95578457
3.07747138
3.20900440
3.87960412
2.26565440
5.25774293
2.82808963
1.35760894
4.73315821
4.52388814
3.30774564
4.28556415
2.30247680
3.62761263
3.49651731
2.01639322
1.07323535
2.73218222
3.91464529
1.88100445
5.54855730
1.53321595
5.11806597
3.22994967
5.11544938
4.18778823
2.32301877
1.37795775
1.51506859
1.01784008
4.24522655
4.37301213
4.30539398
2.95413603
4.38719391
5.67868773
2.81514130
4.76646362
3.71094159
2.30297346
3.70455669
2.56375259
5.23997900
3.86120615
3.69889841
1.90483943
5.21577548
1.28870003
5.40060219
5.47851486
2.15644151
4.21509625
3.21671871
4.81331546
5.78853795
2.70355020
1.60334930
3.26755200
2.20041123
3.50104330
4.11638134
2.81385327
5.64446952
4.03002115
1.59947638
3.33684258
5.73738704
1.99614524
3.51138373
4.55550035
2.00611351
2.14337027
2.51438050
4.79259887
5.03229203
3.83824777
3.47686615
5.95286961
5.18051470
2.82397912
5.79250612
1.83107744
4.97278747
3.69622056
4.03621661
4.62397610
4.60240052
1.99314993
5.45785002
2.92050217
5.46862174
3.86926298
2.49557038
4.92807789
3.65651592
4.27444649
5.55423954
2.97633245
2.27475585
5.55699949
1.76505919
4.92096504
2.88329919
1.15261307
2.69037191
3.72915646
4.87077299
4.24329689
1.17480565
2.82443730
1.65060119
4.23452691
5.32749318
4.54503620
1.60134484
1.90040743
1.35029919
5.94850820
3.54016639
3.91156187
4.34798567
2.08117766
3.54229350
3.04621366
4.95593032
4.40916992
5.55110940
5.08016233
4.53102373
2.34534671
4.50405301
2.57602272
2.54710073
5.45135046
5.76363678
4.49734878
3.83684800
2.97549793
5.21910038
5.74152983
2.39046730
1.71599109
3.33477898
3.83029791
1.86409916
1.86663052
5.08219157
4.66324226
4.91851876
3.38196938
3.61391347
3.50406240
5.49504269
5.64493232
4.82200351
1.33882747
1.47882439
4.76788968
4.76937511
5.05891699
3.58140679
2.92481992
3.18004884
4.24852033
3.21993468
5.69555995
5.60846609
3.89873970
3.54894626
2.78252955
5.05749564
4.35989685
4.32505462
1.69627061
2.25169287
5.04425869
1.01173578
3.44046048
2.66279021
1.59799322
4.36125079
4.98278804
3.98807344
1.79991714
3.88758665
4.77951944
4.95274643
4.67292109
2.25609416
5.01427221
5.99187385
1.10053065
5.09387153
5.98226150
4.10703082
5.54580201
4.34528102
3.44812475
3.62214843
4.72383312
2.67843269
1.35766959
5.91073825
4.76501528
1.05391524
3.30207079
4.75497384
2.53742936
3.20313946
3.20896200
3.74201867
5.41842619
1.08077545
1.24157444
3.01428280
2.49359432
3.34805163
5.47886370
3.37148097
1.52343261
3.44903165
5.06198518
5.87071881
2.19278064
1.04203576
5.84232453
2.97736559
1.31534045
1.46851612
5.65160875
2.36894891
3.50661843
5.95107241
1.91471403
4.66524338
2.09575001
3.52379425
4.00119343
5.72238706
4.98361265
4.86838251
4.30406945
5.35326346
1.06630723
3.65892163
4.16711919
1.18029647
1.55566567
5.45089206
5.35902064
1.14373877
5.89934577
5.17391403
2.49987434
4.42575473
2.42097417
1.83444474
2.64956214
5.24912346
4.68561755
2.87959804
1.91620080
5.30398128
5.89877179
2.93556276
5.46588973
5.17520201
2.35048162
4.27665019
2.52258640
5.90904231
4.53381034
3.71044688
5.93106568
5.18657546
4.64359252
1.73127353
1.48957931
5.97296387
4.77339480
1.29229710
3.69632367
5.08929582
1.38330186
1.71410079
5.73069638
2.10479964
3.14720861
1.76592618
4.62337135
1.06276544
2.77565812
3.35055436
5.65649447
5.71821525
5.05008822
4.36402892
4.35609524
3.65778358
1.32906192
1.90003341
2.05367033
2.46466690
2.96032729
3.08236042
2.24461969
2.14988817
2.14930575
3.33793965
5.98085177
3.65526746
3.22101307
1.11146746
4.70771850
3.19690631
1.22589898
3.95869337
3.47703937
2.50794903
4.36931920
1.07050772
4.80512440
5.19689275
4.70925100
3.84953241
2.84545537
5.09754631
5.41860127
3.80408201
1.53932893
2.87740115
2.12945702
5.20402700
2.30485272
2.61494117
4.48056296
5.46589556
3.21701169
4.46929852
3.02110313
5.75088438
4.89213449
2.95742385
1.65968296
1.76345481
4.07328513
1.32809904
4.49467889
4.06775739
5.65443064
5.77594256
5.25951435
4.57589690
2.29748761
2.06305881
1.93385784
2.23141213
3.38557591
5.89592808
2.01039011
4.68243966
5.59730479
5.11903897
1.19907789
2.12475024
5.44122960
5.50689641
5.26049038
5.05183056
2.49854570
5.32841007
3.48152577
4.77782201
4.50867494
5.68204736
4.86714900
2.04356357
3.70094731
1.21003629
3.27780130
2.36410725
5.61163225
2.64259325
3.88269837
1.95952364
2.99592772
5.73964377
5.84420924
4.90498132
5.09721758
3.72256708
5.04907416
2.66010918
1.50025560
3.95064269
2.94079844
3.35442449
5.88147474
2.21837530
4.59782270
4.42177326
2.27014966
1.04673879
4.68893969
2.54267330
4.82170610
4.22337606
1.89707607
5.86331530
4.73336954
4.71743522
5.94240570
1.45165336
3.73812383
4.15127922
1.09448171
4.60614524
4.81240577
5.04479152
2.71058846
4.47667343
5.32414076
3.94318012
5.07499526
3.35913311
2.10992368
4.77457196
2.87366108
5.69800159
3.96391627
3.93155491
2.78486714
5.33154727
5.08816301
1.79718137
5.69316319
3.74258449
4.31757005
1.00056043
3.26807533
3.27797555
3.79704154
4.44355175
1.44766068
2.56031176
2.43877304
2.03549781
3.61887875
4.06701384
2.39125839
3.64840918
5.91180259
3.37086789
5.15622199
2.69531408
3.47408726
5.44089736
5.42473913
4.16811556
4.34826977
5.15635483
3.47980084
3.27053208
5.65106653
3.59614074
2.72131181
4.86254589
1.19578184
5.38150887
4.88402898
4.80501434
1.08241761
4.36564324
2.49355017
5.56022694
4.71250074
4.11747631
2.47569344
4.76348235
1.30569303
2.12060639
1.31726671
5.22322915
5.47284128
3.42675287
1.26935874
2.31772823
3.43643315
4.03600179
2.56718547
3.01306906
3.81687063
4.73603233
3.07374529
3.80297141
5.78522832
3.07621758
1.97987131
5.43114518
4.11515089
4.98035081
1.83376375
4.06182869
2.07443425
5.95790247
5.13303898
3.96699589
3.03805060
2.54605337
5.67728995
4.24688135
3.56759002
2.43491717
1.81591264
3.63493360
4.90722290
1.47175058
5.38256175
1.19383909
1.34450973
4.52569335
1.51335299
3.41437494
4.65811995
1.98557296
1.51137583
2.70581572
5.43744104
3.76619117
2.53701608
4.93145251
2.95608524
2.26367232
4.04505987
2.00524744
3.58860550
1.22203691
4.70985511
5.72925913
3.58473704
5.28905895
4.01449172
3.21350015
4.99685735
3.83131274
1.94582280
3.17134148
5.36402822
5.87150506
1.33223472
3.00922774
3.59111967
1.67486163
1.56467934
4.40782524
4.55653980
1.25838478
1.81415466
1.59505896
1.10067837
3.98386062
1.74235760
1.90581988
3.98423688
4.32296206
4.21968110
3.76820622
2.48733639
2.09480663
2.12038384
2.80551649
1.90408817
1.06077836
5.04417255
3.24410518
5.16185257
5.14994944
5.28339977
3.81065803
2.07962165
4.05643250
4.76364170
5.42320962
3.82701120
4.11659704
3.56187787
1.45682668
1.43666107
5.70218591
4.26139415
5.51958168
4.77209057
1.66160947
1.42766931
5.42325878
3.20515978
4.25646692
4.25793045
5.38593338
1.98842013
4.56778749
3.62307048
5.06366349
1.52522031
2.32448842
3.71975880
3.47329062
2.58313843
1.71675332
3.09964104
1.52878681
3.13405989
1.02483399
5.43956182
3.15446688
5.63818523
4.18831133
5.84105326
4.73822830
2.95185407
3.97500803
3.25945851
5.11904900
1.89398354
4.73916695
1.70479928
1.03128345
3.14806241
3.28558604
5.75089873
4.71361357
1.43218896
1.82427295
1.54062990
3.58635023
4.59601226
4.99674210
5.56902481
4.95440762
2.88930561
3.41196271
1.02914529
3.64570418
5.51218814
3.82257086
2.16613155
5.48074320
5.65288993
3.11942078
5.93200481
1.21721163
4.52784654
1.68776220
3.07815294
1.94587103
5.97448530
5.65793170
1.75577027
4.24681664
4.45424763
1.34782735
5.58990056
4.25811384
3.97835253
5.22773848
3.20444349
5.26540280
3.57896713
5.37821570
1.23907580
5.68855598
1.15248297
4.34023311
5.23130623
4.21089635
3.46942377
1.99930242
5.33587455
3.15260112
2.07830292
1.57059174
2.99871710
5.51124326
5.96092928
2.57336737
2.45430028
1.95122582
4.88790000
4.95685797
2.61506731
1.58615789
2.27024013
1.16632665
1.69309794
5.92377217
2.23252383
3.16186835
3.14114362
3.68530712
4.00176165
4.31111852
2.40851829
1.31763837
3.40353532
4.10230474
3.04369401
4.42785886
4.20222754
4.04128630
2.08791892
4.72124183
3.66690086
5.52454877
1.02203828
4.54309004
1.57084918
4.38244122
3.06250520
2.13514481
3.85474943
3.96990441
1.94411285
4.13401425
2.44560141
5.79592908
3.84931125
2.67224855
1.80243250
2.72214505
3.50138562
1.29575536
3.26248300
3.56316500
4.06681799
1.48147701
2.32694867
5.66823246
3.12762401
3.11765861
5.82326228
4.78074121
4.08540197
2.28038754
4.11251661
2.52844524
2.72454575
5.98289670
3.90838978
4.50555363
1.85310581
5.36066082
5.10150200
1.62504525
5.79792931
3.65159359
2.53543217
4.64583325
4.67901782
2.09643861
2.78382574
4.25900110
2.73080727
2.87325482
5.48955312
4.43810942
3.16084524
1.83899290
2.13540297
4.85217830
5.10591321
2.22155836
2.64123907
3.78177227
2.91006254
1.62222628
1.87608382
3.28779641
4.23759938
5.47932596
1.01763936
5.32204258
2.25731289
3.33201844
4.19998926
5.34484405
2.38398919
1.22376033
2.60756229
2.97879773
5.71253793
1.90844962
4.17605670
3.77253344
2.48317572
5.27179932
2.45634051
3.61284307
3.60860788
1.75344746
2.62403238
1.38876643
3.69282405
2.34270375
2.74545095
4.70285874
3.07402076
1.80741923
5.44106910
3.61197509
5.51058226
2.67976119
2.25294650
4.27539256
4.25953649
2.73694700
3.08650993
1.04858995
2.81325269
3.44525369
5.85442828
4.88691007
3.58540839
2.34163911
1.22736035
3.15878024
2.77572203
3.46260307
5.55045958
1.20105388
2.68017171
2.64174681
2.40437303
1.61100062
2.31619575
3.32687281
2.89499410
5.63590440
2.64874534
4.14917055
3.99859160
1.71126969
1.46232890
1.03957154
2.65056312
3.67517551
3.33690009
4.55299604
4.76062134
2.25599635
3.84339277
1.14596852
4.00963816
4.74391844
1.35094352
5.46671594
5.70981682
3.30756031
5.38666311
2.86289708
3.79775744
1.04344863
3.74576836
1.98780840
1.31799824
2.72974422
1.23176317
4.88228797
5.71267653
5.42185027
1.51120837
5.61135967
3.56223020
5.84550486
3.87474096
1.42043960
5.85497510
5.22555421
3.26594233
1.51793324
4.66361851
3.29246218
2.61420777
5.65529846
2.56922397
2.13412555
4.90998373
1.42190385
4.12400237
5.05187492
5.49491118
2.95378803
2.94098823
3.22453761
5.39109071
3.01999023
2.02984131
3.71476267
5.12966317
2.23849058
4.18361429
5.94284992
2.20722759
1.62073617
3.51251809
2.32422457
4.02859048
4.47775150
5.59992030
4.28034823
2.79650609
3.76420487
3.73670059
1.59589563
3.37522153
2.60554180
5.81758167
5.25784528
4.55783153
1.55716756
3.83332767
2.96887216
1.56197077
2.18717966
5.57317492
3.81598175
1.89977582
5.05258258
5.80120576
2.77732847
5.23312843
1.84427789
3.45851512
5.39100730
3.43199616
3.29317706
3.57112491
3.85843775
1.08151058
1.83704956
5.74409413
3.82466232
1.19281517
2.61745874
3.15882489
4.12510037
1.20547094
3.27436967
1.65809862
2.81342171
1.64837508
3.49250135
2.12806375
2.03237378
3.45602316
4.18175665
2.32565865
1.84650235
5.10307531
4.49136217
2.44246308
1.45438863
5.88936883
2.10470262
4.96164968
2.51367697
1.12779998
4.07400662
1.20472640
3.26392635
1.18817371
1.05954742
3.86154265
3.18307733
2.64173850
2.55912966
5.76424840
2.86972427
2.72548106
3.46635685
1.24846847
4.35581061
5.37539922
3.09028008
3.21905532
2.11696461
3.81819838
5.20803105
4.11083552
3.49835319
2.59671328
1.50320887
4.44543800
5.29429469
5.65264028
4.15713491
2.80351025
1.83532695
2.19892248
5.79237873
4.45856150
2.51611598
2.36265736
4.39670772
3.38674309
1.45440366
4.52824174
1.35308736
4.13975677
4.46177064
3.80142773
4.93357499
3.44069362
4.13172356
4.67108400
3.34167284
3.16112171
5.35364434
2.67103470
2.96245108
5.41958092
3.53035523
2.32493175
2.34978491
5.29548121
1.14409519
2.85950107
2.68638688
2.49815688
4.85596400
5.84373684
4.12972169
5.21967701
2.15650902
5.08299728
1.33388218
4.31437197
5.67299712
4.57802646
3.33634698
5.40158081
3.88867199
4.24148764
4.33524840
4.02577521
3.39133443
5.22169071
5.16711897
2.70614521
1.33704191
5.26912553
1.63057262
3.67336137
3.92749378
3.53172353
2.38527656
1.96322964
1.03839062
5.69625570
1.77889960
1.98525109
2.22612138
2.50398585
3.50224552
2.90985968
1.05068020
3.63792822
4.92301425
2.45376062
3.69663742
1.86735680
5.87384200
2.65200052
2.30792620
4.48437597
4.73647232
4.78309047
1.17654845
1.60043545
5.13086666
3.08584696
5.18419235
3.19195399
3.23929300
4.63103379
4.77707815
4.07925263
4.71819836
1.57605424
2.68975097
1.75858626
5.81599264
4.95677711
1.89840918
5.43124915
1.35751185
3.60825587
1.49783470
3.21581211
1.90440428
2.23803825
1.82096903
1.70007364
3.97725968
3.11563657
3.96329530
4.28007143
4.64599364
2.33445776
3.58583377
4.51755011
5.06957401
4.72425032
3.44487618
3.67891479
5.29814748
3.85033234
2.37146382
4.13346221
4.53725977
2.26919517
1.58069562
2.10337127
5.40617605
1.48845051
3.25562709
4.87059805
1.88506615
4.60367866
4.69192879
2.73575383
1.61753711
3.08796256
2.12050462
4.35179627
3.08793900
2.95542932
2.20256669
3.36272891
4.59305421
1.80288893
1.51561545
3.18753096
3.63497261
3.87983176
2.86352119
2.20652378
4.72966804
4.20404275
4.53733714
1.21686995
4.10129444
3.21658460
4.65723589
4.79269201
3.35652491
5.97581442
2.21543971
4.86143777
4.14113263
4.37660251
1.53435293
3.42090442
3.70097226
4.33043776
4.51619098
2.68131149
5.02383116
3.76830531
4.59687684
4.11577955
1.24329657
5.27602931
1.87823208
2.81357464
4.75059361
2.21735922
1.99266688
3.30781485
3.08880485
4.45086411
3.19156245
1.62855098
3.39325184
3.84135695
5.62397999
2.93002638
5.68311629
2.37502322
2.31161434
2.65553726
4.58737155
3.01084534
3.79817733
3.11395178
4.58129650
3.67172014
3.56953743
3.60915036
2.09052247
5.76053128
2.16159758
1.22921834
4.05373222
5.07428513
2.29645474
2.18920173
2.98255631
4.30941805
5.65799124
4.63392448
3.07141012
3.86095819
4.12359177
3.23130829
1.43825148
2.20604664
1.84080052
2.18863023
2.66052881
1.74831372
1.75182126
5.75224647
4.04369901
3.03493821
5.64396012
1.33479893
2.75113906
4.22531118
5.00330674
3.46335228
4.35631984
2.60275566
2.67878476
3.34907923
4.46677239
1.82363846
4.27456860
1.41706775
5.82441922
3.06762428
2.27490015
4.25786364
1.31178446
2.89618629
4.00443699
4.60603063
3.28569965
2.58247336
2.82106443
2.83210626
4.91040462
2.11416389
1.45199653
1.55090116
4.05516932
5.69318241
5.48711790
5.08042968
2.83624919
5.09453806
1.94876856
2.19241670
5.09139871
2.96473758
3.12118953
1.71909772
2.64332128
2.33314969
4.84601695
4.74496175
2.89609363
3.10352561
4.01667923
1.22047733
2.46928583
4.94503352
4.62220449
5.57323793
2.65546856
2.20131480
5.33142549
1.22716029
4.52907393
5.60213899
4.04726729
4.62041515
2.67291978
2.64639411
3.21685888
5.36696193
3.45163637
5.50982176
5.91951533
1.44544225
4.37101350
3.72976336
1.17783207
5.81456095
1.73493186
2.27714740
1.69760772
3.51899228
2.05681971
2.01918971
4.83420818
4.31859148
4.60400088
4.11222061
4.34419235
4.08181420
5.24813807
2.18136694
5.09317932
5.84854517
1.25424200
2.91242530
3.87943956
1.58606011
4.64917803
3.10233646
2.76667847
4.51388830
3.84677290
2.52063263
2.51184068
1.51945343
5.84277056
4.88875055
5.88113780
5.96834531
4.69502408
3.68210587
1.77028256
4.25396096
2.43220503
4.62748016
1.32723765
4.13534748
5.84147884
4.06300327
1.80555001
4.46492796
2.71929990
2.63849175
5.08518082
2.77619211
3.67073869
5.08005133
2.96104848
3.63343287
1.04633189
1.37583928
5.03641740
4.17050443
4.33985905
2.24213341
1.83168037
2.17391475
1.65796363
1.11403939
2.33563609
2.98914153
3.62916569
2.21820998
3.33644836
1.82092352
4.35532570
5.10201977
1.46722859
3.31272415
2.32652793
2.92215896
1.82450041
2.06314011
2.31792429
1.97425250
5.44832419
5.68452952
5.45533044
2.54379645
2.91597119
1.62961020
3.26006163
4.87860613
1.16588231
4.08452467
5.54115070
4.65650988
3.64811571
2.31243238
5.56697177
5.01287184
5.54822156
4.77186727
1.68441544
4.29560768
1.55387129
2.75193832
1.22188990
2.05684149
1.17175411
5.06624717
2.46607423
4.22766126
3.54412469
4.21469939
2.18878923
5.34423648
4.99158535
5.32398935
1.66059477
1.51978715
2.89660204
3.86149106
1.45653487
2.53870895
1.16002886
1.61288530
1.36534948
1.96898884
2.27343948
3.53164333
4.17871984
2.06055809
3.35997773
4.90026725
2.47772890
3.96534989
2.49613336
3.66200240
3.25946398
1.55572681
3.73046382
4.94188610
2.46108306
3.93904160
5.80070936
2.61302527
2.33897217
2.30606526
4.29962701
3.49470096
5.03785734
2.67978067
3.47759045
1.39132643
2.42366383
3.64977021
2.86570733
1.97473524
5.83305537
5.51854373
1.16978430
2.53729213
1.38420141
2.21333053
3.47956332
3.24170082
2.06342668
4.62501799
5.65965144
4.78817499
3.21076102
3.05123159
2.08261071
5.81513880
3.12754288
3.50043868
4.71865593
2.03137834
1.26840418
3.64709245
5.44196607
1.51237245
2.39919143
2.13413624
1.52614115
1.02943657
1.83642520
2.14983252
1.29997075
4.24661432
3.66128191
1.24328768
2.28231363
2.42749492
5.94406423
3.20088530
4.61816093
3.53411704
3.43972522
5.52903872
4.94725882
3.64588858
3.93099189
3.25339947
3.94614048
1.13230348
3.00651168
3.95833521
3.53195312
5.41471824
3.26448668
2.39178895
3.28370364
3.16635953
1.01847993
4.71947376
1.04887700
5.92411582
5.93624245
1.32991579
3.32994547
3.09981897
4.64303377
3.70055406
5.09897511
2.84319119
2.24025819
5.49861126
1.72598830
2.96521732
3.59433002
3.10368667
3.12834927
3.80244742
2.89927885
2.92816275
4.79834342
1.39393809
2.76322585
1.13398226
4.63221149
5.33874908
1.36077064
3.98881570
3.39781752
2.16992183
5.07153990
4.59101995
5.01526428
3.76872487
2.62443064
3.97226179
2.70426429
1.27995543
1.81594691
3.64166459
5.43681653
3.98578289
4.19174575
3.97950649
5.33037202
3.74380551
3.08909144
2.06677417
4.77558354
3.76771358
3.64413163
1.62543075
3.70806874
3.88050734
5.87527160
1.85051106
3.84326066
1.83615232
5.95969824
5.67778394
1.57901715
4.10266679
2.11530955
3.11964212
3.15760049
2.62597055
1.96970380
2.91826637
5.43606206
2.82868049
3.41999122
4.14138486
3.95486423
4.50196111
2.33427489
1.24578232
4.97538378
1.66332547
3.18372293
1.35202874
2.67815842
1.00198048
4.08298597
5.33686572
2.01950145
5.62021717
5.60981878
1.21473234
1.92230891
1.59000722
4.11940713
5.03570296
4.95916114
2.84518098
4.60609777
4.09356927
5.74756461
4.36937311
1.12974467
2.06609901
5.53753378
2.04762972
3.64423565
5.28206743
4.39356401
3.23572023
4.06421458
2.64015484
1.76303907
1.65758617
5.49858180
4.83815808
2.73163831
1.04103392
1.77580472
2.08334619
4.88750170
4.59903670
3.28991734
5.95362312
3.28766543
3.49439869
4.50459708
2.70311538
4.72423720
1.50584894
1.45689612
1.22480086
3.34932995
5.74192103
3.68683709
2.79800999
1.10605522
3.20453319
2.16267586
2.39248237
1.54078457
4.84755960
2.04645270
2.93682385
4.99605848
5.34867433
4.21651249
1.88260245
2.30434922
1.73840060
1.09274141
5.43211783
5.66450664
4.21290775
2.84985619
3.80550105
1.97302489
5.58221279
3.00145920
4.28991984
5.43290468
2.83985957
4.63375336
2.96020296
2.54923938
2.03191328
3.39756079
5.83732502
5.76186600
5.98151866
2.45912434
2.84133534
3.92438338
4.30087265
5.78635651
4.71213942
2.92219132
5.58705448
5.82375233
2.65997463
2.08033535
2.62478421
2.29586632
5.94363191
3.13899477
5.96214174
1.67958456
3.96588619
4.80831469
3.32011954
3.99666764
1.46088133
5.93659946
4.16039992
5.79121245
4.59729194
2.66204317
3.36598911
2.35654876
3.53512736
5.43731521
1.66560236
3.94116307
1.38547317
1.23133518
5.21552362
1.36579560
3.39495587
2.58010195
2.98385656
1.38989981
3.30518741
1.37887811
4.38468888
2.53495505
5.54807109
1.62551282
5.38800422
2.75819594
3.58805039
1.82710461
4.27074341
2.32043378
2.20082888
1.90120154
1.74203660
2.94681008
2.70470570
3.41369925
3.61934533
3.57430698
2.58662742
5.51766953
5.08136717
2.84315860
4.07277689
1.45342281
2.08861168
4.34322731
3.99667329
3.74681848
4.43535102
1.38694531
5.86126844
1.95057767
3.45023031
3.75733961
4.85156284
3.90626505
1.25148684
3.07647440
5.33825403
3.90057894
4.12202118
5.85362293
5.25954086
4.93026494
4.71628458
2.19463865
1.84736230
3.60073605
1.94314111
2.96909687
2.17721996
3.33348382
2.26582835
1.91833978
5.69974233
2.75949069
1.38242259
5.81784474
4.52096650
1.98674395
3.63961143
3.04736438
3.03186276
5.24999701
1.71213423
2.53182198
3.37208033
2.02426518
2.95426678
3.34850356
1.00567039
2.59807118
4.08374738
3.79893356
3.77631771
3.28981019
3.45936354
4.45797081
3.61630620
5.72617773
1.90909028
5.77288001
2.55822864
1.00453421
3.88548677
3.91993781
5.82374818
5.09426071
1.47956786
1.65778713
1.05320161
5.80223016
3.60536458
5.26127352
2.73842267
3.18486843
1.34792246
1.78665019
2.70503077
5.92805069
1.20185378
4.01233787
1.16699745
2.27416121
4.65130717
5.61613893
3.08424219
4.23467936
2.47214176
2.28094647
2.96324194
1.61203202
3.27124104
2.35132550
4.05233820
3.63531374
4.39556962
3.87138891
3.33001154
1.50371065
1.50531143
4.89241284
4.52954000
2.88571381
1.15302806
1.01264843
2.48208524
2.34186265
4.76728646
4.46155689
2.61853132
4.96795968
1.90892456
2.51973662
5.90575722
4.38233496
5.73659681
5.62139137
2.69412716
2.93645349
2.75226741
1.65932230
1.83975532
3.98834050
1.34494336
3.43787981
1.48871407
2.86209044
1.94145867
5.12559949
4.55323100
4.18701510
4.01708381
1.26863482
4.18572982
5.47341525
3.40793534
2.35460475
3.51023719
1.68892032
4.67464835
4.07386043
5.07837248
2.24397026
3.34684483
1.91496022
1.58628250
4.01520654
3.16613147
3.25058893
2.45815082
3.01293258
3.65848745
3.91028374
5.14122211
4.05879137
4.00300366
4.78189908
4.06780952
5.75152795
4.00230593
4.21327370
4.95391721
5.27504888
1.56118374
2.97131852
2.68558497
4.80059977
1.28574844
2.92374135
4.78776736
3.75414603
4.24890945
2.19862844
1.20266892
1.80510237
1.53337874
5.70262914
3.68239130
3.67130296
1.54634075
3.98680458
2.91317943
3.65917809
4.26715394
2.58131951
3.95540421
5.04289479
1.28902715
1.21084393
5.65586024
4.05086860
3.77683694
4.48030368
4.34941093
2.33545298
2.09666736
5.50774236
2.92915167
4.65840126
4.97005793
2.99354606
1.77300666
4.28126494
2.44038632
2.86290387
1.14619791
3.70038216
3.86458587
4.00464530
5.66074854
4.24841126
3.49605152
5.95177792
4.80377763
3.38011791
4.22091791
5.39815865
1.11573338
1.69472063
2.64794761
5.10653681
5.50906653
3.78967905
2.31134144
3.51422210
5.69958861
3.60426292
3.28642488
2.75612068
1.54056241
4.05220845
1.38217062
2.06686400
4.99835549
5.36164172
4.38493427
3.85399362
1.91442516
1.88136882
5.98890570
1.00617592
3.91891546
3.26348820
5.24615834
2.16146941
2.78490614
5.32471383
4.06961068
1.25177000
4.05928242
5.79819880
1.77374467
4.29548180
4.42746288
5.23315838
1.36985162
4.35971735
2.44725546
2.94409973
5.65544472
5.17818920
4.03557745
3.96161370
3.64308460
4.00742823
3.45559869
2.04286217
1.93525842
4.94181956
3.10721824
4.95624395
1.92342955
3.69069997
3.77808637
5.29913242
3.60648139
3.44567699
3.30430704
4.22169153
5.10331275
2.22442422
4.98942382
2.63898199
4.07434857
4.35324699
1.33847513
3.18700869
2.04650783
5.52321115
4.41322601
4.52892333
4.61626515
1.19585293
1.66881388
3.20192413
2.52765183
4.71045314
2.78590800
2.41387725
4.30941225
3.01533214
5.59224742
4.79546344
2.41236010
1.86411697
1.53051303
4.67661910
4.29981188
2.03171536
1.66457652
4.91683307
3.67761013
5.65481831
3.34317602
3.45287103
1.75373251
5.32290920
5.31016507
2.65386821
4.12011181
4.76649870
2.24609215
2.25534845
1.36161353
1.73189666
4.96066205
3.38723547
4.91092831
2.31229010
3.27453196
1.16670958
3.85648359
4.13298645
3.10807405
2.98897177
1.52765835
4.46791845
2.54161639
5.35549715
1.66314492
5.79215764
3.26492512
2.51183184
5.03103814
1.24226262
5.56323705
3.85080262
1.51119236
2.84756143
2.99416262
4.84130692
1.15086743
1.68945133
5.42667876
3.88052309
2.62423286
2.91475789
3.90388964
2.99506818
4.20671158
4.93914580
2.65017339
1.63472252
1.93946819
2.48728081
1.79692649
5.15497892
1.51187807
2.18142181
5.40678598
3.05974885
4.71610000
3.15663958
4.02262551
4.10471009
1.59471285
3.18993034
2.17470576
3.22039967
4.85781399
3.71688257
1.49828538
3.52138461
1.31930886
4.10178160
3.82718671
4.88656937
4.30389605
1.94736228
4.84993310
5.53256625
2.79826590
5.99486296
3.68905431
1.30745172
4.93533073
1.28335781
2.66716342
3.10029967
5.86318779
1.31306670
2.16286669
4.63051204
4.59652882
3.68772624
4.97414771
2.13179885
5.79414985
2.38716954
2.16649045
5.10408407
1.05012805
5.82776982
1.68884585
1.74177155
4.00741636
3.18387098
2.82502347
2.07158700
3.96160750
1.14002162
4.07487672
1.80425840
1.46123480
1.98776362
1.62366841
5.82199914
5.35225340
5.53166791
1.98542475
4.83225553
5.66258028
3.98077392
4.55433307
4.60536478
3.36331077
4.32084122
1.05598187
4.31128047
2.34327063
3.63087768
4.67740514
3.55375197
2.64095225
2.55903343
1.92264598
3.88843154
2.12191944
2.43665994
1.97132115
1.86721918
2.18099228
5.10739423
3.02511909
1.28138183
5.77874118
2.89655490
1.35622093
1.43098959
3.06407187
1.75469552
4.59847004
2.42213903
4.14326949
4.58136680
1.35415118
4.02417251
4.16633580
1.26825834
4.06514853
5.18829355
5.03059642
2.88593861
2.98695321
5.46201163
3.64742114
1.56015409
2.20865934
3.09986756
5.15978763
5.42060064
2.21414209
3.38278102
2.79687282
1.12950796
5.24272712
2.57276843
4.54867495
5.07529725
4.47675618
5.94708981
1.66189889
4.60774755
5.18470428
2.72024058
4.50227507
2.54905508
1.73932791
1.46149773
2.78367484
2.58715583
4.79939633
4.28160045
2.99762955
4.58472207
5.81079860
3.86998364
5.33620339
2.95410272
3.79940074
4.03292982
3.01590867
2.28367200
1.67637191
1.17595045
1.99103303
2.67684563
4.97047752
2.99729352
5.18316807
1.69743522
1.08597242
3.16408997
4.92293528
5.41380451
2.43539138
5.92243788
5.95419430
1.40298132
4.72114775
1.28557217
5.52593770
1.41173306
4.37708734
5.83181727
1.50942228
3.96564572
5.90092452
2.25166376
4.62590661
1.95422280
4.21198337
5.98018644
5.53295428
5.07845742
4.98830008
2.75002166
1.25517000
1.09949294
2.43658585
2.25788710
1.10025718
5.73889073
1.42272432
5.75454772
3.39646847
2.61243407
1.16555497
1.98834771
3.02716160
4.08382974
4.63009716
4.14383145
3.50781851
4.84938971
4.73676971
5.15120631
2.21733317
4.45079968
5.95047959
4.77484819
5.10666959
5.89517520
2.67886342
1.33885648
2.79343330
1.86828484
1.17488798
5.77772099
4.22103311
5.48034898
5.81912299
5.21710753
1.10773370
5.50021880
2.29621294
1.64399477
1.10705857
4.12276712
2.35456680
4.91104034
3.10099547
4.57949768
2.65547634
4.67501223
3.28682861
3.54096749
3.31643804
1.57503109
2.91397088
5.06263346
1.80331162
2.53862137
5.67694211
5.67794551
1.02827218
4.43130560
1.15393250
4.62242942
5.09772448
5.05158536
