-10.62016519
0.74502837
5.09238640
-0.19779886
0.62774175
1.13164957
0.43069520
-0.76775600
-1.49847060
0.67838296
0.30880580
-0.58420716
-1.57073932
-0.00435694
3.76956228
-5.02764578
2.61744059
-0.91117994
0.44394170
-0.42285173
5.32927086
-1.19452044
1.53014635
2.00431674
0.73802766
0.66381623
-1.46536747
-0.75470008
0.17834003
4.09387776
-1.17123103
-1.71587562
0.93096571
2.41993884
0.54996927
-6.03981706
-0.07095448
-1.05198529
22.18178279
0.48025766
12.04469162
-1.75377656
3.06456295
-3.53287449
-7.09442419
0.87218653
0.52685512
-0.14409822
-2.58364785
-0.14405531
3.89148034
3.53007352
-2.03740587
-0.61243680
-0.44816991
-2.08764654
0.07506857
-0.17768819
6.60794536
-0.37310833
-0.23474751
0.83538362
13.17467036
6.28541963
-0.48080120
-2.90072949
-1.56434952
0.07072886
0.53991524
0.00870283
0.65272554
-0.53644067
-0.08871870
-0.77448510
1.03857898
-1.84348042
0.24764439
1.12950008
48.40907930
-1.21800215
-3.28827825
133.05085164
0.34659592
-0.73058401
-1.40205773
-2.18402003
-3.12803501
-0.26425013
-1.43298924
1.78086863
2.54751153
-3.72160074
-0.40693100
-6.34896173
-0.16143255
-3.44147056
0.74179743
-0.93631750
-2.52105209
-2.67222284
-0.15190191
1.03427727
0.92167889
-0.30438107
-0.17540972
-2.39881299
-0.10170849
-4.84338268
0.93739900
0.55973049
-0.54844159
-1.74062180
-3.12180446
-3.18135368
-0.07765084
-28.10708193
0.33358093
0.29701788
0.45143736
0.78895833
0.77360133
-0.28252143
3.21500352
-0.20747441
-0.47038582
0.19648427
1.00425304
1.69603267
1.71537703
-0.18342129
-1.30041103
-1.02786239
-1.44662862
-0.06138531
-0.27176095
-1.36767887
-15.45349166
-5.74735336
0.32759139
2.58362110
-0.62276515
-0.95924737
-0.84526289
-5.54522077
0.54834947
-0.93577174
3.42674684
-0.01641249
0.23731228
-1.21614063
-0.83901451
-1.43878919
3.42735735
0.14958476
-0.70697856
27.17702639
0.92749314
-1.23136305
-0.90090782
-0.36946976
1.81123239
-3.27275980
0.20862374
-2.87248174
-0.28450273
4.34255170
-9.06978296
1.44227894
-0.31647895
0.26242611
0.30358805
-12.36112861
-0.06881683
0.45232135
34.19027397
-0.13277551
-1.20471077
4.62824417
-0.54673533
-2.36032599
-6.28842442
1.05891199
19.60775430
-0.39638883
0.53291102
0.18871891
-1.45889494
-0.75919683
1.41274206
0.97482985
3.13174239
-0.60885626
-0.01668300
-1.45254795
0.71387051
-0.84364087
-0.16363465
-0.17083078
2.11716091
-0.27154109
0.20847829
0.78680670
-0.68332510
2.28968220
0.95091732
0.26277425
2.54838144
-1.71129608
0.14726234
-0.05839809
10.33515115
3.15162045
1.53559941
0.83915492
-0.80833010
1.84465530
1.03662623
-1.78618451
0.57299259
-1.10464555
-2.13620431
3.14312112
2.01665835
-1.27186828
1.30517938
-0.35082627
1.15615916
0.45446354
1.68006220
0.70241919
-1.34749005
-0.29310348
-17.37543993
1.16992370
1.00325369
0.25630436
-31.24484531
-0.09215530
-0.22470726
-0.91489150
-0.67741436
-0.90668395
-1.36720883
-0.28612694
-0.15376699
0.92478724
-3.77914628
-0.87932878
1.15294737
-0.93772590
16.58367250
1.70266332
0.27783255
-0.29420549
0.21582708
0.21922988
-2.97465677
-0.78021914
3.56014196
-13.78751578
0.79147474
0.15128127
-1.73219666
-0.94003254
-0.03346741
0.84135564
-0.50730293
0.55594132
2.68537242
-0.23626616
-5.80992224
-0.06467358
3.34008394
0.25046129
6.81624229
-0.34376136
1.37837075
1.62609861
76.74180808
-2.50796690
1.81124694
0.09089193
1.24043590
0.33606726
5.44571320
0.44262181
2.12515312
-0.35372340
-0.47522833
2.82333245
1.18664849
-1.07282568
-1.08957669
2.47885795
1.28726140
6.09167706
-0.15802426
0.60061911
-0.56169945
0.19701272
-0.36690760
-0.24074090
-0.47902691
-1.67081463
-0.76132208
-0.16287002
-1.62322268
-1.16855066
0.22284993
-0.63297096
0.86240982
-0.04637634
-5.00236929
0.58439974
-9.78671639
-2.51011633
0.08925813
1.16771339
1.33202232
-1.96899792
-0.35482368
6.10077935
0.83322653
2.57941637
0.23137928
0.08106335
-0.05012941
-0.37201158
0.82341718
0.98714052
-0.46803504
0.22777628
-0.34788518
0.58489105
0.17293374
-0.14139532
-0.12484794
0.85389142
1.34360449
1.24279399
-2.47383300
-0.62139732
-0.53729095
0.32999780
0.57356757
-1.81148235
0.22850066
1.61920912
1.15856925
1.41364342
-1.06280393
3.52745661
-2.87362186
-1.08508021
0.31162997
1.85860996
8.42230372
0.66874045
-0.33641288
-0.37361564
-9.74425382
-1.14254253
-0.80828532
-0.52028200
1.83942943
-0.11029043
1.54320722
2.68358223
-8.76769792
3.79490257
-0.12931622
-0.38842618
7.81498955
-0.41259563
0.40485016
0.86901367
5.00358611
-0.69232188
0.41646817
-1.85446169
0.46228799
10.72945682
0.39467958
0.81112720
-0.19371923
-11.75134646
0.75340224
-0.94700759
-0.17601300
4.11072782
0.48430510
0.26885412
1.00692183
-5.25891840
-0.03013097
1.87923796
0.00299906
0.62310951
0.01752068
-4.63667007
0.18142831
0.72345667
-0.42485444
-27.51155170
-0.47050051
-1.40436378
-11.59802700
0.13750646
0.88823994
-0.28242967
0.68264009
-1.15466248
4.36053372
-1.54985072
12.82517509
0.20494246
-1.37487676
0.81556622
-0.70396194
0.88423222
-0.90569197
0.13973314
0.82133386
1.07643266
-1.76369097
-2.12723774
-0.84415871
-0.53359645
4.27487186
-4.31227152
-1.29884912
-0.55293757
1.87444744
-2.01977289
0.30852536
-2.95753782
0.80618445
-0.58905036
-1.29462904
0.12978499
0.48479013
-0.78985154
1.28454630
-1.03263648
0.69471039
0.83140661
-4.08403135
-1.07856666
0.12908697
-2.12214958
0.63377401
1.35825528
-22.31206465
-0.59441395
-0.62268548
0.84166698
-0.14903975
1.08634854
-3.66108935
1.35886491
-0.58546150
-2.36570108
-1.03405145
-0.42221347
2.33519414
17.44635503
3.45501719
-0.73466694
0.78943449
-0.06695329
-0.41846552
0.59565142
-0.25788931
-0.38122186
0.38329363
-11.57663370
-0.66876762
-0.23942125
-0.27681294
0.43612451
3.22570910
1.88940393
1.01722215
-2.26727796
-1.05632214
-2.02694431
2.83272893
-0.76087536
0.39732436
-0.46458667
-1.46824336
1.57603277
0.27183917
0.24003369
1.31254829
20.41576295
7.00368934
5.02424884
0.78156443
1.07911131
0.04975638
-2.72191188
-2.16974669
0.56195960
0.46562196
-0.27723173
0.22889797
0.41779122
0.95309966
-0.21625191
0.01950573
-37.34521299
1.03041441
1.05450498
-0.07705471
-1.33814264
2.07730682
0.06456966
-0.28647890
-2.67205750
3.04401297
-0.46118814
-0.81772653
-0.05833069
3.80655308
0.22062933
-0.53283507
31.86155242
-1.82211594
0.25162719
4.87364421
-4.10672291
-0.28340145
-20.53263795
-0.99939445
-0.28962792
-0.23669064
0.59780644
31.56558460
2.08010749
-1.78614809
-2.80302928
-1.70830659
19.66261216
0.57030027
2.05907964
0.26870977
0.10116397
0.78230793
-1.43475214
-0.07421737
-0.38566370
-2.16450585
-1.83898493
-0.22717668
0.85942051
-0.20330538
0.71583213
-0.03982314
0.45828492
-1.20890973
-1.30404488
0.04693211
4.94799301
2.87343763
-18.77553916
-1.28774072
1.32342701
-0.36283942
-0.05837659
-41.29081488
1.14012865
-4.18765330
-3.81535557
-2.25587325
-2.23632382
-2.38944531
0.35654161
0.86751313
-0.32100859
-2.35183992
0.74875143
-1.00044368
-0.01579104
-0.55278396
-0.16844371
-2.07687248
0.06691483
-2.25154107
-2.81674761
4.91366933
0.76569615
3.38273396
1.86329803
1.13824924
0.83847655
-0.82010058
-0.81419295
-0.10330391
-2.06421131
91.28564594
0.09807403
1.42091478
-1.41571407
1.37770833
0.47021446
-0.22338131
-1.16230055
-0.88422708
-19.41082428
-1.46763954
38.73479056
-0.51148410
-0.06427751
-0.08322920
-18.51313973
-0.42551702
-0.03334499
-1.53844223
1.38062512
0.07933671
-0.58527672
0.23746259
0.00292837
0.66087586
1317.00618918
-0.02555637
1.31968487
0.72292449
1.56856703
1.10602602
1.06506910
-1.39179177
-1.76742051
-1.68260838
-0.23658996
-2.89497752
-0.28548030
3.71838033
2.70319107
0.87191170
-0.88479357
-0.17548904
2.18985497
1.42466932
2.07580996
-0.83314582
1.12530091
2.20531570
2.48529657
1.28493981
131.09484455
1.59286281
-1.63492706
-0.37976601
-1.14388297
-1.46260926
-0.53246735
1.41614786
23.77764051
9.46456169
4.78836921
0.90655563
0.84086932
0.43543042
0.33452010
-1.46507680
-0.33533688
-0.83632171
1.25907763
-0.92740621
-1.43790985
17.54496776
0.70398293
1.76677690
3.49994322
-0.61675780
1.42808172
-3.16162471
-27.40106570
-0.57763390
4.83258123
0.91443369
1.01540910
2.14877969
-0.55992076
18.27578874
21.57657599
-3.39212693
0.04737625
12.87565730
-0.14394536
-2.57923094
2.77463584
0.70191242
3.01039734
0.29631233
0.18777661
-1.11181858
-0.06039675
-0.28938450
-0.50588753
4.41862189
0.23351874
-1.44299078
-0.10665400
-0.11784235
-2.07406032
0.04896524
-19.48185726
1.18255373
-0.94223867
3.37891378
5.26307097
-1.46075504
0.94110962
0.71268204
-0.23827076
-0.59762357
0.50503655
-0.36410307
-1.18295837
-2.46898855
0.64474455
0.04762012
0.98036397
7.38051101
-12.85822549
1.41938090
-0.98598547
0.14886945
6.15923650
-0.05537121
-0.18198550
1.15360113
5.65681320
-19.86495787
-7.28635555
-0.92535123
4.25818155
1.10576698
4.40450736
-0.38724970
6.15432483
1.08742336
2.77113780
0.04599841
-7.08161944
1.76187485
-0.27458398
4.55229746
-1.63536357
1.54178548
-19.66276221
1.13555744
-6.71355683
-1.69485124
-0.57466429
1.08110341
-0.42819033
3.16166991
-3.86675241
-7.44258709
-1.17320879
21.83657774
-0.00755956
-0.14689568
-0.73827511
0.21130451
4.27974032
0.26340436
17.35073810
1.51367520
1.43352024
0.07484462
0.31209694
2.45571213
-27.80171173
0.95046599
-0.16938268
11.04714730
0.26236285
-2.00076371
-0.66170366
1.98165408
0.71678824
-0.85918012
0.73011736
0.82486523
1.70202688
1.75076609
-2.18046679
180.82140774
-14.21326725
4.23962696
-0.52455352
-1.51444009
-2.78759659
-2.44085985
0.36053205
-7.98824371
0.29583137
1.48582128
3.02573368
-2.07944054
-4.19839675
1.75920957
-0.17676694
-0.90897354
-7.65052290
0.51813479
-2.27871536
4.45640543
1.37657816
0.10555407
7.45448369
1.26021549
-0.45258750
0.23205486
-2.35031709
-0.23746660
1.23352617
1.05614044
-25.45095671
2.45398775
0.35808399
21.87469942
0.43274865
-2.04755523
4.67877573
0.51924117
-3.60297223
0.78117771
5.63792149
-2.13705812
1.32079941
-0.30484504
0.44133649
0.62630076
0.80198568
2.11574105
-0.01773425
0.16242933
0.16174503
0.68824693
-0.75630491
-1.91915263
3.46623166
0.74601774
-1.29296848
-0.31963006
-0.19645244
-1.09993832
3.49338158
1950.52993204
-0.14022863
2.08142081
0.12287688
1.57948233
0.56532212
0.20537090
-2.47079643
2.77580288
-0.38074403
2.29320292
0.51424046
-0.55530132
0.35419651
0.69941136
0.16629379
-17.78255034
-1.15991920
-600.49237574
1.87992955
-3.94065841
-8.22931172
-0.01740053
-0.06104741
0.34079408
0.43760299
0.68632376
0.77410974
-2.22437111
-0.03304218
-1.22208204
0.08151448
-4.59094864
-0.26929463
0.93840647
-2.03284888
-3.37166901
-2.75075611
-2.02126114
1.52760498
3.42484580
-0.41695045
-0.60091574
-0.37341130
-0.61525004
-1.01991255
-0.42335915
-6.24334118
-1.56021653
3.06901278
0.72137558
-0.82375941
1.08859981
-0.10998445
-2.16778127
0.81433543
1.28928641
4.64919521
1.70149771
0.13572441
0.64726945
0.30349407
3.17384110
-25.14072667
-0.80347609
1.00774685
-3.72420480
-0.03645483
1.95146118
-1.18896163
-0.80149123
0.37734086
0.76430448
-1.96539065
0.02893822
0.18056368
-0.84976562
1.12763898
-6.15824563
0.10154889
0.63419455
-6.18738176
-3.10036505
0.19454667
-1.00879529
-1.96747121
-0.05295578
2.42363263
-0.48246120
-1.49901744
0.63701859
-2.15721565
-0.47538576
1.86645133
-3.33200263
-6.28786754
-0.45770587
0.47029330
-0.04802004
0.66424098
-2.96586415
0.79651049
0.71026663
1.04894963
-12.57236825
0.59513682
6.84870083
-0.60930573
36.74553063
3.04176692
-0.76905148
-0.38738954
0.47030904
11.22894589
0.67464750
-0.87098088
-1.67148933
1.32699353
-1.87578569
-0.19948001
-1.48763937
0.44590627
-255.03762493
-0.27833365
0.44198989
0.19237820
-0.33132740
0.66846210
0.59593236
4.45179930
1.61774348
-0.23663549
-0.76893714
-2.70796339
3.88841382
-1.91977065
-2.04687278
-0.10979288
-6.57087323
-0.64396796
-0.26714633
-1.22264311
-0.38289393
-4.12920087
4.06284295
0.44000286
-1.34896474
-8.07648841
0.90126105
-12.21374926
0.24967614
-0.02381264
-0.98538941
-3.74412638
4.60673212
1.38467828
-1.33428339
0.10091693
96.72985062
-1.90064461
-0.89571782
0.22426122
-665.67521331
2.51022751
1.32986579
3.39488169
9.75997878
-19.73682082
1.17908204
16.50801589
0.29743550
0.97025785
0.43626271
2.10865459
-0.83168537
-0.89340695
-0.04587904
-0.39006338
-2.31611956
0.48164163
-27.46467711
1.52785073
-2.87602566
0.15716048
-0.17434011
-1.16571973
1.02889709
-1.19973526
0.36062525
1.77054030
2.69073382
11.94077110
2.20956927
0.24306481
2.58400751
0.62156393
0.65938187
-2.58341374
0.51533184
-153.72398024
0.09691083
0.21289974
0.35616712
-1.55742001
-0.30124417
-1.51485012
13.99176380
0.03668677
0.43079833
10.40946033
-2.53897431
0.37800536
0.99143418
2.56023052
1.16997689
-3.10979310
1.64321338
0.22412658
-2.08819731
2.19847455
0.39389971
0.68680783
-0.50053801
2.31376261
0.14969936
2.35709249
-0.35414877
0.19311720
0.32085726
0.63701754
2.90194304
-1.18045822
3.32797330
0.51509762
1.80850802
-0.41369851
0.04479295
-0.04546827
-4.53667619
-0.52191395
-0.29719880
-3.34763327
-0.74645204
0.77541225
0.64039514
-0.17568710
-0.50826465
0.30539964
-1.07443505
-0.58671632
-1.15938486
-5.79220467
-4.92932620
-0.72264425
-2.02971493
-30.14619861
0.05843640
-25.71926661
-0.00439513
-6.83325339
-4.27719222
0.95637466
-0.79022190
-1.21199611
-1.29001555
-2.53394267
-0.70829146
-1.05690778
-3.31328869
-1.38185107
-1.71558877
-5.17557870
-0.10443368
-0.42877834
-1.42928020
-8.30167699
4.65338580
5.75936667
-2.08495812
2.02125178
-0.16847286
0.12588117
-1.53144225
0.55773718
-1.01634823
0.33588272
1.08271014
-3.06054031
-0.82406586
0.78199084
0.31514638
-4.64474177
-0.36086575
6.39787663
2.09456079
-4.20463646
0.90650417
-0.39472502
-0.70482558
1.01775162
-6.86636635
0.00042381
-0.02056106
1.19485057
-0.73325750
4.87832578
-0.19566282
1.34180887
-4.71171203
-0.29658580
0.50235951
0.50488274
-3.10780066
2.29130162
1.79975677
0.39000541
0.73858984
0.45175909
0.38748812
-2.96345203
-2.44633463
-0.07670286
-0.80454142
0.95756188
0.46199039
-12.89030437
4.36111308
0.49595161
0.19762833
304.96179020
1.36501859
3.04194029
0.67429175
-2.03556410
-6.74843954
-0.47530452
-102.98959068
0.58813551
0.04486264
2.93096336
1.58600368
1.23244839
-0.00275774
0.55036143
5.54780246
-0.83571334
-0.23678635
-0.86334274
-0.59802740
-1.35935687
-6.38018360
2.09627917
-0.30229056
-0.96901641
-7.44941587
1.00122357
1.12248999
0.48209670
-2.31172863
-1.16278978
0.69406765
-0.08515687
-0.21742289
-0.51916561
-0.78069852
-0.16571939
2.72418966
-0.19677555
1.59686153
-0.98047082
0.81600075
-0.93428749
1.07023253
-0.40784264
0.21228638
0.84533702
-1.50956662
-0.29789668
10.40709781
0.66882415
-1.43937333
2.96895268
-1.93457480
-1.70318953
0.21203456
1.54709892
-0.58085546
0.24892184
0.73702104
-1.12597921
0.03728796
23.78442797
-1.95823973
-1.29420916
-2.77828664
0.65965411
-1.95647609
0.55541703
0.34011569
-1.36047784
-0.08944872
1.62577280
40.01960054
0.45154223
-0.45227086
-0.43502652
-0.69670115
6.77566116
1.82647845
-3.94776614
-1.49314965
-0.10854014
0.41751526
-0.81276342
-0.17111315
0.36975050
1.25695234
-0.42431322
0.26713020
5.48903452
-0.09030997
-1.49978552
0.23739045
1.23436077
2.02120914
-1.03330536
0.05289329
-0.87289095
3.80953951
0.03736021
2.64726301
-0.31709419
1.62091818
171.63637690
-0.02522482
-0.27747363
50.83539664
1.12897896
-0.21996380
-16.21764235
1.99098910
3.08552955
4.78727503
0.32204601
-2.05631948
-2.71084320
-0.99206854
2.03762022
9.78508570
-1.63556065
0.06412572
-229.49478238
-0.65029692
-4.98213272
0.06878887
0.13214468
-20.29045056
1.86746902
-1.40603416
-0.29250068
0.28338884
-0.61814672
-0.36160372
-0.00485294
-1.16816712
-0.40234764
-1.05916679
-0.00943353
-0.85648089
-0.44531911
-0.61524575
6.20495643
0.71346217
0.83849476
3.11090255
-1.50013965
-0.05120285
-4.36756774
-2.85040203
-0.44212377
-1.07300527
0.35613808
0.29158167
-1.02790504
2.89294292
0.36212956
-1.81123999
0.35364845
0.38812468
-0.65714205
0.57294254
2.02183426
6.46644378
1.16994695
263.94460139
-0.29437402
-2.32165819
-0.77568095
-1.36698831
0.03031973
1.23824361
-0.42268347
0.63875215
-0.03068531
-0.39491934
-0.54479359
-1.90365714
3.43996666
-0.16274671
-0.47680406
1.08602158
-0.20528611
11.83233547
0.01603071
-0.01303743
0.88517525
1.35222856
-0.29987908
-0.64001081
0.43143970
-2.03959283
2.82366960
5.03435337
0.57880254
4.94037532
-0.94672376
1.08402136
4.25529963
-0.68026406
-0.13303172
0.76649620
-0.95368786
1.19269950
7.58652748
0.62222556
-0.63760670
0.43414425
-1.28751880
0.24593654
-0.29036619
2.05117624
0.26522194
-53.96222049
0.85847538
-0.16955856
1.41807689
0.65491494
-2.15596703
5.37686191
-0.77297328
-0.50024626
-1.06313018
-0.15094186
0.64113838
-1.00788483
-2.00688229
-71.37514074
0.32135271
-0.76333666
-1.20511105
1.10954448
-0.01759210
1.16771548
-1.33249861
-0.93572866
0.89910600
4.97133902
1.05463163
-0.86792630
0.15304787
0.23754955
0.96314572
-0.76857712
1.39375760
6.10445203
4.17777524
-0.26845302
-0.93535715
0.36136505
-0.33921479
3.25542873
-0.21188961
-0.71828063
0.39618031
1.82120898
0.44105506
-2.07009322
0.25083235
4.16085722
0.39184425
-0.85169983
-4.03424628
-2.31615673
5.92228436
5.26752392
-0.53919976
0.52682615
-1.23821514
1.20805011
-1.02174615
0.39811853
-0.02269920
-1.30406157
0.91352387
-0.45783302
0.28502905
-2.24942093
-3.10755932
-0.89596458
-1.08221125
0.28543807
-2.24387710
1.05956967
-2.57928584
0.47470827
-2.18493676
4.56255681
0.49483379
-2.67813829
1.59894247
-0.05372412
1.02890516
-1.39792228
0.81184289
6.16013206
-3.11070153
-0.25183240
-0.94930282
0.03818611
-0.44055518
3.30524112
-3.65083927
1.52914938
-92.75244082
0.59352032
1.83492517
-0.09799890
0.42842713
0.75409501
0.34462220
-0.13348522
-1.26699065
0.16484743
-1.56651825
-0.08890212
-29.69505539
-0.10481785
1.78879020
0.94241527
-4.27620675
-0.30951060
-1.95138656
0.77046818
-1.80743974
-22.15050927
-2.10317245
1.05054516
0.44269526
1.18806381
-4.86278878
-8.13646703
0.32360435
0.05244442
-0.48487878
5.93085020
0.27131022
3.26218005
-0.13212519
3.33773945
3.12739599
0.01155538
-1.03313351
-1.33890879
1.10765490
5.22687613
6.00678974
2.03148367
0.31056337
0.93504011
2.70343748
0.22304469
2.27087043
-5.79661487
0.06178871
5.18833055
-0.85062922
3.55213009
25.48992568
-0.61307543
0.07875141
0.88683982
0.65530447
0.43547524
0.33263805
-1.23603345
0.77842359
0.34107489
-1.68134767
0.41352321
0.91565520
0.77723136
-0.92712245
1.08217251
0.65941934
-0.77397846
1.36382000
-0.08580852
1.82906303
-0.57839964
-4.69961002
-0.20209208
-2.26187180
-0.32760853
0.42362555
-7.06469938
-0.38505271
2.52632537
-0.68374183
-6.38836585
1.11547197
-0.80702589
1.14540535
1.54499138
-2.44776846
0.28519525
0.15012221
-0.95208840
1.01524233
8.07695643
0.67822331
-0.15342628
0.22177129
0.18099331
-6.18611743
4.44038943
0.98486107
0.56531724
0.34046914
0.03698410
0.57943672
-0.24665056
0.32098625
0.38298687
-0.27212319
-0.45063101
-0.86743448
0.20370675
0.02594263
-0.13153076
-0.90584108
-1.81144906
-0.05613504
-0.66886668
2.05356350
-2.43459840
5.26363483
6.55326601
1.50690944
-18.19342255
-0.39071188
-1.23618570
-2.35330652
-2.89142108
-20.73407958
-0.65538855
-1.95724457
-0.19607591
1.06000481
0.75225220
-1.70282639
-1.10770555
-0.48599026
0.16618968
-0.00363377
5.45776597
3.98913669
-1.16471516
-1.24670030
0.65100854
0.11001010
0.52105807
-6.40714121
-0.69353312
0.06327999
1.26381547
-0.01120299
56.78869715
0.05108992
-3.70802644
0.30078650
-0.03135616
0.46012833
2.34726646
-0.20107056
11.33336469
4.98760862
-0.85069506
1.70878575
-4.06452989
2.53973221
0.44312695
-0.15465205
1.71279432
-1.10167411
-5.62838545
-35.72678374
7.73673445
-0.24492459
0.42491869
-0.81691331
0.65618715
6.93687185
3.72519562
-0.24835657
1.44582347
-15.07227068
-63.95624627
-1.06834105
-18.54358185
0.85856949
-0.03878257
0.87579954
1.93151273
0.20804028
-2.32083381
-1.12379205
-0.64493529
-0.36861124
0.00452903
2.14745757
-6.58178569
-3.04678756
-0.63581834
-2.04345344
4.27729713
2.35328762
2.40013927
-1.01653598
-1.31755365
-0.59335816
-0.17486257
0.47939906
-2.00043159
6.90810712
1.81358485
-0.14953860
1.39606386
-33.51924452
4.20170301
0.30224229
-0.14727076
0.43514875
-2.75802203
-2.33273109
0.15512227
-3.09782281
3.71929809
-5.43755592
0.72491509
-1.95223174
4.52519838
-0.82436907
0.38685747
-1.42870451
1.83366192
0.46809951
4.39366226
-0.84261548
0.18340510
-1.75162376
1.87464697
-25.71067088
17.70028429
0.90937959
-0.00420745
1.50873789
0.02794867
0.91096884
-12.88888525
-0.40147094
0.20407979
-0.05193450
-4.03322497
0.36564620
-3.40144184
-13.58143160
-2.50512636
-1.74131949
0.06667107
-1.20987575
3.54733254
0.23218135
-0.23124743
1.52859505
-1.32883217
0.16703081
-0.70726953
-5.45864499
1.74406671
-1.21798465
2.14765542
-1.55190661
0.90705103
-2.57200882
1.99099157
70.62687551
1.63910717
0.25958003
24.35474341
-0.00291649
4.93923850
-8.56828884
5.36789810
0.34581544
1.63216471
-1.40332578
1.74739220
0.32150900
0.41760505
-0.16558399
4.77155593
0.62697727
0.37832291
-1.42391842
5.28428535
-3.24506668
30.38292974
-0.60452752
-0.33935184
-2.32650903
0.69008593
0.83591348
7.09612032
-0.97114729
-1.16736197
1.35052001
-1.23074978
2.71478387
-1.07739575
-0.05020497
-5.26239759
0.17158677
-0.96630161
3.46717535
3.17224376
-8.93291720
0.46724492
0.30331860
-0.92541942
1.66981204
-0.22100780
-1.23091324
-0.30731389
1.52895961
-13.00524990
-7.87567308
-1.78522271
-0.77841936
-0.83900758
0.64307963
2.61259957
0.02241187
4.45606970
-1.65287572
1.06418357
-2.25667457
-0.66538765
0.95544230
0.83648536
-1.31877871
-0.15094695
0.40733139
-1.10488614
-0.38685843
2.93958975
2.42772749
0.16086520
0.00783379
-0.80691463
-0.35954389
0.12306642
0.32454049
0.05098531
-1.34513519
1.26621283
1.17453293
0.53994656
3.75459454
-4.78806535
0.43752496
-1.50657009
2.87769442
5.31120844
-0.97633125
3.71318173
-14.63871371
-1.12030497
-4.25995614
-1.42974636
0.84018769
0.90393356
-1.19240864
9.98509596
-1.43386396
23.64946906
1.04825126
1.70844896
-0.25024082
0.91902854
0.23821646
-1.57305510
2.51792902
-0.11747108
3.05927691
1.11922215
0.27683095
2.45187345
-0.91616673
-0.62870122
-0.06866751
-1.24323370
-2.47128137
0.72477336
-0.07571879
0.59170782
0.09894645
-1.93014174
0.36165774
-0.82868460
-0.96495734
0.01164377
-0.54801594
-1.95220182
1.22202163
0.80900647
-0.46665191
3.93675356
9.80687987
1.15228613
1.07276926
-0.43544219
0.23505041
12.16009704
2.22951026
-1.97516052
-13.78123876
1.27336514
2.68041665
-5.83789573
-0.58391644
0.22794465
-1.31415133
51.09220301
-0.88579447
-0.31135596
-0.83173081
3.37262172
-1.57975483
-1.01534005
-0.39987989
-9.06658078
-12.04791016
0.44260880
0.63188248
-0.43834291
-1.15373816
-0.73756351
0.61339389
-1.45447306
-1.05415315
-2.15618067
3.95387929
-1.42911266
-0.37657566
-0.81033175
-0.33432053
-0.36812320
-5.58816684
-1.77363319
-0.12958226
-0.67991669
-6.25423044
-0.49819498
0.25100587
0.17224504
0.40767039
-0.70758956
-5.04299302
-0.61559638
0.14659418
-0.47324250
1.04306664
-3.40374751
-1.32194885
-37.71278024
-2.86547633
2.62310747
-9.40908919
1.70318694
3.21335626
16.11265643
-3.46934470
0.62878467
0.97900569
-1.18878012
-16.88944019
-0.93687327
-4.12907252
1.43697863
-0.65214748
0.53142625
0.75813245
1.31216918
-0.87683922
-19.30389247
0.14401333
0.43269075
-0.24734234
7.69616214
1.59533303
0.79551407
-0.03139341
1.04877858
-5.89746615
0.40770459
0.26183578
-1.68745401
0.74342429
-0.20338445
0.55636467
0.11684782
0.84003544
-8.18423438
0.00516715
-0.80459658
1.58021194
11.02614525
0.65166794
-2.35590300
3.10261590
75.84255290
4.44211267
-4.63143543
-0.65907349
-1.50090770
-0.39717072
-0.45348981
-0.29210334
2.23567931
0.45490801
2.79775942
-1.22555183
4.33026423
-1.03920371
-10.02823054
-0.34650896
0.19874908
-0.53985092
0.33433397
12.45385804
36.93658704
-0.13496143
0.86892444
-0.61683241
0.73104232
0.72133512
-65.63228596
4.27302900
0.10375333
-3.68705522
0.62066681
-2.38151481
-0.45380106
2.30006380
-1.16177641
1.84483931
3.57889026
-3.73047195
0.41765102
-1.38448982
-3.93988006
-0.02932072
-0.51662314
2.37139914
-0.15880814
-0.28418193
0.74699054
0.11182811
-6.78343699
0.84799910
-1.43838304
-0.54690130
1.80976414
-7.20423125
4.17352391
-8.60579107
-6.41341265
-0.32916209
-0.96691456
0.40998738
-5.83001859
0.89433794
-0.19115445
-0.09711988
0.60287917
-1.53554288
1.57947790
0.33892080
0.75052493
-0.19477322
-2.22522386
-0.80265959
1.37319007
-0.46723491
-0.59616174
-0.06048638
-3.94063217
0.21431713
0.52869532
0.17738498
0.69325281
0.59437983
1.58615970
-0.46065911
-1.86169430
-1.71818843
-7.93335200
-0.94373481
0.07299898
-1.41387729
4.30125836
2.30469375
1.06610811
-0.16792243
0.29996927
-0.82202915
0.40563852
0.10130317
-1.58567875
3.90212559
10.23553904
-6.44399294
0.88443668
14.78397365
0.03566223
-0.74155420
2.37324712
-0.51229082
0.27634204
-0.83395127
5.60819588
2.84140991
0.31302696
-0.30736318
2.80273804
6.55503483
0.21555040
-2.77160400
1.57575481
-0.36641143
0.88623719
39.74991836
1.13413396
-0.20238078
-2.54777444
-0.12831380
0.21717452
0.17228131
-4.41843516
-4.26179804
-0.13325299
-13.54618447
0.08052826
-2.15260816
-0.01715394
-52.15995868
-0.00657651
-25.08076923
-0.13812994
-0.23832417
0.93929102
1.90828748
0.88712495
-0.85205967
-1.00980212
0.65763367
-3.28131623
1.93217985
-0.75509243
1.24365613
0.16838671
0.72060546
-1.68093624
-0.85903267
-0.67644826
-0.78098591
26.69361464
-0.43667381
3.89486194
-4.22444774
-1.48656553
7.08945383
9.20895658
-4.11829757
-73.00436011
-0.13031760
0.00343826
4.95827728
11.31067246
-0.01932754
-1.09504290
-0.30375280
-0.09906541
-65.75886398
-2.32542034
17.74643154
-3.89208662
0.75981301
-0.07710384
0.86469730
0.49689728
0.73902835
-3.59293984
-0.28338383
0.06623554
4.27335740
0.62805762
-0.98837689
2.09526124
5.70731748
-4.07761196
-1.19951981
-0.36661006
-0.09241494
-1.29867766
5.52016323
-2.08368840
-3.07713115
-1.15061277
1.10048176
-0.01422969
-2.08182477
1.17886380
0.44725519
5.01560375
0.65882316
-0.25915206
1.22533760
-1.10459587
0.15613790
-0.04593437
0.06200570
5.11485135
0.77236619
-4.14850211
0.79257826
0.08027964
0.47760645
0.82526133
12.74329789
2.05908483
-0.81629740
-1.37712801
-0.30504984
-2.53748348
-2.74258084
0.70610261
-0.78437832
1.46068498
-2.75944222
1.89345728
-1.64643129
0.31027003
-0.42099919
-14.24633266
-0.17947665
9.75155731
-1.42750861
2.33161008
-3.01473069
0.58877207
-6.10332236
1.40176807
-1.11360352
0.10592128
0.02665162
-15.00057687
2.55275831
-1.60746927
-0.05823815
2.06431630
-0.44724385
1.22890392
0.33083524
-2.11187865
1.53125676
0.57489023
-237.15197782
0.56497611
-0.28435089
2.54120104
-4.83238215
-2.30999623
-0.69441843
0.01547850
-0.00710153
0.28060896
4.28155688
-0.00717049
2.21814778
-0.74710793
-0.34330882
0.39951811
-0.26052240
3.68691886
-0.04469429
-0.16671503
2.22138447
-1.47133789
-0.71517662
0.22061155
-1.98785744
-0.12241724
-1.10841508
1.83744575
-1.36905732
-1.49939551
1.68537091
-10.21740552
-5.93768288
2.30585983
-2.52895224
9.82322471
0.80962497
-1.22869014
-10.11642028
-5.23035242
-1.12892273
0.31840077
3.19405783
-43.03591071
-2.08549242
2.00065225
1.08647910
-0.49101816
65.67440964
0.60861506
6.81888011
-0.07825583
-0.48799578
-2.98235260
-1.17814587
-8.90500145
0.80312876
-1.81371923
-0.39419327
3.89574248
0.01261927
-19.50445425
-0.06074802
0.47928006
-0.84981149
0.48459411
0.93177034
2.08773827
1.00617186
0.85025311
-4.24445080
2.12647099
-2.09833765
0.46710100
-1.07448144
0.48714434
18.62661493
-2.59589199
0.92621367
-0.65662208
-0.34826054
0.39745182
0.78049288
0.75135137
-1.08055954
-3.98922849
-0.72393143
-0.69094334
1.10407837
3.42669382
0.09367759
8.56533610
-0.13441676
0.64944273
-4.68774092
3.67921273
1.44038141
2.31682417
-0.38568671
3.03351797
0.04946874
0.09801307
40.15719289
0.11510614
-0.70673103
-1.71808528
0.78515728
-0.70616374
2.92255369
-0.61696673
-0.14610002
-0.30836801
-2.62082696
2.34343482
0.80208549
0.23214701
-4.09543232
2.10444923
-0.66056388
0.63291365
15.10358009
0.56560941
-0.10404942
0.09005511
-2.28076628
1.55882942
-0.12694417
16.27057512
-0.29756830
1.04376418
6.52347132
0.87997194
0.44336044
0.92582198
-2.80378296
-1.22921215
0.60315850
2.57594590
-1.52089403
-0.07481354
-0.10655763
-2.32505938
0.19918674
0.78784333
-7.72429724
-1.20985706
-0.48121432
0.20128208
0.15589716
0.29927376
2.65406543
0.06690613
-2.44896638
-4.74772767
-0.49778923
-1.02166489
-1.39652790
-0.74640532
4.57355190
0.52209126
0.39040108
-0.64627230
3.82565010
-0.35480772
0.79091176
-1.02504479
-0.24700355
-5.77295231
0.36729863
-0.18749061
8.35496773
-1.14185257
0.05906250
-0.33959339
-0.47486244
0.50513970
-0.47057459
-0.19097505
1.20654482
1.04342139
-5.82463065
3.49716719
-0.32885944
-0.17579587
0.89222982
-8.15375536
0.17015881
-3.79980944
-1.36468881
-6.99393997
0.16464846
2.30389837
-0.29060381
1.13926761
-0.74624998
-2.92504330
-0.74505453
-0.01092029
0.27482264
-2.11239732
-2.83979233
-0.48932554
-1.58569882
-6.96790409
-0.65859116
0.72881220
13.65765656
10.21085899
-4.25835889
9.50614395
1.48271198
1.84400459
-1.55128510
0.15080510
-0.75951850
4.51431937
-0.72914038
1.12222654
-0.74115886
-1.08915328
552.61146654
0.15441032
2.09417047
0.51530683
0.44140954
0.05100180
0.32851647
-3.82560413
-1.00967320
1.46204092
-20.30514059
-1.26252741
0.70288308
1.24898844
-1.49263814
-1.82811090
0.24151834
-3.29085228
-1.55324422
-10.86190141
-1.26372936
-0.19752799
0.01849599
-0.16473530
0.18382879
-0.20050553
-0.72913110
-0.80266834
-2.70857789
1.58649807
-1.66433317
3.03596957
22.22363329
0.46093579
0.14933078
1.26069302
-0.82402242
1.88364563
1.98577963
-3.22834217
-0.14794549
2.43396338
-0.36780691
-0.30647888
-1.23639848
-2.76043301
0.63710482
-0.45392467
-3.57039357
-1.88082365
-1.10135495
4.84380158
0.26428489
2.44904905
0.96378608
8.60580677
0.04278817
3.36665541
-0.19232351
0.46423127
-2.47506238
-1.02451890
-0.57685101
0.68246862
-1.51267866
-1.14772983
-4.98740426
-0.50155468
-9.00560881
2.57461741
-0.09393532
0.65777590
-1.64330987
-1.55879068
-1.06904414
5.28234777
0.06471934
-0.29565678
-0.01136756
1.53301024
-0.72148866
-0.29308830
0.14659293
1.14553172
2.25171358
0.28134340
0.91639223
0.01344180
0.13022806
-1.84462622
-1.13674255
-0.52043703
-0.03325066
-1.57687963
1.66818507
-3.83580999
3.33589727
-1.19673785
-1.76916782
4.34739916
-0.18584909
1.32154489
0.51570162
-0.89387261
0.01315674
-8.78848294
0.17050877
11.02510077
0.85128011
-8.84006261
2.41354968
-1.72886816
0.67165700
0.83650146
-0.21571701
1.53601189
0.34649203
-7.67857419
0.34179461
0.42108222
-0.01317490
35.15344893
0.07390259
-6.88834018
-7.26026545
-2.15948834
1.79618075
-0.22431666
0.07727147
-9.29444626
-2.07609257
1.13121231
-1.06601192
1.50611974
6.34730412
4.36092721
2.30330654
0.07042122
5.43396692
-8.27661105
-1.53465715
0.43481782
0.68999161
0.23246584
1.02605217
-0.50447290
-2.36868944
-1.14115461
1.75813399
1.12700328
-0.34272909
-0.25799250
0.90253727
0.62902793
2.14654439
-4.01876552
13.98749584
-1.16110972
-31.47196661
0.27900541
-3.61947447
-325.87733814
-0.01338879
-0.88193491
0.76755989
-12.94430657
2.93730073
1.26064963
-13.24783988
-1.88730497
0.12225918
-1.70590539
-0.78664455
-1.32904637
-0.26462420
-0.57771730
2.43386405
-1.37038368
-0.21585431
-1.00011607
0.84062145
1.61075521
0.88542203
0.83055248
1.51854494
-1.61052856
-0.23720134
-0.46518978
0.59949625
0.42600215
-1.50452015
-0.92818367
-1.79674142
-1.16355670
-0.03341801
-0.51356790
-0.66585245
-1.09114952
14.86553425
4.44215235
-29.27692311
0.95087374
0.87865988
0.60553593
23.64428235
0.61849213
0.02050978
-0.37235275
1.64593631
-0.79070912
0.11005413
0.20503584
0.36197757
0.41281448
-17.14486783
0.63246248
-0.45897375
0.54151541
0.63321243
-0.38907424
1.53587898
-0.54828121
-2.36630801
0.66452643
-1.49183813
4.84342295
1.04677333
-2.24292399
-0.01240573
-0.62399508
-1.52926982
1.03662341
2.56883572
-1.56532911
4.58209308
-0.31574302
-0.24366062
-46.38507039
3.17375803
-1.04452523
-0.80603860
2.23708837
-0.67077258
-0.39430214
1.45426973
-0.45381584
0.19594112
-0.17095726
1.39533477
-5.46275247
-12.88188936
2.31132177
-0.25211818
-4.69983372
-0.91424689
-1.52430214
2.33817953
-2.30808592
-0.46594693
0.82091116
0.16836338
-0.45152881
11.04308075
-20.38208436
-0.95737030
-0.01102426
-0.49005837
-0.00090845
-3.79725641
-0.95915238
0.28474782
-0.55560499
1.81951147
-5.00045127
0.69229567
-5.18200111
-3.18040864
-0.09734491
7.48949206
1.05020695
5.25957554
-5.00737218
-0.38242897
-1.38153080
-1.30699928
3.20338411
-2.72670595
-0.24041460
-0.09957415
-25.68329172
-0.94970644
-0.24204912
-3.67155628
-0.41061953
3.90362023
0.01569037
-0.50773147
-0.19687776
3.45033542
0.90019391
1.77500731
-14.32546741
-3.84659890
-0.03979659
-1.04214574
0.17489753
-0.72666655
-0.69561337
1.00259279
2.17179472
0.48476257
-3.38127510
-3.01550727
5.28816675
-0.35835648
1.48756865
6.49255130
0.33668785
1.18547758
2.50147660
-0.71982483
1.02269925
-1.32266279
-1.58826688
-0.99146363
-3.15161950
-0.88461642
38.62669885
-0.95578632
4.32715304
-3.66820355
-1.22748095
-1.49440761
-3.22714762
0.43787639
2.08619957
-64.15718437
-0.48768095
0.75885960
1.03392493
-0.48144250
-0.90820303
0.46405760
0.20312676
-0.56204374
0.10676760
6.48105616
1.98914168
-3.46167045
-6.04045690
1.67612198
-0.25652129
0.63442798
-7.02151807
-1.01083797
-1.13361612
-4.48565562
-73.38033578
1.08073630
-5.91266765
-3.02096590
0.26736678
0.50490157
-0.28493679
5.02302450
-0.92549357
-2.12176938
-0.32950137
-1.38320070
0.16922342
-2.08898916
7.98522027
-0.57441095
-0.58907736
4.99387931
-0.10540814
-0.74970030
2.25448773
0.12437666
-0.23936247
1.25795326
-0.58099072
3.43434423
0.10519789
2.12760790
-0.42735258
0.41444111
1.48946042
-3.96588430
-0.22635881
7.49684048
0.71445008
-0.17877125
0.56698282
0.66548805
-1.73011215
-0.22441492
-0.92932013
-8.03145028
0.36167054
-2.31074370
1.20023287
-0.07061410
-7.71585211
3.32224231
0.04511336
0.19440113
-1.65430024
-0.72949479
0.26235201
-2.88071281
3.55252263
-0.81559230
0.02508287
-2.48328945
-1.63180649
0.27283419
-14.36616004
1.20386320
-0.13311327
-9.00509719
9.57499437
2.23363334
1.54163697
-4.15818784
-1.68517185
-0.08353478
0.94961712
-3.37785696
0.18225650
0.24127266
9.17615574
-3.97004563
-1.45830492
0.42600192
2.15297248
-0.37342302
0.29240325
-0.28595041
-1.97096313
-0.06319299
15.53572095
-0.43758180
-0.43586774
-1.44034644
3.08422164
0.79721576
-0.16281477
0.35654803
4.81908593
0.43364595
-0.19507032
0.45827771
4.18587293
0.64481251
0.26515169
-0.50464399
-0.57885870
10.71085633
5.77026053
5.40323995
-0.64182386
1.18153501
-13.21192170
-1.16734594
-11.41971177
-1.95473974
-1.59832676
0.83507647
3.45721624
3.52664191
-0.91485984
-1.83196300
-1.78483084
31.81006449
5.73944002
0.34987775
-1.24358728
0.13433217
-1.43995581
2.38031767
-0.76555254
0.48271146
-0.82001691
0.39252951
0.23245924
2.29262814
-5.41822950
-1.06204564
-1.38958863
0.07957239
-0.17149231
-1.39193037
0.09432381
-0.11481176
-0.04573481
-2.91986140
-0.99353346
1.03033361
-0.11153558
-1.66106135
2.22393945
1.56740381
-0.01823085
-1.34817380
-3.12934393
-0.06519544
-1.46211718
-0.55144257
-2.20608641
-1.95166054
0.14654411
-0.43714787
-36.29182637
0.14415332
-0.77866936
0.41298040
0.97142698
-2.58530920
5.65142396
-10.29567354
-7.94178694
2.05732400
0.23692944
1.59047301
-0.09099630
-0.45468973
3.48469687
-0.33412177
-0.01713404
3.82232289
2.85225059
0.87450924
-1.29692713
0.22972899
4.62538162
4.53842632
-0.15036565
-1.71289994
1.38816251
-5.51699018
-0.20520892
-0.11442410
1.43310112
-0.70927711
0.91875240
1.53379854
-2.73468318
-1.22283627
-0.48087906
-1.57616497
-4.98387135
12.88126206
-1.43631583
-4.14492223
1.71474254
-0.05584938
1.19897181
-2.05339784
-1.20984423
0.10250358
-0.23260801
32.10494928
-0.13547745
-0.95613794
2.34760358
-0.59626607
-0.25263969
-0.22253673
0.94582590
-3.08391341
0.64871335
4.14201362
0.01795417
-0.17537583
1.66247200
3.94718686
-0.71742092
1.47285190
3.72355206
-3.33676681
-0.00203768
1.02381905
-0.00989096
1.45178846
0.96857871
-0.02306484
-1.67968427
1.24059834
3.52553840
-0.24067062
0.17935004
-36.83575965
-5.63335420
0.35471612
-0.73407197
-0.17882391
2.77540408
2.10486596
1.27359667
-0.90437467
0.36222101
0.79729937
0.93131995
0.33573569
0.18481648
0.59521167
-10.46075640
0.26617944
1.00325850
3.20305717
0.03811246
-0.96916202
2.58418834
0.34555790
-0.61635922
-3.48872302
1.22615741
-0.86100296
-0.00860928
-19.07241403
0.43593124
0.18308537
1.49775046
4.37613172
-0.85731597
-0.58872315
-0.90737057
24.56229026
1.83714150
-0.36326218
-0.74973534
2.37863478
-6.03255821
-7.08944368
-1.74576240
1.07923919
0.37718123
-1.09673399
0.34663349
-1.53160222
-1.62978982
-0.46177462
-10.18998416
-0.02848214
-2.38815916
1.01148969
-201.67387730
0.41287328
1.37504321
0.61087521
-1.20729488
-0.24934988
-0.37917559
-1.89478524
-1.54974707
-0.84994505
0.25563815
-1.31074764
0.83986748
12.07547522
-1.71558717
0.21697500
9.25835077
-1.15038299
0.46715973
1.19100743
-3.53929259
-0.81798618
-0.89805599
0.44929775
2.67702160
-0.09900377
0.33626302
-0.56768047
47.89663686
-0.82435466
-0.00404417
-0.61416071
-3.74592038
0.87578160
-0.11164641
1.53764436
0.95356194
1.01235805
1.82136446
0.18824125
13.32571385
-0.76233398
-0.07833071
5.48183659
1.59754192
0.73941368
0.64511514
-0.83531444
2.47596748
-1.33505489
-0.64391875
-12.27826194
1.02355262
-5.48029842
1.66224755
-0.33754510
-0.77045567
0.83326306
-0.43981796
-0.18863811
6.92523441
2.23408716
2.38342333
5.38100453
0.78871073
2.91716278
0.68313468
-0.53342447
0.07936326
0.91016389
4.00004549
-37.86100138
-0.05206935
0.07917081
0.13763930
0.07116759
-1.04355625
2.11609858
90.78771842
0.40082697
-0.40850267
3.48185773
0.23836245
-0.20189718
1.82741509
-16.80337077
1.48595772
-0.69645061
-0.53991737
-0.60977072
-0.55668728
-1.57210018
0.40456818
-0.48741703
0.67925065
1.62461274
-6.50810081
0.93419594
-5.44735751
17.86942295
-1.68404090
-3.68886370
1.66915284
0.09236955
-0.27071115
5.17788830
-0.28013790
0.92852750
2.65770515
-1.03171154
-0.11372590
4.20320661
0.77632981
-0.96252348
-1.34175635
-2.34990342
2.32095325
-0.32018080
2.52175215
-3.66706396
-3.38777186
4.39328550
-1.87077945
1.09703891
-1.14746486
41.62286189
-2.55646746
0.65169479
-6.65515046
-0.67099229
0.48783300
10.00195934
-1.23077227
0.64117372
1.73681083
-124.46261188
-1.00267936
-0.53843569
2.17088617
0.45492461
2.52159671
2.10585754
-10.27137272
-2.50474049
-1.44699962
0.76791457
-0.39654553
-0.75601218
4.69181742
0.04734626
0.45652405
3.06482909
-0.59738508
-14.75225901
2.24571582
-1.47199531
0.32838997
0.66682613
0.24499822
1.33107397
0.31927475
-6.21912766
-0.78222702
-0.91754124
0.01752868
0.47713548
0.11580641
-0.47509347
-2.05823028
2.91029006
-0.04499752
-1.43028129
-1.63413891
0.73322285
-1.55321221
-1.14907592
-0.91104488
-0.32831086
-1.20251644
-0.25276370
0.35805515
3.83589908
2.19848021
0.67407690
-0.20731834
-4.34432675
0.33233430
1.05841101
1.16577463
-0.91919686
0.22791737
1.46792931
-0.50521981
-0.34269890
0.61444930
0.11937201
0.44800706
-1.65676353
0.11527083
1.88490653
-0.04585686
-0.35494768
-0.77038962
0.04858445
-0.84176125
-1.42463597
-0.57812913
63.31890803
-0.02747891
33.88426588
0.47452159
-19.47441705
0.60199972
-0.89847168
6.60564832
-1.08407363
4.02867049
1.61990702
-0.38196722
-0.50513341
1.01231275
-0.31190960
-3.86931102
0.09250778
-0.59182784
-0.24591066
0.53948958
-0.89251340
-0.64098671
-0.21519286
-52.98383377
0.46994340
-0.57754850
0.34627529
-0.66254892
2.60025808
1.68496424
-8.13081829
1.40972924
-0.07063929
-2.32567641
1.77671749
0.49820037
0.22868299
2.00001922
3.71142942
-3.18111287
0.95628354
-0.04008602
0.12040377
-30.95734833
277.16258660
-1.03733290
4.83738207
-1.86727678
0.69952624
-3.62487638
-3.56796117
-3.86420367
0.39340000
-0.11565624
-0.25957019
4.68527930
0.44460157
-0.60857078
0.17293450
-0.56192539
-0.34670007
0.83325586
1.00179873
-6.24026796
-0.16051912
-1.26995325
-0.05186847
0.87044556
1.67756077
-0.49613212
2.74283331
0.62604524
2.94091132
-0.40074569
-0.09860184
0.26604461
-2.45772790
0.44676941
-1.90778198
0.65175791
-0.34955732
-0.07942363
-0.60766737
1.71640515
5.76076214
-1.86374610
-5.85494398
0.47050774
0.85201838
0.22406935
-2.56334925
0.46605967
1.19471468
1.85724418
0.44344564
0.95569327
0.85098229
-0.46297469
-0.14544966
0.08589749
1.13392627
-1.91229028
0.12914266
-0.24837430
-3.31737737
1.09187089
-0.24873823
0.45937689
-0.05754802
3.97507383
-0.39964816
-0.64602383
-43.42685180
0.68545978
-0.78826326
-0.80775301
-1.85371068
2.58855529
-160.18144412
-0.61345324
1.89481022
1.30609374
-0.09864404
1.17332633
1.04584743
-3.45130131
-0.98359810
-1.77752968
-255.25951145
1.02009245
0.16804270
0.99067697
0.09062375
-21.25522367
-110.21068120
4.51609143
0.86668457
-18.62213411
1.73072718
1.23029556
-6.73163169
16.10244931
-16.55084985
-1.87064933
3.45938643
-0.60255365
2.92140705
-1.47640068
0.34891637
872.00988985
-0.08963332
0.44698374
1.02574736
1.71220599
-1.01805835
0.20015324
0.75296980
-0.55439590
-0.31432863
0.73712009
-0.41210044
0.61615816
-23.24298854
-0.01366964
-0.86373424
-1.55705762
0.28398088
0.98056343
-0.20345882
0.12156036
1.86441934
-1.66687221
-0.84102226
0.88717481
-8.18806343
-1.46449444
-2.87144206
0.09052039
-0.66578541
0.45252863
-0.02413257
1.34581176
-0.04699249
0.11235412
0.12973702
0.18268557
-0.84297818
-3.72833486
3.46451489
-8.90275672
3.14335048
2.44789175
-0.81099037
0.51849668
0.30245377
0.10771093
11.40169116
-0.25599026
0.88497674
-1.31552568
-0.33501611
0.56219762
-0.31296549
1.71480147
-35.33126515
-3.38514923
-5.23242475
0.68329589
6.59156900
-0.57861921
0.48285951
0.27519824
-1.79830373
2.85101677
-1.51733241
-3.75896670
-5.88925761
-0.70966837
-5.01093774
-0.01218862
1.43198291
14.67349077
-5.05160124
-1.02658071
0.20980571
-2.67751228
1.45767408
-0.73910088
0.16881187
1.66059449
-0.15662982
-0.32010092
-3.11704792
1.09737356
-0.79875000
-0.72427064
5.48707472
-8.70705803
1.27360803
0.00054791
-0.59133285
0.71514347
3.71734375
-0.15986720
-6.84010879
1.21526439
0.00816127
1.17043270
-1.03824902
-5.98111741
-1.24103002
1.01634149
-2.04382935
-0.91747036
-15.54305048
5.94094558
1.50186629
1.95264339
2.82285766
-1.12379043
0.19086406
-9.72304207
-1.55816223
-0.07517392
-1.25054376
-0.03858091
0.84112966
8.16753215
15.72319916
-0.35778422
0.98744956
0.70771392
-1.83426915
0.55318310
-1.66176555
0.26999162
0.49518448
16.06496861
2.17106696
0.24346018
-0.74361009
5.55039324
0.76256489
-0.29517719
-1.50744494
-6.01865774
-0.02585860
0.44510202
-0.37988975
0.32787826
-1.53912305
0.21531119
1.60381414
-0.41708124
-5.07704911
0.65768838
0.68313380
-1.62615136
-1.46859276
-0.95673568
0.02667593
0.71281639
0.87990802
-0.22153939
-0.11464134
0.72027649
-0.00006095
0.28923516
-0.41068418
-0.32874151
-0.88276950
0.57155980
0.23711582
-2.44430973
0.95857756
-2.00525113
-4.00485019
1.04611179
0.17313142
-1.45235716
1.26315077
-0.42524498
2.03306051
-1.48948288
0.18194961
-2.28490289
-0.02906494
3.68998712
-2.89127225
1.24341006
-19.60262835
-8.51182144
1.58102918
-0.55386086
-0.61759480
14.42935300
-13.62487557
-3.00038029
-2.15739428
9.37620002
1.49779881
-1.69688909
0.48203034
1.42916199
-0.55110137
131.69725849
-1.26383678
-1.23147427
0.73261118
0.07752210
16.95814105
-0.64495225
0.48216740
-0.75794292
1.92179726
0.62238905
-0.45226771
-1.63905501
-5.29800972
-33.66707577
-0.87049062
-1.33702309
0.64702538
-0.56601917
0.88751766
0.23483997
1.65889781
0.02332207
-2.07750422
1.36999549
-2.82632437
-3.84244319
0.84714467
0.82761137
2.74811930
0.82516538
2.50778125
0.90419461
0.18026608
4.12888484
7.34415950
1.15988319
-7.73223930
1.75924382
0.19849061
2.18917578
1.01758357
2.62084787
20.14504376
1.61358986
4.24751020
-0.97680193
0.56568966
1.30793619
-7.91026675
-10.24207749
0.31125004
5.43188437
-0.72542770
0.01419836
0.17786750
0.08107526
1.17273934
2.49835521
0.30199707
0.70456229
-7.28360594
-1.28694247
4.75722628
-1.28694003
0.19028154
3.88886438
-7.79831523
3.82167302
-4.43995290
-3.38272173
0.82476938
-0.18832153
-1.24214847
0.44620747
2.18468184
2.93146725
0.76211268
0.20126014
1.04767440
-0.00947239
0.00774702
-4.34914668
-0.85957166
-2.95997844
0.04946647
-0.78352715
-11.17141684
2.07155067
1.97681951
1.81668788
1.15523335
0.33848663
2.21677826
-0.44210283
0.53903796
14.62859561
2.68902785
-0.14081301
-0.00374803
-0.93574871
11.75330118
2.01723217
-1.33313251
16.98380075
-10.11579825
1.18872016
-1.64408071
-3.65353301
23.70884445
28.32974481
11.04586711
0.05393400
-0.61772015
-1.40961581
-0.74650024
-1.56650035
0.17224335
-3.27661274
-0.27900344
-3.93807264
0.09035204
16.53669176
-0.26711463
7.98942468
-0.10141679
-4.37361156
-0.52810131
-213.10546415
0.28496776
-1.75055961
-0.75504653
-0.01988682
-2.35649715
3.73360718
-3.84861457
4.82574026
0.28147318
0.01765626
-1.04582859
-3.80520499
1.41909383
1.97481693
0.50360713
33.33950494
1.68773823
1.55496587
0.84637735
0.03312859
-1.65458522
0.13195590
-1.94218741
9.96958716
-0.29685041
3.28876501
-0.68983400
0.76974910
0.54183536
-0.04514273
0.42828617
0.61991795
0.46124345
-2.46049615
-7.50327307
0.58671353
-1.99866381
-0.68148047
-0.04143863
0.90630670
2.00980626
-2.83298739
0.93676352
-2.38760825
-5.85134770
-25.06488376
4.33057545
-0.42733620
0.54395219
0.24817863
0.81781501
0.36043022
-1.23035505
-0.39941794
0.02480041
-4.50584039
5.68820021
-1.26627770
-1.13733823
0.08309552
3.89648651
0.74420856
0.36902252
-11.09909766
-0.20740610
4.82041596
-0.83918890
-0.32279100
1.37164077
3.00250157
-1.34047938
1.96624777
-0.81161268
-0.26991034
-1.31928523
-7.03762508
0.79516114
-0.06275402
14.42481985
1.18304852
-2.34821520
-1.15993821
-0.47328830
-0.40743741
-1.43330909
0.04587597
0.51004442
-2.91054176
-0.84484913
-1.08760599
-7.59137647
0.14236330
24.41240803
0.04260970
6.45841861
-1.23378078
0.33392639
-1.76420461
-27.14404084
-0.12638685
-0.86929216
2.29336922
-5.47662469
1.28465112
-0.23902626
-12.96312972
-0.80422835
-1.41922548
-0.70875566
-0.50357640
-1.72485551
-0.17036018
-0.53391094
4.35169083
2.02073408
-0.71269764
1.20201114
2.06402423
-8.34791496
-3.99720126
-3.53613776
1.42882166
-3.14489627
0.06646673
0.10675714
0.04315387
-1.32202322
0.56525738
0.42760978
4.16689956
4.44104080
-0.70451036
0.11799813
0.92792553
-3.44968022
2.49224172
0.67486002
-0.31309490
-0.71681961
-0.13054784
-0.80999919
2.16878864
0.69799928
-0.97853777
0.48131665
1.13149981
2.52429761
-0.21427433
6.68931189
-17.58428312
1405.16263890
7.87892270
-3.56773387
-2.61617584
1.34537073
0.52983416
-0.74537158
-0.40444740
1.55340714
0.87230080
0.41381229
-2.12760526
-0.11823322
-8.87752754
6.60039781
-3.84674837
1.56345033
-0.03906204
9.10324543
4.86533635
0.46552755
5.96533283
0.84581501
0.31666185
0.29017783
0.14816697
2.05480220
1.02219338
-0.22999388
-0.13588187
0.27650717
-1.65289002
2.43239454
1.11452437
-20.32193524
28.21088491
-17.30170686
-0.25502515
0.98588449
0.18644247
1.27471663
0.84771080
2.36152727
0.02564120
0.17777195
0.83367451
1.17073760
-5.92344644
4.93541637
0.71140252
-1.44692761
1.44267863
-5.81167922
-0.20652440
-15.24649277
0.29883859
-0.53341575
-6.29979802
-0.43198001
-15.38095938
1.04213725
-0.44214050
-1.78656299
-2.85640344
-0.09235188
-10.86977224
0.40398174
4.63284069
-0.36387781
5.91392679
-1.41529083
0.42386062
-1.95152234
0.19462856
0.04613054
1.35921338
0.34921156
-4.48379783
1.30091583
0.30828083
1.26323027
0.23572252
0.39791158
-2.31725749
2.68647273
3.06378131
-1.50154041
-4.08026604
2.32187765
1.08749829
2.34513821
-0.71662640
-1.38303136
0.54574463
-0.46109032
-0.18559386
0.64811096
8.72531136
-1.76230737
0.30716153
0.61258957
-1.26290359
0.26052035
0.48796522
0.54985357
-4.36536935
2.10072695
0.82453137
2.54918980
-3.97967698
1.18973238
-3.15743768
2.82144443
-0.09867495
-4.28138308
-0.08758055
-25.68658799
0.30705694
-1.83997223
-1.06571576
0.93676118
1.10529733
2.65283211
4.01202827
3.32479547
36.08078473
-1.76245731
0.21986698
3.99243384
-1.20653491
-0.02599873
-0.21365954
-1.01783675
0.43506225
0.35258320
-0.23270669
-0.85312824
-0.62032240
-0.36449169
0.66294436
-1.49052031
-0.24086862
-1.44815456
0.67480029
-7.90171210
-2.00309303
0.66643201
0.81105937
3.09684883
6.40208715
-2.67323220
-0.99806501
1.55020592
-1.11000103
4.83081282
-0.85713503
11.75526683
1.25272986
-1.01416701
-10.29300492
13.53459982
-0.64993036
0.22815637
1.28208605
0.39669417
0.67489095
0.09153152
0.17966603
3.55046259
-0.69890167
0.37446526
-0.01550194
0.32124297
-22.32952217
0.73070014
-0.97397791
43.35518088
-1.89412906
2.88223199
-2.15000605
0.12916261
0.70417067
-0.16386349
-2.94718529
0.09601503
-7.98474418
0.27875859
-0.59095962
0.51847271
1.95660354
-0.53939203
-1.78471531
-0.45877076
-17.23686251
0.24560488
-0.32654117
-0.95941388
-37.40716756
-0.82203402
0.68327303
0.63413762
-1.22002070
2.28525468
-0.31691408
0.88776722
-0.21539632
2.43921245
-1.70710205
3.15879475
-35.06232002
-0.10225923
-0.02718954
-0.76328188
-0.03478536
-0.33925308
-22.97181144
-0.55097051
0.03391639
4.61512979
0.31909110
1.28479372
2.72619226
0.59209270
0.92959501
3.42593405
-2.01180870
0.84788418
-3.00789702
0.81164679
-0.13077538
0.60384996
19.36621253
-8.80217731
0.43241604
-1.17604196
3.87551804
1.55802105
-1.47715066
39.89874381
0.15170008
0.83779498
1.78579934
0.97072062
1.19685928
1.38050656
3.79384837
-1.12013235
-0.63278426
1.65366326
-0.72820839
0.83365017
0.21788850
-5.07884125
1.43608194
-0.06606459
-2.66187023
-0.18131558
-7.08669146
-0.20742534
23.46638914
1.14692578
0.54921998
0.31777355
-3.04640268
0.36472029
1.06777885
1.97729175
2.57424677
0.29952079
4.02450194
0.20366096
-2.38512700
-5.36691939
-5.62028157
-0.17850542
4.85726209
-2.29804410
0.34457554
1.47217215
-10.88016680
2.51785055
-2.01678778
0.55626634
0.19409031
-0.35867547
0.44670618
0.06369996
-0.35795933
-0.50773313
-2.03416322
1.52323611
-14.57633331
-0.53953712
-0.34018479
-0.06169761
1.78116383
-0.30550536
0.41663720
-3.02386816
0.00388179
-0.29230461
-0.68246033
3.29964659
-0.37508375
0.02386783
0.43426986
-0.77331257
0.85245310
57.85830932
-0.62729003
-3.67155448
-2.06895915
-0.62048328
-3.32675750
0.03178430
0.06340897
-0.78419875
0.22340145
-1.95949599
1.31982767
-0.36117537
1.00284617
14.50001739
0.96287136
-2.28875879
0.75962410
-0.06699158
-1.87814209
0.02276316
-0.24340322
-0.14094012
-0.53539969
0.84783937
2.74178626
0.57170477
-0.08821596
0.09580002
0.63676035
-0.81547943
-0.04374319
-4.79627933
1.21672208
-0.54018286
-0.50176065
-5.13555315
5.14774366
18.22776795
0.10241889
-2.17886255
50.65948188
-1.47103210
0.39587807
-2.58087300
-0.09167175
4.42925097
0.64998225
-1.48296602
2.32022507
-0.40806953
0.40368751
2.64422434
-0.96703512
22.10513898
0.37163160
0.18256824
6.52905274
-1.32287419
0.96581037
-2.90537485
-122.52999822
3.32970834
0.41469839
-0.32400325
15.24306141
-9.16748792
0.77433851
3.50579588
-0.62170626
0.35043899
-0.32622232
-3.11556686
0.42846126
-0.23921126
-2.96310231
0.69438464
0.14128082
-0.20378413
-0.00024723
-2.65349331
-0.24139352
-0.47672521
0.09707179
1.00240749
8.06593385
-1.34562788
0.45089561
-7.34020260
-1.16196881
3.28076483
-1.74012081
96.97903038
-0.87487471
-26.89147202
-1.01170361
0.44479473
-0.34406665
-23.99715004
-2.57865082
-0.28591229
0.31598264
0.14073607
0.86851447
-0.43271332
0.66276039
-0.26275503
4.43280696
-3.30828026
79.85585010
-2.11576304
-0.03256980
1.16932173
-1.57953033
1.85049166
0.27996094
-0.31902413
-0.10868791
1.40162325
-11.07107324
0.45039878
-1.12272995
1.36591329
4.76770004
0.88672560
3.55737193
6.53188436
6.09906780
34.81095670
-0.70821486
1.25183703
3.91430758
-1.26894580
-5.93768485
-0.55700462
-0.38111948
0.13816093
0.17585376
-0.47267037
0.83773935
85.76924958
-0.81381730
-9.67352085
-1.25023188
1.90525690
3.93309931
0.84652895
0.17520700
1.69770364
3.97324188
0.45126961
-0.91640764
-1.07841310
-0.63259427
-0.30499606
-1.95196761
0.16637306
0.58436736
-1.55891470
0.58404091
0.61014404
-1.42604413
0.50185584
0.87264549
1.08300657
10.86648957
0.33304906
-0.16336435
1.21574451
3.59783156
5.64660992
1.92604324
1.41281222
-0.22357952
0.11188450
-17.46434766
2.21651436
0.96156593
-2.59844566
-0.34192458
0.57872414
-3.96754006
0.64302672
-3.92473085
-3.77785988
0.99778500
0.35235832
16.62927933
0.18013515
-3.23683969
-0.19830177
1.58081727
0.06262837
-0.46991908
-5.25109990
-4.99245141
-136.66964241
1.97622521
-0.87801429
-1.20446884
-1.90986947
1.17340798
2.75209857
0.19899032
0.52802367
1.54218448
1.40645259
-6.58469332
-20.05157795
-1.42072275
0.59776830
2.83541466
-0.83375142
-1.45904123
-0.45251747
-1.37817549
0.63387023
-1.54168763
13.27279546
-0.59651769
0.90518746
-0.80091518
-0.89543088
1.42357508
3.78276784
0.45063450
-0.61962331
2.79497442
0.83423889
-0.02938558
1.35775490
-0.25638392
0.88738289
-0.78135545
-1.92275052
-2.46522633
-0.50597301
3.68807492
0.31822539
-1.02409181
-0.61670194
1.68701310
-0.06852074
-0.15857006
3.12738662
2.54502864
0.51514687
0.31153237
71.31385362
1.14008601
4.61307424
-9.36823516
0.54976216
-6.39894327
-3.60179895
-1.76331757
-1.05452471
-0.40966948
1.48808994
2.56773969
-5.53805850
-1.14982757
1.79787221
0.06099757
0.61613464
0.08583200
0.78104916
2.44500269
-1.63242411
0.06755749
0.99184380
0.15315994
0.34063469
7.95867598
-0.08015222
-3.65464980
-2.85960624
1.37187473
0.28202939
2.75056550
-5.64032533
0.65772460
2.34498833
-1.49591338
0.89505701
1.45813325
-1.01565451
-1.90373632
-0.90374913
-0.34101264
0.18187688
-0.73328645
0.84313548
0.26916350
-0.71147070
-0.54623917
5.61667087
3.31247985
-0.66199886
0.94081121
0.92215793
2.28049671
0.62658959
-0.74047595
8.01531027
0.21157384
-4.92958058
0.32510731
0.91243060
1.54084786
1.57130722
-47.28217415
-0.11762456
0.11075340
1.21320662
-0.01376324
-0.48080355
1.25334651
-0.96736892
-2.29768034
-0.38110178
0.83227670
-0.91780225
0.34342734
0.32609367
-4.78999636
-2.40012241
2.75973845
1.20620724
1.23610974
0.55437781
-4.13998063
-5.81084565
-0.14896862
0.99514590
-0.28289697
3.34680267
0.30786225
-0.06831453
4.12331354
1.60933036
-0.46205216
-0.06263689
-1.38317400
0.34238172
-4.48442071
4.79480555
-0.58370804
-0.66164338
-0.25536554
-0.04693937
-2.16850837
5.91532323
-1.84610779
1.28855580
-0.08323632
-3.22145826
-0.86235572
6.05240997
-0.80313855
0.04170667
-0.09331165
0.80270653
2.82897116
-0.38378661
-1.65311987
-0.94099081
1.11539467
-0.35259046
-1.70584151
-0.21524073
-1.05486066
-1.42757260
-0.55510020
1.17006303
-1.22120541
1.64771449
1.32236134
0.61416074
-16.07929377
-0.41329872
1.52492998
0.49781866
0.84779813
0.19789148
-0.92607595
-1.94018869
-1.38420961
-0.19581165
14.32178329
0.18618631
36.53229036
-6.76766732
-3.16387169
0.32748831
-0.08555946
-14.86778642
-0.76522901
0.05204064
0.93834761
0.37476950
-1.29054998
-0.22212535
-0.38785233
0.13286190
6.13915889
1.42761854
0.53971941
-0.22542219
2.19728474
0.57325867
0.44587492
-0.21333626
0.47806320
-0.70763574
-5.15688064
1.18888635
-2.31893382
-0.27482655
-0.40580456
-38.14583916
-1.09896831
1.61432365
0.66444540
-0.80836104
1.36859764
-1.64127912
7.49414361
0.15822371
0.05565287
-1.16088891
-8.38887423
-1.10837950
1.63696002
1.87369314
-2.49466030
-0.60931675
0.11504093
2.43949806
0.54324153
0.34723294
0.80015410
1.03947946
0.58790857
-0.79458834
3.17087198
0.81115215
9.03805991
2.00667255
0.75236501
0.62379796
1.07216021
-0.24672326
-0.29305705
3.87539848
-1.16172297
-3.19017023
0.48065353
2.16300074
0.83049529
-7.47385100
1.31708020
0.08828545
4.10047774
0.97803845
3.08467249
-3.74930808
0.00662142
-0.39524827
-2.12355502
-0.98888750
-1.42482758
0.96801800
-2.03500886
-0.26777990
2.14880014
0.82895093
1.10798363
5.12513475
0.38569010
-0.84862491
-2.63324413
-0.12948782
-0.46185937
0.13500864
-2.00541008
9.55754420
1.18674858
3.71268408
0.09175819
1.27600541
1.10063930
-2.16564436
-0.02851383
-0.58257518
-2.40474849
-0.90571286
-0.87360031
-0.08279035
0.74594169
-1.04054174
-1.60109161
0.55939524
0.39607277
1.09430670
3.00833886
3.26751648
-0.72188422
0.19079783
0.58252591
-1.33002497
-0.25450978
-0.33023442
-1.90643519
-1.93269724
2.09462765
0.07565447
-3.05776882
0.18335209
-0.30802041
0.06403069
-0.17512736
0.80203032
1.36282191
-0.49149707
0.38944835
-0.00725385
2.27409522
-1.15696280
-0.54347368
1.92731495
-3.95622349
-0.92079286
0.31076291
-1.05507798
-0.43273118
2.49702446
0.67008792
-0.10207548
0.61378360
-8.07966677
8.51234939
1.53520453
0.77504775
0.05944193
1.70455826
-3.20288584
-0.50159692
0.00851523
12.04277392
0.24550205
-1.54883139
-0.55289979
2.07977524
1.86248462
-0.35656328
-0.52845113
0.83659028
-2.85792881
-0.11315351
-0.25400619
0.07462112
-0.14515471
3.16694843
-4.11000936
-1.47079716
-12.87521268
5.22514850
20.03345312
-2.64254037
-2.22744554
0.07413464
0.15019647
1.05814912
-13.99722434
0.12978700
0.92807799
-1.07902898
1.27651661
-0.36252234
0.37763359
9.92840055
0.54471078
0.54743885
-1.06214400
0.28449293
-0.32944626
-2.56921302
-1.19866774
1.38015895
-10.37517335
0.73335761
-0.66776815
-0.64835567
-0.30495196
-4.37509335
-0.55733211
1.55854753
0.22856666
2.56266107
0.69902199
-0.75827555
-1.30926707
1.18118899
2.34524662
0.43068448
-0.04561851
-0.02390288
4.74069076
4.57408252
-3.69724649
-3.44718268
-4.90221266
-3.15406461
0.52897034
-1.89345921
-0.34709986
0.06556839
-3.76768264
-0.42060598
-1.90162862
-5.17788058
-8.13186811
0.82961494
0.37002143
1.03792740
5.17069519
0.02011501
-0.96848425
0.15320886
-0.83542692
-0.05985429
-7.76345143
-22.07123556
0.79338960
0.36155250
3.70951648
-2.56718715
0.74564635
-0.75917729
-3.16789766
-0.05490167
0.23692121
-0.23162038
0.22375620
0.09656098
-0.02850865
-1.14579515
-0.01312648
-13.95702778
0.38931799
-0.62158750
-0.18463272
-1.84832431
0.15763812
-0.13591471
4.43802518
-1.45012584
-3.59887081
0.70715541
0.17368663
-7.40513071
1.38472635
0.17255353
-3.39735843
0.13646749
0.32291430
-1.77918468
0.94649169
1.28506516
2.30828705
-0.35877623
0.44719006
0.50015457
1.37078149
-11.09083813
0.31978138
-7.04478654
-0.46425465
-0.01622628
0.49912331
-2.86809756
0.48329786
3.25942266
3.59320552
0.21881559
0.31495385
36.48861110
-1.08601556
-0.24371800
-0.35719404
8.56065934
-3.64801046
0.09166234
-1.04895711
3.67195698
0.15093880
-0.40080029
-1.21418137
0.69222980
1.95185549
4.67341408
-13.94130921
2.17722403
1.25083997
3.71709903
1.32316057
32.87203974
-0.57286503
0.06873137
-0.68477860
3.26650318
-1.00398365
-27.29200552
0.14636717
0.57737715
-0.44557399
0.82887938
-2.94514556
-0.21983033
3.93664482
0.58028316
3.92527515
1.21074383
-24.78422402
1.08385721
-0.48304369
2.65011242
-1.35892929
-0.32400343
-0.85184486
-0.88905758
2.04488582
-1.05829723
-0.43467706
1.04326118
7.74024731
-0.52223445
11.99737570
2.49705568
1.04836999
-1.72003884
-3.87805567
1.38486223
4.16228819
1.46856531
-0.10783947
0.61399419
6.75292537
1.10155564
-0.04240869
0.35542666
-0.15262494
2.09396902
0.32517889
3.14530187
0.75169551
-1.74544727
0.92397434
0.29047579
-9.80697052
1.36328890
-1.10909276
-1.14423536
0.74219512
-0.46216676
0.59791505
-0.46724983
9.50935348
-3.43064286
-1.55259400
3.91910946
1.01578336
-9.38841397
-1.16860924
0.28169300
0.41835020
-1.56613690
-0.56496882
2.99201589
0.18989314
-0.26030641
-0.03797466
8.46204141
0.59320596
2.53626216
-0.05471523
-0.61787633
-0.40869384
0.04366761
-5.67411887
2.49480363
-158.58815515
-0.22340076
-0.90724355
-0.23529705
1.02513766
-0.35496812
3.20758078
-2.66171967
-2.61232857
2.31886856
-21.28923975
-4.69704671
0.40852973
-14.59058749
1.47547143
1.53108397
0.15399195
23.07951518
0.42772290
-0.52542594
-0.31882525
0.29505683
0.67821677
3.52837340
1.33484668
0.64387908
-0.09517084
0.27063008
0.42550587
2.30179251
-0.51404059
2.67076943
-0.37430855
0.49405346
2.43182334
11.08496238
0.68492479
-1.51834029
4.78159302
-3.28077518
0.94933228
0.13681744
-5.30779064
-1.51042404
0.27938706
0.40119472
2.45650695
-3.90060407
3.02856133
-0.22770170
55.46449011
-1.40825333
0.90213267
1.47284327
-4.86478061
2.94764482
0.50703336
-1.26665063
0.73275638
0.18080623
5.45226985
-1.19896693
0.56651791
-0.09887257
-0.16534859
42.73062571
-3.72680519
-0.16973212
-3.40457898
0.31024318
0.12108088
-0.03633660
-0.07785548
0.52029299
0.87149833
-2.68251074
0.31609459
24.19681912
6.51699774
-0.30045495
1.88204774
0.09508044
0.22919493
-0.98778879
2.29119623
0.61057809
0.61197359
5.77679443
-1.25442289
0.54103431
16.05876935
0.15290694
0.66744213
-0.39721190
-0.02613617
-1.71671036
0.24857980
0.60614828
0.25995459
0.88456799
-1.36903629
0.14678454
-1.28514237
-0.29666553
-0.85061042
0.13113364
-1.21356503
0.23645547
0.07943466
-1.04986986
-2.15427891
-0.37285994
5.50155427
9.98092974
-0.03324079
0.73244228
3.62522297
-1.20547189
3.18185698
0.83601293
-1.03021183
19.00979746
-1.16379045
22.37739991
-13.99178703
1.57517375
0.78698379
0.28235036
0.19423421
0.63474793
-15.59554808
-77.59467148
-7.38676744
-11.52536935
-1.64952647
-0.55398373
188.79916933
-0.70740217
0.09807108
0.16670483
-5.02855875
5.73148680
-31.74236400
-1.34444755
1.25268257
0.79772315
3.36020625
1.66972587
-1.82365783
5.66331158
-0.39583088
0.14880261
0.47949569
-2.18393553
-0.61753390
0.25429147
-0.13312394
-0.20700938
2.28473157
0.48004529
1.21641238
-0.19265762
-1.24930910
4.60595238
-0.37109354
-4.85133849
3.02100753
0.03951544
1.34576243
0.38752397
-0.84970125
0.23416793
1.09372988
-0.88770612
-0.90726368
-0.08770624
3.33375487
1.44930919
-0.26474765
0.94099103
-41.79513908
-0.11380938
11.99372655
-4.76560220
0.18281198
0.59106534
-5.79267249
5.70191330
-3.64439700
-0.79191855
-1.48353641
4.03601449
3.31512327
1.71076827
105.80559533
-0.04962850
-1.11807440
-5.59989391
-1.58566661
-0.86177061
-1.21215410
0.88009713
4.93765397
0.44841177
0.26111301
-1.00926753
-1.58825861
50.55121965
0.12744446
1.44729272
-0.93822146
-0.73011892
0.71114269
1.44730413
0.82098959
15.65050546
1.05616366
6.45964069
1.84132191
-0.08048045
3.28870468
-1.88341946
1.30249351
0.38251583
-4.37017544
-2.36502077
-0.30493830
7.89557717
-0.14515001
0.04808376
0.59532148
0.23698576
-2.77608282
0.35844134
0.53935428
-0.67578618
2.81408342
-0.86553911
11.78854058
1.08586761
-3.35277762
-13.63207932
-0.54207368
-4.54010386
1.75591716
1.00509929
0.75113059
1.95845001
0.52093987
2.75317656
-2.79336885
1.91098584
-0.85847759
-0.31492200
0.19277047
-7.25777093
-0.13738996
0.39662874
1.05594609
-5.43866179
-0.34272998
0.12647126
0.83967841
-0.24268998
0.44892474
-0.19840564
-0.70026669
-0.55020963
2.80608284
0.23133315
-4.43763990
-0.11012532
2.26209103
0.12063090
-2.06050503
1.84339466
-2.72231841
0.19133155
-0.34950689
-0.51681901
0.72276479
1.16313291
9.62436441
-0.18375422
-0.79130544
0.02599555
-0.88723999
-0.82025772
0.78178620
0.87203970
0.68795276
-3.04235359
-0.30527740
-1.64123535
3.29425927
0.34317239
0.45265760
10.54416605
-6.86241330
-4.51187652
0.33105097
-0.60903497
0.37629840
-2.22699981
-0.17934063
0.50516395
4.84164673
2.89596578
0.15673342
4.28976787
0.34108340
-134.24330162
0.51593879
-1.64313960
-1.01982186
1.59426020
-0.24908339
0.59824126
0.34842343
-0.34964962
0.72457213
0.95223555
-1.52365031
45.26976035
-1.32125153
-1.39295169
-4.53271804
9.53785387
-0.24841771
-0.86506467
-1.90421841
2.93404947
-0.13662170
1.14990631
5.70738902
0.74494519
-0.38571410
3.51072592
1.82565774
-5.63331687
0.50832769
2.20866415
1.02448786
1.82672629
218.14567310
-1.09429352
1.79317008
1.51014072
-25.17628287
-0.37553807
-0.43079420
14.25017677
0.21145355
-0.13752839
-1.20736100
5.36170988
-0.54149353
0.55747376
-0.08251640
0.97400668
17.62071258
-2.45633168
-0.24405320
-1.62626722
-1.81128254
-0.38370310
0.40687747
0.47528763
-8.04923709
0.22773675
-0.12397547
-0.04708172
5.68651176
-0.67512090
1.01661391
1.67537435
-2.07294905
-0.10623486
-0.70664121
-0.44718640
-1.45644871
-0.74486005
1.29155035
1.28979902
-2.44736975
0.23537180
-0.61904211
0.98024517
11.73589946
-0.40080708
-0.75456561
-0.10228205
2.18006749
-4.81057286
-1.49776188
-0.14091582
-0.03323528
115.46314655
0.97082829
0.57199824
-2.20486773
-49.05114512
-0.20331268
-2.89207553
0.09456057
-1.88883202
-0.03463989
0.61627326
-0.81794120
-0.55484086
0.37781598
0.94908406
0.57378091
-0.18139109
-13.77873000
0.32839098
0.08874299
0.17257820
0.39624235
-0.17199824
0.52003509
-0.74963036
-0.53310254
-3.20257200
0.35327547
-0.33306889
-0.46048075
1.81639053
1.51313101
1.28325171
-5.42709084
-0.42491574
-1.15890322
0.00657078
0.30350506
0.23158239
-0.57276158
-0.02364431
0.46779982
-1.65687345
1.22490300
-2.58728171
1.70631388
4.13694660
16.11733202
0.40582815
-0.84311305
0.49608346
-0.90735370
2.10781741
3.89258689
0.48836988
-0.54213020
-1.78016756
0.03786193
1.62582412
-0.17253249
1.65769670
-52.62845845
-0.05118608
0.58434708
0.26916331
-2.28334759
-2.75440525
1.15901643
-1.30125239
-2.67869342
0.40996996
-7.36169987
-0.48336542
-0.51941846
0.07068958
-11.01936934
0.79580602
0.12328165
-2.69164532
0.98649752
-0.28410363
5.59818541
-0.02539414
2.10092051
0.44786544
0.47379290
2.12370894
-0.04314637
1.77307059
-0.54506331
1.87594838
-0.02761905
3.56854839
2.22618288
0.83519433
0.29093177
0.53834299
0.20726581
7.42141760
0.16463461
0.12654628
0.34952090
3.01384200
-0.80672255
-1.62209617
-2.56894547
0.03129141
-1.64789035
2.67951004
-1.38768815
-9.15360868
1.59533278
-0.68422099
-2.52863544
2.70377866
24.18217676
-11.54373243
-2.58214032
0.71188286
0.23500314
1.25320388
-0.04929509
0.67565679
-0.91738221
2.50277409
-0.86633856
1.91934124
-0.92815661
-0.81859592
3.83174695
2.40889658
-1.01389754
1.36925430
0.41324042
-1.85091013
0.29972137
-1.56729769
0.76046167
0.97057484
-1.32380567
-10.65828492
-0.51178029
-0.63261654
-0.48836840
0.75077082
-3.36948047
-1.33531373
-0.96777543
-0.38774362
-0.38710455
-0.83201345
-0.95965674
-0.89548124
-1.67969942
0.38067104
-0.81226851
-2.54577691
3.33739658
-5.63476062
0.43385688
-0.86929812
0.01147124
1.03663190
0.64259181
0.06643880
0.54756349
-58.91501810
-1.51041670
4.00959073
-0.23072351
-164.88355901
-0.66762164
0.40874473
28.22059572
-29.31889475
-0.32153539
-4.46863831
-2.28030138
0.22387219
0.51099427
169.75738436
0.09146172
14.75485109
0.52932206
1.12744704
-0.41004081
0.35287072
0.38394097
-2.22866779
0.85685752
0.83293452
0.34358465
0.89957923
1.12291787
0.57717098
2.06663264
-2.67705624
3.96924431
-0.58083109
-0.85357344
-1.05220496
0.42509108
0.50207131
-0.25143599
-0.16053713
-1.04996430
0.58078914
0.28133464
-5.11070715
1.59797697
-0.43353174
0.27774149
0.36098605
-0.06190057
0.17994146
-1.78348257
0.45849867
-0.62768126
14.20858839
7.74437725
0.51597010
-0.68791190
-1.48152103
1.70722693
-0.16196044
0.30954249
0.08393983
-2.01083207
1.26471906
0.06113205
-0.86424371
-4.73678390
0.69441608
-0.62189044
-0.29154628
1.24979051
-1.38066254
5.85768749
-0.61034633
0.30017275
-0.53211714
-0.19710385
0.14443547
-1.12400729
-0.32483257
-3.72889783
-0.30831284
-0.14011085
1.72374786
-0.28557953
-0.37099586
-1.30966035
-2.02115497
-27.83341632
1.15249902
-8.93656100
0.86517666
-0.04510743
-0.35230547
-0.97581108
1.32036726
-0.59012491
8.80917725
-11.77720286
0.87550163
-6.34264477
0.23289192
-0.18759303
-0.23524878
0.07099484
2.65036115
0.78354877
-0.58289771
-5.30503380
1.37145964
0.99071369
0.11511444
-1.07397368
0.50310094
-0.11803621
0.74373305
-0.35285223
0.42995377
1.32994690
-0.13585037
0.98949259
-0.41071710
0.57861961
0.07533446
-0.14343976
-0.56639029
5.36404457
-2.36767625
-0.72741386
-0.74236356
13.51909486
-1.75624219
-0.23485973
-0.45907458
1.37057324
0.33296249
0.55543500
0.28959185
1.07328923
-0.47157458
-1.65744210
-8.28089096
-0.14494271
0.04144584
-0.53502152
1.10177731
-0.72430364
-3.53986842
0.72529747
-6.10037786
0.45164229
1.29524258
-0.55572161
1.24298126
-1.32870926
-0.43234296
0.44888475
0.97414956
-0.53028708
0.08314308
-0.41453927
-0.20694632
-1.42222610
-4.79314991
-8.85021555
-51.65085191
1.47339362
-2.52221489
0.84033330
2.66016496
-2.14489321
-0.35303625
0.31237827
1.27259929
1.16086774
0.64679937
-0.83713604
1.48681494
-1.87647273
-0.79866258
4.44303433
-1.25288669
-1.67418328
0.90226404
0.07525060
-0.25369244
-0.00293768
0.23950166
0.57627188
16.38349406
1.07530889
0.67417450
-2.05634338
2.13005184
1.58222674
-1.71961052
-0.26960652
-2.87671596
-0.25921289
-2.39809486
0.91513894
-3.29056466
-4.60826454
5.63231055
-2.50095222
-0.30068774
-1.07965947
-0.42013064
-0.17249227
-1.31350134
1.38202684
22.14553977
-1.83316485
-1.25899473
2.52168941
-1.86504055
-1.40647731
-0.20268968
1.05312321
1.74448158
-5.42921961
-0.99592719
-0.64133172
-1.52394281
-11.82911161
1.59253014
0.09586443
5.55488808
-0.58004542
-0.01628392
3.42869155
0.06042508
0.23522383
1.11421551
-0.66187515
7.55129786
-0.69000972
-1.45050040
-3.94292951
-0.72055163
0.51221409
-0.85162888
0.08327379
0.66331769
-0.18216580
2.91208653
1.06443256
-0.09255620
1.97595740
-5.36820046
-0.38772289
-0.33238524
-0.55142537
-0.13771867
-1.73981210
0.53862666
1.08801798
0.26677582
-0.23276163
-0.74771986
-0.17910221
-2.10745713
2.16229052
-3.49938305
4.94520030
-0.73288053
-4.90692305
0.28518153
1.01447896
6.26227949
16.65044027
0.81599857
2.05219075
-0.49050801
0.04088346
2.89184652
-0.42678781
-0.77479374
9.54740233
2.55199581
1.23574502
-1.28409679
-1.47789650
0.37814718
-6.75228404
6.78022499
0.16554306
-0.04221364
8.33917003
-0.57941065
-2.43682852
-1.42087412
-1.04665615
1.42122000
-0.17374769
24.12689810
0.79082390
-1.40276300
-0.87764655
0.03786559
0.10683421
-2.15352448
-1.14156326
0.65502989
-0.24567966
2.08136067
-0.66533036
2.49507703
0.98738039
-0.90061134
0.26665272
0.31145078
0.08486431
-0.35631448
-0.02316024
-0.51930808
1.09842797
-0.94676331
-0.31991797
-0.84401591
0.45468474
4.99573477
-3.22970682
5.78622559
0.32565679
-1.58415938
1.03701454
-3.29174150
-1.17453153
-0.88317526
0.22941769
0.13376524
-0.93191737
4.33837013
-0.02489883
0.48437325
1.97097129
1.30693175
-1.68217963
-0.27138402
0.32842177
1.84361998
0.40023318
-0.28853673
1.58080422
1.78495206
-1.38552482
-1.41914293
-1.15533154
-1.88297825
-0.67678040
1.22854905
-1.41446679
-0.56683595
15.83091870
3.42816964
0.42739373
-0.99581305
0.05815550
0.17304643
2.61318724
-0.96522355
0.72611298
-2.43184587
0.45467090
2.54691545
-2.34942895
3.24667946
0.00977845
-0.22355700
-1.23176781
-250.66173950
-1.48067368
-4.64369756
-0.21347585
1.58620355
1.16445006
-0.02952990
2.77459113
2.04932110
-1.80224381
1.50361080
-2.75025673
-0.26116574
1.46659241
0.38148143
-9.27576957
0.67269354
0.18300562
0.03786367
-0.48710814
-0.00447444
-2.83360351
-2.63408602
1.44963904
0.50588928
-1.42887090
-0.83842088
-0.04060173
14.55899004
-1.00127395
0.41428583
0.82600260
3.27941007
262.39724471
3.08458440
2.52836197
2.35874194
0.25011390
-1.35468910
1.73983735
1.99796568
-0.93302143
0.23511820
-0.26747603
-0.74188388
0.28853733
0.86212688
0.11390938
1.07516418
-0.69693165
1.82761198
0.70585380
-0.47896005
1.79896908
-0.21723714
6.80666576
7.02069714
-1.48118459
1.62775639
-0.32677885
-2.35998033
1.52092566
1.81071407
-1.88097719
-0.20449115
0.52431451
48.71115079
-2.46300767
1.20931151
0.24355716
0.18124538
-0.85308931
-0.92617149
25.12107333
-1.12002960
0.07479312
1.46439718
0.22388124
-1.99082138
0.88485955
-0.85301872
0.06898375
15.67883658
-15.68398400
0.76117911
-31.49738753
16.67632540
0.13432453
0.07966095
0.54247480
-1.73567144
-0.47142440
1.72386254
0.11264111
0.55571287
1.30186880
-1.14403255
1.01591600
-5.25557315
-0.95659836
8.36822894
-1.43834863
-0.11101300
-0.41895279
6.50627555
2.52633553
1.03108675
0.35254827
-1.40525089
5.60879641
0.65374387
0.07319865
-1.30668463
0.09246595
1.03784074
-0.23190700
2.15994592
-1.34515214
-0.11902869
0.61304058
1.19145395
0.40553628
-0.20285137
-0.20314673
-3.50875679
0.29486286
0.25621437
0.27146381
1.18885918
-0.07558518
0.45016433
1.31219662
-0.82705165
3.43383953
-0.69231503
-1.66768359
9.17552919
-16.85154673
0.09173308
-1.05556756
2.85158782
-0.34919428
-2.26634335
19.63779797
0.15408753
0.18586277
0.97741885
-3.22676929
-1.56045617
0.19359534
-1.04185111
-1.94957602
-1.90101869
1.67426960
-1.84638424
-1.11111972
-2.19485517
-0.39742439
0.80817975
1.35481260
-0.34472939
0.35916445
-1.27965354
0.58119666
-2.00209810
-0.38990145
-1.48771888
-0.56564353
-0.83585701
7.90964048
-0.11109207
0.09926783
6.19362871
-0.03786505
0.13402557
0.98823090
-0.62373134
0.25615230
0.27842196
-0.42888736
-1.32991518
-2.69108598
1.56811059
2.52886715
-2.15513876
-3.70475011
-7.18317939
0.05956450
-1.46143855
-0.57025576
-140.61213308
1.48651317
0.32124052
-1.46047192
0.90669229
-4.71416849
0.68340015
-0.69089567
-1.46185949
11.41936902
0.01331926
0.21143369
6.55891065
1.74672441
-12.84911670
0.41124883
-1.55529630
-38.14579072
-0.67956792
-0.86943245
-0.18860697
1.21366450
0.00588412
1.69465141
0.41266522
0.04142469
3.36076538
0.12100983
2.17112768
-0.18764822
-0.26201629
-1.12025249
1.07194568
-1.32242904
-1.09695716
-1.74855269
0.38283557
0.62115826
0.10649383
-890.84989751
-0.55490977
-0.53084661
4.09501991
-0.06725356
0.03745675
2.11996830
0.65139482
0.81799745
-0.20557042
0.24334345
4.59113357
-0.09246474
0.03884068
1.84541005
-2.45754209
0.61996611
0.96684412
2.87946295
-1.42013289
-2.32086395
-1.86039212
3.04674760
0.98008913
1.40569204
0.22370942
0.68792535
-1.15090588
2.02985976
-0.28513517
-6.70105080
-0.18206090
2.63651200
0.41707391
-1.11667440
-4.39412491
0.58767797
-0.94545121
1.95519396
-2.75977846
1.11028626
14.32279197
0.82192441
1.85894974
0.96088561
-0.52274348
2.14422572
0.39074241
-8.11555816
-0.21932709
-3.30370906
2.77802128
-0.08565108
-0.65610754
0.39393203
3.45393245
11.65702255
-0.32902464
-2.46882298
-0.82269636
9.23002682
3.39216756
2.43147758
1.28555999
-0.37856900
0.34317060
-3.04809094
0.11177387
-2.59189076
-0.82227320
-0.41695593
-5.89803764
-0.92530823
-0.26381116
0.48973851
1.75408245
4.32232889
0.76670252
-0.49644802
0.47736589
-4.46622424
-0.20712253
0.25738239
16.77053167
0.17266548
1.68091414
-2.26184447
0.34602322
-0.92939574
-1.97169223
0.24785856
-0.62331226
580.43701002
0.45071906
1.35786983
-0.00276773
1.03095355
7.20153957
4.54238956
2.07005712
0.72411513
-1.05365244
-0.97353792
-224.44840474
0.65062892
1.11518195
4.03584522
4.40740927
-0.86615550
1.59419495
8.01748900
0.80721303
-1.84313783
1.90556604
-10.68478348
0.92663598
0.17264179
-0.17618973
-2.57183708
0.28879327
0.42088997
-0.73720407
-3.65946977
1.64015320
-0.11960022
1.41236160
-1.89273976
-1.92894661
0.26222012
-6.85640251
-0.15941002
3.08474267
-0.97013785
-1.29286444
-0.08766507
-0.81026149
2.07918440
2.39223434
-0.53903620
1.16845489
0.10584131
-1.08033305
0.10011203
1.79787851
-0.21243612
1.14677116
-1.37512459
-1.33241072
-0.24452922
-0.12938513
-1.33656668
1.25569039
-0.25181601
0.21864241
1.45190074
8.99154165
-13.46455573
-27.24682019
5.14352478
-0.07320348
-0.69751811
5.55529129
-0.14885656
-5.73036426
1.72771702
-1.30494859
2.54649222
-0.62592274
0.10402746
12.23268996
0.14062529
10.21257831
2.22133059
-1.38598567
-0.13839530
1.80505562
-0.63300798
0.40041796
8.90748934
-0.58825792
-0.10643585
-1.82083917
-0.99439953
0.87712174
-1.08305757
-0.85056764
-0.16181370
-44.77351048
-0.01846704
1.12382306
2.61017712
-3.03539083
13.24756160
4.69406076
0.12512852
5.78983807
-0.28619623
54.23432719
-0.59077522
0.77568377
26.33345463
0.81893922
0.03108135
4.30017074
1.84752556
0.60971184
-5.04364367
12.60746131
-0.03755927
2.09371045
0.20392997
-0.35240582
-0.07523309
-1.13224973
1.45743554
-10.64276714
0.07573669
2.59494950
-1.04048425
2.46916880
-1.04732938
1.98413567
1.87362915
-3.13997163
0.95961271
-0.02063266
-2.26665852
-5.23077532
-0.26345239
1.28802756
3.67595652
-5.50965753
-1.13147128
-0.36843529
0.53772348
0.65146177
-0.31976282
4.98367799
-0.52808038
4.11041107
5.81646237
2.92148790
-5.19078709
1.44046395
-2.29350149
0.81883590
0.36278127
-13.16155505
1.61827017
-0.59215771
0.43689679
0.02089523
-0.70111297
1.60740154
-0.34086549
3.91041305
0.59579976
-1.02634992
0.17456478
-1.14286670
-1.79781213
-0.35265277
-0.29345823
-0.22089178
0.75323354
0.60826627
-7.75415953
0.19710901
1.95105724
2.89845717
29.99036469
1.82506873
-0.59182632
0.70669023
-0.58799477
-0.91057164
1.68805308
-0.23618356
1.56009924
-0.47022572
-0.81157144
-0.62490176
-0.56284981
0.10435116
-1.60620049
2.91189729
2.37160578
0.29285005
-0.03266709
0.14938719
0.53535231
10.60945225
-1.08304330
0.18358707
0.40662536
-1.51234042
4.03872077
1.04524678
-0.57246008
-1.37248283
-0.08589167
1.86389968
-0.01147179
0.17486902
0.36357627
0.78228107
-7.15104534
1.95654517
-0.83793381
0.00592922
-0.07415766
-1.81242177
0.44711247
0.46464618
0.51092331
-244.07358668
-0.19187052
1.00837800
0.16914773
-2.40414628
-1.24300777
-1.84019868
-0.30852571
-1.32192241
0.94914867
0.23343919
-3.90086599
-2.02480906
-31.12224088
1.33262886
-8.04561896
-1.46660913
-0.82750315
-1.69346598
0.35238688
0.39913042
-0.90747630
0.27378470
8.10176287
-0.85390510
-24.56985081
0.51511299
0.46284120
-1.03163011
-13.71119613
0.02722671
0.37016549
0.46476570
-0.91551745
-0.01281030
-1.57679670
6.63717403
-0.10827482
-6.19434841
-0.24275033
1.76246924
4.58209390
-1.26838373
-0.13918204
-0.72209660
-0.03711618
0.50485990
-0.18595700
0.25715701
0.94978132
2.29829787
-1.05058867
6.27444661
3.00110803
0.79427909
-2.68339115
0.11431137
1.60516073
-2.01743607
0.72668952
-0.04463231
1.50658662
-0.10281640
-2.60039283
2.86109105
1.47289114
-0.18635322
-2.36096049
1.07684514
0.19141463
0.30145023
-4.68034338
0.62380543
4.61218270
3.23087291
31.80320870
-1.44404772
0.01628792
56.98059024
0.28896735
-0.30822771
0.35883988
2.94893757
4.08085468
-3.08071466
0.70449237
0.99389706
13.00851680
0.75934587
-0.39189064
-4.00867756
0.28989346
4.43148493
0.05852670
-1.17148769
0.91480153
-0.58606393
-1.14244134
-1.31702697
0.19981152
-2.06495066
-0.36708622
2.36727135
0.68664486
1.80506026
1.66632110
1.08166431
0.38216843
72.46028652
0.70061303
-0.02771251
0.12760299
0.03331793
0.24958158
1.77797267
39.97192987
-2.72699861
0.40536474
-2.93111464
-0.93177745
1.38259548
-1.49903471
1.71370887
1.15460681
-1.54913373
-1.09066379
1.02215450
-0.35604483
3.29540286
2.37957585
-0.77547996
6.45476308
-74.96749686
-0.12306896
-0.69987626
-0.39540923
0.17834958
6.13518844
0.05849237
-0.38580795
0.11207438
-54.68992766
1.52543551
1.29894311
-2.02400612
0.32043819
0.89170063
-1.10745587
-21.80505671
-0.02892225
0.18712018
-1.26154294
-1.33425756
-0.38185693
-3.73670334
-0.21273663
-0.88863016
2.25486649
0.46396973
1.82820430
-0.99848052
3.24667091
2.24705954
5.83078672
-9.10325401
0.84227994
0.31465178
0.93499410
-0.51067998
0.41095365
-0.17243882
0.17660480
0.34848521
-0.40554242
-0.96551207
-0.41889335
-0.12889852
0.96996763
2.75266180
0.46934440
1.01368917
-1.30409026
0.09370622
0.99745876
-0.69625470
1.40417402
0.02009411
-1.30727954
0.45001362
0.45410421
1.50628681
0.29997041
-0.41264380
2.77422766
-0.60975408
2.10153328
0.86679528
0.98752057
-2.25721384
1.20997843
0.35284885
1.24825284
0.75523672
0.03956748
-0.40063276
1.95486593
-2.27708995
1.50980963
0.41120641
-0.47905287
-0.45380391
-0.34477463
1.20342603
0.40492930
4.17070501
-0.83874803
269.61741958
-1.44479700
21.97137884
-8.86866925
-0.97148631
-37.80615908
1.47048934
-3.28995440
-1.71449779
3.94852445
0.73141755
0.97219968
-8.48695271
11.68128651
9.61123706
8.45923540
-2.81418260
2.25789263
-0.69366223
2.26322105
-3.12321016
-0.23446898
-0.78131205
3.93646602
0.20836837
1.23310322
-1.90747092
-0.50030277
-0.44542865
0.90842593
0.14162510
1.61810587
0.81399825
0.54887208
-9.29107979
0.67715118
-0.19432138
0.48941753
-1.91618669
1.40494431
-0.21496352
1.66867221
-0.03779230
0.98039478
-3.31047579
0.26652124
-2.94821876
0.23063362
0.07461609
0.95478481
0.03987509
3.38209235
-0.93964996
-0.59337484
0.20414092
-43.41014004
-2.54940703
1.12235752
1.84240015
-0.07316061
0.19440470
0.25961682
-0.30460432
-0.83535281
0.14802634
0.71888506
2.24337124
10.16984067
-6.74420480
-1.09045041
0.05883351
0.57187322
3.18003730
2.23595099
-0.48377571
0.44951353
3.47849444
-0.23767195
-0.33911035
-3.15639533
-2.42619760
-1.91004664
3.78450898
6.63650950
-18.08444989
0.87412541
-3.74257644
-0.17378642
-2.71809817
-0.83849251
-0.02303011
0.60241481
-4.20101351
1.67485234
-0.11401228
1.53821852
0.50214478
-2.15806727
0.56309155
-1.23303786
-1.90095076
-0.11416641
-12.15926418
-1.09837733
0.36857604
-0.20375642
0.88293187
-14.83268982
-0.32633618
0.13945066
10.27827004
0.91348008
1.49348551
4.04758140
-2.04618510
-0.73469612
0.45399242
-0.47232391
0.42420887
3.41844659
-7.89032729
-1.15467708
6.06499632
-2.41976877
-0.30396983
0.26140516
-6.00654332
-1.13162706
1.51424804
0.40083047
2.17221513
-0.58860167
2.85855699
0.13557938
-3.90061812
-4.73774024
0.57895816
4.22956288
-1.62489768
-14.39358084
-0.32816284
-6.90112506
1.93932739
-1.27550407
-22.13976771
-15.08452298
-0.14771134
0.29951803
0.65769675
0.17313087
-2.00321072
-0.15800729
0.16789057
-4.58891538
0.13320305
-0.14097123
-0.84179426
-0.82989319
-0.09875813
1.02666596
-0.18533981
0.85688562
0.51986119
6.25126851
-6.99085382
0.90936346
0.81156002
0.04431154
-0.31323661
-0.72044427
-7.62101786
-0.94521497
0.16931204
1.46246240
-0.13401514
2.41320955
2.37618534
-1.50523853
0.43448460
0.64458711
-1.63438024
4.26649669
0.10253345
-0.48276853
-1.53214261
0.86712644
-1.88140101
-3.10378936
0.32180384
0.76178138
0.10178095
-0.43695973
0.23263537
0.05918112
-3.47824341
0.59790977
1.03590944
-1.49311905
-88.79661002
-1.81954074
0.53736445
3.04332447
0.26710657
-0.26430176
-2.38839131
-33.70679225
-0.95042389
4.68974002
18.83099174
-1.71163522
0.56322893
-0.61527210
-0.71645357
0.32475984
-0.93783650
0.02167163
0.66064174
-13.34219189
0.13212894
-18.41904439
0.51420079
0.35528518
3.06384446
2.90794130
0.73848211
-0.54479329
-0.50701317
0.56823466
-1.47763935
-12.18418788
-0.00335615
0.65526431
1.10901555
0.24569777
-0.56641455
-3.47355511
0.22329816
0.16126091
-0.25128868
0.23447077
0.09360054
0.22010562
-0.82205075
-10.28549929
-0.39238231
19.03627042
-1.44541969
0.89270711
13.86634338
-0.91350012
-6.49725090
-0.08362378
0.78456889
0.03179421
-6.51810589
-1.51099648
-1.47597151
11.27749562
-0.80354369
-0.96389231
-4.05010992
0.13815086
-1.43200611
-0.08325855
-0.35497655
-5.02885992
-1.93696799
2.23886692
-0.08683224
0.99645915
2.44199170
-0.05241095
75.49217241
2.52927949
-2.28939719
0.41896272
-2.12732208
-2.58922382
-9.51722772
0.07043478
-2.44798863
-2.10411538
9.35849553
-0.10714178
-1.35848454
1.14337729
5.43091400
-0.90033481
1.62200279
1.29328456
2.56992727
-0.40471989
-3.80405964
-11.84742158
0.40619463
-0.15456912
-6.56077529
-0.69408531
0.40099696
0.95358577
-263.97279705
-0.40383202
-0.43300399
1.26223232
-0.73958934
0.69371057
14.83115149
-0.00510305
-4.17651604
0.98064375
1.04190504
1.62964045
-0.03768626
1.53449175
-0.18612622
-10.78503959
-0.34033535
-0.48752481
-0.00920106
-3.70048037
8.46340222
3.01532260
-2.65527305
0.77149250
-0.77522713
1.01161992
-0.43672735
0.44610568
-0.84982478
-3.07626017
0.46284260
0.44094484
5.02662840
-343.76305192
0.67189846
-23.92887187
50.06017619
-5.03343675
0.97269316
0.27098961
0.31350854
-0.37027977
-1.99362697
-3.63046919
0.96918772
0.20362362
-2.23552744
-1.93385294
-8.20599332
-0.43915522
-0.86994080
-13.83101687
0.07739606
-0.97848174
-0.83033071
-1.31265808
2.21883993
-1.08117122
0.89158756
0.46113716
-0.64682062
-1.14037537
-4.46659381
-1.46540253
0.96979267
-4.46027362
-2.45410035
2.17706502
4.79941277
-0.73398064
2.31901211
0.38201805
-63.63329093
-0.29671502
-1.50559932
-0.20246118
1.48137937
0.77388360
-0.82582159
-1.06443694
-0.47103612
3.51161943
1.02819025
1.93468666
-4.00222864
5.86838092
0.37466516
1.01642332
-0.68452811
-4.60472294
-0.23511493
0.61200246
1.47670365
-0.60050413
3.84141570
-0.54910066
0.72300732
-2.52288833
0.63559767
1.66531691
0.29558729
-0.66847880
0.55353271
-0.47605127
-1.32294378
-0.46556046
0.41081678
-12.71152579
0.34690357
0.82210037
-2.70981655
-1.06788791
-1.82499609
-7.39090069
0.31206980
0.65144069
-0.97961007
0.84197734
-0.94799706
0.55448513
0.37895287
12.54236826
2.56717060
1.42596677
2.51999976
0.21199573
4.76043085
-0.11268766
0.07020706
-0.02541060
0.90105638
1.84384330
-0.64888922
1.00292566
0.74488014
0.97789045
2.37795029
-1.09691233
-0.38292438
4.91215973
1.54022990
6.38605877
0.40071680
1.24555876
0.70658878
-0.83676077
0.59951023
-0.05259263
0.05565393
-0.60996157
2.06063340
0.24230354
13.66694655
-1.63359219
20.19457782
-3.27940455
2.65544723
-0.74702259
2.15551295
-2.60448879
0.36814815
-2.25197442
-0.49533347
0.00640420
1.53125057
1.94358710
-3.50107786
1.36132759
0.74851036
2.74428008
-0.70733443
-0.35385654
8.07260628
-5.21539824
0.51429189
-0.03647550
0.38900557
3.70249453
-9.62300414
2.09738789
-4.73044969
1.29400327
0.55034606
2.75175458
0.47389954
0.42858778
0.02757546
-3.32968866
18.58907720
1.32005783
-0.34567928
-0.31938088
-0.65685937
-2.17277195
12.05920043
1.46177913
0.07819208
0.82178212
0.30543881
16.72010859
-26.98611696
-0.54786069
0.30317887
0.32928589
-0.17245437
0.24170727
-0.08273175
1.06322402
-0.54448622
0.45036407
-1.24272359
5.79859482
5.78912181
0.61190617
0.09372225
3.05713341
2.82576416
0.11579135
-2.53499339
-0.45213279
-0.41623374
1.91381909
0.29357346
-1.09422854
1.18822717
0.59450900
1.07294791
-2.86039561
0.80690222
0.14696541
22.55616389
0.87785994
-0.63265474
2.21274566
12.39343862
8.35397573
-0.55136037
-3.85876012
-0.18601648
1.32354127
-0.77671927
-0.34157253
-1.64365684
0.42402862
-0.59438488
0.67600340
1.22172094
-3.58371270
2.13837395
-13.41836083
-0.40721420
12.40022857
-0.38029503
2.44978615
0.11166967
34.92629505
10.34760898
0.42439425
-0.85553118
0.32683654
-0.65385908
-4.21213160
-3.50822152
0.96331785
-0.90567486
-11.35418375
0.44938440
21.49074588
-3.06444876
-1.34130687
0.09572058
3.60655011
27.96607492
-0.55212473
1.12571830
-1.26282552
2.18944986
0.39297529
0.83907152
0.77088796
-0.67433629
0.88022438
0.57747500
-0.70353907
-1.46441040
-1.11101147
-2.29460222
2.04905059
0.06294849
2.57849780
12.95136460
-2.06533598
-0.20155235
0.45413711
-2.85262457
1.08425056
-0.56191905
11.50726392
-1.14868385
-2.24119040
-0.02149942
-0.14434807
0.06974237
0.32847441
-0.23340265
0.61799114
-0.18760607
1.72484721
0.45854836
-0.07053729
2.53954582
-0.49872169
-1.11811933
-17.07450556
-0.20278025
-3.26371285
64.02854061
-0.91208636
2.98684399
30.83294780
-0.22306073
-0.20422404
0.88299589
1.66106803
-0.65726007
-0.03290624
407.23919299
3.13303041
12.07040549
-1.67475405
3.23551023
2.33009460
-0.04985838
0.08202074
0.77407065
3.26061772
-3.74062135
-0.04421738
-0.50056277
1.16646720
-0.54024139
0.34416398
-0.14092963
2.26567314
-4.74905599
0.03902258
-0.50713328
-9.96836456
-0.37349131
1.76591565
1.17971257
1.61828884
0.00858467
1.04557310
-1.48050503
-0.46276393
0.17830864
-0.71491079
0.12171248
0.00057914
-4.24087207
1.33557951
0.34202242
0.04494864
0.71654996
-2.37709104
0.86981571
0.71404576
0.17412944
1.17689345
1.16029833
0.87686814
0.36219745
0.35940748
0.78474336
0.87109204
-93.61449796
-0.07682848
0.32032213
-0.48095235
-0.62691715
1.43765324
0.84154344
0.65098732
0.09909012
1.76285017
2.99210638
-1.65475481
-0.69640158
5.40106094
-0.36453955
0.85110447
-0.14851713
1.07656111
-3.68296276
-0.25254086
-0.46473579
-1.78538758
0.85790916
-3.22428972
6.29279510
-9.30980225
6.56981161
2.30649699
-0.62095718
-1.44061988
0.72948181
0.21213343
-2.27417143
-0.48765523
-0.96144525
-2.10455421
-1.28240869
-300.42291596
2.48248965
3.56074434
2.91985393
-2.60687681
-0.55946362
-0.57324329
2.60605960
-0.43921607
0.41551247
-1.86717953
-1.31298693
6.96652989
2.02384111
2.71611077
0.08533645
0.44241116
0.14924052
2.95363788
-0.09006627
-0.50778510
-0.05126407
-0.38119564
2.46295917
24.13948933
-10.58556379
2.68992891
-8.27279504
-11.42886520
0.22763668
-1.27020407
-0.09505689
-6.03215952
1.74763525
0.68920676
-1.19482970
0.79423379
-0.57294956
0.86809980
-2.54707521
-10.27522397
-3.81017595
0.13043451
-6.63575449
0.25648775
-1.93362129
5.41732446
0.85963011
-1.94993828
-0.66398202
-0.37503882
1.71831661
-3.03087186
-0.23624786
0.11904317
0.57925292
-0.54601033
7.79345976
0.10305394
1.10965094
-1.19251183
-12.87768205
1.13876400
-1.31473579
0.79607889
-1.58111159
0.31966661
1.33095437
0.66837751
0.43582891
-0.62614290
0.69153910
0.27700066
-0.86409285
-0.80213866
-5.47916527
2.33512334
1.43812813
-1.12105699
1.72930656
-7.05190172
-0.01896637
14.63996049
-0.10986793
2.52795201
-2.54171628
-1.11367525
0.76852740
-1.71726546
1.86698672
-0.35354690
0.14524532
0.41124082
-0.52201368
-0.24870374
-0.41444164
0.39564152
-0.69423525
1.16323080
7.83512652
-0.73496202
1.06004097
6.16033638
2.08011210
-26.89482081
0.17123846
0.17360453
-0.15365025
0.88780966
-0.12200588
5.46851332
-0.68817484
-2.25876454
2.04071389
-0.70905223
0.52009575
1.83761657
1.82155069
0.10433799
-1.30996098
0.55526294
8.58192807
2.99974629
2.84142662
0.91817446
0.13780064
-0.31145350
0.67726990
-1.22057013
-0.16197576
-1.22922066
0.24214015
0.27923152
-0.99849893
15.93211540
2.02839703
-4.63134331
0.14076650
3.20309522
5.32784893
0.47717087
0.13651602
-0.06655019
1.43045577
-3.03058261
-1.21141161
3.64618511
0.98316106
1.72922643
-1.97759924
-1.88436011
51.33030916
1.21267847
-1.08944719
-0.48559389
0.62626384
1.25361347
-0.64409251
0.15598756
-8.16255876
-0.57427681
34.12829315
0.82538501
-1.51576604
0.30727287
0.45587675
-4.22364884
-0.43611570
-7.93149844
-1.62887391
-0.34790361
9.82777763
0.02779078
-0.12555137
-1.11981449
-0.88975900
0.27517555
-1.03138031
-0.23266501
0.35683804
5.56504073
-1.60259974
0.41393244
-0.95627048
0.64757184
-9.99792193
-2.50886026
-3.10941953
-0.19754826
-1.60710427
3.67545462
14.96305816
0.36064497
-0.32581830
-1.51744287
-0.40362464
2.71109140
2.38882473
-0.05228122
0.26507468
-18.21294169
5.22920306
-0.72047270
-0.17296997
-0.87143512
-0.23292506
-1.17844106
-0.53475882
-4.75589088
1.20424197
-0.04959935
-0.35541595
-0.94893816
0.45675928
4.78810214
-13.14532758
-4.61758561
49.05928068
-0.35977638
0.09567719
-3.45824728
-0.62662037
1.93867846
0.43053818
1.36180119
1.70495983
0.10617672
0.59194366
0.49569107
0.79968026
-0.32262645
0.45373760
1.16437690
-1.15220620
-0.16590282
2.02265996
0.29176183
0.73142913
-1.37837231
7.70892641
4.12657693
-2.84073118
-65.75023635
-1.96922406
0.89486123
-0.78060142
-2.52240919
-1.44624710
-3.12532099
2.20989100
-0.56994466
1.03770802
-0.38208057
1.77605701
7.02188433
0.24768262
-1.59797087
1.58860076
-0.02756532
-1.48548205
-0.40833697
-13.13489601
-2.04326715
-0.99871504
0.29742770
-0.40044479
0.11081809
0.92121170
-0.62703532
3.25553369
0.09374922
2.46261766
-1.49429330
-0.03601032
2.48535996
0.08967374
0.41398011
-48.41876010
-0.69031664
1.16507563
0.99771013
2.36787734
-0.53944496
-7.38134473
4.03967936
1.72124631
-1.36197290
12.16876291
0.36998974
0.93396649
2.67012566
-6.26973406
0.51914325
0.23616270
-2.37320234
-0.26232300
6.39636505
38.23647516
-3.47724069
-0.54618491
-0.48682629
0.03523592
1.18056641
0.17782618
0.59134572
-0.55451709
-0.93123913
-0.02847313
0.25403810
45.08053714
-6.96292063
-1.99158758
4.91357718
-3.64547501
-0.09743274
20.87301748
1.54650919
-2.35000533
1.20813531
0.48834539
2.32135199
-1.48544403
-0.16141451
-0.54608069
74.56095119
-2.04185770
0.83641948
12.92202190
0.18891451
-1.30016520
1.34870659
0.79077039
-2.65515437
2.80560797
2.23059936
0.78061108
1.21615391
2.40007251
1.80393440
2.39483241
-0.44888283
0.94104480
0.00732870
0.36064357
0.18789066
0.57308106
-0.02812159
-1.09246971
0.08376191
-1.05952944
0.46167619
0.45374378
-1.35053985
-1.25893909
0.91422608
0.97885826
-19.52489083
1.25267468
0.85737704
0.32190423
-1.46946970
0.41312005
-1.49515438
-0.26880127
-0.71512583
1.28824633
-2.21353345
3.37993886
2.16737590
-1.53343119
1.72562641
0.94818437
1.79083183
-0.34914074
-0.65028131
-0.86380928
2.95538155
-0.68441305
1.04308665
-0.30960799
0.04791508
4.74046255
0.11548788
8.29288762
1.32557368
0.84255497
-0.72253977
0.76569845
0.10814730
0.32939808
-0.49913529
0.01299499
2.23419138
-1.17527093
-1.30169866
-1.27648131
0.60477364
-3.55429762
-0.27702430
0.51395833
0.74175801
-1.00625103
-0.30336772
-0.50697341
-1.81278464
-4.92568760
-8.05215056
2.06568933
0.34313418
-1.67195087
-1.12306594
0.51545896
0.58621432
-0.32021652
1.26337754
46.70638254
0.44634531
-0.32094786
0.77591918
-1.73488787
-0.34731899
9.01595717
0.29877736
-0.24072231
1.03008546
-11.02582079
4.35650898
0.63040387
-0.63857862
-0.02081263
29.21544531
2.59850712
-1.76270154
-5.52140174
0.25963463
-26.26939895
-0.48010693
0.04826763
-2.52521109
0.98548649
-0.55666099
-0.17938838
1.32631621
1.31595159
3.29266683
-0.03998995
-0.91245945
0.06770370
-0.50494269
0.10407374
0.04313220
-6.58724477
-0.22383280
0.82747772
-0.07675446
6.17467279
-4.42426371
-0.01967411
-1.08692368
0.03766633
2.95460328
-4.93279315
-0.27262942
1.97078422
-5.94847765
-0.44960447
-0.50864160
0.09236366
-3.60290583
0.89606892
-0.22494631
-0.92927313
-0.11662519
0.55364006
0.14637327
0.56484839
0.18607767
-0.99686289
0.20880718
0.71951286
0.74709461
1.67574061
0.13058369
-1.57297835
-0.98534158
-0.13554814
0.95931364
1.53653681
0.97435577
0.00483379
1.06597445
1.37122014
4.87578507
-0.05218584
-3.28957198
1.03979388
8.79960120
0.48366325
6.43392692
0.67736296
0.05215713
0.38017354
-0.64974720
0.70811419
-0.26027626
0.43633709
-1.11664917
2.38789679
3.65372409
-1.41308780
-1.63985319
-0.42783055
0.10667133
-2.20802559
0.78435652
0.33397860
0.81697286
2.61529172
0.34432051
1.61359464
-0.51100108
0.78022650
0.98721350
-0.02535243
-2.04868820
0.05475827
1.66162069
1.31571667
-1.57915403
-0.13593347
-1.42437410
0.87813249
0.47080551
-1.19136799
-2.61341038
0.27896251
-1.02180084
-1.05781371
3.90016459
0.91462187
-0.21731536
-0.02925695
0.35943898
0.94478509
-1.08172950
0.17519614
-1.31247208
0.05049014
-2.91921613
0.11031118
0.24591955
-0.06895809
-2.63887051
-0.29975250
-1.69833476
0.34903522
0.53580214
-4.03034382
2.79073511
-0.26439182
-0.32273101
-0.48295161
-0.91433571
-0.10764426
0.80533905
-0.75814991
1.84563892
1.76480656
-0.16536669
5.82312872
-0.03384261
0.54897690
0.01016609
-2.06307660
-0.35314252
-3.54154116
-1.68695602
-0.16659187
-0.46704185
0.43995573
-4.56047532
-4.32392200
-2.98558736
-0.98299342
-41.93829189
-0.22773536
-0.33165597
4.10117412
-113.71229841
0.01182143
2.92247170
0.29581978
0.89257193
-0.03848157
-13.03871755
-0.16424662
-0.35020123
0.13716665
1.71920793
4.25718204
-1.20995511
2.24241732
1.09534470
-0.84581149
1.31836152
2.86437651
1.75248584
0.00022275
-1.64708660
-0.70046496
-10.79441228
0.17102893
-4.45575215
1.66119123
0.32934813
-1.36218133
-0.17884432
-3.78679200
-0.47690937
-2.92501189
0.75046186
2.31396950
-0.38194216
-0.04229270
0.66111116
-16.66165852
-1.90768580
1.84287443
3.80303296
-0.76976243
-1.10287188
-13.30577279
3.40169610
-0.55464808
0.59988255
-1.57198148
-1.25818430
0.17587924
2.38780542
-0.17048436
-0.31414922
0.34806372
-0.16018629
-1.91374166
-3.53944930
-0.21338947
-0.60034950
1.75517373
0.52262567
-23.79520322
-20.64259121
-0.37772515
0.94680928
1.07429864
1.48426960
-0.05462817
2.17836589
0.44367302
0.25099476
4.86750833
-26.56800955
1.67956501
-1.08372270
-1.85954782
7.83172700
1.37395262
0.57375328
2.88020258
23.08461271
-1.00694896
0.95520099
5.80641850
-0.38549706
-2.71457835
3.16605432
-1.08708214
0.99586140
0.44738164
3.95363016
-11.75048722
0.15807672
-0.80477363
-1.04243189
-0.53864621
3.29943632
-2.17299446
-1.74686956
-2.16655577
1.74485090
0.91484548
-0.96874701
0.49928558
-2.06610286
3.99969444
2.16399818
-0.48111891
-0.20876891
0.17704350
9.69478690
0.05566998
-0.77480972
2.07104863
-1.28884779
-2.95961378
-3.68215691
1.73265905
-0.70917485
4.63068923
0.95135419
1.05632655
112.62082185
0.26794837
-1.46334523
-0.17088123
1.04798716
-2.98859845
-10.08180907
-1.32130564
-0.37265456
-0.61766468
-0.22098987
-4.15905934
0.39989183
0.70917695
-2.23879981
-1.63350052
-0.00577301
0.12866739
2.34690713
0.14811646
0.34496659
1.47881672
1.33142743
-3.52461966
0.28734690
1.24912151
-0.34500911
-16.49612197
-0.33985422
4.06681671
1.37957756
-0.96457328
-0.33634725
-0.21256541
1.62737688
0.01576854
0.75114210
-27.42542173
17.97583441
-5.28142275
0.13640159
-1.28248657
-2.70697463
0.15826648
0.64502467
-1.65411931
6.72468636
-2.16550388
0.31322429
0.34821141
-2.99320067
-0.67955164
-0.39641076
2.35396818
0.07403786
0.03883067
0.29307902
0.21810887
-0.51910507
-41.00993358
-0.61688837
-0.96351362
4.51273061
-0.76689076
0.67583144
2.98324900
0.23599532
0.18536563
6.10549178
-0.09672678
-2.36510707
-0.09238906
1.14155559
-0.95641024
-0.12887108
-0.51044178
5.38921840
-1.21557431
91.56543959
1.44294856
-1.88348043
0.01428821
-1.03920115
-95.67957115
-0.03758574
-0.08781446
0.77299430
0.34331333
-1.27788094
-1.15126647
2.81497363
0.10733198
-0.41084917
-1.69104602
-0.10688367
4.74410843
0.02037665
-0.72801577
2.03969579
0.89455411
1.54717626
3.06651428
1.91825944
-0.89038836
0.69297253
-0.31697650
-4.65829199
8.97785865
1.44616583
-0.85215933
0.36925771
-1.09164446
0.67653120
7.41632645
0.23416412
-22.41963975
-1.60414642
-3.02825288
1.25273137
-0.85080599
-1.06683157
0.33286516
-5.66390259
-1.21697167
-0.07383020
-0.42348655
-0.51355779
0.39414735
0.96612012
-1.68131838
-1.97477406
-0.23789660
0.15665934
-1.35888473
1.42234347
0.46938015
-25.79548832
0.25215164
9.06555084
0.56419107
1.63126031
3.52013019
1.34452401
2.36905608
0.66534349
-0.78858562
-0.83184471
-1.07072140
0.81221000
0.23012647
-2.64252537
0.53641075
1.07631698
-1.66982350
-0.27549430
0.54598113
0.06064493
0.28935376
-1.25453954
-4.00331378
-0.16883201
2.55552261
-1.05218939
0.20696071
1.31307974
0.72719582
0.01519018
1.57086326
0.59921871
-0.05133485
0.80001495
14.06289564
-1.91873589
0.83089135
0.11161579
0.51539953
0.41883592
2.05391644
1.67153798
16.76731216
-0.46520468
-0.33513821
0.35689585
0.91563644
-0.89114430
1.33163832
0.38137811
0.11613067
-0.54679026
3.55022090
3.73447014
0.84543444
-0.12641329
-0.05928270
1.53937869
0.55491788
-7.72870023
-0.19991088
1.24964471
1.80950853
0.01538890
-0.50097954
-0.09971436
-0.32837429
-2.70737604
5.50847353
1.38913985
0.13757655
-0.48860381
-2.10029489
0.00858841
-2.52309935
31.33401206
0.96473896
0.16156171
-31.05144290
0.27935914
1.54907914
-0.90721897
-1.30310637
-0.26377172
0.42195772
-20.91714238
-1.72070402
5.09412393
-1.47489660
1.60829505
1.14899387
0.74057252
-2.03992947
-0.25995828
-0.31276381
0.19033836
-2.02794829
1.07973913
-0.05459064
0.64273633
1.48452391
0.52365874
-2.26779789
-0.28362038
-0.49404160
1.27187546
0.79131020
73.80523058
0.50142399
-27.02287922
1.74624366
1.50769410
18.07084575
2.58253081
1.79723634
14.99738227
-2.26327807
-1.24906870
-0.22078750
0.51060491
0.99299165
-0.37531244
-64.49815118
-0.54737219
-0.19045019
-2.42170096
0.61137688
1.61891570
-1.43146267
0.47862295
7.49327551
-1.35537187
3.58885399
0.50993351
0.37692079
0.16885055
8.97026072
1.77160770
1.62195537
0.57573126
0.89871209
0.03656638
-0.52287547
-1.98404285
-0.40432540
-2.08313517
0.02803455
0.35526751
0.63881905
0.67334866
0.65191426
-1.81110897
-1.53150811
3.58810615
-5.34426139
-2.18977446
-0.19784858
0.81131477
9.55327340
-0.62550044
-5.41147910
-2.12763690
-0.71095560
0.08076341
-0.09790966
-0.50832192
-1.41424448
0.51395628
0.60515325
-0.25154652
-1.33466660
355.17786015
0.19523542
-3.15832024
0.02888051
-0.60878791
1.92123654
-1.77544313
-0.58955409
2.08360266
-0.47071863
-155.33098537
1.39684831
-9.58240796
0.62691316
3.95484278
-4.37720477
0.38168699
-1.29635058
-0.19166828
0.23134848
-0.78569497
-0.42334083
-0.34472040
1.71539774
1.84433125
-0.13048995
9.04161727
12.27183111
-2.23363120
0.08666880
21.13738912
-1.59906917
-0.24866888
2.09966991
28.79078139
-1.94566275
-1.03195693
0.50754864
0.42513372
-41.63159415
-2.06305367
-1.61275227
0.35891614
-11.41352384
1.64485834
0.69518444
0.58431716
1.73633284
-1.48796643
0.56000429
2.04670150
-0.43084397
0.43154932
2.50785512
4.54890228
-0.10844747
1.28952261
-57.21287711
0.13755059
-1.72004363
0.83349070
0.20363104
1.03290923
-0.26084354
-0.98632500
2.08716995
-3.03300867
-0.70135067
0.28212970
-12.80860781
1.07094375
-62.58462413
-0.61490892
2.93822449
-1.71397199
-1.25404568
0.05756667
-3.20573803
2.15082941
-0.09912619
-0.57800528
0.13742516
-1.64644835
1.21363510
0.60236381
-5.07057538
-15.36390749
0.53377561
0.29117695
-0.52949517
-0.74302762
-0.32012001
0.21363572
2.06537634
-0.28437008
0.66735171
0.81423916
1.43507749
1.95038781
-0.22312163
0.07599406
-0.83038802
1.08179020
1.63946443
6.54219350
40.55123582
30.66009069
10.03537117
0.32383234
57.89948481
0.11632850
-0.33606759
0.26410388
0.02806068
0.13540729
-1.22237782
4.64640482
-0.59285948
0.52846994
2.73366226
0.16292057
1.81438601
-1.95307457
17.33984816
10.16998146
0.59159101
-0.52601896
2.04627875
9.99177729
9.07791886
2.97408209
-3.12999283
2.08654660
-0.08259203
4.46905621
-7.67858015
1.58825348
0.84866850
-0.95577162
-0.17195597
-0.48598932
-0.75980402
-5.60012821
-1.95599724
0.41735544
0.39075031
1.37200849
-0.12227523
5.70150951
0.61889984
2.60457186
1.01587578
6.07222468
0.20422942
-4.07677150
1.52617607
-1.60086297
0.32664999
-0.66004061
0.35642482
-1.66828088
1.52662647
0.99544822
0.27989257
-1.03015492
-0.22225138
-2.61425466
-4.62886048
-0.30033224
1.03684352
-10.05546674
3.31754568
0.69502930
-0.34907774
0.08353817
-4.97207059
-2.07917880
1.30359951
-0.27553552
3.11857866
-0.52194167
0.62470490
-1.70815181
0.56669531
0.20860126
4.88264552
-1.17384080
0.43398665
1.01209702
27.51202570
0.78912515
3.06863998
0.77110159
0.39128344
-0.67374488
-0.23827951
0.03855279
0.85363057
-0.10635804
-0.38679891
0.63899045
-0.37342408
1.41112926
-4.34808022
40.01561246
-0.89266520
-0.89562837
-1.46779669
0.97176404
-18.62758057
-0.31480332
-1.17868871
0.33416928
-1.07763972
-5.56711249
1.76138593
1.73694777
-12.73983136
30.77310723
-1.46731276
-0.20976632
-0.89646389
0.45598602
0.30415619
-0.12167747
-0.42754454
-0.70657079
1.74987991
-0.50588422
27.90228752
0.02540315
-2.52589490
-0.29061873
-3.27340485
0.63335744
73.67218403
-0.62073206
0.03521852
-1.20511948
0.85597770
0.00803992
-2.51476741
5.65940895
-0.71983229
6.73915989
-0.93317669
2.22724794
-1.46414029
-3.13246717
2.54206597
-0.50468728
-4.28226722
-3.59823007
-1.20652817
-0.33658312
-0.42120839
-30.43042787
-0.19305247
3.98675036
1.25008650
-0.40592749
2.76048268
-0.63683578
-0.15045692
-0.99920039
0.24762219
2.54740720
5.67200567
-0.03423138
0.19654343
-3.44592231
-4.57541875
-0.59979040
1.87404451
3.98933606
1.07003443
-0.15445547
-0.57698901
-0.84067030
-0.21988595
-4.68831338
-3.92509863
-0.29563466
-3.84589606
-0.28729041
-3.19811329
-26.56300470
0.59015265
0.10638443
-1.43602532
0.51032553
-0.63882652
0.90097089
1.33764676
-1.35716711
0.45605007
-12.45001779
0.09045143
-47.06854179
0.97846247
1.19675793
1.15438431
-1.62997313
-0.80416655
1.40961012
0.37034893
-1.53018362
0.85362961
80.15920717
0.60445261
0.67014669
-0.90515576
0.21812150
-3.01963214
0.92386962
1.44456068
1.83630810
2.08122438
-0.37500154
1.32241948
-0.42700384
8.28817423
-0.35082944
-4.51154548
-0.40543930
0.83812951
5.10958267
1.42466358
1.11099446
1.03652512
-0.19614426
-1.87512814
-3.72126347
-0.38472138
-5.71354317
0.73376778
20.40358320
-0.09643026
-0.18962967
1.21397444
-1.23200845
-6.73169563
2.18637521
0.43695858
-19.11951814
-0.15917890
1.02094838
1.86644932
-1.56033740
-1.31814278
-1.15468688
-0.22922927
-1.26021186
-0.07506153
-0.43110343
4.37865022
1.65993987
1.12267726
-6.83077507
-2.36226112
1.01007964
0.83262606
0.21684616
-2.47150500
0.72002601
-39.85537759
0.14080987
0.56524552
1.53899004
2.02896008
-6.56521880
10.22725959
-1.58913117
-69.90831073
-0.37799087
0.91464634
-0.74500849
-72.20910405
-1.56767785
-6.24178670
-0.27187218
1.08978376
-1.33298435
8.71382688
0.67721985
-0.47270921
-1.62544887
0.36076376
0.04614164
-11.58641574
-5.83300845
-0.05142046
-0.23475397
-1.02152961
0.28539308
3.99910519
-17.38014681
83.89883816
0.16158004
8.13441597
-3.71911864
-0.50392729
-0.03232649
-2.89192903
-0.87050605
-0.06805267
2.14841922
-0.31251765
1.60825427
31.09940571
1.58755917
0.03070872
-0.51043246
0.07301982
0.83188302
0.27569568
1.85128591
7.69170173
0.98893515
2.30214761
-0.34974680
-1.35762455
0.92775361
-22.86562864
1.72122243
-0.69569702
0.09006592
-3.41284624
-1.96432303
5.94437259
11.52518830
-4655.06850196
6.00810589
-1.32150116
1.21531215
-5.73488954
0.72328706
0.86229011
0.04149128
11.25152522
-0.75915774
-0.66500376
-0.36361727
-0.56260069
1.20704226
-1.28407407
1.58305586
-0.41815849
-0.58932602
0.69567012
1.72649172
1.64654997
0.17231354
-0.27672359
-1.09420915
-0.32609888
0.48556434
0.13668303
2.82281829
0.10178224
0.78471383
-0.11410585
-0.77448005
-0.89214885
0.79672262
-0.66332837
3.49209898
-79.40529993
1.04488482
-0.44941339
0.98391551
1.10192271
-0.20197686
2.19789502
-0.61850319
0.82951643
-1.37121420
-0.06267195
0.71449827
-0.41327883
0.44530295
3.39978635
-3.96004666
-0.89778409
5.67533731
33.42315128
-1.62364748
0.06355819
0.72293690
0.75423613
1.44564299
0.11354152
-0.21608362
-13.48500642
-15.23343406
1.23274000
0.21194519
-0.46409422
5.19531732
10.71214579
-0.02715646
1.25942652
4.36730106
20.00325490
-46.27210099
3.32041172
-2.52873276
-11.65157049
-4.35005185
-2.08509670
-22.57969262
0.50064026
-0.78079472
-1.33024092
1.80922743
1.46059020
0.51975379
-0.69958589
-0.31996174
0.65533457
-0.15869557
-2.29874694
0.55155720
0.17529622
-1.10633145
0.88601755
0.37392284
-0.10953609
-1.08819147
9.07313760
-0.60123018
1.89874486
9.43288292
0.29717817
0.18752602
-9.43456499
-7.28807921
-0.24585747
0.74104014
1.09502930
-0.79058603
0.88678376
-2.33103693
-3.87218121
0.47003334
3.63403970
1.29383974
-1.08600937
0.43770804
-0.74617121
-0.20271927
0.48030829
0.21735213
0.57818608
0.51568640
-0.66002530
1.19302178
-2.92988357
-0.70275437
1.14194986
-1.57466022
-1.27275662
-0.59922620
0.28678751
-5.31329898
3.08058004
0.41335119
-0.43819743
-0.16923371
0.25903822
0.38489265
-0.49101351
-0.87924423
-2.12165039
-0.66646628
-0.71669581
0.94573549
0.86543877
0.19278375
-0.55590136
5.32444671
-2.79511153
-0.50293323
0.29228183
-0.40298309
1.37103484
-0.17170951
-0.34980968
6.41754875
-0.08166334
0.16292016
-1.49944782
-0.07286601
0.25507640
0.39641614
0.50399005
-1.34420989
-0.24220626
0.09000149
-2.37490666
-1.64014559
0.24787778
-0.32816434
-0.02565610
0.85444534
-0.99572373
2.58262527
1.11318902
-3.36759259
0.12408168
3.58829532
0.46875954
0.65148579
-23.84330801
32.90215159
7.86127511
-0.77291779
-5.36545313
5.66845462
-1.52870231
-6.71839304
5.85512527
0.33682972
-0.54378747
5.48484808
6.54050796
0.86611837
-0.12048093
3.75278794
1.46145951
-1.18944061
0.69979355
0.72378220
-1.15685181
3.03499187
1.29109700
-0.11503867
1.10264208
-0.39821816
0.19777442
0.20246606
0.01286855
-0.58795922
2.27200188
19.39156234
2.74999681
0.51770052
1.21796635
14.99381109
0.46344510
-1.47261480
-0.80184794
-0.66180794
-0.81251451
-1.01109857
0.50172117
-7.67930353
-0.13722950
2.53756115
-1.23396928
-0.49629454
1.57715237
-7.73004179
28.15091176
-0.39668474
-0.44451879
-2.23137677
0.66276847
127.93400982
0.11845152
-1.52445261
0.70910571
-3.21539375
-0.16638518
1.36974720
0.18179124
4.21220632
-0.52179628
-1.98285731
-0.02360521
99.32445475
-12.22949909
-0.35361701
6.57828432
0.92300554
0.98049198
1.33351401
1.01060516
-4.55174712
0.23150340
-0.22359167
5.37308601
-0.84202331
2.85430375
-4.89197972
-1.20686225
-0.09612764
-0.46773044
0.53503917
-0.68624804
-1.74026450
8.18101538
-2.15437074
0.82611397
-0.91585734
-4.68149039
-5.73525486
-6.38982712
-1.05436230
-0.42665509
-1.79699345
0.99308481
-0.08256731
0.09213021
-0.48878206
0.14045324
8.97566632
2.12423458
0.32625269
1.41199164
-2.43279623
1.25900564
-0.39019040
0.13862159
1.29745232
-0.40548816
3.01377292
-1.17378680
-1.30429470
0.49154545
2.16032148
0.59492128
-2.49252137
0.07303626
1.39174108
-1.56721528
-0.59388929
0.42478087
-0.17248327
3.08665979
-0.28010694
0.15247587
-4.55245899
-1.04153255
-0.04162704
0.36772645
-0.38027770
0.76041104
-1.79992010
-1.20532260
2.82381402
3.25683052
-0.54022705
-4.28597122
-1.47351432
0.90575207
2.50350912
-0.78790130
-7.00428521
0.22964130
-4.87673480
0.32546363
5.32993911
-4.05537449
-0.22916286
-2.35189421
1.29320551
2.01292895
1.22053315
-0.11826292
0.08859106
-1.70538343
3.50268112
1.18453361
-1.04733928
-26.18786714
-7.98214463
5.85312381
-15.77304969
0.54618170
1.39802453
-1.21381165
-0.05520568
-1.18830790
1.91089388
1.61109273
0.77146122
-0.75958977
0.69439569
0.29550406
-0.07672452
3.49149058
-20.93019868
-1.23756438
0.30756858
1.36112970
-1.21783325
-0.08911625
-1.39132165
-0.94073782
0.78515637
4.01854160
-1.72052872
1.15743284
-4.53868238
0.52220942
-0.27190143
-326.78965297
-0.05221681
-9.45550129
-1.51097465
-0.96245356
-1.26165967
-0.96484536
0.87876257
1.70800465
-0.91244355
-0.70784002
-0.91050159
0.39224271
1.14694999
-1.15072146
-0.37344928
3.22241893
-2.25062578
-1.22116517
-6.07284137
5.68724259
-0.50189320
2.11915025
0.09078872
-0.39201744
0.04217912
-0.56958943
-0.65700408
-0.06562308
1.26031446
0.90480154
1.17776390
0.39025370
-0.54688419
-1.58064972
-8.26597401
0.81718130
-0.21945532
-6.21763313
1.65254014
2.91266624
1.83525117
-4.13892856
-1.03066256
3.75861222
-1.54754887
-0.53360023
-0.65773249
2.02472235
-2.19479027
-5.09317720
0.40087864
-1.79709457
3.10749052
0.40349642
3.45548954
0.24974729
-3.00008541
0.10099567
-0.89806533
0.66158322
-3.69655477
-2.73710433
1.89925876
-0.03325570
0.64817744
-1.15608170
-6.40034287
-0.24096757
-1.94416888
-0.18894910
-24.21524067
0.04697222
2.84313543
-0.69288971
-7.41593318
-1.50246640
-0.55778005
4.10703276
0.76172853
-0.50940031
-0.35127997
0.08148657
0.84180093
6.58210049
-0.66120411
56.94299884
0.02625498
0.41927706
-17.20220211
5.41746058
-1.92496709
-1.70284376
5.25034657
0.94534673
3.23935221
-0.57086966
-2.24130793
1.72079521
-2.12707308
-1.60286685
0.98040805
1.69338393
-0.95073513
1.28168529
0.21215495
-1.25795391
-0.75077096
-0.26086235
-0.82793104
0.71596324
8.70538904
0.45472269
-0.77496131
1.61438025
-0.27315978
-1.95369411
-2.92939600
0.42563640
3.24710575
3.03828140
-0.22955765
1.24978393
0.96176989
-0.22548782
-0.58946838
1.34123947
-0.86626583
-0.59460592
0.10492395
0.39899338
2.89464544
16.98423871
-0.11253924
0.12196917
-0.42673362
12.60621498
0.20613793
-3.78741064
0.34288215
-0.15473996
-0.15948698
-20.43981219
0.10261131
-1.35092074
-0.02677790
-0.75488710
0.36708923
0.45669250
-0.89402314
1.39086442
-0.64557150
1.50557125
1.06685649
3.55401066
-0.09728329
0.30652297
87.89982868
4.99287585
-4.34067719
2.23336918
2.01564051
0.96137127
-0.87857198
1.32472085
-1.57528002
2.33029780
-2.09716541
1.10414114
-15.63063623
0.55296064
0.38687947
0.14355220
-2.86773112
-0.50012791
-8.23163320
2.88351846
60.92672254
-1.57182245
-0.14509286
-4.21226903
-0.11969590
0.02946561
-0.44640378
0.01546670
0.33173431
2.63054055
1.16949696
0.99724336
-0.26355226
-0.08790948
4.06996115
10.03048549
6.75922959
-0.90084206
-0.85148748
0.35125321
3.30165012
0.16496517
1.51508496
-0.57068818
0.07033316
498.34760371
2.26839112
1.74210615
0.77715617
-1.19075235
-1.51787145
0.24895380
0.88016792
0.09131937
-3.15838867
-0.06978750
10.05315243
10.00459146
1.12910025
-5.70430725
-0.04464081
1.62685184
-0.65949022
0.08925091
-11.63227424
1.33919955
-3.62593930
1.41501928
-14.51945640
-0.31362211
0.67449679
1.65408283
1.14995869
-0.04001358
0.49796950
-0.69384684
-0.91136793
-2.44751864
-1.44782557
1.03873137
-9.12336142
-2.72410971
0.28569555
0.26331005
-1.88579928
2.58444985
-0.94821284
11.20834921
-62.01122973
-5.17320887
-2.67597250
1.57619770
2.80655756
3.46248333
0.36107577
-0.24120002
-1.03403486
0.04390660
1.46325255
-0.26715459
-1.18809169
-1.19664193
-0.48720967
-0.97594929
-1.55063523
3.43210383
0.29924941
2.29904636
-1.28446036
0.74137701
0.34161280
-2.02683527
-7.56341575
-0.13308819
0.78245691
2.21259422
-28.89478358
-1.54645182
1.32897968
-0.16105241
-0.61269183
0.26771169
1.08901032
-1.01821142
0.78144823
0.84766225
0.77016882
0.07532435
-0.41351908
-1.71827436
-1.19165295
-1.20852174
-0.02470897
-0.44205560
0.15689384
0.26878179
0.09932378
-0.75855342
-3.07820528
0.52631055
-0.00060477
2.84304330
11.22285295
0.82743421
-42.16284025
-9.94186895
-1.60007768
17.09080813
0.61693639
1.37723356
-0.64969185
0.09877032
0.45582929
0.27505633
6.49666093
1.54177335
0.09691027
4.04060327
-0.17679542
-13.18287894
-0.51450492
-3.61760751
0.53398882
-0.70137405
0.17363478
-1.18578955
0.24298026
-0.42157138
-2.48351598
-1.05193905
3.34154984
0.31272226
1.79205948
5.21617092
1.87651641
1.00052178
0.16227885
2.25370561
1.65703781
-0.04102841
0.22126370
0.03204717
0.51249894
-8.90766251
1.17021999
3.37162087
0.01407244
0.78573106
5.96299589
0.03158110
-0.06929650
0.29746006
0.19609099
-4.07280436
0.01150827
-1.91340635
14.69082780
-0.14305651
-0.75695825
0.39099920
-6.37719736
4.09690766
1.66133416
11.05435685
-0.61562122
-0.44451251
-0.62779957
-0.21527191
0.07982793
-4.45067779
-0.15109646
0.27874314
-0.53476202
-2.01261656
1.05598752
3.40217428
1.72919276
8.18180832
6.03934541
1.09932535
-0.11138079
4.02196974
-0.48605962
-28.89511669
-50.62239340
-0.62837954
-0.60102186
30.63016699
-0.49323966
-0.63640549
5.94965568
0.39634241
-0.26955871
-17.56264932
1.00013730
-1.18636268
1.78826610
0.61631670
-1.83738613
0.30612659
4.39255804
-0.68972107
0.74161131
2.65240587
-0.40285602
-0.04475892
0.18218569
1.03142396
-1.11158102
0.82537044
0.62290221
-0.09835075
0.42714003
11.89153757
0.81000748
7.22181317
-1.06894702
2.97304687
0.74473964
0.08079949
-10.07489071
3.65146982
1.06925562
4.31737020
31.47602038
-2.01926411
-1.03627385
-3.82202523
0.79888813
0.02541727
5.69043577
-0.11779680
1.02733856
0.20975189
-0.22360238
0.60540167
-0.49309296
0.38496667
-13.32982622
-1.39994808
-1.58325362
-3.37534755
-7.95889366
1.12292844
0.60093331
1.46931791
1.25415744
-1.74037155
-0.49226820
-9.43864025
0.33882437
1.19413806
1.40148829
0.66944384
1.17160460
1.12891811
-1.74897972
-0.05892060
-0.28161786
-0.57966819
-0.58725586
-0.35001257
-2.12901495
0.93687083
0.02954097
0.03660632
0.36280675
-0.63236467
9.06050330
0.91864921
21.54795447
141.04368654
-1.08802719
-0.05005208
-0.09664403
0.24927410
-0.67208189
-0.55911410
3.59338259
-1.24202857
0.31215275
-0.29264684
-4.40182073
-1.06599819
-0.32607536
4.00610082
0.09669024
0.15629967
-3.89693523
0.93230254
-5.91987607
2.20790236
-115.57584196
0.48392128
-2.50762463
0.04338743
-0.01902954
3.63002296
-0.14982426
-4.81724902
-4.94259268
-2.27839547
-4.35791943
-0.51261182
-8.58580279
0.47638930
-3.51871956
1.76861727
0.76488856
3.82692642
-1.18421826
-6.44213032
0.70354116
2.32172937
0.07546788
-1.51797708
-0.22470593
-20.82651324
-0.28770426
6.94388215
-3.21006694
-0.11765823
-0.46304921
-3.87557627
-0.29044250
3.46986436
0.87253491
-0.09063915
-0.63955169
-0.50173482
-7.20902426
0.17831220
1.21584430
4.19890203
0.21133778
-5.47640511
-0.56664360
-0.12383260
1.48062127
2.08568099
-1.07020295
-1.32301520
-4.68415236
0.39605567
-0.69753439
-0.84381064
0.72585622
-2.07981402
0.93350651
-2.79324473
2.79816910
-0.04715070
-5.06104861
1.39990004
-1.23378116
-1.16816961
-0.08151356
-1.98874428
-0.51050544
-1.42958459
-0.60577344
7.64113131
-0.06435869
-0.21863863
-0.43704269
-2.78849177
0.06672754
-0.71122995
-2.31955863
-1.79717791
-2.12439258
0.40590292
15.74005037
5.30758708
-0.11610087
7.97909348
1.53994634
9.19545094
9.56992701
-0.68909321
-0.33368378
-0.74887659
0.83933013
-0.24366842
-0.01197423
0.13181978
1.49153070
14.92369362
-1.59509926
1.17111706
0.50881695
-1.39892533
0.25417933
2.37291567
-4.13107056
8.54651970
-1.86605500
-0.47597474
13.47182546
-21.41211822
-2.04389346
-5.14205216
0.09661787
8.60495296
4.81628147
-0.31595648
-0.06826615
-0.72428387
-1.81956958
-2.33939314
1.63483265
4.84771837
1.05434327
-1.35490807
-0.84918452
-1.54192419
-0.75491672
-1.51356188
0.00495197
-1.34734123
-0.79526413
1.63589179
1.51275432
5.85394496
-1.19468806
-3.58771895
-1.57609647
-0.91571036
0.08902755
0.11264803
-1.38925274
0.59607813
-10.45111477
-0.28632782
-0.53059088
-6.43943752
-1.53468493
2.88930923
-0.65151075
1.32676067
0.95815708
-0.21087541
-2.38301759
-0.59017412
0.13457363
-0.87436474
-26.23165021
6.22603687
-0.91565841
11.33090813
0.04135261
0.16335437
-0.02117137
-1.41111250
3.76996632
-2.96616701
-4.01413772
4.40081688
1.45764975
2.26461861
18.53280211
15.71425585
0.00536186
0.62794582
-0.99046662
-0.44447231
-0.74386089
-0.16782388
-1.62988176
-0.08081220
1.10611226
-6.49349563
0.81678207
-0.32727516
-1.16918132
-1.50097237
-0.83306473
3.61338700
9.59839452
0.03845510
-3.41730256
-2.05296502
0.35369939
1.50371426
2.06812514
-1.97286830
-1.02656369
-3.40792942
-0.45139815
-0.54522267
0.81321069
-1.03472139
-3.07125717
-0.51324824
-0.21162493
0.41161278
-0.73115013
0.17626901
-4.19633931
0.42342924
0.92322849
-0.14899786
-0.28578454
28.55011639
-5.01223549
0.04207011
1.32186321
5.70076777
0.72193858
0.20665135
0.72951998
0.06308888
1.61977906
-0.99087711
1.00088002
-0.15753718
4.50126000
2.75637841
-2.33979820
0.29230908
0.07066347
0.61158042
-4.42191800
