0.65889320
0.88747167
0.70355981
1.05534761
1.51186067
0.94718149
0.81889849
0.70577650
0.72715771
1.30656017
0.62693646
0.98196024
0.67570803
1.04787125
0.98249606
1.49279182
0.89431925
0.78532665
1.29533759
0.65272010
1.21754687
0.88780802
0.76265110
0.53575634
0.51989468
0.53622404
0.83458251
1.28018987
1.74406966
0.76548037
0.73230197
1.04621921
0.94876479
0.98323070
0.86883152
0.74779621
1.70962621
0.76351370
1.77064519
0.87838532
0.85533975
0.72405384
1.24388929
0.70069391
1.01272405
1.57334156
0.88472210
1.25063844
1.09318826
1.29557252
1.25816408
0.53483002
1.76360843
0.80102020
1.01619764
2.24242781
1.95489946
0.57163310
1.42846322
0.68002058
0.86638950
0.63444205
1.07266592
0.65629718
1.12498984
1.12589970
1.00918450
0.97288721
0.69550026
1.17375966
1.34641676
0.95304505
0.98284066
0.76190255
0.65676692
0.95322526
1.86003137
1.48716396
0.30915313
0.89429978
0.96890640
1.43779758
1.25668862
1.22752384
0.85551872
0.59876368
0.80365587
1.29419403
0.40770939
0.81330218
1.27779479
1.64184726
0.96247462
0.88447527
1.20121706
0.78254173
1.42309897
0.84605155
0.73887262
0.88489211
0.76938727
1.33692916
0.77172583
0.60117694
0.85682794
0.82763484
1.18944519
1.00459239
0.74164800
1.24735099
1.16833778
1.18763268
0.85697432
0.76648280
1.60610449
0.93973736
1.17852177
1.02088285
0.77719157
1.17749843
0.69785807
0.95246378
1.01421914
1.31051889
0.88550572
0.64732757
1.22597119
0.66142277
0.83053044
0.95732091
0.59784953
1.45271205
0.65731955
0.89785509
1.01487635
1.09592030
0.71659938
0.74138558
0.62633529
0.65921463
1.21944442
0.44669181
0.98466140
1.26045170
0.85239018
0.71734539
1.46296080
0.84565865
1.02182378
1.01872062
0.52325697
0.96712173
1.80612394
0.93561449
0.52049156
1.07903398
0.85758671
1.28859217
0.98186492
0.94349469
0.89844428
0.70167735
0.37073746
0.93467601
0.59694854
1.19287190
1.04331862
1.02707653
0.90556534
0.99889784
1.38863989
1.21624175
0.61427246
1.34263240
0.60713759
0.70614364
1.09909573
1.77549356
1.81161263
1.30404308
1.14217472
1.07667529
0.78909075
1.15998765
1.51484975
1.47620281
1.12734453
0.95035042
1.34902640
0.55928634
0.97195119
0.78878600
0.72860298
1.14578572
0.69352513
0.80113753
0.70416351
0.90817196
0.49662686
1.23155805
1.08182290
1.35365369
0.83668497
0.49773029
1.01105191
0.68431381
0.97871704
0.71380274
0.71164077
0.82951378
0.66656045
0.95846988
1.20111982
0.70286567
0.85118336
1.06304682
0.71100881
1.03266970
0.73446561
0.60917132
1.15819795
0.90384595
1.17116822
1.36508612
0.83456339
1.14855070
1.03795271
0.77973179
1.27322731
1.58973864
0.93090906
1.09087498
0.99417061
0.89047182
1.23574400
0.72805925
1.02677410
1.46209272
1.27757921
0.45552816
1.25729048
0.69468073
0.83651045
1.52617393
0.92591632
0.84844272
0.69765519
0.57900202
0.91868133
0.90935140
0.66508869
0.81492352
1.29252094
0.74210182
1.32664945
0.74162977
0.76090738
1.22671903
0.90906298
0.89757291
0.81818693
0.66561555
0.69230293
0.86626512
1.54914746
1.19023673
0.72674326
1.31011530
0.68337998
0.63350296
0.81053923
1.21306109
0.72586333
0.84266833
0.36856204
1.31273710
0.65138593
1.19965091
1.13291995
1.32068570
1.14702491
1.03609229
1.73853955
0.77103137
0.92802505
0.68234822
0.94671151
0.36637861
1.10892707
0.89752887
1.21415461
1.06260495
1.36558855
1.27064264
1.21957723
0.87709487
1.00430452
0.53403589
0.53117338
0.96804684
0.95683783
1.14082305
1.15061014
1.45877983
0.66138469
0.87552176
0.74068182
1.28465236
1.37046332
0.98569265
0.58763185
0.88320263
1.02483301
1.24005296
0.74623647
1.94321585
0.82346066
1.04076997
0.73242224
1.18115288
1.16750306
0.84468867
0.71820504
0.68556450
0.93105042
0.82853904
0.83020676
0.55908313
1.30149713
1.16294258
0.72087610
1.48124228
1.21079379
1.62099063
0.72371104
0.54792374
0.66316280
1.21826863
1.26688386
0.98577632
1.03731896
1.45882308
0.72449423
0.72359361
1.03205550
0.82679646
1.09619122
1.31607505
0.84570353
0.97370883
0.78666985
1.06949500
0.98465074
0.64646737
1.00770729
1.20565402
0.67798981
1.12152435
1.17055097
1.48609667
1.58806194
1.03488809
0.69964963
0.95798875
0.52907012
1.21334132
0.99340625
0.99294864
0.93405750
1.18571898
0.87535498
1.57724403
1.55567264
0.66999711
1.02418947
0.56819816
1.27054568
1.56592519
0.73028120
0.99008339
0.90165029
0.94691483
1.32887472
1.23650495
1.02093889
0.92095082
0.48425222
0.83510660
1.04368350
1.59086182
1.32332616
0.68448629
1.36800413
1.67445921
1.15825767
0.67959333
0.67499463
1.46385549
1.14235011
0.81308778
0.80784931
0.79747494
1.27407196
0.95842529
1.16709389
0.91544673
0.94515175
0.87617474
0.96862871
0.82424666
0.60642623
1.38528745
1.03856285
1.07254030
0.70087241
0.83713994
0.36821243
1.27147383
1.23894097
0.67693073
0.87467387
0.98477656
1.35934816
1.10493512
0.80739028
0.58772772
0.82759127
1.18007976
1.24549672
1.07087466
0.95209106
0.64962177
1.41968916
1.17643284
1.01447456
0.62837935
0.62301397
1.45617577
0.97063875
1.39185525
1.46089435
1.14581613
0.92899820
1.58644982
1.08152114
0.80125132
1.10042598
0.92621777
0.76199998
0.54671477
1.07942739
0.96031992
1.11232303
1.73200973
1.17357308
0.94425872
0.84125339
0.55690524
0.66359696
0.63100165
1.48916625
1.35255327
1.04264517
1.63646153
1.02311924
0.86789998
0.95299264
0.72922710
1.61451540
1.20947607
0.86247302
1.13865412
0.99137652
1.15323213
1.27204676
0.92567071
0.58983304
2.20362370
0.85660828
0.54888985
0.91009375
1.05293567
0.62301099
1.32668058
0.91551507
1.10487011
0.99255650
1.00870700
0.81919789
0.79572558
1.59294889
0.86660474
0.77800863
0.56064111
1.24038791
1.39538266
1.19534321
0.63676175
0.38887375
0.87308182
0.38602053
1.06694843
0.75172858
0.56356406
0.51274035
0.85702023
1.16814806
0.88525330
1.56068240
0.97493788
1.36667683
0.75421598
0.88343163
2.01616503
0.83321454
0.63196445
1.65194405
0.86218587
0.96479119
1.81973186
1.19626658
0.84399756
1.00245177
0.91214951
1.23159406
0.47070609
0.84062497
0.99672779
1.05201361
0.78178260
1.18326934
0.57003443
1.11280665
1.33374429
1.53057078
0.67802471
1.24224455
1.37473280
0.55099969
0.63873245
0.71179121
0.88438511
0.49863769
0.59971010
1.90664098
1.29928801
1.60251247
0.83443345
0.94801365
1.43907945
1.14446291
1.21528966
1.06336891
0.60063487
1.03539505
1.04832599
0.99854172
0.63743123
0.45609370
1.17044731
0.56298598
0.99137990
0.74277319
1.06804445
0.67035769
0.82563135
0.71037594
1.53979090
1.14268644
0.94471636
1.08542754
0.74052264
0.79025327
0.58694344
1.19226618
1.33659590
0.96972014
1.10214969
0.83109445
0.84851433
0.64636842
0.67693719
0.96536499
0.64278549
0.82958187
0.64794623
0.62099880
0.77894172
0.88212214
0.67060177
0.48185018
1.01268044
0.59758699
1.66402863
1.13048102
1.11548360
0.81425244
0.85912544
0.79074650
1.28365309
0.85457081
0.65784559
0.56042640
1.11079054
0.89126301
1.00673505
0.55716838
0.92868538
1.04490888
1.47191942
1.02417997
1.23301641
0.63134861
0.70755467
1.16159809
1.75879080
0.91228195
1.27027030
0.87040725
0.51781634
0.89807356
1.19174560
0.50097170
1.13286810
1.61397601
0.90780532
0.88346898
1.01399489
0.68426622
0.67309700
0.89711316
0.84882712
0.68085247
0.78127104
1.00132641
1.05677964
1.13328233
0.69775350
0.49875889
0.33277195
0.91385346
1.04714101
1.20696923
1.28717445
0.92318374
0.86004161
0.79563807
1.41840301
1.34079856
1.42126175
1.09722193
1.04432510
1.57159468
1.97451393
0.85916254
1.20755541
1.34901896
1.10348884
0.99864222
0.87857612
0.74676651
1.08335455
0.74246015
1.13663040
0.73199815
0.88585736
0.66323200
0.62958428
0.69880406
1.15726678
1.50114779
0.87741857
1.30918739
0.67700552
0.70216518
1.53997907
1.50834051
0.45453536
0.80588270
1.55654694
0.87696461
1.93005687
0.92910017
0.70097871
0.98775462
1.00613301
0.84941089
1.00024230
1.36658894
1.13691947
1.10354055
0.72454975
1.47884223
0.63615115
0.72644710
0.84371193
0.96582739
1.20573772
0.66220239
1.11048404
1.02084741
1.33591677
1.82250767
1.01107079
1.04579824
1.04088519
0.73661948
1.41560778
0.75554916
0.88187825
1.08821976
0.80469962
1.44459034
1.05435800
0.84109752
0.95603868
1.08043202
1.14375517
0.57538548
1.15787246
0.95821914
1.20427521
1.35075317
1.22461589
1.55974816
1.00380525
0.94595592
1.26682016
0.88328316
1.33188635
0.92216159
0.85298193
0.67558649
1.00249682
0.55139500
1.00673466
0.57976811
0.68176077
0.98135036
0.49195043
0.88331556
0.93080717
1.49799002
0.73453794
1.07574755
0.95784237
0.95332532
0.92840042
1.12005950
0.77496774
1.68125045
0.77175495
1.07995116
1.07116163
1.03920538
1.71348321
0.75264692
0.85584687
1.43999342
0.47215100
1.17880691
0.52077364
0.92790860
1.33081134
0.71660516
1.19908168
0.46543625
0.89288808
1.53418799
0.92544988
0.85293585
0.73953257
0.78392821
0.43825341
1.02641445
0.55696026
0.70230311
0.84258304
0.96221874
0.48541302
0.87164932
0.98845127
1.19945682
0.73877809
0.90704831
0.82003788
1.42836408
0.98564409
0.66421951
0.79068232
1.26839991
0.66574759
1.08371628
0.98853005
1.40932450
1.45358792
0.97215439
0.85723424
0.70444833
0.83153732
1.26050229
1.11110944
1.34361896
0.86800465
0.98055259
0.92239079
1.71099338
0.96755769
1.05154467
0.55586519
1.13636216
1.18118063
1.22816975
0.99434417
1.10851504
0.52194840
0.55362519
1.58018075
0.94001368
0.96508457
1.10739365
0.37357689
0.96904120
0.71293540
1.01216714
0.77937538
0.98512391
0.59009764
0.98436778
0.76960871
1.27388686
1.19737862
0.61429227
1.19023485
1.28765639
0.67861531
0.55159158
1.11470512
1.23877638
1.36927962
0.98332801
0.85981153
1.40279509
0.97106717
1.23984952
1.15597253
0.69702536
0.96130994
0.79169902
1.24747859
1.05190936
0.74601100
1.08387418
0.89097823
0.90777802
0.96167971
1.57509145
1.57866248
0.70198738
0.88379334
1.52950994
0.79198636
0.76993864
1.82300908
0.54432209
1.24666375
0.70422432
0.34462946
0.83271826
1.32707347
1.41111646
1.14819900
0.51494049
0.57964723
0.58241862
0.90335284
1.04916790
0.94825273
1.05390287
1.07594298
1.17552896
1.14230602
1.24950737
1.14310309
1.95626453
1.21952507
0.91554556
0.76790079
0.61994428
1.03925798
1.11893854
0.44356321
1.30074304
0.94499873
0.69149892
0.94063461
1.11876210
2.07083586
1.03765109
0.99841742
0.86663082
1.39364853
0.77599190
0.48181777
0.76396551
0.64055594
1.20769576
0.61224415
1.28446967
1.55058294
1.27634222
1.10609954
0.91749380
1.45835097
0.95152100
0.76727953
0.77980955
0.67859501
0.73166972
1.08869098
0.87459493
0.43072241
0.81952804
0.69065937
1.16747501
0.80641846
1.10842773
1.41568860
1.13706967
0.97986344
1.04182780
1.31372299
1.22569257
1.18323133
1.49855664
0.87760383
0.32410377
1.06186942
1.10177814
1.22128745
0.74707081
1.55126766
1.27446858
0.75933289
1.02745393
1.53191291
0.63104983
1.26211142
1.38420535
0.71556132
1.44645612
1.43874133
0.81101833
0.63428423
1.12299099
1.01515316
1.14194694
1.34522381
0.85846693
0.99438964
1.40510168
1.77173820
1.41071351
1.25847422
1.23799326
0.70767914
1.69127170
1.49983304
1.01746481
1.08628571
0.67968100
1.57392597
2.15388234
0.73857442
1.37551841
0.55969033
1.36174655
0.82781840
0.74194792
1.21599239
1.17123439
0.68920969
0.75884788
0.61430732
0.82972702
0.79170621
0.90733256
0.82536533
0.47132736
1.11840187
1.32659114
0.76873453
0.36376907
1.54001954
1.01100164
1.21383801
0.77351859
1.33013777
0.75433980
1.04481858
1.08748631
0.83426778
0.63550643
0.84550907
0.93048493
1.41092584
0.92676696
0.85746565
0.98180478
1.13681350
0.57546651
1.27672514
1.24451462
0.93480195
0.59937027
0.74006526
0.82091781
0.89888489
0.58336646
0.82606888
1.46201763
1.16952397
0.80043493
1.01577411
0.47161713
0.84686068
1.24331489
0.66293811
0.63996703
1.17332368
1.07860984
0.63627566
1.15115019
1.09435381
0.61602358
1.17059258
1.49003420
1.43798931
1.35997252
1.10778578
0.69065410
0.83103218
0.86205219
1.51060133
1.49484984
1.26821566
0.77039963
0.76066864
1.12486543
1.25078387
0.40341162
1.24808421
1.78874811
0.40604457
0.84541032
1.20288245
1.35745361
0.56556368
1.40192730
1.25334694
1.05273076
0.74014760
2.23288153
1.23651945
1.05299075
0.93728662
0.90747017
1.07407738
1.19192428
1.06571359
1.10762291
0.83218570
1.30733442
0.48640704
0.59859884
1.05521239
1.35299776
1.28728747
1.54912716
0.62212110
1.40182186
0.81638250
1.48403771
1.38597076
0.63265715
1.02134791
1.46727697
0.95524169
1.25905263
0.69373670
0.91707177
1.14347260
0.77039292
0.58504204
0.95078543
0.52193893
0.85808637
0.91855916
0.77801934
0.72880941
0.86982708
0.94030165
1.00156975
0.54876450
1.35400863
0.51073162
0.61305088
0.78821860
1.18926911
0.81575471
0.80694334
1.04811498
0.82425865
1.45960916
1.01757073
0.94597175
0.88653157
1.53374426
0.88194520
1.16924441
0.80506830
0.95107549
0.54250994
1.52947826
0.36498653
0.57575370
1.11750375
0.79618681
0.93094361
1.70766287
1.16920791
1.07957937
1.02893770
1.36370562
1.22887746
1.06019364
0.88594262
1.56165777
0.84604699
1.54129945
0.58189295
1.09780973
0.83795513
0.94571195
0.72054465
1.21751276
1.03634478
0.70502581
0.69385592
0.93660130
0.83780766
1.07623011
0.82345896
0.59049612
1.19611930
0.91963596
1.16879606
0.63736298
0.69470523
0.49742419
0.63638761
0.77184265
0.72536866
1.07344309
1.50118563
1.26130839
0.79329786
0.92712017
0.72242967
1.49188281
0.83250823
1.25610991
1.20226192
1.20208556
0.72900193
0.86230857
0.51210177
1.44787738
0.68328129
1.02964477
0.66269066
0.92860578
0.69270904
0.95082641
1.15503503
1.12735680
0.87139673
1.87841392
0.95046728
0.94549037
1.09972610
1.48223448
0.93902426
0.91473774
0.82132714
0.94895414
1.04086294
0.50699390
0.91831731
0.83231226
1.45929568
0.98341770
1.30479959
1.33049796
1.30066584
0.80042880
0.92680527
1.14390980
0.69615598
0.66998832
1.07193539
0.58524653
1.07559708
1.02515603
1.34924457
1.06034239
0.72318664
1.06995202
0.51740584
1.03324311
1.20095383
1.61915621
1.41662033
1.03847209
0.54804859
0.73709665
0.46180478
1.25925826
1.79709973
0.64378754
0.87102240
0.98635046
0.72667193
1.39933323
0.82184706
1.34184867
1.31027803
1.15723295
0.67957388
1.03221938
1.53794355
1.09217286
0.80538524
0.94265130
0.72310274
1.22551194
0.97961211
0.94700793
1.32654821
0.58330901
1.38961606
0.97416867
0.89999820
0.98914997
1.19476062
1.01578291
0.74277427
1.77661895
0.85136252
0.68551288
0.70111296
0.47397439
0.95992213
0.85133316
0.78295127
1.24221566
0.95498418
1.26418125
1.29924726
0.83615240
1.03190340
1.15247578
0.60713494
0.82194264
0.79784148
0.87228790
0.72332433
1.03349429
0.85428386
0.61114485
0.75478728
0.71594220
0.94388389
0.82868203
1.26712388
0.71204363
1.51931491
0.83253803
1.05395679
0.92060007
0.55663150
0.78691578
0.65506711
0.56606693
1.07518768
0.95353305
0.72580139
1.71596042
0.99620724
0.66342409
1.18352924
1.56548270
1.06636543
0.59456967
1.13500970
1.51266770
1.05419162
0.80985306
0.98584823
0.85749735
0.46547135
1.25908475
0.68188443
1.12592633
1.34310756
1.50234226
1.57282521
0.95500891
0.66682291
1.39745464
1.36500663
1.16617031
1.35344516
0.76458248
0.76752994
0.87216943
1.47798644
1.01034952
0.87042378
0.75042956
0.73918934
1.00800919
0.88857931
1.58166747
0.75443559
1.36174217
1.46699126
0.80948511
0.87825525
0.71836181
1.18602047
0.52137420
0.96996725
1.04203977
0.88830671
1.02529830
0.27117615
1.20299871
1.12851046
1.36473453
1.56639412
1.18461577
1.20858711
0.60487334
1.31394255
1.18417021
0.59215550
1.08149334
1.01460840
0.80843474
1.15650692
0.82858831
1.43273412
1.05215563
1.51017205
1.00832024
0.76757780
1.31401426
1.49658912
1.08442355
1.57722834
0.92291530
1.54506896
1.00016772
0.74347317
1.00195805
1.13927687
0.87257412
1.13072100
1.53983510
0.81053437
1.30158651
0.82613671
0.82885127
0.91511963
1.25530604
0.47678244
0.95624898
1.11989769
1.33490145
1.36570061
1.91165587
1.19105716
0.85797408
0.71630622
1.19639896
0.76744823
0.65903549
0.56885865
1.16496295
0.97753987
0.77512818
0.79699723
1.08219373
0.61476548
1.31679343
0.88624618
1.14421386
0.53701087
0.89708419
1.14031042
0.68008096
0.97574692
1.37949660
0.68553909
1.22316503
1.13604097
0.85736954
0.86568039
0.75794821
0.65362000
0.83232085
0.85866131
0.90596028
1.11361815
1.05725943
1.85586613
0.46970725
1.41565959
0.85397936
0.60527029
1.54125186
0.56851701
1.48808481
1.19820260
0.98057110
1.45601354
0.66791680
0.74040454
0.58267001
1.53635597
1.09070710
1.15624402
1.01222856
0.59950461
0.69495491
0.77980449
1.34258401
1.29126229
1.05792297
0.62363820
0.90869658
0.78600871
0.52323894
1.11664094
1.66017949
0.80631183
1.03286456
0.41944585
1.05507498
1.10953163
1.33586146
1.07632633
0.97904893
1.64706323
0.78321879
1.55974824
0.93462601
0.81443125
1.25335576
0.77315524
0.73443068
1.11282618
1.66335693
0.63712043
0.95943064
0.90674718
0.69223969
1.43260450
0.75896999
0.94885043
1.14972397
1.08639841
0.85232554
0.66640432
0.62938487
1.24870803
0.96144766
0.59860328
0.77853079
0.50777624
0.44598794
1.14503283
1.39752258
0.94657278
1.04357068
0.89420151
1.81350339
0.67097802
0.50021604
0.72987475
0.78965325
0.65906886
0.55311291
1.53621774
1.03303736
0.76946562
1.20106755
1.34565510
0.91438776
0.81273788
0.75303666
1.38468771
0.62852145
0.89934484
0.63398318
0.90418572
0.62361737
0.67622827
0.77571015
0.48848499
1.73163601
1.10568928
0.78012370
0.71850837
0.57534398
0.99167609
1.10751395
1.06992084
0.35891750
0.74437814
0.93652709
0.96718459
0.61186557
0.73498125
1.01843649
1.51427335
1.00987903
0.97214711
0.49398375
1.12661666
0.74573311
1.35881014
1.50468036
0.59718197
1.14722367
0.41375970
0.96006292
0.62579954
1.04450508
0.77467087
0.50893793
1.06554323
1.17782683
1.30782923
0.60320532
1.18902914
0.55528854
0.49039923
0.60989409
0.65181686
0.84770247
0.77582174
0.97927836
0.95900300
0.66482127
0.52630962
1.11227745
1.71040204
0.85558337
1.01152463
1.31564044
0.43973357
1.34811819
1.18742992
0.68824058
1.04175766
1.10491864
0.48901894
1.01915476
0.88396798
0.45289128
1.08623925
1.63292575
0.56401384
0.69835481
0.71970000
0.98637474
0.73547213
0.66847511
1.00972200
1.25196501
0.87746795
0.82849048
0.71780912
1.06811977
0.80645290
0.77042641
1.47392780
0.81879493
0.93836030
1.24791558
2.20631110
0.96892681
0.77968252
1.41842488
0.48697263
0.95220694
0.96592102
1.27668604
0.65690586
1.30308328
1.87883058
1.43777907
0.53531260
0.74385548
1.20066553
1.01014899
0.75258281
0.57615474
0.53463286
0.91744937
1.22289769
0.85902567
0.83876263
1.13465247
1.84510757
0.59643371
0.78511756
1.12027467
0.75104771
0.90872344
1.56320482
1.73240157
0.89523431
0.50494462
2.16258550
0.75043111
1.71115326
1.13831006
0.56765365
0.74773532
1.00028812
1.01847323
0.79546601
0.96603669
0.44199524
0.83956629
0.94848457
1.46096539
1.21174510
0.82846680
0.64394978
1.23515442
0.53021536
0.79807740
1.03111838
0.63475278
0.98381281
0.92063302
1.14248635
0.88380530
0.62057534
0.64918126
0.90449528
1.21722506
1.26959849
1.11259464
1.20135978
0.87556570
1.40796703
1.47019051
0.58854923
0.57374885
0.61375847
1.35812440
0.77419307
1.38617047
0.73065931
1.00183564
1.04558141
1.58582705
0.98148754
1.15609664
0.56970063
1.13999485
0.59008645
1.00091879
0.60852181
1.49618649
1.12171632
0.70494055
0.85823750
0.64861929
1.52587152
1.17105832
1.04288367
1.07770702
0.46099094
1.19609529
1.13725134
0.67714577
0.71661594
1.06118173
0.84981815
1.23006546
0.86061974
1.29287335
1.58245022
1.32415377
0.72071961
1.26174712
0.91110304
1.43296301
1.21592444
1.47325320
1.03100498
0.94542827
0.42134553
1.14482993
0.68631893
0.96685642
0.62686456
1.62932619
0.87778742
1.35078262
0.78484843
0.98676935
0.70593198
0.72465404
0.94754439
1.08283413
1.02147060
0.96139326
0.91881354
1.08597510
0.87884555
1.32381310
1.36211950
1.43258732
0.89859458
0.46805733
0.98986121
1.03009352
1.16527998
1.47104545
1.63028989
1.01323237
0.99103881
0.58884384
0.85929527
0.63206376
0.76910761
0.68771712
0.57543299
1.51553816
0.74660963
0.98088706
0.47309203
1.10309934
0.78879807
1.08768808
0.85616344
1.22154144
1.15733047
0.88068678
1.23952648
1.19728740
1.02069690
1.06437643
1.05804598
1.44534655
0.49001381
1.09542070
0.45010950
0.86691424
1.42851339
0.82987785
0.78723522
1.02889680
1.71604001
1.01228222
1.07212058
1.26649836
1.05994114
1.34138484
0.84092975
0.84335617
1.07405946
1.43902629
1.15634833
0.57393943
1.83441363
0.83097052
1.01435695
1.54419008
0.67722065
0.74078771
0.79606432
0.63964669
0.97070286
1.15714818
0.48232319
1.12136268
0.77236617
1.21786883
1.38032887
0.63627624
0.87901264
1.56229584
1.07707137
1.62264761
0.68364578
0.93845551
0.73196158
1.25590897
1.21424178
1.06699524
1.18151499
0.90746651
0.74271690
0.69161521
0.60270108
0.54768267
1.03223570
1.58522954
0.82465358
1.57781934
1.93590597
0.64238757
1.64476353
0.88667158
1.32076555
0.86413303
1.21771942
0.79114438
0.74637827
1.56163926
0.34824133
1.38950071
0.94696421
1.02643279
0.93348456
1.20146457
0.81289494
0.93629323
0.64198042
0.95859085
1.05999650
1.01438652
1.20318805
0.81961835
0.81543214
1.32246770
1.13601275
1.71343449
1.14332241
1.20694107
0.78026883
0.88275887
0.87290092
1.01791643
0.78012462
1.15172362
0.97830344
1.11260062
1.05971660
0.96839717
0.85197590
1.17962246
0.98569798
0.84543959
1.41193411
0.86885999
1.07690079
0.83233707
0.52535596
1.07501936
1.07304461
0.59050570
1.78246950
1.35145321
1.09458063
0.70134372
1.46259679
1.04027877
1.03471378
0.63022856
0.82752316
0.68130283
0.99686882
1.32750683
1.09073227
0.66532632
0.46571184
0.58915058
0.61665238
1.01735980
1.23728730
1.32280265
1.09668414
0.68641176
1.03405518
0.90838321
1.29547360
0.80178302
0.97880851
1.34501412
1.82475704
0.89810425
1.10714701
1.30144568
1.03239314
0.81471038
0.99373858
0.95320798
0.82183176
1.47542537
0.47379331
1.56406060
1.00372204
0.68367284
0.95229183
1.08595595
0.76976846
1.43507064
0.75866613
1.02059343
0.69747218
1.28641512
0.75805414
0.67947005
0.91788705
1.04467184
0.66739935
1.12971495
0.69159166
0.99134309
1.07723605
1.46965720
1.04918882
1.29193026
1.01844078
0.83182653
0.61202151
1.03468079
1.24346550
0.56235005
1.26284992
0.94514264
0.43115219
1.05460582
1.29896662
0.96916885
0.91853548
0.86887455
1.31151614
0.57250127
0.95362041
0.73502938
0.74527605
1.16703916
0.52552277
0.75403149
0.85524667
1.49666273
0.58012269
0.86399277
0.82250568
1.47670343
1.01065885
1.36371018
1.24776187
0.60130983
1.06993545
1.57216620
0.93559810
0.64612171
0.62400457
0.75223231
0.65973589
0.71828513
1.57793267
0.68791760
1.19088989
0.69631151
1.19205119
0.96731284
1.08656482
1.06726328
1.27761853
1.01979055
1.49571178
1.19774546
0.92709061
0.89841944
1.05309323
0.92071921
0.67008613
0.94641647
0.69350652
0.60250972
0.93296485
1.23841589
0.86472747
0.87014386
0.89094902
0.79411339
0.86853714
0.90731099
0.96056607
0.91254655
0.90852573
0.82789650
1.51507004
1.16579951
0.87125303
0.97283459
1.20656485
1.18852707
0.83891776
1.24961880
0.71487749
1.30708993
1.06351234
1.41890576
1.60164949
0.67115051
0.75501091
0.87065476
0.98258747
0.99816175
1.05918366
0.63600587
1.95242214
0.88233915
0.80433441
1.00658854
1.34908734
0.70259407
0.48964761
0.29026777
1.53544826
0.57110706
1.06844867
0.90495879
1.03455672
1.83079746
1.07810268
0.67982877
1.01019807
0.58268764
1.00688205
1.21546054
1.09881925
1.12806730
0.40624194
1.06175239
0.68756559
0.83965912
1.08258112
0.56637550
0.71600132
0.81400423
0.71458017
1.35069944
0.77247263
1.05834869
0.98014645
0.83347812
0.82836902
0.54642482
1.53896425
1.00644272
0.75888377
0.77568514
1.06649369
1.66172866
1.84037140
1.18114828
0.73559624
1.30418885
0.43883576
1.74449805
1.27139070
0.71520494
0.75710841
1.13838310
0.61269028
0.98742745
1.20736801
0.90995799
1.05721784
1.04023122
1.32651447
0.76468501
0.69122744
1.48186589
0.71400558
1.28588027
0.87877027
1.33637704
1.48368826
0.85684884
1.12719172
1.11193643
0.92984482
0.56063959
0.86574918
1.54115396
1.51527832
0.89640201
1.31936233
0.96854218
1.32427371
0.60597675
1.14732297
0.89878661
0.93286437
1.01677001
0.96491195
0.97198955
1.40733881
0.85158546
0.92164349
0.84412870
1.17034867
0.63028876
1.19197628
1.49767688
0.88998003
1.22522284
0.85213461
1.75894241
1.16002362
0.86166984
1.05914368
0.94929703
0.74508882
0.90143890
0.84549921
1.46045816
0.26831373
1.27987703
1.30015374
1.13969484
1.34853038
2.09927398
1.16982740
0.70321124
0.93177071
0.70656879
1.23507334
1.43490026
0.45297234
0.82981117
0.70571034
1.23780158
0.92978632
0.84272552
0.86849515
0.64570103
0.77866734
1.19602893
0.58715151
1.18007863
1.32492089
1.16960761
1.55677515
0.88732085
1.03716003
1.14395324
0.95820595
1.07416792
1.46385257
1.80467793
0.69093419
1.31325745
0.63653230
1.02873684
0.45948116
0.63059768
0.80025358
0.91413699
0.97207451
0.91579883
0.68713545
1.79996294
1.40482428
1.04033528
1.08761581
0.69076938
0.61163210
0.59415334
0.79604465
1.21253692
0.98659079
0.57948701
1.19504788
1.40525390
1.13894798
0.99477863
1.08262247
0.51694235
0.39191819
1.45822191
1.05044725
0.96097763
0.60228628
0.86172410
1.54821009
1.03913997
1.40110293
0.95758607
0.87635218
1.17490897
1.14773202
1.31442813
0.90364595
0.73515786
0.95494560
0.97598900
0.97785541
0.67026811
1.27743016
1.64462420
1.18701149
0.95430604
1.05702304
0.71627247
1.36865209
0.70793781
0.80149944
1.29417525
0.94751111
1.10691659
0.99808221
1.82337660
0.64936775
1.36042582
1.00497246
1.57585394
0.98119926
1.05104122
0.66066316
1.62538380
0.45936698
0.92324357
0.68137088
1.36718663
1.17593521
1.38556144
0.47968773
0.45369052
1.16626527
0.75327046
0.45686590
1.27479736
2.25116008
1.15573904
1.03513830
1.26502177
0.76381734
1.06015498
0.79065932
0.70428384
1.24332864
0.75417192
1.23607647
1.02149017
0.97919902
0.95404571
0.39813593
0.61522875
1.57452729
0.77668390
0.84474893
0.78521772
0.95958408
1.31964193
1.20207517
0.91606065
1.49158120
0.66881585
0.92707940
1.12571931
0.92308248
1.19332050
1.37645235
1.04887042
1.06781185
0.80371696
0.90377468
0.88591420
0.92682981
1.13464345
0.77208554
0.46612506
0.55538887
1.19713524
0.57159638
1.30810126
0.90015796
0.71598282
0.85907235
1.50303147
0.93788722
1.09036062
1.18443522
0.64667863
0.95930277
0.69884718
1.06747683
0.61074053
0.73023250
0.72370299
1.07496560
1.12422573
1.19893520
0.91669106
0.61595874
1.18344050
0.73922207
1.29317426
1.06214034
0.75915176
1.28622791
0.84289633
0.63146490
1.67937683
0.81228325
0.93154131
1.05165662
0.74324110
1.22969753
0.45931449
0.91496947
0.72068601
1.48230650
1.69692666
0.74796882
0.89871151
1.20919386
0.81688169
0.89333534
1.19730888
0.53943392
1.01497647
0.63124319
1.07491075
1.18304134
0.84823596
0.85676291
1.07374245
0.90461688
1.20043245
0.79988834
1.25997383
0.95896228
0.85014414
0.63745653
0.80079251
1.12760911
1.72463287
0.77168193
0.89565707
0.41713086
0.93346565
1.10522067
0.69388596
1.39153361
0.52365383
0.92114873
1.34743313
0.99717011
1.71457086
1.12555840
0.75206585
0.51069690
0.63414416
0.89054701
0.78637826
1.06815248
1.03701491
1.87234385
1.31479633
1.01348384
0.60313541
1.10920708
1.02087615
0.69942064
0.97072597
0.54399468
0.48602199
0.42280664
0.69716781
1.41373595
0.54675285
1.06525657
0.50468075
1.69655727
0.80815709
1.25044935
1.34085633
0.70536471
1.36310548
0.84236165
1.23918077
0.76336412
1.05206043
0.66016797
0.93622481
1.23922104
1.02939465
0.78335678
1.07623040
1.33191599
1.03454629
0.34047457
0.73522635
0.66839887
0.98269774
0.89059747
1.23224545
1.02660481
0.78388938
0.89952305
1.11322314
0.65057225
0.91008308
1.06451920
0.78852819
0.83578727
1.18850160
0.48067387
0.64504486
0.53714442
0.97417321
0.88728886
0.96882724
1.16446875
0.55821332
1.84001433
0.64562709
1.07265841
1.32477768
1.57431121
1.32456536
0.79961031
0.94164151
0.73638274
1.48767282
0.63063334
0.57428040
0.75631997
1.10465154
1.59441436
0.69502336
0.53614460
0.98656349
0.97865570
0.81190431
0.86299087
0.57536429
1.11756809
1.67555758
0.49943476
2.03093574
0.78115532
0.85935895
0.85737046
1.04142734
1.21679580
0.79398753
1.00980440
0.80574506
1.84412992
1.67274402
1.28191355
0.64152725
1.43699385
1.06751872
1.29649991
1.52844205
1.69488209
0.87611576
0.66386615
0.79104641
1.52516351
1.15101253
1.02123614
1.77162472
1.08676158
0.83216002
0.56797555
1.49557076
0.71549912
1.23605911
1.07839514
1.56005131
0.93810460
0.53765393
0.89857761
1.45954902
1.04919930
0.72429446
1.75763613
0.83390777
1.02785436
1.35747447
0.92892664
0.83881353
0.85297502
0.99023090
0.98721866
1.21060582
1.12890051
0.92709566
0.77322311
1.61665553
0.61024076
0.93600197
1.29853107
0.63196639
0.85877556
1.02686385
0.75740773
0.71670704
1.14415609
0.76339912
0.91052943
0.90117661
0.77290320
1.25546498
0.75327494
1.28549448
1.42165433
1.10247103
0.78375737
0.70287256
0.97088694
1.39046630
1.73841926
0.70269199
1.41927094
0.54362997
1.06892116
0.78609386
1.64251059
1.55438523
1.23055340
1.41923768
1.10677215
0.80216076
1.25802252
1.25915716
1.09713111
0.71816048
0.94836611
0.84065018
0.76749499
0.96999240
1.15455679
0.65630874
0.74372171
1.19304205
0.97580116
1.14836779
0.61864163
0.95246699
1.11216271
0.82667836
0.67615986
1.16936389
0.98239485
1.30726847
1.41293653
0.54738958
0.72235219
0.52658784
1.31410485
0.96818215
1.46433305
0.42174342
0.93025551
1.47140905
0.98722304
0.64736672
0.86317063
1.19586442
1.31437982
0.61484148
0.59570809
1.10829555
0.59530473
1.45721343
0.46337721
0.83711780
0.81695264
1.54707404
0.72258822
1.26928015
1.17966853
1.14779560
0.74641908
1.19373340
0.88524966
0.89882543
0.70664619
0.72174276
0.71295302
1.09029022
0.77652322
0.64686326
0.98725658
1.14393354
0.86528429
1.28964420
0.90982289
1.40583230
1.48449830
1.18832501
1.76317340
1.60597146
0.77477663
0.93990853
1.06908069
0.53069637
0.72516693
0.85735266
1.21573189
0.89689239
0.93785346
1.10184420
1.22293219
1.01562125
1.33440761
0.58356374
1.15110861
1.16985464
1.98241862
0.95761553
1.35693844
0.71322480
1.69147256
1.06019337
1.14588954
1.21318584
0.73359982
1.34451348
1.15271714
0.53828845
1.14841112
1.01566143
1.22001861
0.71258606
0.56312562
0.71912712
0.38219376
0.98428740
1.08808818
0.80931807
0.78969970
1.18449659
0.74487308
1.01290385
0.87817529
1.00992384
0.51674949
1.02727670
0.65251341
1.35566386
0.84048974
0.80328208
0.67719063
1.00735787
1.02714455
0.66043411
1.44276785
0.99035801
0.88733020
1.56620343
1.02104633
0.71024486
1.15298495
1.02975255
1.47720431
1.11943337
0.67018567
1.02282040
1.07122531
0.93457280
0.95379444
1.59929585
0.76692101
1.46090469
1.14327277
1.16927611
1.19803830
1.06104484
1.11944488
0.75620549
1.12779267
0.99544362
0.77376143
1.11328777
0.80059584
0.47032195
1.47490941
1.27203530
0.68218573
1.33352736
1.13328244
1.19942820
1.50163400
1.54576750
0.89610895
0.78264913
0.83049770
1.06320089
0.94138151
1.69579844
1.44971304
0.33028353
1.15812183
0.80091911
1.16945153
1.01815338
1.35826571
1.15693093
1.14669744
0.90702731
0.93206661
1.06936263
1.06030657
1.12509644
1.44324339
0.93945602
1.11040940
0.44720500
1.77784664
1.40614110
1.63670153
1.01932597
0.67098398
0.81774728
1.43688029
1.44132115
1.09014856
1.21372434
0.81344493
0.64645722
0.71667942
1.65793559
0.66840954
0.93851179
1.09223672
0.71291597
0.69809243
0.99127773
1.71290994
1.58953765
1.00953262
0.69117915
0.60412550
1.02362477
1.26952796
0.97305984
0.70418531
1.57925080
0.77702049
1.46217677
0.92834740
1.62114435
1.15818554
0.93717061
1.16586471
0.98799989
0.98502940
0.50174612
1.07262984
1.10097556
1.50638993
0.79575464
0.88532734
0.98102821
0.85375785
0.96781239
1.08272992
0.89553107
0.68286911
0.72945071
1.10312755
0.70657787
1.13281028
0.87581370
0.79394407
0.92372087
0.77900004
1.28536784
1.24639540
0.93886982
1.34860461
1.10514011
1.39206749
1.66744985
1.43173209
1.36261367
0.61125931
0.97198248
1.12485736
0.99525535
0.53200930
0.66043871
1.45182522
0.80081257
1.13578438
1.05088174
1.12721464
0.98854918
1.55326245
1.08546551
0.65680241
1.81638892
1.30253000
0.93617907
0.80829094
0.67188295
0.73206754
1.26614607
0.70695588
1.08964690
0.85610913
1.41473498
0.92833886
0.95743120
0.99263742
1.00076811
0.91070345
0.99839964
1.10141386
1.34463020
0.79156375
0.92782083
0.79108124
1.16980477
0.82546682
0.90034236
0.84960654
1.15684661
0.55286317
1.05085679
0.98142678
1.89636939
1.27039723
1.57458059
0.94849083
1.46423295
0.54759337
0.82626421
0.58415317
1.37068593
0.55036120
1.02613552
0.99177661
0.45581752
0.59085309
0.85365670
0.91454981
0.67413416
1.07555588
1.15783794
1.50650500
0.57933391
1.53169931
0.69697667
0.38134753
1.23208676
1.35417774
1.08995354
0.95868976
1.22726476
0.81136690
1.13686553
1.47209921
1.28163709
1.73667749
1.22197953
1.23833185
1.04115439
0.85414174
1.14524713
0.83276565
1.22033436
1.14231568
1.00900435
1.20007748
0.72520088
1.01408054
0.96624205
1.04940380
0.77247108
0.63581682
1.19308743
0.60129913
1.01624846
1.25659112
1.05847445
0.91829559
0.90919597
1.96822924
0.82599298
0.82434592
1.25968719
1.09213931
0.90526421
0.51409335
0.98208229
1.18232455
0.56134683
0.90571813
0.80484816
1.45004737
1.18889446
0.53401212
1.13706870
0.66022093
0.90055383
0.82101024
0.94207095
1.25186711
0.81020230
0.58952132
0.79892001
1.22052157
1.47091203
0.98191493
1.42795431
0.54771192
0.64182485
1.00202390
0.62561528
0.98733190
1.03833603
1.21367236
0.73022693
0.88389513
1.49385701
1.38766056
0.95179793
0.85174627
0.79915467
0.66629508
0.94631474
1.00336532
0.81097531
0.41312300
0.86159345
0.95720645
0.77997263
0.98348608
0.92707509
0.58480507
0.69694536
0.68613447
0.89968360
0.91760054
1.17457443
1.29924067
1.01202137
0.69393654
0.68863719
1.28141837
1.01569234
0.92857466
1.19086399
1.09998574
0.80172120
1.10742416
0.83564627
0.94072834
1.54461222
1.37878937
0.83191763
0.74486236
1.23902103
1.30208555
1.04315890
0.78026219
0.60386215
1.49787751
1.04076971
1.07437447
1.32030242
0.90090611
0.66994938
0.72237872
0.52571128
1.39874953
1.45975820
0.34160415
0.77818381
1.08898554
1.65794227
0.98756473
1.66006638
0.91783662
0.85535677
1.36846949
1.64678480
1.56815336
0.88416246
0.83191691
1.13062653
0.96959141
0.53320049
1.11499767
0.84754577
0.92298068
0.60691529
1.00130396
0.84293003
0.75289105
0.99107504
0.78118389
0.91976576
1.15036316
0.69362254
0.74407791
1.09065281
1.78646547
0.69544217
0.65292978
1.24805670
0.83375862
0.60500612
1.12411330
0.78156737
0.88761013
0.80132354
0.71649571
0.88885047
1.35313874
0.94433983
1.01893682
1.14998323
0.66620271
0.83948752
1.06099209
1.30774055
0.97540741
1.03583936
1.12144665
0.60575721
1.18606837
0.65514361
0.99587491
0.98011738
1.14261661
0.96349947
0.75945775
1.10088686
0.60045189
1.06332534
0.60967823
0.86536307
0.78577862
0.65841350
0.74020418
0.98496408
0.94206112
1.97527335
0.68883612
1.42176898
0.67541917
0.90470068
1.52972443
0.77944065
0.77819231
1.06748431
1.03564136
1.42154097
0.96726318
0.45357849
1.32738544
1.58376768
1.84910498
0.56832389
1.65192775
0.97068800
0.81368385
1.20696624
1.33040671
1.64853652
1.30238696
0.83021045
0.76043077
1.00622437
1.24418790
0.69713173
0.80208524
0.73045722
0.66597167
1.62784457
1.00244966
1.38900203
0.58284170
0.90845200
0.54942708
0.92133159
1.34148820
0.87931819
0.89086883
1.29085320
1.21938780
1.15065722
0.95382859
1.32091031
0.76954517
0.81999393
1.10271712
1.43603109
1.27489020
0.98185484
0.61315343
1.02698418
1.16845974
1.71545256
1.11684192
0.94409166
0.74748835
0.77065899
1.21358952
1.02436298
0.55260636
0.68820496
1.43696414
1.06563867
1.48609008
1.05670709
1.03944283
1.06185706
1.24595609
0.87247293
1.31770785
0.64240899
1.39222241
0.98772536
1.03593252
0.55198590
0.97498066
0.91913729
1.20346336
0.81949107
0.91359436
1.24826032
1.36831721
1.21782365
1.09072743
2.30987423
1.35578733
1.01180506
0.48734874
0.74210081
1.31831351
0.98879402
1.19028798
0.73347383
1.24079958
0.63454276
1.36830258
1.28570083
1.18807759
0.58166616
0.72733254
0.59870386
0.66293318
1.46046562
0.71004827
0.80043023
1.55524214
1.44265347
1.49230225
1.05127075
1.06552478
1.57313342
0.77891697
1.07312315
0.86643235
0.43690544
0.86212906
1.10194995
0.58968070
0.76014545
0.89606102
1.62521885
1.08983027
0.82054555
0.49811150
1.02569615
0.65383293
1.21056949
1.18450678
1.79878270
0.82863071
0.88471920
0.85425094
0.71356573
1.05472244
1.00418049
0.67418453
0.97930256
0.56406611
1.01754933
1.37809182
0.87265103
1.70953096
1.17911515
0.98985769
0.93189357
1.40501078
0.60360477
0.72281910
1.09314762
1.02654683
0.91911557
0.90777657
1.13914666
1.75219403
0.97035581
1.08908079
0.98205799
0.62113857
0.93621179
1.38109118
1.04127773
0.78210619
0.91858556
0.83138060
0.98896481
1.44161600
0.54414988
0.90446397
0.55438754
1.52139415
0.94249526
0.70970792
0.80764620
1.00724858
1.29082032
1.17242303
0.96949585
1.17902166
0.66869135
0.58749743
0.96545112
1.47438875
0.63494871
1.26545834
1.04413826
0.71351054
0.69977597
0.77193068
1.49074499
1.18133106
1.02917495
0.89335899
1.02300429
0.70111184
1.29665313
1.07220766
0.77248326
0.84939612
1.24953261
0.97456574
0.99960658
1.18504293
1.19640568
1.04954783
0.73340392
1.07349733
0.52883652
1.07020737
1.09726679
1.00734842
0.97342998
1.02681548
0.74214288
0.89374927
0.95965296
1.34785598
1.26877008
0.85507256
1.14228371
1.21014853
1.27568298
0.83272495
1.49688428
0.57628336
1.47582581
0.92105655
0.88318597
0.63338054
0.85837386
0.77507004
1.36606149
1.04626240
1.03311379
1.06131760
0.93645111
0.98761820
0.77255069
0.98417425
1.04245513
0.93897997
1.05069353
1.39973690
0.48690359
1.02931082
1.01165588
0.91275719
0.95880124
1.16158379
1.10067911
0.93545855
1.50516010
0.92170540
1.44307241
1.40848076
0.83861294
0.92195998
1.00363643
0.83350143
1.49328671
0.94154045
0.78478726
0.51325188
0.67112166
0.96141675
0.64034540
0.89350692
1.45372909
0.70031885
1.13834987
0.57281504
1.18229221
1.35331885
0.69024275
0.86712407
1.21317114
1.10778390
0.93711218
2.14166451
1.57708889
0.97849540
1.37860075
0.98298714
0.34817616
0.89128617
1.22545341
0.86396780
1.19493222
1.24694388
1.05554081
0.81549691
1.27259089
1.10844182
0.93540753
1.04262902
1.08850144
1.14749897
1.06327553
1.16339069
0.84786209
0.81895737
0.69440564
0.96893458
1.16507312
1.23151095
0.99988446
1.20378795
0.75294851
1.17365061
0.74871906
1.26812277
1.23470650
0.96616950
0.78938305
1.13451881
1.21500494
1.02291517
1.34567100
0.77811553
1.69197974
0.75687228
1.15213313
1.24695501
0.91518199
0.79113576
1.04826719
0.83164337
0.92779647
1.27244660
0.92258801
1.05701095
0.73596989
0.70242950
0.68320707
0.68089038
0.88789028
0.97974569
0.68176233
1.04437660
0.97133210
1.12559827
1.26698926
0.75164458
1.03761571
0.90005036
0.80482716
0.59216301
0.96456216
0.97118058
1.22373666
0.70197515
1.10816586
1.04502145
0.90522619
0.77080259
0.68515227
1.10496553
0.71906884
0.66651485
1.01195910
0.72316371
1.08842491
1.68072898
1.03340301
0.62846331
0.68489848
1.15473596
0.75023946
0.57945972
1.00169008
0.75013899
0.83640990
0.86097175
0.76192656
0.88043946
1.17269074
0.81677884
1.19891498
1.18534358
0.95992508
0.97135834
1.07634593
0.81875456
0.66023888
0.73655057
0.86920371
0.96636104
0.71592856
0.98393939
1.54549034
1.48337341
1.32459525
1.42401708
1.03820296
1.48542883
0.89796136
1.37612296
0.97867218
0.62650390
0.89632674
1.39150606
1.55608620
1.12362893
1.03358511
0.98706670
0.95685213
1.07661466
0.65835770
0.79314237
1.21123211
1.05270613
0.90148879
1.08520906
1.22273155
1.22061758
1.42433115
0.60631307
0.94647532
1.38141980
1.05341629
0.99553850
0.50730692
1.29653943
0.73742022
1.25340995
1.19603888
0.52563508
0.85923957
0.81231543
0.98111710
1.38144604
1.41642735
0.99429821
0.62647010
0.87251833
0.52414431
1.34409363
0.71634591
0.71417564
1.18289867
0.87571084
1.43353801
0.85280281
1.33184578
0.68488762
1.08399803
1.12494837
1.54462717
1.37990315
0.67401568
1.23682287
1.05169492
1.68274267
1.19160565
0.59713893
1.01445328
1.09144418
1.11152716
0.81312740
0.89008484
0.86940720
1.06667274
1.05535439
0.67814265
1.07328423
1.04767018
0.86041682
0.60734032
0.61451423
0.97103546
0.79865779
0.68975590
0.82264745
1.01393131
0.52723286
0.75563095
1.21271623
1.18214772
0.78755828
2.08818843
1.02268116
1.48737039
0.73205112
1.01792152
1.33092181
0.83789723
1.16145913
0.39943154
1.15415694
0.56712402
1.03126671
1.41929894
0.84984209
0.88953874
0.94523861
1.25154013
0.91365615
0.99312521
0.91386220
0.73872670
0.85403243
0.44266925
1.14584702
1.30680472
1.18496956
0.52994595
1.43383025
0.48226705
1.31610118
1.43171450
0.67788174
0.59998895
0.92529496
0.74680877
1.44140567
1.59415827
0.93403148
0.70814617
1.05823151
0.73721481
0.61153167
0.40435106
0.78770435
1.04019897
1.07112092
0.62712601
0.65956135
1.36418244
1.14608611
1.09162778
0.78708162
0.77883726
0.71132216
0.49470702
1.48455652
1.02201839
1.01465171
1.31037255
0.88602096
0.89032538
1.45679128
1.15163824
0.80631994
0.88101071
0.47610217
0.80295358
0.86718668
0.73506957
0.62559401
0.70323081
1.26373761
0.90879370
0.77323892
0.90632740
0.96411969
1.04716234
0.67443066
0.69636381
1.01524816
1.19228276
0.58184757
0.53991900
0.55443217
0.68109440
0.66284853
0.92943064
0.68573053
0.76175192
0.78689064
0.78579161
1.00434583
0.70020019
0.89668601
0.70311959
0.90872454
1.45331033
0.67135968
0.92387046
0.63279254
0.62563510
0.97592394
0.62662393
0.97232527
1.16815059
0.93053654
1.17354107
1.31923797
1.36712598
0.79365299
1.09864269
1.29675222
1.48354629
0.83553021
0.64571547
1.30055293
1.27486290
1.38475942
1.03027541
0.57030163
0.59081203
0.82968933
0.73471622
0.99572799
0.87684073
0.96495682
1.01285832
1.00458568
0.68181431
1.20444762
1.34839807
0.48743256
0.54053642
0.63455208
0.86149672
1.02295463
1.71491545
1.22887567
0.85199643
0.70046390
1.77491643
1.92089730
1.18878632
1.40043095
0.79885078
1.97981773
0.68786291
0.76893196
1.31244851
0.32180061
0.97286110
1.35701157
0.67755445
1.55433093
0.82343648
0.86810643
1.29925630
0.78878332
1.03673664
1.44354627
0.60151831
0.52144748
1.20507333
0.50974600
0.78044751
0.84612859
1.37572206
0.90481965
1.12889066
1.46505452
0.76676877
0.92949385
1.43078629
1.33802734
1.40471030
0.91376207
0.86281015
0.90621456
0.87266795
1.07809686
1.24752907
0.95198321
1.11693183
1.32486202
1.22388756
1.00325532
0.93899471
0.49979467
0.98336771
1.69149775
1.25798970
0.97414063
1.05815370
0.97607823
0.87664584
1.16345947
1.52398891
1.18010936
0.89563831
0.40831796
0.94970114
1.32142109
0.84083672
0.84153921
1.16653843
0.87348697
0.97991764
1.02774641
0.84960066
1.01776138
0.86666180
0.79808812
1.23803016
2.49884844
1.03718076
1.10717709
0.37527454
1.50751367
0.98244096
1.63076245
1.24843435
1.28076786
0.78218422
1.60970254
0.99286824
0.91381348
1.07776695
0.70048420
0.57705647
0.71450238
0.91458149
1.15794536
0.62077129
0.59356609
1.04178981
0.86202612
0.78587206
0.64178214
0.68966548
0.81290244
0.42949743
2.11331568
1.01081348
1.31885843
0.78558778
1.43576708
0.41410913
0.95485583
0.99015370
0.66272806
1.06746061
0.67883214
1.50133542
0.61491327
0.77725368
1.08417284
0.77954168
0.78000834
1.83484169
0.52062741
0.72071744
1.04296706
1.14212991
1.57165837
0.77227415
1.03209472
0.92111299
1.08635224
0.69671276
1.78406839
1.02624395
0.46654202
1.15170022
0.85112917
0.72251391
0.70749717
0.57743017
1.02814205
1.09407985
1.20117652
1.22694645
0.75046221
1.09374617
0.72460967
1.06592989
1.87551536
1.31530567
1.24483882
0.58253602
2.59665464
1.10170684
1.68707848
0.49854714
0.78556164
0.87031863
0.69567808
0.75457322
0.52695664
1.03151175
0.77357353
0.85080453
0.95137284
0.75549313
0.67623132
0.69934834
1.20472892
1.15797951
0.47214544
1.11107599
1.33870967
0.86090937
0.79085266
0.73470898
1.07012347
0.82071441
0.95385755
1.18386996
1.16756678
0.58750486
0.85324055
1.30797082
0.88534429
1.09389475
0.65245528
0.99184614
0.99607007
0.76261779
1.18848675
0.77655563
0.98723717
1.01765639
1.33823634
1.03332587
1.13394822
1.30679121
1.30089293
0.70664909
0.64146021
0.79220985
1.28259696
0.91814010
0.68606798
0.63993848
0.72221999
0.86890132
0.67426835
0.87848232
0.53235010
1.60072949
1.19816525
0.65107346
0.61845271
0.79475895
0.68972875
0.84673365
1.19408785
1.03183836
0.78797076
0.69486701
1.09980234
0.98973731
1.36646707
0.85270194
1.82455119
0.98117891
0.68685582
0.68736209
1.25757765
0.69324708
1.34128099
1.54853933
0.89516537
0.68867387
0.90100276
1.98342838
1.08816429
1.03568861
1.05685716
1.20863897
1.38275823
0.67450498
1.00436927
0.87013547
1.71965102
1.04762187
1.48597184
0.38552378
0.58938615
0.97191833
0.89031548
0.67256431
1.10822105
1.11441676
1.33155717
0.55604703
0.94914345
0.66876435
0.59393032
0.49829917
1.12670184
0.78716831
0.82258555
0.86343958
1.84203246
0.88539041
0.66395183
1.48340720
0.92866014
1.24419601
0.42656099
1.01487793
0.38494784
0.63150817
1.44796770
0.69631662
0.83381733
1.48660379
0.96640244
0.75470970
1.64219019
0.95260505
0.81584284
1.22532751
0.93105171
0.77051602
1.61893151
1.10027920
1.54001909
1.76078197
1.12986843
1.41460700
0.81351503
0.57516887
1.26419947
0.68849782
1.36531793
1.19886034
0.90982110
1.32023165
1.17139915
1.07466632
1.32274489
0.47832530
0.82698818
1.18945378
0.74445538
0.82353618
1.58318371
0.94764140
1.17140478
0.96771723
0.74203812
1.23493582
1.55326088
0.73046229
0.51914625
1.38443512
1.27662370
1.37125641
1.00588429
1.27267650
1.08014692
1.42625555
1.05923171
0.90849065
0.64365607
0.90794578
1.83545162
1.17864523
1.28297279
0.82115115
0.85384045
1.11764011
0.80355929
0.94330626
1.13894943
0.80747344
0.46425175
0.74313780
1.28594290
0.92996556
1.71738208
1.69062014
1.33314588
0.79192782
0.77306010
0.76904281
1.33177014
1.00591277
1.53103562
1.36121019
1.05866311
0.87123899
1.26726905
1.16319582
1.29777204
1.71269556
1.91207316
0.96067910
0.84318345
0.87004630
1.14083753
1.42448693
0.51458540
1.72187391
0.97391428
1.06295260
0.91678217
0.41466888
0.95703619
0.62933850
0.67936526
0.42090308
0.78679170
1.85046662
0.74026840
1.00311770
0.68596287
1.00840454
1.11471202
0.87446188
0.94175575
1.32197602
0.77450618
0.76722905
0.58830071
1.04756412
0.63064995
0.70135880
0.68522512
0.95024453
0.89995052
0.82745732
1.34625191
0.39607936
1.09876009
0.97343996
0.48521110
0.85522197
0.65532558
0.94136724
0.69829570
1.43246925
1.23336883
1.06858582
1.73425842
0.61535405
0.99290204
0.98017804
1.25770289
1.33495824
2.22097575
1.41635270
1.82201718
1.05258424
0.93726978
0.47550203
1.57558661
0.92077493
1.12539665
1.57678788
1.35745006
0.96335412
0.90069139
1.43115651
1.44545204
1.51974196
1.09488752
1.25489065
1.37193459
0.95626494
1.11928723
0.67004238
1.59942235
1.00101424
0.70497992
0.82761925
0.65798177
1.02835870
0.94860788
1.23614012
0.67602767
1.77270451
1.18052852
1.14078782
1.14176306
1.02946056
1.47861659
1.10238188
1.10416120
1.13077393
0.96431686
1.09458791
0.89980377
0.73422133
0.55432783
0.89534442
1.15493125
0.74826979
1.00180314
0.81364609
1.10858337
1.19366529
1.41275687
0.86689333
1.32437384
0.56743420
0.97105663
0.39041609
0.73396362
0.94622109
1.04869149
0.62043288
0.61481453
1.03860906
1.18399370
0.82091158
1.21300499
1.01016624
0.82174624
2.20111675
0.90493655
0.46853678
1.24664727
1.01859716
0.99695974
0.66723435
1.86391646
0.96963245
1.31803155
0.36871211
0.85857430
1.74837195
0.99187065
1.48902089
1.07337143
1.16367676
0.95992202
0.81832548
0.76260372
0.87627469
0.91739178
1.28445155
1.26737537
0.57607066
1.16234390
0.47417744
1.24460928
0.61925567
0.75679427
0.91523456
0.95177344
1.20976653
0.86889419
1.34299319
0.62229215
0.97788811
0.85611583
1.28616707
0.50645225
1.05289602
0.78872736
0.97089585
1.20785468
1.47826652
1.20253012
1.32693256
1.21112901
1.68856071
0.94606349
0.98407066
0.55914253
0.91168027
1.26910243
0.63227676
0.80927336
1.08906195
1.01909165
1.46497975
1.29421448
0.66668414
0.81356894
1.28926802
1.20828986
0.70749969
0.78080952
0.71274879
1.56609082
1.08914886
0.85017273
0.84348422
0.75914856
0.89601910
0.51831157
1.13434409
0.96198206
0.93543771
1.35794072
0.66845592
1.23810971
0.71055916
0.86803859
0.78728547
0.76985404
1.47512194
1.25232967
1.37801815
0.44157301
2.16172992
0.71547737
0.95515513
0.75393358
0.53173301
0.76146362
1.69460311
0.81389687
1.59074358
1.07494912
1.10816759
0.59018423
1.19887647
0.97094645
0.83056666
1.13593382
1.13368172
1.31738960
1.19556082
0.81212894
1.10161702
0.89944146
0.45151763
0.46392900
1.27806655
0.73152590
0.98838795
1.00869819
1.31898838
1.26126122
1.08617936
1.17363482
1.54455437
0.77197782
0.67597411
1.05716774
0.73155160
0.63483600
0.80861815
0.95225748
1.29801327
1.02822343
0.58348924
1.20099770
1.17172914
1.58895110
1.32857350
0.91624400
1.42244851
0.56007501
0.94436629
0.70910290
1.46322642
0.39689112
1.29446312
0.73635741
0.83078593
1.65449267
0.70942468
0.92142037
0.85747406
1.04162990
0.84729229
0.58646855
1.19248665
1.34114149
1.00170975
0.76817033
0.38373770
1.37207532
1.51914651
0.72686015
1.03798998
1.06516637
1.03586001
1.06292269
1.06330806
0.56265890
0.95986258
0.78148457
1.52938537
0.81724732
1.48436742
0.91597616
1.32790045
1.17466827
1.55184416
1.62359081
0.61678767
1.01748962
0.58598638
0.85230205
0.86188501
1.38525836
0.95455173
1.00507342
1.47402692
1.12512793
1.34574432
0.75144639
0.70537514
0.90949049
0.88040524
0.55789748
1.54213578
1.08963415
0.83894496
0.60519619
0.90906326
0.83472933
1.94602603
0.82290372
1.06546055
1.67890528
1.06872625
0.28416455
1.45292807
1.08133458
0.86529741
1.56923752
0.71769135
0.61794850
0.54898986
0.79790691
1.56304669
0.93246562
0.71092943
0.76194810
0.32818134
0.94235532
1.02038576
0.65623732
0.71883038
1.25198648
1.30254326
0.71823007
1.06354136
0.82127196
0.75543282
1.23070349
0.93448820
1.12496374
0.70596270
0.53036657
1.36060937
0.49200991
0.84141105
0.84512837
0.92495378
1.33751990
0.72536559
0.42888402
1.19950143
0.74960091
1.77779733
1.00121387
1.51601717
1.02921459
0.99334816
0.71917182
1.35412175
1.34266046
0.84583123
0.44616435
1.18196212
1.39788388
1.10229313
0.84248829
0.82628024
0.73476714
1.66491996
0.99570324
1.26009825
0.74228834
1.24554565
1.52101135
1.02846757
0.65353062
1.21778942
0.86922990
1.08812556
1.21442130
1.58916088
0.91593027
1.01132148
1.21703776
0.89022642
1.02931028
0.88763666
0.86367407
0.73427743
0.41231728
0.66272245
0.72958116
0.74779786
0.89971966
0.79212441
0.71602358
1.54177493
0.91815356
1.34749087
1.01026845
0.89009109
1.06099233
0.95275203
1.07405489
1.11504939
1.47147195
0.65721250
0.89019696
0.70066983
1.05846852
1.20116047
0.91214880
1.20383608
1.72111324
1.29080549
1.22812785
0.65086201
1.10022212
1.05766626
1.12349544
0.71715102
1.31378463
1.21639010
1.61025727
0.70356214
0.46010820
1.26377887
0.56590497
0.33584920
1.10299791
1.33371334
1.16171133
1.34044082
0.88112406
1.75141623
1.30870052
0.72238790
0.85399988
0.64630978
1.15768006
0.97959711
1.30398904
0.80824133
1.38557237
1.09245243
1.45129037
0.83127496
0.94508931
0.87383674
1.24304560
1.00582385
1.11547210
0.89266936
0.98536519
0.77953010
1.59586577
1.45732804
0.40165498
0.76608130
0.59902029
0.52879402
1.22074831
0.99934152
1.16943433
0.74234499
0.60235591
1.34202980
0.94152152
0.90213233
0.73651089
1.14578774
0.74843561
0.47335207
0.64556312
1.15960048
0.89512304
0.94259905
1.27728735
0.61974360
0.82805916
1.05881399
1.09149658
0.84222697
0.98592989
0.75192050
0.76120366
0.77662236
1.54363718
1.25177043
1.13804665
0.61594302
0.61497967
1.29334757
0.47523497
0.50388398
1.44482963
1.01454826
0.91669124
1.31060837
0.66204029
1.34560019
0.70630946
0.42188488
1.18440635
0.99031264
1.52817438
0.80946874
1.11440637
1.33225095
1.09393713
0.99562155
0.63455578
0.77952406
0.62081474
1.43968247
1.48431430
1.59090327
1.02455101
1.09042760
0.94132410
0.61615609
0.86404830
0.50918522
1.26589474
0.66628765
0.59847723
1.39770977
1.13316894
0.90885351
0.94447247
0.88243478
1.18484530
0.66664184
0.92728852
1.01947592
0.78006636
1.39696635
0.51001631
0.88193011
0.99388125
1.03796179
1.27752680
0.70327341
0.70852422
1.52040388
0.98854160
2.29666100
0.68776844
0.54180503
0.93059388
0.98964517
0.86868011
0.94237608
0.87735572
0.85311039
1.19919294
1.19529491
0.62573240
1.05944394
0.56292260
1.23882996
1.06726289
0.83219835
0.98526695
0.81439354
1.07843650
1.01735041
0.79943369
2.21257977
0.95268050
0.50126468
1.15497851
1.10127312
1.23867134
0.86131100
0.83216439
1.19670195
1.41238632
0.79832574
1.02518887
0.95576319
1.13763219
1.21629134
0.79145148
0.63767478
0.83206694
0.79076798
0.44274440
1.80858290
1.12842306
1.27099634
0.98392622
0.81946139
0.59139106
1.10696078
1.18399855
0.84608110
0.85095644
0.90383741
0.77536106
0.74427776
0.69547253
0.74103210
0.58721026
0.73041913
1.14581497
1.19669695
0.90207141
1.39838113
0.92007284
0.75218284
1.09346720
0.98470159
0.86434109
0.76136232
1.26896519
0.79068928
1.31331874
1.22267637
1.11075720
0.82661399
0.84298097
1.03073600
0.72970058
0.98940290
0.80805459
0.63612437
0.63891713
0.73187170
1.31563226
0.96198073
1.91828012
1.51944242
1.34463966
1.07609143
1.00919386
0.96256118
0.88831731
0.74969324
0.52865968
1.18223723
0.51115114
1.55338904
0.84252203
1.02625882
0.48498797
0.83534014
1.00777308
0.80054729
0.64333334
1.47371440
1.03552818
1.43671655
0.58029234
0.77894087
0.95245213
1.58342544
0.57925447
0.61570078
2.07763360
0.99571905
0.90099221
1.18618745
0.81662100
1.35680364
1.07736833
0.84294726
1.16956894
1.47393040
0.62677627
0.97699589
1.17403483
1.15928855
1.32431634
0.99863450
1.43096755
0.92599942
1.23536188
1.35727674
1.20183213
0.51347396
0.90135210
1.74313618
0.81624083
0.61919859
0.90784485
0.72434790
1.74542088
1.40029666
0.98843087
0.52909021
1.76665649
0.96289931
0.64569994
0.61381401
0.86222457
0.75786209
0.80763816
0.69994208
0.81968902
0.47120496
0.48658386
1.58576439
0.83100237
1.50461954
0.91748691
0.73923208
0.74834040
0.75968311
0.64969232
0.87635893
1.53788749
0.75361919
1.14414561
1.06360418
1.26355647
1.13587364
0.62259922
0.97527282
0.92056874
0.85557858
0.96987841
0.71848592
1.59215463
0.80554743
0.48053398
0.63286027
1.03053677
0.65878166
1.84035906
1.42994150
0.99386982
1.12745689
0.96309586
0.89396202
1.29026524
0.61525829
1.19895442
0.69542400
0.75698916
0.83172393
1.11817779
0.87137403
1.02422506
0.72110764
0.54930168
0.64306476
1.70350027
1.11849269
0.74105791
1.33565182
1.29198973
0.62669733
0.84140806
0.74534818
1.48016975
1.65265610
1.84080830
0.88463713
0.50272198
0.53983525
1.21772288
1.47367650
0.93655908
1.09868497
1.38044565
0.80672946
0.76410475
1.22285417
1.19968623
0.85912018
1.14630461
1.18517212
1.03657170
0.73538562
1.09537467
1.09467869
1.55243307
1.38729288
0.62420969
0.75623059
1.41190387
1.19235838
0.87653689
0.77348359
1.28255492
0.95498394
1.25860911
0.80685545
0.98528595
1.15919424
0.91100482
1.15620757
0.78909048
1.20786758
1.62230345
1.02137065
0.94360261
2.31292170
1.18887196
1.08435066
1.06418634
0.73298205
0.78881002
1.05318824
1.95435868
0.87835658
0.69712842
0.61447033
0.89887527
0.67189026
1.10106448
0.89453037
1.07018515
1.11903901
1.21192402
0.77559650
1.22869304
1.14671319
0.50322376
0.65970970
0.75176703
0.94245769
0.49818620
0.70833865
0.72622626
0.95159581
0.57201534
0.64373120
0.99607597
1.51444067
0.66491500
1.02309513
0.98314730
0.35260272
0.96584846
1.53534666
0.96192983
0.90239882
1.32923566
1.12574222
0.88311902
1.25083810
1.26211800
1.32037077
1.08637259
0.79545216
0.73280029
1.51192822
1.26961348
1.22834412
0.52280491
0.90443009
0.72821186
0.60931564
0.98433512
1.12082445
0.60555964
1.09010830
0.94655183
1.36511383
1.31413495
1.00032875
0.75606883
0.71114149
0.74437724
1.05162977
1.09727801
1.21598326
1.39570419
0.84523331
1.46033134
1.03706340
0.51810793
1.12838311
1.54589451
1.49903598
0.80171265
0.75817202
0.68980533
1.67290545
1.76887217
0.66956971
1.08555519
0.56771203
0.73209997
0.59061210
1.23443399
0.92306069
1.14933750
0.73349691
1.11158133
1.04495274
0.42169057
0.82382284
1.28158296
0.86342864
0.79635808
1.22036916
1.07243106
1.13514737
1.00848218
0.82160392
0.87255651
0.91048167
0.90355311
0.98332680
1.46239144
1.69219535
0.81536043
0.47844115
0.63173342
0.73327199
1.00318428
1.10608936
0.86982862
1.18913616
1.03671166
1.08787375
1.10200983
0.56713360
0.51156330
0.65891308
0.71228072
0.84430064
1.38391383
1.33755126
0.89048347
0.60970068
1.72663700
0.65533159
0.90222899
1.09148293
0.63138576
1.13620656
0.98289441
0.52715770
1.33186477
0.83134745
0.88493100
0.36946652
1.26356454
0.91911534
1.13204067
0.65900126
0.61810139
1.17524280
0.66326222
1.10252832
0.55021699
0.68815328
1.49261700
1.07645962
0.68073780
1.26246642
0.99432189
0.80962109
1.15188436
0.73593039
0.69112579
0.84378269
1.51896050
0.68011406
0.88510302
1.14224418
0.65563385
0.91377811
1.07336227
1.08655458
1.06770310
0.65782561
1.28470306
0.60835020
1.90152514
0.57766961
0.64686660
0.79858493
1.24795211
0.58697789
1.03399687
1.00564468
0.65549943
0.68584280
0.57174140
0.82794723
0.94201509
0.51890164
0.92795730
1.57312799
1.12935968
0.89208931
1.15267215
0.94164976
1.15766331
0.83835410
0.71363951
0.48490357
0.69555119
1.51159751
0.89608065
0.97994406
0.80282130
0.28258797
0.94762978
0.90841400
1.24500869
0.70526510
1.02264132
0.92416369
0.92301251
0.64838395
2.00745785
0.82982895
2.59966948
1.24448790
1.02473130
0.86167818
1.19828229
0.84962099
0.86353107
1.29310645
0.79567366
0.64052823
1.65107254
1.54240372
0.57056579
0.49576495
0.93871493
0.56680945
0.99640161
1.79154880
1.49949390
0.47002214
1.37879681
0.55924779
0.77606279
0.79566379
1.25653657
0.61220620
0.75886039
1.24655221
1.01800657
0.77655891
1.09841360
1.49179541
0.73156054
1.37909968
1.06428667
1.50326386
0.96941533
1.18269589
1.22582226
1.28880375
0.95408314
0.82228671
0.74822629
2.02565480
0.56370516
0.84684252
0.63919769
1.05264299
1.02388362
1.14855312
0.60178370
0.94833906
1.17804978
0.35545885
1.39534813
1.06055398
1.33799387
0.63703969
0.42597629
1.05729417
1.01754321
1.48236521
0.99819457
0.87196458
0.85713965
0.65405019
0.79062052
1.31909486
1.17520855
0.91888491
1.71021635
1.00396418
0.54820587
0.89517340
0.41426449
1.53251609
0.55031484
0.55517434
0.59268301
0.62862400
0.86267198
0.63656297
0.98083826
0.77745044
0.61704458
0.74712187
0.85133055
0.89941424
0.57816794
1.09545975
1.10837857
0.70271497
1.31996988
0.84011047
0.55150581
0.58398045
0.98837585
0.95718436
1.04149167
1.03141364
0.88001590
1.49197993
2.03056797
1.75463569
1.13991619
1.00011218
0.56612734
1.09989025
1.12961562
0.36880812
1.33792299
1.09747468
0.99606569
1.20550556
1.17708031
1.46200374
0.91220546
0.99222372
0.64487901
0.65312785
1.04817074
0.91216812
0.85178209
0.96073193
0.70418142
0.68813093
0.59979193
0.88907191
1.24574356
0.87540579
1.03118330
1.22341311
1.14155374
0.82581678
0.48167551
0.66844598
0.75280905
0.68100629
0.56008308
1.19732652
0.91086548
1.28002758
1.78744374
0.93632823
0.94932340
1.05878165
0.75308357
0.88831274
0.99913666
1.89643423
0.83511387
0.97256877
1.03916999
0.72092710
0.78115521
0.90160479
0.60623722
0.57149248
0.74613878
0.69138800
1.16337152
0.77376552
1.50703347
1.08857755
0.89005724
0.88776115
0.67951041
1.40943467
1.22410872
1.31668886
0.73797297
1.29072754
1.41624260
0.91613162
1.85387417
0.93896965
1.24925335
1.25190077
1.46341535
1.19943186
1.44663466
1.53862825
1.08541947
1.02014349
1.27402321
0.92749807
0.75998042
0.91064559
1.76382412
0.64782274
0.83723911
1.15032175
1.31351025
0.68253036
1.51340395
1.35595678
0.40827465
1.31031042
1.22348783
1.15067608
0.68058529
1.03875180
0.88771989
0.90003374
0.88508467
0.98236021
0.69462649
1.23169337
0.95973610
1.19580482
0.86839005
0.77114238
1.19397336
0.84067230
1.05589714
0.78697411
0.83971312
0.84021173
1.11376135
0.71078338
0.75254016
0.48116288
1.46150473
1.45989373
0.34783695
1.25661130
0.59573858
1.30321697
0.85868183
0.82745209
1.07933789
0.91582731
0.71644732
0.83990010
1.74922772
1.18458590
1.26676096
0.56446700
1.10073536
0.52859342
0.73819125
1.03912842
0.87915145
1.16527105
1.29155316
0.95103927
0.56155314
1.31665096
0.62686362
0.80971316
0.78103143
0.86031426
1.70876386
1.67872920
0.76631099
0.86215266
0.98526973
0.85545222
0.69085920
0.90112659
1.64390423
1.69750811
0.79296274
0.38361733
0.94317394
0.98032452
1.11071601
0.92737801
0.77555322
1.01016801
0.79174867
1.09078966
0.96404432
1.14654006
1.06225879
0.74148107
0.95172530
0.79809843
0.94471808
0.76642342
1.42238955
1.03165474
1.94933434
0.56702139
0.73661681
0.51210827
1.26434898
0.73237282
0.99532988
0.75820974
0.50646585
1.00025739
1.31534880
0.99917305
0.70764375
0.57387952
1.39391395
1.20512216
0.33620424
0.69910807
0.90069183
0.84348520
1.37690024
1.33152309
0.97662675
0.57746831
0.96661847
1.60334985
1.07079525
0.64283808
0.92007531
0.58674927
0.83739014
1.64991588
1.11917090
1.09909712
0.69984840
0.91698933
1.39957165
1.12255092
1.35324503
0.79322351
1.31496556
0.88850330
0.81518638
1.00922288
0.93082648
0.90913706
0.88940211
0.99859749
1.40583768
1.59539292
1.53025431
0.91583361
1.18866017
0.83757701
0.75903012
0.91380568
1.44814691
0.92456104
1.31575313
1.04234677
1.01792972
1.30781700
1.18053459
1.34777410
0.55037426
1.37237180
1.32031074
0.82676170
1.03523669
0.77924155
1.17804275
1.74750601
1.17346510
1.12213842
1.15953980
0.70601149
1.08407822
0.78803463
0.57694927
0.88744860
0.62849944
0.92976241
1.01477247
1.00901033
1.36303707
0.65879176
1.88843408
1.20916436
0.58435819
0.73891430
0.93295533
0.75426106
0.71087816
1.48055096
0.74995481
0.69783985
1.53801402
1.21733453
0.62707817
1.01980850
0.90182942
1.18815461
0.87062540
0.53193454
0.49993935
1.49187931
0.44724351
1.54812998
1.02479642
1.15935851
0.80045263
0.71018698
1.19755430
0.57543862
1.25161112
0.70744658
1.09570540
1.14909393
1.05889552
1.18957343
0.65316655
1.14908146
1.13278154
0.72541397
1.15914935
0.79271449
0.89992204
1.61783562
0.59614358
0.99644204
0.42387277
0.83143466
0.99364552
0.64922237
0.47173748
0.96529464
1.07281704
0.98590282
0.67632684
0.93652603
0.60895091
1.13249080
0.57552608
1.58380512
0.65890441
1.09246393
0.88918185
1.37879004
0.38436174
1.50866621
1.24654882
0.75053325
1.01772233
1.01283362
1.01159522
0.84686787
1.01105619
0.68238619
1.22218965
1.44473524
0.80146016
1.02468638
0.55714570
0.63276093
1.42302759
1.13164998
0.67121028
1.00823266
0.87830837
0.93093667
1.23527981
0.73388144
0.67203400
1.09526784
1.14933047
1.18534892
0.76227153
1.06197059
0.61808756
0.89987677
0.93631562
1.07285079
1.31804820
0.63931018
0.63589049
1.02970350
1.19247932
2.25670854
0.57992578
0.48888453
0.94751601
1.27330694
1.41714417
1.10524416
1.26621815
0.55740626
0.67869352
1.72116650
1.85390388
0.62281410
1.32014921
0.66450721
0.79402123
0.59641321
0.91628282
0.91073139
1.19311735
1.66942282
0.48453774
0.87925868
0.93173875
1.44300897
0.96582313
0.93423523
1.20004285
0.71721710
1.35666524
0.78065851
0.98882133
0.64414280
0.69128395
0.96959234
0.63119819
0.87501507
0.61699100
0.70301926
1.44438563
1.57505164
1.61838557
0.69673171
1.07658561
1.52814142
0.57522596
1.07928898
1.01353318
0.60708496
0.62402772
0.51965350
1.09954486
1.05950143
0.73282329
0.78576580
0.83125532
1.42324087
1.17198261
0.80706232
0.59822749
1.28492140
1.34394409
0.68371527
0.69393645
0.60829854
1.07375949
0.72298513
1.39586069
1.15669350
1.60102771
1.03145789
0.61699947
0.89498720
0.69047669
0.91508155
0.85863891
0.82326849
1.24514909
0.65614139
0.82045474
1.05519309
0.54072579
1.08888912
1.18966599
1.50002282
1.07856322
1.12503095
1.20724510
0.86926268
0.95630072
0.55063595
0.75528665
1.07516665
1.31635159
0.97923979
1.11427158
0.95151172
0.63400955
0.98235845
0.67210301
1.00831741
1.04225097
0.94385590
1.09351235
0.86980627
0.20538568
0.85425791
0.52578304
0.94730490
1.53103037
1.67779669
1.10852158
1.05332923
0.98606694
1.12618936
1.44552347
0.97890382
0.35081955
0.79233367
0.85036026
0.88576624
1.51110659
0.90948288
0.69981916
0.65837915
1.19067411
0.38532302
1.15829604
0.57305554
1.40163083
0.98193395
0.98122872
1.24863897
1.31455256
0.93331083
1.36086767
1.25827635
0.83749810
1.11107103
0.81759435
1.32983067
1.02120086
1.29168158
1.77177829
1.01924541
1.19312998
1.50374145
0.86498721
0.86382610
1.27231242
0.87443178
1.01477645
0.87885636
0.59745905
0.61432488
1.40106931
1.09665653
0.90444676
1.60584940
1.13241591
1.23213312
0.39234482
0.66697937
0.72737438
1.63825249
0.58756128
1.34936996
0.92013593
1.19755027
0.92552473
1.06018444
1.26582989
0.97796678
0.66323877
1.23467462
0.72052245
0.77274384
0.92750574
1.17430993
0.67062125
1.41057895
1.13474190
1.14077771
0.68305647
0.84935460
1.42302180
0.89680247
0.79190430
1.36193864
0.65136965
1.08809679
0.91669395
1.24874974
1.14518772
0.81190807
0.84371428
0.80052125
1.38561837
0.81162083
1.38067019
1.08513349
0.91390293
1.33601948
0.80940418
1.92754812
1.30960294
1.29674786
0.70690853
0.70157533
0.87181557
0.97246881
1.99026425
0.74186828
0.86482499
0.53029282
0.71360184
0.58805642
0.60260883
1.64539296
1.54363972
0.93478770
1.26285931
1.21297191
0.78755181
1.10626417
1.00038794
1.27244455
0.62844784
0.98725701
0.42019546
1.11254684
1.50531374
0.88374284
1.03960336
0.77177369
0.95283250
1.10370229
1.52917259
1.44487423
0.93857873
0.67978820
0.92675317
1.33089154
1.08445086
0.60842816
0.74877020
0.68768532
0.89135284
1.00589577
0.50272213
1.27466471
0.97896223
0.83411542
1.34534896
0.89293030
1.71613273
1.24835863
0.35829872
1.13394109
1.34018555
0.99895208
0.64431939
0.91516676
0.97147563
0.79521356
1.29572218
1.30914872
1.15494525
0.98202212
0.71456299
0.85482274
0.74894623
1.10337400
1.08841738
2.31766871
1.01445449
1.40784605
0.80308458
0.76849855
1.61290760
1.24412630
1.06148622
0.47621739
0.98148351
1.37826763
1.01312666
1.23782028
0.66915328
0.74762331
0.87468975
0.90523485
0.73004853
1.43828845
0.64444643
0.94132902
1.50283731
0.70327657
0.46086434
0.90496143
0.76666846
1.35014223
1.01548606
1.13752191
0.97602085
1.25205038
1.18047545
1.29755951
1.15531063
0.65406206
0.85235326
0.72054740
0.57927579
0.87364957
0.76731458
1.60268892
1.08711256
1.37678429
0.91161348
1.18178154
1.00676182
0.97654221
0.95440590
0.41581082
1.21333845
0.92610933
0.48657683
1.50108592
0.86851376
0.68964007
0.68541741
0.99410629
1.25286877
1.22679049
0.80457798
1.57282526
0.80547988
0.75659171
1.17818399
0.82992105
1.32086240
0.96186609
0.72817242
1.00772907
0.79977365
0.83901236
0.69111247
1.08498967
0.87348422
0.46215933
1.06559761
1.17602804
1.04046195
0.81680816
1.18147387
0.85929145
1.01229977
1.47440227
1.31248525
0.83603689
0.86632233
0.66653609
1.05252248
1.05734926
0.96679932
0.73640573
1.24751868
1.00347201
0.97655433
1.53976651
0.69233723
0.60528530
1.01505066
1.28592798
0.84007740
1.01010110
0.74307532
0.88591284
0.61108852
1.02933178
0.77010146
0.98319996
1.04985837
0.95591922
1.38973316
1.31139978
0.64288067
0.75237859
0.91016248
2.01657583
0.52697227
1.76604791
0.88791821
1.57614391
1.29487610
1.79255823
0.70611586
0.64284085
1.25929740
0.96318904
1.22354978
0.71925167
0.97719514
0.90552766
1.16135043
1.50069764
0.84904304
1.49041300
0.82247990
0.57973280
1.29731518
1.05362300
0.91446102
0.63546681
0.85740610
1.08089917
0.96501816
1.11165773
0.79318787
0.72695238
0.94908639
1.00239109
1.02346132
0.89498057
1.19683738
1.25994372
0.94936559
0.42737589
1.63463669
0.97762931
0.75039782
0.55600231
0.79458760
0.60142884
1.63900075
1.00661227
0.93354764
0.76104321
1.03698967
0.73084347
1.23832129
1.48604238
1.19247105
1.09794333
1.29765978
1.61898533
0.94899900
0.65013846
1.36875341
1.21416483
0.86476072
0.74878863
0.78772098
1.65611408
0.89178278
1.16654804
0.75697788
0.69979448
0.83545338
1.58251103
0.85678005
1.30587884
1.24522343
0.98625243
1.04586811
0.75199544
1.27458086
1.45788736
1.46388895
1.63895581
0.48803284
1.00710151
0.57369047
1.27343545
1.05979649
1.41937747
0.94055037
1.61678618
0.83373824
1.80806784
1.35604905
1.10186370
0.69600855
0.67470129
0.90067507
0.58249830
0.76175236
1.36709863
1.11545786
1.13979583
1.11252047
1.11244114
0.97790570
0.62943567
1.39239507
1.00149091
0.93274207
0.79930033
1.03751021
1.45855137
1.61068112
1.64038457
0.51352826
0.67840250
0.92549486
0.92869335
1.28183077
1.22705006
0.77469730
0.84338367
1.07666199
0.93321746
0.72364737
0.90464824
0.81960129
0.74571620
1.35831153
1.00927223
0.88323059
1.71084789
1.00617934
1.26580100
0.75806674
1.05301306
1.61416479
0.84784852
0.59883327
1.15507537
1.28301049
1.33452474
1.64185468
0.92386341
1.41164938
1.04717401
1.17156700
0.52624976
1.44818206
0.90916286
1.09751912
2.01692665
0.97140856
0.62858929
0.60174107
0.76437084
1.32414235
0.90407326
0.59578898
0.95585759
0.99251548
1.11313842
0.67690310
1.01738479
0.82037162
0.75605381
1.33994899
1.25338753
0.85132842
0.61869719
1.70329469
0.91420662
1.49056430
1.57995418
1.31055199
0.65426361
0.77152881
1.47026657
0.97606148
0.67958519
0.91626543
1.03830294
0.45163117
0.82658271
0.84415598
1.66988600
1.10597971
1.00709383
1.15898106
0.80015883
0.78432096
0.99446610
1.21017582
1.04337447
0.75795037
0.89278189
1.65786918
0.82287489
1.18372939
2.10482026
0.65820562
0.78988096
1.35613018
0.39474197
0.82466270
0.92524827
0.73117523
1.27970279
1.03685225
1.13380621
0.44263771
0.40586656
0.68495170
1.49090430
1.43188383
0.87309974
1.60589784
1.18148087
1.98306265
0.89473209
0.63186942
0.76487410
0.84093156
0.73188424
1.47387565
1.18129848
1.18093226
1.50975873
1.22116136
0.76042940
0.97766114
1.18850840
1.00278502
1.18406349
0.89456875
1.04698516
0.61817574
0.90261470
0.93240998
0.72741011
1.09853821
1.53219780
1.06524072
0.99713366
1.66405680
0.68143465
0.85011876
1.95385918
0.95423796
0.62223768
0.38375794
1.13027359
1.02999906
0.95926977
1.13553388
1.54073214
1.02580098
1.52237371
0.90355996
0.75072099
1.11090530
0.98095197
0.72368748
0.66927127
0.66234031
1.15689662
0.88081515
0.94047127
1.69177255
0.89807600
0.56940396
1.62193648
0.95175613
0.77513466
1.31146838
0.44740155
0.57161926
1.16006353
0.97934727
0.80856642
0.88297381
1.64036895
0.78298350
0.98509092
1.12577936
0.64251539
0.90601291
1.01467233
0.53680892
1.18977755
0.42324560
1.09545174
0.66114642
1.27755682
0.63489385
0.66588713
0.59564333
0.84179660
1.51487332
0.49935605
0.74689717
1.19594777
1.34164425
1.24634779
1.43155129
0.47706096
0.48201452
0.62721344
1.10836298
1.70309336
0.48092034
0.63152422
0.80175520
0.85296960
1.15395313
0.82385745
0.95863271
1.54002758
0.71812231
0.78274181
1.14619237
0.54342696
1.15660151
0.70686289
1.56639961
1.16961105
1.28010076
1.37716047
0.80003423
0.96250993
1.23802188
1.14820831
1.24440061
1.12414336
0.79552739
0.60494388
0.41636916
0.93063863
0.63371596
1.75770852
0.98812650
1.83115590
0.82618535
1.21588518
1.14284356
0.76324507
1.65327722
1.88417989
1.49572883
0.56811793
1.01666400
0.96195914
1.06823014
0.85668544
0.88381998
0.96649550
0.51348876
0.76869591
1.44914274
0.92407806
0.78870192
0.49932399
0.92537406
0.55690894
0.74226593
1.18657994
0.89178361
0.91989846
0.68050820
1.08680150
1.12503484
0.41914088
0.91310883
0.47047953
0.89862860
0.86743993
0.81409703
0.44899274
1.24801385
0.74806071
1.49233382
0.90879760
1.14743386
0.85669703
0.92515375
0.86754154
0.77663003
0.79067571
1.02277162
1.04251007
0.67999448
1.15197917
0.52794182
0.89879460
1.23727491
1.21598338
0.69513599
1.25883084
0.67215547
0.91893472
1.32118852
0.99632862
0.64703250
0.69873680
1.56200040
1.52831609
0.94428769
1.22360099
0.83810428
1.56374357
1.54019872
0.67920546
1.30731249
1.55870156
0.68832203
0.51872214
1.21671979
0.91655942
0.59447634
0.96599461
0.76352753
0.83822042
1.16380049
1.25877351
0.85638088
1.40735985
0.78024029
0.98889192
1.33261610
0.65190321
1.93760647
1.08515701
0.82574365
1.07587558
0.81061150
0.63184574
0.63285566
1.32882871
0.78927653
1.20418262
0.82327066
0.68290623
0.91641046
1.26234939
0.72691524
0.73113607
0.99573078
1.47624265
0.84237111
0.89809226
0.78092493
0.55594824
0.59279932
0.88566039
1.02286858
1.12919250
1.16506154
1.27713381
0.72220676
0.60140307
1.15030624
1.01879640
0.78605420
0.85010148
0.56953114
1.08994147
0.64625622
0.79273615
1.27541258
1.17041858
0.86730324
0.86945181
0.62717203
0.70521874
0.71022974
0.69518431
0.76847807
0.84600455
0.93431576
1.05017852
1.24482027
1.20247059
0.79762803
0.76914798
0.59919696
0.68379643
0.86239293
0.72472225
0.46805955
1.40632519
1.22854305
1.12543300
1.32930687
0.92920906
0.78995859
0.99737451
1.60002491
1.36358176
1.03004689
1.48273564
1.42131299
1.56545029
0.85246973
1.34894460
0.76894736
1.81865235
0.52586833
0.91201309
0.45906308
1.46683435
0.83131723
1.17088206
1.39827036
2.42488555
0.59984497
0.65206391
0.76722275
1.22245770
1.13866272
0.70256378
0.82129795
0.74126755
1.00846807
1.38914539
1.16638432
1.08065160
1.19858247
1.08984033
1.30086366
1.61194050
0.74410732
0.63822705
1.27081367
1.27182809
0.49132907
0.78232878
0.57462803
0.62630880
1.14431962
1.13469825
0.45496766
1.05483512
0.83425507
0.94431722
0.84148199
0.88991409
1.75742322
1.33284187
1.14812837
0.83740848
0.80209032
1.00940824
0.85964332
0.67811304
1.20132726
0.82306017
0.86310432
1.53926525
0.90588694
0.94177117
0.57038145
1.22435030
0.79471257
1.26476628
1.74743175
1.04560453
0.67953979
0.60607763
1.26593894
0.77551672
1.07391116
1.27699697
0.66380884
1.04280407
0.91889573
1.03810173
1.02628431
1.10563664
1.08037905
1.32706977
1.11275807
1.21664656
1.92048730
1.08963141
0.91034055
1.03707174
1.34455944
0.56349194
0.86492076
0.73603500
1.23357973
0.90260522
1.17795002
0.57227882
1.00090108
0.47036943
1.07106457
1.23961407
0.81277467
0.58196630
0.86354500
0.86755404
0.76772464
0.80232266
1.62322084
0.85105550
1.04123169
0.83791357
0.89502928
1.01189903
1.16340917
1.00003582
0.76384686
0.83413364
0.57627310
0.58392832
0.96762775
0.87755529
1.15380281
0.71885827
0.78416246
1.07146972
0.93141745
0.85076749
0.72765796
1.07555526
1.01310503
0.55978608
1.47186579
0.78374466
0.73766516
0.79387171
1.03628954
0.96330056
0.46590276
1.05082826
0.86425620
1.26584404
1.01150106
0.95238715
1.06748801
1.08849582
0.96190367
0.97800135
0.64062875
1.00720911
0.85595414
0.96228848
0.57932417
1.12968665
0.59723195
0.94925771
0.92430196
1.12726435
1.60757327
0.77177912
0.71944188
0.56582789
1.03226522
0.71107180
0.55191749
1.14184521
1.28650740
0.96811386
0.73054080
1.79145762
1.09917498
1.01423064
1.02889995
0.65711877
0.85907495
1.53115329
1.80928073
0.95767117
1.09298255
1.01262242
1.40910415
0.77069582
0.89077703
0.92508446
1.03558777
0.55384583
1.07397597
0.80663465
1.06542333
1.27921144
1.08565494
0.62043593
0.69902513
1.40394712
1.73558565
0.76198960
0.60935159
1.04914873
0.65579773
0.90640920
1.63575373
0.72078020
1.06855055
1.16279998
0.79681367
0.89524222
1.34451650
1.05877453
0.79811540
0.73843918
0.76915072
0.67232326
0.74342982
1.14783571
1.03752356
0.47248588
1.25380256
0.90582608
0.65085240
1.09496856
1.23150927
1.15044508
1.10019990
1.06242518
0.92225441
1.20260234
1.44070084
0.96691873
0.93265534
0.91348214
1.28874566
1.20616442
1.00888718
1.25656606
1.02764200
0.82107593
0.66393743
0.50952442
0.99940856
1.14413528
0.75837450
0.87972164
1.01023782
0.91892709
0.92226889
0.93836570
0.82719591
0.46292478
0.91631893
0.91275214
1.37591983
1.12790928
1.19131441
1.28432074
0.55374904
1.19975118
0.57558239
0.76910215
0.65357379
0.55542309
1.60820605
1.22462136
1.20777500
0.98093705
1.39639282
0.45256764
0.88951317
1.51469220
0.99330490
1.34074100
1.23905704
0.83987347
0.74573656
0.86820759
0.69481268
1.36067892
1.29808235
0.61558571
0.76579026
1.37569864
1.54950064
1.46192192
1.48465298
0.95184126
1.63562265
1.21121612
0.76214477
1.30154181
0.77096144
0.99401348
1.39393074
1.22568421
1.36993875
0.98362217
1.52080199
0.86411742
0.63573475
1.17022974
0.70446868
0.80069214
0.69479342
0.49386692
1.16060367
1.26182098
1.44899806
0.80288092
0.95874705
0.85053128
0.76554822
0.80032734
0.90126829
0.77200441
0.71555387
1.11808132
0.76792912
0.50876739
1.42507871
1.42786088
0.96519719
1.12616647
0.68331148
0.58436943
0.93069068
1.16090305
0.72775997
0.98768639
1.12075662
0.64629372
1.08559385
0.87186512
0.78778885
1.05103845
1.84702346
1.23575891
0.99769968
0.58409375
1.45951108
0.68440549
0.86878934
1.02882205
0.76592543
0.94440191
0.81562330
1.44755455
0.47886516
1.30582049
0.89071903
0.76683723
1.06172789
0.68434118
1.72779042
0.41820925
1.19185471
0.66300302
0.66132129
1.02105121
1.22498967
1.17025640
0.77344194
0.77810537
1.08979285
1.22901449
0.65071007
1.03535889
0.72443452
0.65951204
1.06604154
0.55474645
0.86586504
1.02149685
0.77064077
1.18377721
0.78220274
1.18485853
0.75742969
0.92780295
1.70096055
0.78697121
1.26706698
1.09446654
1.01377593
0.88696518
0.49699032
0.72154228
1.06914515
1.11564712
1.48613612
0.72268836
1.11030194
0.58082232
1.14104475
1.58477843
1.28277085
1.56698861
1.23456078
1.17486316
1.00223937
0.82765437
1.24199062
0.99547050
0.66467249
1.06701805
0.80108014
0.57928907
0.87117074
0.86461403
0.59531576
1.32994727
1.44246776
1.13520666
1.29244250
0.72016468
1.18172798
0.92538848
0.90857616
1.27071644
0.82732797
1.10274227
0.49452212
0.65762851
1.05318131
0.72293712
1.42485894
1.18912730
0.84439111
0.73548251
1.64956430
1.20309065
0.89835242
0.90777838
1.33461202
1.06779580
0.94434917
0.71884962
1.11473194
0.43093062
2.02289396
0.81579122
0.76482557
1.00671581
0.58569559
1.41235428
1.41858003
1.10988105
2.40247111
0.80839680
0.95878392
0.82819258
1.38194236
1.11002799
0.81402852
0.76707763
1.03899058
1.28940065
0.82231773
1.57709507
0.72835240
1.18447788
1.12427757
1.61371450
0.97951423
0.69567212
1.11718890
0.88003701
1.07829878
1.31132606
0.76061688
0.90149888
0.69070153
0.51913975
0.86549026
1.04348936
1.09515447
0.90839383
1.07973325
0.61274473
1.11162687
1.22203291
1.07418851
0.90403130
1.09805079
0.93935484
0.77406686
0.82802195
1.02039429
0.78677247
1.59428437
1.41989945
0.87645501
1.32950148
1.48985349
0.99585427
1.05576644
1.43655559
1.05544674
0.84391249
0.76399754
1.58869211
0.77573313
1.18272772
1.54360716
0.77299121
0.77204036
1.41163402
0.95370610
0.64059250
1.36502149
0.74642035
0.43395226
1.59021136
1.08556744
1.40325714
0.57274706
0.73750426
1.05839075
1.04146968
1.49031529
1.06861174
1.83151696
0.90010515
1.11051796
1.01914956
1.69285711
1.36737876
1.23312793
0.67660544
1.31735453
0.93030440
1.62576971
0.78791354
0.53914915
1.23831598
0.66016427
0.89538087
1.15753567
1.44180010
1.35617454
1.10287873
0.63056807
1.18161181
1.39641171
0.91157666
1.15650165
0.77550682
0.81003801
1.33846683
1.10396692
0.85945348
1.34520169
0.98484765
1.14216037
0.72587844
1.06438498
1.21663819
1.20320751
1.38610765
1.87984818
1.00326547
0.79574731
1.30133050
1.12231149
1.06632039
1.16215184
1.35583521
1.11613232
0.71406505
1.15366468
0.68741540
0.64985262
0.77982611
0.95775304
1.60115924
1.21286697
1.48580821
0.62415673
0.78006545
0.51791227
0.70509228
1.46959219
0.79492895
0.91610933
1.01533335
1.08472353
0.66302094
0.80251718
1.03374058
0.42051125
0.86564887
0.97934789
0.95145739
1.32630913
1.24054009
0.82486740
0.76010277
1.01440326
1.12142017
0.43017627
1.24480428
0.62375336
1.18882911
1.18308271
0.49664089
1.08795075
1.41841758
1.20914712
1.15938326
1.61360640
0.76338086
0.84269171
0.74302079
0.77387129
0.73781438
1.54502616
0.72445133
0.48674817
0.70161554
1.36093437
0.83921121
1.09676214
1.16710539
1.03152504
0.80822446
0.88427973
1.43955958
0.60167264
0.40898541
0.94848363
0.71298099
1.10050671
0.89253690
0.72781482
1.18227265
0.83051983
1.20127119
0.65665589
1.02837965
1.05717482
0.76600998
0.90873983
1.08852723
1.19672086
0.51735474
1.14731219
0.73142030
0.68851487
0.84730625
0.92835284
1.37752442
0.80174525
1.30469873
1.20982165
0.64484010
0.86607073
0.85485134
0.78592943
0.72719108
0.54800914
0.91883079
1.20939910
1.04178925
1.34226025
1.11998282
0.57855201
2.10702552
1.40922549
0.50172924
1.30175450
1.68985989
1.10513058
1.21425445
0.83098968
0.97214335
1.50491981
0.60767771
0.37791643
1.06938924
0.90462649
0.54417920
1.62590541
1.13632246
0.40473438
0.97251405
1.03006181
1.73530408
0.79044086
0.94381324
0.72629581
1.12521465
1.32142671
1.15292067
1.43007133
0.63767105
1.67609483
0.76273040
1.33518321
1.18575148
0.68819868
0.74461991
1.31947548
1.32448773
0.75457532
1.11386115
1.44653608
0.73891300
0.89854773
0.53491662
0.72741857
0.86441173
0.83086038
0.63721775
0.51657261
0.75319651
0.92848669
1.12982096
0.84518087
0.61583511
0.85878056
1.13414265
1.02918822
0.98760844
0.78894104
0.83926623
1.06787101
0.61707226
0.99125044
1.29765200
1.26715845
0.88476272
1.91277527
0.88177602
0.69615219
0.74570063
1.15960940
0.90360487
1.13626954
0.89062506
1.18737310
1.22861812
1.52530223
1.01375049
0.26586060
0.65331136
0.94013323
0.82569251
0.81630989
1.03565445
1.27582299
1.07018817
0.86940876
1.21472740
1.21644080
0.63191942
1.13763938
0.76099606
0.93486350
1.03335089
0.65553523
0.69870738
0.68754278
1.90054694
1.57442833
1.22745507
1.18374066
0.86176368
0.83922194
0.89326645
1.18770931
1.53933450
1.08457454
0.77200882
1.02239492
0.63147282
0.78948505
1.09290359
1.84297338
1.06599826
0.94009191
1.23681677
0.92426297
1.18562038
0.69136021
0.66333547
1.24711392
1.04347523
1.55364942
1.04206763
0.85009219
0.96723585
1.50617490
1.49115003
1.27644862
0.80946504
1.04485496
1.46327330
1.75271509
0.66930559
0.82098851
0.87381675
1.07450425
0.79930482
0.73233640
1.43958733
1.05653024
0.84143521
0.85765352
0.85570457
1.62097177
0.50210050
0.61118650
1.48311412
0.52545171
0.90046612
1.40549746
0.92824640
1.23948454
1.22985027
0.72662690
1.04990289
1.11349657
1.28874936
0.75349503
1.02431251
0.80380280
0.99842567
0.68562769
0.63924156
1.39000299
1.13351776
0.90102248
1.26385254
0.65055858
0.77318999
0.76813137
1.03932783
1.42409540
0.92129884
1.28352195
0.85134032
1.33672518
0.77164982
1.01938225
0.70693787
0.69114812
0.67409984
0.80400038
0.74952534
0.42375434
1.00131573
0.67227007
1.01330293
0.84154164
0.86264658
0.78445840
0.97957176
0.94545538
0.89023645
0.73867122
0.73889152
0.53401013
0.80057499
0.82579139
0.79502957
0.89943590
1.40538546
0.82552638
1.74038147
0.37354547
0.87152597
1.25559045
1.21683535
0.71808876
1.28166062
1.13435865
0.86703359
0.93596840
1.27453214
0.95686065
0.69730240
1.62948893
1.52596684
1.12498745
1.55381680
0.97630362
0.49611065
0.79844790
0.71834742
1.24947349
1.01518306
1.18535906
0.67358585
1.37552189
1.36674105
1.01152974
1.36175203
0.99235298
1.81712104
1.18138806
0.59864387
0.78260763
0.76980601
1.05422650
0.93852905
0.83422824
1.22830334
1.21624944
0.57285755
0.88939827
0.68836080
1.14894098
1.07808294
0.51642783
0.82298404
0.76675720
0.84351059
0.54689193
0.70448636
0.89706975
0.81195594
0.90571389
0.51736003
0.56034599
0.76400214
0.99418456
0.95816741
0.26177101
0.41344851
0.66546595
0.66727404
0.88446857
1.05272229
1.43442003
1.23792134
0.81421354
0.65308050
0.98135553
0.55403628
1.19724074
1.43145370
1.93258949
0.69775995
1.77237314
0.94585679
0.77727106
1.16069614
1.32090669
0.90707858
1.53474741
0.71833799
0.80391111
0.86304859
0.84686378
0.68209684
0.95313561
0.97022952
1.22839647
1.16096095
1.13220088
1.00744367
1.35813152
0.74535447
1.14742110
1.03044586
1.39017160
0.41756270
0.85375338
0.48120749
0.38456671
1.14082426
0.49034300
1.17486089
1.15504277
0.94391865
0.76917859
1.05672765
0.51706992
0.77631379
0.91228677
1.19677183
1.10301023
1.15849354
1.46857764
1.25056595
0.82001464
1.02712255
1.00386566
1.21737179
1.10270164
0.59661970
0.36692116
0.82865570
0.84730577
1.24506270
1.47265382
0.75667731
1.26560349
1.17664654
1.03900449
0.69184646
1.01147535
1.00989988
1.31577533
0.83893949
0.97885794
1.08790788
1.19932748
1.21216686
0.60846925
1.05908996
0.51499915
1.01935851
1.59086363
1.34121750
0.86712247
1.26350662
1.25415611
1.00106279
0.78298625
0.69993317
0.81314883
0.57869916
0.55230549
0.89083838
0.84055802
1.66639042
1.37007338
0.95317628
1.20040275
1.09030242
1.44662647
1.17176198
0.87489757
1.10161687
1.39968583
0.87495904
0.88838931
1.00238374
0.67957517
0.53948670
1.14370683
1.21741326
1.15372829
0.68631585
1.16403219
0.67662058
1.05424813
1.56230202
1.08053016
1.06442226
0.51221988
1.05399467
0.64983209
1.13269813
1.04926017
1.20366411
1.10016843
1.05900049
1.51238188
0.69385355
1.45830036
0.93545640
1.01302968
1.23491749
0.81197879
1.10698559
0.86815106
0.86022692
1.01563874
0.62730118
1.52193942
0.52097150
0.66677584
0.84059805
0.90168426
1.22542056
0.66842618
0.69419155
1.15344340
0.79147016
0.52711378
1.04381300
1.45607715
0.67381959
1.66833978
1.10778220
0.96160810
1.42167615
1.86496534
0.68129674
0.66764099
1.46315538
0.43014889
1.29221127
1.52936866
0.57977878
1.14160487
0.46862228
1.40434271
1.30155524
1.32509306
0.98836123
1.25041370
1.27668712
1.15155095
1.02293447
0.53612759
0.55580196
0.96371189
1.03892902
0.72920793
1.32495942
0.62044084
1.42018364
1.21512275
0.74393515
0.47256515
0.93291844
1.35939685
0.81574258
0.91634865
0.61356647
1.14790404
1.16011246
1.64988535
1.01470942
0.92265874
0.96257676
0.94614558
0.64204750
0.63597530
0.87609329
0.67579542
1.00024697
0.70213521
1.25538517
0.72840562
1.08289335
1.82855844
0.70202375
0.60872864
0.79493226
0.99685632
1.10585968
0.87789228
1.43146863
0.56443680
0.44424262
1.34784704
0.89575924
1.15542501
0.80277757
0.96192245
1.54456896
1.20553730
1.08291315
0.97128156
0.90520933
0.87854395
1.41774653
0.82297621
1.32819788
0.71775396
0.87545969
1.00992672
1.35500983
1.43007569
1.14371986
1.05613305
0.74575846
0.79347337
1.24656707
0.54032236
0.54591166
0.85787850
1.06233039
0.87452517
0.94052398
0.53862810
0.51174595
0.82564023
0.81481100
1.13703961
1.34453228
1.03920589
1.44722333
1.18374070
0.61400252
0.89655514
1.03500568
0.62888229
1.15943143
0.95688592
1.29056168
0.98756976
0.73378913
0.93648580
1.10223016
1.27822055
1.83973908
1.67091503
1.12421783
0.83632309
1.08154394
1.01098259
0.80520717
1.41239197
0.69472440
1.34619330
0.94054632
1.30098757
0.66968721
1.40037937
0.61733045
0.75363484
0.49595702
0.95106520
0.90720770
1.27315449
1.14206398
0.71511282
1.26042495
0.47269889
0.92226521
1.31708428
0.86193757
1.39878558
1.44178735
1.36551744
1.09322281
1.83504088
1.13560258
0.32247967
1.49602172
1.00607949
0.55932848
0.69683552
0.56646251
0.89725746
0.75844016
0.93638278
0.79006634
1.10686825
1.17340979
1.29087650
1.10364573
1.00291178
0.65522104
1.42854327
0.87339628
1.62907753
0.80174808
0.96998768
0.77839103
0.61346384
0.74328046
0.55199244
1.36925448
0.61545338
1.21316222
1.02737987
1.14971010
0.96754196
0.74546651
0.90585959
0.53183429
0.77289058
0.80990460
0.88300418
1.02951118
0.96066880
1.08349273
0.81297644
0.73005790
1.17796335
1.08321862
1.47858614
0.63340121
0.95973463
0.90251556
0.65914477
1.19242837
1.31888672
0.98881601
0.90520668
0.86998618
1.13486306
0.89632120
1.89594286
1.13931247
1.12181389
1.46286045
1.02838824
0.84630421
0.80253554
0.61635189
0.84787527
1.03810714
1.04627729
1.01142942
1.19291933
0.81440947
0.60610104
0.99031856
0.76021294
1.13254229
0.71238649
0.80669461
0.83838057
1.01418748
1.52781083
1.33186666
1.38271516
1.81231388
0.50611356
0.56389074
0.71470109
1.56346114
1.76200924
1.04905558
0.87967420
0.81886087
1.02941540
1.14879038
1.11187253
0.90999712
1.18357787
1.28371029
0.98041560
1.38645370
0.85052649
0.69245041
1.19165164
1.07615038
1.26193248
1.62089298
1.58667618
1.00048148
1.19134033
1.20619328
1.16701282
1.39993401
1.24699570
1.50169665
0.61556758
1.14096923
0.85921540
0.68438188
0.60400466
1.50810228
0.78293184
1.30691088
1.59726398
0.47420807
0.70481822
0.56350871
0.89820614
1.10704305
1.02229917
0.87471601
0.89863304
0.85506725
1.08609466
0.96418239
0.85863083
1.08797637
0.63962572
0.84943729
1.40459107
1.16335586
0.82311346
0.84330734
0.76438706
1.12189265
1.02878485
1.82592893
1.12772124
0.79403242
1.25465001
0.51645233
0.95818821
1.49991441
0.85352604
1.09708323
1.05208472
0.69656820
1.02229305
0.75249865
2.01831096
1.11853231
0.93780321
1.29056277
0.82915603
0.79467937
0.93468006
0.54130497
0.99777453
0.80813715
1.94988988
1.19823113
1.42709171
0.70599629
0.25858312
1.13918632
1.22162888
1.33209787
0.71945199
0.69437521
0.57559418
1.45967174
0.75973891
1.59431697
0.49781087
1.06888032
1.03932624
0.56037770
0.91344670
1.02004103
0.84801324
0.83255083
0.87971628
1.74223038
1.60063776
0.74322657
1.05242719
0.81491752
0.96308535
0.58908504
0.97528379
0.88044156
0.74710802
0.89351697
1.15464301
0.74353254
0.91815951
0.60798917
0.90689717
1.39898385
1.30066763
0.94788708
0.50293344
0.71471319
0.91866202
2.01743556
0.90973463
0.99479149
0.85953700
1.25522367
0.97603482
0.65925244
0.63116039
0.76683834
1.40037801
1.58786562
1.15143437
1.56465401
1.09046894
1.29743029
1.28771836
0.91995679
1.82239329
0.68788030
0.69081287
0.92611046
1.02971790
1.36840112
0.79179631
1.36364360
1.61456000
0.87016280
0.43528965
0.70774949
1.46856575
1.22639394
0.59695120
0.64533344
0.91051185
1.13230279
1.04483016
0.39760894
0.56475166
0.86930959
1.21034819
1.72041656
0.84514592
0.46000622
1.32717671
1.31931247
0.66133458
0.61761149
0.92701155
1.64475059
0.62923747
1.72251305
0.98098755
0.87900642
1.10884958
1.20044101
1.32871634
0.89282472
1.28962055
0.97348278
0.90008921
0.84846900
1.93456280
1.18662573
1.42051937
1.12935511
1.44571731
0.62429799
1.17959976
1.06725284
1.17122183
1.23781723
1.23397681
1.03367108
1.01694602
0.88522291
1.06316551
1.06623885
0.79981665
1.70963902
1.21437716
0.81696553
0.91890227
1.08400606
0.54223830
0.68027051
0.44469929
1.17992752
0.49004308
0.87495951
1.28074316
1.20371318
0.95933340
0.97467176
1.39338578
1.04205114
0.57777015
1.25130538
0.76269403
0.47934353
0.92752118
0.68338545
1.62027786
1.57013213
1.12896409
1.75641626
0.72674636
1.24042338
0.53154751
1.12782515
0.60419482
0.74967479
1.51835283
1.10943078
0.79472683
1.22001295
1.01777611
0.95025503
1.51689292
0.56566951
0.95851735
1.02654301
0.81607682
0.68959083
0.38775857
1.19913581
1.69567582
0.93866996
0.38646519
0.93796143
0.97022835
0.61639653
1.14389417
0.55464303
0.55816857
1.16324454
1.15437386
0.81397520
1.39716083
1.21469175
1.15810023
0.90206205
0.73829513
1.69582237
1.35124624
1.06595749
0.95012819
1.08093612
0.65958057
0.83499046
0.89044780
1.52311512
1.06067655
1.07919297
0.99297631
0.88690488
1.12209020
0.77533582
1.51621432
0.93333102
0.49238144
0.65086056
0.97708255
0.59870502
0.90482555
1.22611531
1.21452383
0.63373361
1.18143475
1.10229360
1.09124100
0.50676780
1.30611878
1.05897239
1.17159698
0.89615166
1.07205428
1.06119644
1.23771766
0.85033788
0.77949923
1.51506524
0.83783907
1.08805638
0.71309930
0.88641741
1.08824605
1.20868251
1.12013715
1.54180817
0.63360047
1.37370968
0.48411336
1.10118023
1.15135343
1.05624067
1.85968139
1.18879557
1.12898911
0.93574588
1.37258770
1.03409977
0.97364618
1.30605898
1.06579648
0.60300381
0.72231172
0.75190102
0.72803143
1.37818918
1.07973927
1.01165932
0.58071435
1.08494237
0.61111124
0.91212344
0.98941249
1.11714974
0.54273367
0.77203376
1.39078021
1.19332155
1.10325275
0.76285151
0.99894190
0.57136253
0.97871263
0.92970970
0.98118210
1.32557831
1.16318098
1.13046366
1.27004183
0.96722869
0.99007116
1.01935293
1.25012545
0.71357386
0.67426023
1.06989293
0.74288029
1.23576173
0.56965358
0.47796622
0.95926443
1.36838299
1.06246775
1.28142298
0.83856703
0.76058743
0.71449920
0.81549539
1.23004959
0.70985894
1.51073580
1.03014793
0.53240590
1.51106421
0.78647054
0.73583876
0.95880339
1.43819248
0.67257303
1.31863265
1.00542546
0.69460277
1.62254663
1.18878026
1.88007254
1.02614761
1.02565339
0.64310616
0.59197173
1.27166762
1.06166759
0.77585805
1.33317360
0.81563535
1.02870219
0.57320640
1.00602592
0.45862520
0.70153610
1.64552808
1.05292726
0.96842526
1.27400661
1.45841601
0.96531615
1.28794939
0.51101999
1.92374438
0.72364106
1.35239220
0.52834427
1.31963069
1.32818672
1.78914879
0.91308042
1.19025563
0.88564447
0.67818709
1.19738309
0.91799986
1.34689864
0.81609090
0.93635412
0.51733861
1.29959630
1.18466573
0.61565556
0.68123165
1.11563081
0.62608072
1.03892236
1.15279220
0.48982365
1.55644194
1.27894750
0.91124900
0.61327770
1.41862889
1.46183476
0.77280748
1.39415173
0.80608177
1.15630344
0.86272013
0.87403166
0.78942018
0.70048792
1.20451854
0.94617605
0.89323137
0.83417211
0.86888292
1.20743001
1.40100606
0.69740725
1.20003782
0.97550209
0.60519642
1.15858192
1.06555292
1.73136042
0.99715906
0.70909667
1.21877155
0.80610736
1.15562756
1.16249667
0.95801629
0.64614686
0.87457622
0.96363507
0.76381925
1.19699379
1.05092888
0.66884961
0.52684891
0.63003849
1.22117970
0.67064400
1.01208736
1.40116877
1.06308178
0.89229316
1.17680895
1.23794738
0.95976910
0.49646712
1.37064849
1.10105635
1.01816085
1.48124952
1.00618991
0.70978858
0.83039515
0.60359254
0.95686906
0.86276746
1.14923005
0.33003575
1.39600681
0.38313091
0.98866827
0.73987559
1.39391873
1.21192594
0.73031358
1.34846793
1.04252782
1.27264243
0.66604939
1.55036493
0.78708305
1.37851556
1.00459722
0.73816254
0.67555683
1.10124353
1.20978858
0.37714181
1.92489384
0.92914757
1.15145646
0.83538949
1.10009277
1.11235818
1.46753617
1.49884227
0.87645973
0.75040417
0.69990076
0.89794431
1.16490864
1.01092264
0.76899997
0.75861645
0.93856647
1.40879238
0.61035479
1.24084799
1.11539723
1.06902907
1.25886731
0.67602739
1.23751554
0.78700703
1.06792865
0.59145192
1.31553579
0.78545658
1.03706817
0.97920575
0.85683694
1.40771815
1.32230067
0.72724124
0.80099270
0.63640785
0.97862106
0.97025473
0.61819282
1.24121251
1.08381920
0.72663452
0.98590089
0.81256298
0.73177667
1.43139593
0.50665936
0.82482517
0.54273371
0.64090983
1.42718663
0.66495407
0.78943691
1.27208665
1.45353512
1.19282789
1.08246258
1.57451145
1.22720869
0.83547938
0.97696256
1.03968558
1.10346501
1.65766736
1.15025285
0.85132029
0.71861566
0.94890255
1.39778501
1.07468069
0.58745960
0.85323742
0.78875085
1.20801498
1.36657282
1.39983698
0.80498382
1.01316317
0.82129089
0.91998114
1.14419820
1.17527677
1.17580054
1.10490913
0.49639652
1.28826149
0.45858657
1.26473719
2.13623022
0.77933128
0.60542656
0.77130487
0.84385929
1.01397540
1.12361491
0.57236219
1.04471682
0.75806740
1.43722915
0.58886227
1.18685241
0.99085374
1.13059290
0.87578681
0.71195806
1.25292805
0.79715628
1.09741724
1.21092360
1.21046336
1.00450029
1.22286476
1.18051594
0.70378023
1.27477712
1.39992424
0.74705319
0.96344010
1.10934252
0.84236894
1.11692942
1.05348621
0.80489710
0.79995738
1.20538342
1.40352693
0.96968088
0.96244815
1.19275311
1.71135980
1.52079977
0.92256362
0.82400294
0.91317018
0.91424656
0.57524312
0.78832530
1.18364182
1.03651504
1.03715357
0.99129463
1.08826854
1.47261961
1.19740603
0.81814759
0.81037625
1.32456152
0.79314375
0.95423128
0.60220446
1.24113767
1.54571789
0.94698270
1.07080157
0.54039942
0.48745507
1.14307762
0.96627736
0.59401876
1.05468422
1.30118281
0.60382980
1.24795008
1.00519047
0.59317263
1.21056845
1.00251382
0.85928921
1.20247689
0.77663191
1.04500307
0.53591715
0.62354088
1.42947158
1.10792830
0.79727278
0.65359036
1.38140447
0.93813215
0.92302079
0.97918739
1.18976019
0.98357031
0.75097124
0.73293297
1.53216223
1.22628896
0.53586836
0.45944623
1.17457833
0.80137010
0.56652092
0.66300500
1.27113325
1.19161153
1.39728078
0.47709222
1.08936910
1.41410788
0.56159371
1.53543775
0.68796372
0.84261787
1.34332044
0.96758236
0.85562347
0.81620955
0.74264544
0.82027732
1.30424884
1.14636314
1.25334878
1.48247705
0.89890682
0.59593675
0.63836247
0.95513561
0.86418464
1.06908466
0.90272793
0.73367626
0.46333227
1.23992505
1.22207679
1.06387631
1.21728850
1.22008647
0.62826869
0.59205638
0.92905516
0.56754121
0.76070887
1.09480587
0.86861512
1.11418479
0.80878230
0.84071906
1.42924768
0.96004520
0.80307237
0.91989127
0.84531629
1.18808321
0.87846062
0.75085112
0.94413327
0.65837132
0.98615433
0.79203926
0.48076163
0.81205690
1.12813682
0.77731026
1.19918914
0.82285336
0.77531260
1.68784191
1.13661661
1.10585990
0.92549937
0.65997892
1.30411033
0.75225721
0.87121040
0.70831224
1.38827010
1.14436210
0.76367767
0.68678177
1.09355491
0.76399169
0.82647397
1.01067681
0.75243918
0.94011402
0.48363988
1.43179407
0.48121117
1.07772827
0.88245717
0.92167953
1.31598313
1.77020100
0.96621375
0.50020853
1.05758346
1.22145770
0.90969337
1.43115691
0.80272215
1.08171777
0.94952710
0.51670620
0.79801962
1.04169638
1.01892990
1.19100287
1.00671376
0.98005852
1.18139663
1.31737838
1.50604193
0.82890869
1.27984116
1.10741406
1.28219242
0.99217988
1.59873196
1.20454704
1.11868267
1.10262224
1.28130583
0.96698612
0.94532358
1.91709144
1.34604688
0.81753524
0.75696327
0.80066580
0.55039976
1.29660644
0.85947217
0.76378715
0.71933819
1.10879146
1.02953908
0.91492531
1.10526988
0.70066162
1.49148398
0.34772355
1.06557658
1.25208087
0.74220403
1.24854780
1.03872119
0.99113069
1.18113896
0.78881837
1.26645533
0.86579024
1.05703965
0.77561482
1.42550619
1.06458148
0.94402423
0.86108060
1.09967851
1.38147450
1.01174449
1.33017535
1.45406958
1.06226609
0.82887912
0.99471688
0.81137975
0.90023635
1.11501782
1.11311353
1.00728237
1.15623558
1.87668278
1.14053995
0.99064262
1.62956005
0.81667797
0.58543500
0.75876071
1.06340886
0.70592796
0.74851364
0.96586093
1.38082098
1.35466709
1.01969633
1.17411394
1.31282580
1.41813699
1.32539286
1.19846709
0.75928151
1.10880363
1.31428605
1.50679148
1.12738811
0.75674253
1.58224406
0.80501485
0.53783164
0.89793880
0.59261059
0.96927132
0.64443103
1.17815961
1.24270841
1.41469533
0.94793172
0.96805049
0.93300005
1.28476578
0.64640627
1.52583299
0.68787847
1.20236026
0.55571257
0.92222113
2.48354220
0.43515506
0.59779547
1.26826568
0.45359303
1.01917750
0.75187190
1.17537123
0.61057300
0.86979073
0.94094980
0.91380232
1.11482581
1.15605745
1.09758499
0.72967248
1.03372175
0.74002896
1.25446720
1.13041812
1.48783515
0.76697975
1.25510259
0.63938505
1.15808481
1.00654274
1.12743275
0.76765690
1.16129825
1.75229569
1.32436199
1.42272057
0.90062168
0.70784945
1.62058091
0.86750716
0.91062740
1.80327661
1.07955715
1.70619070
1.14298539
1.15520206
0.93814604
0.73022279
0.59984979
0.73874830
1.32048420
0.72360511
0.85849939
0.87831844
1.09369665
1.17933458
1.29448468
1.27415622
0.73115428
1.76342528
1.20430219
1.00425686
0.55019173
1.86225304
1.17388120
1.03730422
1.50821359
1.38486477
1.14644513
1.12102391
0.96693884
1.04535351
0.86712310
0.77507671
0.74885306
1.24224676
1.00189499
0.89639740
0.86236186
1.10902265
1.13549968
0.48849762
1.53287238
1.24233854
0.89721496
0.66476043
0.71237752
1.29012555
1.12385705
0.89468375
0.34368656
1.03601712
1.26326498
0.89591149
1.45572281
0.60282714
0.91609823
0.95090473
0.47221539
0.61624895
1.56974013
1.33511198
1.16737897
1.03979435
0.91767268
0.99069885
0.87631769
0.57900110
1.00684938
1.35067097
0.95369926
0.83483190
0.74664315
0.39543789
1.00835227
1.26491387
1.27727909
1.09880312
0.94578970
0.73416249
1.10330201
0.51693651
0.92517943
0.72970215
0.74678334
0.97319865
1.42631476
1.04460352
0.73949892
1.08559005
1.40887825
1.21965663
1.24615872
0.62820453
1.27297318
0.90300860
0.47345382
1.15763562
1.00240345
0.75645190
0.86790019
0.68509520
1.16483059
0.82312757
1.24165061
1.14350942
0.89450369
0.91141103
0.82986456
1.40847857
0.89807378
0.99749280
0.59111568
0.63838428
0.80186866
1.23899076
0.66799775
1.53877660
1.58614014
1.25765961
0.62756147
0.66697920
0.50294407
0.68079261
0.98972447
1.14995035
0.67085422
0.93270879
1.67646314
0.63155628
0.81444493
1.30585058
0.97037323
1.16749618
0.71619621
0.90418926
1.45254792
0.94660833
0.38205016
0.84604543
0.91822144
1.14540677
1.09397789
0.66384456
0.90925143
0.97354253
1.65161018
0.44022420
1.57599189
1.35447920
0.86128880
1.25328917
2.00652432
0.80653000
0.86005160
0.79056697
0.57062078
0.61329226
1.55203251
0.63159199
1.35397911
1.21751488
0.62475819
1.29021138
0.86442951
0.84986414
0.96470250
1.32066986
0.60273341
1.24279138
1.24674705
0.92314953
1.60372672
0.82632034
0.84450820
0.75219648
0.56980079
0.95639940
1.01708226
1.10213110
0.49166117
1.03062739
1.26294262
1.81821749
1.48973707
0.63659187
0.77809552
1.39721514
1.09544123
1.41575947
1.33593339
0.69823472
0.81476152
0.77209937
0.77858743
1.41229428
1.56772081
0.83376855
1.25155874
0.93828315
0.72551977
1.41463143
1.50787574
1.56563090
1.59510088
0.32800249
1.28363262
0.79942097
1.32820387
0.73688072
0.61184376
0.36882970
0.77325602
0.78184723
0.82271549
1.27508857
0.78455374
0.49210902
1.19889189
0.82015089
0.78810950
1.17719207
1.42227560
0.95983234
1.04091135
0.80117286
0.68019348
1.51901395
1.06348560
1.21312483
1.17793150
0.39503770
1.14605468
1.16313249
0.45906553
1.27939346
0.64383527
0.72421439
0.87699686
1.40779050
1.06594723
0.77764267
0.92642784
0.84513176
1.04692830
1.13123092
1.92378843
0.58013595
1.17797778
0.57721729
0.92876859
0.69994761
1.02882021
1.42840409
0.80092024
0.87269107
0.86990021
0.98856697
1.05169082
1.34533508
0.96456880
0.83671922
0.51571214
0.73363742
0.82057885
0.74234719
1.59622305
0.68467244
1.33598261
0.69638783
0.90543253
0.68977309
0.60653500
1.36592297
1.54492875
0.65363482
0.80050854
0.68177433
0.65731908
0.81970747
1.49135666
1.31684281
1.08472721
0.51016578
0.55291822
0.94825334
1.10148234
0.35335951
0.64692345
1.36042993
1.20565786
1.10373575
1.75040192
1.03858366
0.59988207
0.85646035
0.87417949
0.75506228
0.71458324
1.23254379
1.01055495
1.23767758
0.83572945
0.98005188
0.64353011
0.97364743
1.86992373
0.67261718
0.99216166
1.88565056
1.45578166
0.76070261
1.00116688
0.94434131
0.72505902
0.98766747
1.02938441
0.33467912
0.57356323
0.81059999
2.41261634
0.81596615
1.06253464
0.57955831
0.55081063
1.06226851
1.43797437
0.83291851
1.14415797
0.97192928
1.89246313
1.18428048
1.52600451
1.81866909
0.78482914
1.11462026
1.56218519
0.82679280
0.88237055
0.51179369
0.57450465
0.83091771
0.28206689
0.70668425
1.01095816
1.82622206
0.98909632
1.20002169
0.68016335
1.68551653
1.46011749
0.91127848
0.83930850
0.58017210
0.94130597
1.69484520
0.80814272
0.58532364
0.78452527
0.86045685
1.16797791
1.01746368
0.98583419
1.01745975
1.01123107
1.23565248
0.93146936
1.40867316
0.63043133
0.65672625
0.99770386
0.98159852
1.15075049
1.58093126
0.90638599
1.09367337
1.38138136
0.82001405
0.93855980
1.28736274
1.28612156
0.76189674
1.68855355
0.94048688
2.13588104
1.15430357
1.28925370
1.25086288
0.73454743
0.91250179
1.04999748
1.29586933
1.07717729
0.89520645
0.91193403
1.24219237
1.15238161
0.65910219
1.00176515
0.63280234
1.58169446
1.02904291
0.92689656
1.44953320
1.03643167
1.06329060
1.64231274
1.04608514
1.06362327
1.17162499
1.52324809
0.62206382
1.03594678
0.50842651
1.21137025
0.72525458
0.78121766
0.95318711
0.89150106
0.80179651
0.68684567
1.52218972
1.13825635
0.64753232
1.11107439
1.15260941
1.13139874
0.57845463
1.22646558
0.52230670
0.61825239
0.97254990
1.11607399
1.17392755
0.63980584
0.59991707
1.23454667
0.60795234
1.12125467
1.05503959
1.54605148
0.92109942
0.87313406
1.10953382
0.82603770
0.87961294
1.18013915
1.40416366
0.93932675
1.38615214
0.90250203
1.06917106
0.52928590
1.13033342
1.16748834
0.78937973
0.60780150
1.21188325
1.78354109
1.22737339
0.81583991
1.01003901
0.46883502
0.91027717
1.08963512
0.85101889
1.07430319
1.50422227
0.86215522
0.86404126
0.96639425
1.04535617
0.46268797
0.90451015
1.32594666
1.12282695
0.74931450
1.51762700
0.54329514
1.60824355
0.88410528
1.29903676
0.84994175
0.39149029
0.73946404
0.76651102
1.33961765
1.12108496
0.75325567
0.97023971
1.33887116
0.71095162
1.21606661
0.74978054
0.60855710
1.44890856
1.34651459
0.64747814
1.78484683
0.45817252
1.66891895
1.06232152
0.44796684
1.36799343
0.83066750
0.64878813
1.32274401
0.73506745
1.76461491
1.32061596
0.65690345
0.98067364
0.41026496
1.06683904
1.40586524
1.41581393
0.92815029
0.61522954
1.63135658
0.26569650
0.58295303
1.90501215
1.74485014
0.89275299
1.37691065
1.55745002
0.77743442
0.78766529
0.87381022
0.90318286
1.17237419
0.70486471
0.81240493
1.27995924
1.05809653
1.31262163
1.04064548
0.93830552
0.27979295
1.20357503
1.33574958
1.39886554
1.03352910
1.02233279
1.25420335
0.67685960
0.82434332
1.36965642
0.70828427
1.04442854
1.01488317
1.03542524
0.67839574
1.54181450
1.14189441
0.90259617
1.33197723
1.17569937
0.65697913
0.83780320
0.80802311
0.78043758
1.36344444
0.96661540
0.40976016
0.53797735
1.37953283
1.05789499
1.60079511
0.51093656
1.03840109
1.13850030
0.66345928
0.55213595
1.24781340
0.78916565
0.69462430
1.34633708
0.67662447
1.06674157
0.79455756
0.91361850
1.22004732
0.47176906
0.63554137
1.20043772
0.85748493
0.94692665
1.27709668
1.09570401
1.08106587
1.07667773
0.83274901
1.16436971
1.36298876
1.55031066
1.27956394
1.50997938
1.40242981
1.30838279
1.27138618
0.81983596
0.73631381
1.24501686
1.13605021
1.42710600
1.42373010
1.20448531
0.85742711
1.47222440
1.68876216
1.20665709
1.30912547
0.86010126
1.61433955
0.87635640
1.03393918
0.61712423
0.46122807
0.91046808
0.76579567
0.85649621
1.15097406
0.92706842
0.81046883
0.90995442
0.81826908
0.50194118
1.55430902
1.40418016
0.96492044
0.78590204
0.61233390
1.38874011
0.98419887
0.78250673
0.66401179
0.70153927
1.49195711
0.63606013
1.08946901
1.15409508
1.12244784
0.77037549
1.00760018
0.83337372
0.78204925
1.05775314
0.92942421
0.89590966
1.20168640
0.58505899
1.48937452
0.72340674
1.10019742
0.73826891
1.16227242
0.88304282
0.94628365
0.64445444
0.79263571
0.94186845
1.29373902
1.44505343
1.47702683
0.48337881
0.93617496
0.87499629
0.93074262
1.34479093
0.62322886
1.01389711
0.45689042
1.05869726
0.87565561
1.03181630
0.54664201
1.03460968
0.81296152
1.21435763
1.29001472
0.66539393
0.61929274
1.07500860
0.72645848
1.32273325
0.81233109
1.00370214
1.17911219
0.75686736
0.68729793
0.77758220
0.53316883
0.73886448
1.03760841
1.90959530
1.27565957
1.42157396
0.73254200
0.52665690
0.67732388
1.25951567
1.44716757
1.09496598
1.13821744
1.79515475
0.72907357
0.82655922
0.76739310
0.75008701
0.52407050
1.14954188
1.14654333
1.01016654
1.00625584
0.84291696
1.40765676
1.04926630
0.92300934
1.16051283
1.07253044
0.97477689
1.31487860
0.59445811
1.72444720
0.73056463
1.27157511
1.24621229
1.19832646
0.69631566
1.38443442
1.12568390
1.29993091
0.70588777
1.34104425
0.66231088
1.12141901
1.39489439
0.47536193
0.35380903
1.30164503
1.01726238
1.11256487
0.98900493
0.72058850
1.26223360
0.96544765
0.71117919
0.72141734
0.93265865
0.87168703
1.36698601
2.07694270
0.72257618
1.45312437
1.19974464
0.86167237
0.54019740
0.60593083
1.24505009
1.06957786
1.19642369
0.89230585
0.94816143
1.71042216
0.88485220
0.76558213
0.89155682
1.48512866
1.05666533
1.42585570
1.32944484
0.62293358
0.77941268
0.86872295
1.14844979
0.86891218
0.58665951
1.33757425
0.89040928
1.35888230
0.77626129
1.14957004
0.46601831
1.08290290
0.45115293
1.07232412
0.57689200
1.20436815
1.23918986
0.85158557
0.74478311
0.87947583
1.50689548
0.89311697
0.79618127
1.22185086
1.11345095
0.91009818
1.35355666
0.66858447
0.67340718
0.87691882
1.03822196
1.28534417
1.01349479
0.72799663
0.84901845
1.67081463
0.99562437
0.65919416
1.34843096
1.29431350
0.60060359
1.07004193
0.95230452
0.75795164
1.64879253
0.91066073
0.90567962
1.23834891
0.64258227
1.42353810
0.83452066
1.12466963
0.79559940
0.97052182
0.45531736
1.10789478
0.97503905
0.60524200
1.12200046
1.01644338
0.85103567
0.72768720
1.34295800
0.99995969
0.70575986
1.19214480
1.02212533
0.80522352
0.42368808
0.68285494
1.00482317
0.64942654
0.92631275
1.54667139
0.83682104
1.23657806
0.91897221
1.46000783
0.86155535
1.18871933
1.32639987
1.09330234
0.90104897
1.09744711
1.01740402
1.99451940
1.25792374
0.87398298
1.93449739
0.89253804
0.54668351
0.65004064
0.72732491
0.82418547
0.93483265
0.71684552
0.38525383
0.58691184
1.72442757
0.76850769
0.99481659
1.19542001
1.04830234
1.07522539
0.56755343
0.61790263
0.92798189
1.36395426
1.11236604
1.37742565
1.16286583
1.03640260
0.99463417
0.83144891
1.42259975
0.78676652
0.78192601
0.61906325
1.64974149
0.76832414
1.03299709
1.06115945
1.70484998
0.70135214
1.37902946
0.64579382
0.81254924
0.70571728
0.89164048
1.13278765
1.38074153
0.82195319
0.90726065
1.74091806
1.31166474
0.64786642
1.12746735
0.93903419
0.59903388
0.56610287
1.52196295
0.77453849
1.47875345
0.57034285
1.00979118
1.31135749
1.14553263
0.50311141
1.28168175
1.06617592
0.90461761
1.51168733
0.98323014
0.90337892
1.26878836
1.59599242
0.87706024
1.32367505
1.38859323
0.63304635
0.72757750
1.19985334
1.52496253
1.43622767
0.98267693
0.26493618
1.46603436
0.70275327
1.38694130
1.02153017
0.97545221
1.29281035
1.72536479
0.54994284
1.37326114
0.87527245
1.03945746
1.20819300
0.77288812
0.65419991
0.60807822
0.71135116
1.07395943
0.80233993
1.49519951
1.33141313
0.93594002
1.06325370
1.49604916
0.61514852
0.83462443
1.15728646
0.67397263
0.80370203
1.43169013
1.00614928
0.71648754
1.01933317
1.32361307
1.70723767
1.03907941
1.29132391
0.87607668
1.19635314
0.87206508
1.12253715
1.63628365
1.18765543
0.96819196
1.23960000
1.73953633
0.52959090
1.04181332
0.90678143
1.30942187
1.08029352
1.31806084
1.36358458
1.48646136
0.56997167
1.16506794
1.00319899
0.51494403
1.55678292
0.67895248
0.85715692
0.72514441
0.70635577
1.46998894
1.35629379
0.83678217
1.37783362
0.33616829
1.48352913
1.00759120
1.01615325
1.14115187
1.28287664
0.71935636
0.73994089
1.53058723
0.60704579
0.83358150
0.58045001
0.90163533
0.86593043
1.02229689
0.88546426
1.43902430
1.23988727
0.81847438
0.94407031
0.97899237
1.04814755
0.57758991
1.04545911
1.35687478
0.91655621
0.93803571
1.34229938
0.97791759
1.71069201
0.82418854
1.13252000
0.67109024
0.97695157
1.25693948
0.95685061
0.39376030
0.85155259
0.81235121
1.40625297
0.82080790
1.30670574
0.91824261
1.22433249
0.99071196
0.93572536
0.74609575
0.58751531
0.43387785
0.94514190
1.35330852
0.69768219
1.05648890
0.81347963
1.06630314
1.07158939
0.57739808
1.39714274
1.47486249
1.02550180
0.60415737
0.86639964
1.41889094
0.77593444
0.99806328
0.72397707
0.63315291
1.02623800
1.28809857
1.48079557
0.54531358
0.48819038
0.76508547
0.97196987
1.37630532
0.82217125
0.72512422
1.51166359
1.29104429
1.58482267
0.48604125
0.97650940
1.44794050
0.98667283
0.83993097
0.71315656
0.73817935
1.49463248
1.08392602
1.03031499
0.99471748
0.57027102
0.73826802
0.72594019
1.20045860
0.73048074
1.83148346
0.64891125
0.97476235
1.10588196
1.03647812
1.15285695
0.55228012
0.99411795
1.25494215
1.16354289
0.82311590
0.96673968
0.62984152
0.98340060
1.09479148
1.13336811
1.23963378
0.81648734
0.59958770
0.58732112
1.06565758
1.26974640
0.91500900
1.64544619
1.61751995
1.03433053
0.86244435
0.57066384
0.68902882
0.77546237
0.74046440
0.77573312
0.59691745
0.89236979
1.09932087
1.92125445
1.28153513
0.77389580
0.84584782
1.42353464
1.49822962
0.75791516
1.02863424
0.69364431
0.93274285
0.84075073
0.80753151
1.43363822
0.55667950
0.86949330
0.62071074
1.05086821
1.01101467
1.15784408
1.47551577
0.96325953
0.57440211
0.68176182
0.78044480
1.10392421
1.61194138
0.99021264
0.63605893
0.67270150
1.21313825
1.96817815
0.77967828
0.78902643
1.11186884
0.62154776
0.52086270
0.82367164
1.04304751
1.55215373
1.20968577
1.36734670
1.31037786
1.06180219
0.36653721
1.21785314
0.50109300
1.03176069
0.64002013
0.71980147
1.04425330
0.94009136
0.94516883
0.62757686
1.43642518
0.73132755
0.97477107
0.87940645
0.77399399
1.28277142
0.67764315
0.73554904
1.13161569
1.24261598
1.07940336
0.59953626
1.48703334
1.09118066
0.63831330
1.01375928
1.02741609
0.67169575
1.46295134
1.11354535
1.16644407
0.73524901
1.09235297
0.89740098
0.84565492
1.27683663
1.77719644
1.36560971
0.58648971
0.82167131
1.06338629
0.97505388
0.62500029
1.45264756
0.95375537
0.69570068
1.04539434
1.21303412
0.74177138
0.72548503
0.91765046
1.00447139
0.95840985
0.97463113
1.05159510
1.20294063
0.72473844
1.16547966
0.90620446
0.85594018
0.77189431
1.21518141
1.08731453
0.70633866
1.56554477
1.10338101
1.37862377
1.04590452
1.04938687
0.87160352
1.10327405
1.62051679
1.60262379
0.82735732
0.75042170
1.10306918
0.85641597
1.14043643
0.77167216
0.75385184
1.31218628
1.38462822
0.89125243
1.00153783
1.27871372
0.94882557
0.85318105
0.93393521
1.64714561
1.24819478
0.98963671
1.54975451
1.14790119
0.99587103
1.37790979
1.27187215
1.00932701
0.45706369
1.22298741
1.22564692
0.79216806
0.67409200
0.92677009
0.75823254
0.95044155
0.85710427
