-40.89607802
1.21126406
0.41297152
4.81140567
0.50996630
-2.53212561
0.27475718
0.87764710
-1.28130234
0.05206321
1.10906208
9.17867327
-1.34466542
-0.27438699
-1.53798059
-0.05251359
-0.60296292
-0.85328302
268.59776502
-0.85324756
-1.28637373
-3.23122889
-0.18099024
0.84256390
0.82812319
0.10810320
-0.79648684
0.61110815
-1.15803908
-0.23114678
-0.06413735
-0.40648699
-10.33919261
8.17930222
0.72628933
2.70816621
4.26792269
-0.44939362
1.43323581
1.14723887
0.17794753
0.35367399
0.84487794
-0.02737502
8.33248838
6.46233130
-4.09062067
-0.20322031
0.75142591
-0.74250071
-0.42702895
3.44719817
-4.06686849
0.37207628
-0.28308995
0.16487641
0.71801840
-2.10428791
0.12886012
0.27758955
3.78067716
2.70370528
15.94819924
-0.13403458
-0.48632507
0.25264189
0.50715543
-0.74444823
0.39747612
0.24863247
-0.29848830
-0.61156477
-0.83103923
0.81385258
-0.18294485
1.53610030
-1.49441046
-0.26606861
1.56927261
-1.58637960
-0.25072541
0.43703636
8.26010401
0.19354813
0.90672973
0.54563161
0.89183930
-13.08524029
1.63343809
5.90217020
1.28969040
-2.72869845
-0.11167230
9.31495374
0.74588652
2.01456113
1.06462157
-1.13892831
3.58818156
0.51722042
-0.58756127
-2.21184166
-1.03539786
0.22290622
4.39157524
-0.46836457
-16.94449007
0.10410846
-0.32506620
10.19534404
12.62672787
0.92031856
0.89954351
0.17614220
27.72235979
5.43412291
-1.83669948
0.36966628
0.02412159
1.38681994
-1.58519850
-0.61534193
1.55537685
0.49847470
-0.96734069
-0.22384838
0.61126463
13.00385649
-0.08506226
-0.09686139
-0.41194074
0.51803751
0.44549628
-0.48032023
1.29139891
-0.13226410
-1.66071382
0.38821589
-1.78896905
3.54827818
0.69288247
-0.11296588
-0.01832744
8.04146761
0.31602260
1.20939022
-3.57433396
2.45359633
-1.20552930
2.29747256
-10.43844150
0.77006013
-1.06757084
4.11049169
1.45523700
7.11625245
0.61243201
0.22445140
1.08254503
15.55204061
-2.02005115
1.70337942
3.36952932
0.23037716
5.31749560
0.16733722
-1.34117811
-0.23933050
0.32745299
2.78636374
1.46654361
0.35925893
1.26008547
1.68537599
-0.07679924
-0.00931130
1.54124378
-22.74419139
-1.01731001
-66.00420312
-6.05889004
2.11316880
-2.33540918
-1.85463066
-2.87854483
-0.87811682
0.44899966
2.61678194
0.52823806
0.44011679
-0.96081588
-0.76136221
-0.17043945
1.34986236
0.39631110
2.03056922
0.51060711
-1.20543794
-2.61519436
-0.32218305
-2.61132254
-0.15817457
-0.38242110
1.42656222
0.09225762
-0.25435903
-0.29351125
0.96041563
-4.89859790
-1.11702674
0.43576146
-0.64023577
-1.18935440
-0.02214732
-0.05800679
0.37223173
2.21622246
-0.07739722
1.58382510
0.79114921
-0.74362878
-2.29963752
-0.79785990
-20.10115669
-0.41267794
0.16192885
-2.31223267
3.72657580
-0.14367317
0.52346056
-0.12435089
-0.03584575
0.88342123
-1.39656439
-0.91201485
-4.45188359
0.21685575
0.11733624
0.34636416
-1.53034393
1.17316322
-0.10517859
-0.39429255
0.90866865
-2.58950753
1.45433581
-16.21225886
-0.39948740
0.70475806
27.33007738
-1.22557822
0.13127707
1.30919210
0.92494036
19.77002075
-0.84548228
1.63537324
0.08315192
5.03321986
-2.62005388
1.45603235
-6.73224762
-13.58179458
0.44463351
-3.65649496
1.98195531
-0.23123614
-3.44259614
-0.90650978
-1.11307466
-0.09440667
-0.02119465
-1.77424799
-0.62064436
-1.45633752
0.83380071
2.00076596
-89.03302447
0.07625165
-0.02131698
0.34920268
-0.19281313
1.72337197
-0.34304722
1.89182154
-0.43588991
195.60801776
-0.50469481
-2.58668623
-1.82393231
-0.09680750
-0.26345020
-1.07888878
1.65617592
-2.05420370
0.16088008
-9.29934520
-0.70398756
2.35139017
0.30419160
7.82620741
0.26927750
-10.33059898
-3.92408013
-0.67002001
0.29615422
0.22046207
-11.83285885
1.55178653
-0.54598188
-8.96210282
3.54055553
-1.96692429
-1.31665752
-0.05164265
0.40561417
1.30997329
1.23004733
1.77589497
6.19719249
-0.73075406
2.63766751
1.23277913
-33.51849525
-0.97555582
-2.48065206
1.97382078
1.16629675
0.41427373
-0.59129934
1.46724723
0.05752193
-0.75610295
0.75031291
5.34674028
-11.53258326
0.11602391
4.50989166
12.85761057
-1.49023289
7.13491172
1.45399190
0.05517127
-9.73707044
-0.75203794
1.42911507
-2.44865134
-0.81748447
-0.70634583
8.17503284
-0.11093948
0.16225925
5.55862805
2.94196829
-0.05576976
7.42305211
5.97332701
-0.02793028
1.05171780
0.74026595
-4.79739004
-0.88045503
-0.25368269
1.95622174
-6.37551427
0.21359590
0.01537999
-0.74533492
-0.78953910
-1.48415500
-2.73676779
3.26328569
1.05223470
30.62041960
1.81231785
0.63346429
-0.01386602
-0.10984625
0.86316343
-3.84552028
-1.37129202
-0.51617849
-4.37582149
1.00870626
0.99238113
-3.00735094
-1.89853300
-460.63542770
-0.50998922
1.98418266
9.02428767
0.17884207
0.15181734
0.53240503
0.76299945
-2.34290132
-0.23807657
-0.39037083
-1.11402356
-0.08603162
-0.77400349
0.05284319
-2.47203521
-1.88564034
0.43666033
-0.08479428
-9.65320453
4.68917147
4.46725044
-0.03996526
1.11243241
154.03663193
-1.17821987
1.81362485
0.28790846
0.14423847
-2.32252975
0.41938610
-0.38845178
0.04938388
0.50271560
-2.46725448
-0.39735786
-0.10266386
1.26694120
-97.65117253
-0.16428852
-2.68828455
-0.64742934
-22.79161870
-5.67124293
0.14124084
-3.96322557
9.07785397
4.91522951
-335.73105552
0.09585156
-2.23628001
-0.52769270
3.26072523
0.77486259
0.00591156
1.01319339
-1.22020967
-0.59565502
2.20896028
-2.32810404
2.66013324
-1.46749189
0.59123306
8.75858523
1.45925429
-0.74765500
0.82422543
0.39047915
-2.82092582
0.99571599
-0.22342396
0.64502828
2.41650142
0.36527357
0.32857099
-2.54286404
0.12131997
-0.50666216
-0.01387174
0.14569854
0.27391996
-8.23783506
-1.13075695
-0.36585044
-6.60043009
0.65886769
0.44852888
-0.23431581
2.10691855
-0.51206784
0.07999096
1.23280975
-0.17419943
-2.25864439
0.34955913
1.18182606
1.09029236
-1.68182298
1.14492283
0.24749560
-0.64342517
-0.30689353
0.04586863
1.09805040
-0.07802718
-1.11347095
1.09475904
-0.64886305
7.26025083
-7.69195534
-0.08280687
-0.46374404
-0.13584227
-1.32988521
-0.33113195
1.32726050
34.80640842
-0.05470724
-0.61761722
-0.38194462
-3.16302854
-2.24681828
-5.62261946
-1.52111094
1.34669595
0.56423817
0.21953797
3.35955012
-0.24478976
1.53674238
-6.56540898
0.62684701
-0.05139793
5.52696343
-2.89607975
-2.24749098
-3.83569583
-19.50081029
-3.04029873
0.48306699
-1.90624491
-0.30927011
2.36014968
1.44962256
1.56019032
0.91897432
-0.52723216
0.37390036
-5.24761892
2.33614587
7.30144143
-4.09506149
0.40043682
1.61453272
0.23337092
1.73493405
1.17270292
2.09254126
1.01156939
-21.52076029
5.78382571
0.66269466
-3.18486800
-1.45809221
-0.72884319
1.47826849
-2.04584600
-2.24497989
0.73943202
-0.08769433
0.01073036
-1.52724348
1.49944894
0.36384836
-0.56781971
1.28150373
-0.62777061
-0.13218460
-0.95518375
-0.73981391
0.38602306
-2.01957290
-2.51539021
0.29302030
1.41936398
0.81754971
-1.06976555
2.61133355
-0.00649901
-0.08587004
1.07889144
2.98330445
1.12080440
-1.16700390
0.24176654
0.52153401
-680.01327531
3.30958988
0.70833257
-0.59036631
1.48248488
-0.37141727
-0.58731521
-3.73351350
-0.81763354
-0.29733877
0.01478012
-1.04242778
-1.99657857
2.17192747
-1.00564414
3.46645210
25.39088574
-0.08132916
-0.09177564
0.29321357
2.75546254
-2.50860775
-0.20503362
-0.97637083
-4.14641750
-1.19596278
1.93258591
0.16274998
0.44184628
-1.69861698
19.66325229
0.27167494
0.07870609
-0.06841748
-0.30696698
-0.02430111
-3.04165511
0.56329722
1.27088045
-2.37096445
-0.79974457
-0.43407000
-0.72544761
0.18051536
0.26697462
-1.69019380
-10.62729329
0.35718172
-5.94702759
-0.96059822
-0.16164665
1.27047306
-1.47015377
1.10697987
52.08727820
1.75658488
3.02929078
-1.29545811
4.12385661
-18.43928229
-1.16522097
0.11680224
5.37795016
4.49035292
-0.50867813
0.96267147
-4.06068247
0.82571032
-1.18707538
1.29275347
-2.56511183
-0.99514988
1.08200374
-1.64127055
-0.42114799
-0.40361211
0.29684912
1.65591950
2.43519421
1.58026366
0.90605722
8.64404629
16.39148908
-0.00030507
-33.19833876
1.97023397
0.25192900
0.96139875
-1.36057965
-5.62690902
0.66787575
29.50299688
1.30743920
0.39351335
-86.52668776
0.69470652
-0.77363969
-0.45946153
1.70003451
-0.33106557
3.09424719
0.18367953
0.01826384
-3.03657379
1.31106635
-11.01424732
0.74953635
0.44216992
-37.99904985
18.04479504
-3.16619439
2.65184103
-0.99887165
2.64126898
0.18081621
-0.08983717
0.48332166
0.35760031
0.23363897
23.43300540
8.76605618
2.06615336
6.61997901
0.11617360
-0.07868188
-1.56653425
-0.23482480
0.69692055
0.01055764
-5.00917016
-34.80964997
0.58441210
0.66839425
-0.44454830
0.72462887
0.21053449
0.26205137
0.10174884
184.09953543
-1.06258469
-0.97295564
0.44157223
-9.58029719
-0.44236599
25.55188561
-1.00275253
1.63361688
0.09303494
-0.00750590
-0.39809525
0.21317083
1.01909216
-11.75228869
-0.24398607
2.30810623
5.36040165
86.72343622
-0.63171059
0.38763637
-0.21340794
4.54388657
0.05216829
-0.48643686
0.60908818
-0.33980362
-1.07556357
-0.70368855
-0.88025281
-2.67083595
1.24371756
4.36852803
-3.38738255
1.11655790
4.54494395
1.26702114
-0.19918641
6.62102920
-0.79660639
0.41033120
-0.20793321
-0.21279311
0.45137940
1.17441410
1.03262142
13.32659198
4.06712204
-1.73043034
3.00610849
-4.03059849
-0.81935581
-2.25502161
0.68949677
0.84074716
9.38940214
-2.36361701
-0.30363954
3.44982827
1.74224667
0.45081652
0.61205632
-1.86892448
-1.02760005
0.21630987
0.48064249
6.55750493
0.11322391
0.40868131
-0.84033838
1.19256610
-0.36218269
11.58039307
-1.17736994
2.67371461
0.95309280
-2.01523942
-0.22599710
-0.84964546
-0.82532408
-0.92261835
17.03806209
0.58475385
-0.56016296
-24.58440624
0.07061763
21.04235869
-0.74391497
-0.70767901
1.50798949
6.21427964
-0.93201735
0.48431540
3.78090054
-2.66049935
-0.69514170
5.26559593
-15.47565328
-1.86116939
-0.53821525
-1.78019406
0.29602266
1.52632736
-0.24487317
4.41507562
5.98186278
-1.56344514
-0.26397651
6.31484595
2.47031827
1.14585772
-0.77982881
1.08132471
0.31818111
-4.60246918
-0.80762006
0.37136324
0.11923664
-0.90326685
1.26031812
0.67140997
1.72982125
0.85781723
50.07727006
-0.10908307
0.05785707
0.54891150
0.22523702
0.05251788
0.65210137
-0.93430872
0.27926338
0.91216893
9.83070254
-2.00963293
0.99484590
-0.81034272
-0.44438645
3.84554473
-0.86017319
0.90507536
-0.00408577
-0.08355166
1.57441579
-1.58478082
4.12152920
-0.64723956
0.09522628
-0.46163038
-2.36625729
-0.45413592
-1.55837785
0.49449287
-0.11800126
-0.06518468
-107.32768228
8.39237268
-1.30411679
1.65115362
-0.93358740
-0.84828600
-1.93373393
169.41437847
1.53902262
0.00219235
-2.49273575
-2.67650403
8.00068981
0.11852555
12.72975269
0.24140133
-0.86749811
2.24537153
8.17984043
-1.84405071
0.02393256
0.16911609
1.20183501
0.56099093
20.15382156
-2.22757292
-0.94323722
0.61740519
-4.71434904
-0.33857409
4.61578455
-2.14886087
-0.36138378
-1.42880935
-7.49416479
9.79380619
100.02618404
-0.50409901
-3.14645158
2.10345516
0.33656492
0.17164211
0.56547502
-7.39359770
-2.42292016
4.03686230
2.41701021
-0.44982470
0.90163453
-0.86057444
-0.99604104
-17.39142118
25.64927353
-0.27190330
-0.56580782
0.15683963
1.05580165
-0.16608262
1.68138229
0.37134237
-0.45345013
-0.34186313
0.12726157
3.38765693
-0.80293560
1.45998797
6.76799300
0.09829913
1.54604567
-0.77437842
0.60098068
-0.07246869
-0.30672032
-0.81607735
-2.11215297
-4.19278190
-25.09531729
1.08048229
-0.77099054
-0.00035593
-0.57585256
0.42802825
2.86105059
4.29649597
-1.03721072
-0.29945281
20.62219117
-0.47258579
1.13728287
0.22313758
3.02513739
-0.25988364
-0.35380374
-0.54010055
0.47715073
11.58343864
0.48897942
-2.60267905
0.29722883
0.26405996
0.41194082
0.13882600
0.85614989
-43.62963950
2.10950815
0.17894223
1.45071815
0.44656508
-0.11529689
-2.20527010
13.00159144
-0.28587851
1.18435391
5.62610899
-0.27850654
-1.05267763
-0.34758649
4.66241920
-1.17225567
-0.23160111
-0.65697924
0.97028993
1.54191214
0.13676003
1.66805908
-1.31001903
1.77168715
1.66683904
-0.90697180
-4.29895496
0.05561620
1.70860131
-1.47062156
0.74844967
-0.42582506
2.00611876
0.91937122
0.13775313
0.15080531
-0.69129088
-0.46323470
1.33319416
21.68238422
1.30228773
1.09969199
1.25359740
0.04659405
2.63914899
0.62109887
-0.96686197
0.07044422
0.66777426
-0.05277390
-5.70699016
1.37231425
-1.17395227
-2.24966155
8.61095394
-13.75709272
-2.68180511
-0.00009724
-0.32333772
-2.77933731
-2.57874991
0.49801396
-0.25066397
2.43393347
0.16610419
-1.14748277
16.71579873
7.92473049
3.07109422
-0.80527540
-1.51472591
-0.18884704
1.23959138
-17.49310872
1.17244748
-1.73496269
-0.18607002
1.57544870
-0.01031170
-9.72289955
-0.58705881
0.90888700
-0.89955555
0.07591750
2.34672726
-0.03549907
-0.66770019
1.00560601
-0.41594760
-0.16686065
-2.63219904
0.74126505
0.55003845
-0.77350239
2.60710154
2.75878414
0.83764616
-0.56245821
2.93255783
-0.54884810
1.43272697
-0.25348301
0.86308411
0.61514269
0.22758573
2.85914909
17.40042964
4.90394028
5.32243316
-0.69132711
-3.43215725
-0.69247131
-0.82453157
-6.99623221
-1.99740935
-2.33955243
-0.59805380
12.50228847
3.29708710
-0.86257906
-0.24729077
-0.33316350
0.69062176
2.91994316
-0.27346427
2.33420450
-0.21321520
601.01131629
3.58484807
-4.71384144
-0.93695370
-0.23318797
-0.41575308
9.66661648
-0.38564766
-30.87246612
0.63959889
-0.06817716
2.73641513
15.69258102
-0.11272039
9.32304713
0.84085538
0.16580413
0.53774953
-1.72663405
-0.76409160
0.26215481
1.91555772
8.79305474
3.68013282
1.73348012
0.51833178
1.56105785
0.43441527
6.90044241
-1.04494848
-0.01848835
7.83009840
-1.71612013
0.42825204
-0.16521526
-5.30069061
0.48905669
-0.61483439
0.12377279
6.53284385
1.52833498
-2.20612730
-0.29451974
-0.54303205
-2.58735130
-1.89605912
0.27861431
-3.33928197
0.26547812
1.42903490
0.03568461
1.88033008
0.12015512
1.74180257
-0.00952543
7.34882618
1.03223697
-0.14815518
-1.06473314
1.15687667
-2.61663707
1.27200964
-0.43876166
-0.15498002
11.46720310
0.64063148
-0.34669268
-0.36812963
-0.07366482
0.51315336
-2.18674478
-2.73141711
0.65895688
0.01781186
0.09810664
0.64658063
-9.05876064
-1.15158459
0.13009820
-0.20141751
0.27737068
0.16844674
1.33639845
35.40428250
-0.35902243
0.64327218
1.65216947
-2.24389837
-0.42544572
-1.83789069
-1.22033346
-2.05202834
-3.46270820
9.07915748
0.82120983
0.01461882
0.13363006
1.68019731
4.09547315
-5.05164221
1.11918124
4.64259581
1.66525385
1.73102807
0.60205421
-0.54306377
2.60005280
6.90674944
-0.58255559
-1.02486786
-0.09340852
1.47250355
-0.36078482
-0.00482303
0.50289668
-0.10337749
-3.24422825
-1.16963262
-1.39721925
249.41217277
-0.31814126
-1.67989069
-0.25647644
1.32480810
-2.56925604
0.64684509
-10.11758635
-220.81068375
0.53384369
-0.62443729
-1.05619172
-0.18533963
7.22021292
-1.24247226
1.68436191
0.12979871
8.31207973
1.07906751
0.08596223
-0.37623535
1.03297071
84.19802979
0.63707354
0.29281326
1.55183146
0.50943741
0.35227871
-0.17395391
-0.97454225
0.49885358
0.67405922
10.38513330
0.33901301
0.40857206
-2.93864250
1.00608328
-0.03563333
0.34814791
-1.35225959
-0.53048579
19.23681666
-0.51609884
-0.85365636
0.36165406
0.73614950
-0.60309263
0.09548618
0.78072230
-0.24175338
0.76176128
-0.64711246
-0.80045463
0.70645795
-2.24248582
16.62250652
0.51208302
2.27590627
0.37766972
-2.57727181
7.36047995
-1.86103660
-18.57214537
-1.83222077
-0.56306267
-0.06603562
0.09974510
0.91044665
0.07323713
1.18082947
-9.49989240
5.68481498
-0.91026777
-3.19107798
1.52233877
-3.01870981
0.18339726
-0.48001696
0.86965388
-0.26909863
-0.00985516
0.24185540
-3.33565432
1.03590705
-4.29482974
20.05335790
-0.01516303
1.45185557
-0.81490132
-0.45395695
0.59918578
-0.39005365
-0.75067071
-33.83369759
0.75874865
-1.26208206
1.97114188
-0.26677480
1.52240590
2.73250936
-0.61090620
-2.20621213
0.78467905
0.20860106
0.81439281
1.56082743
-1.58124704
8.43346094
-4.11048835
1.96655255
-1.85047172
1.01478638
2.77396052
-1.45630941
5.78947733
-4.57582572
0.58474606
2.25968083
-9.45956727
0.04160691
-0.05459182
0.10806360
0.35277937
0.55463380
2.02470449
1.82796919
0.07326997
0.98531598
-2.97485691
13.18709623
-6.30158855
0.16323134
1.61967299
-3.77322188
-0.12182249
-0.48024777
-1.81856267
3.55417802
0.09937419
1.92639439
2.14326409
-1.28225454
-0.20427568
-2.02145291
-0.76765469
5.76770651
-25.36646374
3.07263877
-0.65775226
-0.79802345
1.08389891
-4.04682099
4.23223075
-0.03437596
-0.69770488
0.46230337
-0.25948624
-0.58758605
3.96333549
1.23306495
-6.73064961
1.43720213
-4.80834507
-2.46184708
0.20118163
2.22512629
0.11069988
-0.67789180
-3.79409930
1.41758571
-0.29556855
-0.39536844
0.31900282
3.57476309
-0.19877798
1.90317590
-0.27890419
-0.61068986
0.54794396
-0.05397500
-0.60685878
0.07452814
1.13128535
-0.24622726
1.72595246
0.80991704
0.34100765
28.47569381
1.52648187
1.49959607
-0.68565165
-0.16001952
-1.83479417
-1.42339131
0.64007278
-0.76296744
-3.06556787
-1.75873546
-0.54933964
-4.56714950
-1.02519411
-0.64806155
-83.25355662
-0.34385306
0.98765814
24.01050806
0.63170670
1.48386847
-3.48890630
2.92496888
-2.71150876
-3.00308679
1.89555365
1.54584722
-1.72285445
0.81468240
0.73437988
-2.60357502
22.51034590
-1.42849482
-0.54322813
-0.05370009
0.43286119
-3.82114375
1.65907930
-0.09065637
-0.70242185
-0.50339742
0.31101991
-4.45672281
-0.96401596
-2.53301481
-0.75673374
-4.26901224
-2.63952546
0.34643907
1.04145424
3.27749396
1.82817574
-4.69924224
0.55229225
-1.60107830
1.22486414
-1.02288242
0.91354819
-0.36324206
-0.25939356
-0.94258641
-0.18727212
0.90141403
-1.51085821
1.29705683
-12.90041175
-0.06079949
-1.05364189
-2.37207254
-0.87611298
-2.12776007
3.13316283
0.36327538
-1.08717394
-1.07110667
-0.54504628
0.49628984
2.68264209
-1.73502449
-1.83265805
0.23848536
0.70660954
0.24577793
1.28976424
-0.44033277
-4.30525894
-0.90542653
1.47300063
-2.90345914
-0.09964461
1.54931429
-1.08577420
-7.02238338
-1.12470322
0.99660258
0.62134194
-7.47672553
-9.36545479
-1.43753723
0.91531383
-0.18241575
-2.91117600
-0.20820927
-0.17796735
-0.38603337
0.53094706
14.37634409
2.36385400
-1.13344035
-1.41069207
-1.53317505
1.46863382
-0.60518517
-0.83507218
-0.43405034
-1.96319373
0.38841701
1.21215811
0.36227459
1.57278263
0.52106507
11.41279035
0.06029720
-2.16507326
1.10408180
-0.55717479
0.06450807
0.38201627
2.63491349
-1.61275144
-0.95673356
-6.34724402
0.11533580
-2.61336731
-1.38293149
-0.19839502
0.17223167
1.93335449
4.39741864
5.89118330
-2.66072887
-4.13639986
-0.06712463
0.12583118
-0.84892465
-2.84338817
0.56629477
-8.40026453
1.49849254
-0.09449722
0.01783760
-0.18860177
-3.97306894
-1.69220338
1.32134835
0.58450598
1.31074065
-6.20707076
4.39088695
-0.61585112
-1.09554812
-1.58242214
1.79626393
0.03127820
6.63642440
-0.29152718
-6.61665891
0.13327411
0.16460473
1.53098803
-3.30672662
-0.19387844
0.17936283
-1.36829350
-0.57309690
3.94159431
-1.38701513
-4.89572977
3.20034900
-13.58664866
1.46163866
0.18610498
-0.59515716
1.23771406
0.15773187
0.48766899
-1.97553542
0.88853740
-1.42148220
2.64224653
0.71795376
-1.86755147
-0.38248951
0.10349441
11.51113758
-0.74340245
0.27364880
3.52758577
-0.98273668
2.22242651
-2.20363207
0.58719484
8.59316838
0.72141916
-0.26786404
0.51286600
-3.64494964
-4.57528895
-1.65169963
1.98811977
0.01255723
-0.30347948
2.48226963
1.44355575
-4.76358550
0.05098674
8.19680661
-0.90286177
9.80554362
0.70172625
-0.14015575
-2.33213655
-12.25210120
0.34754375
0.40961586
0.47168853
1.79396814
-2.62053930
-0.49243136
-0.60048486
-0.06766186
-18.50945320
2.24644933
-1.13454303
-3.67734622
-10.82390537
-0.83720905
-7.87812373
-3.58040773
1.05917905
0.32013564
-1.87842589
1.57932395
0.33622719
0.07633711
-1.21287014
-1.68795512
47.99698252
-0.28996605
-8.37555233
0.27220531
-0.98556755
-287.93575986
0.59946883
94.38044594
0.41456229
-1.15906971
0.11909953
0.68864122
1.06101742
0.54341610
0.73177690
1.02065563
-3.36063761
9.81155889
0.29357552
-3.18142193
4.45716446
-0.35460782
0.22612978
-0.41917916
0.56877882
1.71887475
-0.22897958
0.85756960
3.72414874
0.25251346
0.91176397
99.69784722
-2.52937387
0.99895266
-0.13326624
-1.05340806
22.17195937
0.12481500
0.96476434
0.82825430
-0.23616768
-2.65090738
-8.68444256
6.18966849
1.87084182
0.16814126
0.99437924
0.68901128
-1.81830241
-0.29916081
-1.39663877
-4.38832014
-1.15831462
8.23078179
-0.26128361
-0.33859631
7.52721880
-3.38228385
-1.17390806
12.97937321
-0.19260978
0.75466695
0.38376959
0.41804446
1.52733666
1.16726051
2.92611022
12.47464646
0.67318391
1.02896238
-3.10085903
0.08956389
1.44798741
1.47913014
-0.53504759
-10.40932579
-0.94217592
-2.18246015
-1.30898823
0.40958064
1.27844502
-1.92132179
-2.06361285
-0.96262809
0.67504248
0.50084338
-2.77269253
-1.89442895
-15.36577928
-0.16602055
0.87810602
-5.13845392
-0.83860463
-0.25839472
-6.75295558
-1.57339411
3.45299092
-0.90603854
3.04930878
-0.17374871
7.71015008
-1.39272549
-1.30037301
-4.55106847
1.18482215
-0.94196454
0.45286215
0.55934012
-3.32946648
-3.12360547
0.65859822
0.16049252
0.56824204
47.25767247
0.62317820
-0.26961848
-4.39013723
0.02434869
7.49938804
0.50791654
-0.66116212
1.04919385
0.75309012
-0.87862872
-1.19976852
-0.90342194
-0.06669734
5.29647309
0.19579703
1.33103299
-0.41934777
-0.33517024
0.29486317
0.39076637
-1.25746291
3.95449061
-2.02192111
1.28866103
0.93997469
-0.27440167
-1.27496288
-0.62208008
0.97982976
-0.03227490
0.02272906
-1.30384051
1.88506841
-1.78616416
2.61017969
-1.30609754
0.28579623
0.24283208
-33.09333192
0.43605652
-0.69702698
0.87664697
-0.12394324
0.00279291
-0.94719048
-1.58079427
0.60789872
1.77774872
-1.02184644
-0.00817802
-4.23704297
1.40365240
0.51505371
1.39538072
0.11343917
0.80280421
-4.44282613
-1.25673988
-3.43066796
-3.47562515
-17.44885808
0.04394626
-0.34520165
-1.73486202
-0.36963273
-0.10315073
-3.63826564
-0.10379568
0.66522069
-0.15076503
11.53142900
0.47709822
3.84525081
1.24555724
-1.50643267
4.26732755
0.68664625
2.63450294
0.35109948
-0.01383474
-0.67087520
-4.90519404
-3.65318465
-0.64539742
0.95059914
1.76188919
2.60956058
7.77826380
4.27741352
-9.35471241
1.44887681
-0.19010831
3.31845594
-5.16406221
-0.42907062
-0.07392573
-2.29003869
-0.13933646
-0.21081491
-9.87404533
17.94541699
0.81420727
-1.69298387
-2.01785254
195.42438327
0.92158822
4.88084113
0.02892501
-1.19435685
-1.13097658
0.86707724
1.77055192
1.93540951
-0.30222583
1.98553451
2.40611704
-1.59072656
-3.19854004
1.99809176
-0.53463395
0.51527740
-1.30455330
0.83298083
3.92850926
-29.28968256
-0.69512768
-0.28569012
-0.52406298
8.43735528
-0.87572028
-1.92125252
-0.82600639
0.41032935
1.33758484
1.98310819
-16.63513504
-21.58459580
4.94843264
-0.46775509
-13.25056323
-1.56262434
1.88701206
-0.91335463
-0.17195790
-18.33835727
0.58987281
0.45768482
0.39707420
8.25638570
-0.46534158
-3.24618228
1.16282706
0.09163364
0.37240078
-2.86457554
1.18235387
-0.62664571
4.06401407
0.06839505
14.55864690
3.13225787
-44.37143112
-54.10973764
0.66768574
0.16789842
2.96291031
0.34653367
-1.11224514
-0.72448800
-0.20115254
-0.38357716
1.47148810
0.87474084
6.20897633
160.79497270
-1.23329179
0.13733346
16.33960436
2.05944152
4.46178172
0.88294685
-2.75490614
0.93890139
-0.01480971
3.59408761
-0.32957392
-14.22939695
-1.21315472
-1.35128269
-0.97022722
-1.38263173
1.12177026
-0.04809580
-1.77133232
2.35109234
-2.99009283
3.99419987
-0.81462017
0.65758405
0.29158918
0.89319412
-1.18877439
-1.24735803
0.51112063
3.48178182
-1.54520187
0.51781515
2.31926032
4.17791313
-16.08329959
-0.55962961
0.47471184
0.47669436
1.43811891
-7.81304365
-3.96403240
-4.09433774
5.88082486
-1.12621948
0.23567399
2.11589415
99.35254931
-0.16837930
-1.09962450
-7.88468081
-3.58878460
-1.18398276
0.08198612
0.54485063
-1.26195387
-0.40542829
-0.18274139
3.14450745
-1.13090880
0.47450040
-1.91166153
-1.15450840
0.13167638
-0.30613232
-0.15211156
-0.84714691
-0.83450782
0.90611091
0.75836450
-0.70226238
0.11510614
0.35889767
-1.84511924
-0.98365631
0.93731703
-1.15112187
0.74556403
-0.49160847
2.76680373
-1.71776552
1.56662473
-0.38365770
-0.88162591
0.44493824
32.69213123
-0.00794300
0.16096363
-0.48813883
-0.26630279
0.21345064
-1.28616391
-3.86480635
-3.56663337
-1.66793936
-0.11025172
-0.88241243
-0.15807728
1.61115870
0.14785226
-0.87271846
-4.24385761
1.29767380
8.38335543
-0.55991927
-0.61556334
1.73239076
11.04993099
-0.35104495
-4.76191257
0.14728977
-0.81221036
0.10749429
-11.58772552
-2.43518109
-12.87634282
0.00448861
5.38255257
-1.41589721
4.22475781
0.04166041
0.18492363
-13.04811790
-2.25140959
-42.42289613
0.16008836
-0.76056127
-0.47934166
0.22912365
-0.80067950
0.27940115
4.17843400
1.87917473
-2.14619537
-4.78569327
-2.63173528
84.18464455
0.50525061
-0.28636776
-9.17318671
-0.93796205
-3.91681710
-1.16014163
7.79650833
-6.77077306
1.40792526
-0.37027419
0.46028744
0.16701593
-0.52132892
-0.42655734
0.51279121
-1.11993377
-0.14113280
5.72080805
1.06329831
1.43307249
0.09081408
-1.54575004
-135.03894702
18.56712366
-2.08382025
-9.79817141
0.43937305
-1.16048770
-1.97811035
-2.62787097
-0.52889021
1.47961223
1.19242967
6.01803349
0.03480977
-0.03614315
4.67674277
22.43863504
1.11467877
-2.51299338
4.65266098
-0.06043178
0.63581238
1.54900610
25.86963619
-3.13968743
1.39039216
1.45658795
0.07027622
-0.00040061
0.24874530
2.11062207
-0.56467580
-0.64980554
123.48857186
0.75971816
0.59180024
1.64519613
0.06433732
-0.02076232
-0.37610150
-1.39071367
0.48620728
-0.56131774
-0.05622322
-0.75359293
-1.95425624
0.08586824
-1.83939152
-16.81260481
-0.17357560
0.48808554
0.79490768
-2.02832253
1.27938518
2.32972190
-0.07517033
0.21032611
-8.16448168
-1.92119179
-0.13183672
21.23962149
2.49501830
-2.63987827
0.23960921
0.16421575
-4.96348061
0.11688831
0.45698968
0.05865834
-0.32344612
-3.16282283
-3.30646924
-21.37539867
5.89970328
-0.38521141
-0.03593945
1.01918930
0.60436902
-2.30546960
1.64356368
-1.42242258
24.98634639
0.74687148
0.32202264
0.28328525
-0.49946505
0.09051779
-1.83061918
0.43258254
0.20042395
-6.62144160
5.79682640
-0.05373660
14.91982200
1.44632495
0.51889043
-0.56637605
-0.58244227
3.09521692
0.22149606
-0.14376212
-0.68004850
0.53787374
0.09914153
1.55006529
0.49254476
0.04581335
-0.26376467
0.04813362
-23.30038901
4.10962710
3.38703320
-0.94691371
-4.35626625
0.00209741
-0.43359038
0.40666826
-14.90693086
-0.45392424
-4.10163515
1.81513495
2.86267227
-0.05558204
0.62663306
1.52636137
-7.79701499
0.10503415
-1.20737669
-0.99904056
0.69083891
-0.51601973
0.95457665
-18.89320351
0.04223695
0.87063200
2.00739329
-44.57041997
1.74885620
0.88897445
0.14436284
0.42183975
-0.11403041
0.33909441
0.24339447
-0.72327691
-0.26418243
-5.23473380
-3.41593796
-1.15490171
-0.83981716
-3.98854438
0.48443380
0.85126608
0.82487226
1.40433903
5.56818378
-0.83804137
0.58978881
0.28574921
-0.86459245
-2.20269835
0.40984602
-0.63910597
0.38350664
5.58281288
-3.72075666
1.03776610
1.76202875
-1.12331844
0.97349975
1.34090210
-1.24153928
-6.24963740
6.68463022
-0.16306433
-2.27974784
0.90257966
1.58776359
1.82622680
-0.14780371
0.21090687
-0.16682328
-0.11697861
1.26445764
1.57676854
5.95478942
-4.33124362
1.04409866
1.14326534
4.38421850
1.23132336
0.21902407
13.33153280
-5.25424006
-0.77890029
0.48259931
-0.08016986
-1.19675278
0.57346823
11.92748748
-0.52721526
0.44347137
9.52034822
-0.42564140
0.03637059
-0.08099015
-25.95403950
-0.62464728
6.94921994
-0.85320180
0.15744072
-6.08549840
2.80806526
0.54846944
-1.13155760
-0.43291610
-0.19459037
-0.99624403
-0.59273830
-28.18608383
0.37776723
-7.22261580
-1.36972052
-0.06853350
1.54970659
-0.30723365
-0.61826658
0.19561531
7.55656362
0.07934119
-4.02284493
-2.78408151
-1.21297476
-0.62997620
12.00838559
0.02621595
11.22298558
-0.11821308
0.44336330
0.88593455
-9.14431282
-19.86919324
0.28841495
-1.42336491
-2.08187116
-0.79297776
0.63704722
0.05045565
-4.41011285
-5.26185914
1.34955534
-0.18730906
-7.75619863
-1.63998094
0.47722752
-0.00989868
-1.23531897
0.14683693
2.49768052
-0.38510153
-0.50456103
-2.21999979
-1.77863608
0.64548252
-0.57198346
-4.66595153
-5.16147542
-271.09763359
-0.46338754
0.56888840
1.41345789
0.47536038
-11.71772995
1.00965336
2.67987381
-0.35766837
-18.45497429
-3.94307475
-1.78555462
-0.08001545
-0.48102434
0.52832653
5.54464472
1.07300963
-11.14398821
2.02882816
-0.60690444
8.51334237
0.60022310
0.52335375
-0.54253861
-19.23666843
-1.89283435
-79.81156407
3.33905522
36.49458401
13.45275515
1.29445686
-3.51770617
-0.73383329
-0.06867068
-1.22460049
2.01781295
7.05273158
1.88651144
-0.26451439
-1.76093270
12.51096582
7.41435314
0.19754992
-0.09375517
-2.69575919
0.58491979
-0.38597275
-0.45376866
4.38722505
-6.57629936
-2.23395520
0.17527737
0.66900781
-0.26290892
-5.83101695
3.04502898
-1.01349669
-0.17526509
1.08725833
3.25976259
-2.05475894
3.79592345
-1.23897186
-0.42188732
-3.40956735
0.05435423
17.37213247
-0.22021759
-24.89384249
-0.42954719
4.24013807
-0.79322675
0.82720873
-1.45237389
-0.73718661
0.45400833
-2.64951074
-0.12990868
-0.75791186
-1.97764951
-5.57816772
0.65058872
0.59561121
3.29277992
-1.37795635
-1.09905922
-2.00383674
1.33708778
2.46889356
-0.41709728
4.28124064
0.89496517
-0.86948627
-0.63495081
11.52052845
-5.29840263
1.20789035
-2.45225661
-5.15572124
0.06479612
7.28674720
-0.58455237
-2.18472753
6.33130477
-0.07312273
0.14066514
8.37753756
1.11532609
-0.77769065
-0.36610623
0.73622272
-3.21649302
0.38789129
2.18747352
-0.43658922
-5.12823220
11.88639200
0.72497009
0.00299786
0.19826291
1.24249573
0.06321464
1.91131051
-7.04864745
-1.15592978
-0.37011085
-0.13273585
4.89386998
1.89307540
-2.33512865
-2.31900238
-0.80751316
0.25669322
0.49152318
-0.02848054
-0.57549546
2.38756881
0.79155611
-0.06590256
8.67056207
-1.12733588
2.74321024
0.16607308
-1.12713340
0.31631042
1.92933899
-2.54295492
-1.15601850
-0.10105163
2.39916598
-0.00082204
-0.48895488
0.77868266
-0.22112257
-1.69739803
-1.37645063
2.93512668
-2.07203675
1.22914274
-6.06955223
2.04388643
-2.01008654
0.28043941
0.24763980
1.97425885
0.72154711
1.20975811
0.77084875
-1.46393089
1.05859469
-5.33874779
0.12598345
0.35043580
-0.59657948
-1.25157692
-0.92210711
0.28961190
3.66133911
-0.26867834
-11.70655930
-0.38945102
0.43379081
3.32102624
-4.68894358
-0.27353535
-0.73420280
0.97789672
-0.30878752
0.49549225
-2.70659358
0.69830778
-9.83037964
-0.23684350
-1.12418828
5.14945860
-4.95517761
-0.22498649
-0.69892742
0.53666139
0.06029997
0.00228936
-0.48964127
-1.98539289
-0.19641619
-0.16597058
-0.18881464
-1.47470791
1.86704667
-0.05707937
0.06859383
1.70648818
1.78587247
17.78339836
1.39906890
-1.89707373
3.90546982
-25.91170513
1.24456371
2.94236706
12.90037752
0.12457425
-1.41972166
8.07278796
0.12583344
2.04318889
1.01372177
1.06339819
-0.58143142
-0.14174392
0.15790258
2.12456970
-1.89028199
0.15213469
1.21111973
5.52874704
-6.37829951
0.43388444
0.76910635
-0.12392519
1.16856306
0.37068328
0.10643268
0.21838795
2.60778693
0.80647597
-1.19451260
1.30941168
-2.93312018
15.04710513
-19.45612739
-1.42865777
0.19355790
0.42226283
-0.55739419
1.40636575
0.40292111
0.17927978
-0.37666536
-7.19027376
0.93564406
-0.80472751
-0.25029843
0.57720858
0.24079227
-1.75670533
1.75620490
-11.08601104
-0.76702190
-5.67605194
-1.08503808
4.18612230
-0.32114988
0.99052855
0.68367877
-1.23004422
0.08027240
-0.92477927
-1.00229253
-0.27117273
1.00031577
-1.15987816
-0.01966808
1.75682424
0.99835643
1.02688009
1.05649635
-0.08558831
0.96039675
-0.55729621
-0.55319072
-1.33289443
5.19836906
-0.57805657
-0.28830869
0.47740900
-0.41036533
-0.20237000
-0.01651805
-3.30799562
0.08554436
0.28711996
0.99111196
1.52943095
0.83816054
0.00268290
5.53148109
0.57293433
-1.93248124
0.01945589
3.44192077
-0.64506674
0.46557246
0.49639756
-0.37427826
0.60756894
0.87033117
-1.39292558
-10.46747316
0.67946268
-0.33535300
-0.64361093
0.32052524
-3.17486235
5.14594449
2.02633134
-0.23087599
1.18642199
11.47632709
-0.46085947
-5.52145566
0.67941090
1.78419054
0.28652025
2.61950001
0.35683890
0.18006382
-0.16378423
0.98722060
2.14496450
-0.25552018
-7.07717118
1376.76277505
-3.00079306
-0.67839907
-0.01915964
0.16338598
-0.15412837
1.23734676
-0.83518872
6.96309196
-0.77480325
0.02311736
0.37679935
-1.86882939
-20.91436108
17.42280559
-2.27521941
2.99705240
0.07226409
2.07429147
-0.64540167
1.31208434
-0.15430931
-0.51648743
0.75637681
0.62594225
1.47725982
1.39407034
-1.13648471
-28.42689075
1.46215898
2.29889090
0.81878474
0.34203614
-0.32356095
-0.38775524
1.10349263
-0.83164718
-1.00235325
0.01823364
1.56594097
1.36870562
0.61207191
-0.46470641
0.94591259
49.30377676
-0.82410370
-0.28707508
0.33462902
2.61381503
-0.50226420
0.29526370
-5.29033932
0.09922664
-2.96592066
-0.43949157
-0.76432615
1.74638906
0.60238261
-0.39762202
-0.31386484
-1.39145367
0.43531932
-0.14075392
5.16137851
4.70726544
1.41648901
-0.50834894
-3.35745661
0.23718980
0.29380235
-1.01857961
-0.85710098
-2.20421703
-5.01390543
1.12127754
-0.53182414
-1.46956339
0.06900388
0.99701122
1.24377156
-3.28290315
2.94199549
-0.87211889
0.59913051
1.53948260
8.22137064
0.18331966
-0.17236752
1.00154856
-4.00801088
0.55025559
1.47242552
-0.43730722
-2.15503953
0.61666449
8.20624610
-0.81351063
-0.32074206
-0.43729608
0.28365217
-26.85962795
0.63783949
-0.47959003
-0.90680513
-35.91900397
0.20211655
-1.47136789
-0.74071767
2.10572423
-0.35230913
-2.41963726
0.38244281
1.15224375
3.33176852
0.48163524
-1.60501447
-2.27035651
-6.70629552
-0.47512949
-1.37762903
0.37049216
-0.09061401
-0.65561501
0.22866377
0.65397163
2.19376664
0.55293158
0.86145608
0.78541693
1.53898889
0.24445872
-0.33957000
-8.87871308
-0.41280461
-0.98241863
1.86047436
1.72193888
-0.33227819
1.15803557
1.01439022
0.34346660
0.71746165
-0.24186280
-3.09739929
0.04185997
0.25224172
-0.27846675
-0.56643571
-25.76017103
-0.81570633
0.28537263
1.35746274
-0.53357495
0.63165694
-0.26550592
0.74674830
0.95114445
3.20816520
-0.93075276
-1.39304909
1.89077140
2.58951378
0.67178272
0.84989128
0.06159138
1.18075549
0.31603866
9.50322353
4.34136216
2.06657449
-0.17005928
-0.93121922
0.16955034
5.15287055
1.03437930
8.28229805
-1.84154335
3.47237432
-0.26080183
0.85319712
-1.71327932
-0.20528194
-1.17759306
3.03972829
0.72644608
-0.22495518
-0.88140477
13.01835640
-2.50645607
-8.73795835
-0.14649947
14.35835056
-0.20402731
1.28603452
1.62526849
-0.30069984
-0.55271904
1.38018736
1.40907048
0.32326933
6.53332239
-0.82720893
0.48212239
-1.28816695
0.11304701
49.03115032
-1.67799921
-0.34168838
0.80987848
0.07026422
-9.63704106
-0.20469713
2.45602634
1.25174976
-0.59165257
-0.38725569
1.34656435
4.62345160
-2.91175666
-0.12891881
-16.37128398
-0.06114756
-0.68222481
-1.05402260
1.74345494
1.98673472
-4.66022596
1.22518903
-1.77012413
0.77338710
-0.34604091
-0.46448638
-0.19797937
-1.01574100
-1.79940635
-1.93950358
-2.19582262
-0.64571288
-18.79094813
-1.25844577
0.77146701
-0.35301708
0.66488515
0.53155714
4.07971089
-1.17369156
0.03063900
1.04246360
-0.49417083
-0.67942530
-1.40677901
-5.13209074
-2.20293547
0.28097755
-0.03155429
-0.68818393
4.78244178
-0.30408536
-1.67927608
-4.74267921
-4.97012890
0.53231846
1.19972494
-1.99876633
-0.33741751
-0.09356692
7.88259226
-1.43245004
-5.41608694
-1.06004066
-0.18344726
0.74375381
6.67513573
-0.45363495
-0.14275299
0.15972287
4.78551623
-29.51149830
-3.37378693
-1.46839718
-0.41965043
0.33382982
-0.41368520
-2.57856138
-2.71573801
-1.20431796
1.96877611
1.65894844
-1.26753625
-0.41034780
1.83042497
0.22873780
-22.46691284
-0.24012417
-1.64626266
-13.03450584
-0.90153981
-1.39864907
-0.10035990
-3.44130448
1.26989312
-0.79968249
1.96800618
-0.14591424
1.71052829
-0.33105666
-3.11715006
-1.06055996
0.03944596
-0.86836063
-0.25582444
-2.17651090
0.79819311
1.35916073
0.21595968
-1.23045093
-0.42738349
-0.03660182
0.39750075
-0.37543088
0.03839912
-0.01006671
0.42623816
1.49579160
0.30732053
1.14399579
1.42083393
5.62416976
-0.21040578
1.56243658
1.06992610
0.12861726
-1.33242317
-3.15376739
7.26347618
-23.77724327
67.95948737
3.08553752
0.46476937
0.23131524
-0.33612173
-0.67251890
0.16976921
-0.51650340
-0.35667214
3.95201464
0.65519598
0.38848209
2.78369173
0.49891991
-1.22695971
-3.16139792
0.54032823
0.34263621
-0.37881663
5.80977084
-8.96904254
-324.49180635
-3.02081958
-0.52695487
-1.49693868
-0.94927960
-0.52379701
9.58041176
-12.07283040
-1.56069293
1.25394948
-1.64684616
0.03519054
-1.58306409
-1.95012534
1.04570915
-3.36048502
-0.84998854
0.94922120
0.65875775
-1.54515998
-0.53419343
0.50504211
-0.12871086
5.24862644
-1.89348485
0.28676671
0.29438720
-0.40272813
0.00946078
-80.86082481
1.33738049
-305.40511158
0.08952415
-0.34472457
-1.75062161
-0.39701903
5.32056951
0.52100149
-5.44889749
-0.42837415
-1.50872761
-0.97099988
10.04153062
371.25840725
1.60012931
-2.67556113
-4.73794687
0.02884692
10.68422330
1.72213172
-0.51999854
-0.40376962
1.60219228
-0.42392000
-0.80008828
4.47728312
-7.12117240
0.06709999
0.22080317
-0.32127370
0.65658028
-0.39651357
-0.67082147
0.29511026
0.28611361
-2.05279131
-0.25091272
0.15827979
-2.30123431
-2.66349437
2.07104461
-0.42785278
12.24988762
1.78944904
4.11317933
-5.69853126
-0.84630767
-3.27974013
2.99481528
-0.47261967
-0.17957616
-1.63285821
1.25560953
1.49119857
0.68682692
-5.75825636
-0.47447331
0.24675910
2.62435893
0.25432623
2.57751559
0.20502891
3.52915828
2.22791689
-0.83133323
-0.36740351
8.99870594
-4.92356744
0.98149112
-0.46092091
-0.87846299
0.42121645
1.81901988
1.50430388
0.19811049
21.66904688
-1.93490214
1.42574441
-1.16591340
0.65298248
0.07134062
-0.68662360
-0.93936668
4.16811637
1.64715129
1.61430353
2.64523849
1.52684549
-0.17399417
0.31228271
-4.17646187
-2.64269838
4.36935197
-1.25374095
2.73088101
0.89871124
2.44605977
5.48454735
4.82676911
39.86218574
-5.75275099
1.46350946
3.25706515
-0.20627400
-1.79315652
-0.13811618
0.41012074
-0.18952424
-1.31866294
0.03348959
-0.04926525
1.38705226
0.02210240
3.02362981
0.69564845
2.98585114
0.00038437
0.26125961
1.76868311
0.40460347
-17.89643380
0.05660883
-3.49187859
0.69927184
-0.90756252
3.57787684
-1.66210849
-0.89962004
-0.80423284
1.37580775
-0.18510774
-0.87522098
-2.96478508
-4.23920483
0.37732533
-2.52499413
-0.95672162
-1.07764054
1.27408140
0.78864346
0.62418440
7.73058679
0.68529321
-0.05561470
-0.46207935
-0.37150678
-14.51823877
24.69107293
0.50506734
2.26974052
0.36689176
-0.57294281
1.39243680
2.46498556
-0.22571572
0.81856623
0.18525651
-0.32049873
7.11828329
0.33611464
5.35928144
0.33612577
-0.06564170
0.62403695
-0.72688771
-1.06229565
-0.61511589
1.85001537
-0.48553262
-0.74706277
-0.34794889
-2.49050826
1.42359146
-2.76930868
0.75449687
6.24142212
0.59657642
0.25624768
0.56041495
-0.55982172
-1.48558512
-0.75340124
0.99975515
-0.55746573
46.11833294
-2.34948118
1.88016281
-0.68799727
-3.50774515
-0.04371976
-0.89698120
-316.44348391
0.76633269
0.48517018
0.59799482
-0.05546545
0.59267682
-4.98148272
-15.70032998
-0.52025696
-5.40707968
-0.01670244
-29.46151341
4.48391078
-7.21228791
-1.41474548
-1.02728549
-4.12401734
2.76908523
2.28342280
0.18558305
0.97832100
2.66870461
-2.95699010
4.83344193
-0.38236426
-2.76095604
0.33281714
0.28725434
1.72231349
-4.88504623
-3.20002415
0.26177646
-0.01290490
0.11012412
0.75559326
-2.18744327
0.07478133
1.62473444
1.05837571
-0.05374958
0.00541576
0.99929510
9.79565479
-0.04900643
-0.70977183
0.89801234
3.12830101
-0.15942397
-14.22270731
-1.13740449
0.21510191
2.44258942
-0.75840067
-0.69552078
-0.49306261
-0.49218592
0.46312412
-0.00647002
0.72180929
-2.20885239
1.18353195
0.23815344
-0.32240640
-2.86179117
-6.89632717
0.22718737
-0.99379102
-288.56280584
-1.31061816
0.61746729
-0.23340238
0.07954140
0.81278770
-1.04136073
0.37516398
1.71756013
-1.02379596
1.32754873
8.97160633
-17.17297586
-0.72620209
-0.09733217
-0.41796877
1.50500544
1.14980383
-1.97914290
1.99079102
-0.24080670
-8.83681268
-0.80182524
23.55220386
1.82253289
53.37339251
0.59125840
-0.13870791
4.73070146
0.16265534
-0.68284005
1.39631283
-0.48075167
0.65011348
-0.31531679
0.00577787
0.50844154
-3.90843229
-0.77950411
0.97028436
-0.44177298
-0.04643964
-0.36465175
-15.30770887
-1.51776891
-1.13949069
-4.90722996
-0.04391298
0.00856047
1.64033496
-1.41839844
1.98602715
-0.47783508
0.52413914
2.80332346
-0.50923467
-0.56405095
-0.08964608
3.20445316
-0.62237577
1.69804052
-1.80975525
0.28981705
0.02211905
-1.32141795
2.87733517
7.16274627
-1.11161211
-0.09255218
1.05975009
3.74606062
1.31356777
-15.47843740
0.37854622
-0.57460844
2.29466607
56.55519097
162.62113303
0.96181714
-0.08840334
10.00955525
-1.70570616
-0.73511864
0.04842444
0.51737569
-2.86931754
0.03149923
1.28644913
27.11258474
1.38016829
0.44237316
1.29656894
-10.43653109
0.21967734
0.69159383
9.91148334
-1.95090900
-1.82471282
-0.11964119
-0.64635123
8.40012887
16.88348962
0.33777873
1.02513802
1.54008600
-0.35456680
0.93153198
-3.87384056
-0.59182293
-0.28800245
2.42712492
7.92314129
-0.92365646
-0.34594779
0.48277093
0.86021610
0.15734236
0.51181798
-4.63428202
0.36820446
-13.35140876
0.27656792
5.59650216
2.00839069
-1.11966688
-2.11604224
-0.84369273
0.48448953
-0.36061371
-0.81010740
-0.13156275
0.86632717
1.88149551
-5.68265622
1.97114073
-0.98999873
-4.39860934
36.80889782
0.08345975
-0.39511862
0.37519458
-0.39102664
-0.10993528
-0.35325458
4.83542057
1.37885748
-0.57867421
8.45716873
-0.15541701
1.86990211
1.51654598
1.21297950
10.21711852
-1.10842617
-0.91824496
-0.15916197
-0.54990514
0.13661438
-6.16368522
2.26529715
11.61278587
-0.51778017
2.18873087
-0.91567056
-0.92138280
2.12222490
-2.14007646
-0.01169781
-0.48588097
-3.79916608
3.04954539
1.23730083
3.94869871
0.49649066
1.49797130
-0.13936753
-1.02646608
1.18113268
-0.50095304
0.03597675
-1.45642406
4.36645389
0.96089774
2.31337914
1.32345004
-0.04768377
-0.50290360
-2.53896612
1.21434788
2.71574947
6.74077337
-7.90291684
0.11778687
-5.28488936
-0.89572252
2.55975699
-3.11225945
0.34556772
-0.71516992
-1.05709857
0.87334778
6.51630708
-2.35113316
2.07597260
-14.83808867
-0.41946756
0.24330130
1.47632703
-0.31050061
1.83158842
-4.80088988
-0.72655935
-0.12514374
-3.01743528
30.83733816
1.25950232
-0.17233270
-0.83949645
1.48884222
-0.43683188
-0.55574632
0.53199687
-0.00488042
0.62473119
0.94362930
4.85454074
0.93954667
-1.56204136
-0.85286800
-54.81787303
-1.78969875
1.02479851
-0.11039242
0.91228222
0.42287260
0.51262893
-5.31563811
-5.59714272
0.21858827
0.34131837
-2.07306171
-0.62732823
-0.49760495
-1.03978720
92.45714067
-0.31810845
-0.64743556
-14.09932048
0.67119697
-0.86493645
-0.31646215
0.54325095
-0.04460850
0.91357107
-4.64927616
4.64796357
0.98324951
3.94429941
8.09160670
0.78527980
-5.15376941
0.32404722
-0.24809547
-0.27754086
-0.57732497
-0.64937998
2.81516370
-2.35027099
0.11567166
-0.98132515
2.35122463
2.81442231
0.83144448
-1.36654995
-0.10216710
0.09423601
-0.36210210
0.09539550
-3.00949897
3.37049410
-39.94041795
0.16615843
11.75036209
-1.84518001
-0.45194833
0.59774094
-1.12202116
-0.43744217
5.73660563
-0.62423617
-0.25021029
-0.41239897
-0.65336849
1.24466046
-2.54416048
-5.66635579
0.01825285
0.25363260
-0.01971189
0.86176854
-3.04262651
0.79982367
-0.64002692
-0.13763068
1.44259879
-1.64436923
-2.21522969
0.35487131
0.94979296
-0.40197202
12.41444676
-1.84600011
0.44408499
-0.67882328
-0.16659286
1.85604974
1.46775197
-0.75025707
-47.98069451
3.36357719
0.12727110
-2.13306140
-1.50047610
-0.67582467
-1.07553932
1.60607597
-0.39476652
-1.70852006
-8.49541828
0.39112471
-1.84536147
0.16039832
-1.31189576
-0.59829748
-0.14100498
0.20372536
3.11861677
-10.40949490
1.70849684
-2.27027676
0.26111274
-1.30159633
0.57797517
0.60827161
-1.28547521
0.87118547
0.39741326
0.39664370
4.43657739
-0.20031092
3.75002242
-2.78351687
6.02579167
0.74255918
-2.42292964
-1.50176559
-1.45885923
-0.35903983
0.61071617
1.44680913
21.65450075
-18.97418114
0.77808323
-9.12144925
-0.83222507
0.65437184
3.04320097
-0.14633489
-3.45870824
-0.36102453
-0.47893737
-3.87083357
-1.32746487
-0.83228938
0.72337621
-0.17032568
6.29962898
-0.13447082
0.62612709
-7.34455682
-0.29721426
0.52368113
1.50470263
1.40188548
8.61036740
-0.60117683
-0.33106686
1.09590474
1.49228389
3.76907437
-0.12846407
0.39175735
-2.76002071
-6.21441030
-4.22207144
-7.33204198
-14.91149540
-12.00252087
0.62078708
3.23453498
0.79641851
-0.00027201
5.56227076
1.82751696
-0.51040682
1.70538493
0.53663510
-1.52483306
0.08450248
3.48256543
-236.68771091
-4.52199648
-1.80904185
0.26513382
2.60768930
3.56773025
0.98647767
-0.73081175
-0.89994288
1.64917372
0.00407561
0.68888827
-1.01714526
0.64994461
-0.72644341
-0.29548086
-6.51023096
-0.78059803
-0.95691037
2.62370155
2.00274289
-0.81425366
-1.15831055
-0.90124476
-1.21472901
-2.81718800
-1.13444194
-1.32533721
-0.17618892
-4.79269974
217.73329338
1.73207457
-2.13538033
5.53886902
0.11380720
0.50999294
-11.74552255
0.15301678
4.57918004
-1.40663124
0.80134182
0.80469702
4.37283314
1.19932112
-2.57856274
-0.24715333
-3.60769986
-0.39940368
1.74719996
-0.46608036
-1.14516604
0.01395928
-1.37533726
0.93161166
0.43974512
1.52319125
0.98285694
-15.53993326
-1.64523555
-0.00644911
3.64253723
-7.75259086
1.06937644
-0.12147086
2.27405097
7.36123692
-5.72728864
0.04215043
0.73082296
-0.84856929
4.45755238
0.03320978
-16.17336745
1.33422584
-0.16019317
0.44857879
-0.39574436
5.87842625
1.27702214
41.97553445
-1.70825791
0.60139159
-0.45058144
1.78618381
-0.41196493
-1.95369343
-0.07212505
1.87625427
-0.49466079
-2.15875477
-1.87856746
-1.89107776
-0.71330829
-0.34313536
-1.17354917
-1.32282967
1.51139208
-1.23382359
0.46300549
0.85630315
-1.77812150
-1.53453491
-0.03288165
-1.41607934
-0.28765987
9.58269311
0.16048983
-0.09497946
-1.85066590
-1.01825940
0.19711012
0.33503122
3.42559574
0.67247233
0.48289737
-4.28207182
-2.17976622
1.22732016
3.37972470
-0.00411391
96.99416190
-0.47849423
-1.59015981
0.97989153
-1.22361818
-2.74113251
0.42339097
-2.63750503
61.75116142
-9.61767118
-16.92366929
-2.22949242
-37.29492384
-0.93999236
2.84287370
4.02838159
0.74404344
0.30418236
0.16130227
-0.90853837
-8.91256412
0.38363564
0.98573315
-2.97783364
-1.65759114
0.64402264
-3.66223354
7.12704174
10.60434947
0.45197240
-0.05422086
-0.49828533
1.46261149
1.27837630
1.22641725
-1.17342940
-0.45673459
-0.22642944
-41.20962215
-0.74448535
0.88710955
0.36006246
0.86306170
2.28834480
0.70617026
1.88204854
2.12225842
-0.25424625
-15.79488705
0.24232625
-1.40458309
2.35834367
-2.83448558
2.08171866
0.78581787
-0.54535231
-0.83343899
-3.50674782
10.75408362
0.65683983
-1.67226358
-3.30442629
-3.22921926
0.58448516
-0.28506238
-0.99724382
-0.41839509
2.93565795
1.66846370
-12.33339201
0.60333454
2.93218399
-0.52535845
1.18627745
0.09600383
-0.31447954
-1.51769663
0.81991019
3.66586035
20.83493275
1.02303530
3.32460500
2.92087869
0.32719190
-0.07594770
0.86675395
-0.02548632
4.40391685
3.63934391
1.78459374
0.21855598
2.22892970
-4.40883166
-0.64478345
-1.61230761
1.15196072
0.60302300
0.47935259
0.40164850
-2.13034052
-1.19237937
1.88641927
0.43072340
0.36908680
-0.30533746
-0.79680873
-0.25431275
1.67753403
1.97219528
2.36161181
1.03014135
-0.71454260
0.01560457
-0.18641107
-0.00236075
2.81191095
-3.63371680
-1.37487129
26.45030569
-0.17935214
0.93868881
0.20643095
13.09022487
-6.55419853
-4.37429610
0.83848793
-1.07528241
-1.14422786
0.27563467
0.97932622
33.14115492
0.38056128
0.76716013
-5.17256012
-2.31888212
0.40305771
1.87532667
-9.48372477
-0.55034708
0.11126153
0.50180974
-2.68929920
3.72704221
6.13363886
7.12379319
-0.07433056
0.45508720
0.38668870
0.26063554
-1.73714732
-1.34005469
-1.74643274
0.57226020
1.07059218
-1.19763482
-3.05571441
0.67636426
4.03937257
-1.93831311
1.60523476
0.17420276
-0.55479201
3.00526176
0.90227905
9.74131851
1.74736390
-1.77230791
-5.62060028
3.06225432
0.30781173
0.15911598
-2.65831128
1.11012698
-0.39463716
3.78364600
-2.23635551
-1.60422933
0.13009293
1.20491949
0.96507464
-13.31631086
0.32533629
-1.10098205
-0.08690553
-0.96273113
0.67356850
0.17378187
0.41600317
2.69194273
1.65476372
-0.23244748
-0.21611676
-158.45350382
5.71112690
2.94584045
4.19484805
-0.28979246
-1.31149547
0.92270858
0.15316808
0.97214025
1.05950506
-6.50721889
0.82652563
0.20538493
-2.22409050
-2.09607156
-0.51669929
0.10536206
2.22598768
4.40570113
-0.34711116
-0.80869996
-3.54001534
-1.64661572
-12.03831609
-0.30941041
0.44826242
-0.34187873
3.33784318
0.30442434
1.89956124
-0.30957602
-0.20092203
-8.24013626
0.16953240
-1.81667124
-1.00561356
-0.27104362
-3.42079448
-10.76806535
1.01083457
-1.65952017
1013.77066776
-1.53576980
0.41358192
-12.68051323
-0.15588718
-1.82815255
3.37623676
0.16576654
2.09446014
1.99130046
1.43934338
0.30393472
-0.59902054
0.76717578
-0.29220085
-0.05935453
18.37058527
0.15777623
3.05445980
0.92675669
1.04756329
1.01428742
0.93881350
-6.85107628
4.15505205
-0.13936488
0.29636813
1.12534152
53.20252430
0.54674623
-0.50383904
4.59003626
1.43149061
1.38686593
-0.53577005
-0.18062343
-0.05650955
-7.24713116
-0.39424168
0.25991326
-0.89401359
-2.30986024
-0.46484212
-1.37263047
1.37368288
-0.52648885
-0.83036696
-0.19966170
1.87565086
0.06445561
-1.88926178
5.58568485
-0.29270974
-0.90547510
-1.63879540
0.87170342
0.69702981
0.45458199
-0.13357096
0.94277203
-51.42690989
0.17858257
2.43860931
0.48528095
-2.96629845
-38.27847642
-0.36222637
-2.12002746
11.43613959
-1.73225354
0.41708392
1.42603450
2.70814509
4.49624488
-2.58525925
-0.46381425
-0.32425300
-0.49048926
-16.95422983
2.52848397
0.72039385
-3.23494540
-6.62097199
-2.12020167
-1.82802339
0.18090357
-0.00093936
0.52195473
-0.21667484
-0.14809164
-21.72478247
-3.27832005
-0.01792848
-0.52847970
2.07632497
-0.53636672
-2.05193403
0.08610744
1.78164733
2.42784538
-1.23364370
0.35161227
-2.42456937
0.53962133
-1.76630444
205.86581858
-1.84943362
-0.22845827
0.22970685
-0.19846348
-1.17820171
-31.44605061
-0.00770549
-0.29885506
-1.27875968
-0.28697518
0.52078402
-0.23297066
-0.64200941
0.28772746
-15.32544631
-0.97217387
-0.71052032
6.23551347
-2.63624526
0.51793691
-0.33507620
0.10439019
-0.17588546
-1.24300020
0.52207756
2.66188270
-0.24243649
0.80405474
-0.19936866
-0.37187472
2.09319765
1.16406822
0.17980956
-0.92566079
-0.26975464
-0.22295326
-0.28576955
0.01854739
-1.12450527
0.33437167
0.22900060
-2.50200265
0.21240695
-1.45778935
0.63421645
0.20267208
-1.31141055
-0.06969000
0.26720227
1.65215551
-0.42909424
-0.38819633
-1.44503157
6.02880025
2.85966932
10.13003153
-12.19904627
-3.09184251
-0.21855747
-0.07814605
0.04120153
8.23742432
0.61975131
2.41336689
-3.45388550
0.25850057
1.04349002
19.64285289
0.77372880
-0.30837931
-2.93918743
2.56728919
-0.58060826
0.20697699
-0.09520982
-1.78099975
0.26073733
-0.02354086
1.19436901
0.57316105
1.48325487
0.69805451
-2.77879853
-8.92411755
1.29605847
-0.04867878
2.55961219
0.20266800
-0.16349510
0.56873188
0.48643186
0.14343443
-26.97455426
-1.25972800
-11.97536735
-1.24013531
-0.53069657
2.78700201
-0.66485578
0.34758376
0.98975196
-6.21029625
-0.61184581
0.26198608
1.03392225
0.72898687
-1.68917049
3.21453001
-0.36424185
0.31516494
0.10960268
-3.43378137
-0.28899688
-0.00517400
-8.07018725
-0.45139721
1.00152709
5.85372195
0.08523585
0.09756761
-1.17115243
-1.53304635
4.08766659
0.37243665
0.65006436
0.00608818
-0.16576884
-2.48742465
2.95407197
0.03199784
-0.18533061
0.15524508
-0.40437431
2.53108765
0.20382065
-2.40508381
-1.06529408
0.60587039
0.82693687
0.26176711
-0.58288268
-2.33143004
-0.87240667
0.87880261
0.47711369
-5.20012577
0.52947122
0.33159888
-0.99127845
2.18180906
0.48516785
-1.63509221
-2.23604871
1.43154250
1.15899638
0.14282197
0.54906810
-0.13612293
-10.23361954
-0.78608842
-1.21716230
-0.36450987
-28.74245463
-6.06893890
1.55785178
-0.80045126
-1.98736991
-1.17239514
-0.22043042
-15.52156647
-0.45489348
-2.41529269
0.32145818
-2.83415699
0.57888148
5.49657879
-5.58768386
-0.60009678
0.07226021
1.18047573
3.32819195
1.65078189
-0.84762850
0.00114257
1.86651403
-2.08410514
-5.88988183
1.92845286
-0.17541472
-0.55572567
1.30805763
-0.46383474
-2.12943659
0.49305666
-0.46453982
-0.01918863
0.85981906
-4.03498665
0.32157713
-0.06554377
-3.33969874
-5.84545271
-1.07176621
0.46538287
-1.01513250
0.82319505
-0.91408731
-3.12818442
0.04526775
-0.46862737
0.90409812
0.13740857
0.34213557
0.88285046
-0.19677911
-0.70077375
-0.08239824
0.95674057
5.05685191
1.77248438
-1.12857149
0.68548153
-3.10006370
142.83427906
0.44921547
-0.40731518
-0.87425185
1.00785935
-36.88157784
0.74031198
0.27037591
0.61387531
-0.79535994
5.27553576
-0.81843434
-0.60259626
-0.00979999
-1.27221979
-1.27593014
1.05806276
-0.23420962
-0.50379922
-0.41322613
-2.02562747
-0.16188165
-0.58325254
1.23224838
-0.87772015
-1.41527886
-6.98200682
-2.99323395
62.06775008
-0.29518869
-0.10855454
13.08989624
-40.27138249
1.39902491
1.23953857
-1.46951603
-0.24790259
0.85916990
0.25077966
0.40382496
-1.11912494
-8.18957358
-0.42709237
-0.92198437
0.43300569
-1.83152636
3.71920900
-0.14975931
-1.36383293
0.49100343
2.21783304
17.63189195
0.03367083
2.79328834
0.22229041
0.59256653
11.58163955
-10.10145850
-0.49651762
1.39766530
3.50459569
0.99337470
1.10325773
-0.16020913
0.67516495
-0.47121703
0.21921110
0.10216483
3.29651709
3.05912288
2.90051628
-0.06519500
0.15017318
0.26496442
0.51314132
-0.08146246
0.15101613
0.05944195
-0.06667002
-0.28721293
-0.65641887
1.01553498
-2.97143539
0.81282786
1.11064934
2.20361707
60.45690407
0.22725809
-13.54271760
-0.93158242
45.33112521
4.61143255
1.91709796
-0.56256686
0.06769859
-5.32675842
-2.44591921
-0.52800726
1.55861939
0.30057834
1.41275787
4.82149774
0.27254435
-13.65158079
0.18368064
0.21140344
-0.21813375
-0.14413110
7.91698619
-8.13150481
12.12063943
0.02658305
1.17029118
-0.39555399
-0.63291722
3.78660949
0.49759300
0.77252562
-0.13025625
0.13663870
0.42157983
-0.99641761
0.18226753
-5.33755911
-0.18084217
0.95979527
-1.67695871
0.13640345
1.61939314
-0.17821201
-0.21140449
76.69409560
0.13548899
-1.28499340
-0.20325221
-1.77868116
-2.81521067
0.41853236
7.11564732
0.43504870
-1.43719304
0.85837460
-3.29359756
0.79143512
-0.39383792
-0.14984482
-0.77969426
0.11484930
-0.25313511
-4.31222420
-2.89476581
-0.66011811
-0.51970582
-0.70458919
-1.89245273
-2.60468132
-3.62016818
-1.09385910
-0.25543626
-2.96680235
-0.12891009
-0.18691450
-2.20831226
0.09492349
3.94467471
0.72980230
1.32840881
0.20873046
-0.21449904
-0.85092180
1.79802641
0.41824970
2.27998757
-2.19979455
-0.14162628
1.86239578
-1.36439425
37.06949429
-1.71471748
0.96806547
1.78414953
0.15015565
-0.89298688
-0.42937214
0.77037242
-1.85038982
-1.33925887
2.23454319
-0.54760222
3.69396706
-0.46158495
-1.15189866
-4.69893110
-1.20887899
10.65609472
-0.74901566
-0.64316263
11.30422982
0.05619609
-0.37746619
0.41726491
2.61053600
0.39232016
1.38268609
0.01558897
3.27789735
-2.52985306
6.18177263
0.16872701
0.86579015
-0.36939030
0.09506688
-0.66667672
3.45223386
0.51350403
4.14712871
1.39151643
2.17145364
2.19002830
-0.90147001
0.22069266
0.08108594
0.50149048
-5.79661170
0.45457023
0.42525228
0.09658144
-0.22276987
-0.90193652
-0.88569689
0.94147389
4.47564204
-1.13834369
2.54714996
2.19745734
-0.29499271
-0.14844478
-4.66603571
1.10044076
0.37363675
-1.35343259
-1.28438368
1.59922561
-1.22865044
-3.26368294
0.90831870
0.48340248
-0.64756671
-2.32881044
-0.26549252
45.85052233
0.38353458
0.28228841
5.25031688
3.43620948
-1.02444522
1.89544633
0.30743706
-0.38339334
0.50066099
0.73163014
-0.60991801
0.36813836
1.14461247
0.24464478
-0.26723961
-0.38615893
-2.51003418
-0.34459553
-1.36593449
3.26970631
9.84386909
1.75553747
-21.08613644
-0.67149561
-0.50487543
1.48304132
5.63982294
0.87258414
-0.12346879
-0.14232731
-80.02864029
2.44686168
1.82967667
0.59269853
-16.93073314
0.29539081
0.34465559
-1.45911989
3.78445198
1.26251368
-0.34699335
-0.44304417
1.71958346
4.08769830
-0.52550931
1.94567342
0.87558865
0.57659486
-0.19350996
1.29521389
-1.03142295
-0.25055674
-1.21336168
-1.57563523
1.19238200
-0.02840541
0.14502957
0.45289780
0.48539216
10.79563201
-45.22316735
-8.50208339
-22.51965019
-5.54774962
-0.11847174
-11.63010199
12.12361095
-0.10317619
-2.41463349
-0.25708644
-0.99748642
69.23401603
-0.34609796
0.74752506
13.20172996
-2.61424991
4.48606488
-0.41740959
-0.09392255
-0.59279811
-2.91576411
0.50281208
-3.74474335
-0.22978418
0.27173757
-0.63312876
1.41071925
0.81530360
1.03981392
2.63238743
8.33428654
2.01211346
5.28400229
-0.95832769
4.64090577
0.04832949
-7.65862836
-0.65069819
-0.66005935
9.05172102
8.25048872
0.50990589
0.22381605
0.08452505
-3.81067106
0.41823699
1.59726067
0.39595470
0.23134286
-4.21700426
-1.00858709
-27.02806268
3.44109138
0.51406908
-5.61220187
1.26817576
6.31883804
0.93557948
16.11111937
0.92588797
1.37812562
4.50089641
-10.03358585
-4.75249545
-0.01392205
0.10234404
1.88964929
-8.96408067
-2.79465102
0.34763742
-1.00407088
0.17457471
6.95813232
1.03512231
-1.83309907
1.62078715
0.18820583
-0.69785472
0.89124662
2.97633152
0.01119828
-0.43326882
3.35846853
2.24752374
-2.18182068
-0.37922732
0.77161570
0.14629378
-5.56706674
0.70521047
-0.91733246
-76.89298302
1.27493573
-0.43618158
-1.40206390
-2.33083422
8.26466511
-0.36274671
0.03382532
-0.00791638
0.08616165
-0.13166166
4.11405635
0.04160621
-1.12078573
-1.12394302
-2.80228049
0.99754338
4.41157251
-0.81015548
-1.03941680
0.47289929
0.13179017
1.00021628
-0.49304333
1.80251916
4.09825153
0.02678086
-2.22126377
-4.13543877
-0.53404868
-6.75329572
1.33060092
-0.16332018
-0.01030869
-1.39921143
0.49764309
0.12071386
-4.27837477
0.55430332
0.23590612
-0.79059235
2.01087420
-0.90252526
1.00295532
7.88227486
0.11864226
0.32318947
-0.54089356
-19.74587323
0.63214144
-1.54755628
1.30992611
0.90999187
0.40182222
-0.98609697
0.91567864
-5.16886651
1.10672674
-3.10882777
1.58675630
0.57850168
1.45423187
-1.17433385
1.38184880
-0.08971972
0.98183141
23.35873505
7.02618354
-3.85711977
1.92955397
0.72172651
-1.93988979
-7.22939526
2.27536499
-7.76177497
-1.38101772
1.41880542
-0.10938918
0.80449879
0.19762433
-0.13209996
0.66585941
-0.32582996
2.61983364
0.87106660
4.38052003
-3.60896551
0.39550534
0.11940512
23.61234826
0.12762451
4.35732657
-0.38674915
11.35050516
1.76465414
-1.91466751
-0.17364836
9.55055943
-1.39641109
0.47864634
1.13903928
-0.92239184
-6.88099363
-0.99435459
-0.24900331
6.99756618
-1.42029953
-0.12109815
-0.51976575
4.65990349
4.85153895
-1.24714695
2.45902768
-1.08391303
0.11082354
0.86468249
-2.05414863
-1.31609127
0.59545932
-0.01816224
-0.38447096
0.36094946
-0.07420085
-0.89969387
15.89052609
-1.32172813
0.14061664
205.43642830
1.37636058
-0.19546465
-5.29057352
3.60329402
-2.80626714
0.06257993
0.46015075
-0.36508747
4.67883479
0.96479374
0.95322874
1.27733138
-0.68669577
3.56031428
-0.17701388
-1.44680054
-0.55682202
0.06837215
1.85352856
0.87679751
0.01160191
-2.20853081
-1.41745661
-1.40273799
0.38727992
3.58732845
0.27922706
-1.85383876
-2.17381416
0.63855590
-0.31935062
-0.37053897
0.01883574
0.16275162
3.75579028
-3.01019263
1.25132157
-30.82725331
0.79449192
1.65416744
2.04498282
-0.88300244
0.70172670
0.59793944
0.19986215
0.33024072
-0.54724757
22.48474190
-0.87016237
-22.40260732
0.52703880
-0.93538194
1.49665391
-1.21683153
-0.89429011
-0.66497597
-0.68755263
-0.16060596
-3.11171911
0.36420832
-3.84815837
-0.49266616
-4.38766214
0.58218018
0.23722223
-1.88072798
0.18296798
-1.17025260
-0.50832677
1.43137984
2.99545545
13.75240843
-0.71380725
-2.62436250
0.44930377
-0.47608947
53.36967649
-0.55767051
-2.52517629
8.00617048
1.07581029
0.76187018
0.77751893
32.98209120
12.30207634
2.55175192
-5.03553335
-0.66986109
0.76897891
-0.24315101
15.69454749
-67.75566992
-2.73048546
-0.14264101
-3.65380994
-2.17021751
0.02851721
0.63377302
-0.34774390
-0.94436130
0.06861362
0.44178468
0.26716012
-0.17256113
-0.05833362
-0.02619605
-3.50214613
4.77731839
2.05277816
-6.07262841
1.32228384
1.15067582
2.26770536
1.37360439
0.41315303
-0.24751645
0.35412230
0.59335586
-0.13777913
0.57291669
0.05033365
0.76268964
0.02950243
-0.56607814
-1.06572830
-1.74718916
-63.32318584
5.65963849
-0.52567414
-34.93760862
-0.09644211
0.10187447
1.27286786
-9.99653437
1.95685754
2.27809100
-8.77994812
3.10724674
1.34772909
0.75044194
-2.10183443
-3.57841600
3.75922771
2.54506945
-0.85695911
0.15798433
0.84874197
-0.23112236
-1.12264259
-0.82236170
0.53352846
0.77940172
-0.02688613
0.44668836
-0.98300555
17.41336854
-0.66636070
-0.45686577
2.16281130
0.65509258
-2.12156787
0.55668238
-2.39995756
0.81859623
-2.93236381
0.74282738
-0.10267522
1.04990962
-0.90492321
4.62481915
-5.30916113
1.38185418
-1.77823208
-0.27248048
-1.62373827
2.39211984
23.67556583
-0.84776444
2.56101403
-0.69589413
1.63509575
-11.00892123
-0.07961579
1.30138690
-0.29013213
2.25904339
3.37430109
2.24738921
-2.99685840
-0.76699217
-0.45807424
-28.11142671
-2.49921407
1.47510893
-6.32073736
-3.63167256
-2.62415162
-0.05531084
2.60617923
-1.42365388
0.94592077
-1.26033207
7.42005178
-0.06656894
0.07540748
-0.12295768
1.18746121
18.34958721
1.23359830
-1.24199112
-0.42265376
-1.33697651
3.47484540
-0.72463607
-0.76190426
-0.49630331
0.89150075
-0.45819573
-1.25567347
0.10652917
2.62398969
-5.07703244
0.81198106
-1.08163355
-0.58790969
0.23235215
-8.68664139
-0.48477225
-0.06147029
0.33700863
-0.15248985
-1.50374142
12.55156494
-0.09765065
-1.19633440
-0.94282702
-0.04439824
1.28350388
0.83587976
2.44658522
-0.74432395
-0.18901594
-0.48465578
-0.18782371
13.40978337
-0.90444903
-1.19551581
0.62269008
0.52114565
-2.36070384
0.52621895
0.08541558
-0.50075886
-0.20407883
-0.16756060
0.84484478
0.41927576
4.03933982
11.65290780
-7.10526999
0.54300045
1.64130324
-0.19822456
102.28591429
4.76005341
2.10079643
-8.60150939
13.02621603
-0.39169894
0.64310671
0.92730233
0.31628680
-1.01166315
2.65533963
-0.80608797
-0.65178316
0.85139616
2.00856635
-0.11812882
-0.14968610
1.33596864
-0.97152538
0.15544766
4.41794291
-1.10573374
-1.80846852
-1.21650938
0.31122632
-0.91418324
10.93415564
-0.27964226
0.22048118
23.82420459
-1.38308602
0.71766141
0.40985906
0.07523955
2.86935550
1.20081257
-1.05204718
0.97028042
1.64997547
-0.20853505
-0.17601161
-1.50933745
0.60354344
6.15593476
0.69799934
-0.64806188
-0.00755433
-3.14620296
0.20837705
3.53936414
0.43772438
-0.96532048
0.96336287
1.70258108
-0.75242217
1.37529567
2.69256842
-0.99650083
-6.84371630
-7.63095619
-2.40243026
-10.88210470
-1.42685159
0.37836863
0.11564172
1.13374210
-0.36368725
2.04794262
-0.55177865
1.67503119
-1.95643691
-0.82614282
-0.73076222
0.31810348
0.91560695
2.10183506
1.01582749
0.28187506
1.85824184
0.32934899
-0.30873674
-0.31461676
0.67507726
-1.29399855
-0.87953376
0.17183948
-0.50387965
7.78156834
0.81806050
3.08281541
0.09612882
16.10898468
-0.16072187
-0.91175514
-0.54625192
1.00939526
0.04519418
-4.50199979
-0.27218790
-4.52428961
0.57213746
1.11412306
0.38130104
-3.74214913
-0.95751942
0.55240279
-1.41176257
8.07753677
2.13827472
-2.29128953
1.18686603
-0.51302730
-0.65620587
1.32857568
1.16994018
-1.91590563
5.34254334
4.86815175
-2.37080750
-0.68943198
0.79733498
2.07387043
2.75747125
-0.19275014
-1.70801320
-0.57689388
26.48683218
0.55703807
-2.44495280
4.70800485
-6.70045367
-1.30346628
-0.10334185
-0.85084328
-0.54870870
-0.17896003
2.44956679
-0.20860019
1.60827290
0.00226181
0.54139291
0.11409460
-0.10234257
-5.07677854
-220.48179290
0.51528045
3.70034213
1.65346372
-0.80483154
-0.20199598
0.24090955
-1.06920903
1.14536631
-0.97555095
-1.30198274
-9.52049064
-2.68321688
1.02602851
-7.90286044
1.54001121
1.53306246
2.74878106
-5.91930045
12.18133972
0.84844834
0.50828482
-0.23298219
-1.56041207
13.54324908
-1.97061724
-1.81075101
0.21175818
1.66913041
-0.28833742
-0.62308303
-0.12324099
0.35850002
-4.21585658
0.59561497
0.13247781
0.13763330
0.10015560
2.11813369
2.41471585
0.56722701
-0.48889973
-0.59222009
0.60675866
-13.85725426
-0.61870664
-0.15696939
0.05599444
-0.65973114
3.37400324
0.07592808
0.30708270
0.08679281
1.88818460
-0.64271889
-0.23450914
-0.23685103
-1.61849613
0.96357823
-1.52086162
0.54735029
0.34044553
2.86947692
1.85666068
0.18625847
1.44398225
-10.73110373
-0.11858146
-0.73381683
1.74072011
-2.87790287
-4.41248855
-2.79692317
-10.34378197
-3.96340775
0.55576714
-3.28723940
-0.54233558
1.36207740
-1.78369705
0.78270191
-0.55444694
1.10668152
1.97253845
-0.55395767
-0.86649079
-1.02736255
-2.21908181
0.01723011
1.28653549
-0.88823573
-0.93478556
-0.09029866
0.14359095
-0.26414865
-2.78604185
-1.75067945
0.13004303
1.46788961
-5.58042417
5.17179337
-0.59800279
-0.59936382
-2.79502347
-2.69490460
0.69817725
-0.70729232
0.18446207
1.63879433
2.10979588
1.35796877
-1.01159861
-3.66086479
0.32526851
1.21469806
1.27741140
-2.44556391
3.38060006
11.43113084
2.50906083
-1.15293104
-0.76803840
-1.52394872
-0.05322725
-6.18350654
-1.37828723
-7.39298053
1.04585521
-19.62674030
0.77806672
-4.18010480
-0.12066907
0.22114498
2.41086207
1.35290967
-2.81353084
0.93590072
0.02704411
0.21937569
56.81016710
-0.16324525
1.23600542
-0.57802695
8.24961867
-0.64957940
-5.54132873
0.52117145
1.86801029
2.25941074
0.63725084
6.92445255
0.33921561
1.82458631
-0.39262485
0.13017547
0.89595481
0.38187893
-6.55637467
-0.28326893
-4.86205619
0.72371309
6.30756305
-0.41935093
0.91237758
0.08398308
-15.53031325
1.93806664
0.42136920
0.94421931
-1.77294057
-0.16295266
0.34913494
-0.19352343
-0.20179680
0.12376291
0.75734582
-4.19693988
-4.81346704
1.59255737
-1.41805650
0.96808489
-1.69357442
-2.33580718
0.06171412
1.71396084
0.97559317
-0.95538323
-0.50133510
0.43881077
-1.70337492
4.28996873
0.29183926
1.38211721
89.26473539
-93.56414072
0.44248578
-1.08648516
0.06260002
-3.39424772
-3.40705617
6.87287939
-0.27622050
-0.05809765
3.79102105
1.06376943
0.12305588
-0.48429995
5.09623724
-1.89453164
-0.26272312
2.24240739
0.76344125
2.18991301
9.17540199
27.68690285
-15.80745315
0.40768376
-11.28636679
-0.32635353
-2.27582509
-0.28195249
-0.65612716
5.84184696
-1.30409446
-0.67589005
0.40736057
1.00143920
0.17428271
-2.80451709
0.78931741
-2.35819966
-0.19698941
-1.06149185
-0.86571321
-22.71437240
17.60961387
369.35316317
-12.37620531
-0.18719442
0.32199768
5.40362298
0.23484280
0.49746294
22.25012185
0.09544324
3027.88040103
-10.42361958
-0.90194338
2.38215743
0.34784706
1.70695248
-1.20786211
-0.33440262
0.12002686
-0.13332851
-3.13476781
114.72077826
1.66291102
-8.80676293
3.47715605
0.14517458
-2.64365590
6.72184941
-0.62012945
0.04820278
1.65158860
-1.06833918
1.91008068
0.27133148
-0.09111740
0.39044127
4.97261675
-0.54546523
-5.42885555
0.41779805
-13.62027381
-1.29047754
0.36252251
-2.40319907
1.95192720
0.51553176
-0.62064042
6.30698006
-0.46377718
3.57876346
-0.89122130
-0.10356026
-1.99175018
-0.24400655
1.10716811
-0.80430746
-8.85615938
-2.05709389
-0.23155315
-0.40237990
-1.85370016
4.82149642
-0.85229713
-2.93551538
2.74552371
0.51141636
0.82320673
-1.43311339
-0.62801626
1.28017207
2.20280657
0.98236844
0.37705144
-0.50378698
4.07810058
1.22146014
-0.24367234
4.79668904
-3.03630857
-1.57415883
-0.17670387
-0.82681762
-0.49403760
-8.91794879
-2.97577243
-0.38505201
0.32885436
-0.22646056
-1.12350444
0.57512112
-0.56190299
1.98111899
0.29964539
3.79610011
1.51192122
-0.33464713
-0.48509205
-0.54899152
0.64556469
-2.49152172
4.39018959
-0.14951697
0.99366570
1.48830524
-0.76066546
-1.03120952
30.90420609
-0.29422311
1.29022688
5.15284685
4.32187887
-6.69704504
-1.85836811
0.11442239
-0.16447079
1.38893922
-0.63301819
6.02802889
-6.47775270
-1.74706660
0.47063530
0.35977780
1.35795033
-0.64196502
3.27554445
0.63257979
0.71244492
-0.96147493
-0.33140601
-0.07066528
3.13361905
0.16977365
-0.57358645
0.39034316
5.00308553
-1.12648470
-4.93061635
1.63930257
1.05330047
-3.43555205
0.35371004
-3.06209496
9.58617136
-0.83414964
0.02609690
-3.91069294
-0.59431912
4.20720492
14.52787876
1.91908435
-0.64098011
3.16526103
0.05845323
24.40335616
-6.81055458
-0.55610999
1.67977198
-3.13855905
2.29724877
0.47341902
-0.43323980
-0.49053959
6.09483159
6.16127344
0.38562087
4.47001744
-0.32355338
2.40000714
-0.42236591
-1.77404988
4.31310193
-0.33530637
1.55489146
4.20280653
2.73047997
6.64464975
0.08685993
-4.89390175
-3.16479861
-0.42312940
0.97694397
-0.85865825
-0.85952059
-0.37290114
3.30137358
0.96450247
0.62355601
-0.49980376
-1.37835697
2.94022331
-2.51117425
8.52604518
-4.60130604
-0.59285619
-3.88666302
-0.01574443
-0.31205648
-0.77509278
-0.60016643
2.49619446
1.36267736
0.46030182
6.26079757
0.25180124
-6.42188997
-0.09804309
0.54218793
0.91763204
11.31510425
-1.02677405
-2.42777105
0.37627499
5.62895103
-17.35171129
-3.87148699
1.93754852
-2.01809243
-1.43108650
-0.29467320
0.23153405
-2.95507508
0.60382659
1.85113533
-0.35529918
-3.45830890
-1.22023594
-0.63365306
-3.99288878
5.04543573
-1.36740257
0.06304007
1.12160299
-1.07375978
-0.45780028
-0.37484265
0.37399561
-8.98648732
-0.80751796
-1.28433583
0.55311757
-0.15892165
1.99334091
-0.52280497
0.13440901
0.46657839
0.49937891
1.56620876
6.82068311
-2.46631198
0.93764412
-0.36494079
-1.22805753
-0.12411895
0.44528856
-7.77389072
-0.02470622
0.89357379
-0.08847659
-5.30809576
-1.50838047
-2.12888420
4.53126216
0.89059919
0.52098003
0.27104580
-0.67951866
-0.72169317
0.75535285
2.14221329
0.84102002
3.78972604
0.26921257
1.28850112
0.34460070
12.01445204
136.29941597
-3.70180842
2.01796158
7.19066953
-1.14488099
0.48848321
0.30274061
-1.93147092
201.82902389
0.22048721
0.70715020
1.53408301
0.59321098
-5.06651133
-18.70687391
-5.73603873
-1.04539736
-2.71289946
0.53763749
-0.08731059
0.83485820
-2.79467702
1.40057094
-0.40995078
-8.25198983
-23.29357749
-0.46371125
-0.23438575
-0.31842717
2.18201022
-2.30838120
-1.31442912
5.10465699
-0.85810797
-0.93843678
-0.54584653
-3.96455977
9.57958680
4.64018207
-2.54719791
-1.63710757
0.37736479
-2.06246897
1.96127067
1.72800331
1.50696179
0.47481839
-2.49438960
-4.39111136
0.11051404
0.79207073
-0.87094558
-0.23107805
-0.07348883
-0.46110439
-1.53509938
-0.82356701
-0.33933676
-0.38826444
-7.11416879
-0.70823867
4.36727587
-1.79429532
-0.80230825
-0.45248274
2.78043133
4.50000498
0.65814432
0.74815993
0.30962009
1.65698845
1.46036043
-20.06179518
0.52589579
-1.59041728
-1.16949875
-1.11790244
0.70789340
0.03815210
-2.67046079
2.44065911
-1.75802266
1.65255759
-0.18342257
-1.26322717
0.26354967
-1.35722641
-1.01970129
3.74833451
-0.44346322
-1.38101789
-0.44211307
0.76013257
0.90089122
-4.33278060
-37.17600063
1.09186455
-0.24268049
0.49662574
-7.76342185
-0.26724130
-4.28846056
0.88456694
3.48220756
0.18644812
1.41346031
-0.10467007
1.13786815
2.20298845
-1.67386089
-0.21584774
0.43158385
0.92480535
1.91894355
-1.15703035
-0.98651606
0.54831558
-0.38533999
0.53126107
-0.70195470
-2.09842156
-21.83031042
-1.21861604
-2.87126580
-0.92722003
1.35833190
0.34857209
-0.50542102
0.21187715
-0.82606068
-0.27827512
-0.04239351
0.00444629
1.17056508
0.23175875
-0.44678025
-14.34673244
-1.06264459
-2.40776974
-1.86090128
-1.01767723
-0.71144745
1.32479738
1.05810810
0.90309171
1.00810944
0.47361828
-0.05260074
-7.51839192
-18.77442911
1.27535095
-0.53815533
1.33776293
-1.95404793
-1.00425029
20.36902627
-1.02829163
-2.84544176
0.94188745
0.83439684
-26.81619417
-0.28859696
0.31572272
5.99123797
-0.02025455
-0.12002188
-1.08052976
0.29429963
-2.78050344
-1.06704121
-5.28490211
-1.87082009
0.72515213
-0.34884764
-3.53259473
1.34735807
-0.46632488
0.67119567
-27.87841199
3.39544171
0.50034140
0.58253412
0.57055420
0.05511196
-0.18409299
17.25136115
9.06362635
-24.10191240
-0.21919205
-4.62035081
-0.35191851
-1.48862097
6.54946948
-6.51248082
-3.20417833
2.37297477
-1.21828174
0.01981077
1.07486049
0.99568217
-0.23225269
-1.96178350
-0.72687165
-0.67059042
-0.74511930
5.45098825
-22.28605509
-2.47318841
-0.85593627
0.08801930
0.74825487
0.01878381
-2.65909472
3.09322018
19.84628767
-0.35420884
1.31719619
-0.46673404
-6.50363031
63.85398380
-3.80624143
-0.28052598
10.57817853
0.25564716
-0.36681979
1.16921162
-0.50774993
-0.57278634
0.99303701
2.22861250
-53.29217725
-2.25047609
1.18400702
-0.77700002
0.41215120
0.03520069
-0.15433886
1.07166506
0.15363654
0.80996937
1.74337243
-0.88277485
1.79328806
-0.10806851
-1.15039355
0.46088804
-2.49807875
-1.05368258
-1.12221002
-9.09558417
1.78883495
0.04145680
2.49169425
-0.61057847
1.06192536
-0.76720898
10.55657590
4.06629707
0.10773158
1916.90805953
0.37903657
-0.48081136
1.47932642
1.24421463
1.09774659
-2.15477936
-0.70021966
7.46189712
3.64860650
-0.56487968
-0.13993168
-2.21684104
0.85895515
1.09394359
-0.85631362
0.40024124
-3.00388609
-0.45735716
-1.00167440
2.02539042
0.99727869
-1.00091359
0.21499444
0.91699174
5.80151654
-0.41031039
0.48216763
0.67808244
-1.98670872
-0.98808857
0.31626927
4.66230974
0.56275141
-7.42815093
-0.27250680
-0.49455939
0.62995553
0.97649193
1.71394506
-0.22283322
-5.75633474
-5.92871669
-0.08938870
-0.86099232
1.71299097
0.66055544
0.11434811
65.68532763
-0.43994037
-0.57389464
0.77022087
0.49740876
0.65233857
-4.88947785
-0.33441924
0.09631367
1.67839757
-0.46879704
1.61717731
-0.16795581
-0.52813302
2.41496932
-0.05999712
1.09416742
-0.21274687
-1.09980547
0.60784756
-0.40395380
4.61605087
-0.48304333
-1.39169385
-0.68134498
1.68440555
-0.09916638
-0.14381745
0.85904159
0.61372921
-1.77147025
-0.67918324
-0.24320104
3.89877787
-0.22057003
-0.73002043
-48.89124172
2.55979410
0.17693476
0.88892897
0.81310898
-1.34449893
4.45624880
-1.45485156
-1.64165341
-0.98158972
1.13483390
1.13607482
-0.23725115
0.70994535
0.04105093
-0.03691449
9.77337014
-1.14747853
-2.63145976
1.16063344
60.76402330
-1.84929262
-0.81652944
-0.78130128
0.33623766
0.81470591
0.96671222
-0.89779246
-1.53163723
1.35313630
0.73801189
-3.99003425
-0.65955628
-1.09008862
-2.67695962
0.02089013
-0.03810856
-113.89081493
3.18756147
1.80418575
-0.58434575
3.07141566
1.06966826
9.85074042
1.40360265
0.06381846
0.05415225
0.10844944
-0.99529124
0.15795015
0.68201121
209.79427121
-2.10416033
-0.60888138
5.32406859
2.76631499
0.66474517
1.02847842
0.99381772
-0.60627949
1.32536551
-3.42539419
-0.91623693
-0.81550388
-1.28165760
149.33342983
-0.10640641
0.67793393
-1.03702102
-0.05236495
0.17848837
6.51698278
-0.28811605
-4.72157415
-0.86462391
-1.58073869
-0.09764775
4.30640195
0.08105546
5.47539057
-1.17041002
0.38929698
-0.65427824
0.73920215
0.30795066
-1.60299132
-0.57884073
1.38348940
-4.67265834
0.25995757
-0.40456656
-0.87730341
-19.70440513
-0.38954153
-0.12691757
-0.39955404
1.44178482
1013.01300644
-2.62445684
0.03754400
-20.01333007
2.20230658
0.06777672
9.61466767
0.28645390
-0.11732648
0.20676069
-0.16876903
0.91907350
-39.63980732
-2.19877370
4.88878223
0.85784395
7.81767609
-9.27003368
-2.53818467
3.40207846
7.99555272
1.24090693
-1.16964804
0.01494760
2.00720272
-1.10848288
-0.35819319
-1.75407614
-5.30648693
-1.18686859
0.44305060
-0.45901355
-0.39920595
-0.42881568
1.15950703
-2.26589802
0.54635466
14.88777762
-1.89605452
-1.84722917
-1.37138739
2.16428946
-106.56589263
-1.19198411
-1.90865927
-0.74709462
-0.03939787
-4.21975600
6.94391174
1.49618645
0.18403473
-0.38490223
0.80375914
-0.97618441
-3.93989214
-0.34739012
1.35309450
-4.65192546
-1.47677584
0.73616171
0.64823721
0.29821382
9.91997264
0.99823739
0.23972155
-3.22426760
-1.25837159
-5.64364033
-0.75382970
13.71603258
-0.64934690
0.32174323
5.18516534
-0.60738753
2.23827217
-0.13677645
-0.38962293
-5.24184608
-1.23369495
-0.10267376
-1.74156647
-1.92302956
14.85061782
-0.29907970
4.56354453
1.53823804
-0.54133322
1.43969737
0.16173259
0.37581611
3.26725423
-0.45094849
-3.40785741
4.93061038
-2.87888804
-26.05446188
-3.38884626
-0.16009793
-0.42455800
1.63928398
-3.25343379
2.27167101
0.63725334
0.50991604
-7.24368362
6.56462004
0.25585336
1.38481215
-0.27125636
-1.67809110
-171.78869827
-4.20412281
-2.19982469
0.48181191
1.68444789
0.75870728
15.05473735
0.26093469
4.77704753
-1.41105101
-2.25358293
-2.55442392
2.49974182
-0.64517865
1.19447269
-100.98486559
-1.36967922
1.40261470
0.16266272
2.86386884
-92.05572320
3.91830652
1.01772951
-1.75868681
-0.90301189
-0.03050940
-0.45100462
21.30563364
1.21285582
-23.03842539
1.43448844
-14.29359890
-0.09015417
-1.04573169
0.96971161
-0.35345311
-0.26803950
-0.06281316
1.27471830
-0.30976196
1.60662460
-0.42909103
-0.45678451
-458.11406987
-0.56871951
-0.41782916
-1.41900569
-0.31998862
-0.49006293
-16.26570137
0.97400574
-0.26308468
-3.97543668
-0.35090381
-1.67648543
-15.00954439
-0.70348167
1.10659774
-12.48166902
-0.02564765
0.11441185
0.57820771
1.30916895
1.43922582
5.44740638
-0.57257796
-0.55602118
37.83177842
1.43906222
-2.26003891
0.18684119
1.23091515
-0.38881171
-1.37509765
-0.06256440
2.37047029
-19.78081793
0.23443918
0.17184396
-0.93954412
0.60068205
8.44398651
1.07250889
-8.87276987
-0.31320052
1.58337481
0.33761576
-0.04313843
-0.98010397
-1.94259449
-0.39716215
-1.52876255
-1.82409565
-1.71905358
-0.84940912
-7.46617076
0.39262431
0.27039726
1.42071201
1.53260819
3.90333247
-0.41192116
-2.05472414
-1.02635912
3.55399747
2.92972291
-8.54237978
0.11368695
6.26990427
-0.27956016
-0.08990297
1.83022463
0.23464526
-0.87992347
181.75536987
-1.12217609
-0.58641559
-0.52749603
-0.27198040
-0.80302760
-0.01134696
-1.84285694
0.60040190
3.05487845
-7.01517092
24.29336654
-0.20715935
0.35844952
0.95078049
-1.65008413
0.63836385
0.83977413
0.42405086
5.54758110
-0.37300208
-13.61941661
-0.61616053
1.15116370
0.48347776
-0.38321881
-3.11386559
-0.79983423
0.12908264
0.05408589
-0.75096022
3.14109176
4.74999022
-0.51613308
1.05408120
0.12273726
0.62321586
-3.39588247
0.70391463
-0.96473009
0.32853501
0.00292215
-0.99219827
-0.16203576
0.52239097
-5.96413582
0.45509303
-0.35117953
11.33517741
-0.94690725
-1.02040316
-0.23867935
1.13617733
0.47837691
1.52989450
1.86712169
2.70280923
5.13293543
-0.99315472
-0.01159016
-4.09054127
-0.15762019
-2.45689411
2.35663285
-13.25228661
0.53473342
-0.89423681
0.70883196
0.44717051
1.96669586
-2.75572056
0.39641953
0.12043234
-1.93439634
-3.80582885
-39.44337964
-0.11893876
22.67392398
-3.61605617
-0.92652581
1.18846938
-8.84846942
-0.28317863
0.33756518
1.33424406
3.59482912
2.87849647
-1.00538389
-1.27412975
2.73681204
-0.79210668
2.96391556
5.83240334
1.33720189
1.11661994
-7.02902196
3.30013769
0.95547350
0.23579025
5.13284772
0.48639337
2.28994103
1.65624364
9.98115263
1.70356238
0.02935105
9.47842507
-0.22804349
1.40261032
-16.03798379
-2.47949390
0.15063211
-2.99676638
-2.03788026
-1.80781470
4.08576017
-1.56820950
0.89068818
0.87007558
1.31281909
-1.21638825
0.98074043
0.06835473
-0.68332819
1.67593925
-0.59076158
-0.35060364
-3.24228049
-10.21629699
-2.00374855
-0.92805314
-3.30729385
0.67790190
-5.51539445
0.76428878
-0.36795746
-4.34596103
-2.80110084
0.02031115
0.17863215
-0.16871937
-3.46428789
39.70894247
2.36217918
-0.48483684
0.67163748
0.13188088
-0.12719555
-0.05723532
2.78861162
-13.02923019
-2.99117197
5.27209497
-3.76130697
1.01276049
0.85290698
-1.73214185
7.61692283
-0.73152964
3.54189800
-0.29823623
-1.25885891
-0.95049493
-1.60457845
-1.04382241
-0.57817433
-0.15202339
1.85782358
0.14211593
-1.52358854
0.86774241
-10.95558380
0.69394093
1.91135532
5.48662936
1.11498504
2.33678795
0.38906043
-0.21420658
-7.99589079
-3.56596857
0.73177858
-2.12408555
0.39597201
0.31909309
-0.60192739
0.14544278
-0.08709689
0.75709221
1.40960065
0.38801208
0.99051189
5.30718142
-5.25996545
-0.07180961
-1.82485142
0.26815133
-0.64037400
6.41127786
-0.76756391
0.84664603
-1.16052577
0.96090018
3.70502449
6.56712445
0.99092815
0.54647462
-2.91987749
-1.06263837
3.31870146
-1.90386494
-0.48342575
4.04441959
-1.06015251
-0.00726260
0.88008806
-2.94613913
-1.54096720
0.63963296
1.31407911
-0.37884639
1.45191527
-0.74424169
0.30989223
-0.10081222
-0.00066458
0.12119279
-6.66538683
0.22039608
1.97078329
4.27041890
21.87007084
-0.42889266
-0.11469452
-1.72296413
-0.42744235
1.99396387
-1.85971231
-0.64257039
-1.23897411
-0.41981469
1.51330177
0.46043858
-0.03008449
0.34083893
-0.72487756
-0.87531897
1.74376896
-0.37833776
-7.19377121
-0.70881931
0.00971658
0.36955162
1.90158045
-0.25286218
1.46240435
0.86975419
2.06648291
-23.19846752
-0.65311348
-1.85865266
-2.03425989
-79.97914228
-0.89537395
-0.18412524
3.70130654
22.39864387
-0.22097688
0.32617401
-0.25625366
0.29087650
0.66797868
10.25908469
-0.20498836
3.27893712
2.17421984
0.34637405
-1.10889956
-0.26806856
-1.91179243
0.56475950
2.05394881
-0.63761436
3.86234443
0.09556058
1.96935063
0.24502989
-0.41773509
1.87463383
-0.24160306
-0.93609280
-2.14074398
-0.89154839
-0.58958406
4.20839703
10.36419063
-1.14635895
-0.48463874
-1.44129917
-8.78102719
4.90257763
1.23616227
0.13001468
-0.95051862
3.64380314
1.92551617
-0.56772908
-0.09997290
19.86551106
0.83564369
-0.64276518
0.07818708
7.81055462
0.87971077
8.20544701
2.44585881
-0.32883665
-0.28275526
2.21530696
0.67151289
-1.61941693
-0.53617046
0.14947217
5.64026633
-1.15011581
1.92766269
-1.40298925
-0.04878210
-0.46050390
0.21861971
0.29200070
0.63330160
-1.00944499
11.22422226
0.50069627
4.33419712
5.30823020
6.50671413
-1.21866558
22.72434725
-0.01298319
9.93698408
12.47245894
-2.51750866
0.80568618
-1.67319624
-0.99766047
-0.30755773
1.74591143
-0.18103150
2.47248109
-0.21837395
-0.30583041
7.77947663
1.56255465
-0.43423561
2.44742874
-0.24604260
0.29140236
1.51641426
-3.24732813
-5.47148624
-0.43486668
2.72773097
0.87931722
0.72496929
0.64447833
-19.06859983
-0.96590403
3.58787190
0.19352649
-0.65053069
-0.96582495
-4.91160697
1.38191631
-0.81811595
-3.78238568
-0.75829121
0.35952669
0.48694252
-2.19351252
-0.03006720
-4.01139586
-2.90949294
-1.13558852
2.47020413
-1.82807806
0.63618977
-7.88156497
-2.51188018
-0.06340984
69.43587758
1.12265836
-1.48694013
-2.58608260
0.84696372
753.75682976
-0.88970489
23.08349213
-0.46480699
0.89399884
-0.08561729
9.60290687
0.10339648
-0.03179528
-0.07701220
-7.52444368
0.62104152
0.62688570
-0.45090500
1.06132678
0.05279899
0.23757064
3.30344709
1.90652909
1.52872113
-0.17086126
2.58302101
-0.19216488
1.52665858
-1.16539234
1.13490705
0.70556040
0.58531044
0.25383465
-4.82650624
0.14477360
-1.73963376
12.98845914
-5.16808427
-1.17398901
-2.07833669
-0.25783354
0.54611122
0.52198280
2.45018687
0.12737649
-0.04094850
0.82991372
-0.98500385
0.01644058
-0.02109607
-0.52308569
-0.62764004
3.65171391
0.31939318
0.46777327
5.56648076
-3.24483789
-0.16452043
-3.19506432
0.65420962
-13.26475959
0.90047306
-1.88462026
-22.50289922
1.43433483
-1.95887075
-0.51322605
-1.83842795
-4.94442431
1.36773334
0.44825375
-0.05985968
-2.64465415
-6.18534914
-2.33453057
-1.96347190
0.65752952
-0.23986038
49.29936869
1.38115833
1.76692284
-1.73749597
-1.62873743
-3.62933810
0.38234137
0.92146279
1.33291618
-0.08235530
-0.43338544
1.11962341
1.94561214
-1.64398459
-0.14722285
0.20964031
0.27315995
1.68586613
-0.11750405
-1.70598728
0.67309950
0.26611354
10.40874989
-3.13361145
0.24990316
-20.11663491
0.12962639
1.17689449
0.23377182
0.30591198
-1.62900757
-0.53514497
-0.52245327
-1.22609637
1.15953862
-1.11892595
0.92322888
-0.02850248
-1.42732504
1.63979382
2.27442204
-1.73095807
0.73892227
-0.37197495
-0.60270174
0.07658630
-1.00547244
1.81306198
2.98682088
-0.59692427
1.64611770
-0.14837327
-3.61559926
-0.63155067
-0.15925150
13.15722224
1.29819984
-1.66709987
-2.33254133
0.16410793
0.99023714
-1.54436798
1.77008067
15.11704242
-0.14093716
0.39513414
-0.40114675
0.75177542
-0.06760242
-0.13645089
4.84110782
-0.41693411
-0.01014337
1.36770612
-0.30625148
2.54089137
0.08898825
0.40112985
-4.30900724
-1.98997054
4.37217729
0.36772870
-0.32268096
0.72316915
0.30229719
-0.51222895
1.81685558
-34.53408507
0.24705434
0.88735716
-1.04973923
7.21856066
0.25752965
0.01692531
-5.26646621
-4.38439985
-0.16749136
3.86221634
-1.61346478
-0.92074777
-2.02276275
3.22908296
-0.85220684
-1.20984648
-1.10314631
-3.38959440
-2.38563637
-0.55722493
-2.07778519
0.94102332
0.60350732
2.20882471
-1.76106112
7.50181759
-0.89899725
2.03292634
3.58207506
-0.91326135
-3.73362321
0.80500533
0.36957770
-2.13836102
-7.43004970
2.22196316
-18.55120378
0.48174978
3.94172174
-0.35206743
5.31290141
-0.04283038
-0.91405989
-0.62443205
9.99655758
-2.48242101
-2.91326803
-1.38447782
-0.32878112
0.56022128
0.16055051
0.42368299
0.20483587
5.84939188
-0.28274592
0.33403419
-5.72628026
0.61065347
-0.19988131
0.04803408
-1.28002866
-1.48531377
2.41286049
0.23331127
-3.25291887
0.03241163
3.82158844
-0.13077799
-0.41055800
-0.66504224
0.59074342
3.67972981
0.65447507
0.34015211
0.09683405
-1.56341855
3.99073634
17.59408131
0.17462495
-4.86786897
-1424.59883065
0.03004852
-0.86757289
1.38075029
-0.12974282
1.59665783
0.51633163
8.35880779
-0.13289220
1.59302250
3.30580116
-93.44145262
-0.07224960
0.30665050
15.01784636
-0.58206233
-0.54913098
-0.20148385
-1.23691388
0.44092392
-0.55068155
0.16803859
-0.18494878
-2.76119930
0.11298136
2.82427955
-0.43777662
9.73034272
0.55726817
-0.12467756
1.76080310
0.96748763
-0.66883062
-1.30614090
-23.23038098
0.80184137
0.99566073
2.11981826
-0.51133993
-1.46514630
-3.64724598
-0.98863205
-0.41617947
-0.57638982
0.80961842
-4.17374518
2.56244637
22.09813770
-1.06710193
-1.39097539
0.68770103
-0.54083467
1.70877633
0.59072998
-0.55476291
1.41301294
-0.55692293
-0.21199421
-2.87621774
8.69021017
-0.53667166
0.24730745
-2.33705889
-0.09844901
0.92676116
-1.14438079
0.09949418
-0.44244873
-0.03540003
-1.65714251
8.93987332
1.28757414
2.56420383
-0.86373656
-0.30771586
1.13128904
0.05360841
-0.78174656
-1.80047624
-1.97323664
0.09039409
46.77593121
5.02000604
1.02998226
-0.61928696
-1.99519477
0.86903404
-0.68269827
-8.12112307
0.67037755
0.65567274
-1.78654034
-0.31125334
-2.01421417
-0.94611795
-1.94027740
1.13032548
0.49203101
-0.12902281
2.06931376
-0.71658942
13.91784408
-2.85257370
2.44700552
-6.06180636
4.02543856
1.22086104
-0.74189445
-2.29541568
-1.26361294
1.03559731
-29.01252363
0.10221170
1.14733028
-1.07855479
-5.05501992
-2.01743495
-0.30635879
-0.48262138
-6.69128397
0.66635335
2.13244759
1.08662365
4.89643118
-0.50287535
-1.11986267
-4.11588512
-1.27458803
1.14692429
1.09027679
1.03922307
0.20555081
0.12578891
0.47053606
0.89932742
2.33517049
-0.30078807
0.00197021
-108.69371705
-0.12364751
7.33534524
-1.83802425
-0.27671569
1016.55959163
0.37074858
1.24466222
2.32005093
-0.98909766
-2.26674944
0.63176016
0.01389132
-2.26764266
-0.67045695
-13.65398285
0.04930943
-1.46736685
0.76258762
-6.19284603
-0.09475614
3.68419069
2.43213601
11.67335656
10.50802980
1.81406882
2.77907752
-1.76526247
4.10427938
-5.09732578
10.36041652
-9.64760485
-0.40155067
-1.47621956
-0.89661390
-2.13601064
-0.86180131
1.90429371
1.56698990
0.22731459
-0.32472049
-0.46937675
0.93487471
6.97427398
0.67115417
0.43172381
0.22563691
0.53368633
-0.85506643
-2.36909583
-0.93281069
-0.15487661
3.23517559
-0.47348614
0.66248159
0.14958636
-1.64467826
0.74064943
-2.87534523
24.31560015
-0.93547372
-0.03030284
-1.93807598
-12.08947250
0.07886761
0.38511332
2.26418802
-0.08395589
-17.81840218
0.13495019
-0.28019114
-2.35153906
-3.57193527
-0.72663658
1.80489020
0.36401779
-1.88097707
43.71200226
12.63207955
-0.91292743
2.06364904
1.53446448
-0.01219045
0.71294607
1.65281055
1.77652891
11.80458584
0.23345815
1.49952721
-0.67003516
-1.09765223
1.27802031
0.02047164
0.11519634
0.09994576
8.82953109
0.10071816
-0.45496573
1.71651236
-0.41234403
2.76538717
89.94613706
5.53860664
0.32866564
1.85357592
0.57980266
1.17720007
1.02938809
-0.20270763
-0.26298394
0.81533690
-1.21768847
4.03968002
1.31434145
-0.29187569
0.46928292
-1.89117617
-1.38504222
0.35864003
1.37479254
0.17903013
-0.29671391
0.77272234
-2.70945703
4.61035586
3.02428941
-1.14224397
0.26660023
-61.24961001
-0.21237493
-1.11214098
-0.36144226
-0.29736641
-0.63803833
-0.36918942
-1.16543818
-5.77168720
-0.06322311
-0.23426926
-1.24571612
3.25361892
0.57692770
-5.18248477
6.18234561
0.02732462
0.75539581
0.48495534
0.29232628
0.02159142
-23.85755600
-0.77607109
-0.61046724
0.47503664
6.45997020
1.43305027
-0.72144076
-1.69892130
-0.95315822
-2.10401400
-1.49240202
-0.69880094
0.51640335
0.23825224
0.55305997
-0.76562650
-0.88154478
5.51413346
-2.32414681
-0.56416835
0.56888782
-0.98212061
-2.19231164
-2.11382262
-3.45044897
-0.89741615
-11.52108746
-9.17337843
1.19476875
-0.77083409
-0.79075042
0.31912399
22.64666293
-2.99229971
-0.04017251
-0.02883087
-0.44991728
0.05568959
0.04904203
1.82583890
0.93342920
-0.71142462
-2.92038097
1.34011515
-0.17685842
0.06969326
-1.06380258
-4.27204027
1.58922211
0.37827146
-0.55975676
1.39305915
-5.06046733
1.88385498
-298.91810607
0.93098487
-1.09374754
0.12182963
0.42384920
-0.39916695
-0.38824785
-1.41601802
-0.01315984
0.81777202
-0.10682758
2.24332707
0.28290505
1.08408155
-2.22223489
-7.80209438
5.60729651
-1.42633697
2.01419281
10.38609292
-0.38697953
0.10650468
0.22328935
-1.38432970
0.32334482
1.31996461
0.21259234
-1.64049444
0.85066538
0.76302961
-3.63564503
0.74268818
-0.49004138
-0.76000298
0.30649278
1.08184781
-2.11423842
4.61697748
-0.11018795
0.21958786
0.10540484
-44.33886993
0.21629041
-2.06345552
-2.66024664
-0.02042933
0.67246568
4.59106307
1.23906379
-0.87116035
1.18626451
-1.26466999
-0.39924054
-0.11059058
0.58483280
0.41206340
3.94234384
-2.06898470
0.24566703
1.77358341
-0.13197731
0.60917501
-0.34201668
1.32142352
-2.32266480
1.44433058
1.02951758
1.83290561
-0.01597054
-0.40333755
0.19038443
-5.90670164
-0.17796478
-1.62238053
-0.44343491
-1.27493050
1.03205212
-0.87979762
2.17170593
-0.27960165
3.45297773
2.91314638
0.11846210
0.90228351
0.67331056
1.13766490
137.82916401
1.92927979
-0.80694336
3.23047128
8.13018802
-2.37501205
4.85926422
-1.56858581
0.01003781
0.55232589
-1.12967440
-1.37386222
0.50763104
2.46817601
-0.42303345
-1.41726306
-1.59738722
0.60349079
2.14857507
-0.24143685
-0.20063408
-1.03201917
8.56706745
3.11015058
16.53860046
-0.48412872
-3.28994392
-0.01688928
3.71679050
1.08018487
-7.07641209
-4.33030135
3.75221072
0.24049949
0.69743198
0.23823036
31.07119906
9.36790758
2.71691146
0.30062464
6.36701868
-0.76401980
0.61336238
-0.13133136
-0.65154624
-0.12467384
-1.05467351
-0.21629402
-4.21215583
0.21402642
1.35259505
-1.78014793
-26.92922149
0.97365514
2.32357380
-85.45543197
1.60926108
0.00041698
3.39566965
5.48704459
-0.47103893
0.51971287
-0.00789021
-0.32453625
-0.39101071
2.98136389
0.14000583
-0.56755072
-4.63430192
0.96663873
-1.19477584
-0.22720903
3.89785867
1.07628567
-3.88647514
-0.36056323
-1.90203148
-2.36859982
-0.53188316
-1.86405951
0.10093310
-0.90390016
-1.80302953
0.26064267
0.69535834
-0.49828555
10.76466140
15.16258043
0.13190644
-0.78739461
0.73040309
-1.36281833
4.40187038
0.61671313
0.55217317
1.21767178
0.15841303
-0.68024074
4.22313581
5.27827106
0.10865304
0.74739572
1.04844328
14.47142948
0.06595820
0.07162988
8.69162050
0.67008970
0.01602937
0.11636759
-1.38440167
-0.31535918
0.50869705
-0.42178363
1.37876903
1.81456473
3.38038436
-2.90633974
2.11419634
0.57391251
0.77853290
-0.45381650
-3.44068845
0.61943450
-4.33996184
-0.50838159
2.34501960
-2.35382444
-0.12762313
-19.98926603
-0.31352135
0.91407608
-1.72655806
-5.15411612
0.41335932
-1.08668136
0.48229750
-0.04666286
2.88226693
-2.34391450
-1.43729846
0.14067581
-0.94299509
-2.16424148
0.72538237
-1.48741481
8.72991054
-20.67812402
0.44889930
-1.01949330
2.69032198
-1.99055948
-5.03522235
2.29911356
-0.92129338
-0.38988395
-3.64379400
0.00466678
0.56453820
-9.92155965
1.57460178
0.00652190
-13.47979689
0.95123414
-2.13903665
1.79883929
-26.97959050
0.23869309
1.20624304
2.53018687
-1.57116274
-0.08891291
3.77570355
0.72920409
23.49822155
0.64618745
1.29421614
-0.92114911
0.80588461
-6.23385341
-1.01200340
4.31074586
0.01279203
3.13433371
-2.30148838
1.20134692
-1.66753050
0.43325999
1.04341682
-1.41744071
-0.78840126
-1.28899467
-22.62893651
-0.26199423
1.29852556
0.17031501
-1.29848368
-0.66245610
-3.71649226
0.09888481
0.87268000
-1.28312012
1.06952693
-3.29009548
-0.14301873
0.93439694
2.69844307
-0.00523682
22.95478425
2.47440061
-0.80627438
-1.24436733
-1.08325711
4.76553923
-8.37781730
-0.37651028
4.94248859
0.79068825
0.69662686
47.66891995
-0.36313456
1.36030084
12.44277104
-1.28536222
-4.92922236
1.22331406
-1.85160288
0.02739628
-1.05977294
-0.69596182
-17.77108676
0.66853786
-1.62031252
-0.88782005
-3.10049254
-3.12928922
0.67742079
-0.38152315
0.11719394
-0.55041776
0.23521087
2.39835666
1.19076180
6.46009393
-18.50691712
0.28537423
-3.53693212
0.70511223
-0.25327156
-1.71703714
0.63457693
-24.05782651
-1.00072755
0.60024544
-1.20676388
1.50813502
-6.33118025
0.05429492
7.64169605
1.11121255
0.62396559
-2.43696449
-3.53256729
-0.93624988
0.06937735
-0.69768544
2.54884547
10.13341564
-0.94494415
-1.60992051
0.39057530
0.00711714
3.26177947
1.96347724
1.13232043
-3.42243114
-0.25094667
-6.39502204
0.26116693
-1.06844727
3.17262475
1.36178823
-2.86695879
-0.28766435
-5.58138184
-0.47760665
0.35057015
-0.54877173
-1.55895907
0.84406596
-0.89953732
24.54327805
0.33497838
-0.01181240
1.15274769
0.33359675
0.20000898
0.73842381
1.37039111
1.94752339
-0.11483999
-1.37525068
0.79428852
-0.49824053
-0.09993531
-6.58022381
0.81164601
2.33722716
-4.60901293
-0.04428580
1.30712991
7.06393527
0.46820388
2.04063491
-2.92739136
0.14670333
-3.26136092
5.75624203
-0.57100384
-3.86242202
-1.76142595
-0.29838303
1.05480619
-0.36447490
1.33763218
-0.89431782
0.57970502
-0.34954378
0.14332167
-3.30861642
-0.26968744
0.89762854
12.44703882
-0.35276814
0.61977480
8.44082690
-0.57217875
-0.28915623
-0.49826288
3.46100107
-2.89704619
1.83463082
-5.99874956
0.09387098
1.96355693
0.74406681
-0.31640024
2.56360350
111.95020834
-0.37237146
0.00441857
4.11373259
-1.86644920
-0.59152643
-7.38886503
2.16283338
-0.82108210
-0.05324672
0.89529390
-0.96393525
4.31352315
0.56212036
-0.40846614
-5.55162396
-0.46091771
-0.99800577
-0.29228975
1.23007775
0.67290435
1.00504302
1.38792109
-35.95011852
-5.15598077
0.66128563
3.00836843
-4.08038530
0.15201684
-0.12354583
3.59633652
-0.82288810
-1.33303522
-1.69880504
0.10074093
-0.61243886
0.03974765
25.06075477
-0.94356656
-1.99529145
-0.01638063
-0.99892877
-3.88067366
-0.74152451
0.50571526
11.87755670
0.33280981
0.77922204
0.95757788
9.89052001
3.61107966
1.34537714
-0.26897147
0.05536222
5.32934295
-2.21815339
-0.20680074
1.97825797
-0.63524730
-2.07970271
0.43722812
-0.23059765
-0.72190006
-1.02395893
-0.03929827
-0.49147819
1.05546138
2.29770438
-2.99410709
-1.31560317
0.49039683
1.91250072
-2.67813278
-1.78038259
-0.02806606
3.68630618
-2.61588257
-1.73357790
-0.31336015
0.21758948
0.41705733
1.45344191
-2.70734640
1.35808941
0.21409068
1.94049571
-1.64228232
3.23296463
0.61408941
-3.10771809
0.75596967
1.45770008
0.26505974
0.31815052
5.18823405
-2.69896199
0.88576299
0.19047496
1.11957280
-1.52262026
-0.45082599
0.71782975
0.30020291
-0.60195188
-2.24202010
2.33578917
-0.64064181
-0.04742882
0.29826116
0.47859081
-1.31283568
-10.32850173
0.45155525
-3.60265832
0.76021810
-4.01605620
1.76930036
-1.22492549
-2.63803347
-0.04609775
-5.19097879
-0.22478812
3.24248084
0.91518586
0.50459350
4.36449734
1.22081988
1.26158202
3.62035208
0.20591902
1.15134985
-0.62235791
0.06559047
-2.93519775
9.33586868
0.39784904
1.66670323
0.56503577
0.80259393
-2.05877205
0.32001596
0.55539728
-0.27539762
7.90500945
0.43052153
-0.44827872
-3.80969283
6.35051465
2.59504249
0.90260059
-2.49549004
0.53279519
-20.68645844
-1.49212292
-1.98313216
-5.76974351
-1.02089469
-1.44893544
0.53743003
-4.00401909
2.90800884
-0.79288160
0.04772300
1.78718481
5.39504994
1.56788392
2.68082395
0.74473156
2.80694530
0.24035986
1.21618198
-3.60956007
-1.58386635
1.59421191
0.08682439
2.23822381
-0.36406849
-6.29343736
5.02019005
-0.08815432
5.08885989
16.57262573
-2.51827872
-1.00389724
0.03042196
-1.78749775
3.68653685
-2.18220563
27.74608577
-1.51234214
1.37965427
-3.51679514
-0.25430860
-1.23837851
-6.00039267
1.34224060
18.32890210
1.87306201
-0.02507293
0.29449722
0.78738711
1.82653692
-0.34526183
-1.79555829
4.84307234
0.34141076
1.56687054
13.00592119
0.91844140
4.02943693
-0.19348492
-1.33714947
1.15281175
0.01236126
-1.91907699
5.05288294
-1.84874511
0.86490711
2.23388795
1.85340698
0.04011194
3.65193850
0.55620041
0.03023550
0.14021389
-1.42163254
-0.61968148
1.77953221
7.98878340
-421.09637143
4.09148207
-1.63211894
-28.58307754
8.07535702
-1.79037448
-55.33542805
10.02722225
1.11141777
0.18850106
0.59447150
-6.33157787
2.49796341
-0.45693468
-1.77737455
0.03129693
0.91443930
-0.90092396
-0.08613005
-13.89601287
0.16317160
3.26697683
-1.81744521
0.97169846
-0.55171236
2.89984810
0.61773453
-1.48410872
0.34495997
0.77651070
0.00767330
-0.00801375
1.18630883
1.78221379
-0.15181365
1.13303683
0.53921043
30.28038448
1.87426259
-0.00420448
3.43154572
-17.87820837
-1.84198274
0.08643583
-1.26604202
-56.71377228
-0.45365094
-1.00934104
-1.29303823
3.20071862
-0.10961063
1.12715589
-0.43017391
-0.28842020
0.76369456
0.98802355
0.98751342
-0.72761961
8.88659627
-1.44788093
47.26409484
-0.09310453
3.57494617
-1.16240886
2.77391860
-0.04811499
0.92377549
-0.48759389
0.50232457
-0.54914484
-0.10281638
36.76056693
-1.26119690
0.17149533
1.01430466
-3.39944991
5.03115338
0.12294096
8.74454978
-0.74383270
-2.27454513
-6.25346691
7.83016543
0.62858119
1.60359542
-0.70773626
0.81095479
3.77972336
0.47461461
-1.71859614
0.52927468
-0.04471086
3.42228588
1.29583817
-0.45406432
0.65894315
0.28419224
0.95252171
-0.25428890
35.48889098
11.23163232
-0.51598245
-3.78147265
0.15941377
1.86037303
5.87494314
0.14073741
1.25626190
-0.04239103
-0.55189662
-0.25506004
-4.69652105
0.34715947
0.06736888
-3.88193070
-3.31949306
-0.04964287
1.47891629
2.00180283
1.12194472
0.42002256
1.06482502
2.35647287
3.11195522
-0.81424227
0.02593105
0.55983835
-0.19761279
1.77372711
0.05810739
1.54701503
8.61814723
0.97516432
-0.50722816
-2.58905887
0.18665377
-10.07738863
1.19539331
8.60999482
0.55095652
-0.09547532
-0.38228433
-1.22612096
-0.91219814
-0.00701248
-0.37362382
2.84338467
52.33540202
0.15534205
0.67541863
-3.52875643
9.50039065
4.11971720
0.63299243
-47.91486011
9.25364226
3.20021638
-4.64564460
-3.78199392
0.69965165
-1.40679948
-0.18600413
0.25466512
-0.48813709
-1.89203362
-0.32706750
1.85353684
-1.63354285
9.93005077
-3.07830290
0.27678959
0.31576120
0.08471438
-3.07266951
-0.14644655
0.40151042
-4.11025855
-0.16152774
0.36174947
-1.25634042
-1.14301866
-0.93325225
2.18576626
1.38291459
0.47843576
0.37227785
11.45311539
10.55162970
-3.68403110
-0.69985434
2.47356248
1.94325108
1.70474192
0.53860557
0.49000228
-1.21572130
1.73666061
-17.05941490
-0.50740076
-1.06241634
0.59599000
2.06564169
-0.14606696
3.29876125
-3.07192768
0.16005720
-1.60045167
-5.35900058
1.01306488
-0.36287921
-22.54297511
0.40833052
1.13722810
1.35076154
0.99642300
-2.70308035
1.46376665
1.38519762
5.52560480
3.25415351
-0.86409935
1.23194867
-17.68980593
-0.78791391
1.72114439
0.82869392
-0.62967263
0.69226992
0.43624228
1.40775784
-3.40941860
-1.41938248
-0.87965796
-1.75170324
0.59592395
5.45952178
0.74106202
0.23588069
0.21922228
-2.93635789
-16.72156755
4.18743428
-0.31711193
-4.74618088
-0.35084394
0.93272531
19.87243654
-0.73852362
3.79879188
1.78823716
6.73503294
-0.86105185
-4.35612172
-0.06870932
-0.26457785
-6.70867895
-0.54414938
0.44706000
-4.36422656
0.23593273
14.96381132
-0.49363104
-2.90469175
-0.04884304
-2.65265872
-0.20516794
0.61077374
-1.78628645
-1.63277684
1.36299651
1.51250078
-1.14285398
-0.70094470
3.28577039
-0.91613313
0.52559707
1.18033219
12.70702782
43.65847521
-1.71651578
-2.24336842
-0.03644226
-0.85000543
2991.83453298
-0.02164913
0.62092059
0.11014896
1.36445492
-1.06976010
0.55088285
-2.25000134
0.05332464
0.23369235
-1.25602991
5.01874840
1.28784993
-0.35018305
1.85802362
1.42417725
-0.08123235
-124.33326633
-3.43981371
1.37403688
-6.00498521
1.43358021
-1.76803880
2.05790325
-1.16459743
-0.47332052
0.52945273
-0.34279921
-0.08135404
-2.13863083
-4.00044328
5.56384836
-0.87938165
7.38784743
-0.50125908
84.99701238
-0.11221248
0.15504021
-24.51296666
0.57563009
14.10912868
1.56100741
-1.67522293
2.98362583
0.89010167
0.48780565
-0.18604910
-0.30971957
0.52061514
-1.68832847
-0.20212945
-0.03229548
2.58235595
3.05337130
0.41446904
-2.81970854
6.14384112
-0.10961025
-0.65676835
-2.40207790
-2.26899521
-0.22636375
0.71532333
0.01222026
-0.02068261
-3.10811474
-0.67453061
0.23428389
0.62377783
0.10391259
0.47311996
-3.07582493
-0.16463023
1.62866796
-0.02340894
1.60288411
-0.75051435
-0.96963511
1.02963400
-1.02574218
0.05895400
1.86698364
-2.31956200
-1.03722044
5.21514655
1.06247956
-0.50525828
-0.16104408
0.68093396
-1.67181725
1.68817993
5.15396469
0.28049905
1.70921611
1.69219526
0.52663072
1.87868352
-4.87385289
0.02711923
-0.44973337
2.10091068
3.16556752
2.26293592
-0.71010698
1.01689778
-9.21972050
4.77198148
1.28616506
0.57580181
63.08801120
0.75943507
-0.56806181
-0.16839915
1.81900808
3.07240010
-4.34653271
-1.12626856
-5.59672040
-1.03972845
-1.53679124
2.51523613
4.34960710
-0.13953046
-0.39502810
118.99163370
3.31147167
1.16787950
1.32273132
-1.15473342
-1.05843967
0.15577609
-4.12237625
0.20178920
-0.69578852
-1.21588614
0.27273005
0.29563286
-0.69200062
-5.64303034
-3.04950267
0.45758999
0.21297692
0.22371637
0.65454523
1.61418555
0.15318793
3.15871591
0.48335761
0.30057816
-0.22341159
2.47695186
2.06670813
-2.36566085
0.42516368
0.19512882
1.33439122
-0.40231936
0.22281475
-0.60340982
-0.34468277
0.89073837
0.17344425
1.88624267
3.14982221
-3.12621635
0.02097643
-1.45506822
-0.52826561
0.21685455
1.76113036
1.72526692
-0.56830650
0.29807109
0.45802351
-0.34699210
-0.18860286
0.18347553
-0.13118417
-2.36549550
0.41884300
-0.51679578
0.24796871
0.21383712
-0.21782656
-3.12661900
0.79574718
1.33768263
-1.94850899
0.08746755
1.08234008
0.23423908
0.76339320
1.05493456
1.17103849
1.94869334
-1.64462239
-0.06178757
0.83852831
-3.18934432
-1.92461383
-3.08336905
-4.28432735
0.83976135
1.09500523
0.91300101
-2.17700202
-0.21325317
41.23340736
-1.20370012
-2.10272253
-0.97272389
0.41554435
-2.99332961
-6.14591540
-0.29813777
-0.77334096
3.50040116
3.54008010
0.80846878
0.07146375
1.24993698
1.29846455
-8.51642330
-0.08981643
-1.40012920
1.10125262
1.66340418
2.20952875
0.16311054
-2.35678345
-5.94655117
-1.32971126
-0.28534992
0.43979298
1.16035440
1.62548675
1.20873605
-2.51828637
-4.94694966
-3.02232394
-0.17289757
-2.93693387
0.58452295
-1.83492673
0.13166111
1.09797901
0.79572154
0.17224942
0.46886809
0.38464539
0.14897879
2.47028728
-0.90177486
-6.76631865
0.21552197
-0.26630752
-0.04862887
3.48497253
-2.25676127
-3.72982653
0.57471956
0.60719183
9.38654469
1.51501837
-0.04045712
0.25105801
-1.48592182
-7.14155684
-1.54458075
1.49149386
-1.56069952
0.48786290
3.21675468
1.85755133
1.49651036
1.46963362
0.57978143
3.16555881
18.68550806
-0.31710595
-1.79462325
-0.99208800
0.09052824
0.60240878
0.90529251
0.02904070
0.62711238
0.04602783
-1.80729268
0.74193974
-0.22240254
0.95368221
-0.81681475
2.80109274
0.94116991
-0.30121050
0.01714012
-35.91626381
-1.17996694
0.49313372
2.48205201
0.80329503
-0.26882503
-0.17857709
1.41513588
3.66219171
1.09031604
0.45860329
-0.40665807
0.14920315
-108.17843988
1.05921346
0.03641626
-1.73570099
-0.94199587
-1.14535801
-4.55090599
-0.48177370
-1.59379309
-0.62237181
-0.66368549
-1.56202550
0.01816005
2.62689295
0.17902674
-2.12891063
-6.32703971
-8.30482274
-0.29499693
-0.17456109
2.64552447
2.72247217
0.50871732
1.83454168
2.46627473
-1.06589818
2.09161772
-1.61938081
1.32501281
0.25396626
-7.43057484
2.00476871
-0.51515276
-0.38301250
-1.57379678
-0.55670782
-0.49463202
-1.31667421
1.62002333
-0.51420185
4.48808922
-2.10974052
-6.17902304
0.12607277
0.27394062
-4.90842897
0.60317961
-0.02950365
-0.63652918
-0.20498326
1.09858354
-0.05282156
1.57987855
-0.27364854
0.60407198
-12.17972451
-0.03182195
1.58567415
-0.54032342
-0.54092085
-0.53459236
-0.96839264
-0.04039241
0.68762829
-0.63119246
-0.18898521
-4.18843243
-0.77283854
-1.53085461
-0.57446353
-0.07458245
1.55358660
0.81129686
1.37328526
0.49842157
-2.66660098
-0.66853118
1.24118414
-0.89070247
-0.15440339
-0.76449215
2.69840486
2.85708970
-3.44775450
-1.23919365
-1.26522145
0.63884082
-1.71102534
-16.37218450
1.52230933
-2.25657020
0.00695807
-1.19357764
-0.18355117
-0.24108152
1.60943317
-2.18816123
-9.05689460
0.76150506
6.24874081
0.37196798
-0.28181662
1.34881564
0.40920501
0.84632333
1.38187886
15.89885101
-2.12370587
5.70029948
2.19347750
2.75173548
1.39588617
4.08588206
2.55116116
2.35194494
1.29153508
-3.57359288
0.88796349
3.18020631
1.23902034
1.16564586
-0.62141659
-2.42495133
46.98624254
-0.94601469
-0.68940659
-0.40508997
-225.46556519
0.04882407
2.21708488
0.23601976
-0.19867903
-2.02311966
41.67806590
0.31883467
-0.30505075
1.12731669
1.52669537
0.52428536
3.59034882
0.31877414
0.01047651
-3.17245655
1.32557338
-1.33241359
-0.70163309
-4.84333518
-0.32418186
0.30199461
0.86633009
1.77313723
-0.61256575
-0.48033172
1.29489370
-0.90035486
0.57630905
0.17494128
-2.29585577
1.51761426
2.41782350
-2.47327176
2.34828662
-1.46643570
-9.28938858
2.93207883
-1.29878778
-3.38523479
0.79699720
-0.19468570
-2.52338747
-5.04148729
-0.78794343
0.55372241
-0.01620891
-1.99952296
0.32279364
0.62611477
1.66128206
-0.72871594
-0.46578152
3.37648954
2.00609577
7.22156853
1.45544035
-2.27917878
0.82628200
-0.46844050
3.30354537
6.42538416
13.23357900
1.33825422
-1.58477375
0.27739455
-1.66781737
0.94086590
-4.21729287
10.69773851
-0.01700530
-0.94350579
-4.12355431
0.22409049
-0.14690478
1.98257377
0.03270317
11.33418815
1.04428143
1.33835643
-7.25723723
1.28326747
-1.34833040
-0.66662623
-0.59965549
9.96750465
8.17481896
1.75642990
-0.27357959
-2.69638534
10.45405123
-0.74577854
0.85066185
24.05510667
5.21298678
0.49098735
-1.26413141
0.63352004
1.42371686
-0.32245944
0.03116992
1.23605352
0.30388827
-1.34656049
0.33702311
0.68198300
-0.70372285
-0.50159452
5.38720999
0.20979777
0.71477499
1.06676391
0.68010937
0.34265639
0.18209854
-20.19602336
13.55832921
0.75545394
-1.73694544
-0.02691351
1.19295164
-2.90028561
-8.34408251
1.70628498
0.59593993
-0.06051393
-1.69006241
4.43098092
-2.11070440
-0.40564350
4.03013302
-0.19540067
4.30756449
0.31898981
-2.18190568
5.07482340
1.67653259
0.33172719
0.43581390
-1.03159190
0.49324343
-4.12550646
1.07985668
-2.02916467
0.83233581
-0.16324850
-1.46800673
2.21074353
-0.51893386
-0.18507888
0.18025253
-11.94258801
0.72264936
0.18651441
1.34324796
-0.39596390
0.86009061
-0.47211784
0.58953277
-2.86593462
2.88935107
0.09874654
-1.25720152
0.39791915
63.19695917
-0.85046391
-2.90150382
-0.28853457
1.16585393
1.63024610
-0.32579236
-0.73048153
0.15497529
-2.31459623
-0.76955780
1.04828218
-0.33660255
-1.49304678
-0.11035327
-0.58983970
-91.39057068
4.08852766
2.40870839
0.92621418
1405.73446470
-3.71127232
-0.14593019
-1.21512968
0.49011593
-1.11811330
-0.26399669
-0.67102281
0.19116929
1.19005072
5.25683138
0.54159327
22.05897489
-12.82516415
-0.74509166
2.27362591
-0.81364852
-77.22516807
-2.81744611
-0.73497076
8.97924811
0.19982409
1.08308845
1.12513501
0.15938311
-5.72393939
0.05977631
0.67831947
-1.12199919
-1.42920598
1.21558050
-0.87911401
0.37100751
-0.53602473
-1.39933414
52.84290702
2.59252882
-6.47430178
1.44857427
0.59986593
0.47198061
-0.97616349
-1.15837312
0.94041469
0.98694122
4.77335833
-3.80770232
-1.33721501
-0.78901892
-2.56972949
-0.72335731
0.09589062
-0.24689489
3.91715763
-4.73142093
-1.14407932
-0.65844941
-1.88318656
0.08739005
-3.04597523
1.98553921
2.51866308
18.00747354
-12.81970306
-0.12043903
1.40431925
2.32914065
2.07090621
-2.75406805
0.26603994
-0.97878071
-0.22960762
-5.36001651
0.44338484
-5.27033225
-0.09866628
-2.49908208
-0.55026406
-1.20442566
0.41874746
-2.04373468
-1.44846062
-1.86688921
-2.01596536
-0.44910683
-0.54806739
0.17788964
-0.82713765
1.54103554
2.43408687
1.09264086
0.32390717
1.13502666
7.56028860
-2.66852680
-0.06081888
1.90435515
3.18524256
-2.72603351
1.09372155
15.48838300
1.52689416
3.84171051
6.69903141
1.36880513
1.91847625
1.37710153
1.47182875
-0.49780191
-1.06583561
-1.59651789
2.80374691
-0.25064026
-1.30622826
-2.56537966
0.27132023
-1.13495637
-0.39200406
0.16021092
-3.32875964
0.04459147
0.95896419
-1.09602719
-2.89649388
-1.58950200
-2.73770986
-43.02168471
0.77920794
2.70897670
0.31951690
1.59014464
2.47462720
2.39684934
13.09613797
-14.91122588
-0.10574086
-0.29219218
6.86725091
1.67568430
0.22855833
0.64227727
-7.09370137
0.94203142
1.28325294
1.93774226
-0.52461673
-0.06445750
0.32270823
-0.49512064
-1.02433670
2.97812392
-1.61361393
-0.98142915
-1.11114949
0.63589277
0.30052742
164.54567064
19.01098576
-0.01436255
-16.25760262
-3.56666687
-1.17927955
-0.32250101
-2.04941307
2.72608625
0.98367311
-0.20089133
2.98638140
-0.33771804
-2.01058725
-0.96356806
1.30108389
36.02727587
-1.27763762
2.44062896
3.14844635
1.93484094
3.10052115
29.26019766
-15.49023795
-3.04227028
3.08570086
1.18059908
5.19649661
-1.73010554
-4.54445086
-1.70129091
-0.61737463
-0.18961032
1.27097745
1.12683111
-0.25615408
-5.31528484
2.06407806
-1.13963729
0.34873369
-18.11663080
0.25806991
3.25637039
-57.43011244
0.18092332
-0.19739591
0.27346917
-0.06725015
-6.03376453
-0.11530639
-0.70516529
1.20906169
2.03346589
-1.03762302
3.19264390
-12.49631409
0.34210869
-1.02910359
0.02687448
-0.93012619
0.48858966
-0.96652123
0.33758374
-1.32334955
2.59994777
-0.34788090
-2.88973246
-1.74381396
0.77343165
0.55428804
13.51594964
3.92231222
0.47526584
0.67452522
0.48714804
1.32285851
-0.44746638
0.39268508
-1.92063633
0.78258405
-4.77747293
-0.40519678
2.39135877
2.25767742
1.30584152
0.77803183
-0.61986335
-0.47567684
6.61699659
8.32272403
10.45437671
1.32032656
8.19938841
-0.18224168
-11.33523467
-4.16652682
-6.41405938
-0.03720015
-3.34042150
2.91457438
0.55029628
-0.13330626
4.37706333
-1.05948996
-1.11746940
-5.19542942
0.04260520
-0.19653994
-0.08223120
-3.53734717
0.08693257
-3.96044151
0.11796966
0.52368145
0.24765519
-0.39945139
-1.21178937
-2.48488006
1.23134330
-1.74704200
1.36417911
-0.19499509
-0.83048517
-2.35455414
-0.09163170
-1.48792601
0.11235657
-3.24099061
1.44928353
1.22904025
-2.37158593
1.11411245
-2.10869198
-0.38331626
-1.26803605
1.66411855
-0.70367273
-4.09040951
0.18226797
-3.54714145
0.22646445
2.06037171
0.04777166
-1.17295230
-0.56655887
0.38993115
-0.63786482
0.72069882
-1.79640257
-1.23333663
0.05849635
-0.25093480
-1.01857106
-1.35450289
-0.61729028
6.33022138
0.42327960
0.28870194
0.67086811
1.09058801
14.08527156
-1.81869311
-1.69869179
1.78288683
-0.33480009
-1.68347861
0.95367062
-0.39829867
1.02022309
-3.71748230
-0.06186740
0.20850556
1.69562059
-0.51712879
-1.15489254
-0.83239046
0.48297226
0.11568435
-0.86300696
0.00366112
-4.18447256
21.39536783
2.39672867
-0.43435922
-0.06938409
1.50943215
-3.67865802
-2.76933414
0.23248856
-8.38113626
0.33283929
0.56621664
-9.24261729
1.00620812
1.14733687
6.47771783
1.21194443
4.05402321
-0.98169099
-0.08276324
-0.43395118
0.62743045
-0.56045008
0.31798701
0.33418611
-22.43506148
-1.49156169
-1.08430344
0.27842876
-5.50810374
-1.08011364
0.97403296
-0.37913850
-0.16824062
2.30628625
2.97748985
-1.37234861
1.74518166
-0.30248368
-3.87312270
-0.70768075
0.29696988
-0.36956267
0.31292533
1.76455972
-1.93824994
59.28151273
6.32851629
-2.24838107
-3.30871771
-0.75557430
0.85828713
0.88782009
32.18157384
-9.61092898
1.19663623
0.88177805
4.23963757
-3.25590953
0.52827532
0.54882323
-0.02672796
-1.08425112
97.89251082
4.37048147
0.26480840
0.41535771
0.21742921
-0.48055043
-0.16718063
-0.15170172
5.15237249
1.25327027
0.61889617
2.23161819
6.23736176
17.03422365
11.74748924
0.27854442
1.36960480
-2.57373437
0.10551305
8.34439439
3.20103315
0.83713800
-2.33715655
-17.31959289
-0.22075402
226.39979757
0.22179535
-0.62696405
-0.21724607
0.19611300
5.32400758
-24.67559408
-16.12658668
-0.23823329
-0.53713693
0.32761508
0.13243486
1.36207454
-7.31163044
-3.42090034
-0.05085300
42.84313226
-0.99916721
4.31162986
2.64604657
0.09477684
-2.40873841
2.00055187
-0.20883986
-0.48270893
-3.72348676
-6.47244817
2.12729127
2.50248906
-1.52360253
-1.04431254
-1.93234106
-10.29469060
17.07743409
-0.48992449
2.42456843
-0.63468538
0.36596898
0.32165747
-4.09020405
0.62799591
1.39146860
3.03277394
-0.64226327
1.64529423
-5.10522338
-0.33269788
-0.75394864
-2.27792447
1.53460414
0.45223304
0.96943187
0.78688936
-0.34814608
0.10840956
0.14522195
-0.17801700
1.96248351
-0.32833106
1.94282113
0.41790850
-2.68171932
-0.15566277
10.13088934
-0.73457281
1.51214752
1.37925537
-1.09984084
-0.31735086
-0.67702974
-7.17214090
3.39641699
-3.74027737
2.29672526
-0.10808506
-0.38309950
0.13528847
-0.38009833
0.38571417
6.53226786
-0.85194530
0.30940077
2.37308887
-0.81887398
13.09396127
-9.70060278
0.03122622
-0.32905934
0.18739878
-1.53422482
0.47610821
1.16148506
-0.43901657
0.55825155
-3.01758391
1.28578616
-0.47700633
-1.01369614
-0.23534105
0.88959165
0.52411217
-0.19652483
-0.87220203
-3.39921769
1.74049686
-0.74503444
-0.70842914
-0.22948864
0.55860072
-1.32874302
0.93536914
3.78775386
-0.23798780
-1.65849698
0.38749833
0.06397527
-0.32978031
0.06945470
-0.24861779
-1.39867199
3.02105653
-0.37910642
-0.07305624
-2.29513359
3.35269196
0.10248126
-1.61215723
-0.45293745
0.35222951
0.36706727
0.43136032
-0.55044880
-0.07810576
0.15092261
0.24438849
1.83841967
-3.70339211
-2.43047884
-69.17254270
1.42918826
0.52222642
1.44216899
0.01141293
-1.39404650
-0.42772965
-0.34687747
1.76494333
-0.40824401
-0.00812667
-4.05126190
-2.02126086
1.19825353
-0.94075954
-0.62415789
0.96306537
1.09963441
0.99486677
-8.62571590
-0.12031351
-4.34305373
0.24775133
12.76420329
12.33499003
0.26401214
1.38119678
1.55118612
0.20324740
0.82718030
0.53963316
0.43475564
0.55241626
0.31477862
0.32177888
-1.24296993
-0.72214370
-11.53946835
-0.01281913
0.21860832
-0.14908164
1.23899527
-0.44769389
38.88594295
-0.51489524
-0.02690354
0.31848006
-0.46656768
0.49267706
-2.84614180
0.66867610
1.03499063
-0.13144083
3.82536241
-0.22666207
1.74022513
-1.15104165
0.95725775
1.08905481
-1.12454837
2.84914457
0.77977250
0.56398852
-2.56591907
-64.25309229
0.52574548
-0.80927189
2.50309985
0.70486449
-2.51798705
-2.08049261
-3.71523082
-0.85496242
0.34382342
-0.49136747
0.77317012
2.62772764
-6.89843148
-3.57755582
-0.53998761
-0.19078348
-0.63309081
-0.44678172
0.46213805
-2.06165158
0.61975504
-1.20695571
-3.43213047
-0.11226742
-2.20527614
-0.51967426
0.17596391
-0.02489272
-0.08703079
-1.46344304
0.04810489
-0.18749314
9.50234429
-2.94179624
-7.55208905
0.07681300
1.51084770
-1.25984711
-0.68905412
-0.32260308
1.09005475
-57.80053429
-1.75807331
1.79332885
1.06314848
-0.42410319
-0.46867890
3.90738811
5.26673483
1.47597632
-0.48506641
62.64580445
2.22702399
0.48987480
-3.53760454
-1.07319403
-0.83015721
0.97180758
0.74932279
-6.93963470
-0.86652169
3.48739229
-2.42835175
-1.13691288
0.81455629
-1.48344870
-3.03611595
-0.29999925
-0.68720906
-0.24094692
0.05571656
-0.12641110
-21.74659166
2.15257271
-1.46744980
-3.04308691
2.12788742
-0.87208853
9.85643389
0.17911188
7.06111765
-1.25787250
-0.43966888
1.00982415
17.29703454
-21.63645031
-1.00190480
1.38754706
1.05896217
0.64894529
-0.07102067
-0.42366665
0.39824670
-1.14037716
-5.69532334
-6.34665764
-0.95362359
-0.86421422
-2.66377480
-3.69280792
-16.36068100
74.87207357
-1.44878242
-0.34117061
-0.30418977
-0.37390937
-0.12750632
0.46244636
-0.17703286
-1.05120921
1.41904682
10.22698632
1.79361198
-1.05662943
2.81035079
1.18857229
2.24861452
1.83275204
1.11787884
-2.40671874
-0.44577061
-0.88469540
1.13938646
-4.40696238
-1.17353830
3.10930089
-0.25132744
2.86927145
6.46977122
0.00848691
0.24966514
-0.49377536
-0.25741537
-6.44644767
-2.74014079
-0.10806036
0.37850628
2.63820217
0.00897184
-3.30018955
6.72921617
1.81812900
0.61869244
5.46307589
-0.70594670
-19.67767116
9372.55951878
-0.58444876
-1.68654785
-0.12057050
3.29100842
-0.09386901
2.22831596
-0.12377787
-0.37689475
2.76601732
-0.66382506
-0.02803735
6.11777621
-1.61360939
0.64224267
0.64238050
0.62611537
-4.15878383
-0.36301869
-0.21530645
5.52031602
22.93128193
-0.09104909
-2.08809622
-1.90540334
6.84199107
-1.11852331
-1.04526071
-10.91416092
0.48367787
-1.82668744
-0.49602295
1.00290305
-0.41745858
-2.07055063
0.60533036
4.23173861
5.77606295
6.51447051
0.28188956
3.52003621
-4.11287212
-0.02456201
-0.35240681
0.25531212
1.38042330
-0.18195627
0.53050195
2.31914940
-0.58309632
0.25230498
-0.33816449
-7.97994786
-2.46839714
-0.28900322
-0.63278180
-0.36076181
-5.82504807
-0.17146112
6.62596047
0.09124574
-0.03896901
3.04004276
-0.11192362
-2.60289083
2.26450370
-13.76779119
-0.28461360
-0.15193686
0.03576504
0.28625903
-0.46353241
1.85731891
-3.31784418
-6.79266534
0.56604166
2.47851206
-0.94656572
5.91607010
0.19906176
0.69640301
0.33791834
0.02278131
-10.53923319
5.27644932
-0.64705817
0.03524564
-0.03964934
3.68810006
-2.73347180
-0.03052330
0.75963542
-0.06469640
0.72308047
-0.08376251
-1.84521150
-0.19495746
2.19345431
-10.16511601
-1.53578567
-0.83607105
2.76434282
-0.38668351
-2.32969826
-0.15489668
-0.82040745
10.62921903
-0.05334127
1.73874641
3.30910433
-0.21612460
-56.73674917
-0.15753647
1.30484451
3.91294620
0.17804375
-1.93978462
3.60162013
-0.83971348
-0.62941487
